,Pred,actual,fold_idx
ENSG00000130560_1,2.243089,2.462299,12
ENSG00000141738,0.5900047,0.0,12
ENSG00000141295_1,1.7479312,1.6610645,12
ENSG00000154262_2,0.19265953,0.76523626,12
ENSG00000187624,2.368774,1.2607152,12
ENSG00000196116,2.1433408,2.2239914,12
ENSG00000121057,2.6884143,2.625549,12
ENSG00000236088,2.2532532,2.328614,12
ENSG00000107186_1,0.10040296,0.0,12
ENSG00000266357,0.1672425,0.38806742,12
ENSG00000196739,0.86354005,1.4592869,12
ENSG00000154975_1,0.4788979,1.0729296,12
ENSG00000201920,0.33814922,1.3706056,12
ENSG00000148180,0.8469131,0.0,12
ENSG00000167695_1,2.1716895,1.650958,12
ENSG00000291094,0.49698213,0.0,12
ENSG00000173918,1.1569209,1.5444525,12
ENSG00000008294_1,2.568802,2.8292072,12
ENSG00000204193,0.15648873,0.0,12
ENSG00000030582,2.4677517,3.0865414,12
ENSG00000173908,0.14681143,0.0,12
ENSG00000148357,1.4582548,1.5796121,12
ENSG00000180336,1.1010112,1.232437,12
ENSG00000106780,2.2547152,1.8112733,12
ENSG00000177469,1.299753,1.5799893,12
ENSG00000161921,0.70184827,0.8093711,12
ENSG00000272975_2,0.5795182,0.0,12
ENSG00000266967,2.1338866,2.710417,12
ENSG00000158169_1,2.3699088,2.433765,12
ENSG00000160602,2.0793695,1.7031194,12
ENSG00000108688,0.20672444,1.4100329,12
ENSG00000167914,0.46822825,0.8786941,12
ENSG00000095303,0.4627054,1.2472857,12
ENSG00000169710,2.3429646,3.282441,12
ENSG00000275302,1.5606364,3.9778109,12
ENSG00000181409_1,1.5644281,1.3457462,12
ENSG00000198844_1,0.32658222,0.0,12
ENSG00000086062,2.7527633,2.89095,12
ENSG00000167840_1,1.302635,1.0544598,12
ENSG00000266173,2.8961108,2.446315,12
ENSG00000006740_1,0.25457448,0.0,12
ENSG00000108846,1.5280817,1.2316225,12
ENSG00000119421,1.9213881,2.7845516,12
ENSG00000153944,2.0033908,1.8210547,12
ENSG00000226549,1.0701078,2.1020906,12
ENSG00000186832,1.0425138,1.1153442,12
ENSG00000256525,2.4717853,2.326301,12
ENSG00000213213_1,1.3330002,0.8372095,12
ENSG00000141526_1,1.8055637,1.7142962,12
ENSG00000119139_1,1.445328,1.8447318,12
ENSG00000011454,2.4328835,2.2595747,12
ENSG00000004139,1.8417611,0.0,12
ENSG00000240871,0.63908803,1.4177871,12
ENSG00000091542_1,2.6960835,2.9143696,12
ENSG00000183153,0.4818938,0.0,12
ENSG00000137074,2.565614,2.611259,12
ENSG00000181045_1,2.0762362,1.3212463,12
ENSG00000108773_1,1.5140369,2.6065211,12
ENSG00000119383_1,2.3964963,2.5695226,12
ENSG00000265148_1,2.752934,2.193959,12
ENSG00000136875,2.5166092,0.0,12
ENSG00000273611_1,0.32658136,0.72414476,12
ENSG00000181090_2,1.1658208,1.0204649,12
ENSG00000187997,1.0276995,0.8613791,12
ENSG00000276234,2.4411037,2.6054883,12
ENSG00000029725,2.428139,3.0451117,12
ENSG00000108958,0.35690677,2.2719135,12
ENSG00000108561,2.5861588,3.7122195,12
ENSG00000179859_1,1.8650368,1.8417035,12
ENSG00000161654_1,2.4773817,3.328561,12
ENSG00000108387_2,1.6279137,1.5341277,12
ENSG00000108602,0.6024438,1.0680745,12
ENSG00000181634,0.68717694,0.0,12
ENSG00000286322,0.50892997,0.0,12
ENSG00000161533,2.6651964,2.2752514,12
ENSG00000106771,2.1262639,2.271772,12
ENSG00000130558,1.4548244,1.4572762,12
ENSG00000166582,2.254499,2.574899,12
ENSG00000188312,2.6466534,2.5280137,12
ENSG00000148120,2.299762,2.048768,12
ENSG00000271447,1.4666575,1.9548694,12
ENSG00000279602,2.5549474,2.332099,12
ENSG00000221882,1.3316293,0.0,12
ENSG00000125414,0.17202362,0.0,12
ENSG00000267042,2.6533096,1.731629,12
ENSG00000108468,2.553517,1.5489174,12
ENSG00000148396,2.3605273,1.7143046,12
ENSG00000158122,1.8134798,1.7443243,12
ENSG00000095319,2.4846756,2.6160731,12
ENSG00000096968_1,2.6535742,2.1593688,12
ENSG00000265055,1.5024154,0.84336984,12
ENSG00000147852,1.7017088,1.8925009,12
ENSG00000236024,0.28774133,0.0,12
ENSG00000138835_6,1.3653202,1.2639437,12
ENSG00000136830,1.763303,1.2752422,12
ENSG00000132507,2.4632282,2.286479,12
ENSG00000181396,2.1936815,2.3820133,12
ENSG00000002919_1,2.5021393,1.7589611,12
ENSG00000270547,0.12746084,0.0,12
ENSG00000108669_3,1.0730683,1.740982,12
ENSG00000148120_1,0.3050098,0.0,12
ENSG00000131747,2.3562002,3.4290218,12
ENSG00000161509_1,1.6922992,1.4452305,12
ENSG00000176170_2,1.1542304,1.188591,12
ENSG00000213213,0.42309418,0.0,12
ENSG00000096968,2.7224634,2.3441172,12
ENSG00000177294,1.1147224,1.2512074,12
ENSG00000132522,2.4289985,1.4284588,12
ENSG00000225551,0.20252578,0.0,12
ENSG00000156017_1,2.5869963,2.622587,12
ENSG00000167861,1.5441568,0.0,12
ENSG00000136828,1.9737391,1.8704507,12
ENSG00000183684,2.4487045,3.4185069,12
ENSG00000204054_3,1.1802673,0.6414543,12
ENSG00000092929,2.2999346,0.88058496,12
ENSG00000141052,1.1690898,0.0,12
ENSG00000137101,0.59594464,0.0,12
ENSG00000204873,0.3210763,1.2924798,12
ENSG00000275465,0.20286171,0.0,12
ENSG00000174282_1,2.8116817,1.7519255,12
ENSG00000132507_3,1.8811902,1.9675947,12
ENSG00000189375,0.38188523,0.66981876,12
ENSG00000161649,0.3107018,0.5932971,12
ENSG00000108641_1,2.4448762,1.6788096,12
ENSG00000159842,1.2617593,1.1164417,12
ENSG00000173757,2.3748534,2.2660222,12
ENSG00000290567,0.5903841,0.0,12
ENSG00000109111,2.8788674,3.0053265,12
ENSG00000185158,2.059746,2.1309445,12
ENSG00000170004_1,0.6029475,0.0,12
ENSG00000159842_4,1.0972228,1.121888,12
ENSG00000169696,2.3523498,2.193709,12
ENSG00000127804,2.3476136,2.6935334,12
ENSG00000278053,1.7922256,2.9384818,12
ENSG00000153822_1,0.23962551,0.0,12
ENSG00000107147_1,1.535455,1.5412047,12
ENSG00000125482,1.6495461,0.0,12
ENSG00000169925,0.6149236,0.0,12
ENSG00000181222,2.873681,3.365044,12
ENSG00000109099,1.1950765,0.78670883,12
ENSG00000167113,2.3885841,2.77432,12
ENSG00000121053,0.32581297,0.83301955,12
ENSG00000180626,2.5674522,2.0982664,12
ENSG00000159217,1.0419058,2.5938475,12
ENSG00000008838,1.2336892,0.0,12
ENSG00000199744,0.5391401,1.400469,12
ENSG00000168259_1,2.6868713,3.1326215,12
ENSG00000198467_2,0.37351772,0.0,12
ENSG00000171446,0.32392752,0.4107941,12
ENSG00000176248,2.4995537,2.2200844,12
ENSG00000141542,1.5001434,1.5021539,12
ENSG00000141314,1.693532,1.762626,12
ENSG00000004897,2.7117407,2.8092122,12
ENSG00000198336,0.39489797,0.0,12
ENSG00000141556,2.1077244,2.454479,12
ENSG00000230074,1.7700446,0.0,12
ENSG00000166579,0.37616807,0.0,12
ENSG00000280177,0.8272476,1.0204856,12
ENSG00000065559,2.2110226,2.3858762,12
ENSG00000182742,1.8393803,1.9951524,12
ENSG00000175866_3,0.50234264,0.8434197,12
ENSG00000233901_1,0.4176408,0.0,12
ENSG00000087995,2.1581833,2.7964473,12
ENSG00000132510_1,0.43213838,0.0,12
ENSG00000148344,0.847036,1.1848617,12
ENSG00000136897,2.2734158,2.9164777,12
ENSG00000148291,2.2624955,2.2987397,12
ENSG00000167543_3,2.2276123,1.6529132,12
ENSG00000131467,2.557001,2.9268084,12
ENSG00000155875,0.6699972,0.0,12
ENSG00000044459,1.1238966,2.33102,12
ENSG00000167889,1.7043418,1.7268087,12
ENSG00000290919,0.5865754,1.3633751,12
ENSG00000136866,1.1878762,0.0,12
ENSG00000235641_1,0.43069714,1.0455576,12
ENSG00000131471_1,0.27573892,0.0,12
ENSG00000233670,0.4216827,0.0,12
ENSG00000236320,0.2138631,0.0,12
ENSG00000108924_3,0.1923021,0.0,12
ENSG00000176978,1.8165423,2.84564,12
ENSG00000278619,2.37411,2.2311382,12
ENSG00000246640,1.2333281,0.992421,12
ENSG00000108639_1,1.6905229,0.0,12
ENSG00000164985,0.24098459,2.148618,12
ENSG00000108509_1,0.46443638,1.4462264,12
ENSG00000197291,1.5646672,1.1283411,12
ENSG00000181045,1.0610515,0.73737556,12
ENSG00000108604_1,2.6192176,1.8714094,12
ENSG00000165244,2.3513207,2.184802,12
ENSG00000154263,0.2052311,0.0,12
ENSG00000240498_1,0.1931268,0.0,12
ENSG00000240445,2.0079432,1.7312986,12
ENSG00000182271,0.14988242,0.0,12
ENSG00000108733,2.3012898,2.0058281,12
ENSG00000141568,2.412062,2.8773944,12
ENSG00000141579,0.6077241,0.0,12
ENSG00000141349,2.4035356,2.5872507,12
ENSG00000141524,2.227301,2.5391364,12
ENSG00000148110,2.524033,2.5803776,12
ENSG00000187024,1.8682725,1.6715255,12
ENSG00000271086_1,2.6151228,1.7822576,12
ENSG00000177374,2.1818588,2.4573429,12
ENSG00000275385,0.24731573,0.0,12
ENSG00000049283_1,0.5028933,0.60408556,12
ENSG00000286799,1.7599481,1.0094678,12
ENSG00000167083,0.66416514,0.0,12
ENSG00000154957,2.381119,1.9606372,12
ENSG00000183011_1,2.7663202,2.9334316,12
ENSG00000259349,2.2074995,0.0,12
ENSG00000182628,0.27205142,0.0,12
ENSG00000108465,2.5664423,2.3524778,12
ENSG00000154240_2,1.5071608,1.6733896,12
ENSG00000185624_1,2.5837731,3.390384,12
ENSG00000154229,1.8710555,2.4392378,12
ENSG00000197919,0.2021293,0.0,12
ENSG00000006047,1.6359202,1.2273982,12
ENSG00000173065_1,2.2292879,2.506092,12
ENSG00000180071,1.1788917,1.0519239,12
ENSG00000219200,1.9757512,3.5211382,12
ENSG00000136811_3,1.3608613,1.1142772,12
ENSG00000249406,0.9531139,1.8520467,12
ENSG00000261924,0.41362903,0.0,12
ENSG00000132522_1,2.520249,2.4067905,12
ENSG00000136891,2.4214444,2.8245482,12
ENSG00000161395,2.196923,1.9785137,12
ENSG00000091622,1.7840828,1.5949888,12
ENSG00000171916,0.84808624,0.0,12
ENSG00000119328,2.1751728,1.9144225,12
ENSG00000222760,0.25381827,0.0,12
ENSG00000171861,2.3461173,2.5481904,12
ENSG00000108691,0.51268154,0.0,12
ENSG00000181408,1.4791921,1.3682683,12
ENSG00000277363_1,1.7781575,1.556833,12
ENSG00000119318,2.7248642,3.7422183,12
ENSG00000154945,2.4311287,1.8742557,12
ENSG00000165059,1.224151,0.0,12
ENSG00000055483,2.7409632,2.5871046,12
ENSG00000233016,2.402362,2.593792,12
ENSG00000133027_1,0.31438017,0.0,12
ENSG00000198265_1,1.6869105,0.0,12
ENSG00000240498,2.1349242,1.6588506,12
ENSG00000286194,1.0360793,1.2056509,12
ENSG00000205808,1.9809581,1.8070545,12
ENSG00000187922_1,0.8242886,1.6065286,12
ENSG00000184185,1.5942531,1.4597994,12
ENSG00000107185,2.433476,2.3662305,12
ENSG00000161509,1.2409158,1.0417242,12
ENSG00000197417,2.4686391,2.1797757,12
ENSG00000106686_1,0.96977425,0.0,12
ENSG00000005961_1,1.1854179,0.78668046,12
ENSG00000236819,0.665668,0.0,12
ENSG00000106692,2.191694,2.140027,12
ENSG00000244537,0.6681589,1.8052969,12
ENSG00000173812_1,1.4023445,1.3977836,12
ENSG00000153930,0.1748441,0.0,12
ENSG00000235183,0.39183778,1.8408523,12
ENSG00000108389,2.0647748,2.5438955,12
ENSG00000082641,2.8119473,2.5962188,12
ENSG00000160404,2.2657073,2.203824,12
ENSG00000172992,2.6348503,2.8614058,12
ENSG00000160446,2.4129972,2.675541,12
ENSG00000164970,1.5938439,2.0175843,12
ENSG00000235453,2.3740118,2.3509648,12
ENSG00000170412,1.0186708,0.0,12
ENSG00000181513_1,1.8854686,1.695472,12
ENSG00000167723_1,2.0110672,2.5559065,12
ENSG00000169718,1.9700632,0.93018466,12
ENSG00000138835,1.0218885,0.0,12
ENSG00000188895_2,0.2587657,0.0,12
ENSG00000169992_1,0.27491438,0.7374312,12
ENSG00000178607_1,1.6258373,1.4200085,12
ENSG00000148219,2.0060923,0.0,12
ENSG00000067191_1,0.6260203,0.0,12
ENSG00000095370,1.490375,1.4411136,12
ENSG00000233098_1,0.17089477,0.0,12
ENSG00000108953,2.6199467,3.7648485,12
ENSG00000176994,2.5909028,2.4344077,12
ENSG00000148204,0.7447107,1.6114153,12
ENSG00000212719_1,0.6725303,0.0,12
ENSG00000136504,2.7797003,2.873754,12
ENSG00000153930_1,0.17543426,0.0,12
ENSG00000198887,2.4641633,2.5934865,12
ENSG00000091947,2.116376,0.0,12
ENSG00000275832,1.475472,1.3589622,12
ENSG00000156052,1.6959631,2.2364113,12
ENSG00000171448_1,2.3557832,1.8428843,12
ENSG00000184709,1.1821812,1.969318,12
ENSG00000138835_1,0.4512036,0.0,12
ENSG00000267206_1,0.42915773,0.0,12
ENSG00000267123,1.1663082,0.0,12
ENSG00000142494,1.3284872,1.3832946,12
ENSG00000225937,0.17863026,0.74772245,12
ENSG00000167695,2.2053094,2.0190997,12
ENSG00000148143_1,0.344799,0.0,12
ENSG00000179314_1,1.6127573,1.5411922,12
ENSG00000264364,2.3832831,2.733068,12
ENSG00000072210,2.3611865,2.324262,12
ENSG00000035862,0.30978793,0.76522136,12
ENSG00000197879_2,0.55109286,1.0717348,12
ENSG00000108443,2.6784718,2.9369206,12
ENSG00000010438_1,0.24384873,0.8805506,12
ENSG00000154025,0.5495758,0.0,12
ENSG00000160271_1,0.68447375,0.9576552,12
ENSG00000185561,1.1707399,1.228272,12
ENSG00000175906,1.2795099,0.0,12
ENSG00000095209,1.8026354,2.4840221,12
ENSG00000005238_1,0.3667878,0.0,12
ENSG00000288701,2.1980522,2.700855,12
ENSG00000267432_1,0.2923977,0.0,12
ENSG00000030304_1,0.30825016,0.0,12
ENSG00000148187,2.52202,0.0,12
ENSG00000120235,0.287739,0.0,12
ENSG00000277972,2.379879,1.7232914,12
ENSG00000234860,0.14195868,0.0,12
ENSG00000188921,2.037109,2.4388254,12
ENSG00000107281,1.6120561,1.8812705,12
ENSG00000070731_1,1.6001368,1.3988597,12
ENSG00000172159_1,1.4584408,1.2013316,12
ENSG00000181090,2.564613,2.5028229,12
ENSG00000179094,0.6397555,1.2813516,12
ENSG00000182853,0.75724626,0.0,12
ENSG00000183077,2.111089,0.0,12
ENSG00000008294,0.49874812,1.4122252,12
ENSG00000196712,2.0386264,2.5404735,12
ENSG00000273018,1.483909,1.596828,12
ENSG00000006125,2.3619282,2.8548512,12
ENSG00000136931,0.68575084,1.220631,12
ENSG00000167100,1.4994355,0.0,12
ENSG00000167363,1.4380412,1.8431082,12
ENSG00000181222_2,0.56913567,1.321184,12
ENSG00000187210,1.63119,1.3074105,12
ENSG00000225564,0.10899325,0.0,12
ENSG00000055483_1,1.7310855,1.7014644,12
ENSG00000167862,2.289252,2.9727304,12
ENSG00000160271,2.3876278,1.5031476,12
ENSG00000161958,1.1383901,2.1181457,12
ENSG00000128487,1.5733259,1.4349041,12
ENSG00000132517,0.661868,0.0,12
ENSG00000167916,0.6624328,0.89348435,12
ENSG00000188938_1,1.8882822,2.0031054,12
ENSG00000215644,1.3611274,1.323953,12
ENSG00000136490_1,2.5908344,3.2411828,12
ENSG00000165275,2.1071384,1.6969126,12
ENSG00000107187,1.5500405,1.7098718,12
ENSG00000070061,2.277351,2.5839093,12
ENSG00000171448,1.7422146,0.0,12
ENSG00000136842,2.2005732,2.1968613,12
ENSG00000265458,2.5670173,2.3349843,12
ENSG00000177076,1.9255657,1.6832272,12
ENSG00000130935,2.6652548,3.1360989,12
ENSG00000159069,2.389943,2.4764316,12
ENSG00000108878,0.7242032,0.949829,12
ENSG00000119487_1,2.0793612,1.7877438,12
ENSG00000265688,1.9465101,1.7699456,12
ENSG00000267288,0.44162846,1.0080974,12
ENSG00000266446,2.0402155,1.2356547,12
ENSG00000147862_3,0.8933221,1.2959847,12
ENSG00000173065_2,1.7081803,0.0,12
ENSG00000290810,0.29729918,0.0,12
ENSG00000007216,0.39751804,0.0,12
ENSG00000137033,0.12913004,0.0,12
ENSG00000168610,0.35456857,0.0,12
ENSG00000072310_1,2.1798873,2.761206,12
ENSG00000188612_1,2.6622822,3.8358445,12
ENSG00000007237_3,0.43663594,0.0,12
ENSG00000227355,1.7199324,0.0,12
ENSG00000184060_2,0.3958329,0.0,12
ENSG00000119392,2.1814523,2.6303964,12
ENSG00000108312_2,1.3272136,2.2508223,12
ENSG00000120071_2,2.5361722,1.5079759,12
ENSG00000160539,0.6719767,0.940068,12
ENSG00000237626,0.15797742,0.0,12
ENSG00000108946,2.5640597,2.0482125,12
ENSG00000108849,0.4548193,0.8003734,12
ENSG00000183914,0.8692484,0.8224296,12
ENSG00000188833,0.64717424,0.0,12
ENSG00000263400,1.2639872,1.3080946,12
ENSG00000153933,2.169894,2.142646,12
ENSG00000173818,2.2778046,1.6264635,12
ENSG00000265749,0.2031108,0.0,12
ENSG00000267532_1,0.29864663,0.0,12
ENSG00000135049,2.3651335,2.488999,12
ENSG00000160563,1.5917875,2.1571,12
ENSG00000095303_2,0.48199224,0.0,12
ENSG00000248714,2.318215,1.3879128,12
ENSG00000120071_1,0.5641942,0.0,12
ENSG00000188986,2.3594742,2.31982,12
ENSG00000263412,2.7270281,1.6751364,12
ENSG00000177302,2.5854628,2.464658,12
ENSG00000182575,1.690453,1.4557886,12
ENSG00000169738_1,2.3672824,1.7203412,12
ENSG00000182446_2,2.1749613,2.7927678,12
ENSG00000148225,1.3229511,0.0,12
ENSG00000161960,2.7749007,3.7687838,12
ENSG00000147872_1,0.33896288,0.0,12
ENSG00000125319,2.2237246,2.3572066,12
ENSG00000148303,2.6333797,3.4981313,12
ENSG00000158955,1.5933943,1.4405155,12
ENSG00000119514,1.6802524,1.8251729,12
ENSG00000186765,0.9803821,1.2232103,12
ENSG00000261371_1,0.38762152,1.5328435,12
ENSG00000141371,0.6681229,0.71875906,12
ENSG00000199426,0.28682813,0.8652462,12
ENSG00000108395,2.7259233,1.7752608,12
ENSG00000126562,1.4933288,1.3143518,12
ENSG00000215237,0.9069902,1.8925309,12
ENSG00000128422,0.6277962,0.0,12
ENSG00000073861,1.7080871,2.55398,12
ENSG00000181038,2.7620718,2.3669083,12
ENSG00000184544,0.19463511,0.0,12
ENSG00000106852_1,1.2672703,0.90254676,12
ENSG00000197191,0.5783837,0.0,12
ENSG00000183018,0.51532984,0.66366327,12
ENSG00000197958,2.5475113,4.1704173,12
ENSG00000170835,0.48005706,0.0,12
ENSG00000136895_1,1.731396,1.2316123,12
ENSG00000108439,2.3320384,2.6894393,12
ENSG00000204054_1,0.21219659,0.65739053,12
ENSG00000174038_1,0.2912185,0.96861833,12
ENSG00000108846_1,0.53828067,0.0,12
ENSG00000106804,0.19657627,0.0,12
ENSG00000132386_2,0.60043705,0.6906213,12
ENSG00000230601_1,0.5132638,0.0,12
ENSG00000012048_2,2.090372,2.6788552,12
ENSG00000169727,1.7035207,2.2108533,12
ENSG00000171345,1.2141824,1.3925738,12
ENSG00000108654_3,2.7455206,4.1733613,12
ENSG00000119335,2.5772245,4.0064316,12
ENSG00000171097,2.3537724,1.7871175,12
ENSG00000275329,2.4767652,1.6871006,12
ENSG00000108700,0.3581329,0.0,12
ENSG00000129245,2.7755282,2.228734,12
ENSG00000126581,2.3021145,2.9092286,12
ENSG00000137100,1.6906116,0.0,12
ENSG00000141560,1.8086275,2.2967682,12
ENSG00000135046,0.14018323,0.0,12
ENSG00000220205,2.5553615,2.8212626,12
ENSG00000136937,2.8200989,2.661894,12
ENSG00000178999_1,2.5692847,2.93884,12
ENSG00000167880,0.6881033,1.0606978,12
ENSG00000141068,2.2843955,2.8623402,12
ENSG00000172794,0.91947806,1.1541013,12
ENSG00000070526,0.2449918,0.0,12
ENSG00000196092,2.0353265,1.7347358,12
ENSG00000146872_1,2.3193877,2.4437792,12
ENSG00000154240_1,1.3134863,0.9761665,12
ENSG00000076351,1.8590256,2.0730288,12
ENSG00000159842_2,0.7588029,0.0,12
ENSG00000229109,0.3660145,0.0,12
ENSG00000265148,1.996822,1.230883,12
ENSG00000154258,0.13302246,0.0,12
ENSG00000281491,1.8473079,0.9095988,12
ENSG00000186350,1.9981408,1.6145598,12
ENSG00000177370,2.556572,2.5946434,12
ENSG00000107147_2,1.5590584,1.2880032,12
ENSG00000120094,0.66331625,1.2049065,12
ENSG00000185359,2.4199302,2.3557465,12
ENSG00000165269,0.5609815,0.0,12
ENSG00000180616,1.6469233,2.309945,12
ENSG00000176809,2.8773792,2.4025364,12
ENSG00000141570,2.333708,1.9907871,12
ENSG00000126883,2.5075834,2.7426183,12
ENSG00000156017,2.7256064,2.3527997,12
ENSG00000063015,0.57357,0.9497948,12
ENSG00000275066,2.491409,2.55734,12
ENSG00000165124,1.3330976,1.3476032,12
ENSG00000196363_1,2.4126294,2.9306715,12
ENSG00000137075_2,1.9277344,2.115677,12
ENSG00000136854,1.689891,1.5265719,12
ENSG00000256806,2.0656414,1.28201,12
ENSG00000128487_1,0.6573701,0.0,12
ENSG00000005100,2.238686,2.6180596,12
ENSG00000153714,0.13687968,0.0,12
ENSG00000187609,2.0744793,1.725985,12
ENSG00000130948,0.26466304,0.8330323,12
ENSG00000263766,2.5559025,1.4573216,12
ENSG00000108599,2.5680134,2.5179029,12
ENSG00000230013_1,1.1823293,0.0,12
ENSG00000277161,2.6318467,2.137164,12
ENSG00000261408,2.7083352,2.2986784,12
ENSG00000182534,1.6870174,1.6176188,12
ENSG00000277108,2.4261422,1.7544783,12
ENSG00000234323,0.2977456,0.0,12
ENSG00000108813,1.0714775,1.967164,12
ENSG00000108309,0.9697213,0.936775,12
ENSG00000233901_2,1.0449421,0.9113707,12
ENSG00000189159_1,2.5779164,3.5974538,12
ENSG00000179094_2,2.5695517,2.099539,12
ENSG00000281000,2.72716,3.6678338,12
ENSG00000006042_1,1.6417277,1.0594801,12
ENSG00000108798_1,2.6807468,3.1918113,12
ENSG00000167258,2.429921,2.6951637,12
ENSG00000108946_3,0.16664131,0.0,12
ENSG00000167711,0.4647729,0.0,12
ENSG00000135018,2.7456932,3.0881538,12
ENSG00000126561,2.4240365,2.5214167,12
ENSG00000148331,2.3256364,1.9700538,12
ENSG00000277258_2,1.6030431,2.2544997,12
ENSG00000176170,0.34538445,0.80040085,12
ENSG00000138835_2,0.36429784,0.0,12
ENSG00000141232_1,1.6634479,1.3198345,12
ENSG00000108559,2.8479128,2.8540583,12
ENSG00000171843_2,2.2996895,3.0195773,12
ENSG00000135070,2.4304073,2.568848,12
ENSG00000228317,2.095782,2.286115,12
ENSG00000108821,0.5387939,1.0544828,12
ENSG00000075461,1.7895291,1.6849889,12
ENSG00000087095,2.5180924,2.0770879,12
ENSG00000141552,2.3513832,2.927355,12
ENSG00000182327,0.8216685,1.173565,12
ENSG00000136940,2.3548908,2.5032609,12
ENSG00000161929,2.94228,3.4002461,12
ENSG00000228714,0.23090047,0.0,12
ENSG00000141252,0.33023366,0.0,12
ENSG00000141127_1,2.388284,3.0769062,12
ENSG00000161692,1.7189559,2.301438,12
ENSG00000167524,0.4123354,0.0,12
ENSG00000108469_1,2.3193293,0.0,12
ENSG00000287333,0.40479034,0.68774295,12
ENSG00000131759,0.7330365,0.0,12
ENSG00000177369,0.41554752,0.0,12
ENSG00000099219,2.3883252,2.4215546,12
ENSG00000109016,2.355012,2.2123713,12
ENSG00000167117,0.37108874,0.8824107,12
ENSG00000108774,2.418327,0.0,12
ENSG00000147862_1,0.18824273,0.0,12
ENSG00000165282,2.4392068,2.1510327,12
ENSG00000136487,0.48015258,0.0,12
ENSG00000163597,2.4491584,3.4870138,12
ENSG00000135069,2.2220967,2.715984,12
ENSG00000141376_1,0.11203579,0.0,12
ENSG00000161905,0.6879808,0.55928403,12
ENSG00000171962,1.2059171,0.0,12
ENSG00000136881_1,0.14066763,0.0,12
ENSG00000183048,2.104482,2.030531,12
ENSG00000161664,0.9078585,1.0352296,12
ENSG00000261879,2.4477131,0.0,12
ENSG00000188379,0.6975163,1.0325664,12
ENSG00000230303,0.17407756,0.0,12
ENSG00000164975,2.4626849,2.7778544,12
ENSG00000170425,1.5721755,1.1153775,12
ENSG00000073536,2.0644462,2.3854687,12
ENSG00000108684,1.3793216,1.533734,12
ENSG00000136813,2.4070423,2.2956111,12
ENSG00000205899,1.015387,1.633842,12
ENSG00000167920,2.2225132,1.9075956,12
ENSG00000087157,2.3656375,2.3707387,12
ENSG00000136938_1,0.22454563,0.0,12
ENSG00000184619,1.9722112,1.0136545,12
ENSG00000173068_2,1.2214563,1.7606878,12
ENSG00000198920_1,2.2765944,2.326426,12
ENSG00000132388,2.5586016,3.132061,12
ENSG00000125484,2.4648392,1.9483005,12
ENSG00000228639,0.48369697,0.6728549,12
ENSG00000175061,2.7807896,3.6171556,12
ENSG00000204278_1,1.4672247,1.5444897,12
ENSG00000198785,0.95958686,1.6377498,12
ENSG00000148180_2,0.3203825,0.0,12
ENSG00000263429,0.62693644,0.9465849,12
ENSG00000106733,2.6120317,1.8086498,12
ENSG00000178607,2.6961076,2.3021967,12
ENSG00000109113_1,1.0932302,1.4247347,12
ENSG00000109103,1.9021633,3.1509836,12
ENSG00000141293,2.3232386,2.6811762,12
ENSG00000091542,2.5801253,2.019378,12
ENSG00000153976,1.3394208,1.5980022,12
ENSG00000169071,0.81644,0.0,12
ENSG00000126883_2,0.28942743,0.84534615,12
ENSG00000293460,1.9089159,2.4703062,12
ENSG00000198242,2.723628,4.01598,12
ENSG00000279069,2.4931548,1.7609123,12
ENSG00000132361,2.5113358,3.0646527,12
ENSG00000166579_1,2.5004601,2.3967154,12
ENSG00000108924_2,0.183313,0.6111283,12
ENSG00000136943,1.3150493,0.0,12
ENSG00000184060,1.9674563,1.3232727,12
ENSG00000182446_1,0.3785287,0.0,12
ENSG00000159111,2.0313513,2.7895067,12
ENSG00000108515,0.9012145,1.064443,12
ENSG00000108387_1,0.253784,0.0,12
ENSG00000141756,0.58911765,0.9880236,12
ENSG00000173253,1.1228889,2.661131,12
ENSG00000119383_4,1.8357166,1.9090209,12
ENSG00000209582,0.5262785,0.0,12
ENSG00000187775,0.3622027,0.0,12
ENSG00000182446,1.0977864,0.0,12
ENSG00000137055,2.5632808,2.6752439,12
ENSG00000107317_1,0.52522075,0.0,12
ENSG00000165185,2.4032767,2.2198882,12
ENSG00000106803,2.2156093,3.1824431,12
ENSG00000119125,0.3810128,0.0,12
ENSG00000136463,1.8311217,2.4495678,12
ENSG00000262664,2.50782,2.564646,12
ENSG00000232283,0.13195148,0.0,12
ENSG00000234506,1.043476,0.0,12
ENSG00000196422_1,1.7372183,1.9173532,12
ENSG00000154265,2.4895344,2.0313318,12
ENSG00000125454,2.8086517,2.6476958,12
ENSG00000141503,2.5050156,2.281456,12
ENSG00000108578,2.2330375,2.7637208,12
ENSG00000154920,2.415949,2.0747032,12
ENSG00000136856_1,0.9394443,0.0,12
ENSG00000132471,2.3245666,3.0628564,12
ENSG00000187688,2.3699205,2.7478707,12
ENSG00000197506,0.28381613,1.0986818,12
ENSG00000127083,0.15085867,0.0,12
ENSG00000173611,2.1683939,2.1062896,12
ENSG00000131669,2.3006737,2.4390056,12
ENSG00000130707,1.1965834,1.4306232,12
ENSG00000184640_7,1.9610493,2.8363006,12
ENSG00000164946,0.12493266,0.0,12
ENSG00000180787,2.4007852,1.9695929,12
ENSG00000131095_1,0.8362819,1.4384791,12
ENSG00000154803,2.4189923,2.107783,12
ENSG00000141526,0.5223804,0.0,12
ENSG00000146872,1.0095068,0.0,12
ENSG00000137124,2.1785738,2.7542274,12
ENSG00000254876,1.2153034,2.1206496,12
ENSG00000187531,1.9000182,2.2742386,12
ENSG00000136824_1,2.1982667,2.349664,12
ENSG00000129235,2.319836,3.1821692,12
ENSG00000180340,1.6683369,1.7856857,12
ENSG00000083457_1,0.53550345,0.0,12
ENSG00000165304,2.1745894,2.8560445,12
ENSG00000147889_2,2.159737,1.5188823,12
ENSG00000178852,2.4782891,2.05367,12
ENSG00000148158,2.1596947,1.5799836,12
ENSG00000168792,1.9043492,1.7830957,12
ENSG00000136881,0.09578217,0.0,12
ENSG00000166292,0.23509787,0.0,12
ENSG00000179029,2.267965,2.0393388,12
ENSG00000181090_1,0.33754116,0.0,12
ENSG00000070214,2.1640127,2.546571,12
ENSG00000265542,0.30747646,1.0024685,12
ENSG00000227619,0.2790133,0.0,12
ENSG00000108387_4,0.27790388,0.0,12
ENSG00000165140,1.3866668,1.2938265,12
ENSG00000233175,1.4672496,1.5968609,12
ENSG00000141349_1,2.3030434,2.3374333,12
ENSG00000243678,2.5757673,3.6365602,12
ENSG00000173077,0.2703494,0.0,12
ENSG00000204889,0.21905527,0.0,12
ENSG00000264808,2.5338998,1.8548523,12
ENSG00000005381,1.1634254,1.1913671,12
ENSG00000185829,2.316251,2.2627926,12
ENSG00000122733_1,1.7096248,0.0,12
ENSG00000262768,0.5989878,0.0,12
ENSG00000107331_1,1.9765198,1.6471579,12
ENSG00000248871,1.4430274,0.0,12
ENSG00000169583_1,0.5912144,0.0,12
ENSG00000291074,0.5009713,1.0391364,12
ENSG00000141696,1.770333,2.1542108,12
ENSG00000275143,1.3256453,0.89713204,12
ENSG00000107099_2,1.5070832,0.0,12
ENSG00000182963_1,0.71958745,1.2197678,12
ENSG00000064300,1.5083996,1.7656462,12
ENSG00000106772_2,1.205062,0.0,12
ENSG00000170037,2.6656015,2.0670598,12
ENSG00000167705,1.0548229,0.0,12
ENSG00000223478,2.4152787,2.2025237,12
ENSG00000119487,0.19565314,0.0,12
ENSG00000235296,0.7459072,0.9216865,12
ENSG00000108523_1,2.272485,1.7803173,12
ENSG00000108576,1.5572617,1.0164065,12
ENSG00000006042,1.5943855,1.3976793,12
ENSG00000175866_4,0.5176219,0.0,12
ENSG00000184640_4,2.1367424,2.3201609,12
ENSG00000203993,2.5005064,2.3107357,12
ENSG00000131759_1,2.3730168,2.814121,12
ENSG00000181523,2.1728296,2.2638135,12
ENSG00000062716_1,2.6313415,3.1426241,12
ENSG00000187838,2.182112,2.588918,12
ENSG00000198121_1,1.5856123,1.9614496,12
ENSG00000175832_1,1.4569213,2.2388988,12
ENSG00000083223_1,2.4177287,2.4123178,12
ENSG00000136807,2.4273345,2.1486304,12
ENSG00000228083,0.26534832,0.0,12
ENSG00000129244,0.88620067,1.2684375,12
ENSG00000157303,1.9472697,2.809316,12
ENSG00000291140,2.973846,1.7460891,12
ENSG00000136936,2.5431204,2.5852656,12
ENSG00000108622_1,2.4535432,2.654831,12
ENSG00000070610,2.2346237,1.5646542,12
ENSG00000293515,0.36060834,0.7160284,12
ENSG00000109079,2.458491,2.3190415,12
ENSG00000169155,2.4669533,2.3546212,12
ENSG00000196092_1,1.492478,2.2522023,12
ENSG00000122741,2.2404282,2.3156576,12
ENSG00000198783,2.563203,2.1077864,12
ENSG00000270332,0.5940629,0.0,12
ENSG00000168610_3,2.932791,2.729628,12
ENSG00000179409_1,1.7519516,1.3351569,12
ENSG00000108852_1,0.76679564,0.940073,12
ENSG00000141736_1,1.058364,1.0378247,12
ENSG00000129204,1.1087439,1.3924859,12
ENSG00000148400,2.4250624,2.5666025,12
ENSG00000204054_2,0.81474245,0.0,12
ENSG00000187922,0.6793456,0.0,12
ENSG00000239697,1.2155511,1.9702306,12
ENSG00000159640,1.6794126,1.6455795,12
ENSG00000108312,2.3244245,2.3009648,12
ENSG00000141127,2.032325,0.0,12
ENSG00000121057_1,1.9269848,0.0,12
ENSG00000141376_2,0.29939377,1.0136334,12
ENSG00000120242,0.22414783,0.0,12
ENSG00000229637,0.4208204,0.0,12
ENSG00000141510,0.29003412,0.0,12
ENSG00000275700,2.6339338,2.4164908,12
ENSG00000121073,2.709789,2.6025872,12
ENSG00000106853_2,0.98308694,0.0,12
ENSG00000148296,2.3427873,2.8167362,12
ENSG00000160408_2,1.5178068,0.0,12
ENSG00000136824,2.53304,2.9062057,12
ENSG00000119314_1,2.6889575,3.0888445,12
ENSG00000187242,0.3521373,0.0,12
ENSG00000107099_1,1.9283028,1.1428741,12
ENSG00000119408_2,1.4330819,0.0,12
ENSG00000012048_3,2.2305243,1.7702185,12
ENSG00000065325_1,0.30963162,0.5933636,12
ENSG00000141279_1,2.434389,3.0063806,12
ENSG00000160325,2.174219,1.5596553,12
ENSG00000108604,2.476547,0.0,12
ENSG00000108669_2,1.3187721,1.7183688,12
ENSG00000281769,0.84170854,1.0631682,12
ENSG00000106823,0.12962055,0.0,12
ENSG00000213373,0.29556584,0.0,12
ENSG00000082641_1,2.4366055,2.6558037,12
ENSG00000086065,2.637945,3.1865468,12
ENSG00000290928,2.644589,2.5203342,12
ENSG00000123453,0.45446417,0.7603245,12
ENSG00000007237,0.256369,0.0,12
ENSG00000133028,2.3664763,2.7398088,12
ENSG00000164985_2,2.8511739,3.5806742,12
ENSG00000198467_1,0.7193953,0.0,12
ENSG00000108591,2.2291918,2.3101685,12
ENSG00000141030,2.3544052,2.8813555,12
ENSG00000235601,1.4484308,1.0272273,12
ENSG00000131473_1,1.7992649,1.790081,12
ENSG00000136925,2.7079983,2.320651,12
ENSG00000180549,0.50357294,1.0404204,12
ENSG00000187713,2.3869853,2.2182202,12
ENSG00000107164,2.4799936,2.7183938,12
ENSG00000122733,0.344275,0.9130452,12
ENSG00000293669,2.552857,2.530288,12
ENSG00000120068_1,0.4996488,0.0,12
ENSG00000137094,2.2969172,1.7417581,12
ENSG00000186594,2.7070038,1.3627651,12
ENSG00000108669,0.29082543,0.0,12
ENSG00000070495,2.7425885,2.4274828,12
ENSG00000188554,2.3836136,1.9333,12
ENSG00000184640_9,1.3272042,0.76029426,12
ENSG00000159640_2,0.57600474,1.2592354,12
ENSG00000212195,2.0051517,3.129545,12
ENSG00000167740_1,2.5427651,1.8994156,12
ENSG00000107159,0.57480645,1.4348499,12
ENSG00000172057_1,2.3593853,2.79199,12
ENSG00000170777,0.44294208,0.0,12
ENSG00000178921_1,2.640373,2.8753803,12
ENSG00000153982_1,2.0355492,0.0,12
ENSG00000171843_1,2.3699067,1.7221912,12
ENSG00000107262,2.6822586,2.7407022,12
ENSG00000141198,1.4289658,1.5600382,12
ENSG00000132530_2,1.795944,2.7140949,12
ENSG00000236849,0.1019095,0.0,12
ENSG00000167851,1.8689997,2.8951461,12
ENSG00000147862,0.24609314,0.0,12
ENSG00000072849,2.6189861,0.0,12
ENSG00000261156,0.18302815,0.0,12
ENSG00000166263,2.4159846,2.1585042,12
ENSG00000171401,0.42837262,0.8309157,12
ENSG00000131746,0.31523597,0.0,12
ENSG00000263718,0.83533883,0.72149736,12
ENSG00000213930,2.077203,1.6826143,12
ENSG00000131094,1.8036857,2.0116508,12
ENSG00000175283,2.3592086,1.8042076,12
ENSG00000274808,0.63278615,0.0,12
ENSG00000137101_2,2.4049275,0.8224231,12
ENSG00000224738,2.7512686,1.6742088,12
ENSG00000130045,1.0375366,1.0847907,12
ENSG00000262879,1.5802515,2.1275,12
ENSG00000133026,1.040576,1.5643346,12
ENSG00000007202,2.696229,2.8678045,12
ENSG00000159182,0.41335338,0.55543303,12
ENSG00000221852,0.68381,1.77938,12
ENSG00000171595,0.73942673,0.0,12
ENSG00000109101,0.6756139,1.4617326,12
ENSG00000160602_1,2.7541358,1.6690657,12
ENSG00000184640_5,0.73622465,0.0,12
ENSG00000181513,1.8085704,1.159988,12
ENSG00000133027_2,2.352351,2.5189862,12
ENSG00000172794_1,1.375154,1.5057156,12
ENSG00000182224_1,2.0415082,1.7339191,12
ENSG00000204001_1,0.77945936,0.8861409,12
ENSG00000072849_1,2.673503,2.3985302,12
ENSG00000109099_2,0.2808699,0.0,12
ENSG00000137074_1,2.5825174,0.0,12
ENSG00000176208,2.1996346,2.5211356,12
ENSG00000154760,2.2626727,2.4913616,12
ENSG00000260328,0.4007661,0.0,12
ENSG00000048828_1,2.4868388,1.9260336,12
ENSG00000136874,1.9255381,2.27521,12
ENSG00000159921,2.5204334,2.1456003,12
ENSG00000124422_1,2.1764681,2.2790895,12
ENSG00000175662,2.181551,2.0171752,12
ENSG00000182156,0.43409526,0.0,12
ENSG00000236924,1.8717746,2.082875,12
ENSG00000176155,2.1324735,2.0055108,12
ENSG00000178919,0.9349257,1.0245677,12
ENSG00000141562_1,2.5570886,2.5050619,12
ENSG00000196859,0.13906425,0.0,12
ENSG00000165238,1.5255296,1.7230203,12
ENSG00000180901_1,2.47262,2.177112,12
ENSG00000092871_1,2.442582,2.077197,12
ENSG00000108523_2,2.1139715,1.1949304,12
ENSG00000196544,2.3847432,0.0,12
ENSG00000198113,2.037915,2.2235687,12
ENSG00000126653,2.3146164,2.8373737,12
ENSG00000262223,0.44940892,0.88242775,12
ENSG00000108405,1.1562138,0.9639577,12
ENSG00000157654_1,2.3319435,2.9745715,12
ENSG00000160326,2.369196,2.096566,12
ENSG00000096872,2.1475532,0.0,12
ENSG00000129667_1,2.493152,2.3304949,12
ENSG00000107077,2.886418,2.3949068,12
ENSG00000235448,0.19937214,0.0,12
ENSG00000290924,2.0892544,1.2257485,12
ENSG00000244187,2.3620265,1.5110005,12
ENSG00000157654_2,0.85960877,1.008089,12
ENSG00000132589,2.2074165,2.8727272,12
ENSG00000165698,0.8210901,0.6788551,12
ENSG00000119139_2,2.4295254,2.5263896,12
ENSG00000238227,2.560197,2.2586133,12
ENSG00000165264,2.3732026,3.0083191,12
ENSG00000136819,2.5170364,2.994296,12
ENSG00000109107,2.0738943,2.7651088,12
ENSG00000198435,1.9145977,2.0717237,12
ENSG00000214978,0.69225883,1.1197177,12
ENSG00000141161,0.46167976,0.0,12
ENSG00000212900,0.29788947,0.747738,12
ENSG00000159224,0.2558075,0.0,12
ENSG00000147894,2.5956924,1.868944,12
ENSG00000127080,2.61972,2.3370616,12
ENSG00000147874,0.1859596,0.0,12
ENSG00000244045,2.3550947,0.0,12
ENSG00000176927,2.568432,2.8700643,12
ENSG00000198242_1,2.4492614,2.2466216,12
ENSG00000108506,2.2387547,2.4546635,12
ENSG00000167106,0.6462555,0.0,12
ENSG00000278774,2.7017071,0.0,12
ENSG00000122729,1.4970722,1.7564938,12
ENSG00000175711,2.0158598,2.049501,12
ENSG00000106852_2,1.5033853,1.7073061,12
ENSG00000119487_2,2.5405586,3.258321,12
ENSG00000133030,2.3328617,2.6897082,12
ENSG00000224738_1,2.3443873,1.5201297,12
ENSG00000141526_3,0.64869905,1.0681117,12
ENSG00000157653,2.5024836,1.4696158,12
ENSG00000106993,2.5025198,2.4738955,12
ENSG00000173894,1.9007773,1.6663214,12
ENSG00000168610_1,0.5292181,0.0,12
ENSG00000265118,1.6987236,1.3456677,12
ENSG00000161921_1,1.4797834,1.4680666,12
ENSG00000204669,0.17454088,0.0,12
ENSG00000006695,2.2206855,2.3939102,12
ENSG00000170049,1.054863,1.2358061,12
ENSG00000108798,2.497846,3.2763515,12
ENSG00000108819,1.6407347,1.8471776,12
ENSG00000125447,2.7734444,2.4275186,12
ENSG00000186193,1.9714915,2.2810743,12
ENSG00000148339_1,0.67723894,1.1469958,12
ENSG00000188825_1,1.8068807,1.18489,12
ENSG00000234705,2.3615627,2.1939285,12
ENSG00000108963,1.5887825,2.5012016,12
ENSG00000148154_1,2.435441,1.778889,12
ENSG00000182473_1,2.2311041,1.3417708,12
ENSG00000119139_4,0.16842966,0.8515091,12
ENSG00000129657,2.5527775,2.395286,12
ENSG00000095203,1.5752387,1.845718,12
ENSG00000284977,0.21006262,0.9368152,12
ENSG00000167157,1.5290508,1.590619,12
ENSG00000141499,2.1890833,0.0,12
ENSG00000196152,2.4221942,2.2185802,12
ENSG00000173801_1,1.3410684,1.9961263,12
ENSG00000187742,2.77217,2.470134,12
ENSG00000132386_1,0.8079252,0.77963257,12
ENSG00000108654_1,2.3160117,0.0,12
ENSG00000188163,0.4178794,1.0052663,12
ENSG00000136478,2.2354236,1.6820818,12
ENSG00000198121,0.28266335,0.0,12
ENSG00000277200,1.5105083,1.4145389,12
ENSG00000135047,1.2754035,1.2676879,12
ENSG00000068137,2.2149448,1.4426365,12
ENSG00000186532,2.3295627,0.0,12
ENSG00000274180,1.8286848,1.7752463,12
ENSG00000285634,0.1897175,0.0,12
ENSG00000161542_2,1.8025477,2.5742397,12
ENSG00000083223,0.1750363,0.0,12
ENSG00000234494_1,2.0725791,1.7965466,12
ENSG00000225472,0.19742651,0.0,12
ENSG00000131759_2,1.2181604,1.1922886,12
ENSG00000166484_1,2.3771675,1.7005999,12
ENSG00000131482,0.25752437,0.0,12
ENSG00000180638,0.52814215,0.0,12
ENSG00000004939,0.29849243,0.0,12
ENSG00000050555,1.5710933,1.6234044,12
ENSG00000231256,0.3141565,0.0,12
ENSG00000106829_2,2.289552,1.6308447,12
ENSG00000106952,0.62082446,1.0544522,12
ENSG00000095383,2.1570408,1.001041,12
ENSG00000107165,0.08665111,0.0,12
ENSG00000130558_2,0.75591636,0.8224035,12
ENSG00000167723,0.61880946,0.0,12
ENSG00000127191,1.4187069,0.0,12
ENSG00000171298,2.168135,1.6509968,12
ENSG00000048828_2,0.21968846,0.0,12
ENSG00000200463,2.2735593,3.1051593,12
ENSG00000141748,0.49811265,0.0,12
ENSG00000165695,1.5454142,1.4671936,12
ENSG00000136828_1,1.4888593,0.9545898,12
ENSG00000141576_1,2.0438576,1.6403621,12
ENSG00000136868,2.4036458,2.0304093,12
ENSG00000267221,1.3933337,0.0,12
ENSG00000219200_1,1.6513506,2.379378,12
ENSG00000278023,1.3376596,0.0,12
ENSG00000277632,2.414345,3.968902,12
ENSG00000188747,2.0004845,1.3807899,12
ENSG00000174292,0.9787513,0.940073,12
ENSG00000183034,0.77714336,0.0,12
ENSG00000107317,0.6426238,1.1905278,12
ENSG00000132530_3,1.9216144,2.6960678,12
ENSG00000148386,0.5317206,0.9334873,12
ENSG00000141551_3,2.2965355,2.871888,12
ENSG00000109083,2.3584778,2.5727112,12
ENSG00000166596,0.5576188,0.0,12
ENSG00000106992_1,1.1383336,0.0,12
ENSG00000049283,0.6569494,1.2646054,12
ENSG00000011052,2.651099,3.1637008,12
ENSG00000085265,0.3056019,0.0,12
ENSG00000215548,1.4334593,2.0409186,12
ENSG00000179598,2.344752,2.2148702,12
ENSG00000091592_1,0.6019592,1.2331738,12
ENSG00000086061,2.6530821,3.4714062,12
ENSG00000005238,2.0483477,1.4400901,12
ENSG00000175106,2.055464,1.758753,12
ENSG00000167842,2.7995992,2.400253,12
ENSG00000182481,2.4041722,3.8842294,12
ENSG00000136895_3,0.2705257,0.0,12
ENSG00000160271_2,1.4006829,1.379097,12
ENSG00000205045,1.3188276,0.0,12
ENSG00000230013,0.6327585,0.0,12
ENSG00000148343,2.3128927,2.016348,12
ENSG00000065325,0.5336108,1.0325704,12
ENSG00000062725_1,2.3461933,2.5727253,12
ENSG00000122696,2.5317225,2.3249345,12
ENSG00000002834,2.655892,3.3541641,12
ENSG00000141510_1,2.193557,3.1896474,12
ENSG00000167103_1,1.4543877,0.98213094,12
ENSG00000197694,2.4423277,2.9618719,12
ENSG00000082641_2,1.2829689,1.0883133,12
ENSG00000225361,0.6738769,1.4477315,12
ENSG00000227036_2,1.3039662,1.5750642,12
ENSG00000287355,0.18302418,0.0,12
ENSG00000119514_1,0.262393,0.0,12
ENSG00000161542,2.5792491,1.7037555,12
ENSG00000108786,0.4070154,0.6215398,12
ENSG00000091640,2.699741,3.0489388,12
ENSG00000120093,0.31715757,0.0,12
ENSG00000034152_1,1.9623616,1.7357968,12
ENSG00000188352_1,0.30783835,0.0,12
ENSG00000132535_3,0.96042216,1.6068755,12
ENSG00000273604,1.9256434,2.264544,12
ENSG00000262920,0.7980503,1.1345915,12
ENSG00000106789,1.661066,1.5536404,12
ENSG00000137142,1.7465285,2.0425756,12
ENSG00000125445,2.4543626,2.7857106,12
ENSG00000196156,0.9635123,1.6093168,12
ENSG00000148290,2.212699,1.8528105,12
ENSG00000160408,0.6376555,0.6964263,12
ENSG00000168517,1.5518926,1.4363853,12
ENSG00000187866,2.4245837,2.2184043,12
ENSG00000165716,1.7305431,1.27614,12
ENSG00000129214,1.5529608,0.0,12
ENSG00000228278,0.43588206,0.66058093,12
ENSG00000204148,0.16141932,0.0,12
ENSG00000013306,2.596625,3.1522913,12
ENSG00000184502,0.3265853,0.0,12
ENSG00000167536,2.273948,2.195346,12
ENSG00000168591_1,2.2115798,0.0,12
ENSG00000189050,2.077221,1.8294183,12
ENSG00000178445_2,2.36924,2.8856106,12
ENSG00000276070_1,1.1778406,3.4797409,12
ENSG00000148337_2,0.9518918,1.0456046,12
ENSG00000182154,2.2934816,2.7608256,12
ENSG00000182896,0.569765,0.6637386,12
ENSG00000091592,1.7499506,2.5706213,12
ENSG00000165181_1,0.11477806,0.0,12
ENSG00000002919,2.4725087,2.2790964,12
ENSG00000136449,1.9569993,0.0,12
ENSG00000278910,0.18390779,0.0,12
ENSG00000181610,2.4005318,0.0,12
ENSG00000165029,1.0063052,0.84538335,12
ENSG00000108641,1.5825415,1.4384474,12
ENSG00000275023,2.5233777,2.526184,12
ENSG00000167280,2.184358,2.3004541,12
ENSG00000107331_2,0.803254,0.9234098,12
ENSG00000203987,0.33467597,0.0,12
ENSG00000148175,2.2070892,1.4284426,12
ENSG00000129226_1,0.62515855,0.0,12
ENSG00000107104,1.9668549,0.0,12
ENSG00000185963,2.5490503,2.0392952,12
ENSG00000198271,0.93900084,1.8294003,12
ENSG00000226364,0.2042824,0.0,12
ENSG00000132359,0.6762353,0.8554889,12
ENSG00000167881_1,2.4978714,3.1611283,12
ENSG00000107186,0.1728239,0.0,12
ENSG00000095303_1,1.3504195,1.8961734,12
ENSG00000136870,2.3974206,2.1026156,12
ENSG00000156049,0.97933114,1.0177426,12
ENSG00000287750,0.93487895,1.1377338,12
ENSG00000168913,1.6937703,1.2676879,12
ENSG00000171855,0.3678192,0.6818741,12
ENSG00000006282_1,0.43735772,0.0,12
ENSG00000222293,0.28915823,0.0,12
ENSG00000129250,2.4309154,2.6920693,12
ENSG00000165028,1.8869357,1.6159395,12
ENSG00000187764,0.49319744,0.8309734,12
ENSG00000161970,2.210509,4.265278,12
ENSG00000130958,1.5935923,1.4518555,12
ENSG00000184640_2,1.6760681,2.5223465,12
ENSG00000197355,2.246249,2.2458038,12
ENSG00000141551_1,0.5544421,1.1325158,12
ENSG00000165006,2.4128432,2.7114277,12
ENSG00000167447,1.7571199,2.2938905,12
ENSG00000176658,2.388746,2.4375603,12
ENSG00000259120,0.8251065,1.6203183,12
ENSG00000119401,2.2106462,2.0465732,12
ENSG00000165802,2.0287826,2.4927282,12
ENSG00000262814,2.524733,3.1280406,12
ENSG00000187239,2.6747744,3.3720832,12
ENSG00000184988_1,0.9259957,0.0,12
ENSG00000106686,0.73198295,0.0,12
ENSG00000148399,2.0669484,1.9750594,12
ENSG00000263069,2.2472315,1.2567418,12
ENSG00000167081_1,1.7996168,1.7178785,12
ENSG00000184451_1,1.6302639,1.2924776,12
ENSG00000137070,1.3253895,1.2677816,12
ENSG00000233223,2.7236643,1.3948717,12
ENSG00000108666_2,2.463944,1.5484754,12
ENSG00000007237_2,0.55481803,1.2049065,12
ENSG00000172301,1.6451361,0.0,12
ENSG00000266473,1.4698472,2.8312213,12
ENSG00000224307,0.33738112,0.0,12
ENSG00000263293_1,2.2849374,0.0,12
ENSG00000108439_1,0.60603046,1.0883133,12
ENSG00000148334_2,1.9908788,1.9083134,12
ENSG00000167113_1,2.514109,2.5286481,12
ENSG00000129654,1.196752,0.87297165,12
ENSG00000153944_2,0.6341953,0.0,12
ENSG00000242616,1.8429425,2.4625223,12
ENSG00000174292_1,1.3949909,0.8652817,12
ENSG00000133020,0.15479562,0.0,12
ENSG00000221880,0.739118,1.3663483,12
ENSG00000204001,0.67081726,0.5093504,12
ENSG00000011260,2.8306916,2.9473112,12
ENSG00000260027,0.8925283,2.1187937,12
ENSG00000119383_3,2.1820998,1.6217059,12
ENSG00000287737,2.100801,0.0,12
ENSG00000128482,0.671226,0.7187175,12
ENSG00000272763,1.4948543,1.1207713,12
ENSG00000131471,0.3690003,0.0,12
ENSG00000131470,2.4430854,2.2917573,12
ENSG00000172889_2,1.7787621,1.608205,12
ENSG00000259207,1.9985664,1.9738618,12
ENSG00000286190,1.541764,0.0,12
ENSG00000087152,2.5464642,2.2913244,12
ENSG00000278910_1,0.21837534,0.6414741,12
ENSG00000004660_1,2.1418374,1.2662082,12
ENSG00000148339,2.801947,2.1628928,12
ENSG00000133026_1,1.5214103,1.5910312,12
ENSG00000157657,1.7548133,1.1304302,12
ENSG00000127084,0.8650211,0.0,12
ENSG00000141295,0.37717527,0.0,12
ENSG00000157637,1.8056734,1.523135,12
ENSG00000166482,0.7470249,0.85545856,12
ENSG00000148356,2.431334,2.4846685,12
ENSG00000267278,2.5356035,1.871243,12
ENSG00000177885_1,2.652083,3.3567522,12
ENSG00000197646,2.02816,2.2583356,12
ENSG00000006740,1.5064282,1.6717743,12
ENSG00000198963,0.75810146,0.93013364,12
ENSG00000120156_1,0.38046053,0.0,12
ENSG00000136811_2,2.3856547,1.1876616,12
ENSG00000212901,0.43211654,1.1031741,12
ENSG00000286685,1.2617824,0.0,12
ENSG00000010438,0.9720266,0.8413282,12
ENSG00000147869,0.3077975,0.0,12
ENSG00000108947,1.3071989,0.0,12
ENSG00000188523,1.4104762,1.3246117,12
ENSG00000148335_1,2.2181451,2.5637076,12
ENSG00000099810,1.8917272,2.7208207,12
ENSG00000196305,2.4615772,3.2612486,12
ENSG00000108950,1.3521831,1.288808,12
ENSG00000087095_1,0.20253676,1.7272158,12
ENSG00000121060,2.686617,3.1812174,12
ENSG00000107021,2.107869,1.5866402,12
ENSG00000238804,0.31360227,0.0,12
ENSG00000177602,2.4267452,2.3434086,12
ENSG00000181409,0.54823637,0.92849827,12
ENSG00000169683,2.16537,1.8362608,12
ENSG00000240505,2.3100426,3.573708,12
ENSG00000132507_1,2.9839876,4.0913787,12
ENSG00000188612,2.6924236,1.7098972,12
ENSG00000132475,2.80406,3.5421455,12
ENSG00000231991,0.46859792,1.6033208,12
ENSG00000157654,1.4048163,1.5488412,12
ENSG00000125449,1.7606345,2.2280974,12
ENSG00000161714,1.7889721,1.6767211,12
ENSG00000132535_2,0.59418774,0.0,12
ENSG00000107130,1.748357,1.6966097,12
ENSG00000107018,0.8947487,1.1239692,12
ENSG00000265222,2.687593,1.192297,12
ENSG00000185359_1,0.79781985,0.99530166,12
ENSG00000161939,2.44651,0.0,12
ENSG00000129255_1,2.7184155,2.7443557,12
ENSG00000108262,2.2517147,2.4404383,12
ENSG00000185262,2.7193513,3.5660012,12
ENSG00000040531,2.482449,1.9400232,12
ENSG00000159202_1,2.7873237,2.2027063,12
ENSG00000185504_1,1.5882597,2.0044332,12
ENSG00000167112,2.2272837,2.7726693,12
ENSG00000167419,0.24103852,0.0,12
ENSG00000160360,1.4433953,1.2197417,12
ENSG00000214654,2.5129275,1.8754085,12
ENSG00000064218,1.408089,1.1820749,12
ENSG00000010244,2.5348165,3.588796,12
ENSG00000141026,2.1077409,0.0,12
ENSG00000167716,2.6253073,1.3954138,12
ENSG00000284526,0.4539313,0.0,12
ENSG00000136872_1,0.46423918,0.0,12
ENSG00000185813,1.8073225,1.1356732,12
ENSG00000164967,1.9101171,0.0,12
ENSG00000205108,0.20086212,0.0,12
ENSG00000119408_1,2.6138618,2.1607056,12
ENSG00000087111_1,0.32566887,0.0,12
ENSG00000136877,2.557115,2.3154035,12
ENSG00000267568_1,0.9341198,0.9924386,12
ENSG00000237159,0.23940527,0.0,12
ENSG00000178031,0.37436345,0.0,12
ENSG00000131469,2.594443,3.6705632,12
ENSG00000188895_1,2.294515,1.4452149,12
ENSG00000276085,1.3669991,3.2149339,12
ENSG00000136487_1,0.42960575,0.0,12
ENSG00000198844,0.36906686,0.0,12
ENSG00000106853,0.12704568,0.0,12
ENSG00000182687,1.4478139,1.5096729,12
ENSG00000108556,0.7466378,0.0,12
ENSG00000108587,2.2865894,2.7672925,12
ENSG00000106701,2.2919128,1.8295867,12
ENSG00000132376,2.5485504,1.8283763,12
ENSG00000108788,2.426582,2.720151,12
ENSG00000187607,2.322477,2.126891,12
ENSG00000262165,0.3902873,0.0,12
ENSG00000141552_1,2.0657098,0.0,12
ENSG00000278259_1,2.6026013,2.533308,12
ENSG00000108840,2.5321176,2.416712,12
ENSG00000267080,2.6110153,2.2369905,12
ENSG00000136485,2.740939,2.938166,12
ENSG00000186566,2.4480178,2.3916302,12
ENSG00000232104,3.0506203,2.0902581,12
ENSG00000270765,0.7682859,1.2022431,12
ENSG00000196704,2.8877795,2.8428183,12
ENSG00000169692,2.1679032,2.1120384,12
ENSG00000212719,1.0582981,0.9895032,12
ENSG00000186130,2.3303516,2.5201166,12
ENSG00000136451,2.2721632,2.767957,12
ENSG00000141034,2.52788,1.9912261,12
ENSG00000108590,2.0050526,0.0,12
ENSG00000204054,1.2579987,0.0,12
ENSG00000169689,2.1956246,2.5478964,12
ENSG00000119522,2.1270602,2.5440457,12
ENSG00000155876,2.6539612,2.7201931,12
ENSG00000165060,1.9433062,2.8146138,12
ENSG00000107317_2,0.39436567,0.0,12
ENSG00000109046,2.5146925,3.2113636,12
ENSG00000161654,0.22956517,1.48051,12
ENSG00000186393,0.25395927,0.0,12
ENSG00000122696_1,2.304691,2.613588,12
ENSG00000173786,2.3419964,2.1954458,12
ENSG00000167182,2.8918478,2.57193,12
ENSG00000131668,1.7050385,1.6663682,12
ENSG00000109066,2.3216617,2.3029258,12
ENSG00000125458,2.5749865,2.2862632,12
ENSG00000183691,1.6151569,1.6182469,12
ENSG00000108424,2.6874375,3.682637,12
ENSG00000196363,1.6985837,1.6551385,12
ENSG00000154262,0.7288333,0.0,12
ENSG00000166484,2.1869895,1.836729,12
ENSG00000132591,1.674861,2.888828,12
ENSG00000132581_1,2.8426445,2.5435092,12
ENSG00000238898,0.22918057,0.0,12
ENSG00000200903,0.32213452,0.0,12
ENSG00000119471,2.6066864,2.5193357,12
ENSG00000261371,0.41250533,0.65739053,12
ENSG00000188176,1.5750127,1.9732202,12
ENSG00000165724,2.242979,2.46933,12
ENSG00000165092_1,0.14110556,0.0,12
ENSG00000165119,0.42781264,2.089665,12
ENSG00000040633_2,2.6381557,2.2001607,12
ENSG00000148123_1,0.4343442,0.60765874,12
ENSG00000159842_3,2.0062115,1.7589421,12
ENSG00000267121,2.061348,2.6511714,12
ENSG00000236680,0.19321622,0.0,12
ENSG00000275832_1,1.3529763,0.0,12
ENSG00000198917,2.1728606,0.0,12
ENSG00000226237,0.64486456,0.9006948,12
ENSG00000123453_1,0.9143864,0.0,12
ENSG00000147955,2.2537339,2.5075119,12
ENSG00000259384,0.35029298,0.96241194,12
ENSG00000072310,1.9970447,1.5235918,12
ENSG00000141376,2.1922657,0.0,12
ENSG00000108312_1,2.4107263,2.5413496,12
ENSG00000160293,2.3780067,2.317913,12
ENSG00000132386,0.5223756,0.86332285,12
ENSG00000135002_1,2.3997486,2.5098515,12
ENSG00000131473,2.4942584,2.4808488,12
ENSG00000126353,2.0011327,3.955719,12
ENSG00000182473,0.53362954,1.3801931,12
ENSG00000278311_1,0.18976656,0.0,12
ENSG00000164985_1,0.2769824,2.342973,12
ENSG00000287782,0.3261929,0.0,12
ENSG00000182963,1.8537397,2.010003,12
ENSG00000108852,0.8963493,0.8267225,12
ENSG00000238058,2.0497525,1.689371,12
ENSG00000108771,2.4267962,2.5328944,12
ENSG00000263489,0.6616789,0.876795,12
ENSG00000108654_2,2.870519,4.17879,12
ENSG00000122136,0.46967572,0.0,12
ENSG00000148143,1.1217554,1.8484108,12
ENSG00000154945_1,2.3355958,2.3552983,12
ENSG00000262879_1,2.2972388,2.2541394,12
ENSG00000108799,1.961634,2.2253609,12
ENSG00000070601,1.6251488,1.2221961,12
ENSG00000168517_2,1.8479338,0.0,12
ENSG00000225190_1,2.5221238,2.3250208,12
ENSG00000182575_1,1.4579891,1.3024392,12
ENSG00000181323,0.36013934,0.8245814,12
ENSG00000141519,1.2403302,1.0024685,12
ENSG00000108669_1,1.4331203,0.0,12
ENSG00000165181,0.12920763,0.0,12
ENSG00000107338,2.007154,1.7227491,12
ENSG00000137145,2.618874,2.3978028,12
ENSG00000108861,1.7879936,2.1941173,12
ENSG00000108825,0.87619114,0.0,12
ENSG00000238007,0.22622418,0.0,12
ENSG00000136935,2.7435963,2.2261796,12
ENSG00000108474,1.7863986,2.5778203,12
ENSG00000167863,2.4242368,3.3577235,12
ENSG00000135040,2.5353656,2.421538,12
ENSG00000185298,2.6473174,2.446441,12
ENSG00000135002,2.1011662,0.0,12
ENSG00000187824,1.3885474,1.2622849,12
ENSG00000160447,1.7456373,1.276117,12
ENSG00000164978,2.6187456,2.4358094,12
ENSG00000225663,2.2978008,2.4884365,12
ENSG00000125484_1,2.4805672,2.1764905,12
ENSG00000035862_2,1.7185268,1.733117,12
ENSG00000108797,1.6254297,2.2034218,12
ENSG00000125691,2.5682056,3.966287,12
ENSG00000224505,2.8276436,1.9962971,12
ENSG00000109084,2.4348018,2.8426511,12
ENSG00000108523,2.9545178,2.7997746,12
ENSG00000125457,1.8666644,1.1120685,12
ENSG00000137154,2.709626,3.7964196,12
ENSG00000141497,1.282397,0.0,12
ENSG00000175287,0.39964423,0.0,12
ENSG00000214553,0.6916418,0.9200189,12
ENSG00000260454,0.112775765,0.0,12
ENSG00000073598,0.2984366,0.0,12
ENSG00000170160,0.9975445,0.9165434,12
ENSG00000238423,1.787999,2.0463,12
ENSG00000167525_2,1.9969803,1.5128177,12
ENSG00000106689,1.6230433,2.290313,12
ENSG00000141258,2.349402,2.1774962,12
ENSG00000166685,2.6186216,2.117712,12
ENSG00000095370_2,0.46517324,0.0,12
ENSG00000006025,1.6973381,2.2995508,12
ENSG00000187796,0.6936307,1.8883076,12
ENSG00000148339_2,0.40982103,0.0,12
ENSG00000160401,0.29788122,0.0,12
ENSG00000129219,1.74295,1.8187536,12
ENSG00000108298,2.7100205,3.7774696,12
ENSG00000198720,1.4566027,2.2845662,12
ENSG00000263567,0.36034212,0.0,12
ENSG00000222581,0.1624521,0.0,12
ENSG00000170291,2.553568,2.8074675,12
ENSG00000141040,1.8985618,1.7443165,12
ENSG00000181885,0.94165933,0.0,12
ENSG00000141200,0.36194092,0.8224296,12
ENSG00000199313,0.35655087,4.6832614,12
ENSG00000125430,1.2417194,1.8408586,12
ENSG00000141294,1.9156026,1.4353027,12
ENSG00000072778_1,1.8557405,0.90955603,12
ENSG00000188825,2.2369845,0.0,12
ENSG00000080503_5,0.13427788,0.0,12
ENSG00000119397,2.66028,2.771509,12
ENSG00000165271,1.9212688,2.6241646,12
ENSG00000233098,0.62438226,0.0,12
ENSG00000276231,1.4293172,3.3892121,12
ENSG00000141580,2.2756996,2.7797003,12
ENSG00000129657_1,0.446363,0.0,12
ENSG00000148300,2.3911998,2.6519222,12
ENSG00000291084,0.6654496,1.8396038,12
ENSG00000244649,1.791461,2.0832088,12
ENSG00000264985,0.2289955,0.0,12
ENSG00000272636,1.6917106,1.4016246,12
ENSG00000171953,2.4002404,2.3771367,12
ENSG00000109118,2.676116,1.7297397,12
ENSG00000265359,0.075926885,0.0,12
ENSG00000083457_2,0.7437943,1.1774211,12
ENSG00000284976,0.69683003,0.0,12
ENSG00000227531,0.29137754,0.0,12
ENSG00000120159_1,2.5804226,2.7533991,12
ENSG00000170703_1,1.106658,1.1540037,12
ENSG00000167914_1,0.5272174,0.0,12
ENSG00000165138,1.945941,1.7597283,12
ENSG00000109113_2,0.87406313,1.6855626,12
ENSG00000204880,0.73043585,1.8750635,12
ENSG00000165181_2,0.16057226,0.0,12
ENSG00000059769,2.541968,2.17843,12
ENSG00000160539_1,0.7420199,1.0067227,12
ENSG00000137101_1,1.5987998,1.2274753,12
ENSG00000007312,2.2008526,2.6291301,12
ENSG00000136436,2.1892743,3.0923803,12
ENSG00000274755,0.073318034,0.0,12
ENSG00000108813_2,1.1216075,1.5489051,12
ENSG00000187764_2,2.309491,2.7645862,12
ENSG00000167107_1,0.7828648,0.7676011,12
ENSG00000148341,2.281195,2.122029,12
ENSG00000165684,2.213747,2.1248822,12
ENSG00000136492,2.1864827,2.2755947,12
ENSG00000167434,1.3438699,1.451725,12
ENSG00000126878,1.5331953,1.2821461,12
ENSG00000108406,2.039153,2.4547687,12
ENSG00000274512,0.6084486,0.0,12
ENSG00000262061,0.56497145,0.90784115,12
ENSG00000108702,0.40534905,1.5669663,12
ENSG00000108557,2.1823266,2.6038802,12
ENSG00000136449_1,1.95342,0.0,12
ENSG00000108984,1.1854029,2.1190643,12
ENSG00000291074_1,0.932991,1.0191163,12
ENSG00000128422_1,0.88054454,0.50046974,12
ENSG00000141576,0.28656113,0.0,12
ENSG00000260220,0.5705246,0.80046964,12
ENSG00000281649,2.7106535,2.843002,12
ENSG00000136450,1.9385389,0.0,12
ENSG00000141255_1,0.4611506,0.97317404,12
ENSG00000011028,1.427934,1.326008,12
ENSG00000148334,2.5638616,2.482888,12
ENSG00000121068,1.1631354,1.3713449,12
ENSG00000107104_1,1.7627909,1.5472577,12
ENSG00000200997,0.74649334,0.0,12
ENSG00000108379_1,0.38617393,0.0,12
ENSG00000196535_1,1.8688364,1.9696069,12
ENSG00000286435,0.5097227,1.0164065,12
ENSG00000161405,1.3546675,2.5421405,12
ENSG00000136848,0.5001894,0.0,12
ENSG00000174231,2.2713742,3.1257088,12
ENSG00000170832,2.6221914,1.3016809,12
ENSG00000215183,0.4940014,0.9670469,12
ENSG00000070366,2.7007287,2.572674,12
ENSG00000082641_3,1.0937119,0.0,12
ENSG00000121064,1.6520357,2.479319,12
ENSG00000172716,1.0780706,0.0,12
ENSG00000188394,0.2747329,0.0,12
ENSG00000108821_2,0.78372514,1.0122508,12
ENSG00000120071_3,2.8457384,2.3298452,12
ENSG00000184640_1,0.49899474,0.0,12
ENSG00000176390,2.4495285,2.4094293,12
ENSG00000271605,0.60480046,0.83925176,12
ENSG00000185156,1.2253641,1.0656544,12
ENSG00000272975_1,0.5257319,0.0,12
ENSG00000129646,0.9810971,1.1895183,12
ENSG00000148288,1.3099462,1.1449476,12
ENSG00000108669_4,2.6380389,2.5861268,12
ENSG00000197694_1,1.4146181,0.5632437,12
ENSG00000267207,0.79101527,0.0,12
ENSG00000271503,1.4011493,3.6270523,12
ENSG00000168591,2.4797115,2.1112626,12
ENSG00000136816,2.2820127,2.0734985,12
ENSG00000108384,2.3670976,3.0039299,12
ENSG00000167881,0.26249185,0.0,12
ENSG00000184640,1.8373488,2.4018984,12
ENSG00000170175_1,0.93085754,0.96240246,12
ENSG00000170310,1.6407197,2.4583492,12
ENSG00000119396,2.6001506,3.102228,12
ENSG00000108823_1,0.45603642,0.0,12
ENSG00000167525_1,2.011626,1.1377275,12
ENSG00000196092_2,2.464597,2.2724915,12
ENSG00000108924_1,0.692654,0.0,12
ENSG00000204913,2.1471035,0.0,12
ENSG00000277084,0.4311878,0.0,12
ENSG00000135047_1,0.14197174,0.0,12
ENSG00000141480,2.4455965,2.9453657,12
ENSG00000233223_2,2.1814492,2.806058,12
ENSG00000120063,2.7819738,2.4279566,12
ENSG00000185332,0.5401907,0.60405314,12
ENSG00000164972_1,0.29763174,0.0,12
ENSG00000184434,0.14890431,0.0,12
ENSG00000083457,2.3549676,0.0,12
ENSG00000108826,2.3836544,2.944547,12
ENSG00000081386,1.925006,2.1722293,12
ENSG00000278845,2.267676,0.0,12
ENSG00000230647,0.22981654,0.0,12
ENSG00000125398,1.5667741,3.0768516,12
ENSG00000181284,1.7281431,1.9074436,12
ENSG00000128422_2,0.8830321,1.3313463,12
ENSG00000129673,0.49362668,0.0,12
ENSG00000171475,2.4112759,2.4904823,12
ENSG00000136867,1.6227508,1.3312045,12
ENSG00000186074,0.44246787,0.0,12
ENSG00000291075,3.1121128,2.9980106,12
ENSG00000187764_1,0.50710833,0.0,12
ENSG00000108852_2,0.5253141,1.1490035,12
ENSG00000092871,2.30113,0.0,12
ENSG00000108639,2.6713736,3.153882,12
ENSG00000108821_1,0.3846751,0.6697296,12
ENSG00000070731_2,0.44294906,0.0,12
ENSG00000184361,2.0773442,1.1479853,12
ENSG00000262074,2.6096938,4.0664153,12
ENSG00000172785,2.3160484,2.8400748,12
ENSG00000276023,2.1547086,2.3113873,12
ENSG00000290585,0.72678566,0.0,12
ENSG00000188229,2.430916,3.896513,12
ENSG00000265096,0.37407908,1.0136545,12
ENSG00000167900,2.2261016,2.6056314,12
ENSG00000129197,2.592673,2.814161,12
ENSG00000154217,2.2409992,2.8959692,12
ENSG00000130714,1.7514635,1.9058607,12
ENSG00000235979,0.2601446,0.0,12
ENSG00000172992_1,2.7212465,2.4241235,12
ENSG00000131462,2.7673914,3.3163626,12
ENSG00000108651,2.1733882,2.9790587,12
ENSG00000175611_1,2.8921323,2.2107973,12
ENSG00000198853,1.4158187,1.5356991,12
ENSG00000185920_1,0.8159386,0.83715266,12
ENSG00000264672,0.35744417,0.0,12
ENSG00000119431,2.169037,2.108186,12
ENSG00000148204_1,0.57691824,0.0,12
ENSG00000008283,1.9460068,1.4866854,12
ENSG00000141376_3,0.20658948,1.3959777,12
ENSG00000233223_1,2.7703834,1.7917047,12
ENSG00000148362_1,1.5717077,1.050689,12
ENSG00000062725,2.381704,1.392609,12
ENSG00000076382,2.429721,2.8588643,12
ENSG00000130653,0.59613967,0.0,12
ENSG00000165702,0.4107115,0.0,12
ENSG00000136888,2.6113193,3.1246445,12
ENSG00000196597,1.9834638,2.1051252,12
ENSG00000264589,0.96600974,1.4333217,12
ENSG00000107372,2.6601274,3.1219077,12
ENSG00000141298,2.561137,2.85891,12
ENSG00000137076,2.6346436,3.0259855,12
ENSG00000185920,2.0945745,2.0204442,12
ENSG00000198876,2.550947,2.832943,12
ENSG00000170315,2.732492,3.5568607,12
ENSG00000187595_1,0.779933,1.0894706,12
ENSG00000070601_1,0.28100908,0.0,12
ENSG00000073584,2.5114436,3.129158,12
ENSG00000175826,2.6201172,2.9577558,12
ENSG00000279668,0.20340714,0.0,12
ENSG00000141574,1.0652884,0.85946256,12
ENSG00000005884_1,1.9735304,1.9047372,12
ENSG00000074755,2.648144,2.2214196,12
ENSG00000158169,0.8963685,0.0,12
ENSG00000129221,0.44551152,0.0,12
ENSG00000141543,2.6686876,3.1959136,12
ENSG00000196730,0.46825755,0.0,12
ENSG00000167130,2.384074,2.424947,12
ENSG00000119508,2.0338728,1.9058229,12
ENSG00000108256,2.645117,3.5216806,12
ENSG00000199483,0.17868933,1.2953845,12
ENSG00000137075,2.0083709,1.1755756,12
ENSG00000175854_1,2.299654,0.0,12
ENSG00000275722,0.24811925,0.0,12
ENSG00000204711,0.45610455,0.0,12
ENSG00000108349,2.6740642,2.707681,12
ENSG00000187003,0.26879647,0.0,12
ENSG00000277887,2.783175,1.551633,12
ENSG00000005243,1.58486,1.4390326,12
ENSG00000119121,0.57404876,0.0,12
ENSG00000283538,0.1042065,0.0,12
ENSG00000290770,2.4444761,2.2631838,12
ENSG00000109099_1,0.9225404,0.0,12
ENSG00000171346_1,0.27940413,0.0,12
ENSG00000119408_3,2.5895135,2.4287825,12
ENSG00000136826,1.5827701,1.4107267,12
ENSG00000148154,2.656257,2.9908447,12
ENSG00000198863,2.3663702,2.5413046,12
ENSG00000037042,1.7917233,1.6253844,12
ENSG00000184451,1.2773092,2.3245046,12
ENSG00000131475,1.884006,2.8762681,12
ENSG00000251752,0.13764782,0.0,12
ENSG00000233901,1.1489518,0.940068,12
ENSG00000167543_2,1.9286228,2.2451375,12
ENSG00000186834,2.8949573,2.4783745,12
ENSG00000066697,1.9311582,2.3971229,12
ENSG00000141252_2,2.171659,2.621171,12
ENSG00000135045,2.34927,2.5209496,12
ENSG00000221829_1,2.3786879,2.099439,12
ENSG00000167851_1,2.2542365,2.1224616,12
ENSG00000168646,1.8251039,1.5855509,12
ENSG00000223510,0.46611175,0.0,12
ENSG00000108387,0.48565763,0.0,12
ENSG00000132481,1.7262449,1.5118834,12
ENSG00000290858,0.22100647,0.0,12
ENSG00000170190_1,1.8875258,1.2865462,12
ENSG00000125447_1,1.5634174,1.2776756,12
ENSG00000178445,0.28007954,0.0,12
ENSG00000125485,2.419851,1.9818412,12
ENSG00000159842_1,2.0780215,1.9689777,12
ENSG00000188483,1.5197133,2.179724,12
ENSG00000092931,2.6254356,2.2716324,12
ENSG00000106852,1.4806396,1.331326,12
ENSG00000148019,2.0118806,2.6381598,12
ENSG00000141255,0.64094436,0.72414476,12
ENSG00000165119_1,2.8528283,3.8426342,12
ENSG00000147852_1,1.6176857,1.940855,12
ENSG00000167081,2.3589869,2.7201014,12
ENSG00000040633_1,2.2951677,2.010003,12
ENSG00000121104,2.3445141,2.1040874,12
ENSG00000006062,2.9606073,2.5487688,12
ENSG00000136490,2.2183635,2.9032772,12
ENSG00000083290,1.7938339,1.592532,12
ENSG00000108387_3,0.2389471,0.0,12
ENSG00000132470_1,1.7375685,1.6200527,12
ENSG00000185972,0.28451407,0.0,12
ENSG00000156345_1,1.1330167,1.5210726,12
ENSG00000266947,1.354066,1.1098585,12
ENSG00000131748,2.4371402,2.7312543,12
ENSG00000006282,1.9166312,2.1229692,12
ENSG00000258315_1,2.7738345,0.0,12
ENSG00000004142,2.4382513,2.7249374,12
ENSG00000170836,2.712764,2.4388855,12
ENSG00000074660_1,0.9681667,0.0,12
ENSG00000155621,1.8621538,2.4869602,12
ENSG00000007174_1,0.3572726,0.0,12
ENSG00000175832,1.5310715,2.254403,12
ENSG00000148334_1,2.3908906,1.9065721,12
ENSG00000130558_1,1.614569,1.7665913,12
ENSG00000141540,1.8319606,0.0,12
ENSG00000154262_1,0.97478986,0.0,12
ENSG00000225376_1,0.34164485,0.0,12
ENSG00000160323,0.9303678,0.0,12
ENSG00000185813_1,1.8917257,2.3111453,12
ENSG00000230054,0.4577338,0.0,12
ENSG00000119408,2.5275443,3.0709202,12
ENSG00000147905,2.8267577,2.7359827,12
ENSG00000253506,0.6441444,3.64242,12
ENSG00000267321,2.095206,1.9958237,12
ENSG00000182224_2,2.0589533,1.0417163,12
ENSG00000132518_1,0.8483919,0.9806396,12
ENSG00000279561,2.1539462,0.0,12
ENSG00000196358,1.5500531,1.289522,12
ENSG00000277631,0.28363574,0.0,12
ENSG00000141456_1,2.3954444,2.6650863,12
ENSG00000125450,2.5845938,2.392618,12
ENSG00000148229_1,2.558417,2.9017932,12
ENSG00000126858,2.366305,2.4216976,12
ENSG00000154240,0.10726371,0.0,12
ENSG00000226604,0.15489575,0.6040964,12
ENSG00000234494,2.432232,0.0,12
ENSG00000108244_1,0.24947014,0.6348399,12
ENSG00000290366,1.455775,1.3226534,12
ENSG00000136869,0.37910545,2.1091294,12
ENSG00000168259_3,0.4201386,0.0,12
ENSG00000181374,0.35700694,0.0,12
ENSG00000132581,2.5761533,0.0,12
ENSG00000147912,2.1726062,1.2652897,12
ENSG00000186665_1,0.46048948,0.0,12
ENSG00000188938,2.5100293,2.2006974,12
ENSG00000147889,1.3707372,1.4088994,12
ENSG00000267750,0.8896452,1.3204163,12
ENSG00000267532,1.9346812,0.0,12
ENSG00000275152,0.5645276,1.1619546,12
ENSG00000141252_1,0.2502562,0.0,12
ENSG00000178966,2.6662867,2.3897488,12
ENSG00000129657_3,0.3903417,0.84743756,12
ENSG00000065559_1,0.21077517,0.0,12
ENSG00000197070,2.2007203,1.31775,12
ENSG00000221926,0.30840442,0.0,12
ENSG00000273061,2.4967198,0.0,12
ENSG00000087191_1,2.5082536,1.0906354,12
ENSG00000167549,1.5788302,1.3993795,12
ENSG00000129197_1,1.9745646,2.5039675,12
ENSG00000176386,2.5541964,2.6898034,12
ENSG00000161682,1.7013724,1.7724171,12
ENSG00000108342,0.5133194,1.4347924,12
ENSG00000178789,0.38766825,0.0,12
ENSG00000165272,0.34964946,0.8971155,12
ENSG00000080503_3,0.24244836,0.0,12
ENSG00000136933,1.9819162,2.7481105,12
ENSG00000167941,0.5675411,0.0,12
ENSG00000160606,2.3086784,1.6966621,12
ENSG00000136938,2.6791854,3.7388575,12
ENSG00000185722,0.22872725,0.0,12
ENSG00000087152_1,2.6971354,2.3406227,12
ENSG00000141279_2,2.4605896,2.1973302,12
ENSG00000122711,0.53295517,0.7132637,12
ENSG00000068079,1.8030492,2.5488536,12
ENSG00000108854,2.1193626,1.8793367,12
ENSG00000267023,0.617682,0.73745507,12
ENSG00000119335_1,2.245743,1.8568255,12
ENSG00000173838,0.16192287,0.669763,12
ENSG00000159184,1.0277222,0.93843967,12
ENSG00000204291,1.4097433,1.1031809,12
ENSG00000175155,1.7627786,1.596124,12
ENSG00000230148_1,0.3905906,0.9716469,12
ENSG00000148308,2.2365935,2.8723323,12
ENSG00000011143,2.0662112,2.355756,12
ENSG00000182628_1,2.681715,0.0,12
ENSG00000120160,0.12118915,0.0,12
ENSG00000267432,2.2307813,0.36410052,12
ENSG00000204952,0.57384884,0.0,12
ENSG00000107077_1,2.8867185,1.8992404,12
ENSG00000109065,2.2982209,2.1205804,12
ENSG00000237886,0.6480676,0.85746515,12
ENSG00000265000,1.0752293,0.0,12
ENSG00000167114,2.2289221,2.1817923,12
ENSG00000177885,1.5884161,1.7939858,12
ENSG00000225434,0.4972936,0.0,12
ENSG00000252542,0.33480936,0.0,12
ENSG00000171403,0.741729,0.89535624,12
ENSG00000186407,0.20055103,0.0,12
ENSG00000175893,2.084338,2.338293,12
ENSG00000226609,1.890523,0.0,12
ENSG00000176919,0.8119204,0.0,12
ENSG00000182938,0.88012505,1.1240149,12
ENSG00000204706,1.5429095,0.83925176,12
ENSG00000141068_1,0.5910611,0.0,12
ENSG00000197879,2.4149466,2.2493231,12
ENSG00000196730_2,2.4076693,2.3631868,12
ENSG00000108666_1,2.0574927,2.401004,12
ENSG00000148346,0.37250403,0.0,12
ENSG00000237339,0.47621265,0.0,12
ENSG00000169733,1.2712648,1.0404046,12
ENSG00000179673,1.4442712,1.3372995,12
ENSG00000188959,0.5051465,0.0,12
ENSG00000095321,2.247436,1.6050678,12
ENSG00000267394,1.8746498,1.0285916,12
ENSG00000054148,2.288339,2.3716404,12
ENSG00000136950,2.5461712,1.7365558,12
ENSG00000108424_1,2.4633937,1.6739328,12
ENSG00000273706,1.2913201,1.2677583,12
ENSG00000198265,1.9386789,2.7139306,12
ENSG00000172889_1,0.5314573,0.96082264,12
ENSG00000136827,2.1733558,2.6415484,12
ENSG00000168517_1,2.6537247,1.214579,12
ENSG00000161940,0.5763334,0.0,12
ENSG00000185863,0.43269494,0.0,12
ENSG00000107187_1,1.3030982,1.2257227,12
ENSG00000176974,2.1789792,2.3069866,12
ENSG00000179593,0.41963616,0.87681806,12
ENSG00000213424,0.34948024,0.0,12
ENSG00000225194_1,1.0293108,0.9368303,12
ENSG00000291185,0.8138757,0.0,12
ENSG00000161594,0.28842866,0.65431136,12
ENSG00000158169_2,1.6828759,0.0,12
ENSG00000119523,2.988239,2.6083014,12
ENSG00000136783,2.2848074,2.4492161,12
ENSG00000263843,2.559283,1.4364806,12
ENSG00000261192,0.976557,1.1867586,12
ENSG00000080608,2.46054,0.0,12
ENSG00000279886,0.6487844,0.8115549,12
ENSG00000232859,2.0801964,1.8238978,12
ENSG00000141367,2.9402125,3.3404758,12
ENSG00000080503_4,1.2162337,0.0,12
ENSG00000161513_1,2.5447297,2.6595187,12
ENSG00000277370,1.6259239,1.3143308,12
ENSG00000067191_2,2.0047202,1.9612597,12
ENSG00000168961,1.779016,0.0,12
ENSG00000067596,2.4167407,2.7070606,12
ENSG00000129255,2.7500088,2.777869,12
ENSG00000280496,0.7738222,0.66058093,12
ENSG00000120156,0.24583346,1.2383171,12
ENSG00000141337_1,2.7390683,1.963599,12
ENSG00000108509_2,2.5594962,2.2582061,12
ENSG00000154330,0.6453093,1.2730476,12
ENSG00000109061,0.14464816,0.0,12
ENSG00000287431,2.2675216,1.5303662,12
ENSG00000136908,2.112368,2.517407,12
ENSG00000167525_3,1.5931125,1.4921875,12
ENSG00000136928,1.851005,2.4408147,12
ENSG00000136802_1,0.33729163,0.67889154,12
ENSG00000005961,0.5128716,0.75278574,12
ENSG00000258890,2.684812,2.2584002,12
ENSG00000141699,2.7448478,2.5638323,12
ENSG00000196730_1,2.1850693,2.625017,12
ENSG00000230537,0.3577151,0.0,12
ENSG00000120071_4,2.2523398,1.9416704,12
ENSG00000119414,2.4926002,2.9107604,12
ENSG00000034152,2.3351653,2.8180609,12
ENSG00000234323_2,0.24715033,0.0,12
ENSG00000221676,1.7898171,0.0,12
ENSG00000197063_1,2.1115649,2.2031744,12
ENSG00000188581,0.6916779,1.913888,12
ENSG00000182173,2.1473348,2.198855,12
ENSG00000293480,1.6344277,1.5411422,12
ENSG00000148057,2.2544754,1.8064513,12
ENSG00000161647,1.6818056,1.3602525,12
ENSG00000156345,1.2128545,0.0,12
ENSG00000126337,0.49060103,0.82245576,12
ENSG00000174038,0.27586392,0.0,12
ENSG00000108654,0.3853246,1.0871422,12
ENSG00000135063,1.6364667,1.8172348,12
ENSG00000121058,1.8616651,2.740098,12
ENSG00000148156,0.69739044,0.0,12
ENSG00000125434,2.2818751,1.9907782,12
ENSG00000136813_1,1.5780768,2.8847048,12
ENSG00000184925,0.56304234,0.95616364,12
ENSG00000130560,2.3872926,2.0255556,12
ENSG00000142484,0.46100095,0.6005046,12
ENSG00000167525,1.5885568,0.0,12
ENSG00000129194,0.5716138,0.8181599,12
ENSG00000212899,0.32547083,0.4479019,12
ENSG00000189051,0.52886856,1.1608286,12
ENSG00000187838_1,2.1649055,2.5509129,12
ENSG00000120158,2.559721,2.082997,12
ENSG00000154016,1.6986201,2.1115515,12
ENSG00000136448,2.813958,3.6734595,12
ENSG00000070540,2.4482934,1.9679129,12
ENSG00000131480,0.39013448,0.0,12
ENSG00000159202,2.714341,2.7020686,12
ENSG00000167100_1,1.5818206,1.8053173,12
ENSG00000198467_3,1.3034647,1.8736984,12
ENSG00000173812,2.850088,4.0395174,12
ENSG00000107282,1.6835272,1.6805531,12
ENSG00000235361,2.1863625,0.9182925,12
ENSG00000291110,1.2975125,1.7440675,12
ENSG00000092931_2,0.34777716,0.0,12
ENSG00000107105_3,0.70544744,0.0,12
ENSG00000262165_1,1.8045504,1.5754995,12
ENSG00000186860,0.8629632,1.6397852,12
ENSG00000275410,1.1685766,2.8511972,12
ENSG00000213859,2.344736,1.9773211,12
ENSG00000106772,0.38065988,0.0,12
ENSG00000136811,0.34896943,0.0,12
ENSG00000225626,0.42924643,0.0,12
ENSG00000138835_5,1.1692262,0.0,12
ENSG00000166750,1.3363848,1.3658248,12
ENSG00000120158_1,0.27938896,0.0,12
ENSG00000188386,0.65817225,0.0,12
ENSG00000107147,1.033184,0.91307175,12
ENSG00000122694,1.6737508,1.6206981,12
ENSG00000178921,2.550136,1.4805387,12
ENSG00000186075,2.6954894,0.88799965,12
ENSG00000262188,0.673754,0.85743505,12
ENSG00000142507,2.1132562,3.229116,12
ENSG00000165025,2.196234,2.0447946,12
ENSG00000108518,2.754083,4.5606213,12
ENSG00000108829,2.2715576,3.096044,12
ENSG00000198722,1.4829634,1.4011074,12
ENSG00000107223,2.4265227,3.5232053,12
ENSG00000007237_6,1.6671108,1.3589622,12
ENSG00000108509,1.1194472,0.0,12
ENSG00000136918,1.3671391,0.87488174,12
ENSG00000119333,2.7439392,0.0,12
ENSG00000121057_3,0.3327801,1.6613393,12
ENSG00000141526_2,2.3091314,2.3973837,12
ENSG00000148180_3,0.28795058,0.0,12
ENSG00000175787,1.6597302,1.5697297,12
ENSG00000126882,2.1926332,1.5516452,12
ENSG00000169925_1,2.3812099,2.344058,12
ENSG00000108592_1,2.5879772,3.2553039,12
ENSG00000234327,2.3748329,2.571025,12
ENSG00000164976,1.5282207,1.3742038,12
ENSG00000108352,1.4682739,1.9156584,12
ENSG00000131096,0.6368041,0.0,12
ENSG00000083454,1.9476722,1.5588285,12
ENSG00000233098_2,0.42079172,0.60056996,12
ENSG00000141551_2,2.470072,2.481417,12
ENSG00000198000_1,2.609009,2.929659,12
ENSG00000072134,1.759381,0.0,12
ENSG00000087191,2.5931382,3.0238736,12
ENSG00000141068_2,0.30757675,0.9716469,12
ENSG00000175866,1.666175,1.4395221,12
ENSG00000179761,0.45394108,0.0,12
ENSG00000132518,0.7037579,0.0,12
ENSG00000106868,1.8471079,0.0,12
ENSG00000119509,2.5250947,2.0243955,12
ENSG00000136802,2.463258,2.243058,12
ENSG00000108479,1.6724055,2.166513,12
ENSG00000235387,0.38786867,0.0,12
ENSG00000214860,0.6215309,0.0,12
ENSG00000080503,2.6568956,3.25685,12
ENSG00000125686,2.2705472,2.5995982,12
ENSG00000007237_5,0.39762047,0.0,12
ENSG00000165119_2,2.702113,3.7054935,12
ENSG00000213221,2.4306173,2.1366572,12
ENSG00000006744,2.2051797,0.0,12
ENSG00000119321,0.25364113,0.7399677,12
ENSG00000126561_1,0.4477657,1.0443045,12
ENSG00000167107,1.7992936,0.0,12
ENSG00000107371,2.5036547,2.8232589,12
ENSG00000033627,2.2767093,2.6296818,12
ENSG00000175611,2.8102324,1.8357033,12
ENSG00000106723,2.0150383,2.0953088,12
ENSG00000136810,2.6404402,3.5798407,12
ENSG00000178307,2.5721781,2.715614,12
ENSG00000108602_1,0.34194633,0.0,12
ENSG00000123700,1.3782575,1.8234482,12
ENSG00000138835_4,1.0407954,0.0,12
ENSG00000173818_1,2.2331908,1.3136774,12
ENSG00000181222_1,2.7407367,2.0726616,12
ENSG00000186665,2.288521,1.8402379,12
ENSG00000136929,0.24215147,0.0,12
ENSG00000106785,2.4491997,2.534535,12
ENSG00000074660,1.2507199,0.0,12
ENSG00000087111,0.31733662,0.0,12
ENSG00000166260,2.531793,2.6881127,12
ENSG00000120162,1.6431823,2.1247551,12
ENSG00000161653_1,1.1032907,1.1716679,12
ENSG00000141551,0.424115,1.344353,12
ENSG00000275832_2,1.5842202,1.5537132,12
ENSG00000148411,2.0900643,2.2878308,12
ENSG00000187272,0.44470206,0.0,12
ENSG00000106819,0.089577086,0.0,12
ENSG00000277027,2.546868,0.0,12
ENSG00000170190,1.6847279,1.5282738,12
ENSG00000302531,0.6494982,0.9821808,12
ENSG00000122133,0.5418166,0.0,12
ENSG00000136930,2.001346,3.4456913,12
ENSG00000260369,2.7821958,1.962535,12
ENSG00000148218,2.0054855,2.1141105,12
ENSG00000180447,1.4128819,1.5548767,12
ENSG00000200889,0.13963929,0.0,12
ENSG00000135048,1.6994201,1.3718803,12
ENSG00000106829_1,1.9431229,2.9662933,12
ENSG00000167850,0.5439553,1.0404441,12
ENSG00000224383,1.2041867,0.0,12
ENSG00000230601,0.59974444,0.0,12
ENSG00000286718,2.4766,2.2676528,12
ENSG00000108469,0.71283674,0.0,12
ENSG00000167543_1,1.8071964,1.5777675,12
ENSG00000108848,2.5405257,3.343046,12
ENSG00000186350_1,0.84067,1.373721,12
ENSG00000177728_1,0.7607355,0.91828257,12
ENSG00000147883,1.5765369,1.4269664,12
ENSG00000122735,1.1440873,0.41629094,12
ENSG00000005156,2.5041819,2.608526,12
ENSG00000073350,1.7186433,1.6608237,12
ENSG00000261978,0.95558274,0.9334873,12
ENSG00000141027,0.18078148,0.0,12
ENSG00000141698,1.4609962,2.2463164,12
ENSG00000285822,0.6891663,0.7269064,12
ENSG00000132530,0.7163266,0.0,12
ENSG00000167925,1.184767,2.084165,12
ENSG00000278505,0.3818562,0.90427184,12
ENSG00000119397_1,1.9047496,2.1678045,12
ENSG00000124422,2.8502762,3.1496162,12
ENSG00000178502,2.3266132,2.450189,12
ENSG00000005884,1.7760423,2.040377,12
ENSG00000273559,2.4391286,2.513504,12
ENSG00000283439,0.35017428,0.73223287,12
ENSG00000107290,2.8258965,2.6898324,12
ENSG00000131477_1,1.5853916,1.38616,12
ENSG00000171532,0.7187216,0.88430816,12
ENSG00000132470,1.7716576,1.7648633,12
ENSG00000204316_1,2.2528043,2.9683287,12
ENSG00000126883_4,0.21831185,0.0,12
ENSG00000087111_2,2.5205445,2.997589,12
ENSG00000141456,0.55676144,1.7463772,12
ENSG00000293325,0.8989775,0.0,12
ENSG00000276293,2.612437,2.1150377,12
ENSG00000172156,0.24614657,0.86142087,12
ENSG00000185269,1.4396228,1.3552983,12
ENSG00000184650,0.36099878,0.0,12
ENSG00000180901,0.50032496,0.0,12
ENSG00000157637_1,2.482925,2.3144908,12
ENSG00000106991_1,1.130897,1.5312105,12
ENSG00000167118,2.2926056,3.0180385,12
ENSG00000165699_1,1.0103813,0.84538335,12
ENSG00000108839,1.1558127,1.5954411,12
ENSG00000132507_2,2.8161693,2.8332975,12
ENSG00000012048,0.20379493,0.0,12
ENSG00000287553,2.4989083,1.1479853,12
ENSG00000132141,2.547407,1.5993229,12
ENSG00000197579,2.2573044,2.4111314,12
ENSG00000130957,0.4291827,0.49596038,12
ENSG00000108344,2.6690469,3.150695,12
ENSG00000161405_1,2.628228,3.0980654,12
ENSG00000277399,0.6146661,0.9865926,12
ENSG00000137073_1,2.7359526,2.9054344,12
ENSG00000068489,2.3741143,3.0159461,12
ENSG00000213246,2.6296484,2.966704,12
ENSG00000228395,2.4014738,1.5701108,12
ENSG00000129195,2.0287144,1.9749389,12
ENSG00000123453_2,0.29828668,0.0,12
ENSG00000119326,2.1252894,2.288607,12
ENSG00000109101_1,0.6798657,1.473846,12
ENSG00000109047,0.70901287,0.0,12
ENSG00000260785,0.10679684,0.0,12
ENSG00000198740,2.5284455,2.2113342,12
ENSG00000167183,0.66651833,0.0,12
ENSG00000266962,2.558331,2.3023698,12
ENSG00000147905_1,0.340935,0.0,12
ENSG00000108510,2.2982109,1.4704692,12
ENSG00000106772_1,0.21041098,0.6728365,12
ENSG00000130635,1.4846683,1.4842429,12
ENSG00000119403,1.8759212,0.7132805,12
ENSG00000266714,0.44097197,1.2240407,12
ENSG00000204277,0.60922647,0.0,12
ENSG00000169738_2,2.1775892,2.8791316,12
ENSG00000136848_1,1.434659,1.3646166,12
ENSG00000221829,2.360558,0.0,12
ENSG00000108773,1.6636543,1.4061824,12
ENSG00000170703,0.9715221,1.2004948,12
ENSG00000119321_1,2.5070708,2.7108574,12
ENSG00000266970,1.9122642,0.811575,12
ENSG00000097007,2.4214442,1.7524941,12
ENSG00000108932,2.3766441,1.3634051,12
ENSG00000214226,2.3487203,2.1323879,12
ENSG00000136878,2.5597417,2.0305917,12
ENSG00000178445_1,0.51959026,1.2776574,12
ENSG00000197816_1,0.4006827,0.0,12
ENSG00000170296,1.1552995,1.1499884,12
ENSG00000198000,2.1948311,2.868254,12
ENSG00000236404,1.4207681,1.4401058,12
ENSG00000179111,0.64696157,0.0,12
ENSG00000173838_1,1.0608943,1.2472365,12
ENSG00000165689,2.599087,2.5791626,12
ENSG00000204237,2.7022707,2.091927,12
ENSG00000185862,1.0853584,0.0,12
ENSG00000107249,0.98522127,1.2646998,12
ENSG00000123975,2.8293164,3.529153,12
ENSG00000179409,2.5176275,2.0456164,12
ENSG00000007171,0.25817937,0.0,12
ENSG00000108375,0.7193736,1.9395243,12
ENSG00000154975,1.3085244,1.415591,12
ENSG00000126368,1.6390035,1.7342557,12
ENSG00000198909,2.3814647,2.2661612,12
ENSG00000108924,1.1185023,1.258302,12
ENSG00000267002,2.6766646,1.3365117,12
ENSG00000227036,2.5676534,1.6763552,12
ENSG00000181778,0.26890966,0.0,12
ENSG00000076604,2.6066701,2.713938,12
ENSG00000239704,0.24938166,0.0,12
ENSG00000107105_1,1.6319879,1.8298181,12
ENSG00000159640_1,1.5419323,0.9880236,12
ENSG00000184060_1,1.3251786,1.4210771,12
ENSG00000266934,0.34030902,0.7159616,12
ENSG00000004939_1,0.5546591,0.0,12
ENSG00000119139,1.1586154,1.9279346,12
ENSG00000108370,2.315892,1.0177844,12
ENSG00000185245,0.7792648,1.0998291,12
ENSG00000063015_1,1.4959912,1.670895,12
ENSG00000005882,2.0355468,0.0,12
ENSG00000167106_1,2.5157719,1.9582819,12
ENSG00000175164,1.3774405,1.0365092,12
ENSG00000177239,2.6237624,2.3336084,12
ENSG00000172724,0.4700365,0.0,12
ENSG00000214941,2.454791,0.0,12
ENSG00000182612,0.4725494,0.0,12
ENSG00000270647,2.7826211,3.4987254,12
ENSG00000109089,1.1997274,1.5052178,12
ENSG00000186185,2.262882,2.590572,12
ENSG00000141582,2.199568,2.7148912,12
ENSG00000197079,0.4767167,1.1904438,12
ENSG00000148090,1.8177698,2.1446147,12
ENSG00000187616,0.5228796,0.0,12
ENSG00000189152,1.6673346,2.2715628,12
ENSG00000187753,0.4521526,0.0,12
ENSG00000197170,2.3675299,3.0216522,12
ENSG00000109062,2.249575,2.5724418,12
ENSG00000108825_1,1.0152698,0.0,12
ENSG00000159921_1,0.28008926,0.647862,12
ENSG00000172171,1.9734905,0.0,12
ENSG00000141505_1,0.41796237,0.6877251,12
ENSG00000176927_1,0.14073282,0.0,12
ENSG00000231806,0.79253566,1.2528772,12
ENSG00000129226,1.5867622,1.9912127,12
ENSG00000198231,2.7098825,2.6674006,12
ENSG00000278259_2,2.5465508,2.1373858,12
ENSG00000073584_1,1.2838948,1.8310695,12
ENSG00000160339,0.41910022,0.0,12
ENSG00000231902,0.24866864,0.0,12
ENSG00000121073_1,2.679013,2.6069186,12
ENSG00000135052_1,0.79840076,0.0,12
ENSG00000141738_1,0.720809,0.0,12
ENSG00000130222,0.9488658,1.2101847,12
ENSG00000171346,0.32320076,0.0,12
ENSG00000179477_1,0.56768805,0.0,12
ENSG00000094804,2.42074,2.4999304,12
ENSG00000108592,2.3568852,2.4259725,12
ENSG00000266469,2.3053057,1.4963622,12
ENSG00000264424,0.117397554,0.0,12
ENSG00000148180_1,1.5368595,1.5564412,12
ENSG00000141316,0.6950897,0.0,12
ENSG00000065320,1.6683604,1.9931275,12
ENSG00000213977,2.4081857,1.8622924,12
ENSG00000107105_2,0.64233947,0.0,12
ENSG00000141527,0.35122988,0.5897039,12
ENSG00000161958_1,1.1734012,2.0195317,12
ENSG00000169738,0.38845852,0.8267225,12
ENSG00000185527_1,0.52897257,0.5433478,12
ENSG00000095370_3,1.4906937,1.749914,12
ENSG00000287193,2.2407937,0.0,12
ENSG00000005381_2,0.3900109,0.0,12
ENSG00000141504,1.8608441,1.4662075,12
ENSG00000137133,2.8155904,2.3493009,12
ENSG00000176358,0.4104622,0.0,12
ENSG00000167291,0.73667705,1.0404046,12
ENSG00000270806,0.2951758,0.0,12
ENSG00000108830,1.3416789,0.0,12
ENSG00000240813,0.24626286,1.4749181,12
ENSG00000267104,0.60748696,0.0,12
ENSG00000227036_1,2.6465423,2.029749,12
ENSG00000270885,1.1065602,1.4227047,12
ENSG00000004975,2.3691027,2.2006042,12
ENSG00000176170_1,1.9162228,1.4442478,12
ENSG00000148297,2.5559213,2.295844,12
ENSG00000265702,0.19313358,0.0,12
ENSG00000108306,2.330454,1.6790552,12
ENSG00000293499,2.3880692,1.8033205,12
ENSG00000107263_1,2.2789156,2.6331553,12
ENSG00000204323,0.5743519,0.8202606,12
ENSG00000173714,0.66995966,1.7574719,12
ENSG00000095370_1,0.36268395,0.0,12
ENSG00000154914,1.5424417,1.5106388,12
ENSG00000161547,2.619684,3.766241,12
ENSG00000179148,0.8087119,1.1262906,12
ENSG00000137040,1.935387,0.0,12
ENSG00000173801,0.92531717,1.0443437,12
ENSG00000148308_1,2.3428268,2.5068662,12
ENSG00000246731,1.8757467,1.341108,12
ENSG00000267568,0.9095584,0.0,12
ENSG00000164972,0.71420467,0.0,12
ENSG00000126351,1.5453545,0.0,12
ENSG00000170291_1,2.31719,2.4878182,12
ENSG00000233516,0.14222236,0.0,12
ENSG00000148358,2.5931778,2.417392,12
ENSG00000141736,2.2096488,1.8211138,12
ENSG00000062716,2.6756318,2.6695297,12
ENSG00000165688,2.560396,2.936275,12
ENSG00000169583,0.5682285,1.0986714,12
ENSG00000172889,0.57011604,0.0,12
ENSG00000204278,0.7945299,0.0,12
ENSG00000258315,2.8787706,3.2875016,12
ENSG00000214087,2.3662724,2.0567791,12
ENSG00000137098,2.4222565,2.784015,12
ENSG00000106799,2.3838909,2.2248955,12
ENSG00000225376,0.3185363,0.0,12
ENSG00000132383,2.3896964,2.8294132,12
ENSG00000106853_1,0.66497135,0.9924475,12
ENSG00000291022,0.5945654,0.0,12
ENSG00000174238,2.3687804,2.7132754,12
ENSG00000167193,2.6626778,2.324994,12
ENSG00000168610_2,0.27973065,0.9200189,12
ENSG00000165699,2.3433387,2.3659856,12
ENSG00000175175,1.0576177,1.3052653,12
ENSG00000141179,1.768508,1.9112855,12
ENSG00000181031,0.2693534,0.0,12
ENSG00000131899,1.9005624,1.6853117,12
ENSG00000235530,2.584861,1.913708,12
ENSG00000078725,1.4127262,1.5758342,12
ENSG00000165092,0.11207344,0.0,12
ENSG00000182224,2.3841093,1.9653429,12
ENSG00000122692,2.3961468,3.0406222,12
ENSG00000131771_1,0.39785966,0.0,12
ENSG00000119383_5,1.7899944,0.0,12
ENSG00000277791,2.6233103,3.2962549,12
ENSG00000197724,2.005239,2.0533473,12
ENSG00000131097,0.35989875,0.0,12
ENSG00000015532,2.2660239,2.3160124,12
ENSG00000155827,2.3839493,2.1318336,12
ENSG00000130956,1.8684379,2.0496445,12
ENSG00000175866_2,0.340827,0.0,12
ENSG00000161513,0.4383866,0.0,12
ENSG00000175832_2,1.5203909,2.483289,12
ENSG00000225050,0.21241052,0.0,12
ENSG00000233101,0.34194183,0.0,12
ENSG00000070731,1.5261712,1.1599671,12
ENSG00000108523_3,1.4915979,2.2829413,12
ENSG00000223551,0.5660174,4.694259,12
ENSG00000030304,0.2856494,0.0,12
ENSG00000136929_1,0.15964213,0.0,12
ENSG00000175768,2.3615937,3.4920855,12
ENSG00000147896,0.1504155,0.0,12
ENSG00000175061_1,2.7163591,2.927021,12
ENSG00000276234_1,2.2245517,1.6230425,12
ENSG00000167874,0.80732644,0.0,12
ENSG00000172421,0.1520287,0.0,12
ENSG00000122756,1.6973549,0.0,12
ENSG00000133193,2.5279334,3.0057294,12
ENSG00000198467,0.42744136,1.0777311,12
ENSG00000224848,1.0962224,0.97766465,12
ENSG00000167123,0.43040675,0.71870923,12
ENSG00000182557,0.6665069,0.8412969,12
ENSG00000006744_1,2.5435371,3.0367646,12
ENSG00000141522_1,2.4461439,3.3234892,12
ENSG00000181885_1,0.481191,1.0801103,12
ENSG00000223125,0.30022633,1.8296099,12
ENSG00000291063,1.1696196,1.6887757,12
ENSG00000274736,0.23069295,1.32789,12
ENSG00000074370,2.2743573,2.45992,12
ENSG00000213416,0.8710313,1.3122239,12
ENSG00000137054,2.5465653,2.8259509,12
ENSG00000067191,0.45460624,0.9497802,12
ENSG00000131242,2.1172576,2.1757987,12
ENSG00000136840,2.4151046,2.4012265,12
ENSG00000177731,2.2489207,2.3684375,12
ENSG00000132530_1,1.0718994,1.31575,12
ENSG00000173917,0.78442013,0.0,12
ENSG00000108556_1,0.7212479,0.0,12
ENSG00000133027,0.5744163,0.8613552,12
ENSG00000121073_2,0.5682628,0.74261516,12
ENSG00000207955,1.1646054,1.4889172,12
ENSG00000108511,0.35773572,0.83298767,12
ENSG00000291169,0.29964805,0.0,12
ENSG00000126861,0.26703095,0.0,12
ENSG00000122756_1,1.3940649,1.1867304,12
ENSG00000108622,0.32032296,0.0,12
ENSG00000186919,0.74974644,1.223937,12
ENSG00000106829,2.0137634,2.9726837,12
ENSG00000002834_1,2.660271,3.3016355,12
ENSG00000185527,0.5922669,0.0,12
ENSG00000262730,0.49112236,1.6100348,12
ENSG00000120210,0.80614865,0.0,12
ENSG00000148337,2.2569315,2.8408568,12
ENSG00000127774,2.4103186,2.800454,12
ENSG00000136942,2.736036,4.3490114,12
ENSG00000108244,0.2619555,0.0,12
ENSG00000198336_1,0.44955862,0.93180865,12
ENSG00000274996,0.26197267,0.0,12
ENSG00000186395,0.30604815,1.0519625,12
ENSG00000107186_2,0.17049028,0.0,12
ENSG00000136859,0.96873116,1.0644093,12
ENSG00000136932,2.7368188,2.2843337,12
ENSG00000108883_1,2.4914525,3.0843046,12
ENSG00000277688,0.56731844,0.6041504,12
ENSG00000273611,2.2590034,2.5759969,12
ENSG00000235641,0.20558973,0.6381197,12
ENSG00000119139_3,0.3214255,0.0,12
ENSG00000268996,2.6915908,1.9070888,12
ENSG00000121104_1,2.6846228,1.3843248,12
ENSG00000108666,2.0712433,1.3749169,12
ENSG00000173762,0.6110791,1.3664416,12
ENSG00000121101,0.58644354,0.6214671,12
ENSG00000126860,0.76775444,0.0,12
ENSG00000153944_1,1.2735953,1.4100649,12
ENSG00000173821,2.4423866,1.9838653,12
ENSG00000120068,1.0622783,1.5829833,12
ENSG00000141485,1.0559905,0.9791385,12
ENSG00000204136,1.4811428,1.5403545,12
ENSG00000160445,2.3878458,2.1108422,12
ENSG00000107201,1.8913366,0.0,12
ENSG00000278540_1,2.3750913,1.2939368,12
ENSG00000197879_1,2.1069489,1.7427565,12
ENSG00000141258_1,2.3276572,1.4724493,12
ENSG00000157693,2.794038,2.0436294,12
ENSG00000177303,0.43310744,0.67584246,12
ENSG00000090054,2.3762567,2.79719,12
ENSG00000148153,2.2400901,2.5018013,12
ENSG00000136436_1,0.30927047,0.0,12
ENSG00000068120,2.2332628,2.997319,12
ENSG00000148248,2.5473397,2.7425547,12
ENSG00000196712_1,1.5855973,1.312262,12
ENSG00000147889_1,2.1074622,2.5610058,12
ENSG00000108389_1,2.6957333,2.1053433,12
ENSG00000196422,1.6956832,2.0049658,12
ENSG00000161544,1.4273071,2.041669,12
ENSG00000181481,2.538139,2.1712582,12
ENSG00000182459,0.348726,0.0,12
ENSG00000160606_1,2.3117845,0.0,12
ENSG00000175764,1.9349803,2.0025418,12
ENSG00000197768,0.5298419,0.89164895,12
ENSG00000159884,2.7059112,2.0666838,12
ENSG00000161955_1,1.4100187,1.4662446,12
ENSG00000215126,2.132846,3.068301,12
ENSG00000250850,2.095668,1.9556348,12
ENSG00000170412_1,1.290833,1.2358061,12
ENSG00000171302,2.3635533,2.52423,12
ENSG00000119403_1,2.5131097,2.5954895,12
ENSG00000196814,1.9167869,1.5608269,12
ENSG00000161381_1,0.75328565,0.0,12
ENSG00000122140,1.9528435,3.3163815,12
ENSG00000007168,2.4610338,2.9389298,12
ENSG00000172301_1,1.769,2.4838724,12
ENSG00000188647,0.14301918,1.0929346,12
ENSG00000171634,2.4411616,2.7783322,12
ENSG00000266402,2.689319,3.1907685,12
ENSG00000167103,0.30892998,0.793555,12
ENSG00000108784,2.4659784,2.207365,12
ENSG00000173826,1.2244554,0.9368102,12
ENSG00000048828,2.5203087,3.1984124,12
ENSG00000131737,0.59244335,0.0,12
ENSG00000131771,0.9121529,1.5791317,12
ENSG00000148200,2.5490706,1.9657519,12
ENSG00000108961,2.230379,2.8715935,12
ENSG00000125457_1,2.588741,2.3532043,12
ENSG00000007237_1,0.5125098,1.0052663,12
ENSG00000226197,0.15958364,0.0,12
ENSG00000171928,2.2367146,2.2814243,12
ENSG00000109072,0.6988269,1.585147,12
ENSG00000224877,2.3434317,3.087998,12
ENSG00000264044,0.2639921,0.0,12
ENSG00000188554_1,2.7787693,2.4388444,12
ENSG00000170175,0.86313593,1.258278,12
ENSG00000212721,0.82855904,0.0,12
ENSG00000134996,2.5658326,2.8854218,12
ENSG00000266088,0.5796844,2.6052814,12
ENSG00000167720,2.5938737,1.9990044,12
ENSG00000153822_2,0.22899795,0.0,12
ENSG00000291172,0.15315136,0.0,12
ENSG00000068137_1,2.034156,2.4684167,12
ENSG00000141753,1.749006,2.1876702,12
ENSG00000137077,0.401313,0.0,12
ENSG00000148219_1,1.6830189,1.8321894,12
ENSG00000291209,1.1639448,1.3024608,12
ENSG00000196169,1.510553,0.0,12
ENSG00000165209,2.4937134,2.7579045,12
ENSG00000136457,1.3154783,0.0,12
ENSG00000141027_1,2.713124,2.8503633,12
ENSG00000137103,2.0914881,2.2461538,12
ENSG00000168259,2.5431445,1.5509129,12
ENSG00000196196,0.81524146,1.1469958,12
ENSG00000233101_1,0.69588006,1.0122465,12
ENSG00000056558_1,1.8501163,1.9768542,12
ENSG00000278834,2.638056,2.127623,12
ENSG00000073350_1,0.5108099,0.0,12
ENSG00000006125_1,0.27103686,0.7700268,12
ENSG00000200538,0.28558353,0.0,12
ENSG00000178927,2.513005,2.2802777,12
ENSG00000187024_1,0.81814027,0.8824505,12
ENSG00000207277,1.9484477,1.4155409,12
ENSG00000167291_1,1.6209508,1.5088124,12
ENSG00000171431,0.4630417,0.49596038,12
ENSG00000173065,2.292407,1.4709556,12
ENSG00000174326,0.85096645,1.7115281,12
ENSG00000177427,2.2784986,1.5697951,12
ENSG00000276170,0.48867205,0.0,12
ENSG00000108946_2,2.298745,1.2479683,12
ENSG00000214401,2.9262817,1.5592362,12
ENSG00000278311,2.499723,2.66272,12
ENSG00000044574,2.8776996,3.7641866,12
ENSG00000184640_8,1.7270515,2.192428,12
ENSG00000183979,1.4746486,1.3519509,12
ENSG00000184640_6,1.4468719,1.8323684,12
ENSG00000148229,2.6958346,2.765072,12
ENSG00000108679,0.5124999,0.0,12
ENSG00000227517,0.1887889,0.0,12
ENSG00000196873,2.226825,0.0,12
ENSG00000148123,1.2945893,1.4274698,12
ENSG00000288989,2.4803386,1.5423896,12
ENSG00000108433,2.499715,2.437535,12
ENSG00000233198,0.5947219,0.7843391,12
ENSG00000267280_1,1.6655486,1.47201,12
ENSG00000147854,2.719667,2.651741,12
ENSG00000095261,2.564575,2.19757,12
ENSG00000290585_1,0.98327494,0.0,12
ENSG00000132535,1.3571901,0.7820137,12
ENSG00000078687,2.2787912,2.4048166,12
ENSG00000073605,0.40308374,0.0,12
ENSG00000126883_1,1.40081,0.0,12
ENSG00000172123_1,1.3461208,1.5386817,12
ENSG00000221926_1,1.0715601,0.0,12
ENSG00000186868,1.6547967,1.5066403,12
ENSG00000165181_3,0.47431552,0.0,12
ENSG00000109113,1.555295,1.1687626,12
ENSG00000141524_1,2.1093104,2.048131,12
ENSG00000169696_1,0.629248,0.9060655,12
ENSG00000167858,0.6234931,0.0,12
ENSG00000135052,1.8707395,1.519316,12
ENSG00000198443,0.6582651,1.4034122,12
ENSG00000148337_1,2.1372845,2.9088066,12
ENSG00000148384,1.8704692,2.1548347,12
ENSG00000196642,2.4759815,2.7652512,12
ENSG00000188895,2.1673222,2.3841813,12
ENSG00000086102,2.8661559,2.8655334,12
ENSG00000007237_4,1.4664234,0.0,12
ENSG00000228696,2.3030365,0.0,12
ENSG00000040633,1.7313089,0.0,12
ENSG00000108255,0.37049904,0.0,12
ENSG00000283526,1.2010978,1.2996162,12
ENSG00000070444,2.5399706,2.3233964,12
ENSG00000213927,0.4211709,0.9716469,12
ENSG00000136856,2.4167848,1.7612059,12
ENSG00000185504,2.3830225,2.1175961,12
ENSG00000141279,0.12816538,0.0,12
ENSG00000262049,2.4936604,2.0243626,12
ENSG00000165118,1.7143121,2.5760279,12
ENSG00000006788,0.17893761,0.0,12
ENSG00000278535,1.8610992,2.1185756,12
ENSG00000165269_1,0.5925609,0.0,12
ENSG00000092929_1,2.115648,2.1463482,12
ENSG00000107099,1.9871637,1.5579882,12
ENSG00000168256,2.0956032,2.3175724,12
ENSG00000081377_1,1.4957281,1.7064618,12
ENSG00000172159,0.18041055,0.0,12
ENSG00000285947,1.2441003,0.0,12
ENSG00000228392,0.76590884,1.2119744,12
ENSG00000081377,1.3930321,1.7422851,12
ENSG00000141568_1,0.49922693,0.0,12
ENSG00000106992,0.3435486,0.0,12
ENSG00000130717,2.1153452,1.6858402,12
ENSG00000165152,0.9661771,1.0619423,12
ENSG00000173068,0.30548322,0.0,12
ENSG00000056586,2.698436,1.946177,12
ENSG00000137135,2.396525,2.2240694,12
ENSG00000108551,1.4096749,1.2462991,12
ENSG00000173805,1.3574235,1.1849184,12
ENSG00000293514,2.6234307,2.0524669,12
ENSG00000241322,0.29243663,0.0,12
ENSG00000197816,0.6263244,0.67582417,12
ENSG00000165233,2.1197798,1.9223621,12
ENSG00000137038,2.0050054,3.0236886,12
ENSG00000174282,2.2117808,2.081495,12
ENSG00000179604,2.1798558,2.072588,12
ENSG00000167895,1.9854048,2.8665502,12
ENSG00000277511,2.1461196,0.0,12
ENSG00000275718,0.22872779,0.0,12
ENSG00000119125_1,1.3345826,1.672735,12
ENSG00000178971,2.666036,2.4020686,12
ENSG00000141232,2.4828365,2.2690692,12
ENSG00000170043,2.5688076,3.1485348,12
ENSG00000136861,2.2505438,1.3607525,12
ENSG00000231107,0.40780595,0.0,12
ENSG00000185294,0.41676408,0.0,12
ENSG00000198496,2.1177006,0.0,12
ENSG00000141564,1.192671,2.5905833,12
ENSG00000291075_1,0.36885124,1.0765349,12
ENSG00000276070,0.7845193,3.518481,12
ENSG00000108244_2,0.1685237,0.53087944,12
ENSG00000167740,2.499336,0.0,12
ENSG00000161920,2.3157916,2.4219575,12
ENSG00000239705,2.3956358,1.6224524,12
ENSG00000107140,2.1857736,2.1874728,12
ENSG00000141378,2.709757,2.7338655,12
ENSG00000180329,2.0291824,2.74687,12
ENSG00000235448_1,0.18147248,0.0,12
ENSG00000293440_1,0.2631733,0.0,12
ENSG00000106991,0.44895297,0.0,12
ENSG00000095397,1.3672221,2.5493257,12
ENSG00000108828,1.5220908,2.1997004,12
ENSG00000136872,0.19272809,0.0,12
ENSG00000188566,2.3199465,2.561154,12
ENSG00000230148,2.2344148,2.2516139,12
ENSG00000172782,1.3263352,0.0,12
ENSG00000176108,2.0190535,2.13007,12
ENSG00000006059,0.6053407,0.0,12
ENSG00000068097,1.6898205,2.328946,12
ENSG00000225194,1.0953733,1.2332754,12
ENSG00000108417,0.41840813,0.0,12
ENSG00000175866_1,0.64246035,0.6349204,12
ENSG00000167699,2.3236902,3.0246415,12
ENSG00000119383_2,2.2604067,1.6456089,12
ENSG00000196388,2.0294619,1.2835047,12
ENSG00000120215,0.29946256,0.47735283,12
ENSG00000167085,1.9991125,0.0,12
ENSG00000198933,1.5702757,1.3378385,12
ENSG00000092931_1,2.3977947,1.0204856,12
ENSG00000131477,0.76549864,1.2584697,12
ENSG00000108528,2.8586602,2.577508,12
ENSG00000171396,0.7815914,1.4964037,12
ENSG00000172057,1.4564732,0.9880682,12
ENSG00000181523_1,1.2289814,1.206691,12
ENSG00000264399,2.359555,2.4744158,12
ENSG00000136450_1,2.8753178,3.5255086,12
ENSG00000054179,1.6031616,1.4903238,12
ENSG00000169718_1,1.997956,2.6080241,12
ENSG00000107331,0.8198589,0.0,12
ENSG00000175931,2.3050592,2.2172759,12
ENSG00000237560,0.35795978,0.0,12
ENSG00000128487_2,2.5273056,2.5577478,12
ENSG00000108960,2.5742257,1.7401977,12
ENSG00000072778,2.0383668,2.718137,12
ENSG00000167716_1,2.5917122,2.0087278,12
ENSG00000170296_1,2.4781148,3.0458822,12
ENSG00000108788_1,2.5264285,1.4321994,12
ENSG00000131738,0.5267632,0.0,12
ENSG00000121067,2.4393127,2.7660134,12
ENSG00000106688,2.6044075,1.807738,12
ENSG00000072818,2.149997,1.9006511,12
ENSG00000168795,2.9264593,2.1922941,12
ENSG00000267280,0.9390658,1.2873538,12
ENSG00000183011,2.8313706,2.8249273,12
ENSG00000184988,2.3326597,2.543892,12
ENSG00000290657,0.7707807,0.0,12
ENSG00000214946,0.30830866,0.0,12
ENSG00000132478,3.0669966,2.5619595,12
ENSG00000064195,1.0702678,0.0,12
ENSG00000198920,0.19711077,0.0,12
ENSG00000185379,2.3064969,2.0192575,12
ENSG00000188647_1,2.503527,2.3722067,12
ENSG00000262481,1.9298284,2.7377794,12
ENSG00000125409,0.7831212,0.0,12
ENSG00000132535_4,1.7543378,0.0,12
ENSG00000204347,0.60464096,0.0,12
ENSG00000141505,0.46980783,0.0,12
ENSG00000073670,1.7021568,1.5784215,12
ENSG00000175866_5,0.60779953,1.5140561,12
ENSG00000222465,0.2736252,0.0,12
ENSG00000167419_1,0.2798133,0.5933082,12
ENSG00000108813_1,0.7522346,0.0,12
ENSG00000205309,2.1307766,1.8625131,12
ENSG00000153982,1.9432826,0.0,12
ENSG00000196535,1.9288487,2.2720737,12
ENSG00000234899,0.21464626,0.0,12
ENSG00000173991,0.38462764,1.0122887,12
ENSG00000153822,0.18084335,0.0,12
ENSG00000170222,2.3669865,2.0606337,12
ENSG00000108468_1,2.5936873,3.1489203,12
ENSG00000167302,2.3128364,1.9051101,12
ENSG00000184009,2.6011689,4.8447704,12
ENSG00000132510,1.3202101,1.3687423,12
ENSG00000131748_1,0.5459888,1.1031535,12
ENSG00000095380,2.5864322,2.1380563,12
ENSG00000108375_1,1.680397,2.3769417,12
ENSG00000119402,2.5783644,2.5534897,12
ENSG00000107104_2,0.1743111,0.0,12
ENSG00000172809,2.2224617,4.117066,12
ENSG00000267278_1,0.58159375,0.83925176,12
ENSG00000278540,2.3228698,2.5910947,12
ENSG00000141337,2.1417058,1.6236937,12
ENSG00000228072,0.8258493,0.0,12
ENSG00000119457,1.224561,1.290869,12
ENSG00000074356,0.16711518,0.8071425,12
ENSG00000159899,1.3352308,1.3731512,12
ENSG00000161955,1.8133651,2.2182467,12
ENSG00000136488,0.44013384,0.0,12
ENSG00000165115,2.345848,1.6946052,12
ENSG00000167123_2,0.50765157,0.0,12
ENSG00000161542_1,2.5177016,2.607616,12
ENSG00000119446,2.5462046,2.81716,12
ENSG00000171097_1,2.4299898,2.009162,12
ENSG00000005379,2.1596255,2.1854289,12
ENSG00000185681,1.6494393,0.0,12
ENSG00000283329,0.19418316,0.0,12
ENSG00000173258,1.1958327,1.9332554,12
ENSG00000106829_3,2.2057934,1.5632437,12
ENSG00000173068_1,0.3594593,2.3179588,12
ENSG00000169733_1,1.9653208,2.1502345,12
ENSG00000119411,1.4028008,1.3114996,12
ENSG00000012048_1,2.4643815,2.6250737,12
ENSG00000005381_1,0.4467147,0.784389,12
ENSG00000141499_1,2.065191,1.9385548,12
ENSG00000187595,0.61648786,0.0,12
ENSG00000212724,1.0403291,0.0,12
ENSG00000133195,1.8551126,2.175033,12
ENSG00000129214_1,0.59489274,0.0,12
ENSG00000172123,1.3796327,1.3552331,12
ENSG00000167123_1,1.7763212,1.9922485,12
ENSG00000159210,2.4016654,2.4818265,12
ENSG00000169660,1.91785,2.437608,12
ENSG00000182150,2.918195,2.1480532,12
ENSG00000277258,0.6083299,2.002555,12
ENSG00000108883,0.21544906,0.8071628,12
ENSG00000169696_2,0.65374875,0.0,12
ENSG00000197063,0.8149097,1.1764357,12
ENSG00000231806_1,0.62951183,0.0,12
ENSG00000080503_2,2.1133924,1.379106,12
ENSG00000107036,2.959921,2.7122252,12
ENSG00000121057_2,0.37031257,1.4627588,12
ENSG00000136895,1.3474958,1.0789279,12
ENSG00000177984,0.47199243,0.9465947,12
ENSG00000106829_4,0.23144306,0.0,12
ENSG00000023318,2.5200865,3.12197,12
ENSG00000169925_2,1.473069,1.1530217,12
ENSG00000286322_1,0.50101197,0.50046974,12
ENSG00000138835_3,0.62088275,1.214579,12
ENSG00000161958_2,1.5954828,1.8122447,12
ENSG00000136811_1,2.281429,2.865383,12
ENSG00000122705,2.5699131,3.4414327,12
ENSG00000167842_1,2.8258078,2.2236516,12
ENSG00000176160,1.4701824,1.5520229,12
ENSG00000169750,1.9460101,1.7437919,12
ENSG00000167136,2.3148863,2.0029433,12
ENSG00000181856,0.9498714,1.0218506,12
ENSG00000276409,0.2747641,0.0,12
ENSG00000275532,1.2457241,1.0824622,12
ENSG00000086065_1,2.2041256,3.0389378,12
ENSG00000056558,0.4684378,0.815976,12
ENSG00000174327,2.5696719,1.9678942,12
ENSG00000121075,1.2970444,0.97468203,12
ENSG00000176101,2.5809577,2.3874254,12
ENSG00000136877_1,1.9204158,0.0,12
ENSG00000126883_3,0.3199862,0.0,12
ENSG00000167741,0.5735264,0.0,12
ENSG00000197724_1,2.0743606,1.8746557,12
ENSG00000265313,0.18638815,0.0,12
ENSG00000167105,0.6569015,1.4523845,12
ENSG00000107175,2.196392,1.6554939,12
ENSG00000108823,0.5962492,0.68477356,12
ENSG00000130713,2.2412426,0.0,12
ENSG00000176058,2.3768482,2.3686402,12
ENSG00000188878,1.7424622,1.6281201,12
ENSG00000080298,0.297252,0.0,12
ENSG00000120159,2.5780046,1.9218425,12
ENSG00000183978,1.3832397,2.409216,12
ENSG00000092871_2,2.7102892,2.3041673,12
ENSG00000120071,0.24622574,1.0741249,12
ENSG00000141569,2.3690152,2.044383,12
ENSG00000235106,2.14799,1.9846263,12
ENSG00000260230,1.5100613,1.5370001,12
ENSG00000171246,1.6931316,2.17745,12
ENSG00000007168_1,2.494731,2.2050283,12
ENSG00000107263,1.6604166,0.81372106,12
ENSG00000170004,1.8872259,2.5701692,12
ENSG00000183010,1.1976075,1.648116,12
ENSG00000108379,1.1790465,1.1283023,12
ENSG00000080298_1,2.765669,2.8335576,12
ENSG00000120075,0.89606404,0.0,12
ENSG00000106976_1,1.4912826,1.4437479,12
ENSG00000179859,2.3207457,1.8327643,12
ENSG00000108946_1,2.6777046,3.2276502,12
ENSG00000267278_2,1.9672852,1.2638466,12
ENSG00000183010_1,1.9779295,2.405044,12
ENSG00000005102,0.9407364,2.0702152,12
ENSG00000070159,1.6315384,1.409595,12
ENSG00000004660,0.51695997,0.0,12
ENSG00000107105,0.23376256,0.0,12
ENSG00000005238_2,1.649193,0.0,12
ENSG00000136895_2,2.0759199,0.0,12
ENSG00000198642,2.5481112,2.4453707,12
ENSG00000107014,0.7224542,0.0,12
ENSG00000122707,1.5377742,1.6401434,12
ENSG00000178691,2.507136,2.287309,12
ENSG00000033627_1,0.286538,0.0,12
ENSG00000141744,1.4698912,0.0,12
ENSG00000132382,2.3076928,2.9696274,12
ENSG00000179477,1.1860933,1.140841,12
ENSG00000213246_1,1.2688358,1.2306533,12
ENSG00000076351_1,0.8917048,0.0,12
ENSG00000277268,1.3244917,1.1658584,12
ENSG00000252942,0.24544072,0.0,12
ENSG00000283160,2.4458282,0.0,12
ENSG00000155158,1.2922813,1.9815468,12
ENSG00000204706_1,2.3639154,1.4874918,12
ENSG00000293440,2.4495842,1.6493835,12
ENSG00000225190,0.27634192,0.0,12
ENSG00000137106,2.5827792,2.9037302,12
ENSG00000094796,0.6260655,0.8898617,12
ENSG00000277258_1,1.1321049,2.853927,12
ENSG00000089685,1.6918814,2.9766476,12
ENSG00000080503_1,2.6156924,3.147005,12
ENSG00000136950_1,2.781421,2.9535992,12
ENSG00000159314,2.1171758,0.0,12
ENSG00000184811,0.60479295,1.08361,12
ENSG00000178852_1,2.6076815,0.0,12
ENSG00000160349,0.47980022,0.0,12
ENSG00000119314,2.3317845,0.0,12
ENSG00000171169,2.521745,0.0,12
ENSG00000269929,2.8083572,2.1442192,12
ENSG00000187186,0.94951224,0.0,12
ENSG00000204815,1.8650175,1.0163856,12
ENSG00000267206,0.3808805,0.0,12
ENSG00000158079,0.38955376,1.2282643,12
ENSG00000230537_1,0.59459937,1.1218551,12
ENSG00000204897,0.19600722,0.0,12
ENSG00000160345,1.0792749,0.89713204,12
ENSG00000214929,0.18679121,0.0,12
ENSG00000182752,0.12910093,0.0,12
ENSG00000186638,2.6473954,2.1518264,12
ENSG00000137075_1,2.5446641,1.8980228,12
ENSG00000127081,2.1275356,2.1754682,12
ENSG00000171401_1,0.3231586,0.0,12
ENSG00000161381,0.38397202,0.0,12
ENSG00000108423,2.4690316,1.958313,12
ENSG00000234789,0.40432465,1.0443045,12
ENSG00000170315_1,1.9306002,1.0918076,12
ENSG00000136848_2,0.32301983,0.0,12
ENSG00000011258,2.4402165,1.7644078,12
ENSG00000170689,1.2173243,1.4226719,12
ENSG00000165113,2.1356666,1.7646618,12
ENSG00000291110_1,0.28497496,0.0,12
ENSG00000165140_1,0.43554443,0.0,12
ENSG00000185158_1,0.45206696,0.0,12
ENSG00000107020,2.864518,2.5764427,12
ENSG00000165219,2.6244383,2.5506282,12
ENSG00000108654_4,2.6585562,2.3712895,12
ENSG00000147874_1,2.5073335,2.5467868,12
ENSG00000213694,1.344129,1.0801212,12
ENSG00000181031_1,0.5352918,0.85546464,12
ENSG00000267166,0.7039609,0.0,12
ENSG00000197969,2.3896189,2.8180676,12
ENSG00000147872,2.478523,2.6815624,12
ENSG00000171843,0.20176084,0.0,12
ENSG00000204930,0.8310245,0.0,12
ENSG00000131095,0.64771414,1.010868,12
ENSG00000204316,2.384017,2.7069771,12
ENSG00000109099_3,0.23337597,0.0,12
ENSG00000137073,2.8654501,2.8165727,12
ENSG00000035862_1,0.42419872,0.70491374,12
ENSG00000120217,2.5429296,2.9500375,12
ENSG00000169727_1,2.0058832,2.806119,12
ENSG00000267364,0.46189123,0.0,12
ENSG00000167693,1.8304304,1.9962927,12
ENSG00000074356_1,2.3045404,2.707467,12
ENSG00000273702,2.9202616,2.0932815,12
ENSG00000215041,2.7521076,1.8698299,12
ENSG00000136861_1,2.3417137,2.650256,12
ENSG00000161526,2.4067423,2.4977255,12
ENSG00000185624,0.475878,1.4380294,12
ENSG00000041982,0.50092256,0.0,12
ENSG00000285634_1,0.19270115,0.0,12
ENSG00000290656,0.6691358,1.5788397,12
ENSG00000164989,2.3824203,1.7259687,12
ENSG00000167840,2.381697,2.024383,12
ENSG00000204414,0.53269637,0.6005264,12
ENSG00000278259,1.554802,1.2240407,12
ENSG00000272975,0.39118406,1.1366888,12
ENSG00000091583,0.14791757,0.0,12
ENSG00000177992,0.2632184,0.0,12
ENSG00000007168_2,2.2191775,1.7937834,12
ENSG00000178999,2.4044323,1.5277716,12
ENSG00000167543,1.610353,1.3993968,12
ENSG00000141741,2.1621897,2.425575,12
ENSG00000264666,2.161298,2.5215003,12
ENSG00000270379,0.2757992,0.0,12
ENSG00000108582,2.1744094,2.419442,12
ENSG00000106976,2.251343,2.2468014,12
ENSG00000271086,2.6332228,1.7360218,12
ENSG00000185168,0.36852583,0.0,12
ENSG00000184640_3,1.5419672,0.0,12
ENSG00000120211,0.3237728,0.0,12
ENSG00000129657_2,2.6056163,2.1918924,12
ENSG00000132514,0.33636463,0.0,12
ENSG00000260019,0.18984058,0.0,12
ENSG00000119383,2.2009447,0.0,12
ENSG00000160408_1,1.9717132,2.1166973,12
ENSG00000141756_1,0.75078917,1.0205022,12
ENSG00000203364,0.22295147,0.0,12
ENSG00000141506,2.5502093,2.6400926,12
ENSG00000187791,0.24135613,0.4958772,12
ENSG00000108588,2.7214317,0.0,12
ENSG00000199753,2.7895594,1.9683895,12
ENSG00000132535_1,0.68693113,0.77487445,12
ENSG00000153944_3,0.35334483,0.0,12
ENSG00000263293,2.5170624,1.5291094,12
ENSG00000175854,1.0723549,1.0378128,12
ENSG00000005882_1,0.28884676,0.7890163,12
ENSG00000171931,0.23066267,0.0,12
ENSG00000073670_1,1.752756,1.595044,12
ENSG00000141219,2.1824386,1.9779521,12
ENSG00000169992,1.7859188,1.4193774,12
ENSG00000227543,2.4269655,1.4517711,12
ENSG00000266677,1.8229396,1.8725642,12
ENSG00000125492,1.18226,1.449216,12
ENSG00000011295,2.5438006,2.3867486,12
ENSG00000108671,2.4751818,3.0438259,12
ENSG00000182040,0.76397026,1.1904438,12
ENSG00000070610_1,2.458001,2.441145,12
ENSG00000171159,2.406768,2.6652675,12
ENSG00000198853_1,0.57475674,0.0,12
ENSG00000277161_1,2.4356623,1.805086,12
ENSG00000148335,0.656463,0.0,12
ENSG00000165283,2.3410423,3.3147497,12
ENSG00000161653,1.1743212,1.7836034,12
ENSG00000177728,2.0913796,0.0,12
ENSG00000075429,1.3837464,1.4016762,12
ENSG00000196739_1,0.40091312,0.93843466,12
ENSG00000040531_1,2.3913345,1.666939,12
ENSG00000129667,2.3170984,1.2083338,12
ENSG00000136444,2.2591825,0.0,12
ENSG00000262050,1.7398715,1.2752883,12
ENSG00000267128,0.94695497,1.1479576,12
ENSG00000167703,2.3972416,1.9057118,12
ENSG00000188352,2.5357811,2.3694181,12
ENSG00000147862_2,0.84740233,0.0,12
ENSG00000141556_1,0.82516575,0.0,12
ENSG00000167721,2.2966352,0.0,12
ENSG00000137078,1.8599081,2.6068542,12
ENSG00000127191_1,2.714741,2.209826,12
ENSG00000108381,0.20410828,0.0,12
ENSG00000165280,2.8116765,3.3423753,12
ENSG00000265206,2.95979,3.694204,12
ENSG00000148120_2,2.0995433,1.6972294,12
ENSG00000179314,0.542736,0.0,12
ENSG00000184557,2.123192,2.3723578,12
ENSG00000168259_2,2.515516,3.24312,12
ENSG00000189159,1.991649,1.0789133,12
ENSG00000197566,1.6189059,1.7034031,12
ENSG00000148362,2.073853,0.0,12
ENSG00000155875_1,2.620758,0.0,12
ENSG00000159199,2.5324657,2.7704287,12
ENSG00000107295,1.3363665,1.4280375,12
ENSG00000238212,0.45513555,1.1043096,12
ENSG00000213218,0.45649177,0.0,12
ENSG00000141522,0.82122767,2.5868347,12
ENSG00000175826_1,2.6472607,3.4672232,12
ENSG00000185722_1,2.432506,2.1490588,12
ENSG00000147853,2.5129595,2.9989808,12
ENSG00000165272_1,1.522671,2.044128,12
ENSG00000277363,1.1679186,1.1734486,12
ENSG00000141562,2.4338176,2.3283591,12
ENSG00000161381_2,1.115026,1.4921316,12
ENSG00000179094_1,2.2240875,2.372227,12
ENSG00000236130,0.64382994,0.50494635,12
ENSG00000183354,1.6030455,2.0211189,12
ENSG00000108984_1,0.8485682,1.7448092,12
ENSG00000165661,2.0539765,2.7085738,12
