,Pred,actual,fold_idx
ENSG00000104915,1.6754781,2.162415,10
ENSG00000188051,1.1161813,1.9904677,10
ENSG00000134014_1,2.1235156,2.745831,10
ENSG00000099822,1.9290794,1.8943715,10
ENSG00000011600,0.69838405,0.79817396,10
ENSG00000196150_1,1.9555098,1.592521,10
ENSG00000120533,1.9616624,3.4048388,10
ENSG00000164796,0.5494014,0.9700864,10
ENSG00000167554_1,0.23058671,0.0,10
ENSG00000185800,2.326458,2.21288,10
ENSG00000166398,2.0759716,2.040634,10
ENSG00000080031,0.33806393,0.0,10
ENSG00000147408_3,0.2379123,0.0,10
ENSG00000187266,0.6522113,0.0,10
ENSG00000090006_4,0.9264859,1.1819865,10
ENSG00000246662,1.7526911,1.4998795,10
ENSG00000278374,0.37505987,0.0,10
ENSG00000104760,0.20116755,0.0,10
ENSG00000147677,1.9213821,0.0,10
ENSG00000173581,1.8189662,2.276255,10
ENSG00000167491_1,2.5886812,2.3639464,10
ENSG00000213889,1.4805417,1.1812546,10
ENSG00000237807,0.44252294,0.0,10
ENSG00000105372_1,2.5300364,1.8662224,10
ENSG00000104714,1.9670337,2.8471894,10
ENSG00000221803,0.5207974,0.0,10
ENSG00000011590_1,1.7425767,2.784988,10
ENSG00000279619,0.57378256,0.6414741,10
ENSG00000105639,2.1789098,2.7082355,10
ENSG00000147676,1.7071956,1.9246927,10
ENSG00000164871,0.24834692,0.0,10
ENSG00000188171,0.6877029,1.4847836,10
ENSG00000142065,1.9994739,1.771425,10
ENSG00000251369,1.465351,1.8824106,10
ENSG00000104671,1.7841018,2.844622,10
ENSG00000010361,1.0468899,0.0,10
ENSG00000251136_1,1.8386797,1.6959804,10
ENSG00000287001,0.5605539,0.85545856,10
ENSG00000164741,1.4220358,1.3411574,10
ENSG00000179855,1.2738383,1.4880146,10
ENSG00000239998,0.5615337,0.0,10
ENSG00000136573,1.999705,2.713204,10
ENSG00000177599,1.2248523,0.84738755,10
ENSG00000095066_2,2.4750562,2.2025428,10
ENSG00000142227,1.3973662,0.0,10
ENSG00000221826,0.4332204,0.5392016,10
ENSG00000104341,1.5326059,1.5899831,10
ENSG00000130816,0.284734,0.0,10
ENSG00000169398_2,0.21014273,0.55928767,10
ENSG00000104728,1.2864801,0.92681044,10
ENSG00000130479,1.9593021,2.7445629,10
ENSG00000132026_1,0.88329893,1.0378247,10
ENSG00000260001,1.0657885,1.2223262,10
ENSG00000039650_1,2.1865077,1.9006621,10
ENSG00000099337,1.3835863,1.6135459,10
ENSG00000253339,0.27912596,0.0,10
ENSG00000198010,1.7406571,1.2316225,10
ENSG00000170848,0.30480564,0.7627393,10
ENSG00000256683,1.1061367,2.013907,10
ENSG00000171051_1,0.21853238,0.0,10
ENSG00000105281_1,1.3966995,0.0,10
ENSG00000104870_1,0.740052,1.2575825,10
ENSG00000249859_1,1.1545156,1.7590027,10
ENSG00000132561_2,0.2680637,0.0,10
ENSG00000287301,0.5640449,0.0,10
ENSG00000198858,2.0789866,2.7189374,10
ENSG00000189013,0.32290432,0.0,10
ENSG00000254006,0.43183178,0.0,10
ENSG00000164758,2.0315437,1.5943892,10
ENSG00000164733_1,0.2804078,0.940068,10
ENSG00000169154,0.32980615,0.0,10
ENSG00000184672_3,0.19894055,0.0,10
ENSG00000253117,0.35106882,0.0,10
ENSG00000175691,2.0992703,1.2813289,10
ENSG00000167733_2,1.7120372,1.025879,10
ENSG00000156467,1.8878447,3.5435963,10
ENSG00000128016,2.4142213,3.4949696,10
ENSG00000220201,0.4375453,0.65428245,10
ENSG00000197265_1,2.588284,2.9743598,10
ENSG00000178386,1.0229236,1.4800788,10
ENSG00000065000,2.6690936,2.8548112,10
ENSG00000142002_1,0.7839339,0.0,10
ENSG00000147481_2,0.4560827,0.0,10
ENSG00000267107,0.32969153,0.0,10
ENSG00000120896_4,0.4556899,0.0,10
ENSG00000155975,2.3258452,2.6398847,10
ENSG00000105483,2.2768521,0.0,10
ENSG00000156103,0.9126172,0.9670329,10
ENSG00000105701_1,1.3286641,2.0875614,10
ENSG00000197363,2.1794262,1.6200736,10
ENSG00000165046_2,1.4564835,0.0,10
ENSG00000240247,0.24009371,0.0,10
ENSG00000229140,0.1668245,0.0,10
ENSG00000156103_1,1.382309,1.3306572,10
ENSG00000173480,2.0422425,0.0,10
ENSG00000130517,2.1128583,2.615766,10
ENSG00000105618_1,0.5384484,0.0,10
ENSG00000104904,2.4277592,3.8710992,10
ENSG00000197928,0.85521996,1.0245514,10
ENSG00000198429,0.62856823,0.72684944,10
ENSG00000142541,2.5492487,0.0,10
ENSG00000104972,0.45203948,0.0,10
ENSG00000104883,1.4650224,1.2945544,10
ENSG00000169495,1.3610274,1.5628042,10
ENSG00000179950_1,2.3315291,2.7744346,10
ENSG00000070501,2.0534868,2.3940153,10
ENSG00000028277_1,1.7738763,2.119589,10
ENSG00000130176,0.35647076,0.0,10
ENSG00000253741,2.1544409,1.2729734,10
ENSG00000268889,2.4782996,2.0716095,10
ENSG00000105640,2.626648,4.295052,10
ENSG00000173809,0.8842366,1.174525,10
ENSG00000189430,0.5574945,1.0871422,10
ENSG00000254251_1,0.3236519,0.0,10
ENSG00000105202_3,2.0810685,3.387854,10
ENSG00000087074,2.388741,2.8598034,10
ENSG00000160957,2.0801058,1.6911346,10
ENSG00000171291,1.3384513,0.0,10
ENSG00000104763,2.2896633,2.8941255,10
ENSG00000104450_1,1.2862878,0.0,10
ENSG00000079462,2.0216408,2.085469,10
ENSG00000155189,2.739119,3.1209784,10
ENSG00000169139,2.274373,3.141779,10
ENSG00000160961,2.307816,2.2560222,10
ENSG00000229676,0.5059618,0.9836353,10
ENSG00000155926,0.61617994,0.0,10
ENSG00000126243_1,1.4149958,1.3045552,10
ENSG00000104626,2.1848502,2.8037438,10
ENSG00000179218,2.4106336,4.1576443,10
ENSG00000174652,2.0028567,2.4576504,10
ENSG00000154188,0.21374807,0.0,10
ENSG00000253702,0.2657321,0.0,10
ENSG00000003989,1.618748,1.4405313,10
ENSG00000066827_2,2.5211258,1.8808993,10
ENSG00000167460,0.35805857,0.0,10
ENSG00000142546,0.38801262,0.0,10
ENSG00000154188_1,0.43715477,0.0,10
ENSG00000095059,2.4601693,2.7496645,10
ENSG00000239382,1.8936162,2.2529185,10
ENSG00000279529,2.49831,1.6942892,10
ENSG00000179820_3,0.6003091,0.0,10
ENSG00000089327_2,0.49614632,0.0,10
ENSG00000125912,2.5446458,2.6570625,10
ENSG00000091879,0.44802153,0.5709747,10
ENSG00000147789,2.078405,1.9405464,10
ENSG00000179943,2.12843,2.063386,10
ENSG00000167674,2.2973185,2.1522822,10
ENSG00000266983,2.4584908,1.9146129,10
ENSG00000170892,2.2640634,1.784767,10
ENSG00000104825_1,2.3002033,2.6828027,10
ENSG00000253661,0.33011895,0.6479333,10
ENSG00000267879,0.32430017,0.8494194,10
ENSG00000104447,0.21208099,0.62155324,10
ENSG00000160336,1.9422835,2.577532,10
ENSG00000164754,2.285143,1.8342363,10
ENSG00000176209_1,2.425624,2.683974,10
ENSG00000132000,0.54478455,0.5350788,10
ENSG00000267348,2.196877,1.0906459,10
ENSG00000187664,0.9395579,0.0,10
ENSG00000130726_1,2.6742883,2.9859786,10
ENSG00000105738,2.3692265,2.8120506,10
ENSG00000129932_1,2.254118,0.0,10
ENSG00000071655_1,2.4349604,2.5167997,10
ENSG00000123815_1,2.0157886,2.1283863,10
ENSG00000232677,0.6068773,1.1792932,10
ENSG00000022556_1,0.92076945,0.0,10
ENSG00000064932_2,0.54628134,0.8093509,10
ENSG00000115266_1,0.7685605,1.0569811,10
ENSG00000142025,0.6517093,0.9096095,10
ENSG00000105695,0.5631933,0.0,10
ENSG00000105290,1.6474384,2.0887737,10
ENSG00000031823,2.4459028,2.6970453,10
ENSG00000074855,2.0328803,1.5476886,10
ENSG00000131116,2.561935,2.5868144,10
ENSG00000179886,2.2108264,1.6128474,10
ENSG00000171051,0.20902967,0.0,10
ENSG00000267159,0.38250864,0.0,10
ENSG00000178531,1.6956099,1.7626486,10
ENSG00000104998,2.2525988,3.1569004,10
ENSG00000105143,1.5472375,1.6882418,10
ENSG00000170604,2.3709087,2.0726027,10
ENSG00000224910,1.1263431,0.0,10
ENSG00000099800,2.496368,3.1072474,10
ENSG00000099308_1,2.0081782,1.5395151,10
ENSG00000064490_1,1.836147,2.5913217,10
ENSG00000095066,1.5910743,0.0,10
ENSG00000105479_1,2.609899,1.333286,10
ENSG00000188505,1.3369826,1.6919651,10
ENSG00000158856_4,0.38002938,0.0,10
ENSG00000069206,0.26455233,0.0,10
ENSG00000171316,2.2610369,2.4585924,10
ENSG00000120925_1,2.1337204,2.6709135,10
ENSG00000141905,2.0154219,1.9221627,10
ENSG00000142002_2,2.385096,2.8010316,10
ENSG00000083844,1.6463975,2.195706,10
ENSG00000147642,0.28950864,0.0,10
ENSG00000267673_1,0.9778596,2.3476422,10
ENSG00000179134,2.4754186,2.3106573,10
ENSG00000123146_1,1.4933115,3.2208922,10
ENSG00000186017_1,2.3009992,1.884206,10
ENSG00000126457,2.435985,3.2518935,10
ENSG00000159167,1.2016355,2.3371816,10
ENSG00000253824,0.43392646,0.0,10
ENSG00000105072,1.946324,0.0,10
ENSG00000270164,0.47865027,0.0,10
ENSG00000104375_2,0.4890678,0.0,10
ENSG00000105227,1.3795902,1.0705439,10
ENSG00000252179,0.1447501,0.0,10
ENSG00000167910,0.14079084,0.0,10
ENSG00000248098,2.3669052,0.0,10
ENSG00000090971,1.9568654,1.730233,10
ENSG00000006659,1.1677365,1.4627572,10
ENSG00000268095,0.8770152,0.0,10
ENSG00000290720,1.2550689,0.0,10
ENSG00000167625,2.2363968,2.3160334,10
ENSG00000089351_2,2.2255325,0.9836218,10
ENSG00000090006_7,1.7801747,1.5163106,10
ENSG00000180479,1.7109861,1.3102046,10
ENSG00000198129,0.23412627,0.0,10
ENSG00000108107_1,2.1260643,2.596817,10
ENSG00000179271,2.185772,3.24814,10
ENSG00000130227_1,0.20138216,0.0,10
ENSG00000168078,1.9525877,2.8126488,10
ENSG00000124302,1.8599497,1.3232727,10
ENSG00000161298,2.0144873,1.5394776,10
ENSG00000105339,2.388864,2.6125147,10
ENSG00000090339,2.004538,3.522486,10
ENSG00000198551,2.1387382,1.5307887,10
ENSG00000079462_1,1.3501719,2.5097804,10
ENSG00000166359,1.2195214,0.79130036,10
ENSG00000105519,0.3616032,0.88434213,10
ENSG00000174886,2.4447126,0.0,10
ENSG00000104529_1,2.110857,3.4648798,10
ENSG00000091656_1,0.31712094,0.0,10
ENSG00000176853,2.1511235,2.680602,10
ENSG00000257103,2.7529087,3.169745,10
ENSG00000164796_1,0.516592,0.0,10
ENSG00000068903,2.2611275,2.5293367,10
ENSG00000105698,2.224224,2.7025347,10
ENSG00000221923,1.8162457,2.2518766,10
ENSG00000130165,2.2715588,2.8096418,10
ENSG00000251247_2,0.5283057,0.0,10
ENSG00000254251,0.24108818,0.62823564,10
ENSG00000164683,0.31522647,0.60405314,10
ENSG00000105258_1,2.2787151,3.017701,10
ENSG00000157110,1.4673675,1.3494718,10
ENSG00000253438_2,0.69989806,0.0,10
ENSG00000171777,0.7122767,0.0,10
ENSG00000189144_1,0.6185805,0.0,10
ENSG00000167785,1.787429,1.2333008,10
ENSG00000184489_1,0.38222647,0.0,10
ENSG00000105755,1.5938247,0.0,10
ENSG00000177182_1,0.4733737,0.88244486,10
ENSG00000104472,2.3701215,2.7915714,10
ENSG00000011485,2.3369994,2.7917588,10
ENSG00000182372,0.3474607,0.0,10
ENSG00000275074,2.469544,1.9091922,10
ENSG00000130544,2.4305143,2.302872,10
ENSG00000278318,0.5826731,0.9716052,10
ENSG00000105398,0.22988367,0.0,10
ENSG00000104879,0.27052617,0.0,10
ENSG00000130307,0.36403012,0.0,10
ENSG00000127616,2.6183653,3.104009,10
ENSG00000063245_1,1.0685642,1.1754017,10
ENSG00000089351_3,0.99024355,1.4493086,10
ENSG00000121022,2.1165752,2.9866097,10
ENSG00000189376,1.9592148,2.2916198,10
ENSG00000171044_1,1.4224225,1.9942292,10
ENSG00000171649,1.4881164,0.0,10
ENSG00000132010,1.5403057,1.7878075,10
ENSG00000198597,0.8791301,1.3185433,10
ENSG00000179526_2,1.1324294,0.0,10
ENSG00000218891,1.1208408,1.623456,10
ENSG00000164920,1.8383392,0.9967524,10
ENSG00000199985,0.13930474,0.0,10
ENSG00000273111,0.4760244,0.50943106,10
ENSG00000172164,1.5603653,2.1383343,10
ENSG00000160949,2.178802,2.3051965,10
ENSG00000167384,2.1229281,2.2560558,10
ENSG00000178934,0.4695263,0.6963739,10
ENSG00000183397,0.404467,0.83308333,10
ENSG00000079112,0.23726434,0.0,10
ENSG00000104814,0.3857904,0.0,10
ENSG00000104866,2.157053,1.2820939,10
ENSG00000170956,0.32338518,0.0,10
ENSG00000261824_2,2.0451407,2.0144575,10
ENSG00000167656,0.4289158,1.1175364,10
ENSG00000126456,1.8528993,0.0,10
ENSG00000164761,1.2314774,2.1382902,10
ENSG00000141971_2,2.3495488,2.1652029,10
ENSG00000120910,2.6394405,2.3724148,10
ENSG00000070404_1,1.9129667,0.98214453,10
ENSG00000204866,0.24613011,0.0,10
ENSG00000160014,2.705392,3.616321,10
ENSG00000184672_2,0.8690578,0.0,10
ENSG00000006015,2.0288687,2.2732096,10
ENSG00000171954,1.1761328,1.8167714,10
ENSG00000123810,2.8557897,2.3723116,10
ENSG00000130173,0.2762649,0.58964807,10
ENSG00000267454,1.8935477,0.0,10
ENSG00000090006_6,1.4517448,1.7795964,10
ENSG00000104332,1.4899536,1.6341043,10
ENSG00000147570,0.37842906,0.0,10
ENSG00000105662,2.0774302,1.8492228,10
ENSG00000120889,2.029169,2.9689972,10
ENSG00000105520,1.159033,1.3178335,10
ENSG00000268081,0.5621345,1.0952531,10
ENSG00000126264,1.0478739,0.0,10
ENSG00000165071,0.25120598,0.0,10
ENSG00000179913,0.62344956,1.2206049,10
ENSG00000180855,1.9747337,2.101283,10
ENSG00000196361,1.5566694,1.5021812,10
ENSG00000197813,1.0798762,1.7331972,10
ENSG00000183709,0.28965074,0.6605619,10
ENSG00000216588,0.25462365,0.0,10
ENSG00000182310,0.41506514,0.0,10
ENSG00000187244,1.1494852,0.0,10
ENSG00000105675,0.4226978,0.80712897,10
ENSG00000290722,0.27207142,0.0,10
ENSG00000130312_1,2.388874,3.0951762,10
ENSG00000164687,1.9244181,3.8423314,10
ENSG00000213889_1,1.0129225,1.5559888,10
ENSG00000160932,2.2545962,3.2253094,10
ENSG00000213999,0.95964897,2.4867535,10
ENSG00000105202_2,0.74417526,2.1700857,10
ENSG00000205155,1.9687742,0.0,10
ENSG00000078674_1,2.7799163,3.0267007,10
ENSG00000104853_1,2.51435,2.7964542,10
ENSG00000286701,0.4050411,0.0,10
ENSG00000237452,0.6822667,0.0,10
ENSG00000126458,2.1666436,1.8595766,10
ENSG00000126243,0.3359232,0.0,10
ENSG00000172728_1,2.1420183,2.2084198,10
ENSG00000132016,2.0848842,0.0,10
ENSG00000161640,0.69434583,0.0,10
ENSG00000104375,2.3131704,1.9382294,10
ENSG00000105559_1,0.47066438,0.0,10
ENSG00000161265,1.2075773,1.9178939,10
ENSG00000104960_1,2.0550642,2.7963593,10
ENSG00000105409,1.5439079,0.0,10
ENSG00000153317,0.33050463,0.0,10
ENSG00000161677,1.8464636,1.1677927,10
ENSG00000185730,2.1696715,0.0,10
ENSG00000133872_1,2.560975,2.9405818,10
ENSG00000196365,2.6739974,2.9578466,10
ENSG00000008382,2.3328576,2.1255138,10
ENSG00000204611,1.5638468,0.0,10
ENSG00000156011_3,0.4728557,0.0,10
ENSG00000181781_1,0.46425718,0.89713204,10
ENSG00000167635,2.2778726,3.004605,10
ENSG00000153317_1,1.7317084,1.4762954,10
ENSG00000099821,2.0331311,2.074608,10
ENSG00000011304,2.2896361,3.4382908,10
ENSG00000164736,1.0254971,1.1589954,10
ENSG00000253893_2,0.6603268,0.0,10
ENSG00000105549,0.49696195,0.9351393,10
ENSG00000182472_1,1.0398381,1.3657687,10
ENSG00000164684,1.6678306,1.8367164,10
ENSG00000105514_1,2.165392,2.2757995,10
ENSG00000207110,0.31574938,3.479869,10
ENSG00000120899_1,1.5832511,2.7535937,10
ENSG00000253490,0.25517914,0.0,10
ENSG00000253557_1,0.26100653,0.0,10
ENSG00000179832,2.2298203,2.0079226,10
ENSG00000216490_1,2.2401533,3.7345414,10
ENSG00000168619,0.42323628,0.0,10
ENSG00000275183,2.204146,1.3902284,10
ENSG00000161249_2,1.472948,2.7963314,10
ENSG00000080511,0.5732733,0.0,10
ENSG00000099622,2.372974,1.4005034,10
ENSG00000131203,0.2171826,0.0,10
ENSG00000104979,1.9617919,3.0388982,10
ENSG00000130816_1,2.505856,3.2875264,10
ENSG00000132017,2.1830926,2.2682362,10
ENSG00000104918,0.5042298,1.1469958,10
ENSG00000177191,0.9991907,0.0,10
ENSG00000253161_3,0.27000704,0.0,10
ENSG00000198846,1.4894024,0.0,10
ENSG00000105619_1,2.0968337,2.2902572,10
ENSG00000254166,0.49304605,0.8672317,10
ENSG00000087903_2,2.4043221,1.825984,10
ENSG00000167632_1,0.57380307,1.0272313,10
ENSG00000129422_4,0.17473456,0.0,10
ENSG00000168484,0.27566198,0.69060624,10
ENSG00000133246,0.5326265,0.92675906,10
ENSG00000233527,1.7717208,2.4173455,10
ENSG00000172270,1.8013431,1.8468318,10
ENSG00000253893_1,0.541708,0.0,10
ENSG00000125735,2.115385,2.6993477,10
ENSG00000181894,1.5604097,1.8135142,10
ENSG00000198182,0.90125376,0.0,10
ENSG00000077348,2.4185948,2.8217428,10
ENSG00000167487,2.016704,1.7641836,10
ENSG00000147697,0.27617958,0.0,10
ENSG00000130528,0.5498531,0.86911434,10
ENSG00000090006,1.3363006,0.0,10
ENSG00000126461,2.5371656,2.5505304,10
ENSG00000048392,2.7385907,2.3328424,10
ENSG00000147471,2.2487264,2.773527,10
ENSG00000287325,0.32277527,0.89169353,10
ENSG00000248858,0.24586472,0.42709643,10
ENSG00000182325,2.1482625,2.365705,10
ENSG00000105223_2,1.0492498,0.0,10
ENSG00000178150,0.3282203,0.0,10
ENSG00000160505,0.36527532,0.681829,10
ENSG00000120896,0.2780569,0.0,10
ENSG00000181638,1.6772879,1.7830527,10
ENSG00000269699,1.1355016,1.3287057,10
ENSG00000253361,0.4312147,0.0,10
ENSG00000186994,1.1665047,2.599288,10
ENSG00000254377,0.31014037,0.9318645,10
ENSG00000104728_1,0.20504153,0.0,10
ENSG00000179041,1.9283723,3.1064358,10
ENSG00000104921,2.183549,3.3144045,10
ENSG00000064932_3,2.0591798,2.6750953,10
ENSG00000240694,1.3683496,0.9465996,10
ENSG00000131037_1,0.80987895,1.0052835,10
ENSG00000105443,2.0387979,2.406467,10
ENSG00000196417,1.8029083,2.2219121,10
ENSG00000245910_1,0.43608642,0.0,10
ENSG00000105221,0.43617964,1.0123014,10
ENSG00000186567,0.29857785,0.0,10
ENSG00000178209_3,2.2234154,2.0510135,10
ENSG00000134013_1,0.43730468,0.6479206,10
ENSG00000079459,0.363847,0.0,10
ENSG00000105325,2.4318695,1.5982542,10
ENSG00000071655,2.21355,1.627847,10
ENSG00000233527_1,2.267178,2.1501238,10
ENSG00000197405,0.577371,1.4890158,10
ENSG00000008853,0.34142599,0.0,10
ENSG00000268480,0.2513321,0.6636727,10
ENSG00000253267,0.21696746,0.0,10
ENSG00000219665,1.6851631,0.0,10
ENSG00000104219,2.1180434,2.0261655,10
ENSG00000267751,1.15792,2.0063376,10
ENSG00000130881,1.7846011,1.6220481,10
ENSG00000161609,0.9795166,0.0,10
ENSG00000036448,0.28495407,0.93841964,10
ENSG00000179751,1.2599353,1.2945764,10
ENSG00000104267,1.644267,1.3184807,10
ENSG00000121289,1.6043289,0.0,10
ENSG00000181027,1.9069833,2.4837785,10
ENSG00000141985,2.369753,2.7044027,10
ENSG00000124467,0.42495537,0.0,10
ENSG00000105618,2.0038762,0.0,10
ENSG00000179388,1.8987062,2.6589725,10
ENSG00000156172,2.264123,1.8535948,10
ENSG00000196214,2.2302136,2.3956113,10
ENSG00000176956,1.3581268,1.368231,10
ENSG00000156466,1.5114129,1.1913644,10
ENSG00000160948,0.5278127,0.0,10
ENSG00000253374,0.33924586,1.0150158,10
ENSG00000250305_1,1.6508685,1.4194435,10
ENSG00000104412,2.091517,3.061113,10
ENSG00000105366,0.28722718,0.0,10
ENSG00000269043,0.2948675,0.0,10
ENSG00000171606,1.8253518,1.97488,10
ENSG00000008441_1,0.31078723,0.0,10
ENSG00000125731,1.868457,1.7175956,10
ENSG00000130475_2,0.6347058,0.9200189,10
ENSG00000126259,0.79779303,0.9131036,10
ENSG00000156006,0.16048203,0.0,10
ENSG00000197483,2.101159,1.5697308,10
ENSG00000089639,2.2768211,2.5583017,10
ENSG00000133243_1,0.47466564,0.0,10
ENSG00000104529_2,2.1898375,3.490721,10
ENSG00000157110_2,0.7662406,0.0,10
ENSG00000136960,0.8017345,0.0,10
ENSG00000189144,1.2573813,1.4061313,10
ENSG00000105011,2.3095942,2.7909098,10
ENSG00000166770,0.7906571,1.0619423,10
ENSG00000182318,2.0365314,2.2918127,10
ENSG00000176623_1,1.3482207,0.0,10
ENSG00000205882,0.19284558,0.0,10
ENSG00000267575,1.4771849,2.0173047,10
ENSG00000029534,1.2794621,1.2909268,10
ENSG00000268595,1.047491,1.0975349,10
ENSG00000130377,0.30917054,0.5266752,10
ENSG00000173273_2,1.172094,0.0,10
ENSG00000130475_1,1.7871515,2.329052,10
ENSG00000172172,1.7611616,3.1916494,10
ENSG00000207215,0.1770196,0.0,10
ENSG00000177045_1,1.9690052,1.6757417,10
ENSG00000181392,0.36140823,0.8392894,10
ENSG00000160396,0.43858027,0.0,10
ENSG00000232098,2.1158762,1.5918323,10
ENSG00000133863,0.53964186,0.0,10
ENSG00000164935,0.30159098,0.0,10
ENSG00000266964,0.4690225,0.0,10
ENSG00000164808_1,0.4418249,0.0,10
ENSG00000004776,1.349826,0.0,10
ENSG00000133243,1.8558031,2.1381133,10
ENSG00000185803_1,2.144392,2.1125045,10
ENSG00000249859_6,0.5099173,0.0,10
ENSG00000170956_1,0.23329756,0.0,10
ENSG00000105298,2.3901916,2.3138926,10
ENSG00000253230_1,0.56075954,1.2144464,10
ENSG00000132002_2,0.5095543,1.4353027,10
ENSG00000060558,0.87002015,2.7298448,10
ENSG00000090013,2.114008,0.0,10
ENSG00000079805,2.5516868,2.8480265,10
ENSG00000160321,0.5884328,0.0,10
ENSG00000160570_1,1.8074452,1.7661101,10
ENSG00000248538,1.1604456,0.0,10
ENSG00000108106,2.710382,3.3240106,10
ENSG00000173281,1.6316744,1.7048023,10
ENSG00000155096,2.5351772,3.6282408,10
ENSG00000105559,0.90016663,0.0,10
ENSG00000157168_2,1.4908713,1.12827,10
ENSG00000134830,0.34658846,0.0,10
ENSG00000213015,2.137115,2.1860263,10
ENSG00000126453,2.0154157,2.5683966,10
ENSG00000104524,0.9802989,0.0,10
ENSG00000105486,2.401422,3.0564475,10
ENSG00000130254,2.7867208,2.899185,10
ENSG00000188305,0.6892512,0.0,10
ENSG00000012061_1,2.48281,2.734599,10
ENSG00000147649_1,0.19299236,0.0,10
ENSG00000284638,1.0244938,0.0,10
ENSG00000105677,2.1943412,2.3151052,10
ENSG00000105664,0.95929396,0.92337877,10
ENSG00000186806,1.2110022,0.0,10
ENSG00000105559_2,0.93545663,1.0232112,10
ENSG00000164764,1.5229169,1.1783149,10
ENSG00000188227_1,0.5133914,0.8330132,10
ENSG00000152467,1.3076721,1.1009216,10
ENSG00000102575,0.47170937,0.98511195,10
ENSG00000196415,0.30060467,0.70772344,10
ENSG00000267133,0.40118957,0.0,10
ENSG00000007080,2.291113,2.7511797,10
ENSG00000028277,1.3226973,2.554965,10
ENSG00000104870_2,0.84722775,1.2188767,10
ENSG00000173928,2.3472137,1.7008507,10
ENSG00000267383,0.705403,0.0,10
ENSG00000042832_1,0.22080678,0.0,10
ENSG00000161016,2.370553,2.5771239,10
ENSG00000070718,2.450108,2.5653589,10
ENSG00000154582,2.5309381,3.052671,10
ENSG00000142405,0.44851744,0.0,10
ENSG00000169021,2.147462,3.3047123,10
ENSG00000169427,0.34949642,0.0,10
ENSG00000077782_2,1.6339189,1.3920107,10
ENSG00000104689,1.5352284,2.5089874,10
ENSG00000248599,0.52130723,0.0,10
ENSG00000147437,0.24342364,0.0,10
ENSG00000168575_2,2.382944,2.0305593,10
ENSG00000292997,0.15717426,3.1001775,10
ENSG00000205517_1,0.98056614,1.1031878,10
ENSG00000166704,2.2498093,1.9503648,10
ENSG00000129451,0.9873996,0.0,10
ENSG00000269834,1.1122977,0.0,10
ENSG00000256087_1,1.5604485,0.0,10
ENSG00000168077,1.5785118,1.4880569,10
ENSG00000105497,1.3783013,0.0,10
ENSG00000254377_1,0.2716959,0.8672907,10
ENSG00000104472_1,2.699294,2.0220695,10
ENSG00000174837,0.39982694,0.0,10
ENSG00000182087,2.653913,2.9476836,10
ENSG00000105516,2.0024643,1.9856402,10
ENSG00000105219,0.36049265,1.1109935,10
ENSG00000104325,2.07408,3.0645478,10
ENSG00000120963,2.457181,3.15171,10
ENSG00000254254,0.26926458,0.0,10
ENSG00000165061,0.81038135,1.1417413,10
ENSG00000095932,0.53692174,0.0,10
ENSG00000267107_1,0.30886236,0.0,10
ENSG00000136999,0.7366146,1.8870093,10
ENSG00000104866_1,2.5201945,2.1944616,10
ENSG00000161618,2.5982738,2.4377189,10
ENSG00000105357,0.23383164,0.0,10
ENSG00000006638,1.073546,1.3101833,10
ENSG00000104313_2,0.823031,1.317129,10
ENSG00000125651,2.2952232,3.276795,10
ENSG00000147408_2,0.21288785,0.0,10
ENSG00000167613_1,0.28022924,0.0,10
ENSG00000168615,2.4122186,2.3462884,10
ENSG00000125652,2.261479,2.7493203,10
ENSG00000104859,2.21843,2.4848506,10
ENSG00000204851,1.193374,1.5057738,10
ENSG00000293314,2.1031032,1.575003,10
ENSG00000291049,2.2878242,1.6835604,10
ENSG00000136997_3,1.877895,1.7034547,10
ENSG00000156170,1.3316494,1.1687626,10
ENSG00000268038,0.3889926,0.0,10
ENSG00000253958,1.6627835,0.8805278,10
ENSG00000099866,2.2673893,1.1868716,10
ENSG00000099840,2.128152,2.248929,10
ENSG00000167657,2.2693014,2.2611797,10
ENSG00000172081,2.1825662,0.0,10
ENSG00000254377_4,0.5713659,0.7819707,10
ENSG00000172748,2.1734552,1.50974,10
ENSG00000105642_1,1.4133121,1.4953222,10
ENSG00000204936,0.34068254,0.7528241,10
ENSG00000196263,0.88849247,1.3907338,10
ENSG00000120784,1.8840679,2.0617766,10
ENSG00000181666_1,1.8537191,0.0,10
ENSG00000198093,1.4278947,2.0421224,10
ENSG00000142235_1,1.0994742,1.0765312,10
ENSG00000070756_4,2.275343,1.6891134,10
ENSG00000164816,0.3449832,0.0,10
ENSG00000213020,1.735957,2.3252242,10
ENSG00000105143_1,1.4479481,1.624086,10
ENSG00000121005,1.2992696,1.2886739,10
ENSG00000142512,1.5935255,0.0,10
ENSG00000267530,0.33925292,0.0,10
ENSG00000170791,2.3105974,2.962519,10
ENSG00000291145,2.445383,0.0,10
ENSG00000104853,1.3229997,0.0,10
ENSG00000173281_1,1.6057364,1.0531937,10
ENSG00000136986,0.5479163,0.0,10
ENSG00000129951,1.4788926,1.3533776,10
ENSG00000197647,1.8509747,0.98511195,10
ENSG00000291131,1.6096846,1.1356382,10
ENSG00000171970,2.114461,1.9121939,10
ENSG00000188766,1.1045803,1.335177,10
ENSG00000171033_1,0.2039651,0.0,10
ENSG00000248531,0.22267604,0.0,10
ENSG00000249859_5,0.66615754,0.895312,10
ENSG00000221914_1,1.7992338,1.0812752,10
ENSG00000283992,0.50412303,0.7676011,10
ENSG00000142530_1,2.2004943,2.8053174,10
ENSG00000187650,2.2241855,1.952119,10
ENSG00000125746_4,1.4031512,0.0,10
ENSG00000099785_1,0.4504025,1.1229692,10
ENSG00000123815,1.7521089,1.6294911,10
ENSG00000131849,1.6215906,1.1923165,10
ENSG00000132549,2.3764548,2.1940174,10
ENSG00000171817,1.0989677,0.9182873,10
ENSG00000130227,2.2665238,2.435588,10
ENSG00000160229,1.7146701,2.422854,10
ENSG00000104827,0.29850084,0.0,10
ENSG00000133265_1,1.4236284,2.7568932,10
ENSG00000132002,2.5272565,2.4281235,10
ENSG00000176782,0.28117162,0.65421504,10
ENSG00000147601,2.042996,2.6777356,10
ENSG00000104957_1,2.330502,0.0,10
ENSG00000171773,0.6325473,1.1490189,10
ENSG00000254377_3,0.48522162,0.5748181,10
ENSG00000183186,1.4546087,1.517605,10
ENSG00000160460_1,1.4517823,1.2798266,10
ENSG00000254340,0.30645078,0.0,10
ENSG00000172167,1.7794045,0.0,10
ENSG00000170892_1,2.5343099,1.6526524,10
ENSG00000105538,0.26365972,0.0,10
ENSG00000129292,2.0617747,2.5317597,10
ENSG00000179832_1,0.901221,0.0,10
ENSG00000266903,0.9959463,0.79588,10
ENSG00000207166,0.6536638,0.0,10
ENSG00000213988,0.70421374,1.2520614,10
ENSG00000165156,2.2720866,2.219967,10
ENSG00000105136,1.7980589,0.0,10
ENSG00000158856_2,0.9263655,0.0,10
ENSG00000243137,0.33777836,0.69357747,10
ENSG00000291317,1.566101,1.6354938,10
ENSG00000268001,1.6594989,2.5499713,10
ENSG00000285982,0.56827337,1.6554458,10
ENSG00000125656_1,0.641129,0.0,10
ENSG00000276043_1,2.2174635,2.2184253,10
ENSG00000147485_1,0.9488121,0.0,10
ENSG00000171045,2.1245513,2.0744982,10
ENSG00000137561,1.5006275,1.7082679,10
ENSG00000105229,2.3240423,2.2720158,10
ENSG00000127220,1.9417678,0.0,10
ENSG00000198363,0.1895563,0.0,10
ENSG00000267265,0.5393748,1.1609784,10
ENSG00000310521,1.7319784,0.0,10
ENSG00000130175,2.1713514,3.3440835,10
ENSG00000105278,1.3016135,1.3539547,10
ENSG00000181035,2.313418,1.7549596,10
ENSG00000142408,1.1214767,1.3346145,10
ENSG00000197054,2.106648,1.2938485,10
ENSG00000125740,1.0918345,1.2730314,10
ENSG00000105221_2,2.589799,2.72534,10
ENSG00000123154,1.8001148,0.0,10
ENSG00000160877,1.6534121,1.9390697,10
ENSG00000127445,2.3620687,2.6721506,10
ENSG00000213023_1,1.394607,1.9617552,10
ENSG00000186026,0.9780792,1.6586124,10
ENSG00000251191,0.22585261,0.0,10
ENSG00000104973,2.343297,2.8266706,10
ENSG00000221916,2.181048,1.743047,10
ENSG00000198363_3,0.26493025,0.0,10
ENSG00000104613,2.200221,2.652199,10
ENSG00000279300,0.3233401,0.0,10
ENSG00000142230,2.4863572,2.8756566,10
ENSG00000180089,0.35816282,0.0,10
ENSG00000119574,2.4951777,2.4537601,10
ENSG00000160007,2.433497,2.1449351,10
ENSG00000147689_1,0.36374113,0.0,10
ENSG00000160439,1.9512266,2.4419606,10
ENSG00000249709,2.521008,1.8786137,10
ENSG00000168487_1,1.7054216,1.290978,10
ENSG00000124440_1,0.38644716,0.0,10
ENSG00000271171,1.0756972,1.0532322,10
ENSG00000253161_5,0.23243383,0.77010053,10
ENSG00000214049,0.26286462,0.8916824,10
ENSG00000254004,2.1139913,2.3342245,10
ENSG00000012061_2,1.504731,0.9924046,10
ENSG00000008441_3,1.196784,0.86917305,10
ENSG00000198538,1.5150173,2.0948658,10
ENSG00000168522,2.4570107,2.8684094,10
ENSG00000126246,2.1943283,1.3918945,10
ENSG00000104635_1,2.0446458,0.0,10
ENSG00000104881,0.79089,0.0,10
ENSG00000105327,2.5212793,2.3740551,10
ENSG00000176209,1.9454161,2.0503025,10
ENSG00000261150,1.589941,1.118645,10
ENSG00000130255,2.337204,3.8876865,10
ENSG00000179913_1,0.9048941,0.0,10
ENSG00000253250,1.9858953,2.305433,10
ENSG00000127507_1,0.32401407,0.92337877,10
ENSG00000141905_3,0.40468687,0.0,10
ENSG00000164808,2.131412,2.3942835,10
ENSG00000176840,0.35067406,0.0,10
ENSG00000288596,1.8416082,1.6217619,10
ENSG00000104490_1,2.1764069,2.0271988,10
ENSG00000182324,0.36597174,0.7959217,10
ENSG00000249859_2,1.3520724,1.6465703,10
ENSG00000277494,0.5924925,0.0,10
ENSG00000142556,2.2314377,1.7660706,10
ENSG00000253154,0.2069836,0.0,10
ENSG00000169398_1,0.16181014,0.0,10
ENSG00000095066_1,1.8879553,1.6628805,10
ENSG00000176593,2.2257051,0.0,10
ENSG00000187955_1,1.0882117,0.0,10
ENSG00000076924,2.1191382,2.5991852,10
ENSG00000129691,2.6088247,2.2827353,10
ENSG00000105383,0.45509505,1.8957992,10
ENSG00000130309,2.3375778,2.70293,10
ENSG00000038945_1,0.20269585,0.0,10
ENSG00000159871_1,0.39685693,0.0,10
ENSG00000129968,1.8817283,2.4208894,10
ENSG00000104979_1,2.100947,0.0,10
ENSG00000158941,2.4014196,2.9145532,10
ENSG00000173334,2.0431948,2.540188,10
ENSG00000205744,0.49844384,0.0,10
ENSG00000268061,2.2527165,1.9460247,10
ENSG00000105171,2.3957124,2.7313952,10
ENSG00000104964_2,0.777614,2.3398092,10
ENSG00000249898_1,2.4820418,1.8577726,10
ENSG00000253363,0.25974983,0.0,10
ENSG00000123144,2.4938316,3.2156982,10
ENSG00000197019,2.4478621,2.0747068,10
ENSG00000104679,1.8532724,2.1575656,10
ENSG00000167562,1.7838796,2.2730012,10
ENSG00000105647,2.459073,2.5337758,10
ENSG00000214050,1.4194483,0.0,10
ENSG00000187912,1.451682,0.0,10
ENSG00000142544,1.6568646,2.1991599,10
ENSG00000253926,0.70938975,0.7076894,10
ENSG00000129451_2,0.22192225,0.5747487,10
ENSG00000233927,2.1678495,0.0,10
ENSG00000167460_3,2.3926802,1.3743451,10
ENSG00000079435,0.31673148,0.7020943,10
ENSG00000243772,0.28411815,0.0,10
ENSG00000237807_1,0.32733384,0.0,10
ENSG00000105613,1.8419263,0.0,10
ENSG00000166770_1,0.5201957,0.87297744,10
ENSG00000134014,0.28203666,0.0,10
ENSG00000141968,2.2575932,2.5879433,10
ENSG00000133275,2.4786868,2.7336009,10
ENSG00000034677,2.5545344,2.8528159,10
ENSG00000079385,0.9261039,0.0,10
ENSG00000105397_2,2.5143375,2.8134089,10
ENSG00000126467,0.2747278,0.8494317,10
ENSG00000189164,2.21564,1.6401036,10
ENSG00000137563,2.0231538,2.8061094,10
ENSG00000108107,2.3566628,4.532539,10
ENSG00000130726,2.131215,2.9851992,10
ENSG00000082556,1.2856537,1.2448212,10
ENSG00000167460_2,2.7330303,3.724493,10
ENSG00000233493,2.1900682,2.2272182,10
ENSG00000105427,0.5490492,0.0,10
ENSG00000115286,2.2740097,2.9815001,10
ENSG00000168495,2.3892422,2.625878,10
ENSG00000267296,1.7227689,1.0813113,10
ENSG00000185236,2.6206403,2.784774,10
ENSG00000269858_1,1.611379,1.3489276,10
ENSG00000267757,2.0374298,1.785458,10
ENSG00000130204,2.5573978,3.1462893,10
ENSG00000099864,1.7732865,1.8078055,10
ENSG00000160948_1,2.0679092,2.5793216,10
ENSG00000147481,0.876535,1.0894847,10
ENSG00000269091,0.67761445,0.9182401,10
ENSG00000221878,0.35402066,0.0,10
ENSG00000269289,0.2563977,0.0,10
ENSG00000179168,0.58031106,0.88058496,10
ENSG00000228801,2.342493,1.8185163,10
ENSG00000240403,0.33022195,0.0,10
ENSG00000167748,0.39058435,0.0,10
ENSG00000234906,0.3836919,0.0,10
ENSG00000161277,2.35676,1.8896546,10
ENSG00000253133,2.3313603,2.474867,10
ENSG00000066855_1,0.2666791,0.0,10
ENSG00000127526,2.595512,2.6313524,10
ENSG00000267106,2.2445316,1.7008767,10
ENSG00000131401,2.0980945,3.3604817,10
ENSG00000126456_2,2.0754337,2.7557833,10
ENSG00000188778,0.5616952,1.0494119,10
ENSG00000205002,1.3465732,1.6805984,10
ENSG00000121297,1.7541865,1.6582023,10
ENSG00000254687,0.27087766,0.0,10
ENSG00000105131,1.1944212,1.7976483,10
ENSG00000099326,2.7044892,1.6075836,10
ENSG00000130208_2,0.48743635,0.0,10
ENSG00000167483,1.1908408,0.0,10
ENSG00000125746_3,1.1645648,0.0,10
ENSG00000186017,2.3882356,1.8278924,10
ENSG00000085719,1.7371873,3.0923731,10
ENSG00000198453_1,1.0357978,1.3305761,10
ENSG00000167772,0.99252546,1.7687713,10
ENSG00000178904_1,2.1827345,1.7596754,10
ENSG00000172164_1,0.35805762,0.0,10
ENSG00000182310_1,2.0672035,1.0997945,10
ENSG00000188293,0.3145427,0.0,10
ENSG00000105289,0.40042296,0.0,10
ENSG00000125746,1.6828412,0.0,10
ENSG00000269416,0.68950653,1.1303982,10
ENSG00000130529,1.0918773,1.0378327,10
ENSG00000198440,2.1807833,0.0,10
ENSG00000170909,0.30516583,0.8071628,10
ENSG00000173137,2.0451264,0.0,10
ENSG00000105443_1,2.4061947,2.1675477,10
ENSG00000253972,0.17357767,0.0,10
ENSG00000105186,2.0054827,2.4568288,10
ENSG00000141905_1,2.1116366,2.7301102,10
ENSG00000168575_3,2.3876972,2.7970104,10
ENSG00000079459_1,2.3740015,3.4291706,10
ENSG00000233270,0.30515924,0.0,10
ENSG00000160439_2,0.28111857,0.48206282,10
ENSG00000105255,1.3280642,1.1009183,10
ENSG00000130725,2.7476668,2.628348,10
ENSG00000090372,2.2154183,2.5126045,10
ENSG00000167733_1,1.7410506,1.0765312,10
ENSG00000105605,1.3826182,1.4296069,10
ENSG00000197714,2.5337925,2.2786622,10
ENSG00000254027,1.578001,1.3437433,10
ENSG00000228887,0.49799883,2.3247762,10
ENSG00000105708,1.8451144,2.0565772,10
ENSG00000176920,0.3768176,0.8309285,10
ENSG00000064547_1,1.7453419,2.1978867,10
ENSG00000238650,1.0557191,1.3093959,10
ENSG00000176619,0.5918391,0.0,10
ENSG00000231412,0.46253097,0.0,10
ENSG00000105329_1,2.0827837,3.4421346,10
ENSG00000131115_1,1.7828987,2.1845496,10
ENSG00000170608,1.2756997,1.1830134,10
ENSG00000283108,0.6537961,0.6667613,10
ENSG00000087903,0.36624473,0.7425445,10
ENSG00000267680,1.6408676,2.0636635,10
ENSG00000126266,1.8519325,0.0,10
ENSG00000158856_1,0.30506206,0.6348801,10
ENSG00000178078,0.9276365,1.6835027,10
ENSG00000129932,0.36036223,0.0,10
ENSG00000161091,2.2841702,2.5287406,10
ENSG00000130312,0.75243664,0.0,10
ENSG00000177257,0.24733788,0.0,10
ENSG00000198077,0.24167025,0.0,10
ENSG00000105176_2,0.3053273,0.0,10
ENSG00000176406_2,0.1743405,0.80265063,10
ENSG00000186562,0.14521347,0.0,10
ENSG00000012124_1,1.2453103,3.0301096,10
ENSG00000123143_1,2.1451087,0.0,10
ENSG00000105426,0.6720817,0.0,10
ENSG00000105711,1.8207041,1.2608582,10
ENSG00000275342,2.115386,2.525045,10
ENSG00000290812,1.3782915,0.7981415,10
ENSG00000085872,2.1425261,1.613493,10
ENSG00000130270,1.7487379,1.4814426,10
ENSG00000197360,0.59536946,0.0,10
ENSG00000178093,1.322558,0.83307695,10
ENSG00000204869,0.4882698,0.0,10
ENSG00000104938,0.2836731,0.58232474,10
ENSG00000197124_1,0.8386097,0.87678343,10
ENSG00000104381,1.4498628,2.4891016,10
ENSG00000083168,2.2054205,2.6699953,10
ENSG00000099797_1,0.77160084,1.2316225,10
ENSG00000196378,2.2263913,1.6954029,10
ENSG00000147642_4,1.0112407,1.5345718,10
ENSG00000167653_1,0.38046128,0.0,10
ENSG00000125746_1,1.7900199,2.231816,10
ENSG00000126464,2.1125913,2.854154,10
ENSG00000203499,1.1803712,0.0,10
ENSG00000173875,2.3285203,2.712595,10
ENSG00000160877_1,2.2774282,2.7085423,10
ENSG00000127527,2.3672123,2.5788786,10
ENSG00000167685_1,0.9877163,0.0,10
ENSG00000120526,2.1787214,2.761639,10
ENSG00000307772,0.24010748,0.0,10
ENSG00000099795,2.0041394,3.0523553,10
ENSG00000168172,2.4184456,2.4740996,10
ENSG00000105767,1.7852932,1.6374197,10
ENSG00000133265,1.7283483,1.1754596,10
ENSG00000080573,1.133139,1.5222225,10
ENSG00000250799,0.32319444,0.7399914,10
ENSG00000186326,1.3699766,1.3908116,10
ENSG00000147443,1.5551225,0.0,10
ENSG00000253799,0.38123265,0.0,10
ENSG00000169122_1,0.45532644,0.0,10
ENSG00000130813_2,1.3495959,1.1250907,10
ENSG00000178764,1.4609308,2.2231636,10
ENSG00000147650_1,2.3181195,2.2631152,10
ENSG00000104388,2.498664,2.4292855,10
ENSG00000126456_1,1.9331661,1.8255495,10
ENSG00000161281,0.4475819,0.0,10
ENSG00000197380,1.949309,1.4907448,10
ENSG00000099817,2.4079318,3.003383,10
ENSG00000168495_1,2.0238557,0.0,10
ENSG00000183850,0.6259419,1.2623324,10
ENSG00000197497,0.6738712,1.0163647,10
ENSG00000104435,0.41516036,0.0,10
ENSG00000253507,0.2427102,0.0,10
ENSG00000197892_1,1.9795724,2.3405473,10
ENSG00000053501_1,1.9716529,1.1449289,10
ENSG00000039650,1.8798139,0.0,10
ENSG00000174898,2.3102646,1.1377338,10
ENSG00000175895,2.3657289,2.7263033,10
ENSG00000090674,1.9777247,1.8350389,10
ENSG00000161558_1,2.4523654,2.1689303,10
ENSG00000147642_2,1.9701968,2.1861281,10
ENSG00000129422_2,0.18146905,0.0,10
ENSG00000142347_1,0.49029422,0.0,10
ENSG00000213339,1.4744745,2.3330703,10
ENSG00000247081,1.793383,0.0,10
ENSG00000250067,1.2550927,0.8767892,10
ENSG00000186111,1.9403578,2.4042177,10
ENSG00000177045,2.0199971,1.7736402,10
ENSG00000104321,1.3675295,0.0,10
ENSG00000024422,1.1637164,1.3748217,10
ENSG00000129991_2,0.29646173,0.5267398,10
ENSG00000160161,0.93366694,1.6785092,10
ENSG00000157168_3,0.96832323,1.7164909,10
ENSG00000196466,1.7149789,2.0407486,10
ENSG00000124440,1.0539948,1.304497,10
ENSG00000197353,0.4803748,0.9806396,10
ENSG00000253877,0.2020325,0.82241654,10
ENSG00000147669,1.7767104,3.273344,10
ENSG00000090661_1,2.273806,1.7663385,10
ENSG00000125657,2.6535673,3.0709684,10
ENSG00000164822,0.44279516,0.992421,10
ENSG00000160410,1.4974145,2.9320383,10
ENSG00000171056,1.5100187,1.2479978,10
ENSG00000258724,2.1751142,2.4007192,10
ENSG00000104356,2.1502185,2.837461,10
ENSG00000007255,1.9107918,1.7668737,10
ENSG00000083814,1.9878982,2.083911,10
ENSG00000134020,0.35036045,0.0,10
ENSG00000227500,1.2914879,1.3184807,10
ENSG00000124299,1.4397619,2.3438869,10
ENSG00000253161,0.3208881,1.288761,10
ENSG00000255364,0.17316061,0.0,10
ENSG00000169035_1,0.80060357,0.60765874,10
ENSG00000121410_1,0.30444726,0.0,10
ENSG00000095932_1,0.5432259,0.9006948,10
ENSG00000223802,0.407386,0.0,10
ENSG00000115268,2.2478724,2.9640026,10
ENSG00000076554_1,0.39118692,1.0164065,10
ENSG00000269439_1,2.5677538,2.7755594,10
ENSG00000178935,1.966998,1.9860817,10
ENSG00000105248,2.2691712,2.6195545,10
ENSG00000221818_1,1.0177325,1.0391364,10
ENSG00000189114,1.8714982,2.1575687,10
ENSG00000172817,1.972618,2.5854495,10
ENSG00000184608,0.3061307,0.0,10
ENSG00000223573,1.5847632,1.7668588,10
ENSG00000167459_1,0.18211882,0.0,10
ENSG00000105088,0.42013878,0.9417102,10
ENSG00000253729_2,1.9583114,3.2790072,10
ENSG00000249859_7,0.29836133,0.0,10
ENSG00000227392,0.5995847,0.0,10
ENSG00000205189,0.721375,1.3559302,10
ENSG00000126583,1.012744,1.0391086,10
ENSG00000142002,0.31786922,0.8181137,10
ENSG00000156471,2.4016366,3.1752305,10
ENSG00000214046,2.3741722,0.0,10
ENSG00000269855,0.39096063,0.8266837,10
ENSG00000072071,1.5880347,1.2872641,10
ENSG00000102575_1,2.0178747,2.188045,10
ENSG00000253339_1,0.22085106,0.0,10
ENSG00000156509,1.6985852,1.9632919,10
ENSG00000071894,2.2969532,2.5431898,10
ENSG00000105205,0.34310445,0.0,10
ENSG00000104695,2.0033536,2.1178014,10
ENSG00000089327,1.5611635,3.479997,10
ENSG00000188039,0.6641065,0.0,10
ENSG00000261787,1.3766807,1.4762982,10
ENSG00000167755,0.3383885,0.8824221,10
ENSG00000254402,1.5936692,1.1609784,10
ENSG00000167459,0.21133399,0.0,10
ENSG00000196235,2.346167,0.0,10
ENSG00000104413,0.5866539,0.6963739,10
ENSG00000161914,2.3794212,1.8722029,10
ENSG00000254101_1,0.3322369,0.0,10
ENSG00000254153,0.30249494,0.0,10
ENSG00000105323_2,2.0764709,2.477541,10
ENSG00000183668,0.41801262,0.0,10
ENSG00000169490_1,2.53342,2.49764,10
ENSG00000232024,0.50416124,2.349394,10
ENSG00000130669_1,0.6009644,0.0,10
ENSG00000011132,2.1083884,2.1377306,10
ENSG00000164949,1.8342324,1.720027,10
ENSG00000167658,0.5680669,2.5542116,10
ENSG00000155926_1,0.22564423,0.0,10
ENSG00000105227_2,0.44159788,0.0,10
ENSG00000104687,2.2847886,2.9012992,10
ENSG00000269086,1.0628664,0.8787515,10
ENSG00000147434_1,1.2954788,1.530315,10
ENSG00000156486,1.7910866,1.915827,10
ENSG00000171105,2.3835359,1.4537463,10
ENSG00000229140_3,0.48174155,0.0,10
ENSG00000196214_1,0.3014432,0.0,10
ENSG00000012061_3,2.1964293,1.6018536,10
ENSG00000185198,0.38523078,0.7187507,10
ENSG00000091656,0.60212123,0.0,10
ENSG00000159882,1.6116155,1.7115254,10
ENSG00000104863,1.2831434,1.4976897,10
ENSG00000083307,1.039373,1.3066823,10
ENSG00000155096_1,0.36852846,0.0,10
ENSG00000130813,2.247764,2.656242,10
ENSG00000159871,0.29864073,1.1560158,10
ENSG00000167613,0.5135381,0.0,10
ENSG00000293247,0.41179484,0.0,10
ENSG00000105245,2.0806131,1.7034547,10
ENSG00000142444,2.254963,2.1837537,10
ENSG00000105610,0.33755505,0.0,10
ENSG00000079313,0.76538587,0.0,10
ENSG00000147813_1,1.4698998,0.0,10
ENSG00000253661_1,0.3861048,0.8671987,10
ENSG00000130475,2.054634,1.9774767,10
ENSG00000256294,1.8198389,1.9336036,10
ENSG00000269386,2.0485954,1.5167732,10
ENSG00000104660,2.2333436,2.716705,10
ENSG00000132554,0.25010666,0.0,10
ENSG00000164924_3,2.3075027,2.1640851,10
ENSG00000147647,0.91525126,0.97464985,10
ENSG00000051128_1,0.33034664,0.0,10
ENSG00000064961,1.9830545,2.640033,10
ENSG00000120913_1,1.7019517,1.7186594,10
ENSG00000086967,0.77122957,1.4005708,10
ENSG00000075702,2.515872,2.3546827,10
ENSG00000063176,2.5604725,2.3294427,10
ENSG00000105364_1,2.5092745,3.3118873,10
ENSG00000125744,1.4784855,0.0,10
ENSG00000167641,0.4757527,0.7676604,10
ENSG00000137558,0.22120032,0.0,10
ENSG00000179632,2.3199892,2.5387006,10
ENSG00000083817,1.9990791,1.7912273,10
ENSG00000161671,2.2336054,2.7319553,10
ENSG00000168476,2.0517826,2.6929412,10
ENSG00000105402_1,0.71949726,0.895312,10
ENSG00000121022_1,1.8160809,3.0277612,10
ENSG00000104756,1.9334036,1.9835857,10
ENSG00000197275,2.187655,2.5902967,10
ENSG00000253408,1.2409782,0.0,10
ENSG00000254092_1,0.42101255,0.0,10
ENSG00000156162,2.1284194,2.091178,10
ENSG00000267855,2.3617535,3.3099663,10
ENSG00000086544,2.4643874,1.7084744,10
ENSG00000078579,0.8373429,0.0,10
ENSG00000105507,0.41133776,0.0,10
ENSG00000130749,2.6026378,2.7276852,10
ENSG00000267898,1.8714837,1.9083027,10
ENSG00000204514,1.6260782,2.5658395,10
ENSG00000147454,2.084093,2.6318576,10
ENSG00000130304,0.5073856,0.6145914,10
ENSG00000006712,2.7863011,2.8065937,10
ENSG00000202360,1.2348589,0.0,10
ENSG00000275901,0.36843458,0.0,10
ENSG00000104884,2.1542778,2.2820394,10
ENSG00000254777_1,2.31146,1.1783149,10
ENSG00000254119,0.208292,0.0,10
ENSG00000077312_1,2.5262122,3.6589925,10
ENSG00000104889,2.1633115,2.7315493,10
ENSG00000254024,0.747213,1.2180626,10
ENSG00000118162,2.2860885,1.5958267,10
ENSG00000284505,0.3297978,0.0,10
ENSG00000189377,0.38346103,0.0,10
ENSG00000156162_1,2.273447,1.9030194,10
ENSG00000160471,0.7393725,0.0,10
ENSG00000129455,0.43240798,0.0,10
ENSG00000147642_1,0.3691424,0.0,10
ENSG00000186300,2.0989017,1.7971914,10
ENSG00000099624,2.1950855,3.604633,10
ENSG00000147408_4,0.5532229,1.1668148,10
ENSG00000105321,1.9502867,2.4232721,10
ENSG00000183850_1,0.8661409,1.1109599,10
ENSG00000130159,1.9807183,2.5915098,10
ENSG00000099864_1,1.7841253,1.6068219,10
ENSG00000201966,0.27053425,0.0,10
ENSG00000188343,1.710413,2.4697824,10
ENSG00000269343,2.2414355,2.5751936,10
ENSG00000129347,2.4204102,2.6372294,10
ENSG00000124459,1.880325,2.2192047,10
ENSG00000222501,0.30021948,4.8369756,10
ENSG00000221983_2,0.6921707,2.624476,10
ENSG00000254008,0.67316985,1.0894812,10
ENSG00000076650,1.8989977,2.0951903,10
ENSG00000172009,2.3557725,2.738656,10
ENSG00000130876,1.2302775,1.3157605,10
ENSG00000158941_1,2.3397036,1.9822487,10
ENSG00000104880,1.8801085,1.3907938,10
ENSG00000105619,1.756771,0.0,10
ENSG00000090924,1.8821522,1.1387668,10
ENSG00000131126,0.3060522,0.0,10
ENSG00000142552,0.9530735,0.914819,10
ENSG00000010310,1.9625267,2.0647237,10
ENSG00000186526_1,0.30894738,0.41629094,10
ENSG00000253729,0.25034362,1.0680745,10
ENSG00000130313,2.5284834,2.6927059,10
ENSG00000105388,0.23459715,0.0,10
ENSG00000147588,0.16219343,0.0,10
ENSG00000196350,0.68718743,0.0,10
ENSG00000254777,1.5995048,1.7969904,10
ENSG00000083807,1.8979957,2.1068807,10
ENSG00000089327_1,1.7557955,2.539653,10
ENSG00000147324,2.0389876,2.0779853,10
ENSG00000160953,2.1452847,2.1458766,10
ENSG00000184647,0.3310377,0.0,10
ENSG00000205883,0.29859668,0.0,10
ENSG00000175305_1,1.8043829,1.4205663,10
ENSG00000169136,2.5113745,3.8643153,10
ENSG00000198363_4,2.09939,2.6354134,10
ENSG00000180739,1.0776619,0.84331375,10
ENSG00000267498,2.006195,0.0,10
ENSG00000126249,2.130206,2.2706742,10
ENSG00000008988_1,2.3159237,4.032522,10
ENSG00000105472,0.3228232,0.6315655,10
ENSG00000177051,2.0513916,2.548328,10
ENSG00000105696,1.6900731,1.6374197,10
ENSG00000142530,1.9662095,0.9996307,10
ENSG00000127533,1.256174,1.3312268,10
ENSG00000164830_4,0.646629,0.0,10
ENSG00000187474,0.18660238,0.0,10
ENSG00000253301,0.63868785,0.0,10
ENSG00000196684,2.2435808,3.1757843,10
ENSG00000168522_1,2.5525422,2.1676717,10
ENSG00000042753,0.49310243,0.58604693,10
ENSG00000161091_1,1.2958468,1.0569811,10
ENSG00000171428,0.9866363,2.0149908,10
ENSG00000187550,0.6298105,1.0443045,10
ENSG00000205138,2.4117818,2.412427,10
ENSG00000156011_4,1.6425189,0.0,10
ENSG00000104611,1.2507731,1.1377022,10
ENSG00000130005,1.6734183,1.4123765,10
ENSG00000157110_1,0.19460219,0.0,10
ENSG00000104237,0.25132155,0.0,10
ENSG00000293495,2.6234303,2.9673665,10
ENSG00000290988,0.9574144,1.025879,10
ENSG00000083838_1,2.169085,1.1490035,10
ENSG00000229140_1,0.20000711,0.0,10
ENSG00000105483_1,1.8521997,2.4512029,10
ENSG00000011332,1.0238309,1.2215968,10
ENSG00000167671_1,0.39294824,0.0,10
ENSG00000088256,2.0926366,2.1728423,10
ENSG00000186230,1.9852816,2.1819608,10
ENSG00000069399,1.2808037,1.7709771,10
ENSG00000129295,0.96207404,0.75273967,10
ENSG00000063169,2.0806975,2.2754266,10
ENSG00000089847,2.2304468,0.0,10
ENSG00000167775,2.3780084,2.7377808,10
ENSG00000099864_2,0.33193335,0.0,10
ENSG00000198046,1.0752008,1.0191163,10
ENSG00000253582,0.94439185,0.0,10
ENSG00000160113,2.0624557,1.9849322,10
ENSG00000235531,2.7053466,3.0133514,10
ENSG00000167232_1,1.7328067,2.2851927,10
ENSG00000171320,0.54922724,0.0,10
ENSG00000161249,0.49733567,1.2214664,10
ENSG00000120896_1,1.2641746,1.0024555,10
ENSG00000267470,0.59288627,0.0,10
ENSG00000293178,1.4050651,1.5910312,10
ENSG00000198521,1.3541814,1.4739101,10
ENSG00000104904_1,1.847506,1.3588862,10
ENSG00000261236,2.2729425,2.9625084,10
ENSG00000164741_1,1.3232113,1.0299152,10
ENSG00000249859_3,1.3816904,2.7186985,10
ENSG00000287952,2.134303,3.73707,10
ENSG00000105198,0.22192943,0.0,10
ENSG00000131351,2.5224395,1.9575355,10
ENSG00000186529_1,0.42698008,0.6214982,10
ENSG00000167232,0.30585235,0.0,10
ENSG00000125744_1,1.8699278,1.8266383,10
ENSG00000141867,0.37345803,0.0,10
ENSG00000126457_1,2.6252952,3.017976,10
ENSG00000132294,2.2275352,2.5606418,10
ENSG00000116017_1,2.0324173,2.6451097,10
ENSG00000118160,0.92371225,0.9880236,10
ENSG00000156011,0.35444367,0.0,10
ENSG00000155926_2,0.48116672,0.0,10
ENSG00000104419_1,0.22563076,0.0,10
ENSG00000089356,0.4009293,0.0,10
ENSG00000293484,0.480793,0.95298606,10
ENSG00000229140_2,0.3635667,0.0,10
ENSG00000249115,2.1562276,0.0,10
ENSG00000147488_1,0.3364418,0.0,10
ENSG00000147679,2.2330308,2.5826156,10
ENSG00000213967,1.2426783,1.8589821,10
ENSG00000104957,1.7234236,0.0,10
ENSG00000179115,2.0095353,3.0832052,10
ENSG00000185900,2.1298184,2.383566,10
ENSG00000089356_1,0.3024187,0.0,10
ENSG00000167470,1.7523786,2.0669742,10
ENSG00000147586_1,2.26477,1.3919579,10
ENSG00000079313_1,2.4935694,2.2879987,10
ENSG00000269439,2.4066706,0.0,10
ENSG00000120875,2.217876,3.2067423,10
ENSG00000197050,2.0201454,1.7788528,10
ENSG00000186838,0.3707183,0.89167124,10
ENSG00000196109,0.48831964,0.9821355,10
ENSG00000104635,2.0148072,2.2972527,10
ENSG00000167617,0.60251284,0.0,10
ENSG00000133742_1,0.22425324,0.704948,10
ENSG00000130513_1,0.32900715,0.69064784,10
ENSG00000188032,0.93573153,1.1109565,10
ENSG00000184661,2.5352201,2.7719328,10
ENSG00000147592,1.9455281,2.495314,10
ENSG00000181896,2.2721047,2.1715598,10
ENSG00000099783,2.4399886,3.7399676,10
ENSG00000147654,2.435175,2.4523997,10
ENSG00000104313_3,1.3490473,0.99960893,10
ENSG00000130529_1,0.6477342,0.959299,10
ENSG00000088247_1,2.587769,3.3964295,10
ENSG00000133275_1,1.6314448,1.2945764,10
ENSG00000105176,0.23858342,0.0,10
ENSG00000023287,2.2824678,2.1009355,10
ENSG00000147408,0.65564704,1.0519509,10
ENSG00000196605,2.194468,1.3814075,10
ENSG00000104237_1,0.18632299,0.0,10
ENSG00000198551_1,2.2736535,1.8541845,10
ENSG00000076826,1.7347549,2.0016904,10
ENSG00000176293,1.0132375,1.3482465,10
ENSG00000029534_1,0.8675916,0.9776779,10
ENSG00000105223_1,0.67104983,0.0,10
ENSG00000104497,1.9667615,1.3339106,10
ENSG00000147421,2.2200222,2.5096111,10
ENSG00000197961,1.9776119,2.8008318,10
ENSG00000141867_1,2.345695,1.7059321,10
ENSG00000104343,2.146029,2.2575874,10
ENSG00000266916,0.7241769,0.0,10
ENSG00000105492_1,0.94713867,1.0312266,10
ENSG00000164934,2.247786,2.8196096,10
ENSG00000129351,2.6203175,3.4559877,10
ENSG00000105717,2.1601925,2.188425,10
ENSG00000248099,0.64816046,1.1950135,10
ENSG00000011478,2.6435328,2.220108,10
ENSG00000269720,0.82746017,1.152013,10
ENSG00000175806,1.7891637,2.056192,10
ENSG00000076641,2.0853834,2.3526127,10
ENSG00000249816_2,0.29837403,0.0,10
ENSG00000066044,2.4724836,3.082412,10
ENSG00000180884,1.6260916,1.5328817,10
ENSG00000167645,2.1028814,2.5005972,10
ENSG00000214248,2.1398425,1.2249835,10
ENSG00000254777_2,1.3591719,1.121888,10
ENSG00000104442,2.1540322,0.0,10
ENSG00000104221,2.0039582,2.2765653,10
ENSG00000130208_1,0.39013034,0.35789675,10
ENSG00000104368_1,0.33297822,0.0,10
ENSG00000253123,0.24104643,0.0,10
ENSG00000180061,0.45986062,0.0,10
ENSG00000197134,0.4901126,1.3165154,10
ENSG00000285675,0.32489252,0.7552649,10
ENSG00000136997,1.0114715,2.2217531,10
ENSG00000287467,0.2901594,0.0,10
ENSG00000204519,1.941423,2.0459173,10
ENSG00000168081,0.37771988,0.0,10
ENSG00000142534,2.4953895,0.0,10
ENSG00000188368,1.7429236,2.0960057,10
ENSG00000174917,1.8071064,0.0,10
ENSG00000008853_3,0.76897836,0.0,10
ENSG00000064961_1,2.0649276,2.048605,10
ENSG00000171574,1.8251208,1.5034639,10
ENSG00000184428,1.5251179,2.23262,10
ENSG00000133742,0.16954263,0.0,10
ENSG00000129354_1,1.0405551,0.7502306,10
ENSG00000183019,0.39478847,0.0,10
ENSG00000104522_1,2.045711,1.20044,10
ENSG00000264515,1.3171586,1.7323697,10
ENSG00000125730,0.6511414,0.0,10
ENSG00000105373,2.3238587,3.1272311,10
ENSG00000120913_3,0.8887377,1.6258472,10
ENSG00000204978,0.33549657,0.6788187,10
ENSG00000147649,2.5030446,3.2503614,10
ENSG00000169499,2.087617,2.3810627,10
ENSG00000104327,0.72488415,0.0,10
ENSG00000164961,2.0831804,2.386811,10
ENSG00000200259,0.7511483,1.3171332,10
ENSG00000007264_1,0.8351059,0.0,10
ENSG00000167815,0.4065116,1.1648879,10
ENSG00000254092,0.3844534,0.0,10
ENSG00000253314,0.27544945,0.0,10
ENSG00000072954,2.098209,1.9620756,10
ENSG00000224420,0.5563649,0.7077575,10
ENSG00000147804,1.4301149,2.5704975,10
ENSG00000133739,1.9259571,1.9932554,10
ENSG00000169169_1,0.4102648,0.8245814,10
ENSG00000254858,2.3856635,2.535718,10
ENSG00000213799,1.763309,0.0,10
ENSG00000105641_1,0.32872415,0.66363496,10
ENSG00000160460,1.7435676,1.7737864,10
ENSG00000123136_1,2.5000153,3.0075471,10
ENSG00000096996,1.5899187,2.0510328,10
ENSG00000167680,0.33875322,0.0,10
ENSG00000169393,0.21267748,0.0,10
ENSG00000253619,0.2806549,1.3326203,10
ENSG00000196357,2.0804224,1.4962237,10
ENSG00000136982,1.9690934,2.621014,10
ENSG00000160117_1,1.312306,2.1759408,10
ENSG00000011332_1,1.4979869,1.3483243,10
ENSG00000181007,1.9834057,1.658883,10
ENSG00000293175,2.0639658,1.3595129,10
ENSG00000269058,1.8622057,0.0,10
ENSG00000213793,1.4831163,1.9837481,10
ENSG00000115255,1.7695452,1.1940979,10
ENSG00000147465,1.0345875,1.4607956,10
ENSG00000183309,2.3205385,1.860332,10
ENSG00000205209,1.528634,0.0,10
ENSG00000104691,1.9759966,1.8488109,10
ENSG00000167757,0.7332343,1.3589622,10
ENSG00000076984,2.5502481,2.5263884,10
ENSG00000153879,2.2940593,2.569313,10
ENSG00000183647,1.4074646,1.785707,10
ENSG00000008441,2.0462637,2.371991,10
ENSG00000267383_1,0.29841685,0.0,10
ENSG00000181790,1.7913762,1.9255854,10
ENSG00000035681_2,2.3310132,2.367654,10
ENSG00000251396,2.1173148,0.0,10
ENSG00000253161_4,0.28652093,0.0,10
ENSG00000267106_1,2.1012216,1.3755538,10
ENSG00000176956_2,0.99303436,1.027268,10
ENSG00000266559,1.8814932,1.2952812,10
ENSG00000104320,1.0927242,2.5205019,10
ENSG00000104432,1.0245265,0.0,10
ENSG00000132005,2.0037017,2.3883178,10
ENSG00000167680_1,1.5284117,1.6274068,10
ENSG00000204839,1.5253255,1.5595475,10
ENSG00000137573_2,0.25709414,0.0,10
ENSG00000245598,1.2723658,0.0,10
ENSG00000284280,0.40801984,0.9880548,10
ENSG00000132004,2.1177855,1.9282781,10
ENSG00000176406_1,1.3807632,1.1197177,10
ENSG00000105643_2,2.0057025,1.6767119,10
ENSG00000199631,1.1969386,1.6928998,10
ENSG00000104835,2.5423589,2.4145856,10
ENSG00000105492,1.0217527,0.0,10
ENSG00000105679,0.6255257,1.0232112,10
ENSG00000164879,0.7936356,0.0,10
ENSG00000197857,1.8944798,2.2346869,10
ENSG00000253716,1.9902455,2.3409812,10
ENSG00000160882,0.4314227,0.0,10
ENSG00000251136_2,2.3171315,2.1316893,10
ENSG00000104549,2.4437542,2.8570006,10
ENSG00000167671_2,1.7922891,2.2460995,10
ENSG00000169436,0.7795994,0.8880109,10
ENSG00000188785,2.15031,0.0,10
ENSG00000180155,1.0269741,1.1418384,10
ENSG00000186272,1.6190082,1.9001049,10
ENSG00000221946,0.9326216,1.432809,10
ENSG00000065268,2.2430406,2.5197334,10
ENSG00000104903,1.6124072,0.0,10
ENSG00000205744_1,2.0988035,2.780411,10
ENSG00000196961,2.3860178,2.694298,10
ENSG00000169427_1,1.6728339,1.1559552,10
ENSG00000105287,0.6297553,0.0,10
ENSG00000047249,2.3234768,2.279037,10
ENSG00000104825,2.0257058,2.7963037,10
ENSG00000160972,1.6519643,1.9324585,10
ENSG00000213024,0.7421533,0.78905165,10
ENSG00000168546_1,1.3470408,0.0,10
ENSG00000196967,1.440945,0.0,10
ENSG00000270164_3,1.032641,0.0,10
ENSG00000253474,0.2538495,1.3456482,10
ENSG00000170906,2.2806087,3.2425737,10
ENSG00000174951,1.0764157,0.0,10
ENSG00000153902,0.80997723,0.800449,10
ENSG00000253868,2.2792358,0.855398,10
ENSG00000105281,1.306993,1.586675,10
ENSG00000167642,1.5401329,1.4447316,10
ENSG00000007129_1,0.65972793,0.0,10
ENSG00000164684_1,0.63221323,1.0338619,10
ENSG00000167749,0.70260453,0.0,10
ENSG00000167755_1,0.23584536,0.0,10
ENSG00000267213,2.4515758,1.7101512,10
ENSG00000160957_1,2.2477708,2.4448564,10
ENSG00000095752,0.7905946,1.0668848,10
ENSG00000171049,0.28136384,0.0,10
ENSG00000156735_1,0.28816414,0.0,10
ENSG00000076928,2.321425,2.5750065,10
ENSG00000105370,0.33163422,0.9938329,10
ENSG00000261437,0.75739884,1.0053092,10
ENSG00000291130,1.0541135,1.7468443,10
ENSG00000104872_1,2.882999,2.3998468,10
ENSG00000123908,2.2170014,2.3281634,10
ENSG00000125746_2,1.6521865,1.3109481,10
ENSG00000147416,2.1414232,2.714495,10
ENSG00000185697,2.2326856,1.4095442,10
ENSG00000042980,0.36356434,0.0,10
ENSG00000060566_1,0.4169414,0.0,10
ENSG00000104833,0.9501904,0.7425759,10
ENSG00000221983_1,2.489326,3.4695938,10
ENSG00000076554,0.3497115,0.0,10
ENSG00000252067,0.1984241,0.0,10
ENSG00000008988,1.9750675,1.4172558,10
ENSG00000187556,0.26652175,0.0,10
ENSG00000105053_1,2.510251,0.0,10
ENSG00000072958,2.3973799,2.7579682,10
ENSG00000104969,2.3145728,2.8907316,10
ENSG00000123136,2.340856,1.3417708,10
ENSG00000171119,1.7024099,1.4709835,10
ENSG00000185869,1.6049904,0.0,10
ENSG00000283632,0.3730717,0.74770695,10
ENSG00000147604,1.522092,2.691307,10
ENSG00000170619,2.1706977,2.205456,10
ENSG00000126247_1,2.1603575,2.2343907,10
ENSG00000090006_2,0.4520477,0.8843138,10
ENSG00000256087,1.9582449,1.8655955,10
ENSG00000167578,3.0236826,2.2147193,10
ENSG00000164944,2.1788826,0.0,10
ENSG00000161558,2.3133278,2.0946631,10
ENSG00000253944,1.5061594,1.5375043,10
ENSG00000164934_1,2.2581635,0.0,10
ENSG00000249859_4,0.71366215,1.227321,10
ENSG00000160410_2,0.45860004,0.0,10
ENSG00000120885_1,0.3408576,0.5933082,10
ENSG00000123154_1,1.800593,1.6018689,10
ENSG00000121413_1,1.2760543,1.2988749,10
ENSG00000272333,2.4496775,2.4558098,10
ENSG00000245164,0.20030499,0.0,10
ENSG00000205268,2.5965776,2.6581259,10
ENSG00000104760_1,0.46708876,0.0,10
ENSG00000147526_2,2.6816034,2.746237,10
ENSG00000105750,1.8853997,2.245695,10
ENSG00000066827_1,0.44192338,0.0,10
ENSG00000010361_1,1.9983319,1.3292148,10
ENSG00000180190_1,1.1157753,0.0,10
ENSG00000279847,0.21250507,0.0,10
ENSG00000090659,0.2853172,0.5969378,10
ENSG00000291231_1,0.3548003,1.0272517,10
ENSG00000254266,0.27271837,0.0,10
ENSG00000159915,1.0049359,1.3333404,10
ENSG00000234616_1,0.496666,0.67582417,10
ENSG00000134815,2.0726457,2.2021258,10
ENSG00000228862,1.1981481,1.0668476,10
ENSG00000066777,2.3179264,2.4155376,10
ENSG00000258405_1,0.7857951,1.0800996,10
ENSG00000155792,1.5181893,1.6397852,10
ENSG00000250305,0.79584575,1.6844863,10
ENSG00000164930,1.9164177,1.3045552,10
ENSG00000286449,0.7751553,0.0,10
ENSG00000104960_2,2.3016748,2.3062942,10
ENSG00000286113,2.031166,0.99821573,10
ENSG00000169398,0.31442282,0.0,10
ENSG00000160886,0.5499663,1.3258849,10
ENSG00000104936,1.2028538,1.0164232,10
ENSG00000105270,0.8974508,1.1773922,10
ENSG00000178982,2.538828,3.4049773,10
ENSG00000183779,1.9333321,1.6864575,10
ENSG00000174521,1.5680106,1.6986312,10
ENSG00000167637,0.73774314,1.4533795,10
ENSG00000104738,2.38405,3.3962743,10
ENSG00000105063,1.3641466,0.0,10
ENSG00000182986_1,1.7085793,2.1926036,10
ENSG00000175489,0.95834386,0.0,10
ENSG00000248538_2,0.34379557,0.0,10
ENSG00000130164,1.7707958,2.4556608,10
ENSG00000248801,0.57284546,1.0067014,10
ENSG00000173530,1.6341673,2.5742025,10
ENSG00000126934_1,2.313229,3.2166197,10
ENSG00000226696,2.225946,1.6311991,10
ENSG00000179632_1,2.1276526,0.0,10
ENSG00000104870,0.30200493,0.8412969,10
ENSG00000130167,0.33710998,0.5785934,10
ENSG00000018869,1.9970101,0.0,10
ENSG00000147536,2.2406797,0.0,10
ENSG00000180938,0.6902501,0.0,10
ENSG00000198482_1,1.7439662,1.875206,10
ENSG00000141837,1.5700926,0.87297165,10
ENSG00000164932,1.6244234,1.905094,10
ENSG00000131944,1.8045137,2.1857517,10
ENSG00000105556,1.7864774,1.9067336,10
ENSG00000254101_2,1.3088682,0.0,10
ENSG00000267254,1.5599121,0.0,10
ENSG00000104880_1,2.2409277,2.1838646,10
ENSG00000290427,0.2657807,0.0,10
ENSG00000077782_1,1.3033532,1.2789822,10
ENSG00000167653,1.5184218,0.0,10
ENSG00000161652,0.865136,0.9592895,10
ENSG00000160888,1.801844,1.7397084,10
ENSG00000142303,1.4547817,1.6440021,10
ENSG00000105223,2.2709951,2.432878,10
ENSG00000074219_1,0.29704714,0.0,10
ENSG00000156675,2.0604749,2.614239,10
ENSG00000267277,2.2148242,1.8119167,10
ENSG00000120992,2.4043417,2.8134582,10
ENSG00000165046_1,1.5971283,1.6573523,10
ENSG00000182986,0.29293913,0.0,10
ENSG00000083307_1,0.52817786,0.0,10
ENSG00000116014,1.4392561,1.6014733,10
ENSG00000065989_1,0.5260456,1.2684844,10
ENSG00000157110_3,0.7441667,0.53089094,10
ENSG00000253438,0.9151437,1.4931372,10
ENSG00000124444,2.5223455,2.3285222,10
ENSG00000198453_2,0.7950457,0.0,10
ENSG00000182566,0.40597504,0.0,10
ENSG00000249898,0.37474054,0.80048543,10
ENSG00000283103,2.0745063,1.9726517,10
ENSG00000105058,1.9416837,3.1204488,10
ENSG00000105379,2.228683,0.0,10
ENSG00000288041,0.22733721,0.0,10
ENSG00000183617,2.059236,2.2072842,10
ENSG00000104763_1,1.4020745,0.0,10
ENSG00000213996,1.3009433,1.3109694,10
ENSG00000105676,2.6244044,2.5470974,10
ENSG00000161265_1,2.1014977,2.0887632,10
ENSG00000187116,0.3938838,0.0,10
ENSG00000225885,1.4205499,0.0,10
ENSG00000174788,0.292436,0.68481845,10
ENSG00000115266,1.2463797,1.2350231,10
ENSG00000161016_1,2.4060826,4.0462728,10
ENSG00000155097,2.2625337,2.5791671,10
ENSG00000167766,1.9712695,2.3831239,10
ENSG00000070756,0.6460256,0.0,10
ENSG00000173581_1,1.9486815,2.3330925,10
ENSG00000099783_1,0.25873536,0.0,10
ENSG00000291086,1.8819777,2.077037,10
ENSG00000155099,2.2349186,3.0076838,10
ENSG00000006016,1.7607003,2.0398502,10
ENSG00000152475,2.4992714,1.5822906,10
ENSG00000179820,0.2984123,0.0,10
ENSG00000228300_1,2.4007173,0.0,10
ENSG00000008513_1,1.9873921,2.3590534,10
ENSG00000104888,0.2514663,0.0,10
ENSG00000175221,2.1882586,2.501444,10
ENSG00000167685,1.97848,2.2882156,10
ENSG00000179873,0.3613159,0.72952116,10
ENSG00000126246_1,1.7589349,0.0,10
ENSG00000104976,2.1081324,2.6595454,10
ENSG00000178209_2,1.8741153,1.5851334,10
ENSG00000011243_1,2.4018817,2.714608,10
ENSG00000176406,1.2193629,1.3178962,10
ENSG00000249859_8,1.2948724,1.5093101,10
ENSG00000104375_1,0.75726825,0.0,10
ENSG00000130518,0.33967614,0.0,10
ENSG00000182141,1.9388479,0.0,10
ENSG00000181690,2.1751456,2.0583236,10
ENSG00000160959_1,2.3742008,1.7153347,10
ENSG00000253227,0.24235335,0.0,10
ENSG00000272138,1.4998677,1.1408222,10
ENSG00000125648,2.2193027,3.2679598,10
ENSG00000104897,2.5211558,0.0,10
ENSG00000253138,0.25044426,0.0,10
ENSG00000175305,1.7448026,2.1187177,10
ENSG00000291089,0.61196023,1.3232521,10
ENSG00000051128,0.3071359,0.76275355,10
ENSG00000130513,1.9339498,0.0,10
ENSG00000196081,1.9595612,2.4589565,10
ENSG00000120903,0.29553545,0.0,10
ENSG00000184672_1,1.534042,1.602635,10
ENSG00000254087,2.3215528,3.1450286,10
ENSG00000142459,2.1555214,1.699725,10
ENSG00000175445,0.6930329,1.0532322,10
ENSG00000007129,1.3151776,2.5076265,10
ENSG00000213015_1,2.0964813,2.6432197,10
ENSG00000154188_2,0.2622994,0.0,10
ENSG00000186918,1.9456898,2.3791242,10
ENSG00000263002,1.334807,2.0396242,10
ENSG00000160505_1,0.43933707,1.3379861,10
ENSG00000270164_2,1.1144183,1.7552649,10
ENSG00000147481_1,0.4023499,0.0,10
ENSG00000173273,2.2513847,2.2714188,10
ENSG00000267448,0.2729589,0.0,10
ENSG00000115257,1.2292876,1.0312388,10
ENSG00000171443,2.6196027,1.9923944,10
ENSG00000167460_1,1.1307242,1.4067615,10
ENSG00000104290,2.2869778,2.255393,10
ENSG00000167751,0.2888663,0.0,10
ENSG00000104368,0.40809217,0.0,10
ENSG00000167769,0.48281896,0.9367801,10
ENSG00000171223,2.2814136,3.773986,10
ENSG00000130803,1.8317424,2.5550945,10
ENSG00000129422,0.24233705,0.0,10
ENSG00000136986_2,2.1907177,2.834511,10
ENSG00000253554,0.25170606,0.0,10
ENSG00000253105,0.22074282,0.0,10
ENSG00000253764,0.74973065,1.0544598,10
ENSG00000090554,1.3096575,1.8909014,10
ENSG00000173535,0.8915231,1.474362,10
ENSG00000104907,1.5152662,2.4719515,10
ENSG00000164924_1,2.344636,1.514999,10
ENSG00000032444,0.8855565,0.0,10
ENSG00000104450,1.9585901,2.27591,10
ENSG00000160973,0.39418337,0.81153476,10
ENSG00000183638,0.30527562,0.0,10
ENSG00000168300_1,2.3726091,2.4515193,10
ENSG00000180448,2.207169,2.6769953,10
ENSG00000104419_2,0.29198712,0.0,10
ENSG00000170873,0.23750037,0.5632912,10
ENSG00000170889_1,2.4908152,1.7776805,10
ENSG00000241852,1.5105137,1.3462747,10
ENSG00000253161_2,0.32767287,0.0,10
ENSG00000104936_1,0.45335376,1.0557222,10
ENSG00000161681,1.5853842,1.6227216,10
ENSG00000249861,0.2611837,0.0,10
ENSG00000008853_2,2.1775756,1.7788961,10
ENSG00000126233,0.4980213,0.0,10
ENSG00000205038_1,1.4815067,0.0,10
ENSG00000071564,2.5644813,3.2234077,10
ENSG00000039987,0.26141122,0.0,10
ENSG00000070404,1.4668224,2.2788177,10
ENSG00000182372_1,2.067752,1.6656841,10
ENSG00000197766,0.41648036,0.8350942,10
ENSG00000267308,0.31657457,0.0,10
ENSG00000266904,2.164579,1.5026592,10
ENSG00000229140_4,0.21820956,0.0,10
ENSG00000253679,0.4750749,0.0,10
ENSG00000291231,0.4351781,1.001041,10
ENSG00000105722_1,2.0462155,2.6905506,10
ENSG00000104774,1.0142177,0.851454,10
ENSG00000198363_1,0.24815696,0.0,10
ENSG00000042832,0.24365404,0.0,10
ENSG00000142549,1.490969,1.5758227,10
ENSG00000020181,1.7970289,1.6654966,10
ENSG00000089351_1,2.2679253,2.5461328,10
ENSG00000155100,2.271308,2.5568137,10
ENSG00000269729,0.25913003,0.0,10
ENSG00000261949,0.28738722,0.0,10
ENSG00000186526,0.29261482,0.0,10
ENSG00000268655,0.560975,0.0,10
ENSG00000099797_2,0.57342136,1.1335708,10
ENSG00000291114,0.6986809,0.0,10
ENSG00000167702_1,1.5972016,1.1087679,10
ENSG00000169946_1,1.0254043,1.2591636,10
ENSG00000127666,2.258092,2.9838648,10
ENSG00000105364,1.9456547,3.4813852,10
ENSG00000213563,1.6207483,1.871386,10
ENSG00000090006_5,0.89835566,1.1658672,10
ENSG00000167615,2.7144508,2.9268363,10
ENSG00000269386_1,2.3950558,3.0971322,10
ENSG00000167461,2.6041074,3.471167,10
ENSG00000185015_1,1.3842613,1.1658672,10
ENSG00000245857,1.2620271,0.0,10
ENSG00000124466,0.6689818,0.0,10
ENSG00000285744,1.6883825,0.0,10
ENSG00000105374,1.4493235,1.1896138,10
ENSG00000105341,1.7402014,0.0,10
ENSG00000179698_1,1.878693,1.6604575,10
ENSG00000105366_1,0.56766474,0.97312784,10
ENSG00000214212,0.6491799,0.0,10
ENSG00000079999,2.0386305,2.0223458,10
ENSG00000142046_2,0.95222974,1.1087679,10
ENSG00000105429,2.0852733,1.8514112,10
ENSG00000197858,2.2011318,2.2789454,10
ENSG00000204839_1,0.6524474,0.79363674,10
ENSG00000196337,0.96093047,0.90605474,10
ENSG00000178814_1,1.209279,1.2349726,10
ENSG00000198003,1.681724,0.0,10
ENSG00000178896,2.3503275,2.435172,10
ENSG00000164794,0.75378835,0.0,10
ENSG00000120963_1,2.2490292,1.9500726,10
ENSG00000198346,1.3723649,0.0,10
ENSG00000013275,2.3172755,3.2409134,10
ENSG00000253658,0.16299935,0.0,10
ENSG00000178719,2.0789647,3.456785,10
ENSG00000188033,2.1916504,0.0,10
ENSG00000039650_3,1.6113173,1.9915229,10
ENSG00000104312,2.3485074,2.9340792,10
ENSG00000178719_3,0.46142173,1.7745754,10
ENSG00000065989,1.7914484,1.886265,10
ENSG00000160460_2,1.2923989,0.0,10
ENSG00000073008,1.2930368,1.7016716,10
ENSG00000181894_1,1.6354471,1.130366,10
ENSG00000186106,2.2173843,2.5515232,10
ENSG00000253880,0.2603065,0.0,10
ENSG00000286122,0.26168382,0.0,10
ENSG00000105669,2.5569763,3.263108,10
ENSG00000129696,1.750347,2.2539604,10
ENSG00000181195,1.2445979,0.0,10
ENSG00000152433,2.2725,0.0,10
ENSG00000254521,0.38535595,1.5394524,10
ENSG00000175606,2.1464858,2.9268808,10
ENSG00000105699_2,2.2515478,2.8949432,10
ENSG00000127452_1,1.7664529,1.4762228,10
ENSG00000123143_2,1.2999173,0.0,10
ENSG00000198182_1,1.4865538,1.2257227,10
ENSG00000198482,2.0643892,0.0,10
ENSG00000127616_1,2.4864845,1.7291648,10
ENSG00000129691_1,2.2905593,0.0,10
ENSG00000181085,0.75525177,1.0952392,10
ENSG00000083828,1.8925856,2.309545,10
ENSG00000164733_2,1.8517859,2.4584854,10
ENSG00000125505_1,2.4152193,2.2427301,10
ENSG00000131943,2.288857,2.1647513,10
ENSG00000212473,0.38802385,0.0,10
ENSG00000261667,0.5008769,0.8880109,10
ENSG00000063322,2.6377687,2.6713655,10
ENSG00000130203,0.41686141,1.2119478,10
ENSG00000177025,0.21146855,0.0,10
ENSG00000141837_3,0.57761586,0.59697074,10
ENSG00000187994_1,1.5478452,2.382588,10
ENSG00000105655,1.3329276,1.5712545,10
ENSG00000198791,1.9312316,0.9182925,10
ENSG00000099875,2.5114365,2.3760493,10
ENSG00000099625,1.8535417,1.711824,10
ENSG00000141933,2.3374438,2.1527958,10
ENSG00000205189_1,1.7782239,1.8778894,10
ENSG00000105221_1,0.7290832,0.0,10
ENSG00000156413,0.3549324,0.0,10
ENSG00000167468_1,1.1695164,1.8004009,10
ENSG00000063177,0.67293805,0.0,10
ENSG00000286138,2.0373802,1.2708232,10
ENSG00000167700,2.0978155,1.8034639,10
ENSG00000253926_1,0.9590615,0.6381097,10
ENSG00000127511,1.9021491,2.5545242,10
ENSG00000168672,0.78695655,0.0,10
ENSG00000147655,0.72490615,1.2332754,10
ENSG00000236144,2.1957922,0.0,10
ENSG00000130812_1,2.3705382,1.7283537,10
ENSG00000180257,2.055663,2.0145626,10
ENSG00000104371,0.47976607,0.8824335,10
ENSG00000197256,1.7246405,1.9020993,10
ENSG00000133872,1.5234617,0.99818087,10
ENSG00000290859,0.5981772,0.0,10
ENSG00000078668,2.6625414,3.1441631,10
ENSG00000125741_1,1.1364989,1.3682572,10
ENSG00000176909_1,0.41815388,0.0,10
ENSG00000268460,0.24084365,0.0,10
ENSG00000120885_2,1.1943698,1.3896267,10
ENSG00000104946_1,1.9341317,0.0,10
ENSG00000164741_2,0.23661217,0.0,10
ENSG00000142252,2.3218246,2.3935192,10
ENSG00000038945_2,0.21604937,0.0,10
ENSG00000129355,2.406146,1.9151359,10
ENSG00000105220,2.143135,0.0,10
ENSG00000105609,0.34650785,0.70767236,10
ENSG00000123159,2.1119876,2.0779018,10
ENSG00000269858_2,0.76423943,0.855501,10
ENSG00000131042,0.4593655,0.0,10
ENSG00000253643,0.2081384,0.0,10
ENSG00000121005_1,1.2439758,0.8137744,10
ENSG00000123124,2.209817,1.4073128,10
ENSG00000147419,2.1714268,2.8900642,10
ENSG00000186583,0.7738973,0.8749165,10
ENSG00000066855,2.0922875,2.3879626,10
ENSG00000254618,0.38936937,1.7648976,10
ENSG00000063244,2.4097543,2.3408267,10
ENSG00000105672,0.96872544,0.0,10
ENSG00000130511_1,1.521446,2.107617,10
ENSG00000243130,0.42513734,0.0,10
ENSG00000171044,2.3176546,1.958946,10
ENSG00000083807_1,0.8500828,1.229221,10
ENSG00000176571,0.19999903,0.0,10
ENSG00000253948,2.3194804,1.7619729,10
ENSG00000007047,1.8815497,2.1459544,10
ENSG00000185453,2.1809669,1.4940432,10
ENSG00000147481_3,0.8004366,0.90608174,10
ENSG00000154589,1.326114,1.3306978,10
ENSG00000197265,2.6779113,1.8208777,10
ENSG00000126254,2.2913074,2.6273627,10
ENSG00000176531,1.497394,1.0917724,10
ENSG00000133250,2.420041,2.4237208,10
ENSG00000167562_1,1.707095,1.3456677,10
ENSG00000161243,1.2737087,2.01976,10
ENSG00000104723,1.279829,1.4719368,10
ENSG00000196357_1,2.2928658,1.951726,10
ENSG00000105323_1,2.9773912,3.3229136,10
ENSG00000104983,2.033029,2.0886285,10
ENSG00000242221,0.32983756,0.84538954,10
ENSG00000214456,0.77796876,1.1886191,10
ENSG00000254775,0.19716758,0.0,10
ENSG00000201763,0.2641045,0.0,10
ENSG00000142546_1,1.8458896,2.5817244,10
ENSG00000035681,0.96543777,0.0,10
ENSG00000076554_3,0.3296886,0.0,10
ENSG00000172687,1.5708443,2.4199228,10
ENSG00000105700,2.3964682,3.2312734,10
ENSG00000243207,2.7404838,2.675595,10
ENSG00000063245,2.469747,2.4399638,10
ENSG00000080031_1,0.7364439,1.6315076,10
ENSG00000246145,1.9153291,1.4200053,10
ENSG00000130208_3,0.6337402,0.8786832,10
ENSG00000158856_6,1.3818947,1.5665789,10
ENSG00000253210,2.1872296,1.4995221,10
ENSG00000164951_1,1.3664888,0.0,10
ENSG00000105656,2.5129352,2.60707,10
ENSG00000142046,1.41217,0.8137544,10
ENSG00000029534_2,0.3092524,0.0,10
ENSG00000164733,0.40954334,0.0,10
ENSG00000079102,0.6402747,0.60055906,10
ENSG00000198169,2.2674718,1.794258,10
ENSG00000167815_1,1.9680768,2.8252509,10
ENSG00000183808,2.3859072,2.6575816,10
ENSG00000168490,1.0456089,1.6206669,10
ENSG00000251247_1,1.1968068,0.0,10
ENSG00000160352,1.719074,0.0,10
ENSG00000130813_1,2.3529449,2.493936,10
ENSG00000228323,0.9300972,1.0299112,10
ENSG00000269404,1.631565,3.229623,10
ENSG00000196646,1.9721311,2.347615,10
ENSG00000175324,2.0512333,2.781116,10
ENSG00000141965,2.5908885,2.1611223,10
ENSG00000178460,0.95493174,0.0,10
ENSG00000204604,1.600134,2.3636966,10
ENSG00000073050,2.0356684,0.0,10
ENSG00000129353_1,1.3204349,1.124028,10
ENSG00000205396,0.37064523,0.0,10
ENSG00000255974,0.29879385,0.0,10
ENSG00000154319_1,0.2983095,0.0,10
ENSG00000221914_2,0.7408905,0.0,10
ENSG00000104218,1.9397577,2.3523831,10
ENSG00000178685,1.2203287,2.4908752,10
ENSG00000179909,0.59020317,0.0,10
ENSG00000105219_1,1.1191131,1.6367687,10
ENSG00000104951,2.0685081,3.1592934,10
ENSG00000239039,1.8698505,3.1664894,10
ENSG00000132000_1,0.60561645,0.6214463,10
ENSG00000104885,2.3817391,3.0503025,10
ENSG00000131355,0.33428717,0.0,10
ENSG00000290606,0.19573924,0.0,10
ENSG00000083838,2.4320216,1.5052178,10
ENSG00000183207,2.0017176,2.870505,10
ENSG00000089351,0.28610903,0.0,10
ENSG00000293317_1,0.4457177,0.5473439,10
ENSG00000104964_1,2.2629256,3.1814034,10
ENSG00000196235_1,2.7256908,3.1921492,10
ENSG00000249859,1.9984287,0.0,10
ENSG00000131845,1.4086722,1.6043903,10
ENSG00000130522,2.5735602,3.0749152,10
ENSG00000179922,1.6565298,1.3982074,10
ENSG00000130208,0.31480858,0.6877251,10
ENSG00000221947,1.6101109,0.0,10
ENSG00000140396,0.5122006,1.0557605,10
ENSG00000164924,1.6777916,1.5283381,10
ENSG00000255491_2,0.27242216,0.0,10
ENSG00000268027,0.32857653,0.0,10
ENSG00000141971_1,1.9476463,1.2880837,10
ENSG00000104522,2.2579556,2.5320904,10
ENSG00000142396,2.2626696,0.0,10
ENSG00000105404,1.9515666,1.9001273,10
ENSG00000105185,2.2281542,3.6543498,10
ENSG00000180448_1,2.2740092,2.287421,10
ENSG00000267339_1,0.15394709,0.0,10
ENSG00000179526,2.2826047,2.0703557,10
ENSG00000125734,2.4663877,1.666031,10
ENSG00000164741_3,0.15829462,0.0,10
ENSG00000201231,0.17319176,0.0,10
ENSG00000152439,2.1139607,1.8334085,10
ENSG00000156802,2.5893164,2.9859562,10
ENSG00000225975,1.9734136,1.8562381,10
ENSG00000183401_1,2.1019373,1.9303019,10
ENSG00000104722,1.2113272,1.072948,10
ENSG00000156831,2.086604,2.5163305,10
ENSG00000187954,2.013947,2.1611283,10
ENSG00000177570,2.167296,2.5069797,10
ENSG00000127452,2.3565598,2.3727648,10
ENSG00000198816,1.6670779,1.6140953,10
ENSG00000187902,0.860834,1.008089,10
ENSG00000242852_1,0.88679665,1.0038481,10
ENSG00000170323,0.17512988,0.0,10
ENSG00000255491_1,0.33272725,0.0,10
ENSG00000156787,1.7276653,2.1055613,10
ENSG00000293317,0.62894976,0.0,10
ENSG00000253434,0.37195867,0.0,10
ENSG00000131773,1.777104,1.9974214,10
ENSG00000164938,2.1146588,2.157807,10
ENSG00000158815,0.5935458,0.9400979,10
ENSG00000245149,2.460281,1.8950742,10
ENSG00000104941,0.661019,0.7214726,10
ENSG00000064313,1.6811181,2.695892,10
ENSG00000129911,2.3235116,2.7580106,10
ENSG00000158856_3,0.41790885,0.0,10
ENSG00000175073,2.6971354,2.2589724,10
ENSG00000267796,1.7463061,2.0643082,10
ENSG00000158856,1.0992669,1.2669134,10
ENSG00000076662,0.70993793,1.1293354,10
ENSG00000178297,0.38672027,0.0,10
ENSG00000079459_2,0.47689223,0.0,10
ENSG00000087086,2.1107316,4.1823406,10
ENSG00000196267,1.6388148,0.0,10
ENSG00000196705,1.961219,2.751674,10
ENSG00000105355,1.8410906,0.0,10
ENSG00000213762,1.7767888,2.0621154,10
ENSG00000268895,1.7952051,0.0,10
ENSG00000198466,1.8406132,2.0046954,10
ENSG00000245281_1,1.2749575,0.0,10
ENSG00000291080,1.9529377,1.6526331,10
ENSG00000105173,2.1279798,2.2683089,10
ENSG00000039987_1,0.27424937,0.0,10
ENSG00000287134,0.24055678,0.6876894,10
ENSG00000159885,1.0802971,0.0,10
ENSG00000062822,2.3050566,2.591671,10
ENSG00000167555,1.1667367,1.3346709,10
ENSG00000123143,2.1052456,2.409057,10
ENSG00000104856,2.357143,2.3905466,10
ENSG00000176472,2.2332292,1.9073038,10
ENSG00000171320_1,2.2023172,2.861369,10
ENSG00000205133_1,1.5226775,2.108528,10
ENSG00000289906,0.28036383,0.0,10
ENSG00000231924,0.43252933,0.0,10
ENSG00000012232_1,2.2797484,2.2279844,10
ENSG00000083845,1.9934283,4.138154,10
ENSG00000158863,1.8148464,2.0270967,10
ENSG00000142528,2.1802135,0.0,10
ENSG00000123119,1.404603,1.0163647,10
ENSG00000167671,0.6380784,1.3468965,10
ENSG00000247317,2.142033,1.2031145,10
ENSG00000105509,0.75744605,0.0,10
ENSG00000164953,1.4836205,0.0,10
ENSG00000172733,1.9469074,1.901747,10
ENSG00000196757,2.3286738,2.2559788,10
ENSG00000125505,2.3677669,0.0,10
ENSG00000157168_1,1.4578587,1.6592505,10
ENSG00000034677_1,0.32611695,0.8371969,10
ENSG00000160472,0.52055335,0.96396714,10
ENSG00000039650_2,2.2305827,2.2530665,10
ENSG00000129422_5,0.1871402,0.0,10
ENSG00000104228,2.492958,2.3070037,10
ENSG00000105523_1,0.41501224,0.0,10
ENSG00000269190,1.3267856,2.0112574,10
ENSG00000180190,1.0798241,1.3878701,10
ENSG00000215114,2.1413193,0.0,10
ENSG00000089847_1,1.4600803,0.0,10
ENSG00000019549,0.69765496,0.9592847,10
ENSG00000282164,0.8778229,1.0668885,10
ENSG00000291128,0.37716264,0.5180662,10
ENSG00000174917_1,2.067625,0.0,10
ENSG00000164821,0.24950647,0.85349745,10
ENSG00000262874,0.5369956,0.0,10
ENSG00000123146_2,2.0779595,3.0116677,10
ENSG00000204920,1.3584327,2.0355418,10
ENSG00000164830_3,2.0914679,1.8381687,10
ENSG00000170954,0.38765836,0.0,10
ENSG00000185803_2,1.5054938,1.1560006,10
ENSG00000105402_2,2.6952472,2.9007516,10
ENSG00000104331,1.7567365,2.6614208,10
ENSG00000169946,1.3491579,1.6506766,10
ENSG00000174429,0.36891773,0.76275355,10
ENSG00000168575_4,2.3379784,2.777963,10
ENSG00000168661,1.3539604,1.5520717,10
ENSG00000205922,1.6245427,1.928447,10
ENSG00000182315,0.24396625,0.0,10
ENSG00000105122,1.9360486,2.5679986,10
ENSG00000164924_2,2.697833,3.6657038,10
ENSG00000171124,0.25304013,0.0,10
ENSG00000124449,0.4337468,0.0,10
ENSG00000136986_1,0.49601173,0.0,10
ENSG00000159871_2,0.53918695,0.876795,10
ENSG00000176401,1.9894079,1.8158897,10
ENSG00000126261,2.2138171,3.2817717,10
ENSG00000253168,0.19514579,0.0,10
ENSG00000064547,1.8867253,2.1695216,10
ENSG00000167600,1.4552374,1.7724391,10
ENSG00000160439_1,0.48068476,0.9530006,10
ENSG00000188039_1,0.48456913,1.0391364,10
ENSG00000267467,0.37169868,0.0,10
ENSG00000269343_1,0.6503978,0.0,10
ENSG00000277531,0.7764201,0.9024924,10
ENSG00000126262,0.42076534,0.0,10
ENSG00000172172_1,1.6872236,3.210519,10
ENSG00000167755_2,0.60623527,0.8494194,10
ENSG00000064666,2.340992,3.1285188,10
ENSG00000283555,0.14703637,0.8433449,10
ENSG00000003987,1.3946978,1.0494119,10
ENSG00000104894,2.0205293,3.6047616,10
ENSG00000176797,0.21338603,0.0,10
ENSG00000167654,1.0483352,1.4548448,10
ENSG00000167604,1.6774206,0.0,10
ENSG00000167460_4,0.5718876,0.0,10
ENSG00000072062_1,2.294569,2.963755,10
ENSG00000147689_2,0.4876101,0.0,10
ENSG00000131408_2,2.0842977,2.6384714,10
ENSG00000147432,0.25966445,0.0,10
ENSG00000196172,1.3093979,1.3988597,10
ENSG00000130158,1.6503342,1.5611134,10
ENSG00000132026,0.27760255,0.8843365,10
ENSG00000269054,2.3047519,1.5362301,10
ENSG00000236827,1.777382,2.082527,10
ENSG00000105135,1.9210075,1.827886,10
ENSG00000012232,1.8073174,1.1941534,10
ENSG00000167619,1.5902653,2.077346,10
ENSG00000070756_1,0.20730385,1.2707092,10
ENSG00000070756_2,0.2310695,0.0,10
ENSG00000104415,0.44715422,0.0,10
ENSG00000182393,0.33177495,1.1931803,10
ENSG00000267100,2.1066914,2.1005015,10
ENSG00000180739_1,0.8052961,0.0,10
ENSG00000090006_3,1.7274636,1.83774,10
ENSG00000087903_1,2.0576916,1.6654637,10
ENSG00000278129,2.2300935,2.0164943,10
ENSG00000167614,1.3925344,1.4588342,10
ENSG00000198453,1.6800445,0.0,10
ENSG00000077463,2.194109,2.4272182,10
ENSG00000170873_1,1.7467371,0.0,10
ENSG00000126460,0.34388125,0.0,10
ENSG00000104643,2.2881298,1.9761298,10
ENSG00000008441_2,0.6859391,1.0532129,10
ENSG00000147526_1,1.6494346,1.8026028,10
ENSG00000185015,1.9369622,1.4106592,10
ENSG00000169169,0.3807054,0.0,10
ENSG00000213023,0.72627485,0.0,10
ENSG00000152454,1.8738551,1.7445745,10
ENSG00000171060,0.37955222,0.0,10
ENSG00000063127,0.90600115,0.0,10
ENSG00000205186,0.19081396,0.0,10
ENSG00000011422,1.2019979,0.79591477,10
ENSG00000178538,1.281227,1.4833233,10
ENSG00000063241,2.3044534,2.8562515,10
ENSG00000131142_2,0.48288947,0.0,10
ENSG00000156482,2.1552005,4.054337,10
ENSG00000178209,1.2660848,1.6879658,10
ENSG00000156735,2.095284,2.510093,10
ENSG00000253138_2,0.3254227,0.0,10
ENSG00000267605,0.8964089,0.65742016,10
ENSG00000186583_1,0.7513043,1.2715327,10
ENSG00000198723,0.24231952,0.0,10
ENSG00000197372,2.048109,0.0,10
ENSG00000267673,1.2761083,1.4140202,10
ENSG00000085788,2.3462863,2.0580463,10
ENSG00000105131_1,0.657547,1.0164065,10
ENSG00000293376,0.5836379,0.0,10
ENSG00000201782,0.3004317,0.0,10
ENSG00000176731,1.7533482,3.3339427,10
ENSG00000153310,2.4124265,2.4411025,10
ENSG00000213999_1,1.933345,2.2727232,10
ENSG00000198356,2.1816792,2.5774884,10
ENSG00000099326_1,2.2501993,2.0305188,10
ENSG00000070423,2.4008203,2.76636,10
ENSG00000105419,1.2847623,1.2030873,10
ENSG00000189042,2.093749,1.8044162,10
ENSG00000137573_1,0.7415061,0.0,10
ENSG00000064932_1,0.37047958,1.0150243,10
ENSG00000171466,1.8049315,2.2758777,10
ENSG00000164749,0.19391546,2.321671,10
ENSG00000189052,0.2956831,0.0,10
ENSG00000123146,0.61039686,1.1904157,10
ENSG00000178719_2,0.5459629,1.5873629,10
ENSG00000105438_1,2.042338,2.659414,10
ENSG00000104213,1.0796207,0.95455605,10
ENSG00000105523,0.53231335,0.98065776,10
ENSG00000290829,1.2202872,0.85144794,10
ENSG00000147614,0.20233575,0.0,10
ENSG00000197561,0.38029754,0.0,10
ENSG00000167670,2.6778321,0.0,10
ENSG00000104824,2.922194,3.7588446,10
ENSG00000276980,0.41137227,1.7312664,10
ENSG00000293438,1.8183208,1.1397847,10
ENSG00000251247,1.5965825,1.4795321,10
ENSG00000133874,1.9187058,2.4036865,10
ENSG00000105143_2,0.4368676,0.0,10
ENSG00000275591,1.3039206,1.6644332,10
ENSG00000120913_2,0.7147913,1.7006172,10
ENSG00000177669,0.26470062,0.0,10
ENSG00000130810,2.5451298,0.0,10
ENSG00000170631,1.694441,1.8114946,10
ENSG00000159905,1.2887152,1.8050997,10
ENSG00000253853,0.37039876,0.0,10
ENSG00000104812,1.9925505,2.6050107,10
ENSG00000131037,0.40640104,0.0,10
ENSG00000176619_1,2.4840908,3.0287786,10
ENSG00000182472,0.6907824,0.0,10
ENSG00000268480_1,0.37493014,1.2981541,10
ENSG00000038945,0.21023417,0.0,10
ENSG00000029534_4,1.8293347,1.1142772,10
ENSG00000105499,1.5341712,1.623394,10
ENSG00000134028_1,0.23134607,0.0,10
ENSG00000260428,1.6565586,1.5840937,10
ENSG00000105258,2.226211,2.6031108,10
ENSG00000168481,1.628656,1.3292961,10
ENSG00000188283,2.013019,1.8576038,10
ENSG00000147475,2.344071,2.3327796,10
ENSG00000104808,1.2476923,0.0,10
ENSG00000160951,0.85327864,0.0,10
ENSG00000060566,0.4919504,1.9019077,10
ENSG00000181588,2.0573277,2.1222813,10
ENSG00000228300,2.605503,3.0504959,10
ENSG00000267858_1,2.3470159,2.1243086,10
ENSG00000083812,2.029674,1.9279295,10
ENSG00000130382_1,2.277813,2.5581083,10
ENSG00000074181,1.3187187,0.0,10
ENSG00000147457,0.44780922,0.0,10
ENSG00000181666,1.7960478,0.0,10
ENSG00000198464,2.209207,0.0,10
ENSG00000185988,1.7274513,1.5768595,10
ENSG00000064687_1,1.3676449,0.0,10
ENSG00000130748,2.073289,2.337968,10
ENSG00000156795,2.2301435,2.3724148,10
ENSG00000141837_2,1.2755026,1.5521326,10
ENSG00000129455_2,0.23994434,0.0,10
ENSG00000164951,1.8053845,1.3564657,10
ENSG00000142347,0.28704497,0.0,10
ENSG00000267191,1.1561869,1.2952812,10
ENSG00000184489,2.2204032,2.0753133,10
ENSG00000185122,2.3866925,3.0450256,10
ENSG00000074219_2,0.59569275,1.4302042,10
ENSG00000105568,2.6380692,3.2327013,10
ENSG00000185697_1,0.78695154,0.8534853,10
ENSG00000105699,1.6825961,2.3493202,10
ENSG00000270164_1,0.9974104,1.7565068,10
ENSG00000253230,0.29628775,0.0,10
ENSG00000076928_1,2.3347545,1.7328873,10
ENSG00000205133,1.6920977,0.9685903,10
ENSG00000130724,1.8566794,2.4186823,10
ENSG00000168672_1,1.1726792,1.3983567,10
ENSG00000120925,2.3180285,2.0645328,10
ENSG00000188321,1.9646713,1.6687958,10
ENSG00000184374,0.20373082,0.0,10
ENSG00000183665,1.9448017,1.9177129,10
ENSG00000105649,2.337263,2.3197637,10
ENSG00000168575_1,1.2433586,0.49590495,10
ENSG00000104320_2,2.2132654,3.1225533,10
ENSG00000169035,0.60593534,0.0,10
ENSG00000197446,0.36465138,1.2214925,10
ENSG00000253230_3,1.4321488,0.97011435,10
ENSG00000169515,0.57224965,1.1669095,10
ENSG00000253819,0.16554925,0.0,10
ENSG00000079102_1,0.45230198,0.8494194,10
ENSG00000167460_5,0.36104664,0.0,10
ENSG00000105204_1,1.7316011,1.6110932,10
ENSG00000156469,2.312265,2.5115852,10
ENSG00000197016,1.4446589,1.4221135,10
ENSG00000267577,0.40322503,0.0,10
ENSG00000269793,1.6204666,1.6257856,10
ENSG00000158856_5,0.28099328,0.67288256,10
ENSG00000161860,1.8197927,1.2004128,10
ENSG00000104447_1,0.9509797,0.0,10
ENSG00000223547,1.4043386,1.0859823,10
ENSG00000164919,2.0418391,3.7274373,10
ENSG00000268182,1.0937997,1.3184599,10
ENSG00000130283,1.8396868,2.5834255,10
ENSG00000129353,2.0017657,2.4521868,10
ENSG00000198521_1,0.8777139,0.992421,10
ENSG00000267260,1.8166877,1.0975107,10
ENSG00000197808,1.227741,1.73075,10
ENSG00000121410,1.8173941,1.7219424,10
ENSG00000267014,0.23075902,0.0,10
ENSG00000011243,0.31773192,0.8898617,10
ENSG00000104783,1.9201247,2.8886309,10
ENSG00000253796,0.29045945,0.0,10
ENSG00000130304_1,2.194396,1.7178369,10
ENSG00000126934,0.44131207,0.0,10
ENSG00000147596,0.7709911,0.8861522,10
ENSG00000197128,1.2864255,1.8182787,10
ENSG00000104946,2.4164395,1.8868177,10
ENSG00000120899_2,1.7046769,2.8402748,10
ENSG00000179526_1,2.1463246,1.9412181,10
ENSG00000104774_1,1.7656124,3.0373907,10
ENSG00000132561_1,0.22436553,0.0,10
ENSG00000105707_1,0.49200702,1.0231961,10
ENSG00000187840,2.2223144,2.4797537,10
ENSG00000104529,1.9004022,1.2448286,10
ENSG00000165102,2.410407,1.9135754,10
ENSG00000180543,1.8348912,1.2917461,10
ENSG00000087088,2.5526996,2.7509563,10
ENSG00000293495_1,2.1012206,3.020469,10
ENSG00000129354,0.5042337,0.0,10
ENSG00000253408_1,2.3616118,1.671839,10
ENSG00000253438_1,0.22756454,0.0,10
ENSG00000176472_1,2.278071,0.0,10
ENSG00000105697,0.5837817,0.88982815,10
ENSG00000291317_1,1.5494428,1.7762071,10
ENSG00000077782_3,1.814344,1.943638,10
ENSG00000160013,1.2192438,2.081405,10
ENSG00000165046_3,0.3960021,0.0,10
ENSG00000168081_1,0.50735044,0.0,10
ENSG00000176566,0.5305083,0.82026714,10
ENSG00000078674,2.7324195,3.099076,10
ENSG00000130244,2.1904025,2.0389378,10
ENSG00000292982,2.0173078,2.5799687,10
ENSG00000171711,0.3344528,0.90778744,10
ENSG00000131931,2.5139055,2.6010273,10
ENSG00000171817_1,1.3705031,1.6700045,10
ENSG00000177182,0.3994491,0.0,10
ENSG00000104313_1,0.22138289,0.0,10
ENSG00000105483_2,1.7867658,2.5116053,10
ENSG00000131400,1.6748437,0.0,10
ENSG00000064545,1.5759863,2.2251775,10
ENSG00000105552_1,2.0865207,2.6511579,10
ENSG00000253877_1,0.1901021,0.74778455,10
ENSG00000125656,2.2212358,2.7981532,10
ENSG00000078668_1,0.25132155,0.0,10
ENSG00000130751,1.2065452,1.1734223,10
ENSG00000022567,1.97865,1.8769622,10
ENSG00000104524_1,2.410296,2.1158268,10
ENSG00000147804_1,0.78824127,1.2623324,10
ENSG00000104299,1.8443449,0.0,10
ENSG00000167476,0.6015156,0.0,10
ENSG00000118620,2.057084,2.6386719,10
ENSG00000215262,0.19454154,0.0,10
ENSG00000164830_1,0.20294964,0.0,10
ENSG00000186020_1,1.9728333,1.3920107,10
ENSG00000178860,1.6205015,1.5007578,10
ENSG00000161082,1.7750846,1.8879491,10
ENSG00000167632_2,2.1817293,2.3028264,10
ENSG00000168995,0.51236105,0.9165434,10
ENSG00000172728,0.23118725,0.0,10
ENSG00000105254,2.4314828,2.8976107,10
ENSG00000197140,0.7808014,0.0,10
ENSG00000104903_2,1.7288333,1.8242886,10
ENSG00000158806,0.85497564,1.2342186,10
ENSG00000181781,0.29213208,0.8494808,10
ENSG00000167491_2,0.5516101,0.0,10
ENSG00000177380,1.6798648,1.2902795,10
ENSG00000104848,1.8285602,1.8467699,10
ENSG00000105197,2.344019,3.0356538,10
ENSG00000132554_1,1.236049,0.96547455,10
ENSG00000256771,1.7758299,1.5946908,10
ENSG00000142409,2.428123,2.4556365,10
ENSG00000118046,2.3230681,2.3681753,10
ENSG00000104883_1,0.26155135,0.0,10
ENSG00000133247,2.4509673,2.2223263,10
ENSG00000104852,2.5886736,3.37581,10
ENSG00000253553,0.98896253,0.84333247,10
ENSG00000269696,1.4110186,1.0443045,10
ENSG00000104517,2.5509844,2.950579,10
ENSG00000121417,1.5398501,1.9434649,10
ENSG00000198042,2.3536544,3.0327678,10
ENSG00000267606,0.88511455,0.93013364,10
ENSG00000267058,1.0751492,0.0,10
ENSG00000171295,1.9640037,1.622442,10
ENSG00000248538_4,0.35509482,0.0,10
ENSG00000197863,1.8424612,1.5035046,10
ENSG00000130332,2.2977786,0.0,10
ENSG00000104881_1,1.5353464,1.6462665,10
ENSG00000104901,0.47281015,0.0,10
ENSG00000267858,2.6371808,1.8095396,10
ENSG00000131408,1.159705,0.0,10
ENSG00000105723,2.6646957,2.7042105,10
ENSG00000291177,2.0874524,2.1941895,10
ENSG00000268751,0.8165947,1.7526937,10
ENSG00000105576_1,2.187457,1.2128798,10
ENSG00000147813,2.0215645,2.305676,10
ENSG00000147606_1,0.2126,0.0,10
ENSG00000079102_3,1.5553011,1.8337843,10
ENSG00000125733,2.113493,2.3956146,10
ENSG00000249471,2.1118088,1.894172,10
ENSG00000176024,1.4852954,1.5508372,10
ENSG00000128626,2.2971473,2.962898,10
ENSG00000128011,1.749952,1.5361164,10
ENSG00000171425,2.010775,2.3217785,10
ENSG00000129933,2.550476,2.5448368,10
ENSG00000251136,1.5591116,0.0,10
ENSG00000105376_1,1.5158837,1.278342,10
ENSG00000213904,1.4837296,0.0,10
ENSG00000174586,2.24761,1.7003316,10
ENSG00000153310_1,2.1751418,2.2698958,10
ENSG00000176623,2.209888,3.0275617,10
ENSG00000104967_1,1.3022426,1.3024608,10
ENSG00000167646_1,0.8766179,1.187673,10
ENSG00000285791,0.35452855,0.6511617,10
ENSG00000172232,0.50105083,0.89348435,10
ENSG00000089335,2.4078064,2.3531966,10
ENSG00000181786,0.63057506,0.6041396,10
ENSG00000034239,1.1044627,0.9623693,10
ENSG00000141837_1,1.6737515,1.085968,10
ENSG00000179091,2.204349,3.1595461,10
ENSG00000246145_1,1.5663046,0.0,10
ENSG00000105447,2.1711287,2.733686,10
ENSG00000132002_1,1.8629357,0.0,10
ENSG00000105467,2.493896,1.4167403,10
ENSG00000064932,1.9030648,1.955452,10
ENSG00000201675,1.4873338,1.847992,10
ENSG00000283959,2.3998523,1.6298375,10
ENSG00000105641,0.75013614,1.4676229,10
ENSG00000187735,2.3157463,2.9881482,10
ENSG00000221983,2.4590178,3.7148845,10
ENSG00000088247,1.8702381,0.0,10
ENSG00000172081_1,2.2992487,2.4418397,10
ENSG00000130513_2,0.8302142,2.2735777,10
ENSG00000167554,1.171399,0.0,10
ENSG00000181240,0.3914203,0.0,10
ENSG00000249816,0.27313474,0.0,10
ENSG00000130818,1.593581,1.7076179,10
ENSG00000165392_1,0.18443757,0.559308,10
ENSG00000032444_3,1.0454758,0.99239886,10
ENSG00000198131,2.2411766,2.4328442,10
ENSG00000291235,0.45648587,0.0,10
ENSG00000105281_2,1.6645432,2.986004,10
ENSG00000183401,0.47457492,0.0,10
ENSG00000130477_1,1.1660882,1.0777457,10
ENSG00000206579,1.6913702,1.965766,10
ENSG00000188629,0.8495015,1.1904438,10
ENSG00000104324,1.4409059,1.2040548,10
ENSG00000105771,2.7828832,2.8046913,10
ENSG00000130299_1,1.3467449,1.3620487,10
ENSG00000137547,1.8868278,0.0,10
ENSG00000187994,1.967745,1.9319458,10
ENSG00000105643_1,0.95342577,0.0,10
ENSG00000104826,0.3451039,0.0,10
ENSG00000204524,1.954029,1.7597207,10
ENSG00000005007,2.421371,2.8522177,10
ENSG00000254277,0.25992215,0.0,10
ENSG00000130520,2.5602093,2.9594574,10
ENSG00000164825,0.33529302,0.0,10
ENSG00000127540,2.2726912,3.2777283,10
ENSG00000176533,1.9288887,1.685585,10
ENSG00000284491,1.9708334,1.5282815,10
ENSG00000188493,2.103798,2.8037574,10
ENSG00000128000,1.7776695,2.2616792,10
ENSG00000141994,2.2107058,2.466001,10
ENSG00000156413_1,0.37017924,0.0,10
ENSG00000120899,1.9579192,1.585112,10
ENSG00000204949,0.5071231,0.0,10
ENSG00000171827_1,1.721471,0.0,10
ENSG00000127507,1.1178194,1.4488454,10
ENSG00000164924_5,1.6170508,3.2756705,10
ENSG00000198597_1,0.24252126,0.0,10
ENSG00000011451,2.3573709,2.619886,10
ENSG00000036565,0.21096686,0.0,10
ENSG00000152443,1.4441041,2.2360003,10
ENSG00000099308,1.8602407,2.1526766,10
ENSG00000203326,1.7746257,0.0,10
ENSG00000161551,1.130325,1.3601767,10
ENSG00000261857,0.40529674,0.0,10
ENSG00000165084,1.3494519,1.285062,10
ENSG00000182307,2.1908298,2.6523712,10
ENSG00000067167,2.2316031,3.04254,10
ENSG00000147535,2.3420973,2.2741163,10
ENSG00000171606_1,2.4263291,0.0,10
ENSG00000167634,0.2472089,0.5180794,10
ENSG00000104408_1,1.9594723,1.4010575,10
ENSG00000267339,0.4094976,0.0,10
ENSG00000293171,1.1725749,0.0,10
ENSG00000105321_1,1.56958,0.0,10
ENSG00000268595_1,0.45462507,1.072937,10
ENSG00000125755,2.441935,2.8169072,10
ENSG00000105369,2.1639657,3.6056552,10
ENSG00000198723_1,0.4807967,0.0,10
ENSG00000129455_1,0.2702175,0.0,10
ENSG00000293380,0.8895116,0.0,10
ENSG00000251003,0.22289062,0.8710823,10
ENSG00000169398_3,2.0701027,1.7762362,10
ENSG00000005007_1,0.6493957,0.0,10
ENSG00000147526,0.40976828,0.5433602,10
ENSG00000129422_1,0.46272516,0.0,10
ENSG00000254377_2,0.280164,0.0,10
ENSG00000165392,1.8474382,2.5867076,10
ENSG00000267041,1.9478003,1.9628427,10
ENSG00000130755,1.7757533,2.5786438,10
ENSG00000147689,0.3423339,0.0,10
ENSG00000012061,2.1919065,0.0,10
ENSG00000182759,1.5928165,1.2040114,10
ENSG00000253593,0.24259949,0.5747834,10
ENSG00000105220_1,2.1863475,3.80297,10
ENSG00000188624,0.16578245,0.0,10
ENSG00000171017,0.7116731,0.0,10
ENSG00000253729_1,0.25951207,0.0,10
ENSG00000253598,0.2566881,0.0,10
ENSG00000105583,1.6661502,2.708274,10
ENSG00000129422_3,0.37831077,0.0,10
ENSG00000129451_1,0.41090345,1.088324,10
ENSG00000141905_2,2.1040173,2.6599076,10
ENSG00000253196,0.36266884,0.0,10
ENSG00000164830_2,0.31780726,0.0,10
ENSG00000141858,1.9954296,2.741569,10
ENSG00000063244_1,2.6974854,2.5744364,10
ENSG00000278611,1.5842531,0.0,10
ENSG00000181135,1.6284364,1.8806741,10
ENSG00000105376,1.4045409,1.3791023,10
ENSG00000127528,1.8866647,1.9516871,10
ENSG00000167468,2.2883868,3.7622447,10
ENSG00000170949,1.851981,2.716856,10
ENSG00000105048_1,0.32201523,0.68477356,10
ENSG00000134013,1.1994609,0.97010547,10
ENSG00000104419_4,1.8720115,2.0431342,10
ENSG00000253773,2.11198,1.8599545,10
ENSG00000196218,0.5823668,0.92844707,10
ENSG00000235173,2.1507564,2.169786,10
ENSG00000105701,2.14714,3.094583,10
ENSG00000168333,0.3508942,0.0,10
ENSG00000261824,1.1262156,1.8064717,10
ENSG00000167646,0.49494928,0.0,10
ENSG00000105438,1.3271412,1.3449422,10
ENSG00000131848,2.2576423,2.0560622,10
ENSG00000130734,2.0832205,2.157481,10
ENSG00000283103_1,1.7994431,2.3696425,10
ENSG00000130545,0.68119454,1.0531937,10
ENSG00000040341_2,1.669792,1.8964105,10
ENSG00000099804,2.3470469,2.1637247,10
ENSG00000105550,0.26865998,0.0,10
ENSG00000185761,1.2691534,0.0,10
ENSG00000253642,0.4275176,0.0,10
ENSG00000104823,2.3155065,3.24235,10
ENSG00000286034,0.2634334,0.0,10
ENSG00000198028,0.41670474,0.0,10
ENSG00000246089,1.8141588,1.3312653,10
ENSG00000104953,1.9355837,1.8702575,10
ENSG00000104886_1,2.4910994,2.3360393,10
ENSG00000178287,0.2775814,0.0,10
ENSG00000286125,0.8171217,0.0,10
ENSG00000161249_3,0.42203283,1.0929661,10
ENSG00000130669,2.055026,2.2595747,10
ENSG00000090554_1,0.9235134,1.071698,10
ENSG00000176907,0.25389314,0.0,10
ENSG00000099203,2.4580526,1.592887,10
ENSG00000137573,0.26918843,0.0,10
ENSG00000245848,1.7312518,1.3856242,10
ENSG00000104419,0.23091933,0.0,10
ENSG00000104231,1.963842,2.631049,10
ENSG00000160886_1,1.2499511,1.0813041,10
ENSG00000105202_1,0.7665316,1.4547687,10
ENSG00000051128_2,1.3781863,1.9594069,10
ENSG00000125498,0.46091664,0.0,10
ENSG00000172006,1.8711891,1.6261761,10
ENSG00000224910_1,0.5670291,0.6479206,10
ENSG00000105671,2.0611115,2.5360532,10
ENSG00000105204,2.1036854,1.4123429,10
ENSG00000147724_1,1.6999856,1.7264909,10
ENSG00000156011_1,0.3537944,0.0,10
ENSG00000164743,0.647213,0.0,10
ENSG00000154328,2.0796509,2.2328615,10
ENSG00000171236,0.481313,1.8189309,10
ENSG00000155087,0.3995796,0.0,10
ENSG00000160633,2.7746868,3.3090913,10
ENSG00000268500,0.93244255,0.0,10
ENSG00000184672,0.5812521,0.0,10
ENSG00000167912,1.4457489,1.4156243,10
ENSG00000179262,2.4140363,3.5121732,10
ENSG00000105371,1.3741661,1.5972234,10
ENSG00000269858,2.4563842,2.471714,10
ENSG00000160994,0.7573392,1.2967091,10
ENSG00000160111,1.0168257,0.9042826,10
ENSG00000129991_1,0.64741516,0.50048345,10
ENSG00000130175_1,0.47305727,1.0094806,10
ENSG00000160318,0.6055441,0.0,10
ENSG00000008513,0.48860037,0.94333124,10
ENSG00000147687,2.0855794,0.0,10
ENSG00000046889,1.6083094,1.6733527,10
ENSG00000161888,2.3388824,0.0,10
ENSG00000133878,0.70578206,1.3009431,10
ENSG00000092964,1.1392183,1.0443045,10
ENSG00000132561,1.6532861,1.5223268,10
ENSG00000131115,1.6337019,0.88618606,10
ENSG00000179284,0.29357293,0.96085113,10
ENSG00000198258,1.7973439,3.0157118,10
ENSG00000253395,1.7504177,1.322674,10
ENSG00000105707,0.50297666,0.0,10
ENSG00000154359,2.3836007,2.1343684,10
ENSG00000072062,0.46689063,0.0,10
ENSG00000168615_1,0.41513097,0.0,10
ENSG00000142039,2.282156,2.5656354,10
ENSG00000105552,2.0955663,1.7601736,10
ENSG00000085872_1,2.4430633,3.124993,10
ENSG00000197838,0.26321957,0.0,10
ENSG00000142453,2.590167,3.1698124,10
ENSG00000104892,1.0583111,1.2233038,10
ENSG00000186579,0.24852353,0.0,10
ENSG00000064490,2.2532835,1.809724,10
ENSG00000147421_1,1.7314347,1.2392119,10
ENSG00000170786,0.969635,1.0777311,10
ENSG00000164823,1.0264453,1.7453325,10
ENSG00000164941,2.1686182,2.6149194,10
ENSG00000070756_3,2.227316,4.5039105,10
ENSG00000184156,1.6749678,2.011951,10
ENSG00000130751_1,0.35258886,0.0,10
ENSG00000164983,2.0470066,1.9339527,10
ENSG00000226807,0.3449897,0.0,10
ENSG00000104903_1,1.8753115,1.5016754,10
ENSG00000130811,1.8567046,3.4535325,10
ENSG00000180900,2.0184274,2.3003912,10
ENSG00000199652,0.18176979,2.327179,10
ENSG00000029534_3,1.2267284,1.3645698,10
ENSG00000130433,0.9099035,1.30103,10
ENSG00000099622_1,2.4642544,3.4108987,10
ENSG00000167601,0.6154898,0.84342587,10
ENSG00000167595,2.301014,2.2628376,10
ENSG00000248538_1,0.26786923,0.61803764,10
ENSG00000140396_1,2.1736197,2.1881688,10
ENSG00000197892,0.23460832,0.0,10
ENSG00000160392,2.2919135,0.0,10
ENSG00000011590,0.71970475,0.0,10
ENSG00000198342,1.7036387,1.1250907,10
ENSG00000127663,2.2720542,2.6229959,10
ENSG00000291101,0.88051444,1.2850394,10
ENSG00000104205_1,1.9002497,1.6604481,10
ENSG00000124444_1,2.3500786,2.2161343,10
ENSG00000186019,1.2602639,0.0,10
ENSG00000105287_1,1.931772,3.0668995,10
ENSG00000165078,0.53211236,1.1197275,10
ENSG00000204673,2.2846713,2.1248171,10
ENSG00000120915,1.8317719,2.6973505,10
ENSG00000197863_1,1.5289454,1.6903201,10
ENSG00000268318,0.5764394,0.0,10
ENSG00000125743,1.8248353,2.9055262,10
ENSG00000131142_1,0.61925036,0.0,10
ENSG00000164756,0.25522697,0.0,10
ENSG00000160959,2.2490363,1.8717772,10
ENSG00000197332,1.2916371,1.1449476,10
ENSG00000130511,2.262362,2.4422915,10
ENSG00000042832_2,0.29134846,0.0,10
ENSG00000249816_1,0.29546708,0.0,10
ENSG00000104976_1,1.2014128,1.5043757,10
ENSG00000221914,2.1684465,2.9209368,10
ENSG00000253893,1.2452701,0.0,10
ENSG00000130545_1,0.9543549,1.2179837,10
ENSG00000171827,1.8196269,1.7297155,10
ENSG00000105576,2.1444802,0.0,10
ENSG00000176909,0.782151,0.0,10
ENSG00000099338,1.5080788,0.0,10
ENSG00000076944,1.9498621,2.5674627,10
ENSG00000104804,0.33327582,0.0,10
ENSG00000021488,0.24664885,0.0,10
ENSG00000167380,2.0596533,2.3037834,10
ENSG00000104755_1,0.50746447,0.0,10
ENSG00000267777,0.21777362,0.0,10
ENSG00000147509,2.0602932,1.1009216,10
ENSG00000265817,1.3810462,2.5968542,10
ENSG00000213904_1,1.1630896,1.0150243,10
ENSG00000267169,2.632483,1.7560028,10
ENSG00000186010,2.0101829,3.1607895,10
ENSG00000104427,2.109241,2.3379662,10
ENSG00000286798,0.22044355,0.0,10
ENSG00000170889,2.525251,3.4861498,10
ENSG00000136574_1,1.226004,0.0,10
ENSG00000147613,0.8941051,0.0,10
ENSG00000130844_1,2.1317496,1.8475789,10
ENSG00000042753_2,1.9678003,2.8044932,10
ENSG00000168081_2,1.6145734,2.490836,10
ENSG00000004777,2.0600019,1.8424976,10
ENSG00000130303,2.0919547,2.9192874,10
ENSG00000172270_1,2.5064254,3.431838,10
ENSG00000283567,0.48212785,0.0,10
ENSG00000204653,0.39811674,1.18489,10
ENSG00000250571,2.1064916,1.8488078,10
ENSG00000141867_2,2.5159893,3.0590065,10
ENSG00000104450_2,2.0824633,1.9235083,10
ENSG00000204882,0.43471408,0.7700637,10
ENSG00000105323_3,1.4342006,0.0,10
ENSG00000277586,1.3829132,1.7435803,10
ENSG00000147526_3,1.5821779,0.0,10
ENSG00000179820_1,0.84238166,1.4532877,10
ENSG00000147439,2.142889,2.5383675,10
ENSG00000077009,0.40595895,0.0,10
ENSG00000254288,0.36445662,0.8181401,10
ENSG00000253161_1,0.22732204,0.0,10
ENSG00000292979,2.3017921,2.1372876,10
ENSG00000129437,0.3570922,0.0,10
ENSG00000268621,0.27406517,0.0,10
ENSG00000160117,1.3073494,2.1502867,10
ENSG00000186020,2.247325,0.0,10
ENSG00000287296,1.8235018,0.8554707,10
ENSG00000011451_1,1.1740912,1.3694199,10
ENSG00000105576_2,2.2237148,1.9245635,10
ENSG00000105576_3,1.1333793,2.7383509,10
ENSG00000120913_4,0.77739227,0.8843025,10
ENSG00000177335,0.47388572,0.5747718,10
ENSG00000129991,1.0173501,1.5747048,10
ENSG00000245680,1.2556468,0.0,10
ENSG00000077312,2.5803738,0.0,10
ENSG00000167759_1,0.701464,0.0,10
ENSG00000167641_1,1.327967,1.4269177,10
ENSG00000253138_1,0.28138894,0.0,10
ENSG00000267779,0.28029007,0.0,10
ENSG00000105612,1.9526685,2.574692,10
ENSG00000167608,0.36515087,0.0,10
ENSG00000268964,0.31376523,0.0,10
ENSG00000293246,1.122116,2.1288707,10
ENSG00000104885_1,2.4413562,2.0630143,10
ENSG00000197124,0.7798534,0.67883694,10
ENSG00000105063_1,2.435845,2.8515825,10
ENSG00000125726_1,1.4381529,0.0,10
ENSG00000253665,0.21473497,0.0,10
ENSG00000120913,1.1726018,1.3171018,10
ENSG00000212429,0.2112096,0.0,10
ENSG00000276043,2.0120993,2.97806,10
ENSG00000179820_2,0.7569452,0.0,10
ENSG00000011451_2,1.9602939,1.6977522,10
ENSG00000267508,0.3740235,0.0,10
ENSG00000007264,1.4726559,1.3164107,10
ENSG00000167604_1,1.6165739,1.9989791,10
ENSG00000074219,0.29392976,0.6574861,10
ENSG00000147576,1.7878758,1.2821167,10
ENSG00000155970,1.6580129,1.4022614,10
ENSG00000121022_2,0.30203074,0.0,10
ENSG00000164935_1,0.20743316,0.0,10
ENSG00000180043,0.36756843,0.0,10
ENSG00000008853_1,2.10494,2.5847383,10
ENSG00000104419_3,1.9340707,1.9844958,10
ENSG00000099812,0.62217027,0.86338234,10
ENSG00000129990_1,1.0756311,1.0232112,10
ENSG00000147650,2.364853,1.9216344,10
ENSG00000130477,0.26621532,0.0,10
ENSG00000171903_1,0.3053882,0.0,10
ENSG00000169490,2.415268,2.3754404,10
ENSG00000186431,0.20439327,0.0,10
ENSG00000205517,0.93143386,0.687734,10
ENSG00000130812,2.400065,1.4931093,10
ENSG00000178150_1,1.5296457,0.9880727,10
ENSG00000196268,1.4028484,2.0651276,10
ENSG00000130193,2.3652291,2.4868977,10
ENSG00000197540,0.51929235,0.75531065,10
ENSG00000105352,0.45888054,0.0,10
ENSG00000170881,2.9200974,2.300465,10
ENSG00000226763,0.35443974,1.1131843,10
ENSG00000063177_1,2.5656028,4.0687017,10
ENSG00000105699_1,1.798195,2.9869509,10
ENSG00000161082_1,1.2553247,0.9529715,10
ENSG00000167759,0.4564435,1.1725124,10
ENSG00000105643,2.188806,1.9533731,10
ENSG00000178229,2.0596924,2.1396303,10
ENSG00000077782,0.24743089,0.0,10
ENSG00000213297,1.5439161,1.2495164,10
ENSG00000105514,1.7818446,1.9500775,10
ENSG00000125741,2.39118,2.6122348,10
ENSG00000130382,0.48522782,0.0,10
ENSG00000171033,2.0773745,0.0,10
ENSG00000179954,0.62557393,0.71883374,10
ENSG00000245080,1.5349987,0.93841964,10
ENSG00000125910,1.7687333,1.7634654,10
ENSG00000166398_1,0.34442627,0.0,10
ENSG00000186204,0.306953,0.0,10
ENSG00000186115,0.21231535,0.84539574,10
ENSG00000105479,0.6518295,0.707766,10
ENSG00000197863_2,1.273258,1.334695,10
ENSG00000253704,2.2268286,1.6452965,10
ENSG00000130300,0.8253997,1.1131743,10
ENSG00000268516,2.1684794,1.9491118,10
ENSG00000132024,2.091261,2.3790643,10
ENSG00000197933,2.1198177,2.1470916,10
ENSG00000037757,1.932139,2.4211102,10
ENSG00000168079,0.6978537,0.0,10
ENSG00000137575,1.9146904,2.5114315,10
ENSG00000104964,1.6293693,1.8798009,10
ENSG00000160410_1,1.6676589,1.2022158,10
ENSG00000042753_1,1.4995776,0.0,10
ENSG00000236814,0.30108997,0.0,10
ENSG00000130299,1.6441151,0.88982254,10
ENSG00000197013,0.94453204,1.43802,10
ENSG00000076944_1,0.89897704,1.316308,10
ENSG00000164924_4,2.289874,2.6902316,10
ENSG00000205784,0.31817594,0.0,10
ENSG00000267534,2.3887239,2.6794052,10
ENSG00000229833,1.9080609,0.0,10
ENSG00000064490_2,1.7583956,2.5506148,10
ENSG00000178209_1,1.4646999,1.0081315,10
ENSG00000254202,0.22719556,0.0,10
ENSG00000136997_1,2.0180793,3.6918354,10
ENSG00000032444_2,1.8889115,2.1250353,10
ENSG00000184635,1.7837945,1.972499,10
ENSG00000130725_1,2.7767324,2.6363375,10
ENSG00000079102_2,0.40816337,0.0,10
ENSG00000169122,1.3556293,1.4034637,10
ENSG00000167701,0.5093883,1.1261638,10
ENSG00000178860_1,2.47367,2.845842,10
ENSG00000164893,0.1574449,0.0,10
ENSG00000156170_1,2.3929977,2.2143352,10
ENSG00000168300,0.19298849,0.0,10
ENSG00000171804,1.9399587,0.0,10
ENSG00000290587,0.7362467,0.0,10
ENSG00000131398,1.9837178,0.85545856,10
ENSG00000257704,2.2977014,2.312685,10
ENSG00000267710,0.31043053,0.0,10
ENSG00000253678,0.5176784,0.0,10
ENSG00000012124,0.48398173,0.0,10
ENSG00000053501,2.2048774,1.803505,10
ENSG00000185803,1.2551045,0.0,10
ENSG00000147488,0.23299488,0.0,10
ENSG00000196110,2.0225153,0.0,10
ENSG00000130733,1.7817248,2.152817,10
ENSG00000062370,0.52669954,0.9060655,10
ENSG00000104960,1.4886602,1.8658203,10
ENSG00000129990,1.2035185,0.0,10
ENSG00000185189,1.9232073,1.4958633,10
ENSG00000132541,2.1508193,0.0,10
ENSG00000066827,1.7388717,1.8369125,10
ENSG00000157168_4,0.29611862,0.0,10
ENSG00000204653_1,0.78374064,0.0,10
ENSG00000125733_1,1.7410473,1.1303982,10
ENSG00000167034,1.3045878,1.6523721,10
ENSG00000130287,1.1491286,0.0,10
ENSG00000189190,1.4766954,2.5371501,10
ENSG00000105357_1,1.2624184,1.1065309,10
ENSG00000126247_2,2.0040026,0.0,10
ENSG00000147408_1,0.2343468,0.0,10
ENSG00000105176_1,2.2041879,2.7802453,10
ENSG00000284268,2.229589,3.3386078,10
ENSG00000167565,2.1673903,2.3882823,10
ENSG00000176406_3,0.1862492,0.0,10
ENSG00000167664,0.4449209,0.0,10
ENSG00000099860,2.338684,3.270595,10
ENSG00000185728,2.5026875,2.7993999,10
ENSG00000179698,0.5759989,0.0,10
ENSG00000168575,0.235998,0.0,10
ENSG00000104824_1,2.2518659,2.2453127,10
ENSG00000168546,0.80000275,1.3831688,10
ENSG00000099330,1.7782686,2.072992,10
ENSG00000105246,1.9791228,3.9184194,10
ENSG00000290933,0.7931801,1.5549129,10
ENSG00000117877,1.9025571,2.2419548,10
ENSG00000245910,2.2878652,3.28533,10
ENSG00000196724,1.3396846,1.0417242,10
ENSG00000104205,1.7735742,1.5739502,10
ENSG00000196437,1.9221485,2.2253094,10
ENSG00000071626,2.5984797,2.2681637,10
ENSG00000130311,2.320517,2.9025755,10
ENSG00000167644,0.5535792,0.0,10
ENSG00000040341,0.1709032,0.0,10
ENSG00000104888_1,1.0365266,1.0824622,10
ENSG00000120896_3,0.49945414,0.7935809,10
ENSG00000253666,2.0700774,2.3378086,10
ENSG00000104980,2.3754315,2.8976617,10
ENSG00000155090,2.2716084,2.6639664,10
ENSG00000253190,2.2192621,1.4401217,10
ENSG00000171469,2.25248,2.277609,10
ENSG00000160570,1.9289767,2.1243541,10
ENSG00000064687,2.1409316,0.0,10
ENSG00000154319,2.1487236,1.9492778,10
ENSG00000176396,1.9757382,2.1115785,10
ENSG00000197782,2.0613832,2.1953905,10
ENSG00000076554_2,0.39735496,1.276048,10
ENSG00000158669,2.2951126,2.388657,10
ENSG00000269954,0.9699564,1.1408222,10
ENSG00000147548,2.3662758,2.5267913,10
ENSG00000104853_2,0.42395937,0.6697723,10
ENSG00000147586,2.165781,1.0404046,10
ENSG00000269235,0.41973895,0.0,10
ENSG00000116017,2.0559483,2.7485757,10
ENSG00000288704,2.2021961,1.3365998,10
ENSG00000253230_2,0.9415225,1.2938265,10
ENSG00000147457_1,2.3952675,2.0614412,10
ENSG00000137573_3,0.17588486,0.0,10
ENSG00000185361,2.1024294,1.623394,10
ENSG00000104765,2.214015,3.1764472,10
ENSG00000069399_1,2.3298345,2.8881178,10
ENSG00000234616,2.1698565,2.2189555,10
ENSG00000213638,2.6498575,2.7223213,10
ENSG00000104313,0.18607122,0.0,10
ENSG00000161249_1,1.5340883,1.6180062,10
ENSG00000142273,1.09711,1.6040207,10
ENSG00000147642_3,1.2091986,1.458819,10
ENSG00000155897,1.2219695,1.3073249,10
ENSG00000253457,0.28043061,0.0,10
ENSG00000289037,2.0451927,1.5647016,10
ENSG00000099797,2.3769803,2.750314,10
ENSG00000104872,1.8123943,2.605585,10
ENSG00000007306,0.3774537,0.71874243,10
ENSG00000166289,2.1617327,2.125224,10
ENSG00000105402,0.6931997,1.4215546,10
ENSG00000141854,1.9919263,1.9635706,10
ENSG00000104320_1,2.5636249,1.6308345,10
ENSG00000099785,1.9585694,1.836903,10
ENSG00000253745,0.24795157,0.0,10
ENSG00000253696,0.37273198,0.0,10
ENSG00000283674,1.3762412,0.36410052,10
ENSG00000286010,0.41110778,0.0,10
ENSG00000104951_1,2.7649503,3.875264,10
ENSG00000147573,0.42755628,0.7241636,10
ENSG00000076662_1,1.3759464,0.0,10
ENSG00000179213,0.96254885,0.0,10
ENSG00000254415,0.9266521,1.5149726,10
ENSG00000178980,2.0182242,2.4160511,10
ENSG00000147606,0.2329508,0.0,10
ENSG00000188283_1,2.2367396,1.8564208,10
ENSG00000088053,0.3600034,0.0,10
ENSG00000147654_2,1.2789448,0.0,10
ENSG00000198633,0.3417596,0.0,10
ENSG00000205038,0.7155812,1.5975525,10
ENSG00000246430,0.6051028,0.0,10
ENSG00000188508,0.28978735,0.0,10
ENSG00000142235,0.82952964,1.1293676,10
ENSG00000105341_1,2.085113,2.4724288,10
ENSG00000160111_1,1.4215595,1.5349014,10
ENSG00000187955,0.25413764,0.0,10
ENSG00000088038,2.406907,2.7584577,10
ENSG00000105393,2.2716322,0.0,10
ENSG00000008438,0.9622952,1.285062,10
ENSG00000104537_1,0.1679412,0.0,10
ENSG00000105698_1,2.1256995,1.790067,10
ENSG00000147434,1.2924887,1.1142772,10
ENSG00000179950,2.1840477,0.9952709,10
ENSG00000266976,0.25137585,2.105609,10
ENSG00000183154,1.4059347,0.0,10
ENSG00000130749_1,1.8500333,2.1679256,10
ENSG00000104814_1,1.9367296,3.3699985,10
ENSG00000244165,1.1953385,0.0,10
ENSG00000099866_1,0.744834,0.88245624,10
ENSG00000267767,1.0598574,1.3558537,10
ENSG00000147684,2.1794949,3.452752,10
ENSG00000156802_1,1.6074641,0.0,10
ENSG00000134028,0.21030587,1.069335,10
ENSG00000105617,2.5995274,2.300839,10
ENSG00000153885,1.8144809,1.4129307,10
ENSG00000167658_1,2.4481463,4.29064,10
ENSG00000104537,0.2308017,0.0,10
ENSG00000120896_6,1.7029158,1.4562597,10
ENSG00000126247,2.3340602,3.1139867,10
ENSG00000197217,1.9414941,2.3254213,10
ENSG00000167733,2.0635242,0.9909601,10
ENSG00000104408,2.1127148,3.9508805,10
ENSG00000104859_1,1.7768593,0.95454156,10
ENSG00000164751_1,2.4495854,2.7999501,10
ENSG00000105372,2.6986756,3.5721986,10
ENSG00000197619,1.4152528,0.0,10
ENSG00000176490,1.6439259,1.2768981,10
ENSG00000104361,2.1389418,2.0839932,10
ENSG00000105568_1,0.8150692,1.4305749,10
ENSG00000213096_1,1.6111445,0.0,10
ENSG00000226686,1.0031102,0.0,10
ENSG00000164683_1,1.9294289,1.9407157,10
ENSG00000269243,1.3443632,0.0,10
ENSG00000269392,1.4453613,0.0,10
ENSG00000188868,2.1155295,2.0497837,10
ENSG00000225950,0.9611734,0.0,10
ENSG00000104886,2.4110851,2.3616352,10
ENSG00000171747,0.59333056,1.408469,10
ENSG00000255491,0.41888738,0.0,10
ENSG00000005206,2.3518252,2.274802,10
ENSG00000035681_1,0.2505718,0.0,10
ENSG00000141971,2.1435943,2.4900568,10
ENSG00000147316,2.3459597,2.7334692,10
ENSG00000104974,0.2666609,0.97617567,10
ENSG00000121406,1.6985109,1.9372169,10
ENSG00000245281,2.0295482,0.0,10
ENSG00000105137,0.9559877,0.95773655,10
ENSG00000267201,1.2320536,0.0,10
ENSG00000104518,1.9521195,2.5166688,10
ENSG00000254349,0.1953901,0.0,10
ENSG00000011422_1,1.258169,1.9685483,10
ENSG00000105397_1,0.9213291,1.3638752,10
ENSG00000130202,1.464747,1.4757844,10
ENSG00000147364,1.7782222,0.0,10
ENSG00000104967,1.6524564,1.1132078,10
ENSG00000171574_1,2.252684,1.7562404,10
ENSG00000184428_1,1.2793565,0.9200189,10
ENSG00000197020,2.0562258,2.474123,10
ENSG00000142515,0.36118218,0.6511132,10
ENSG00000142046_1,0.7566088,1.1802262,10
ENSG00000185728_1,2.3001747,1.3163059,10
ENSG00000178125,0.9444107,0.0,10
ENSG00000076554_4,2.3681502,3.0675693,10
ENSG00000105397,0.9037776,1.469925,10
ENSG00000105705,2.0501695,2.4512243,10
ENSG00000105732,2.672936,2.3942416,10
ENSG00000269825,1.8875142,2.6423585,10
ENSG00000125753,2.222031,3.3671694,10
ENSG00000160392_1,2.3156567,0.0,10
ENSG00000141873,2.0529604,2.1100845,10
ENSG00000267575_1,2.0761523,1.6974647,10
ENSG00000105676_1,2.3071222,1.7068458,10
ENSG00000121005_2,0.15526366,0.6414939,10
ENSG00000104660_1,2.1577554,1.0836459,10
ENSG00000213096,1.585129,2.2693238,10
ENSG00000256229,0.52022934,0.0,10
ENSG00000182013,1.4260899,1.5858779,10
ENSG00000178904,2.483626,2.1701736,10
ENSG00000086548,0.28578442,0.0,10
ENSG00000164695,0.7169359,1.8132674,10
ENSG00000267519,2.135457,1.9126577,10
ENSG00000063180,1.2014556,1.0352296,10
ENSG00000105642,1.3505348,0.0,10
ENSG00000127903,0.93789196,1.1208042,10
ENSG00000130844,1.248778,1.6387378,10
ENSG00000147586_2,2.170928,2.7372086,10
ENSG00000187187,2.246232,0.0,10
ENSG00000088002,0.60785526,0.0,10
ENSG00000105392,0.3220156,0.0,10
ENSG00000081665,2.000752,0.0,10
ENSG00000105607,1.9580911,2.6417477,10
ENSG00000105053,2.0850163,0.60762656,10
ENSG00000014164,2.323327,2.1408975,10
ENSG00000104365,2.466343,2.6064975,10
ENSG00000104755,0.13397072,0.0,10
ENSG00000120885,0.2709286,0.0,10
ENSG00000124469,0.47229624,0.4479081,10
ENSG00000099330_1,2.3203154,1.7697501,10
ENSG00000167491,2.5261817,2.7125907,10
ENSG00000120896_5,1.144174,1.2137568,10
ENSG00000104231_1,0.70021075,1.0177885,10
ENSG00000242852,2.0001106,1.5277973,10
ENSG00000087076,1.0926496,0.97312784,10
ENSG00000184162,1.5091599,1.7972267,10
ENSG00000197181,0.78333914,1.0245677,10
ENSG00000164823_1,2.5105028,2.82069,10
ENSG00000178814,1.3949722,1.2240407,10
ENSG00000180921,1.7485138,1.2559958,10
ENSG00000167378,2.4489193,0.0,10
ENSG00000167702,1.4489436,1.4993846,10
ENSG00000254367,0.41173163,0.0,10
ENSG00000216490,1.2598488,1.7169794,10
ENSG00000130402,2.4512463,3.1424582,10
ENSG00000164953_1,0.19964856,0.0,10
ENSG00000283959_1,2.224144,0.0,10
ENSG00000099875_1,2.6117268,3.855679,10
ENSG00000105726,2.8164473,2.7976594,10
ENSG00000126247_3,1.7984477,0.0,10
ENSG00000121413,0.912938,1.4767302,10
ENSG00000177202,0.39160663,1.1031878,10
ENSG00000237440,1.4212316,1.7471787,10
ENSG00000040341_1,2.2215376,2.8198175,10
ENSG00000186818,0.91361624,0.0,10
ENSG00000167904,2.5169282,2.5201964,10
ENSG00000105202,0.27432913,0.0,10
ENSG00000221869,1.5976174,1.4532877,10
ENSG00000248538_3,0.35490203,0.0,10
ENSG00000104833_1,1.6130947,1.7629111,10
ENSG00000105048,1.0167452,1.1629525,10
ENSG00000164751,2.2556634,2.5252547,10
ENSG00000075702_1,0.31554455,1.0245677,10
ENSG00000253557,0.1788514,0.0,10
ENSG00000159917,1.555904,1.9297764,10
ENSG00000105428,0.41708925,1.1142772,10
ENSG00000131142,0.7039906,0.0,10
ENSG00000253711,0.35565442,0.0,10
ENSG00000105722,2.0601974,2.0045364,10
ENSG00000063176_1,0.53578717,0.0,10
ENSG00000198576,1.664337,1.4156743,10
ENSG00000185000,2.215022,2.2909245,10
ENSG00000189001,0.45138037,0.0,10
ENSG00000169085,0.20864719,0.0,10
ENSG00000196150,2.117227,2.1738474,10
ENSG00000153896,1.5336455,1.6351016,10
ENSG00000125503,2.3195214,2.2209184,10
ENSG00000253394,0.24035287,0.0,10
ENSG00000172006_1,1.8320037,1.3507015,10
ENSG00000105193,2.556304,4.1377435,10
ENSG00000257446,1.9450899,1.9132097,10
ENSG00000131941,1.7328151,1.653849,10
ENSG00000261526,2.356535,2.0140374,10
ENSG00000015592,0.5053977,1.1185954,10
ENSG00000105289_1,0.6511384,0.80270535,10
ENSG00000127616_2,0.7449336,1.6971421,10
ENSG00000189068,0.4788193,0.77490366,10
ENSG00000125734_1,2.795476,2.319283,10
ENSG00000125726,2.8164473,3.4009178,10
ENSG00000176182,2.0654507,2.2305384,10
ENSG00000104490,0.8692517,0.0,10
ENSG00000156011_2,0.22845253,0.0,10
ENSG00000141934,1.4856557,1.0108509,10
ENSG00000209702,0.46030927,1.3658248,10
ENSG00000064607,2.6129684,2.616629,10
ENSG00000204941,0.4830888,0.0,10
ENSG00000167632,0.63899153,0.7242021,10
ENSG00000176956_1,1.4717821,1.3143518,10
ENSG00000119559,2.0467296,2.2715025,10
ENSG00000090661,2.2286792,2.5097132,10
ENSG00000147533,2.1762195,2.8420916,10
ENSG00000225877,0.1935736,0.6758791,10
ENSG00000188425,0.48297334,0.0,10
ENSG00000008513_2,1.8449754,1.7582228,10
ENSG00000105329,2.2457967,2.4763968,10
ENSG00000104805,1.3993752,2.537353,10
ENSG00000096996_1,2.01087,1.9056464,10
ENSG00000099804_1,0.39480102,0.0,10
ENSG00000147654_1,2.2736053,2.2503345,10
ENSG00000168813,1.9154359,2.3482425,10
ENSG00000173273_1,0.2812326,0.0,10
ENSG00000178951,1.9129983,2.2061698,10
ENSG00000198791_1,2.3225389,3.0226016,10
ENSG00000032444_1,0.5432279,1.0532014,10
ENSG00000120896_2,0.42945507,0.84540814,10
ENSG00000137571,1.908436,1.8375632,10
ENSG00000186529,0.30752975,0.0,10
ENSG00000130758,2.1234188,1.5735446,10
ENSG00000131408_1,1.6508442,1.431219,10
ENSG00000164933,2.5843039,2.9104698,10
ENSG00000188227,0.9015235,0.9465505,10
ENSG00000074842,1.8424242,2.9135056,10
ENSG00000164830,1.7868068,1.592521,10
ENSG00000126267,1.5914551,3.7442617,10
ENSG00000185053,0.23359582,0.34519723,10
ENSG00000090006_1,0.4265495,0.87301236,10
ENSG00000197841,2.167653,1.7123466,10
ENSG00000258405,0.69900024,0.0,10
ENSG00000171903,0.49811578,0.0,10
ENSG00000180155_1,1.3122164,0.0,10
ENSG00000133731,1.913834,2.8458035,10
ENSG00000261678,1.6403116,1.2197417,10
ENSG00000130299_2,1.643437,2.1674297,10
ENSG00000105323,1.4361774,0.0,10
ENSG00000147571,0.62260854,1.2240407,10
ENSG00000239839,0.22201717,0.58232474,10
ENSG00000022556,0.70605123,0.0,10
ENSG00000186599,0.19066632,0.0,10
ENSG00000136997_2,1.7223104,1.7621231,10
ENSG00000205076,0.34201908,0.0,10
ENSG00000105127,2.3879952,2.5921767,10
ENSG00000178719_1,0.6758997,2.0577042,10
ENSG00000246263,2.5546384,1.8710531,10
ENSG00000105227_1,0.4211207,0.0,10
ENSG00000156804,1.6175278,1.252853,10
ENSG00000198363_2,0.20017958,0.0,10
ENSG00000161847,2.378975,3.0395806,10
ENSG00000186567_1,0.40052447,0.7795965,10
ENSG00000137574,2.5210133,2.7633755,10
ENSG00000167470_1,2.1614423,2.8124661,10
ENSG00000136574,0.41044384,0.0,10
ENSG00000168487,1.7907709,1.537038,10
ENSG00000261824_1,1.8707267,2.3715482,10
ENSG00000099331,2.5578346,2.6670914,10
ENSG00000165046,0.9969226,1.9995568,10
ENSG00000268536,1.5504823,0.0,10
ENSG00000184661_1,0.29603934,0.0,10
ENSG00000099341,2.5404224,3.5277872,10
ENSG00000197937,1.1195029,0.0,10
