,Pred,actual,fold_idx
ENSG00000160710_1,2.221238,1.4290252,1
ENSG00000187801,2.5297742,1.9609462,1
ENSG00000272145,3.0641131,2.9404666,1
ENSG00000230630,0.37890834,0.0,1
ENSG00000132681_1,0.2600332,0.0,1
ENSG00000163873,1.858282,1.6116596,1
ENSG00000168679,0.15269418,0.0,1
ENSG00000132702,0.2650934,0.0,1
ENSG00000163867,2.189134,2.2785707,1
ENSG00000131779,2.22502,2.6325555,1
ENSG00000162670,0.29465282,0.0,1
ENSG00000234222_1,2.5638595,1.9726586,1
ENSG00000168509,0.24083291,0.0,1
ENSG00000117594_1,0.20109312,0.0,1
ENSG00000143842_1,0.2392389,0.0,1
ENSG00000163531_1,0.40551943,0.0,1
ENSG00000222009,2.0987604,1.4285235,1
ENSG00000287064,0.46488106,0.0,1
ENSG00000187513,1.1093636,0.92510575,1
ENSG00000142875_3,0.15072611,0.8613552,1
ENSG00000135835_1,0.44736928,0.0,1
ENSG00000177614,2.037857,1.87616,1
ENSG00000158715,1.644131,1.6934104,1
ENSG00000198160,2.6362004,2.6253545,1
ENSG00000184908_1,0.67824703,0.0,1
ENSG00000142583_2,0.8616978,1.0024685,1
ENSG00000273694,0.1387363,0.0,1
ENSG00000143183,2.3602605,3.129764,1
ENSG00000069248,2.386218,2.683708,1
ENSG00000158850,2.0792909,2.5067904,1
ENSG00000198793,2.1842146,0.0,1
ENSG00000282564,1.8794639,1.2894552,1
ENSG00000159339,0.37809533,0.68185604,1
ENSG00000178028,1.796324,2.1447082,1
ENSG00000054523,2.4263358,2.2401671,1
ENSG00000143110,0.46040666,0.0,1
ENSG00000082482_1,1.6612892,1.6224109,1
ENSG00000143321,1.9177788,1.8048683,1
ENSG00000143549,0.37024784,0.0,1
ENSG00000143387,0.19375104,0.0,1
ENSG00000231507,2.7897458,1.5560576,1
ENSG00000116701,2.3918824,3.3167899,1
ENSG00000203666_1,1.9881344,1.3724701,1
ENSG00000116954,2.4816246,2.2117424,1
ENSG00000116337_3,2.085135,0.0,1
ENSG00000120937,1.1672084,0.0,1
ENSG00000196352_2,0.23898606,0.0,1
ENSG00000224209,1.4313128,0.0,1
ENSG00000234593,0.3326702,0.0,1
ENSG00000162396,2.3056788,0.0,1
ENSG00000136631,2.356419,1.7668291,1
ENSG00000090020,2.5900621,2.37212,1
ENSG00000116774_1,0.39126074,0.0,1
ENSG00000162946_1,0.18111768,0.5969268,1
ENSG00000142910_1,0.30903727,0.0,1
ENSG00000235933,0.17845492,0.0,1
ENSG00000172339,2.1631365,2.2958858,1
ENSG00000231605,0.4285267,0.0,1
ENSG00000058085,1.1290809,0.0,1
ENSG00000143158_1,2.7447085,2.8082852,1
ENSG00000132773,2.7404554,2.3646336,1
ENSG00000162365,0.3466677,0.0,1
ENSG00000078618_1,1.1454906,0.0,1
ENSG00000010165,2.2895913,2.1504679,1
ENSG00000174514_2,1.6497968,2.211094,1
ENSG00000158246,1.5591552,1.1408222,1
ENSG00000143851_1,2.2984247,3.2685406,1
ENSG00000253368,1.6988804,1.5439688,1
ENSG00000133019_1,1.6879497,1.1408222,1
ENSG00000196517,0.90628207,0.0,1
ENSG00000203865,2.2258873,0.0,1
ENSG00000121957,2.1113677,2.1887681,1
ENSG00000117054,2.4009578,3.2445939,1
ENSG00000021852_1,0.18753932,0.0,1
ENSG00000142621_1,1.5111597,0.75277036,1
ENSG00000258082,2.6186965,1.6820999,1
ENSG00000233730,0.46519035,0.0,1
ENSG00000188092,2.1511788,2.6620255,1
ENSG00000162585,2.189636,2.5376956,1
ENSG00000169231,0.64014536,0.0,1
ENSG00000116455,2.4333568,2.7925646,1
ENSG00000116791_1,2.0496805,3.202916,1
ENSG00000121764,1.2859602,0.0,1
ENSG00000085832,0.17935279,0.9545802,1
ENSG00000158485,0.30690295,0.0,1
ENSG00000143515_1,1.7481505,1.0871636,1
ENSG00000086015,2.2373114,0.0,1
ENSG00000162512,2.087382,1.9628427,1
ENSG00000143158,2.7473097,2.8129294,1
ENSG00000159208,0.7527935,0.7241693,1
ENSG00000163154,1.3107525,0.0,1
ENSG00000157978,1.9613686,2.308639,1
ENSG00000137944,2.5608077,1.8375254,1
ENSG00000158006,1.7789029,0.0,1
ENSG00000164011,2.2549448,2.1043437,1
ENSG00000132128,2.4979632,2.5851493,1
ENSG00000143368,2.6004252,3.2990057,1
ENSG00000235098,0.66405094,0.0,1
ENSG00000121775,2.6668077,2.437657,1
ENSG00000085491,1.94193,2.365516,1
ENSG00000143851_2,1.3063204,1.5350155,1
ENSG00000187634_2,1.8298609,1.0494312,1
ENSG00000117560,0.82256556,1.3018327,1
ENSG00000177000_2,2.5670502,1.8597505,1
ENSG00000085465,0.33584034,0.0,1
ENSG00000266472,1.7166264,3.0421462,1
ENSG00000162599_3,0.17466554,0.0,1
ENSG00000009790_1,1.8112421,0.0,1
ENSG00000225632,0.25085098,0.0,1
ENSG00000117091,2.3465889,3.7228699,1
ENSG00000173662,0.8200872,0.0,1
ENSG00000125462_3,0.48147887,0.63820964,1
ENSG00000162461,0.9400668,0.0,1
ENSG00000198400_1,1.7164004,1.301811,1
ENSG00000084070_1,2.3602471,3.1704142,1
ENSG00000133067,1.4913802,1.3814942,1
ENSG00000287453,0.2425928,0.0,1
ENSG00000123473,2.441101,2.5672886,1
ENSG00000143344_1,2.1272595,2.0336006,1
ENSG00000160716,1.3926119,1.2472365,1
ENSG00000142684,2.1108887,2.917471,1
ENSG00000236358,1.7838768,0.0,1
ENSG00000130762,1.8181846,1.4045259,1
ENSG00000163435,0.82907224,2.1271663,1
ENSG00000243062,0.24797569,0.0,1
ENSG00000241794,0.121365204,0.0,1
ENSG00000158859,0.82054245,1.1345915,1
ENSG00000238279,0.55591464,0.0,1
ENSG00000143418,0.7046271,0.0,1
ENSG00000171517,1.5867176,1.0594498,1
ENSG00000224459,0.32028234,0.0,1
ENSG00000176320,0.253635,0.0,1
ENSG00000120337,0.13809441,0.0,1
ENSG00000084070,0.30259532,0.0,1
ENSG00000185842_1,0.11342874,0.0,1
ENSG00000133067_1,0.25232613,0.50498706,1
ENSG00000078369_1,2.4529066,3.3206697,1
ENSG00000198625,2.7746382,2.9215438,1
ENSG00000291123,1.8208256,1.7729082,1
ENSG00000143363,2.0924306,0.0,1
ENSG00000197530,2.4727187,1.7852159,1
ENSG00000116151_1,2.5248876,1.9289639,1
ENSG00000160789_1,1.433925,0.8748759,1
ENSG00000198691_1,0.21208586,0.0,1
ENSG00000224051,2.432242,2.3897648,1
ENSG00000159592_1,2.909497,2.721508,1
ENSG00000132879,1.8129301,1.6403124,1
ENSG00000178104_4,2.152568,2.0230465,1
ENSG00000215845,2.0843155,2.3745835,1
ENSG00000171680_1,1.4307697,1.1876616,1
ENSG00000227066,0.31505746,0.0,1
ENSG00000162775,2.7265778,2.743396,1
ENSG00000188643_1,0.52690214,0.9113228,1
ENSG00000235750_1,2.042893,2.534937,1
ENSG00000231789,1.6703224,1.7227656,1
ENSG00000162521,2.9434588,3.3034682,1
ENSG00000187634,1.5277026,0.0,1
ENSG00000163207,0.57154804,0.0,1
ENSG00000116396_1,1.6385981,1.4291626,1
ENSG00000172031,1.5599245,1.5843538,1
ENSG00000162458,0.567746,0.0,1
ENSG00000184588_2,0.15584746,0.0,1
ENSG00000215784,2.3275146,2.7531157,1
ENSG00000025800_1,0.27502942,0.0,1
ENSG00000291158_2,1.7124548,2.4165573,1
ENSG00000134684,2.6684809,3.2860386,1
ENSG00000169241_1,2.4972816,2.4791808,1
ENSG00000171357,1.1729894,0.9716469,1
ENSG00000274020,0.20805325,0.0,1
ENSG00000265808,2.0670617,3.1880336,1
ENSG00000197785,2.7390847,2.8766997,1
ENSG00000157881,2.134728,2.5152512,1
ENSG00000173372,0.30309093,0.0,1
ENSG00000188404,0.25618726,0.0,1
ENSG00000117707,1.4945055,1.5921879,1
ENSG00000260088,2.5643306,2.2207355,1
ENSG00000121486,2.3112543,2.2896068,1
ENSG00000135766,2.340319,2.5720232,1
ENSG00000143793,2.2956474,2.2260945,1
ENSG00000162819,2.392007,2.4892833,1
ENSG00000143476,2.8168497,3.0521436,1
ENSG00000152760,0.90908444,1.1263165,1
ENSG00000163382,2.1716642,2.0676472,1
ENSG00000116748,0.1845161,0.0,1
ENSG00000127054,2.4454777,2.8996181,1
ENSG00000116584_2,2.4877706,2.8546824,1
ENSG00000233008,0.70872563,0.0,1
ENSG00000117519,1.8530803,1.9830035,1
ENSG00000188786,2.197672,2.042284,1
ENSG00000158161,2.3309176,2.9254472,1
ENSG00000010932,0.12695964,0.0,1
ENSG00000117713,2.577744,2.5148,1
ENSG00000204624,1.9148842,1.4597241,1
ENSG00000143549_1,2.5420225,3.8593628,1
ENSG00000172456_1,2.504051,1.85083,1
ENSG00000243284,0.34391594,0.0,1
ENSG00000277918,2.1989064,2.8575628,1
ENSG00000214114,2.3882298,2.8116915,1
ENSG00000117592,2.5847464,3.265596,1
ENSG00000117009_1,0.8223974,0.0,1
ENSG00000090686,3.251838,2.8254325,1
ENSG00000023909,2.2448688,2.0250435,1
ENSG00000274266,1.3383554,2.0818512,1
ENSG00000154305_1,2.4759574,0.0,1
ENSG00000126070,2.7126381,2.4328122,1
ENSG00000007933,0.14496009,0.0,1
ENSG00000135801,2.5478697,2.322426,1
ENSG00000131788_1,1.8367343,2.1652918,1
ENSG00000116701_1,2.2248857,3.019158,1
ENSG00000134690,2.2804375,3.0314085,1
ENSG00000143702_3,2.2398403,1.7087556,1
ENSG00000082497_1,0.44686306,0.0,1
ENSG00000169598_1,2.0264707,1.9180409,1
ENSG00000142599_1,0.9466424,0.0,1
ENSG00000117020_2,1.9594212,1.1109599,1
ENSG00000162511,2.2055717,3.5840778,1
ENSG00000136636_1,0.17757563,0.0,1
ENSG00000142661,0.5097869,0.0,1
ENSG00000171735,2.4884233,1.8829285,1
ENSG00000143167,0.4082626,0.0,1
ENSG00000162399,0.4380405,0.0,1
ENSG00000118197,2.7891028,2.2799177,1
ENSG00000178796,1.3980606,1.5298793,1
ENSG00000171492,2.460021,2.1830478,1
ENSG00000171790,0.38809395,0.7451451,1
ENSG00000116151,2.4518514,1.8332045,1
ENSG00000143294,2.5328307,2.969374,1
ENSG00000231666,0.19760512,0.0,1
ENSG00000282718,0.5356483,0.6478923,1
ENSG00000132716,2.9663122,2.7524402,1
ENSG00000131584,2.4608583,1.6374497,1
ENSG00000117245_1,1.784548,1.3960074,1
ENSG00000163159,2.0084512,2.4270866,1
ENSG00000231163,0.13457876,0.0,1
ENSG00000162777,2.7148576,2.9370463,1
ENSG00000228436,2.2052717,0.0,1
ENSG00000186007,0.22273763,0.3821972,1
ENSG00000116922,1.7119071,0.0,1
ENSG00000226486,0.1939741,0.0,1
ENSG00000172380,1.6357036,2.6199954,1
ENSG00000117020_3,1.7739388,1.0232112,1
ENSG00000196154,0.54865575,2.5169213,1
ENSG00000143344,2.5029385,2.2744582,1
ENSG00000168765,2.1078253,2.5133908,1
ENSG00000203710,1.6534178,2.0166073,1
ENSG00000234546,2.0757332,2.2907023,1
ENSG00000174567,0.96142393,1.2959583,1
ENSG00000117016,1.4782597,0.0,1
ENSG00000231057,1.952938,1.0417005,1
ENSG00000265961,0.26419878,0.0,1
ENSG00000186160,0.15520734,0.0,1
ENSG00000227533,1.9211538,0.0,1
ENSG00000143320,1.256367,0.0,1
ENSG00000125703,2.4804168,0.0,1
ENSG00000132677,0.92367315,0.0,1
ENSG00000132906_1,2.522274,2.1248596,1
ENSG00000227963,2.5093079,1.6823256,1
ENSG00000280587,0.3610384,0.0,1
ENSG00000233203,2.1506844,3.1328325,1
ENSG00000200169,2.388115,2.054701,1
ENSG00000188015,0.44659215,0.0,1
ENSG00000177888,2.456738,0.0,1
ENSG00000203739_1,2.631198,1.8406079,1
ENSG00000116833,0.16697116,0.0,1
ENSG00000196449,2.4973087,2.4722152,1
ENSG00000143401_1,2.1566262,3.523174,1
ENSG00000162676_2,1.639817,1.9909158,1
ENSG00000288905,1.1274357,0.0,1
ENSG00000054277,2.2688422,1.9671359,1
ENSG00000120334_1,2.4896598,2.9142585,1
ENSG00000116254,1.9324079,1.3645885,1
ENSG00000154429_2,1.5316027,1.8021817,1
ENSG00000159346,2.2885094,2.564549,1
ENSG00000188976,2.0730443,2.8732252,1
ENSG00000116521_2,2.2770567,3.0820885,1
ENSG00000170989,2.103985,1.689986,1
ENSG00000227868,0.15175791,0.0,1
ENSG00000143624_1,0.3623221,1.0163814,1
ENSG00000143179_2,0.22598128,0.0,1
ENSG00000196189_1,1.4057386,0.97160053,1
ENSG00000196878_1,0.34255737,0.0,1
ENSG00000097046_1,2.5638895,2.1167538,1
ENSG00000159166,1.3605864,0.0,1
ENSG00000198929,2.016397,1.3743083,1
ENSG00000223075,0.16451974,0.0,1
ENSG00000236963_1,0.4171508,0.86335856,1
ENSG00000160710_3,2.1820927,2.9571617,1
ENSG00000134668_1,0.50792104,0.0,1
ENSG00000240409,2.263726,4.2366633,1
ENSG00000154380,0.15910451,0.0,1
ENSG00000067606_3,0.33088988,0.0,1
ENSG00000163462,0.84197223,1.0765276,1
ENSG00000164002,2.2259624,1.756487,1
ENSG00000157873_1,2.0396285,2.4287226,1
ENSG00000188290,1.8632524,1.4898179,1
ENSG00000228288,1.6113732,0.0,1
ENSG00000285554,2.4642181,2.385474,1
ENSG00000131591,1.9834819,1.8474,1
ENSG00000177954,2.4901385,4.2551613,1
ENSG00000135821_1,2.1621146,0.0,1
ENSG00000204859,2.268343,1.9928229,1
ENSG00000226891,1.08737,0.0,1
ENSG00000143450_1,0.18625157,0.0,1
ENSG00000282849,0.5001908,0.0,1
ENSG00000158156,2.0426917,1.684944,1
ENSG00000117475,1.8977094,2.351835,1
ENSG00000125462_4,0.30493402,0.0,1
ENSG00000284882,2.3610318,2.5763068,1
ENSG00000142615,0.157678,0.0,1
ENSG00000171492_2,2.1994705,2.1349099,1
ENSG00000160789_6,1.9818225,0.92510575,1
ENSG00000162458_1,1.5491242,1.0481699,1
ENSG00000066557,2.3875813,2.8301926,1
ENSG00000133226,2.9698267,3.306099,1
ENSG00000162736,2.824563,2.8681917,1
ENSG00000142686,2.349669,2.0684717,1
ENSG00000154511,2.6505222,2.2734065,1
ENSG00000237505,2.276906,1.820648,1
ENSG00000238164,1.7833937,1.9388849,1
ENSG00000231365_1,2.7448719,0.0,1
ENSG00000158062,2.1244588,2.1494007,1
ENSG00000163263,0.20671414,0.0,1
ENSG00000127423,2.4044313,0.0,1
ENSG00000269113,1.8267995,1.156034,1
ENSG00000177000_1,1.5978041,1.2323531,1
ENSG00000134240,0.30683565,0.0,1
ENSG00000206620,0.75555545,1.2615246,1
ENSG00000143816,1.9958212,1.5891786,1
ENSG00000233079_1,0.11340785,0.0,1
ENSG00000169242,1.4380581,1.3319938,1
ENSG00000121766,2.6178644,2.8148215,1
ENSG00000170128,1.3468705,1.4210113,1
ENSG00000133048,0.6216292,0.0,1
ENSG00000122223,0.8076948,1.4949279,1
ENSG00000081019,2.6202374,2.5047154,1
ENSG00000223175,0.15318866,0.0,1
ENSG00000163393,1.7744849,1.2615246,1
ENSG00000163874_2,0.81221443,1.118526,1
ENSG00000082482,0.16474046,0.0,1
ENSG00000156097,0.33073682,0.0,1
ENSG00000183615,0.37894028,0.0,1
ENSG00000243710,2.124856,1.0569962,1
ENSG00000116874,0.23332064,0.0,1
ENSG00000203666_2,2.286601,1.749968,1
ENSG00000137992,1.7952101,2.2677934,1
ENSG00000162594,0.53559005,0.0,1
ENSG00000116171_1,0.9555235,0.0,1
ENSG00000270276,2.7606602,3.3913746,1
ENSG00000198160_1,2.6309507,2.5351372,1
ENSG00000120341,0.18478505,0.0,1
ENSG00000079335_1,2.2512236,2.1197968,1
ENSG00000240563,0.43823093,0.47259557,1
ENSG00000291135,0.1653721,0.0,1
ENSG00000158882,1.6927189,0.0,1
ENSG00000074800_1,2.0574718,0.0,1
ENSG00000197982,2.3313828,2.4505877,1
ENSG00000163131,1.2355294,0.0,1
ENSG00000155367,2.0273657,1.260739,1
ENSG00000203784,0.17881058,0.0,1
ENSG00000132485,2.2616313,0.0,1
ENSG00000237980,1.2830954,1.0245677,1
ENSG00000130772,2.2115455,0.0,1
ENSG00000169218,1.5254786,1.1894903,1
ENSG00000179639,0.17521712,0.0,1
ENSG00000273338,1.9547856,0.0,1
ENSG00000197769,0.36743182,0.0,1
ENSG00000203740,0.202435,0.0,1
ENSG00000231768,0.4513715,0.6574001,1
ENSG00000236423,2.723103,1.075328,1
ENSG00000188910,0.52327687,0.0,1
ENSG00000183386,0.77202874,0.0,1
ENSG00000152061_2,0.16527307,0.0,1
ENSG00000163155,2.081976,0.0,1
ENSG00000185860,0.1474491,0.0,1
ENSG00000186501,2.612224,2.439647,1
ENSG00000097021,0.6987335,0.0,1
ENSG00000143333,2.2146156,2.963951,1
ENSG00000142669,2.4779437,0.0,1
ENSG00000117834,0.36721605,0.0,1
ENSG00000231563,1.5303805,1.3178817,1
ENSG00000028137,2.1764364,3.3581767,1
ENSG00000163125_1,2.573392,1.9664046,1
ENSG00000116670_1,1.8212485,1.4038923,1
ENSG00000134247,1.5793598,2.1041796,1
ENSG00000117262,2.136026,1.6100317,1
ENSG00000077522,1.7762718,1.3826113,1
ENSG00000142751,2.2790763,2.6940768,1
ENSG00000117411_1,1.5027285,1.2753482,1
ENSG00000186891,1.276388,1.9023075,1
ENSG00000163141,0.21839352,0.0,1
ENSG00000224000,0.196917,0.0,1
ENSG00000228526_1,1.426759,0.0,1
ENSG00000184005,1.4739404,0.0,1
ENSG00000202027,0.3012591,0.0,1
ENSG00000162909_2,0.26447922,0.0,1
ENSG00000163467,2.5499141,0.0,1
ENSG00000143157,2.506612,2.5409422,1
ENSG00000142949_1,1.7616018,1.5769055,1
ENSG00000117523,2.6929998,3.354888,1
ENSG00000143248_1,2.137164,2.30659,1
ENSG00000275538,2.2246137,2.9155924,1
ENSG00000185278,2.4235363,1.8569704,1
ENSG00000203985,0.30668408,0.0,1
ENSG00000162630,0.33317512,0.70208573,1
ENSG00000162745,0.25063783,0.0,1
ENSG00000143850,0.26575494,0.0,1
ENSG00000162772,2.3253422,2.6469955,1
ENSG00000162604,2.3051133,2.612771,1
ENSG00000066185,1.6566038,0.0,1
ENSG00000121454,1.4466717,1.2206049,1
ENSG00000162408,2.4105513,2.7258823,1
ENSG00000162687,0.4897322,0.0,1
ENSG00000143702_2,2.8501215,2.5948012,1
ENSG00000230623_1,0.3889315,0.0,1
ENSG00000162437,1.922143,1.6500452,1
ENSG00000198815,2.6619878,1.1142772,1
ENSG00000117859_1,2.4951272,2.84367,1
ENSG00000185842,1.4503925,2.3393242,1
ENSG00000135829,2.374717,3.4323325,1
ENSG00000152382,2.4735916,2.3862562,1
ENSG00000198821,0.5757294,1.0557222,1
ENSG00000090621_1,2.1803858,3.3206406,1
ENSG00000133216,2.0321345,1.884053,1
ENSG00000121481,2.1361399,2.420807,1
ENSG00000159166_2,1.0970294,1.4665859,1
ENSG00000162645,0.48461348,1.7474234,1
ENSG00000143624,2.9018004,2.8077028,1
ENSG00000116478,2.6271546,3.1298027,1
ENSG00000157193,1.8114508,1.1098821,1
ENSG00000174514,1.7207177,1.2722826,1
ENSG00000162390,0.62301964,0.0,1
ENSG00000293478,1.5505397,1.8899568,1
ENSG00000187180,0.22826599,0.0,1
ENSG00000007923,2.2607806,2.7432353,1
ENSG00000135835,1.8643115,1.5158473,1
ENSG00000285629,0.42263526,0.0,1
ENSG00000230426_2,0.14803725,0.0,1
ENSG00000175130,2.0900984,3.3151157,1
ENSG00000250734,0.84852105,0.8898617,1
ENSG00000158710_1,1.9899931,0.0,1
ENSG00000179403,2.0179975,1.8648409,1
ENSG00000163565_2,2.113863,3.6110847,1
ENSG00000159023,1.7673917,2.7494695,1
ENSG00000117472,0.28811485,0.0,1
ENSG00000287516,0.18730474,0.0,1
ENSG00000143756,2.1016524,2.5825984,1
ENSG00000177788,1.8995029,0.0,1
ENSG00000116977,1.7958322,2.7782228,1
ENSG00000160789_5,1.3989768,1.3177083,1
ENSG00000184007,0.245104,0.0,1
ENSG00000143199,0.2339509,0.0,1
ENSG00000236963,0.18558584,0.0,1
ENSG00000136634_1,0.6909275,1.3754076,1
ENSG00000157077,2.082426,1.8381877,1
ENSG00000163395,0.40889478,0.0,1
ENSG00000126107,2.1435971,2.1146777,1
ENSG00000116747,2.7002134,2.9595752,1
ENSG00000160789,1.4332855,1.3101621,1
ENSG00000293455,0.6198307,0.0,1
ENSG00000206828,2.4665496,0.0,1
ENSG00000198492,2.1829185,3.0996876,1
ENSG00000116815,2.601453,3.3584375,1
ENSG00000142875_1,0.24163719,0.0,1
ENSG00000228697,0.31396574,0.0,1
ENSG00000207501,2.4613724,3.3327978,1
ENSG00000284882_1,2.5717778,0.0,1
ENSG00000081237,1.1590638,0.0,1
ENSG00000291141_1,1.493216,1.4548296,1
ENSG00000143353,2.3658621,2.6832263,1
ENSG00000121903,1.8090124,1.6919916,1
ENSG00000125462,0.31090087,0.82241,1
ENSG00000175262,0.32727313,0.0,1
ENSG00000230337,2.0077,1.769067,1
ENSG00000143631,0.09302591,0.43239197,1
ENSG00000183431,2.286375,3.231291,1
ENSG00000188672,0.33307832,0.0,1
ENSG00000143458,2.3120165,1.8702283,1
ENSG00000203782,0.33720005,0.0,1
ENSG00000143171,1.2310722,0.0,1
ENSG00000055732,1.8714272,1.1540282,1
ENSG00000170498,0.44747126,0.0,1
ENSG00000233791,1.0083078,0.0,1
ENSG00000116663,2.0181804,1.8417035,1
ENSG00000117620,2.387092,2.4263763,1
ENSG00000075391,1.863567,1.2528287,1
ENSG00000160072,2.4251142,2.6790426,1
ENSG00000143479,2.43111,1.9178782,1
ENSG00000244057,0.22471972,0.0,1
ENSG00000027869,1.1467016,2.136971,1
ENSG00000077549,2.7120767,3.3442626,1
ENSG00000243364,1.8651904,2.2154896,1
ENSG00000143742,2.6909492,3.5264375,1
ENSG00000134376_1,0.13288899,0.0,1
ENSG00000203730,0.20354386,0.0,1
ENSG00000273213,1.7303686,3.2965577,1
ENSG00000134262_1,2.7942586,2.5698419,1
ENSG00000079335,0.13890447,0.0,1
ENSG00000118298_1,0.67540294,1.0163772,1
ENSG00000185630,0.90774673,0.9670516,1
ENSG00000049089_2,1.4389156,1.0390967,1
ENSG00000086015_1,0.25471812,0.0,1
ENSG00000116604,2.701443,2.7847884,1
ENSG00000162368,2.6529021,2.7607315,1
ENSG00000073754,0.17628069,0.0,1
ENSG00000097033,2.7942133,0.0,1
ENSG00000177272,1.9775896,1.6200423,1
ENSG00000155380,0.2788664,0.0,1
ENSG00000160678,0.37037927,0.6005852,1
ENSG00000287756,0.21267806,0.0,1
ENSG00000117600_1,1.2195901,0.0,1
ENSG00000143630,1.8762374,1.4379566,1
ENSG00000143486,2.2912025,0.0,1
ENSG00000182118,1.7459459,1.4436853,1
ENSG00000162643,1.0860449,0.0,1
ENSG00000188931,0.46198207,0.5513524,1
ENSG00000133069,1.6877011,1.4671491,1
ENSG00000196482_1,0.29289907,0.99387693,1
ENSG00000142687,2.576254,2.5494263,1
ENSG00000143653,2.1947398,2.340666,1
ENSG00000117477,0.70450807,0.87868834,1
ENSG00000117139_1,1.6190066,1.0765312,1
ENSG00000230424_1,2.846065,0.0,1
ENSG00000143442,2.0611806,2.1207714,1
ENSG00000163879,0.39211172,0.0,1
ENSG00000084623,0.5235631,0.70489657,1
ENSG00000163346,1.5019188,0.0,1
ENSG00000291129,1.1172911,1.6268226,1
ENSG00000291234_1,1.188231,0.0,1
ENSG00000159189,0.36788726,0.0,1
ENSG00000174307,2.2800856,2.1232145,1
ENSG00000099260,0.61537445,0.0,1
ENSG00000162599_1,1.7329829,1.5855848,1
ENSG00000159592_2,2.047102,0.0,1
ENSG00000130762_1,0.6796079,0.0,1
ENSG00000143793_1,2.1997156,2.4042861,1
ENSG00000212144,0.24102707,0.0,1
ENSG00000125462_2,1.6425121,0.0,1
ENSG00000188782,0.39239407,0.89164895,1
ENSG00000181754,1.758177,1.3730224,1
ENSG00000236069,1.552731,1.6301328,1
ENSG00000135821,2.0073342,0.0,1
ENSG00000116183,0.12888396,0.0,1
ENSG00000197721,1.5683554,1.0894458,1
ENSG00000198830,2.3100505,3.5167732,1
ENSG00000143341,0.9996657,0.0,1
ENSG00000228971_1,0.17652081,0.0,1
ENSG00000143839,0.5138096,0.0,1
ENSG00000178828,0.5489387,0.7104643,1
ENSG00000228606,1.0431243,1.3023525,1
ENSG00000121774,3.1351228,3.6362872,1
ENSG00000189337,1.7356845,1.5399413,1
ENSG00000163191,1.3771701,0.0,1
ENSG00000162714,2.3184886,2.022222,1
ENSG00000143612,2.6381679,3.0090513,1
ENSG00000189410,1.0584725,1.1020218,1
ENSG00000157060,1.6111213,1.2544272,1
ENSG00000235782,0.12523323,0.0,1
ENSG00000274265_1,1.9010949,1.6331148,1
ENSG00000293271,1.6632526,0.65747654,1
ENSG00000116871_1,2.646338,2.3509765,1
ENSG00000159176,2.4517365,2.980223,1
ENSG00000137955_2,0.59697807,2.4905288,1
ENSG00000172456,2.609034,2.0222633,1
ENSG00000160075_1,2.7358148,3.1067348,1
ENSG00000186517,2.633511,2.4862235,1
ENSG00000230798,1.4720681,0.0,1
ENSG00000133059_1,2.1260316,1.8480042,1
ENSG00000132781,2.7595158,2.241671,1
ENSG00000179862,1.7957623,1.4016935,1
ENSG00000054392_3,0.23339416,0.0,1
ENSG00000117148,0.39314044,1.393066,1
ENSG00000142657,2.3704267,3.119945,1
ENSG00000197921,1.7496564,1.7552801,1
ENSG00000227496,0.16956027,0.0,1
ENSG00000136634,1.4467585,1.5002776,1
ENSG00000001461,1.7801538,0.0,1
ENSG00000163479,0.78517896,0.0,1
ENSG00000188004,1.8100084,0.0,1
ENSG00000143162,2.1154633,2.542458,1
ENSG00000156869_1,1.2586766,0.0,1
ENSG00000023572,2.055519,2.6082542,1
ENSG00000273002,1.678817,1.9567398,1
ENSG00000058453,0.69048923,0.9284696,1
ENSG00000116863,2.4857125,2.3627012,1
ENSG00000143452,0.5120022,0.0,1
ENSG00000007341_1,2.5067015,2.0060978,1
ENSG00000285728,2.0554986,0.0,1
ENSG00000203857,0.20079604,0.0,1
ENSG00000213057,2.1250405,1.1580005,1
ENSG00000116285,2.1373758,1.8174398,1
ENSG00000160688,1.9960883,0.0,1
ENSG00000066279,2.1726284,2.7841907,1
ENSG00000143437_1,2.4175735,2.300791,1
ENSG00000213512,0.21084522,0.0,1
ENSG00000008130,2.603536,2.0934882,1
ENSG00000078618_2,2.9442227,2.8462567,1
ENSG00000162706,1.3902825,1.1802692,1
ENSG00000252947,0.22533698,0.85938454,1
ENSG00000008118,0.22254105,0.0,1
ENSG00000224968,0.16565652,0.86136115,1
ENSG00000168389,2.2293797,2.541222,1
ENSG00000157933_1,0.9157309,0.0,1
ENSG00000158773,2.8223014,2.4154208,1
ENSG00000162670_1,0.17158613,0.0,1
ENSG00000183291,2.2666972,2.8740938,1
ENSG00000008128,2.6804202,2.4441557,1
ENSG00000137936_1,1.6870503,0.8824335,1
ENSG00000198216,2.2375376,2.6748428,1
ENSG00000171680_3,1.5978011,1.3286242,1
ENSG00000175793,0.75972396,1.0066799,1
ENSG00000142875_2,0.17079061,0.0,1
ENSG00000233791_1,2.7805045,1.932631,1
ENSG00000158748,1.8305464,1.5192293,1
ENSG00000158816,0.4841801,0.0,1
ENSG00000223382,0.81156015,0.0,1
ENSG00000143409_2,1.8444781,0.68181086,1
ENSG00000069424_1,2.1152182,3.0223749,1
ENSG00000158793,2.557401,2.1180828,1
ENSG00000188783,0.43078756,0.0,1
ENSG00000116212_1,2.2012334,2.3796318,1
ENSG00000203705,2.506287,2.5443497,1
ENSG00000064703_2,2.5933805,2.5381362,1
ENSG00000143401,2.1083279,0.0,1
ENSG00000164010,2.2957034,2.3437827,1
ENSG00000132698,0.537083,0.0,1
ENSG00000143570,2.446869,2.2729018,1
ENSG00000168148,1.2153194,1.1570032,1
ENSG00000177807,1.2291269,0.0,1
ENSG00000230798_1,1.8087227,1.3488382,1
ENSG00000143554,1.7280426,1.5994354,1
ENSG00000203685,1.698374,1.3849982,1
ENSG00000143217,0.76576453,0.0,1
ENSG00000116824,0.18286818,0.0,1
ENSG00000143799_1,2.475839,3.3798835,1
ENSG00000201558,1.6687711,2.3559875,1
ENSG00000196517_1,1.2632415,1.3925738,1
ENSG00000156171_1,2.944333,3.007351,1
ENSG00000237330,1.0573258,0.0,1
ENSG00000117528,2.398435,2.601295,1
ENSG00000162849,1.4672498,0.6728734,1
ENSG00000187961,1.8964249,2.1310601,1
ENSG00000143373,2.913066,2.1879435,1
ENSG00000162885,2.6800761,2.0326672,1
ENSG00000188672_1,2.0404084,1.3603017,1
ENSG00000143320_1,1.1003096,0.7105151,1
ENSG00000158874,0.39543408,1.1142439,1
ENSG00000127481,0.23173098,0.0,1
ENSG00000196188,0.4409004,0.0,1
ENSG00000158825,0.63825727,0.0,1
ENSG00000168710,2.4694781,2.7881117,1
ENSG00000285053_1,0.48616058,0.0,1
ENSG00000178585,2.629867,2.205356,1
ENSG00000117620_1,1.4956127,0.0,1
ENSG00000116514,2.430725,2.381945,1
ENSG00000134207,1.5864382,1.3773427,1
ENSG00000117298_1,1.9716916,1.8312937,1
ENSG00000162384,2.6555524,2.1672554,1
ENSG00000198892_1,1.3361497,0.0,1
ENSG00000213281,2.1216412,3.0425715,1
ENSG00000134668,0.38770062,0.0,1
ENSG00000221978,2.7830782,2.5680866,1
ENSG00000266338,1.9131043,2.0999222,1
ENSG00000173726,2.7880154,3.1998894,1
ENSG00000121769,0.80137163,0.0,1
ENSG00000169991,2.0379436,1.9011912,1
ENSG00000233514,0.32165754,2.0888658,1
ENSG00000230550,0.24149506,0.0,1
ENSG00000237853,0.17704062,0.0,1
ENSG00000085831,0.7914867,0.8633645,1
ENSG00000135823,2.3233895,2.4704075,1
ENSG00000170989_1,2.2339466,0.0,1
ENSG00000116675_1,1.9072672,1.6560886,1
ENSG00000127124,2.2982593,2.4892664,1
ENSG00000249087,2.4653986,1.359642,1
ENSG00000143799,0.24140762,0.0,1
ENSG00000182866,2.3339164,2.527894,1
ENSG00000202408,1.5558543,1.827895,1
ENSG00000117594,0.2533406,0.8026438,1
ENSG00000097046,2.417387,2.5916166,1
ENSG00000151414_1,0.15243424,0.0,1
ENSG00000203747_1,0.21591349,0.0,1
ENSG00000014914_1,0.45609915,0.8071493,1
ENSG00000117640_1,2.4689748,1.1510142,1
ENSG00000171603,2.2178469,3.019216,1
ENSG00000162891,0.30493307,0.7374153,1
ENSG00000117593_1,2.51998,2.0360897,1
ENSG00000070886,2.0204332,1.6400838,1
ENSG00000207349,0.6826093,0.0,1
ENSG00000224051_1,1.558204,0.0,1
ENSG00000162779,2.1355596,1.0052878,1
ENSG00000000938,2.228991,2.6490388,1
ENSG00000143570_1,2.3235145,1.8465846,1
ENSG00000266094,2.4628017,2.8937674,1
ENSG00000016602,0.11371584,0.0,1
ENSG00000143374,2.0338788,2.778364,1
ENSG00000134245,1.6853678,1.005262,1
ENSG00000185483,1.6611034,1.3443923,1
ENSG00000228794_1,2.5961738,2.37289,1
ENSG00000162669,1.159054,1.2275525,1
ENSG00000168653,2.409934,3.6784976,1
ENSG00000117859,1.3813497,2.4150386,1
ENSG00000131910,0.8462383,0.0,1
ENSG00000234741_1,2.2383924,3.0702116,1
ENSG00000154358_1,0.7788598,0.0,1
ENSG00000116337_1,1.5285947,1.0789279,1
ENSG00000152904,2.3265424,2.471966,1
ENSG00000234807,1.5482924,0.0,1
ENSG00000158786,0.26875252,0.0,1
ENSG00000155816,1.7587202,0.0,1
ENSG00000163431,0.823707,0.67886424,1
ENSG00000162836_1,1.6623688,1.3325273,1
ENSG00000143147,1.7579192,1.2850394,1
ENSG00000285873,2.1279771,1.7755085,1
ENSG00000164008,2.3251588,2.1006668,1
ENSG00000116560,2.6281562,4.041199,1
ENSG00000157184,2.3887808,2.598983,1
ENSG00000159363,1.8405483,2.0602634,1
ENSG00000184908_2,0.78178996,0.0,1
ENSG00000154305,2.1900206,2.4238863,1
ENSG00000176444,2.628233,2.6468446,1
ENSG00000143226,0.25728822,0.0,1
ENSG00000174332,0.19516532,0.0,1
ENSG00000162642,2.06433,2.328149,1
ENSG00000143578,2.5594373,2.0046651,1
ENSG00000154027_1,0.9778542,0.80270535,1
ENSG00000118298,0.4051739,0.0,1
ENSG00000185499,0.7526504,0.0,1
ENSG00000162676_1,1.8621095,2.299747,1
ENSG00000158481,0.41890293,1.8215135,1
ENSG00000107404,2.3702927,1.9770099,1
ENSG00000116198,2.2477279,2.2125924,1
ENSG00000230615,2.1515374,1.3190852,1
ENSG00000186197_1,1.7314363,1.7344638,1
ENSG00000198841,2.343544,2.5035114,1
ENSG00000116688_1,2.4483128,2.8048472,1
ENSG00000143278,0.1314098,0.0,1
ENSG00000009790,1.5156053,0.0,1
ENSG00000152061,2.583169,1.1540098,1
ENSG00000177628_1,0.6215581,2.0624766,1
ENSG00000151418,0.1500381,0.0,1
ENSG00000285053,2.4767394,1.8774866,1
ENSG00000049245,2.2693202,2.30656,1
ENSG00000143507_1,2.205803,3.11585,1
ENSG00000157216_1,2.30574,2.538018,1
ENSG00000116691,2.4474475,0.0,1
ENSG00000162745_1,1.6409603,0.9821808,1
ENSG00000228536,0.16079162,0.0,1
ENSG00000130775,2.1392117,2.765459,1
ENSG00000117069,0.6985435,1.4066764,1
ENSG00000162444,1.4693108,1.1764386,1
ENSG00000143322_1,2.1010046,1.936755,1
ENSG00000163565_3,1.11713,2.2467446,1
ENSG00000117322,1.6687831,1.3982526,1
ENSG00000162896_1,0.32835597,0.0,1
ENSG00000162873_2,0.50162405,0.0,1
ENSG00000163534,0.19815204,0.0,1
ENSG00000189337_1,1.9520841,2.0686646,1
ENSG00000162374_1,0.26224864,0.0,1
ENSG00000082512_1,2.4617922,2.3146024,1
ENSG00000215704,0.16554092,0.0,1
ENSG00000176393,2.2215848,2.5899272,1
ENSG00000162623,1.9967194,2.9327426,1
ENSG00000078618,0.17875524,1.7517439,1
ENSG00000146463,2.5502713,1.4890158,1
ENSG00000137968,0.13505422,0.0,1
ENSG00000162817,1.6956182,1.5755111,1
ENSG00000286106,1.9802461,1.4117712,1
ENSG00000117143,2.5184557,1.6803129,1
ENSG00000157873,1.8708688,2.1184003,1
ENSG00000258673,0.27274507,0.0,1
ENSG00000117748_1,2.646596,3.0108383,1
ENSG00000237413,0.11266713,0.0,1
ENSG00000184371_1,1.7501692,2.3222399,1
ENSG00000197747,0.5658495,0.0,1
ENSG00000007341,1.0816207,0.0,1
ENSG00000143337_4,1.0675633,0.0,1
ENSG00000162813,1.5206441,0.0,1
ENSG00000232679,0.76749986,0.0,1
ENSG00000160838,1.3050894,1.2653131,1
ENSG00000024526,2.1582265,2.5965598,1
ENSG00000116721,0.15031303,0.0,1
ENSG00000078808,2.5610273,2.8134768,1
ENSG00000233290,0.14992443,0.0,1
ENSG00000237463_1,0.16713177,0.0,1
ENSG00000117525,1.5366204,1.1510326,1
ENSG00000143093,1.9976969,2.2772698,1
ENSG00000182898,0.14549938,0.0,1
ENSG00000143194,1.1744816,0.6818741,1
ENSG00000117595,0.8981655,0.0,1
ENSG00000189195_1,0.13494356,0.0,1
ENSG00000181873,2.9203165,2.0706363,1
ENSG00000077585,2.2207065,2.9887862,1
ENSG00000116574,1.8459986,1.4117038,1
ENSG00000135845,2.0820918,2.0870285,1
ENSG00000133065_1,1.2007012,1.3700132,1
ENSG00000203785,0.11022909,0.0,1
ENSG00000134250,2.0851374,1.546925,1
ENSG00000163472_1,0.410783,0.0,1
ENSG00000084623_1,2.1917257,3.3595605,1
ENSG00000238142_1,0.9560982,0.7425759,1
ENSG00000142623_1,0.31169152,0.0,1
ENSG00000236719_1,0.12534618,0.0,1
ENSG00000198570,0.73476934,0.64466506,1
ENSG00000134716,1.0059192,0.0,1
ENSG00000156875,2.6727943,2.8393824,1
ENSG00000116783,0.18764988,0.0,1
ENSG00000142875_5,0.14027111,0.0,1
ENSG00000174151,2.1331909,1.8135009,1
ENSG00000227959,0.99124163,0.7502692,1
ENSG00000118454,2.5262825,2.5618203,1
ENSG00000135828,1.4868932,0.0,1
ENSG00000127483_2,2.63028,2.8525739,1
ENSG00000188984,0.3693977,0.0,1
ENSG00000004455,2.397152,3.1483219,1
ENSG00000162430,1.9597523,1.5476542,1
ENSG00000066135,2.6885695,0.0,1
ENSG00000159214_1,1.9188161,1.2552484,1
ENSG00000117410,2.5788288,2.5421567,1
ENSG00000143337_3,2.8679268,1.3783925,1
ENSG00000290867,1.8621564,1.6622856,1
ENSG00000116857,1.8704656,2.0012836,1
ENSG00000126698,2.038696,0.0,1
ENSG00000065243_1,2.6293468,1.3023742,1
ENSG00000081721,2.3949716,2.6394835,1
ENSG00000037637,2.7061052,2.5652301,1
ENSG00000174950,1.1238202,0.0,1
ENSG00000143222,1.9426789,3.0145876,1
ENSG00000160789_7,1.1526055,0.0,1
ENSG00000188396,1.7130876,0.0,1
ENSG00000231648,0.1458241,0.0,1
ENSG00000169442,1.7759925,3.5553665,1
ENSG00000225556,1.5524747,1.7013867,1
ENSG00000116990,2.0168958,1.3645698,1
ENSG00000182795,0.19811569,0.0,1
ENSG00000143119,0.9451909,2.525199,1
ENSG00000067208,0.17090595,0.0,1
ENSG00000132763,2.1603851,0.0,1
ENSG00000134369_2,0.17330258,0.0,1
ENSG00000116977_1,1.1844158,0.0,1
ENSG00000117707_1,0.9343323,0.0,1
ENSG00000291157,0.19927682,0.0,1
ENSG00000282881,0.30773854,0.42709643,1
ENSG00000227764,0.15938757,0.0,1
ENSG00000162704,2.8134136,3.732504,1
ENSG00000183347,0.3668928,0.0,1
ENSG00000204084_1,1.5928733,0.0,1
ENSG00000066322,2.4362478,2.7537355,1
ENSG00000143412,0.39069086,1.4166987,1
ENSG00000117616,0.22734033,0.0,1
ENSG00000286109,0.18474331,0.0,1
ENSG00000116539_1,2.8754756,2.363969,1
ENSG00000131788,2.2277284,2.0136082,1
ENSG00000237463,0.17211993,0.0,1
ENSG00000142798_1,2.0026426,2.1941507,1
ENSG00000085552,1.2277663,0.0,1
ENSG00000132781_1,2.7439094,2.2770128,1
ENSG00000152763,0.12070756,0.0,1
ENSG00000160055,2.318955,1.6724396,1
ENSG00000223745,2.780499,2.3663595,1
ENSG00000187147_1,2.8977413,2.682506,1
ENSG00000196189_3,0.6570447,0.0,1
ENSG00000116198_1,1.9781387,2.2838256,1
ENSG00000137948_1,0.21532573,0.0,1
ENSG00000290842,2.206545,1.5149195,1
ENSG00000000938_2,1.5668774,1.6207293,1
ENSG00000117632,1.069345,0.0,1
ENSG00000143207,2.6909359,2.463333,1
ENSG00000310526,2.1455765,0.0,1
ENSG00000271736,0.19627959,0.0,1
ENSG00000177606,2.120728,1.871573,1
ENSG00000184588_4,1.2737383,2.2391994,1
ENSG00000163239,1.7004222,1.1530523,1
ENSG00000227070,1.3278584,1.7011628,1
ENSG00000162641,0.15245627,0.71598667,1
ENSG00000265107,0.576027,0.0,1
ENSG00000158714,0.5239938,0.0,1
ENSG00000162542,2.4299428,1.9969798,1
ENSG00000175756,2.6507514,2.7613144,1
ENSG00000199666,0.24876048,0.0,1
ENSG00000156869,0.6193722,0.0,1
ENSG00000162733,0.32349038,0.0,1
ENSG00000131781_1,0.8168891,1.1377338,1
ENSG00000117010,1.8357121,1.945237,1
ENSG00000153029,1.9127266,0.0,1
ENSG00000116141,1.7155412,1.5145743,1
ENSG00000229989,0.38974386,0.0,1
ENSG00000123080,2.11721,1.8482014,1
ENSG00000156876,2.3525374,2.679417,1
ENSG00000184371,1.4906421,2.3030448,1
ENSG00000079335_3,0.28396398,0.0,1
ENSG00000197520,0.18487753,0.0,1
ENSG00000163468,0.2646535,0.0,1
ENSG00000233593_1,1.4909618,1.4563661,1
ENSG00000131781_2,2.3892913,2.6291015,1
ENSG00000134201,1.0113252,1.1399388,1
ENSG00000143179_1,2.6475935,2.5938075,1
ENSG00000116793_1,2.6220798,0.0,1
ENSG00000252501,0.16235395,1.4452274,1
ENSG00000117298_3,2.3029747,2.8309093,1
ENSG00000116489,2.717769,3.7534306,1
ENSG00000116133,2.489995,3.1143107,1
ENSG00000184371_2,2.131073,1.9562645,1
ENSG00000162493,1.1168815,0.9096095,1
ENSG00000159173,0.4698679,0.0,1
ENSG00000163463_1,1.9774256,2.9653814,1
ENSG00000143633,2.367486,0.0,1
ENSG00000049246,1.9615967,0.0,1
ENSG00000201609,0.2755301,0.0,1
ENSG00000236782,0.46638268,0.0,1
ENSG00000143748,2.1445003,0.0,1
ENSG00000162526,1.1178427,0.75024605,1
ENSG00000291242,1.372274,0.0,1
ENSG00000162551_1,0.22627877,0.7076553,1
ENSG00000117335,2.447339,3.181512,1
ENSG00000162695,2.4467921,2.793895,1
ENSG00000143032,1.4483366,0.8786539,1
ENSG00000160062,1.5361899,1.512284,1
ENSG00000187147,0.920767,2.0575633,1
ENSG00000143297,0.5367191,2.4006622,1
ENSG00000187862,0.26946568,0.0,1
ENSG00000116525,1.6570656,2.0569239,1
ENSG00000123080_1,0.99041134,0.0,1
ENSG00000118194_1,0.22795121,0.0,1
ENSG00000116852,2.1282306,2.5824633,1
ENSG00000150681,0.102795765,0.0,1
ENSG00000173171,1.9769287,1.396025,1
ENSG00000049249,0.2738548,0.0,1
ENSG00000178395,1.3389597,0.96085113,1
ENSG00000143512,0.31748378,0.0,1
ENSG00000143178,0.20595574,0.70205986,1
ENSG00000116183_1,0.14533886,0.0,1
ENSG00000069702,1.8973042,1.77938,1
ENSG00000287627,0.22633044,0.0,1
ENSG00000178715,0.5135587,1.8119702,1
ENSG00000157064,0.9938248,0.0,1
ENSG00000085831_2,1.8024731,1.1239822,1
ENSG00000162571_1,0.7469179,0.0,1
ENSG00000162676,1.5281479,1.9313053,1
ENSG00000016490,0.14936742,0.0,1
ENSG00000158710,1.9365916,1.0494196,1
ENSG00000143457,1.4347239,2.5204115,1
ENSG00000117600,1.3146753,1.4395679,1
ENSG00000116584,0.95584524,0.0,1
ENSG00000196418_1,2.1138318,2.1185193,1
ENSG00000078900,2.3007092,2.3812559,1
ENSG00000236528,2.4174037,0.0,1
ENSG00000169174,1.0541961,0.75776035,1
ENSG00000198049,1.228686,0.0,1
ENSG00000203697,0.22371648,0.0,1
ENSG00000237429,1.5772297,1.3508487,1
ENSG00000207340,0.90720206,0.0,1
ENSG00000116213,1.9677207,2.161811,1
ENSG00000074800_2,2.9139547,4.4529743,1
ENSG00000162433,2.0694747,2.0194902,1
ENSG00000134243,0.24019001,0.0,1
ENSG00000116171,1.3819966,1.7946972,1
ENSG00000142945_1,0.38334852,0.0,1
ENSG00000225630,2.4323492,3.2055833,1
ENSG00000264294,2.753422,2.0977397,1
ENSG00000286389,1.5771837,0.9761206,1
ENSG00000234741,0.56012756,1.5248374,1
ENSG00000157181,2.4012222,2.277788,1
ENSG00000118655,2.745393,2.5604663,1
ENSG00000184588_1,0.12041122,0.5553605,1
ENSG00000143033,2.513851,2.4895394,1
ENSG00000162897,0.34587622,0.0,1
ENSG00000143318,0.58860236,0.0,1
ENSG00000293279,2.4422631,0.0,1
ENSG00000092853,0.2164766,0.0,1
ENSG00000143028,1.7219646,1.5039405,1
ENSG00000232671,2.8140645,1.3663296,1
ENSG00000228971,0.1431371,0.0,1
ENSG00000121904,1.6101649,1.612116,1
ENSG00000116675_2,0.22759856,0.0,1
ENSG00000118194_3,0.50589013,0.6697816,1
ENSG00000228794_2,0.279495,0.0,1
ENSG00000235501,1.8250726,1.3942783,1
ENSG00000226758,0.10765226,0.0,1
ENSG00000198162,2.55834,2.3980546,1
ENSG00000204160_1,0.70740026,1.3918874,1
ENSG00000286600,0.5212169,0.0,1
ENSG00000224445,0.08893412,0.0,1
ENSG00000163220,0.48345137,0.0,1
ENSG00000119283,1.4092377,1.4628022,1
ENSG00000142655,1.8865258,2.6824753,1
ENSG00000009709_1,1.4577286,0.8652935,1
ENSG00000273004_1,1.6146905,1.2961034,1
ENSG00000054282,2.3170702,0.0,1
ENSG00000132693,0.19085295,0.0,1
ENSG00000203783,0.20194052,0.0,1
ENSG00000160753,1.2447546,1.208315,1
ENSG00000134376,0.14129736,0.0,1
ENSG00000117036,2.3970788,2.131686,1
ENSG00000142765,1.187104,1.9995655,1
ENSG00000177181,1.9369891,1.513191,1
ENSG00000134709,2.0377982,1.5784558,1
ENSG00000162618_1,0.120006785,0.0,1
ENSG00000182901,1.7946916,1.5062072,1
ENSG00000077152,1.8959432,0.0,1
ENSG00000293264,1.0818855,0.0,1
ENSG00000242485,2.5360694,3.3341298,1
ENSG00000121851,2.1097002,2.6537614,1
ENSG00000127129,1.1453068,1.2814356,1
ENSG00000197472,1.4808878,0.6381597,1
ENSG00000079277,2.1616254,0.0,1
ENSG00000290735,1.5987697,2.9276063,1
ENSG00000171735_1,1.9586213,1.7017579,1
ENSG00000224535,0.22057073,0.0,1
ENSG00000069812,1.7481273,1.2745734,1
ENSG00000180875,1.1099586,0.0,1
ENSG00000127603_3,1.0184424,1.6186202,1
ENSG00000132694,2.2396564,2.0536776,1
ENSG00000092847_1,2.0869846,0.0,1
ENSG00000213366,1.3197443,1.5692885,1
ENSG00000127483,0.24230795,1.9647055,1
ENSG00000160087,2.4260302,2.8196795,1
ENSG00000297423,2.6621358,1.5044165,1
ENSG00000203943,0.44533807,0.0,1
ENSG00000218510,2.6459298,2.1046202,1
ENSG00000163472,2.5599766,1.5516342,1
ENSG00000158869,0.48107278,0.88244486,1
ENSG00000180287_1,1.9363945,1.4981037,1
ENSG00000160753_2,1.8014594,2.105166,1
ENSG00000180667,1.8296703,2.0492568,1
ENSG00000116273,2.2676227,2.153763,1
ENSG00000007908_1,0.16485287,0.0,1
ENSG00000078369,2.3998008,1.9102187,1
ENSG00000142789,0.32703376,0.0,1
ENSG00000160049,2.4230208,0.0,1
ENSG00000187583,1.2803769,1.2074647,1
ENSG00000176261,2.0906534,0.0,1
ENSG00000270882,2.609319,3.733414,1
ENSG00000057252,2.2596405,2.951259,1
ENSG00000142875,2.0983794,1.7352715,1
ENSG00000159352,2.186933,2.702675,1
ENSG00000076864_2,1.6807847,1.611075,1
ENSG00000116741,1.7823477,0.0,1
ENSG00000189266,3.1256728,3.0614676,1
ENSG00000143801,1.9976416,1.871059,1
ENSG00000277344,0.695191,0.0,1
ENSG00000116670_2,1.7355175,1.4647131,1
ENSG00000143621,2.3333602,0.0,1
ENSG00000135870,2.5733051,2.411788,1
ENSG00000198198,2.4729455,2.1833751,1
ENSG00000162813_1,1.3990135,0.90607095,1
ENSG00000229258,0.44367027,0.6478718,1
ENSG00000117395_1,0.18072206,0.0,1
ENSG00000143669_1,1.134237,1.1985168,1
ENSG00000143379,2.1613615,1.9195853,1
ENSG00000117122,0.3133229,0.6636538,1
ENSG00000263961,2.0740776,1.0632057,1
ENSG00000290569,2.171812,0.0,1
ENSG00000135835_2,0.71734244,1.0378247,1
ENSG00000053371,2.5389209,2.5411272,1
ENSG00000116497,2.7479022,2.2168517,1
ENSG00000235750,1.9451194,2.442345,1
ENSG00000173660,1.7029963,0.0,1
ENSG00000079335_2,2.219539,1.8128065,1
ENSG00000116922_1,2.1627338,1.6308142,1
ENSG00000116675,0.1754237,0.0,1
ENSG00000162892,0.2504983,0.0,1
ENSG00000171612,2.4468722,2.406506,1
ENSG00000178104_1,1.3908354,0.0,1
ENSG00000041988,1.5126238,2.1392996,1
ENSG00000020129,2.4607704,2.3779416,1
ENSG00000173436_1,2.8533945,3.1414466,1
ENSG00000227421,0.10948773,0.0,1
ENSG00000162434_1,1.60769,1.5460242,1
ENSG00000285041,0.11067855,0.678846,1
ENSG00000127074,0.19480276,0.0,1
ENSG00000173947,1.4581895,0.0,1
ENSG00000143543,2.5370777,2.8182523,1
ENSG00000094963,0.13347568,0.0,1
ENSG00000118733_1,1.1702996,0.0,1
ENSG00000230424,2.9971611,2.2548718,1
ENSG00000142611,1.6571993,1.3748583,1
ENSG00000162522_2,0.97251064,0.0,1
ENSG00000116161_1,3.0868635,3.5379148,1
ENSG00000282221,1.5069643,1.4577684,1
ENSG00000162383,0.6592085,1.218903,1
ENSG00000160691_2,1.0833485,1.6410873,1
ENSG00000168710_1,2.6254683,1.3640254,1
ENSG00000135776,2.4982915,2.2706254,1
ENSG00000203721,0.15309273,0.604118,1
ENSG00000117481_1,2.0606852,0.0,1
ENSG00000171806,2.190546,2.1855054,1
ENSG00000182866_1,0.5269946,0.0,1
ENSG00000065243,2.7493935,2.571596,1
ENSG00000142784,2.2488103,2.1681378,1
ENSG00000180098,2.2795417,0.0,1
ENSG00000197852,1.9168769,1.8182985,1
ENSG00000159409,0.8007875,1.1357018,1
ENSG00000283227,0.20214397,0.56321996,1
ENSG00000065135,2.4847786,3.0203116,1
ENSG00000116251,2.633943,3.2212029,1
ENSG00000162723,0.34049886,0.0,1
ENSG00000018625,0.4220302,0.0,1
ENSG00000157131,0.1630898,0.0,1
ENSG00000203804,2.2919571,0.8159561,1
ENSG00000160691_1,0.63491136,0.0,1
ENSG00000189409,1.3255639,0.0,1
ENSG00000162600,2.220627,2.5933568,1
ENSG00000163563,1.4283135,3.0261817,1
ENSG00000160075,2.7401025,2.0343757,1
ENSG00000117153,2.4071033,2.3819358,1
ENSG00000153936,2.9019182,2.3597975,1
ENSG00000162594_1,0.17195708,0.0,1
ENSG00000184260,2.6019735,4.0823545,1
ENSG00000162664,2.5724564,2.6375058,1
ENSG00000158109,2.1474335,1.6778805,1
ENSG00000134215_1,2.0032418,1.9230107,1
ENSG00000097021_2,2.4948568,2.7547488,1
ENSG00000160752,2.8631144,0.0,1
ENSG00000117280,1.5310991,2.5083008,1
ENSG00000137947,2.3242235,3.0050046,1
ENSG00000183682,1.946189,1.4907448,1
ENSG00000117640,2.379578,1.979143,1
ENSG00000020633,2.6367836,3.2122517,1
ENSG00000273274,1.2757137,1.0191579,1
ENSG00000197106,1.6252301,1.3595889,1
ENSG00000117016_1,1.5471711,1.9109604,1
ENSG00000143494,1.9617033,2.686632,1
ENSG00000049089,1.2240942,0.8843138,1
ENSG00000196805,0.118906155,0.0,1
ENSG00000287217,0.27104396,0.0,1
ENSG00000162771,0.2625206,0.0,1
ENSG00000143036,1.6945574,1.0456007,1
ENSG00000143771,1.6397287,2.6070774,1
ENSG00000117601,0.16438763,0.0,1
ENSG00000143845_1,1.7390835,1.3212255,1
ENSG00000230461,0.3910733,0.0,1
ENSG00000116752,2.0576365,3.0675023,1
ENSG00000143319_1,2.658823,3.034897,1
ENSG00000162734,2.4791646,3.000976,1
ENSG00000272426,2.2841995,0.0,1
ENSG00000189433,0.30257523,0.0,1
ENSG00000169224_1,0.19272637,0.0,1
ENSG00000226026,1.9433908,0.0,1
ENSG00000137942,1.5961504,1.3748399,1
ENSG00000081277,1.4264492,1.4215447,1
ENSG00000228794,1.2506348,0.98365337,1
ENSG00000050628,1.4961683,1.373096,1
ENSG00000059588,2.047458,2.3185432,1
ENSG00000134259,1.1742074,1.3494252,1
ENSG00000143622_1,2.0168931,2.2213542,1
ENSG00000237976,2.613788,2.7431726,1
ENSG00000162598,0.585717,0.55932,1
ENSG00000007341_2,2.680738,1.775756,1
ENSG00000116675_3,1.447218,1.0177426,1
ENSG00000204362,0.19468547,0.0,1
ENSG00000293477,1.272675,0.0,1
ENSG00000135824,0.6940827,0.0,1
ENSG00000198700,2.4655557,2.6528747,1
ENSG00000136636,2.0446806,2.4317658,1
ENSG00000122180,0.6869261,0.0,1
ENSG00000173846,2.6768157,2.2667208,1
ENSG00000174371,2.3276427,2.291775,1
ENSG00000053372,2.576651,2.3059316,1
ENSG00000116830,2.5829775,2.7618835,1
ENSG00000179546,1.6794417,1.264629,1
ENSG00000159596,2.0406256,3.0242803,1
ENSG00000185436,1.6876484,0.0,1
ENSG00000224259,0.23557882,0.0,1
ENSG00000143669,2.707933,1.892929,1
ENSG00000009724,0.8022186,0.0,1
ENSG00000171163,2.3673496,2.350248,1
ENSG00000154358,0.79981047,0.70205986,1
ENSG00000085999,2.3332987,2.8026848,1
ENSG00000160803,2.2499123,2.1557245,1
ENSG00000174348,1.4664881,1.1629227,1
ENSG00000123838,0.12874597,0.0,1
ENSG00000152104,1.6271324,1.8905329,1
ENSG00000143119_1,2.0472462,3.1615837,1
ENSG00000273544,1.1303544,1.2638348,1
ENSG00000142621_2,0.31864715,0.0,1
ENSG00000155380_1,2.7196755,3.106806,1
ENSG00000116984,2.415678,2.7247329,1
ENSG00000143753,2.7503686,2.7327476,1
ENSG00000173409,2.20306,0.0,1
ENSG00000178922,2.037125,1.6436007,1
ENSG00000162510,0.96436244,1.4720027,1
ENSG00000162613,3.1336274,3.722029,1
ENSG00000229953,1.7310965,2.5567644,1
ENSG00000163157,0.3026682,0.0,1
ENSG00000160781,0.94021577,0.0,1
ENSG00000143184,0.1647352,0.0,1
ENSG00000224699,2.4056213,0.0,1
ENSG00000143751,2.758052,0.0,1
ENSG00000160789_4,1.9103899,3.0029647,1
ENSG00000057468,1.0495725,1.339193,1
ENSG00000177628,0.49542838,0.96553093,1
ENSG00000235358_1,1.8817269,0.0,1
ENSG00000011007,2.6087673,2.844392,1
ENSG00000160097,1.8912104,1.578536,1
ENSG00000196482_4,1.0412655,0.0,1
ENSG00000117090,2.6936636,3.7894156,1
ENSG00000172155,0.20936365,0.0,1
ENSG00000174332_1,1.9806874,1.4358603,1
ENSG00000117009,1.0343088,0.0,1
ENSG00000197880,0.53608674,0.0,1
ENSG00000123685,2.132517,1.8812306,1
ENSG00000162654,0.95618093,2.7025702,1
ENSG00000229956,2.0540705,0.0,1
ENSG00000142748,0.22885974,0.0,1
ENSG00000131236_1,2.8777995,2.8637552,1
ENSG00000131233,0.17789774,0.0,1
ENSG00000142871,1.4921811,1.3583156,1
ENSG00000153187_2,1.8267834,2.2858272,1
ENSG00000143353_1,2.286154,1.2014599,1
ENSG00000060642_1,3.1509137,1.7344158,1
ENSG00000130764,2.3765926,2.5874302,1
ENSG00000271576,2.173678,1.0929661,1
ENSG00000120333,0.3075055,1.0494041,1
ENSG00000227811,1.5439088,0.8898617,1
ENSG00000188859,2.0601203,2.2659023,1
ENSG00000122432,2.6514432,2.3999054,1
ENSG00000291072,2.8985791,1.8387798,1
ENSG00000204160,2.4722977,3.1107445,1
ENSG00000287684,0.6739386,1.001041,1
ENSG00000133019,1.1985812,0.0,1
ENSG00000184144_1,1.2322613,1.2828645,1
ENSG00000134200,0.13232486,0.0,1
ENSG00000117174,2.0625825,3.013709,1
ENSG00000085832_1,2.2578797,2.7181554,1
ENSG00000135824_2,1.0385385,0.0,1
ENSG00000163444,2.5466983,2.4938498,1
ENSG00000127463,2.2582731,0.0,1
ENSG00000154309_1,0.23598082,0.0,1
ENSG00000162599,1.1973209,0.0,1
ENSG00000168765_1,1.9739988,1.8154781,1
ENSG00000198626,1.8281058,1.526559,1
ENSG00000200087,1.1911402,1.610394,1
ENSG00000142694,1.6708035,1.3601085,1
ENSG00000133056,2.6199007,2.5034912,1
ENSG00000143632,1.1721208,0.9217021,1
ENSG00000066136_1,3.0422568,1.9872863,1
ENSG00000188800,0.2117457,0.0,1
ENSG00000214193_1,2.0832877,1.9410118,1
ENSG00000171502,1.1529512,1.1705551,1
ENSG00000183853,1.2241817,0.90955603,1
ENSG00000162636,2.450366,2.1945698,1
ENSG00000230461_1,1.0966945,0.67585164,1
ENSG00000198890,1.8589137,2.7071552,1
ENSG00000186226,0.25199813,0.0,1
ENSG00000118873,2.5688617,2.3920865,1
ENSG00000135744_1,0.18493043,0.0,1
ENSG00000116729,1.0988882,0.8861522,1
ENSG00000228536_2,0.27054167,0.0,1
ENSG00000163485,0.8317055,0.8433574,1
ENSG00000143552,0.5946545,0.0,1
ENSG00000272106,2.649677,1.6691308,1
ENSG00000177301,0.50475603,0.0,1
ENSG00000064703,1.8348155,1.8499658,1
ENSG00000116785,0.13160518,0.0,1
ENSG00000120334,2.1051426,1.8158765,1
ENSG00000159445,2.4288375,2.5668063,1
ENSG00000143845,0.362491,0.0,1
ENSG00000157873_2,2.3471072,2.1590073,1
ENSG00000259030,1.6200541,2.3636703,1
ENSG00000163239_1,1.5629389,0.0,1
ENSG00000142698,1.1739157,1.4072889,1
ENSG00000171819,0.4572956,0.0,1
ENSG00000207181,0.8701842,0.0,1
ENSG00000135750,2.379001,2.656558,1
ENSG00000117151,2.7376814,2.4953458,1
ENSG00000134369_3,0.63816535,0.0,1
ENSG00000276600,0.44393045,0.9880236,1
ENSG00000233079_2,0.13509394,0.53921413,1
ENSG00000232077,0.13995272,0.0,1
ENSG00000163202,0.30164725,0.0,1
ENSG00000116584_3,1.7392001,1.7587606,1
ENSG00000162571,0.96256334,0.8672317,1
ENSG00000135749,1.7593484,2.230178,1
ENSG00000117625,2.6634867,2.5953639,1
ENSG00000023572_1,0.34889328,0.0,1
ENSG00000160789_2,0.4752978,0.0,1
ENSG00000223883,0.26426226,0.0,1
ENSG00000134202,1.3533239,0.0,1
ENSG00000117632_1,1.7111558,1.8063991,1
ENSG00000134698,1.888454,1.9503648,1
ENSG00000186564,2.1775439,1.7170627,1
ENSG00000036549_1,1.786232,2.24968,1
ENSG00000143303,2.5526342,2.690639,1
ENSG00000227181,0.18426757,0.0,1
ENSG00000116871,2.5673532,2.8908064,1
ENSG00000121310,1.6872014,1.0443437,1
ENSG00000117394,1.0309429,1.0417085,1
ENSG00000133069_1,0.30995125,0.0,1
ENSG00000088280_1,1.764456,1.1153775,1
ENSG00000203859,0.19655395,0.0,1
ENSG00000116750,2.7081323,2.961849,1
ENSG00000127124_3,2.251858,2.058183,1
ENSG00000284770,1.7721949,0.0,1
ENSG00000121644,2.546391,2.318011,1
ENSG00000143420,2.1900086,0.0,1
ENSG00000135775,2.3086257,2.350597,1
ENSG00000199879,1.2561252,1.9382274,1
ENSG00000286219,1.9967327,2.2373176,1
ENSG00000282048,0.18635592,0.0,1
ENSG00000121940,2.411351,2.5778134,1
ENSG00000157216,0.25977385,0.6110964,1
ENSG00000117154,1.8435029,1.7173376,1
ENSG00000226919,0.37884134,0.0,1
ENSG00000230630_1,0.31270963,0.0,1
ENSG00000158769,2.058942,2.5891764,1
ENSG00000132855,0.18143588,0.0,1
ENSG00000274978,2.4767532,3.0892727,1
ENSG00000271723,0.17575178,0.0,1
ENSG00000263956,1.9268913,1.6224524,1
ENSG00000162735_1,1.4640479,2.62893,1
ENSG00000143850_1,0.58833385,1.0351815,1
ENSG00000081026,1.9713433,1.480998,1
ENSG00000162496_2,0.7463786,0.7399993,1
ENSG00000162694,1.372328,0.0,1
ENSG00000163354,0.43066156,0.61806905,1
ENSG00000130695,2.5324302,2.2866967,1
ENSG00000134389,0.17129573,0.0,1
ENSG00000227579,0.14941014,0.0,1
ENSG00000157933,2.1836748,1.3825933,1
ENSG00000186207,0.20227702,0.0,1
ENSG00000116819,1.4604353,0.0,1
ENSG00000162747,0.2663263,0.78197783,1
ENSG00000117020_1,1.8382652,1.0594877,1
ENSG00000188157,2.1743493,2.2368066,1
ENSG00000284686,0.2478031,0.0,1
ENSG00000054392_1,2.2840247,1.7747797,1
ENSG00000285280,0.17991036,0.0,1
ENSG00000117362,2.3185754,2.5379574,1
ENSG00000084073,2.3377876,0.0,1
ENSG00000143156,1.4537758,0.0,1
ENSG00000184454,1.256419,1.3873364,1
ENSG00000196187,0.42225885,0.67886513,1
ENSG00000160712,1.9556539,1.9521141,1
ENSG00000203739,2.4303222,1.8636796,1
ENSG00000133065,1.7191154,1.3437827,1
ENSG00000143553,2.2670188,0.0,1
ENSG00000076356,1.7424366,1.4527521,1
ENSG00000070759,2.3199742,2.3017027,1
ENSG00000143337_2,2.9398417,2.9037952,1
ENSG00000074800_3,3.07938,2.7467275,1
ENSG00000252826,0.55209035,0.73212826,1
ENSG00000132680,2.6325412,0.0,1
ENSG00000116521_1,2.4085925,2.922014,1
ENSG00000198520,2.3615046,0.0,1
ENSG00000118194_2,0.39590955,0.0,1
ENSG00000228594,2.1065974,1.7186677,1
ENSG00000226167,2.4645286,0.0,1
ENSG00000143514,0.16890763,0.0,1
ENSG00000189171_1,2.8248205,3.1648405,1
ENSG00000213064,2.5944915,2.7868054,1
ENSG00000251503,2.4466531,2.4844992,1
ENSG00000271380,2.8267772,1.560815,1
ENSG00000233593,1.1447628,0.70773196,1
ENSG00000064886_1,1.2153631,2.3225315,1
ENSG00000163564,0.1996019,0.0,1
ENSG00000295836,1.7360091,1.1782861,1
ENSG00000143702_1,1.2556092,0.0,1
ENSG00000121931,2.7363114,2.646538,1
ENSG00000142632_1,2.2145,1.5436336,1
ENSG00000162819_1,1.867171,1.9744458,1
ENSG00000054392,0.47960186,0.0,1
ENSG00000163554,0.11212543,0.0,1
ENSG00000066136,2.7371235,2.932286,1
ENSG00000082512,1.8975472,2.5277717,1
ENSG00000154027,1.7850192,1.5097132,1
ENSG00000121905_2,1.2398317,0.0,1
ENSG00000183814,2.474761,2.3473125,1
ENSG00000198799,2.37524,1.9815286,1
ENSG00000290867_1,2.1421535,1.6790279,1
ENSG00000143418_2,2.23136,2.4164724,1
ENSG00000169717,0.54912406,0.0,1
ENSG00000014914_2,0.39453983,0.0,1
ENSG00000143514_2,2.3053966,2.1310313,1
ENSG00000162601,1.9755766,0.0,1
ENSG00000162729,2.1809146,2.3904953,1
ENSG00000135842,1.8566399,2.7458732,1
ENSG00000183598,2.2720861,3.6603446,1
ENSG00000196890,1.7270293,2.553378,1
ENSG00000117676,2.2033405,2.3816042,1
ENSG00000142609,0.5937551,0.0,1
ENSG00000230623,0.36920464,1.3265673,1
ENSG00000173436,1.6469734,1.4880004,1
ENSG00000186197,0.2158942,0.0,1
ENSG00000160094,2.3522763,2.1052716,1
ENSG00000119280,1.6490676,1.6563761,1
ENSG00000048707,1.7319413,0.0,1
ENSG00000186063,2.3389025,2.5148225,1
ENSG00000188295,2.138647,1.9872845,1
ENSG00000231663,2.6461422,0.0,1
ENSG00000181450,2.0913258,2.2023385,1
ENSG00000263513,2.528605,0.0,1
ENSG00000179085,1.3861977,0.0,1
ENSG00000162434,2.3623312,2.5316067,1
ENSG00000116750_1,1.9868746,1.7409229,1
ENSG00000228526,2.3203511,2.2995944,1
ENSG00000197323,2.8650217,2.7900176,1
ENSG00000232480,1.6777294,0.0,1
ENSG00000118473_1,0.79414296,0.51814526,1
ENSG00000186790,1.7215033,1.5591762,1
ENSG00000070831,2.4258661,3.5604541,1
ENSG00000143256,2.5241024,3.0129426,1
ENSG00000158887,1.4993023,0.0,1
ENSG00000135778,2.0057037,2.529651,1
ENSG00000203601,0.54967296,0.45295116,1
ENSG00000181817,2.3467665,2.3698168,1
ENSG00000198520_1,1.0452852,0.0,1
ENSG00000162873,0.43172467,0.0,1
ENSG00000134207_1,1.282016,1.2607628,1
ENSG00000054267,2.483143,1.0122339,1
ENSG00000118292,0.56051713,0.0,1
ENSG00000159658,2.7041504,2.6299586,1
ENSG00000052723,2.3330734,2.9333618,1
ENSG00000162753,0.11870071,0.0,1
ENSG00000162814,1.4468985,0.0,1
ENSG00000117245,0.7499333,0.8027395,1
ENSG00000223635,2.408209,1.1142772,1
ENSG00000272438,1.9275744,1.2908356,1
ENSG00000116667,1.8225304,1.6227009,1
ENSG00000196754,0.46567732,0.0,1
ENSG00000198574,0.20509666,0.6447241,1
ENSG00000011021,2.5391355,2.0253305,1
ENSG00000009780,2.6053865,1.6966271,1
ENSG00000173110,1.9762819,0.0,1
ENSG00000117791,1.6799254,1.6268123,1
ENSG00000157911,2.464297,1.869281,1
ENSG00000162745_2,1.5974507,1.413903,1
ENSG00000174021,2.3563652,2.6349406,1
ENSG00000231365,2.72683,2.8946095,1
ENSG00000157978_1,0.4410184,0.0,1
ENSG00000043514,2.1750746,2.6999044,1
ENSG00000215906,0.20265469,0.0,1
ENSG00000274020_1,2.1947517,2.2021122,1
ENSG00000117155,2.3041613,1.9250696,1
ENSG00000116288_1,2.6575837,1.2894998,1
ENSG00000134216,0.20655139,0.0,1
ENSG00000198691,0.1249194,0.0,1
ENSG00000142892,1.3830965,0.0,1
ENSG00000272865,0.22288112,0.0,1
ENSG00000182004_1,1.9359646,1.5821543,1
ENSG00000143107,0.21875502,0.0,1
ENSG00000203666,1.3244584,1.4680666,1
ENSG00000291132,1.3429071,1.2197417,1
ENSG00000116774,0.40821975,0.0,1
ENSG00000117400,0.3023572,0.0,1
ENSG00000286383,0.306144,0.0,1
ENSG00000060642,2.8674717,1.5219092,1
ENSG00000249087_1,2.1242828,0.5860019,1
ENSG00000172456_2,2.334443,1.3326,1
ENSG00000142627,1.2239071,1.2240822,1
ENSG00000065600,2.3876014,2.5642812,1
ENSG00000143549_2,0.31635177,0.0,1
ENSG00000184330,0.17020284,0.0,1
ENSG00000094975,3.0128672,2.1060889,1
ENSG00000143786,0.27840817,0.0,1
ENSG00000092850,1.2750885,1.008089,1
ENSG00000142599,1.7144939,2.2135708,1
ENSG00000137955_1,1.5800241,2.6396358,1
ENSG00000121957_1,2.2012494,1.3989291,1
ENSG00000162702,2.4071121,2.456817,1
ENSG00000009307,2.680571,3.8464768,1
ENSG00000067606_2,0.53500086,0.8224296,1
ENSG00000117020,0.18855453,0.0,1
ENSG00000291156,1.6831512,0.0,1
ENSG00000057757,2.4718542,2.6192853,1
ENSG00000187608,2.0861123,3.3426318,1
ENSG00000126709,1.7633913,0.0,1
ENSG00000281406,1.0068691,0.73481584,1
ENSG00000287808,2.0376682,0.0,1
ENSG00000065183,2.1757283,2.5392218,1
ENSG00000224174,0.8194973,0.0,1
ENSG00000122188,1.3350073,0.0,1
ENSG00000044012,0.50108224,0.0,1
ENSG00000277610,1.9780371,0.0,1
ENSG00000121634,0.13765341,0.0,1
ENSG00000288825,2.9087594,3.8223243,1
ENSG00000184292,1.8336351,1.6620586,1
ENSG00000116793,2.432661,1.3045552,1
ENSG00000229960,0.25289518,0.0,1
ENSG00000076864,1.6667377,1.0729077,1
ENSG00000198815_1,2.7143574,2.8209977,1
ENSG00000179914,0.1933389,0.0,1
ENSG00000228536_1,0.2781058,0.0,1
ENSG00000135763,2.4300632,2.094062,1
ENSG00000117481,2.3586392,2.363311,1
ENSG00000169224,0.14290528,0.0,1
ENSG00000186118,0.18021424,0.8115616,1
ENSG00000213047,2.1502757,1.6130909,1
ENSG00000293505,1.9849613,0.0,1
ENSG00000084652_1,2.553905,2.49545,1
ENSG00000238260,2.0199356,0.0,1
ENSG00000116711,0.47481054,0.0,1
ENSG00000055070,2.8025327,3.2444725,1
ENSG00000198468,2.3437655,0.0,1
ENSG00000134249,0.3998245,0.0,1
ENSG00000198765,0.5243215,0.9561204,1
ENSG00000248485,1.5887594,1.6068648,1
ENSG00000162441_1,2.3898654,2.1647394,1
ENSG00000009709,1.0803859,1.4432019,1
ENSG00000169504,2.6954765,3.0671601,1
ENSG00000186364,1.9331577,1.4205333,1
ENSG00000188643,0.3643607,0.0,1
ENSG00000259788,2.2026203,0.0,1
ENSG00000163221,0.22586487,0.0,1
ENSG00000163344,2.874034,2.278477,1
ENSG00000201699,1.2287059,0.9639341,1
ENSG00000137965,1.0629284,3.319333,1
ENSG00000182134,2.072116,1.5269334,1
ENSG00000163565,0.28898287,0.0,1
ENSG00000143365_1,0.44525582,0.0,1
ENSG00000158022,0.24145703,0.7772767,1
ENSG00000157870_1,1.8874722,1.5030957,1
ENSG00000153187,0.23196425,2.3270645,1
ENSG00000168710_2,0.8438181,0.0,1
ENSG00000290989,2.7239048,2.2591374,1
ENSG00000213047_1,2.0554354,1.6539358,1
ENSG00000132122_1,1.5779259,0.8805735,1
ENSG00000228192,1.7495499,1.8268778,1
ENSG00000174175,0.15571992,0.0,1
ENSG00000014914,0.32125652,0.8672317,1
ENSG00000118733,0.2252946,0.0,1
ENSG00000183780_1,1.8213856,1.576157,1
ENSG00000184148,0.1662099,0.0,1
ENSG00000143545,1.1002614,1.896708,1
ENSG00000143125,0.2195424,0.0,1
ENSG00000152061_4,0.37888747,0.0,1
ENSG00000084652,2.5299761,2.9105935,1
ENSG00000079277_1,1.9636338,1.7384158,1
ENSG00000134184,1.6885328,2.5584314,1
ENSG00000143595,0.37017208,0.0,1
ENSG00000197530_2,0.7609382,1.1250842,1
ENSG00000240038,0.14578278,0.0,1
ENSG00000197147,2.5480037,2.2418702,1
ENSG00000162415,1.8557041,1.380356,1
ENSG00000117118,0.5139902,0.0,1
ENSG00000199347,2.4605625,3.1786864,1
ENSG00000117054_2,2.5478816,3.2250843,1
ENSG00000134371_1,1.8619397,1.3971053,1
ENSG00000196240,0.28164667,0.0,1
ENSG00000121933,0.4922315,0.0,1
ENSG00000223694,0.22563784,0.0,1
ENSG00000163531,1.3536811,0.0,1
ENSG00000142621_3,0.44115543,0.0,1
ENSG00000163125,2.5294895,2.8028147,1
ENSG00000182827,2.6073139,3.0735571,1
ENSG00000154429,2.1413584,2.1678548,1
ENSG00000178965,1.3353105,1.1387635,1
ENSG00000284693,1.9411374,0.0,1
ENSG00000286391,1.4173262,0.5180662,1
ENSG00000131697,2.3877017,2.006102,1
ENSG00000154429_1,1.9435949,2.0156488,1
ENSG00000189339,2.7073383,2.0950997,1
ENSG00000288867,0.19699392,0.0,1
ENSG00000143013_1,2.098193,1.2723151,1
ENSG00000179163,2.2915232,1.9735574,1
ENSG00000227634,0.25486118,0.0,1
ENSG00000223764,1.6998081,1.3657312,1
ENSG00000163463,1.5546924,0.6381597,1
ENSG00000143226_1,0.32092232,0.0,1
ENSG00000123843,0.18390185,0.0,1
ENSG00000152061_3,0.25604433,0.0,1
ENSG00000131781,0.87317586,0.0,1
ENSG00000116221,2.0639744,3.3776085,1
ENSG00000143776,1.8524623,1.8366911,1
ENSG00000137959,1.8920152,3.6577163,1
ENSG00000198216_1,1.2923524,1.9925358,1
ENSG00000157870,2.178717,1.6721256,1
ENSG00000116521,1.8500922,1.0259078,1
ENSG00000137941,1.5288054,0.93349236,1
ENSG00000213085,1.0057983,0.70212024,1
ENSG00000182004,2.1799676,3.5859118,1
ENSG00000227907,0.25302482,0.0,1
ENSG00000175206,0.48957235,0.604118,1
ENSG00000160712_1,2.1973877,1.73943,1
ENSG00000235169,1.7478224,0.9639766,1
ENSG00000224093,0.8967266,0.9639294,1
ENSG00000215883,2.126567,2.036461,1
ENSG00000116406,2.6438537,2.233359,1
ENSG00000163485_2,0.38223737,0.0,1
ENSG00000174606_1,2.0971186,2.412679,1
ENSG00000187017_2,0.691405,1.155014,1
ENSG00000160097_1,0.7956048,0.0,1
ENSG00000000938_1,2.1111562,2.9644623,1
ENSG00000163462_1,1.0593777,0.9384697,1
ENSG00000169641,1.8400946,2.4298153,1
ENSG00000160789_3,0.3457036,0.0,1
ENSG00000163877,2.1319237,2.5015864,1
ENSG00000132849_1,0.20180175,0.0,1
ENSG00000143185,0.1658663,3.9153345,1
ENSG00000058804,2.7001011,2.9215217,1
ENSG00000160741_1,2.6653311,2.7108238,1
ENSG00000058673,2.2650917,2.8827345,1
ENSG00000143603_1,1.4144855,2.5669687,1
ENSG00000158488,0.27305073,0.0,1
ENSG00000132688,0.9432651,1.1867586,1
ENSG00000158864_1,2.4606638,3.0928996,1
ENSG00000188822,1.6374457,0.0,1
ENSG00000153187_5,2.9489486,4.0270557,1
ENSG00000123843_1,0.29817772,0.0,1
ENSG00000175087_1,2.5450585,0.0,1
ENSG00000187223,0.222834,0.0,1
ENSG00000143442_1,1.2188349,2.5801983,1
ENSG00000117305,2.1863399,0.0,1
ENSG00000238107,1.9129996,1.5378971,1
ENSG00000196189,0.6258323,0.0,1
ENSG00000203288,1.7223747,0.0,1
ENSG00000180198_1,2.1971393,2.460206,1
ENSG00000278274,0.8362399,1.1783149,1
ENSG00000143469_1,1.858209,1.285062,1
ENSG00000162522_1,1.5261395,1.1839528,1
ENSG00000132718,1.8489532,2.4315455,1
ENSG00000196352_1,2.6669126,2.73464,1
ENSG00000185220,2.441626,1.9834414,1
ENSG00000126106,2.449038,2.1177485,1
ENSG00000160679,2.7976737,3.1503541,1
ENSG00000162391,0.680565,0.7772702,1
ENSG00000219481,1.9977713,1.6138735,1
ENSG00000116266,2.4562812,2.6209114,1
ENSG00000040487,2.444412,1.9033668,1
ENSG00000162843,0.12813647,0.0,1
ENSG00000168528_2,1.3972505,1.0986784,1
ENSG00000116396,1.9817386,1.7251681,1
ENSG00000085433,2.1017084,1.9954202,1
ENSG00000286619,1.6708536,1.47201,1
ENSG00000184144,0.8852815,1.4295585,1
ENSG00000233602,0.21600322,0.0,1
ENSG00000121900,1.8051724,1.3191268,1
ENSG00000170075,0.8662842,0.0,1
ENSG00000235942,0.21732698,0.0,1
ENSG00000154007,0.09840277,0.0,1
ENSG00000065978_1,2.4862397,2.2016702,1
ENSG00000116791,1.9046757,3.2052667,1
ENSG00000185155,1.8535604,1.3430736,1
ENSG00000273004,2.6600869,1.481987,1
ENSG00000079739,1.9897714,2.5995884,1
ENSG00000117115_1,1.3743653,1.82217,1
ENSG00000177414,0.4607119,0.0,1
ENSG00000234222,1.4865606,1.0906107,1
ENSG00000159388,2.864337,3.3426418,1
ENSG00000162460,0.56111276,0.0,1
ENSG00000168243_1,1.1776599,0.8392266,1
ENSG00000143158_2,2.5076268,2.7161453,1
ENSG00000117724,2.198105,3.1278722,1
ENSG00000227733,0.7351146,0.0,1
ENSG00000198830_1,2.3641248,1.3966004,1
ENSG00000284543,0.7512663,2.407357,1
ENSG00000197520_1,0.17895715,0.0,1
ENSG00000137996,2.3007293,3.0976112,1
ENSG00000143409_1,1.0127006,1.7960885,1
ENSG00000162522,1.9459889,1.323314,1
ENSG00000117461_1,2.8700058,2.4460135,1
ENSG00000119535,0.39670575,0.0,1
ENSG00000154027_2,0.47815913,0.0,1
ENSG00000183386_1,1.7714803,1.8483801,1
ENSG00000143502,1.8411283,0.0,1
ENSG00000223944,0.6308879,0.0,1
ENSG00000304119,1.8301263,1.3292453,1
ENSG00000134248,2.454929,3.0744836,1
ENSG00000031698,2.174451,2.2854314,1
ENSG00000162402,2.5704546,2.3900921,1
ENSG00000224977,2.309825,0.0,1
ENSG00000121753,0.76953936,0.58971506,1
ENSG00000274265_2,2.0702665,1.4416213,1
ENSG00000116544,1.8687813,1.4301234,1
ENSG00000134253,1.7774547,1.3266021,1
ENSG00000291137_1,2.431613,0.0,1
ENSG00000232265,1.023427,1.0204815,1
ENSG00000259823,0.2770378,0.99674803,1
ENSG00000183780,1.7306919,1.7078255,1
ENSG00000198837,2.368623,2.141732,1
ENSG00000162909,0.20810042,0.0,1
ENSG00000184163,1.6983418,1.2463754,1
ENSG00000074964_1,0.65794057,0.0,1
ENSG00000117419_1,2.0722423,0.0,1
ENSG00000197530_1,2.5997105,1.3919402,1
ENSG00000119280_1,1.0063022,0.81600255,1
ENSG00000288859,2.8010964,4.430246,1
ENSG00000178821,1.9178731,1.5052856,1
ENSG00000067533,1.7852497,1.8563784,1
ENSG00000117751,2.303497,2.4356964,1
ENSG00000162482,1.5500023,1.2646054,1
ENSG00000162576,0.61466926,0.0,1
ENSG00000160050,1.5622559,2.7737865,1
ENSG00000117602_1,1.845797,1.2423675,1
ENSG00000162739,1.3215005,2.9052534,1
ENSG00000231252,0.26168495,0.3938734,1
ENSG00000159023_1,2.193354,2.1205344,1
ENSG00000163348,2.853321,2.6190233,1
ENSG00000117139_2,1.5019994,2.6470678,1
ENSG00000067334,2.2225337,2.6503289,1
ENSG00000162374_2,0.23536985,0.72419393,1
ENSG00000237950,2.6985335,0.0,1
ENSG00000073756,1.1809585,1.5712312,1
ENSG00000025800,2.1626318,2.7999005,1
ENSG00000142973,0.4147126,0.0,1
ENSG00000163218,0.38750607,0.6818741,1
ENSG00000185104,2.690293,2.5609105,1
ENSG00000143819_1,0.40954173,0.0,1
ENSG00000171385_1,2.0911427,1.5837314,1
ENSG00000117308_1,2.2437158,2.2125604,1
ENSG00000143569,2.8317943,2.9303172,1
ENSG00000171488,2.5614574,2.3139937,1
ENSG00000200972,0.78876215,2.2653463,1
ENSG00000235200,0.25538123,0.0,1
ENSG00000196878,0.3100046,1.6231252,1
ENSG00000090273,2.5393956,3.4186046,1
ENSG00000116141_1,1.9649427,1.2084414,1
ENSG00000116212,2.2848396,2.5334797,1
ENSG00000143393_1,2.3608756,2.5734982,1
ENSG00000198756,1.4337374,1.5920657,1
ENSG00000117155_2,2.1899617,2.344058,1
ENSG00000162441,1.5828373,0.0,1
ENSG00000118473,0.53877854,0.0,1
ENSG00000116731,2.4822004,2.2842028,1
ENSG00000284738,2.3138452,1.845749,1
ENSG00000168264_1,2.5240831,2.2081456,1
ENSG00000185420_1,1.8824116,2.2990975,1
ENSG00000142599_2,2.393233,2.2144015,1
ENSG00000120333_1,2.3235545,2.8492498,1
ENSG00000117155_1,2.3699245,2.2776322,1
ENSG00000158828,1.8841017,1.7958522,1
ENSG00000186409,1.6142058,0.0,1
ENSG00000121310_1,1.5308406,1.6651024,1
ENSG00000174059,1.1973016,1.1668266,1
ENSG00000163216,0.099291295,0.0,1
ENSG00000185966,0.26785058,0.0,1
ENSG00000085840,2.518828,2.654032,1
ENSG00000266094_1,0.62852633,0.0,1
ENSG00000117480,1.7176949,1.3588862,1
ENSG00000162616_1,2.02298,0.0,1
ENSG00000153898,2.4206164,3.0880723,1
ENSG00000204178,1.957159,2.0222428,1
ENSG00000163874_1,1.9792008,0.0,1
ENSG00000225206_2,0.24386095,0.0,1
ENSG00000171680,1.2918711,0.0,1
ENSG00000178104,1.3951135,1.0351895,1
ENSG00000169598,2.2322702,2.0622735,1
ENSG00000215866,1.3353677,1.0024685,1
ENSG00000117318,2.4318204,3.5266325,1
ENSG00000116685,2.317374,2.6026404,1
ENSG00000143179,2.3442402,2.9899347,1
ENSG00000163374,2.730098,2.2032778,1
ENSG00000207056,0.14593671,0.0,1
ENSG00000143434,1.6226728,1.238989,1
ENSG00000182749,2.0628147,1.9838517,1
ENSG00000076321,2.0905359,2.187374,1
ENSG00000228309,0.13856177,0.0,1
ENSG00000207205,2.1912255,2.8987975,1
ENSG00000233461_1,2.4753892,1.3937296,1
ENSG00000134748,2.4576912,2.8818774,1
ENSG00000160685_1,1.7113676,1.3832767,1
ENSG00000142856,2.1756768,2.6022477,1
ENSG00000143106,2.6546884,3.3466816,1
ENSG00000198815_2,1.2127223,0.9545802,1
ENSG00000188739,2.4765086,2.7828379,1
ENSG00000116717,2.1676073,2.9312508,1
ENSG00000143149,2.4055185,2.2212813,1
ENSG00000122482_2,2.5615053,2.539578,1
ENSG00000163362,0.6528267,0.0,1
ENSG00000117505,2.844201,2.8261461,1
ENSG00000085831_1,1.4776518,0.0,1
ENSG00000173673,0.4557147,0.0,1
ENSG00000122406,2.5499017,4.19076,1
ENSG00000160714,2.894917,2.445682,1
ENSG00000116584_5,0.6020312,0.0,1
ENSG00000127483_1,2.5555806,2.383803,1
ENSG00000116747_1,2.7124853,2.828642,1
ENSG00000142677,0.33888268,0.0,1
ENSG00000143768,0.96278816,1.668521,1
ENSG00000126091_1,0.2296438,0.0,1
ENSG00000236975,0.351606,0.80716956,1
ENSG00000137960,2.7350562,0.0,1
ENSG00000234476,0.45585805,0.0,1
ENSG00000007968,2.3512,2.5830173,1
ENSG00000203963,0.44314218,0.715995,1
ENSG00000181218,2.3482175,2.4421644,1
ENSG00000186141,2.5421143,2.7768986,1
ENSG00000134183_1,1.8008289,0.0,1
ENSG00000158887_2,0.45636612,0.8613552,1
ENSG00000219073,0.25451332,0.0,1
ENSG00000143258,2.0902312,2.10598,1
ENSG00000198734,0.97344166,0.0,1
ENSG00000187048,0.43380702,0.0,1
ENSG00000212916,2.1438398,1.9221387,1
ENSG00000158195,2.8110867,3.055768,1
ENSG00000157216_2,0.27638972,0.0,1
ENSG00000083444,2.3797169,2.3708608,1
ENSG00000134242,1.797773,2.6933486,1
ENSG00000196482,0.35843605,0.0,1
ENSG00000162913,1.4740076,1.0299112,1
ENSG00000163156_1,1.4089806,0.6666958,1
ENSG00000178096,1.1559114,0.0,1
ENSG00000143196,0.22491531,0.0,1
ENSG00000183317,1.1500844,1.2851295,1
ENSG00000171729_1,1.849354,2.066773,1
ENSG00000188807,2.4072876,2.0634835,1
ENSG00000117676_2,2.2190688,0.0,1
ENSG00000143851,1.8531022,1.7752753,1
ENSG00000066294,0.9878809,2.4229558,1
ENSG00000160767,0.39025956,1.0218092,1
ENSG00000186063_1,1.8151575,0.0,1
ENSG00000203709,1.9495839,2.0497568,1
ENSG00000116981,1.6643398,1.465704,1
ENSG00000158747,0.6766208,0.86917305,1
ENSG00000041988_1,2.3573642,2.1406872,1
ENSG00000159208_1,0.707943,0.0,1
ENSG00000287396,0.42356205,0.0,1
ENSG00000231999,2.3241282,1.9245894,1
ENSG00000116161,2.4535003,2.2452657,1
ENSG00000126067,2.1990845,0.0,1
ENSG00000143390,0.47380668,0.0,1
ENSG00000155761,0.49856925,0.0,1
ENSG00000183726,2.577909,3.253849,1
ENSG00000000460,2.2646632,0.0,1
ENSG00000265241,2.5133693,3.0358257,1
ENSG00000122417,0.3670805,0.0,1
ENSG00000250719,0.3322338,0.0,1
ENSG00000232596,0.23214172,0.0,1
ENSG00000237973,2.8377805,2.7108364,1
ENSG00000248333,2.7897208,2.890132,1
ENSG00000224616,2.2276387,1.2583115,1
ENSG00000168528_1,1.4905651,1.8106155,1
ENSG00000198715_1,0.5348769,0.0,1
ENSG00000153207,2.5253158,2.6136453,1
ENSG00000069424,2.3103685,2.1910121,1
ENSG00000187815,2.0960116,1.7604451,1
ENSG00000143127,0.20697956,0.0,1
ENSG00000143319,2.5330887,2.738366,1
ENSG00000143614,2.7989902,2.9605682,1
ENSG00000285910,0.48134488,1.156034,1
ENSG00000143420_1,2.735896,3.3279757,1
ENSG00000084072,1.8017656,2.5969388,1
ENSG00000171161,2.6201339,2.5978706,1
ENSG00000122218,2.6965833,2.9426231,1
ENSG00000180488,1.4898385,2.3700948,1
ENSG00000284719,1.8405399,0.0,1
ENSG00000171608,2.2605815,3.2364566,1
ENSG00000197989,2.6365128,3.2623348,1
ENSG00000224536,2.4185674,0.0,1
ENSG00000155816_1,0.38159728,0.0,1
ENSG00000132122_2,1.4722394,1.256785,1
ENSG00000143858,1.3686137,0.0,1
ENSG00000122483,2.429463,1.7396514,1
ENSG00000176022,2.5812564,2.0126686,1
ENSG00000244094,0.09187235,0.0,1
ENSG00000284188,1.4521055,1.7211261,1
ENSG00000177301_1,1.3678986,0.0,1
ENSG00000198400,0.4799351,0.0,1
ENSG00000226419,2.7004113,2.3839588,1
ENSG00000116586,2.0669618,2.9099307,1
ENSG00000081870,2.2700791,0.0,1
ENSG00000143398,2.1935601,2.6851737,1
ENSG00000287033,2.4354777,0.0,1
ENSG00000189280,0.38894153,0.0,1
ENSG00000048707_3,0.3302676,0.0,1
ENSG00000273727,1.2639186,0.0,1
ENSG00000143774,2.9804125,3.0628188,1
ENSG00000171621,1.9606023,1.6234767,1
ENSG00000196420,0.35910696,0.86911434,1
ENSG00000120656,2.7987187,2.6915095,1
ENSG00000287445,1.7927291,1.0717385,1
ENSG00000163479_1,1.7849581,3.0602672,1
ENSG00000143155,2.612865,1.824939,1
ENSG00000092621,1.1837392,2.608739,1
ENSG00000116251_2,1.8776721,1.4911796,1
ENSG00000171729,0.8020916,0.76520646,1
ENSG00000198758,0.68356615,0.0,1
ENSG00000160741,0.40631175,0.0,1
ENSG00000183114,1.3155501,1.1418573,1
ENSG00000269713,1.9385927,2.0044074,1
ENSG00000186094,1.0745344,0.0,1
ENSG00000162591,1.8031417,1.3966352,1
ENSG00000134375,2.5660648,0.0,1
ENSG00000184677,2.1142209,2.4428654,1
ENSG00000117226,0.58303744,1.722206,1
ENSG00000117411,2.1578872,2.2170758,1
ENSG00000282143,1.1969867,1.1995633,1
ENSG00000162735,0.5052978,0.0,1
ENSG00000137936,0.25639337,0.0,1
ENSG00000132768,1.8024249,2.5376077,1
ENSG00000049239,2.5363398,2.104726,1
ENSG00000270106,2.595518,0.0,1
ENSG00000197056,2.0128727,1.7644153,1
ENSG00000004487,2.5310488,3.0676138,1
ENSG00000186205,1.8301477,1.5026183,1
ENSG00000236021,2.7150395,1.7983744,1
ENSG00000117614,2.427205,3.1899364,1
ENSG00000186007_1,0.64948887,0.0,1
ENSG00000186603,1.9718766,2.1789596,1
ENSG00000176256,0.13550508,0.59328604,1
ENSG00000117215,0.4872225,0.0,1
ENSG00000163866,2.092492,0.0,1
ENSG00000180667_1,1.1552985,0.0,1
ENSG00000291234,1.125522,0.0,1
ENSG00000143842,1.349129,1.5158871,1
ENSG00000252135,0.20246921,0.7502306,1
ENSG00000162493_1,1.1684012,0.0,1
ENSG00000117419,0.19926472,0.0,1
ENSG00000004455_1,1.2306894,0.0,1
ENSG00000097021_3,2.525411,2.3336487,1
ENSG00000177301_2,1.7887542,1.7227162,1
ENSG00000215808,0.17211115,0.0,1
ENSG00000223956,0.12474342,0.0,1
ENSG00000118729,0.22085707,0.0,1
ENSG00000117385,2.450645,2.018301,1
ENSG00000120942,2.4144905,2.7220478,1
ENSG00000134371,2.6981652,2.8388875,1
ENSG00000132692,1.5897946,1.7712493,1
ENSG00000067606_1,0.5207049,0.0,1
ENSG00000173171_1,2.1130195,2.5587914,1
ENSG00000066136_2,1.7595258,0.0,1
ENSG00000174827,0.3996026,0.5553726,1
ENSG00000064703_1,2.661037,2.656491,1
ENSG00000116459,2.0307813,2.7433412,1
ENSG00000116191,2.0662658,1.8536191,1
ENSG00000117748,2.770309,2.9455996,1
ENSG00000280670,1.9298849,0.0,1
ENSG00000142583_1,1.2159519,0.0,1
ENSG00000264522,2.2144308,2.0359738,1
ENSG00000049247,0.14964254,0.0,1
ENSG00000185630_1,0.44775254,0.0,1
ENSG00000162894,2.074829,2.9897332,1
ENSG00000121933_1,0.18086885,0.0,1
ENSG00000180287,0.18278235,0.0,1
ENSG00000117691,2.0637357,2.4653025,1
ENSG00000169403,1.3573484,3.066341,1
ENSG00000116962,2.2729747,1.8075148,1
ENSG00000117152,0.21142246,0.0,1
ENSG00000162607,2.8785462,2.8188195,1
ENSG00000143006,1.0027819,1.2075806,1
ENSG00000088035,2.1635423,0.0,1
ENSG00000163485_1,0.94514203,1.1904718,1
ENSG00000244020,0.8843348,0.9113281,1
ENSG00000203811,2.6939454,3.0841758,1
ENSG00000143493,2.773789,2.4881048,1
ENSG00000236963_2,0.2537979,0.0,1
ENSG00000134186,2.4914422,2.9747374,1
ENSG00000189334,0.6427358,0.0,1
ENSG00000160058,2.241528,2.261082,1
ENSG00000132906,2.4172018,0.0,1
ENSG00000125462_1,1.4374087,1.0544828,1
ENSG00000142700,1.2974122,1.3101813,1
ENSG00000116584_4,1.0190693,0.0,1
ENSG00000122482_1,2.8461003,2.451172,1
ENSG00000171793,2.4112303,2.9075403,1
ENSG00000236427_1,0.19741563,0.0,1
ENSG00000131686,0.31838143,0.0,1
ENSG00000142959,0.43960047,0.0,1
ENSG00000116539,2.845715,2.3948894,1
ENSG00000117758,2.7789733,2.3386736,1
ENSG00000143079,2.076105,2.3286037,1
ENSG00000143153_2,0.30143344,0.0,1
ENSG00000117586,0.3824846,2.6348197,1
ENSG00000203709_1,2.3295453,1.7922025,1
ENSG00000143337_1,2.7625203,1.8259451,1
ENSG00000267272,1.4006106,1.1550535,1
ENSG00000143190,2.4031677,2.5049098,1
ENSG00000253313,0.50687104,0.0,1
ENSG00000162894_1,2.2988653,2.161476,1
ENSG00000162641_1,0.14753515,0.0,1
ENSG00000168275,2.655562,3.0227458,1
ENSG00000162946,1.5824052,0.96085113,1
ENSG00000213190,0.7938532,1.9156584,1
ENSG00000162378,2.0232797,2.3225956,1
ENSG00000291141,1.4640396,1.6110538,1
ENSG00000116983,1.400975,0.0,1
ENSG00000143384,2.8307433,3.1606336,1
ENSG00000184588,1.5359136,1.523187,1
ENSG00000287338,0.25331026,0.7320961,1
ENSG00000011009,2.035137,2.279546,1
ENSG00000134243_1,1.9563062,2.0278957,1
ENSG00000142583_3,0.3764341,0.0,1
ENSG00000159588,0.4023884,0.0,1
ENSG00000171824,2.260234,3.0030985,1
ENSG00000199377,2.1936839,4.507385,1
ENSG00000143469,0.17921604,0.0,1
ENSG00000134193,0.16151695,0.0,1
ENSG00000224870,2.6269207,2.1965299,1
ENSG00000117632_2,2.018178,3.525199,1
ENSG00000162517,2.7236297,2.9104066,1
ENSG00000291158_3,2.1930287,1.8041872,1
ENSG00000134644,2.4499745,0.0,1
ENSG00000135747,2.0223503,1.9024429,1
ENSG00000117139,0.16981895,0.47259557,1
ENSG00000135838,1.7524252,0.0,1
ENSG00000127124_2,0.39247823,0.0,1
ENSG00000133063,0.31332892,0.0,1
ENSG00000244038,2.470108,2.9782107,1
ENSG00000143375,1.6054239,1.0801103,1
ENSG00000133019_2,0.17689067,0.0,1
ENSG00000143753_1,2.5421,1.2568139,1
ENSG00000117676_1,1.7737176,1.3031528,1
ENSG00000187017,1.9593673,1.7453558,1
ENSG00000226067_1,2.13391,1.1499884,1
ENSG00000117616_1,2.636703,2.7379348,1
ENSG00000116138,2.34894,2.0989861,1
ENSG00000178104_2,0.69459206,0.0,1
ENSG00000175984,1.5707446,0.77246106,1
ENSG00000143674,1.7807902,1.0430084,1
ENSG00000269934,1.3815594,0.8071425,1
ENSG00000158014,1.8171054,1.3564408,1
ENSG00000117475_1,1.7943394,1.7344813,1
ENSG00000270722,2.0159478,3.4158745,1
ENSG00000162692,0.49043167,0.0,1
ENSG00000116584_1,2.5177708,1.5021812,1
ENSG00000155363,2.3785896,1.1995083,1
ENSG00000187801_1,2.2986522,0.9368152,1
ENSG00000116299,1.4249386,0.0,1
ENSG00000156171,1.3631129,2.5639472,1
ENSG00000163349,1.9840028,2.5565317,1
ENSG00000162694_1,1.4441175,2.5721395,1
ENSG00000127124_1,0.47005868,0.63813967,1
ENSG00000081692,2.3665686,0.0,1
ENSG00000142676,2.4079123,0.0,1
ENSG00000159166_1,1.498146,1.0094934,1
ENSG00000234694,2.2472677,1.5119195,1
ENSG00000162877,0.8060954,0.81372106,1
ENSG00000142920,1.4390526,0.9865478,1
ENSG00000157193_1,2.480395,2.7676752,1
ENSG00000162433_1,2.053901,1.9880285,1
ENSG00000163352,0.59647864,0.8861578,1
ENSG00000158008,0.82266265,0.9368152,1
ENSG00000232537,0.29719448,0.0,1
ENSG00000173728,0.40223205,0.0,1
ENSG00000185420,0.4041415,0.0,1
ENSG00000221986,0.5892512,0.0,1
ENSG00000116670,2.165373,2.225348,1
ENSG00000203852,2.4299674,3.7737339,1
ENSG00000176393_1,1.4777297,0.0,1
ENSG00000142910,0.65823394,0.8266578,1
ENSG00000177628_2,2.4396276,0.0,1
ENSG00000126091,2.762108,2.172016,1
ENSG00000162419,2.8401923,2.2378705,1
ENSG00000159164,0.8265942,0.0,1
ENSG00000180198,2.2565618,4.0805798,1
ENSG00000189171,0.41154885,0.0,1
ENSG00000159516,0.12511037,0.0,1
ENSG00000149527,1.0622422,0.9060925,1
ENSG00000117281,0.26493424,0.0,1
ENSG00000142973_1,0.27415264,0.0,1
ENSG00000225675,2.234942,1.4410506,1
ENSG00000235545,2.3401313,0.0,1
ENSG00000137975,0.15752107,0.0,1
ENSG00000287587,1.9367474,1.078906,1
ENSG00000291068,2.567551,1.9559474,1
ENSG00000163041,2.7246623,3.7494226,1
ENSG00000203786,0.1912558,0.0,1
ENSG00000163050,2.636427,1.9958282,1
ENSG00000225767,1.0398791,0.78899515,1
ENSG00000023902,2.5170166,2.688829,1
ENSG00000143153_1,2.0692413,2.4354987,1
ENSG00000171680_5,1.670092,1.2415042,1
ENSG00000213088,0.35068434,0.0,1
ENSG00000168243,1.7462895,1.3701243,1
ENSG00000116580,1.909327,2.4530935,1
ENSG00000142623,0.39237994,0.0,1
ENSG00000162688_1,0.46525842,0.7936249,1
ENSG00000117543,2.2136254,0.0,1
ENSG00000196418,0.16758092,0.0,1
ENSG00000213625,2.595622,2.3214328,1
ENSG00000117682,2.215052,2.047045,1
ENSG00000162496,1.0752575,1.171785,1
ENSG00000236810,2.2406974,1.8333766,1
ENSG00000282843,0.2966264,0.0,1
ENSG00000227006,0.27547878,0.0,1
ENSG00000143578_1,1.8558824,0.0,1
ENSG00000168528,0.19261663,0.0,1
ENSG00000153187_3,2.2928627,2.026288,1
ENSG00000225206_1,1.258887,2.0290468,1
ENSG00000158711,2.8989582,2.2383723,1
ENSG00000118200,2.2978866,2.1607566,1
ENSG00000143224,2.041798,1.838978,1
ENSG00000272031,2.1237326,1.4582449,1
ENSG00000092969,0.4697184,0.0,1
ENSG00000233461,2.208981,0.64794993,1
ENSG00000143382,1.6668872,0.0,1
ENSG00000171793_1,2.6294093,1.5521204,1
ENSG00000026751,1.6442262,3.2565253,1
ENSG00000075945,2.4451408,3.1910455,1
ENSG00000162551,1.5489851,1.5975306,1
ENSG00000117479,2.3884127,2.0131617,1
ENSG00000152763_1,2.454038,0.0,1
ENSG00000000457,2.8392937,2.3725235,1
ENSG00000152332,2.1489067,2.8821783,1
ENSG00000203747,0.27481443,0.0,1
ENSG00000162383_1,0.44512093,0.802678,1
ENSG00000153363,2.4895446,2.5497265,1
ENSG00000162413,2.3688755,2.0805542,1
ENSG00000177000,0.3669685,0.0,1
ENSG00000224609,1.660692,0.0,1
ENSG00000274265,2.1800764,1.8414596,1
ENSG00000097096,1.9269352,1.3564657,1
ENSG00000117500,2.865106,2.8508434,1
ENSG00000120948,2.5335603,3.2081563,1
ENSG00000198912,2.7753997,2.665246,1
ENSG00000076864_1,1.7324333,1.3938208,1
ENSG00000173207,2.9209023,3.0630443,1
ENSG00000215915,1.4552879,1.7633755,1
ENSG00000143126,1.7573261,1.4072549,1
ENSG00000183888,0.38738364,0.0,1
ENSG00000143514_1,0.14858784,0.92510575,1
ENSG00000049089_1,1.5523198,1.2020876,1
ENSG00000185519,1.6643629,1.4166905,1
ENSG00000285184,2.3746276,1.7985609,1
ENSG00000116688_2,2.490005,0.0,1
ENSG00000198797,0.9595391,1.7232931,1
ENSG00000143590,1.603644,1.8367734,1
ENSG00000122435,2.244062,2.4945483,1
ENSG00000187889,0.47367102,0.0,1
ENSG00000162592,0.5460537,0.0,1
ENSG00000197245,0.30806577,0.0,1
ENSG00000228126,2.1063638,0.0,1
ENSG00000134369,1.7100477,1.4083927,1
ENSG00000116668,2.0970786,1.4729465,1
ENSG00000173627,0.49838978,0.0,1
ENSG00000135744,0.4180832,0.0,1
ENSG00000197915,0.13131393,0.60762656,1
ENSG00000196187_2,2.0476618,2.3410347,1
ENSG00000067704,2.1716952,2.9384112,1
ENSG00000279430,1.5941944,0.96703756,1
ENSG00000134686_1,1.7888118,1.4636691,1
ENSG00000184270,2.7834644,3.5729365,1
ENSG00000137948,0.7674329,0.0,1
ENSG00000179456,0.44769686,0.0,1
ENSG00000226251,2.3731425,1.3966004,1
ENSG00000134258,0.6754295,0.0,1
ENSG00000117448,2.5192885,2.959089,1
ENSG00000120948_1,0.22608294,0.0,1
ENSG00000065978,2.6164281,4.078283,1
ENSG00000132881,2.2271488,0.0,1
ENSG00000225880,2.493164,2.0101302,1
ENSG00000143013,2.4525552,2.5784993,1
ENSG00000188257,0.19614665,0.0,1
ENSG00000198842,0.26733732,0.0,1
ENSG00000207475,0.33025998,0.0,1
ENSG00000142949,0.41518432,0.0,1
ENSG00000186973,0.80147696,0.0,1
ENSG00000142661_1,0.568672,0.0,1
ENSG00000168159,2.765214,2.837355,1
ENSG00000082497,1.7150655,1.4369097,1
ENSG00000143761,2.914944,3.47242,1
ENSG00000154309,1.8495486,0.0,1
ENSG00000183520,2.3796687,3.064368,1
ENSG00000143627_1,0.2719918,0.0,1
ENSG00000143761_1,2.5623982,1.290969,1
ENSG00000168118,1.9379846,2.281129,1
ENSG00000122484,2.4436462,2.5335991,1
ENSG00000222009_1,1.1089622,0.0,1
ENSG00000048707_2,0.18784283,0.0,1
ENSG00000116641,2.4863224,2.08743,1
ENSG00000116205,2.574281,2.3582356,1
ENSG00000188529,3.095993,3.3788865,1
ENSG00000162755,2.1118326,1.2953031,1
ENSG00000232113,0.12206285,0.0,1
ENSG00000048707_1,0.6298864,0.0,1
ENSG00000162599_2,1.666217,1.3693643,1
ENSG00000143367,1.7444539,1.2496141,1
ENSG00000215853,0.15121584,0.0,1
ENSG00000162545_1,1.3181117,1.2231584,1
ENSG00000236719,0.45666522,0.0,1
ENSG00000117266,1.16587,1.7270367,1
ENSG00000131238,1.7753589,2.8998358,1
ENSG00000007908,0.18688284,0.0,1
ENSG00000076258,0.7738593,0.0,1
ENSG00000116337_2,1.9937844,1.8725584,1
ENSG00000187010,0.274266,0.0,1
ENSG00000233079,0.16406165,0.0,1
ENSG00000287839,0.5285054,0.0,1
ENSG00000134744,2.296856,2.3713782,1
ENSG00000121446,0.14889489,0.0,1
ENSG00000176083,0.29396105,0.0,1
ENSG00000162543,0.9284197,0.0,1
ENSG00000142798,0.20922135,0.5180926,1
ENSG00000230285,0.2358699,0.95927995,1
ENSG00000272205,2.3344998,1.6934631,1
ENSG00000154027_3,1.3928154,0.0,1
ENSG00000175137,2.3589525,1.4044368,1
ENSG00000116898,2.3560295,3.066829,1
ENSG00000162366,0.8486822,1.2291185,1
ENSG00000116350,3.0946717,2.9971542,1
ENSG00000173614,2.3866377,0.0,1
ENSG00000184908,0.64059126,0.91826314,1
ENSG00000178104_3,0.73642594,0.7981532,1
ENSG00000123472,0.17752783,0.0,1
ENSG00000221040,0.20725365,0.0,1
ENSG00000143603,1.8064973,0.0,1
ENSG00000163565_1,1.8197037,2.8200483,1
ENSG00000143537,2.049457,0.0,1
ENSG00000142657_2,1.8251013,0.0,1
ENSG00000274210,3.080721,3.1989264,1
ENSG00000153187_4,2.801848,3.0035036,1
ENSG00000143337,1.8606129,1.3538586,1
ENSG00000158716,1.8373715,1.5061667,1
ENSG00000035687,2.6936777,2.9707508,1
ENSG00000075151,2.3600864,2.3004932,1
ENSG00000159214,1.7520334,1.5132443,1
ENSG00000202031,0.644572,1.5291479,1
ENSG00000118193,2.1980686,2.3984382,1
ENSG00000116157,1.98788,1.7455978,1
ENSG00000197084,0.232397,0.0,1
ENSG00000181773,1.7672235,1.5114743,1
ENSG00000116459_1,2.3866985,3.5720568,1
ENSG00000160685,1.6913182,1.9938328,1
ENSG00000291138,0.36088192,0.0,1
ENSG00000198952,2.6798954,2.8562272,1
ENSG00000176092,0.5160084,0.0,1
ENSG00000132780,2.3552928,3.592088,1
ENSG00000077254,2.1199038,2.4914892,1
ENSG00000169213,1.4120499,0.9267539,1
ENSG00000117523_1,0.16647103,0.0,1
ENSG00000162595,0.5616829,1.0765203,1
ENSG00000136630,1.5525489,1.4737934,1
ENSG00000160753_1,2.2037792,1.6288486,1
ENSG00000253304,1.21609,0.94657016,1
ENSG00000123836,0.14631121,0.0,1
ENSG00000184007_1,2.2394733,1.4107097,1
ENSG00000231246,0.21658553,0.0,1
ENSG00000229344,2.118398,3.9164224,1
ENSG00000070785,1.8498266,0.0,1
ENSG00000134255,1.653069,2.460883,1
ENSG00000054118,2.9586015,3.2161288,1
ENSG00000175087,2.2695746,1.4368144,1
ENSG00000142657_1,2.122498,1.1356541,1
ENSG00000162923_1,0.23459907,0.0,1
ENSG00000143507,0.5137736,0.0,1
ENSG00000027644,1.1415361,1.1164616,1
ENSG00000197568,2.4908478,2.1178775,1
ENSG00000117533,2.4757304,2.2455819,1
ENSG00000126088,1.4972848,0.0,1
ENSG00000143315,1.9685807,2.09072,1
ENSG00000136643,2.0777524,2.3331912,1
ENSG00000117118_1,2.2286694,3.2154815,1
ENSG00000136631_1,2.3261037,0.0,1
ENSG00000268043,1.9763317,2.0617917,1
ENSG00000119285,2.0474358,0.0,1
ENSG00000134183,0.22547363,0.0,1
ENSG00000121905_1,1.5365136,1.0656544,1
ENSG00000142794,1.8296137,1.8468008,1
ENSG00000153187_1,0.66201645,0.0,1
ENSG00000116678,1.5119002,0.9716469,1
ENSG00000130939,2.4633746,2.4635198,1
ENSG00000132122,0.15945716,0.0,1
ENSG00000198860,2.2890244,2.2713444,1
ENSG00000143498,1.9415615,2.329644,1
ENSG00000233396,1.7557772,0.0,1
ENSG00000224259_1,0.20781781,0.0,1
ENSG00000143322,0.18347271,0.0,1
ENSG00000142937,2.7455912,3.3731768,1
ENSG00000143643,2.625339,2.3434618,1
ENSG00000066056,0.26916987,0.0,1
ENSG00000196505,2.2356813,2.0749261,1
ENSG00000116882,0.14955842,0.0,1
ENSG00000143376,1.9570923,2.3296216,1
ENSG00000169291,1.7821794,1.0975002,1
ENSG00000168264,1.7120157,2.399248,1
ENSG00000152061_1,0.16280316,0.0,1
ENSG00000238287,1.968811,0.0,1
ENSG00000230937,0.21760829,2.436282,1
ENSG00000163874,2.5133758,2.35858,1
ENSG00000260971,0.21364813,0.0,1
ENSG00000154380_1,1.835673,1.3700614,1
ENSG00000117650,2.1345296,2.6254802,1
ENSG00000117133,1.8429048,2.962863,1
ENSG00000132185,1.8481858,2.8650613,1
ENSG00000116288,2.7640114,3.096385,1
ENSG00000222650,0.19634202,2.0581753,1
ENSG00000163518,0.5159398,0.0,1
ENSG00000162385,2.1317825,0.0,1
ENSG00000196407,0.39422035,0.0,1
ENSG00000197959_1,0.12350565,0.0,1
ENSG00000181036,0.38395238,0.0,1
ENSG00000143252,2.087211,0.0,1
ENSG00000132676,1.724482,1.9291021,1
ENSG00000163909,1.7119601,0.9449266,1
ENSG00000275291,1.6117663,0.0,1
ENSG00000132781_2,2.504668,2.4555757,1
ENSG00000134717,2.6187828,3.0656283,1
ENSG00000158864,0.6191304,0.0,1
ENSG00000225265,1.9854217,1.6607801,1
ENSG00000159592,2.609909,0.0,1
ENSG00000286071_1,0.15396942,0.0,1
ENSG00000215835,0.35569173,2.687536,1
ENSG00000159173_1,0.4030621,0.0,1
ENSG00000291158_1,2.1604667,2.4979932,1
ENSG00000143036_1,1.4746177,0.0,1
ENSG00000263528,1.6418285,2.3836772,1
ENSG00000188910_1,0.45793456,0.0,1
ENSG00000214193,1.6641995,1.1609485,1
ENSG00000186056,2.66137,1.7264909,1
ENSG00000143257_1,0.30687314,0.0,1
ENSG00000186283,2.431106,2.6561422,1
ENSG00000036549,0.1636288,0.0,1
ENSG00000117450,2.5618124,3.76979,1
ENSG00000290592,0.58321,0.8392894,1
ENSG00000092978,1.860411,0.0,1
ENSG00000300262,2.5726838,1.6004502,1
ENSG00000286071,0.138288,0.0,1
ENSG00000149527_1,0.7825279,0.0,1
ENSG00000204138_1,0.5518653,0.0,1
ENSG00000233290_1,0.12704869,0.0,1
ENSG00000157330,0.21387564,0.0,1
ENSG00000230489,1.1029785,1.0066799,1
ENSG00000162763,0.35583276,0.63162637,1
ENSG00000183155,2.663558,2.5343091,1
ENSG00000171722,0.21646978,0.0,1
ENSG00000116809,2.053745,2.4759035,1
ENSG00000142609_1,1.1865549,0.7132225,1
ENSG00000160710,2.8862562,3.0776985,1
ENSG00000130770,2.7306695,3.704522,1
ENSG00000239887,0.32923365,0.0,1
ENSG00000126705,2.009255,2.3421462,1
ENSG00000197965,2.4642406,2.551995,1
ENSG00000159173_2,0.8039943,0.0,1
ENSG00000290592_1,0.61339617,0.0,1
ENSG00000143303_1,2.4120922,1.2110671,1
ENSG00000118217,1.9472558,2.760197,1
ENSG00000143740,1.6979266,0.9199824,1
ENSG00000232284,0.26752806,0.0,1
ENSG00000163374_1,2.5824409,2.508112,1
ENSG00000143369,0.3658024,0.0,1
ENSG00000179051,2.4865031,3.124501,1
ENSG00000132704,0.27456856,2.118906,1
ENSG00000206680,0.22658707,2.178577,1
ENSG00000117450_1,0.25875247,0.0,1
ENSG00000171680_4,0.53079075,0.8048887,1
ENSG00000143772,1.3235433,2.2266128,1
ENSG00000116209,2.6107469,2.7272582,1
ENSG00000243480,0.1297667,0.6574479,1
ENSG00000160785,2.3523073,2.572932,1
ENSG00000130766,2.0416431,2.2074673,1
ENSG00000091483,2.3973203,3.1660094,1
ENSG00000123689,1.4505229,2.2534542,1
ENSG00000173218,2.0020814,1.8426716,1
ENSG00000240021,0.43144536,0.0,1
ENSG00000171812,1.7113882,0.0,1
ENSG00000127125,2.8220115,2.6505377,1
ENSG00000142583,2.2667675,0.0,1
ENSG00000142619,0.47881162,0.8633645,1
ENSG00000226067,1.9492285,0.0,1
ENSG00000290683,2.247088,2.8724248,1
ENSG00000204084,2.252459,2.4504185,1
ENSG00000198929_1,0.608771,0.9685763,1
ENSG00000233008_1,0.93009907,0.0,1
ENSG00000183831,0.7672889,0.7268657,1
ENSG00000160051,1.7557638,1.690243,1
ENSG00000116745,0.1729737,0.0,1
ENSG00000123684,2.3341317,2.4811988,1
ENSG00000130940,1.5363774,1.5193028,1
ENSG00000162688,2.1261554,0.0,1
ENSG00000162769,2.5792537,2.4394748,1
ENSG00000163875,2.4808476,2.921663,1
ENSG00000222046,0.47438407,0.0,1
ENSG00000010072,2.3219352,1.7106842,1
ENSG00000169469,0.11564015,0.0,1
ENSG00000238142,0.9318928,0.75528014,1
ENSG00000162852,2.6057267,2.3421462,1
ENSG00000203667,2.6818397,3.1821206,1
ENSG00000153904,1.7754418,1.7772093,1
ENSG00000228526_2,1.458598,1.6676135,1
ENSG00000143761_2,0.45666248,0.0,1
ENSG00000021852,0.16579123,0.0,1
ENSG00000230628,0.9559917,0.0,1
ENSG00000230124,2.6659715,2.468628,1
ENSG00000169962,0.7585029,0.0,1
ENSG00000117707_2,0.45134163,0.0,1
ENSG00000162851,2.4318192,2.734479,1
ENSG00000154370,2.3243046,2.529158,1
ENSG00000197780,2.1241732,2.8179445,1
ENSG00000143355_1,0.54404336,0.0,1
ENSG00000143365,0.62799925,0.7399756,1
ENSG00000143556,0.27703172,0.0,1
ENSG00000162620,1.8127279,1.4000024,1
ENSG00000229588,0.97885233,1.1764386,1
ENSG00000229989_1,1.0367715,0.0,1
ENSG00000184007_2,3.028276,3.5611086,1
ENSG00000203910,1.0290071,0.91305053,1
ENSG00000235527,1.7405279,0.75281644,1
ENSG00000077157,2.1975436,2.04159,1
ENSG00000116704,2.1925373,1.9985427,1
ENSG00000117222,2.6651173,2.4664643,1
ENSG00000204219,1.3300388,1.0940937,1
ENSG00000116985,2.06069,2.0785294,1
ENSG00000162736_1,0.27546716,0.7912695,1
ENSG00000077157_1,0.18716605,0.0,1
ENSG00000162490,1.7613993,1.2488312,1
ENSG00000117298,0.4706059,1.2224563,1
ENSG00000143409,1.0566326,0.0,1
ENSG00000117408,2.6589956,2.3300524,1
ENSG00000060656_1,0.71153444,0.0,1
ENSG00000158473,0.9897781,1.6277856,1
ENSG00000116199,2.2533174,2.193959,1
ENSG00000081248,0.35333252,0.0,1
ENSG00000034971,0.5173114,0.0,1
ENSG00000162923,2.1980982,2.9410243,1
ENSG00000180758,2.2042556,1.5659304,1
ENSG00000198483,0.8234175,0.0,1
ENSG00000152092,1.293526,1.1418573,1
ENSG00000162889,2.0134466,2.4791577,1
ENSG00000116885,2.171776,0.0,1
ENSG00000240386,0.2236522,0.0,1
ENSG00000160783,2.582767,2.9131248,1
ENSG00000133059,2.217672,1.674264,1
ENSG00000168264_2,2.6486602,3.2787879,1
ENSG00000184588_5,0.28324044,0.67584246,1
ENSG00000187642,0.80984217,0.0,1
ENSG00000069275,2.51215,2.9657927,1
ENSG00000143376_1,2.2365146,1.8191885,1
ENSG00000158874_1,0.35068828,1.2206049,1
ENSG00000137936_2,1.7208407,2.0462103,1
ENSG00000123836_1,1.7599229,0.0,1
ENSG00000198892,1.3174584,1.1087679,1
ENSG00000290525,0.19338557,0.0,1
ENSG00000159348,1.9584217,1.9294547,1
ENSG00000143546,0.27681953,0.0,1
ENSG00000143195,1.9945784,1.5463872,1
ENSG00000143248,0.1922984,0.0,1
ENSG00000117697,2.4322536,2.6652489,1
ENSG00000134255_1,2.9333203,2.8750439,1
ENSG00000280587_1,0.5255857,0.8224296,1
ENSG00000188060,1.616951,0.0,1
ENSG00000143436,2.165904,2.997733,1
ENSG00000230138,0.9570715,0.0,1
ENSG00000117360,2.3682265,2.7807896,1
ENSG00000158286,2.2558742,2.0263944,1
ENSG00000117593,2.607709,2.9188688,1
ENSG00000125944,2.561273,3.3358288,1
ENSG00000173372_1,0.35763043,0.0,1
ENSG00000160818,1.8157954,0.0,1
ENSG00000186827,1.1368902,2.0231743,1
ENSG00000197956,1.4582524,0.0,1
ENSG00000132681,0.46359736,0.0,1
ENSG00000215717,2.2920985,2.3821216,1
ENSG00000081019_1,2.4711995,2.5041173,1
ENSG00000134369_1,1.3072643,1.2599521,1
ENSG00000284668,0.60717684,0.70488805,1
ENSG00000171960,2.1227822,2.7005825,1
ENSG00000174502,0.3903185,1.0150453,1
ENSG00000116754,2.490735,2.82122,1
ENSG00000118194,0.44711566,0.0,1
ENSG00000185946,2.3965263,2.6608882,1
ENSG00000236546,0.53198415,0.0,1
ENSG00000116649,2.7048154,3.056783,1
ENSG00000196182,2.8962352,2.01127,1
ENSG00000233621,2.299016,0.0,1
ENSG00000116991,1.973589,1.4284264,1
ENSG00000162711,0.72662264,1.6542189,1
ENSG00000116703,0.16676672,0.0,1
ENSG00000188770,0.29280335,0.0,1
ENSG00000163209,0.10889444,0.0,1
ENSG00000198771,2.6277463,2.7140472,1
ENSG00000066185_1,2.124227,1.3450207,1
ENSG00000185668,2.013006,2.386142,1
ENSG00000237728,0.48815686,0.0,1
ENSG00000142875_4,0.14984646,0.0,1
ENSG00000097021_1,0.6138255,0.0,1
ENSG00000131791,2.4675386,1.9750594,1
ENSG00000230426_1,0.11976813,0.0,1
ENSG00000163362_1,0.4767105,1.3463138,1
ENSG00000117395,2.1494012,3.229999,1
ENSG00000085465_1,0.18688914,0.0,1
ENSG00000162377,2.1239142,2.294197,1
ENSG00000160691,0.32598376,0.0,1
ENSG00000117308,0.81289595,0.0,1
ENSG00000116260,2.4564414,2.773507,1
ENSG00000160710_2,2.487968,0.8989116,1
ENSG00000054392_2,2.1101687,0.0,1
ENSG00000143390_2,2.7345996,2.6576676,1
ENSG00000284657,2.217435,1.8990705,1
ENSG00000127603_2,1.6155457,2.5661192,1
ENSG00000072694,1.3316185,0.0,1
ENSG00000162520,1.5692644,0.0,1
ENSG00000137960_1,1.3713007,1.38144,1
ENSG00000202444,2.4414277,0.0,1
ENSG00000227733_1,0.6705763,0.5671323,1
ENSG00000230426,0.6196058,0.0,1
ENSG00000162438,0.26291984,0.0,1
ENSG00000054116,2.7456684,2.690699,1
ENSG00000116337_4,1.0820258,0.7913116,1
ENSG00000227290,0.28613567,0.0,1
ENSG00000162728,0.3230459,0.0,1
ENSG00000189195,0.8247295,1.0871422,1
ENSG00000116237,2.565864,2.6061814,1
ENSG00000183856,1.1585481,1.6814493,1
ENSG00000143815,2.5760207,3.0412347,1
ENSG00000122176,0.28955364,0.0,1
ENSG00000265972,1.8814592,2.3401744,1
ENSG00000196660,1.5771861,1.1726321,1
ENSG00000143416,0.41610473,0.0,1
ENSG00000078900_1,0.65555406,0.8824107,1
ENSG00000131236,2.7131062,1.5669675,1
ENSG00000171786,0.51196116,0.0,1
ENSG00000156150_1,1.4116075,1.248836,1
ENSG00000181036_1,0.33288765,0.0,1
ENSG00000187554,1.6086999,1.8559963,1
ENSG00000196754_1,0.6513358,0.0,1
ENSG00000197312,2.746108,2.6453536,1
ENSG00000179397,1.9559665,0.0,1
ENSG00000228044,0.2366416,0.0,1
ENSG00000197747_1,1.5692203,1.3942765,1
ENSG00000203814,2.2572975,4.2237372,1
ENSG00000134198,1.5242329,1.2040114,1
ENSG00000152078,1.7946984,1.4101189,1
ENSG00000143198,2.2154477,0.0,1
ENSG00000116218,1.5321327,1.4856917,1
ENSG00000158315,0.81205314,0.0,1
ENSG00000155366,2.19978,0.0,1
ENSG00000159377,2.1935399,2.9886026,1
ENSG00000086619,2.6426332,2.6061566,1
ENSG00000142864,2.9418557,3.8623426,1
ENSG00000206585,2.0126636,2.9060915,1
ENSG00000074964,1.9452971,1.7735816,1
ENSG00000162616,2.9816656,1.9645425,1
ENSG00000135837,2.8342505,2.5089066,1
ENSG00000064886,0.40542102,0.0,1
ENSG00000197959,1.9016349,1.5034775,1
ENSG00000143314,2.4376707,2.6150322,1
ENSG00000154222,2.566423,2.0615127,1
ENSG00000122483_1,2.651719,2.3961155,1
ENSG00000116786,2.422699,2.3707333,1
ENSG00000160691_3,2.5440166,2.3868787,1
ENSG00000180999,0.1819165,0.0,1
ENSG00000227043,0.15225026,0.0,1
ENSG00000159423,2.3509374,2.08152,1
ENSG00000184588_3,0.21705537,0.0,1
ENSG00000116874_1,2.8448043,2.855713,1
ENSG00000162896,0.6352623,1.0052663,1
ENSG00000142867,2.9140906,2.7817626,1
ENSG00000134215,0.13908161,0.0,1
ENSG00000132128_1,1.9406359,2.525063,1
ENSG00000162639,2.2975829,0.0,1
ENSG00000143520,0.11015619,0.0,1
ENSG00000116353,2.100157,2.482675,1
ENSG00000143355,0.53310996,0.0,1
ENSG00000196187_1,0.65528315,0.0,1
ENSG00000133069_2,0.4014609,0.0,1
ENSG00000235358,2.276796,1.2901905,1
ENSG00000162825,1.9514112,0.0,1
ENSG00000127603_1,0.9331156,1.5715947,1
ENSG00000169509,0.20196156,0.0,1
ENSG00000116698,2.7502072,2.570718,1
ENSG00000088280,0.6242037,0.0,1
ENSG00000117298_2,0.2841798,0.9894943,1
ENSG00000142675,0.6506038,0.0,1
ENSG00000047410,2.7716115,3.101977,1
ENSG00000222222,0.8428377,0.0,1
ENSG00000143499,2.4601815,2.0640085,1
ENSG00000054267_1,2.4537878,2.5470617,1
ENSG00000163206,0.20248558,0.0,1
ENSG00000143324,2.165225,2.3833396,1
ENSG00000117000,2.3456092,2.3443804,1
ENSG00000162493_2,0.4353031,0.75276273,1
ENSG00000122482,2.4225628,1.5735736,1
ENSG00000169885,0.35207236,0.0,1
ENSG00000060656,1.7192938,1.3790697,1
ENSG00000201801,1.7648808,2.8608391,1
ENSG00000143164,2.4710941,2.7528012,1
ENSG00000137962,1.7140732,1.4390167,1
ENSG00000171492_1,1.7430141,1.1630002,1
ENSG00000173641,1.0070189,0.9561684,1
ENSG00000060688,2.7778678,3.1672375,1
ENSG00000117122_1,1.3261088,1.1491082,1
ENSG00000142632,1.5628312,1.080085,1
ENSG00000143862,2.2863991,2.6354938,1
ENSG00000157191,2.382453,2.7100124,1
ENSG00000162910,2.3176038,2.5459685,1
ENSG00000174842,2.4343085,2.3838584,1
ENSG00000116679,2.7747483,2.865981,1
ENSG00000234754,0.17480354,0.0,1
ENSG00000253097,0.20527153,0.0,1
ENSG00000271252,0.2779215,0.0,1
ENSG00000127603,2.3115735,1.8028557,1
ENSG00000116833_1,0.9678026,0.6697816,1
ENSG00000122417_1,2.0292351,2.051307,1
ENSG00000174606,2.4173841,2.1736379,1
ENSG00000198492_1,2.891966,3.1109633,1
ENSG00000130768,0.6856633,0.9284793,1
ENSG00000135824_1,0.23808275,0.7724684,1
ENSG00000184678,2.8090963,4.452651,1
ENSG00000186150,0.43538827,0.0,1
ENSG00000117115,0.3914749,0.0,1
ENSG00000143393,2.547347,2.4374192,1
ENSG00000143819,1.6650054,1.3123255,1
ENSG00000058799,2.248922,2.1021523,1
ENSG00000081026_1,1.786747,1.0656544,1
ENSG00000143575,2.3541512,3.0526402,1
ENSG00000173369,0.46223146,1.0258995,1
ENSG00000143811,2.5077116,2.477989,1
ENSG00000120370,2.5104206,2.4617987,1
ENSG00000162374,0.2192678,0.0,1
ENSG00000134744_1,1.9691885,2.1110642,1
ENSG00000143786_1,1.6071666,1.6896551,1
ENSG00000117461,2.711122,2.3986585,1
ENSG00000117394_1,2.2790103,3.0360777,1
ENSG00000131778,2.3879008,2.6230104,1
ENSG00000203325,1.7303698,1.0519625,1
ENSG00000134697,2.1211798,2.9414582,1
ENSG00000132676_1,2.5278773,3.0551107,1
ENSG00000177868,2.2411814,1.7971983,1
ENSG00000163468_1,2.345785,3.7028673,1
ENSG00000058668,0.98164076,1.3675982,1
ENSG00000162836,1.5597589,1.3424128,1
ENSG00000158796,2.8950868,2.4977214,1
ENSG00000000971,0.18075714,0.0,1
ENSG00000135773,0.4996534,0.0,1
ENSG00000142632_2,0.44564712,0.0,1
ENSG00000177674,1.8699367,1.7849886,1
ENSG00000198746,2.2181988,1.9996959,1
ENSG00000187730,1.9338984,1.8057644,1
ENSG00000116251_1,0.50380677,0.68181086,1
ENSG00000169241,1.577311,1.6611205,1
ENSG00000116906,2.4095893,2.9138985,1
ENSG00000231663_1,2.713119,3.0051377,1
ENSG00000122224,1.4729297,0.0,1
ENSG00000133055,0.6531616,0.63491035,1
ENSG00000121753_1,2.0521307,1.8632932,1
ENSG00000174514_1,0.4973436,0.0,1
ENSG00000188404_1,1.2298744,3.3267577,1
ENSG00000291158,0.53765696,0.0,1
ENSG00000196660_1,1.3826678,1.1031878,1
ENSG00000211452,0.34356546,1.1397815,1
ENSG00000197241,0.33012867,0.52671397,1
ENSG00000143228,2.414198,2.9369025,1
ENSG00000232265_1,0.58210194,0.0,1
ENSG00000134222,1.9837139,1.446767,1
ENSG00000162545,1.36829,1.2995727,1
ENSG00000117625_1,1.9121088,1.1570244,1
ENSG00000162614,1.4162617,1.482955,1
ENSG00000143515,1.9893391,1.8559914,1
ENSG00000143740_1,2.3914557,2.2662716,1
ENSG00000205116,0.9731243,1.460221,1
ENSG00000224965,1.7215459,0.0,1
ENSG00000142621,0.26201385,0.0,1
ENSG00000164007,0.8619271,0.0,1
ENSG00000183508,1.6811583,1.0404441,1
ENSG00000198715,1.0442319,0.0,1
ENSG00000225206,0.9410361,0.5474301,1
ENSG00000237928,0.24746309,0.0,1
ENSG00000163399,2.299726,3.2527585,1
ENSG00000187634_1,0.77092195,0.0,1
ENSG00000228063,2.0623913,1.4095274,1
ENSG00000159479,2.4464302,2.6366293,1
ENSG00000117602,0.8489287,1.2938728,1
ENSG00000162618_2,0.13775349,0.0,1
ENSG00000228382,0.78999376,0.0,1
ENSG00000120949,0.7887594,1.1459419,1
ENSG00000117862,2.2119074,0.0,1
ENSG00000196352,2.6786714,2.7482114,1
ENSG00000143641,2.6269197,2.163239,1
ENSG00000123472_1,2.4642718,2.4061823,1
ENSG00000236427,1.0670006,0.0,1
ENSG00000143473,1.7106144,0.99677426,1
ENSG00000134262,2.5391269,2.0238407,1
ENSG00000232093,2.1001606,1.3589243,1
ENSG00000081985,1.4696188,1.0481309,1
ENSG00000116771,1.6999371,2.1968832,1
ENSG00000123091,2.6160307,2.0511525,1
ENSG00000132849,1.7563802,1.6760714,1
ENSG00000137944_1,2.542285,2.4595237,1
ENSG00000187017_1,1.6105049,1.334494,1
ENSG00000226835,1.6108451,0.0,1
ENSG00000291199,0.66602486,0.9078358,1
ENSG00000143390_1,2.1807241,1.5188297,1
ENSG00000066027,2.5506916,2.6722827,1
ENSG00000143153,2.047031,2.683038,1
ENSG00000116337,2.246554,2.289531,1
ENSG00000134256,0.72312766,0.0,1
ENSG00000162873_1,0.45760477,0.7321363,1
ENSG00000197622,2.5421832,3.018276,1
ENSG00000136628,2.5152264,3.3037682,1
ENSG00000179051_1,2.0610228,2.6812701,1
ENSG00000169972,2.2408867,1.9973034,1
ENSG00000196189_2,1.0318692,0.0,1
ENSG00000137955,2.3728638,3.2579257,1
ENSG00000202056,0.98445946,0.0,1
ENSG00000119280_2,0.158662,0.0,1
ENSG00000207241,0.5045616,1.2075536,1
ENSG00000036549_2,2.823557,2.4279613,1
ENSG00000158887_1,0.39709526,1.4879793,1
ENSG00000162409,1.7875125,1.7399598,1
ENSG00000092847,0.29116774,0.0,1
ENSG00000090432,1.8086674,1.8551798,1
ENSG00000143702,0.24209146,0.0,1
ENSG00000291137,0.3663165,0.0,1
ENSG00000213047_2,1.7881225,1.5114822,1
ENSG00000171385,1.1677256,0.0,1
ENSG00000286172,1.6991203,2.380441,1
ENSG00000289881,1.7425828,0.9791385,1
ENSG00000075151_1,1.7385375,1.4781479,1
ENSG00000187980,0.65848,0.0,1
ENSG00000203737,0.26023078,0.0,1
ENSG00000121905,0.79871345,0.0,1
ENSG00000116761,2.1164906,2.2642794,1
ENSG00000132854,1.397399,1.4685541,1
ENSG00000116748_1,0.17108352,0.0,1
ENSG00000163156,2.2115717,2.6624339,1
ENSG00000157916,2.6663494,2.9718852,1
ENSG00000162407,1.4456651,2.6576962,1
ENSG00000090621,1.7223092,0.0,1
ENSG00000151414,2.3274097,2.7609122,1
ENSG00000116690,0.12616359,0.0,1
ENSG00000197429,2.7396588,1.9100852,1
ENSG00000090104,1.4480338,3.9547546,1
ENSG00000117152_1,0.38516724,0.0,1
ENSG00000163041_1,1.6868272,1.351487,1
ENSG00000137936_3,0.30493546,0.0,1
ENSG00000142634,2.2924514,3.1755002,1
ENSG00000241563,0.79034954,0.92683613,1
ENSG00000203965,2.3795695,2.3145204,1
ENSG00000126088_1,0.9230268,1.0631832,1
ENSG00000047410_1,2.6224532,2.1167405,1
ENSG00000162373,1.338097,0.96238357,1
ENSG00000143627,0.44845265,0.0,1
ENSG00000116688,2.2960863,2.8368871,1
ENSG00000042781,0.2775181,0.63816965,1
ENSG00000120332,0.23082663,0.0,1
ENSG00000143257,0.27369934,0.0,1
ENSG00000162496_1,1.5091827,1.839214,1
ENSG00000162757,2.2612462,1.7539529,1
ENSG00000001460,1.2067199,1.4184008,1
ENSG00000203724,2.0935194,1.6022879,1
ENSG00000236021_1,2.086012,0.0,1
ENSG00000169905,1.2422435,2.7762935,1
ENSG00000085831_3,1.4694606,1.4327321,1
ENSG00000201317,0.17616017,4.3497515,1
ENSG00000156150,0.543985,0.0,1
ENSG00000203965_1,2.435282,0.0,1
ENSG00000162782,1.379354,1.0777311,1
ENSG00000243725,1.9055369,2.7086995,1
ENSG00000142945,2.499172,3.0206761,1
ENSG00000067606,2.0572662,1.4333377,1
ENSG00000158615,2.9750953,2.8071568,1
ENSG00000085998,2.3704824,2.2451794,1
ENSG00000162909_1,1.9153714,2.0049744,1
ENSG00000198744,2.961443,3.5870147,1
ENSG00000233482,0.15897086,0.0,1
ENSG00000116661,1.7423767,1.3747886,1
ENSG00000162650,2.2851553,2.2526639,1
ENSG00000074800,0.50234324,1.6535888,1
ENSG00000281406_1,1.773338,1.5176576,1
ENSG00000134686,2.5247731,1.7333739,1
ENSG00000261595,1.694131,0.0,1
ENSG00000066027_1,0.15349899,0.0,1
ENSG00000116754_1,2.6348977,3.0253263,1
ENSG00000143418_1,2.4630957,1.3719356,1
ENSG00000122420,1.2298396,1.270003,1
ENSG00000242252,0.9443903,0.0,1
ENSG00000287452,0.20820732,0.0,1
ENSG00000154342,1.9531424,1.5365584,1
ENSG00000158292,2.0626717,1.818892,1
ENSG00000117597,1.6818469,2.6951277,1
ENSG00000174574,2.5492866,2.9102812,1
ENSG00000160856,0.21769308,1.0443045,1
ENSG00000243709,0.95407003,1.3502151,1
ENSG00000143443,1.5608608,1.3150252,1
ENSG00000274428,0.9775451,0.0,1
ENSG00000186510,0.7031829,0.0,1
ENSG00000163545,1.4136189,1.999722,1
ENSG00000237491,2.7322989,1.8708485,1
ENSG00000135750_1,0.23653315,0.0,1
ENSG00000143578_2,1.304085,0.5670852,1
ENSG00000162783,2.390779,2.9743965,1
ENSG00000171680_2,0.86378974,0.0,1
ENSG00000170382,1.4938089,1.5946356,1
ENSG00000143479_1,2.365463,0.0,1
ENSG00000204138,2.2652352,2.2486057,1
ENSG00000265491,2.5216386,2.833195,1
ENSG00000122481,2.1670032,2.3671284,1
ENSG00000116329,1.8080091,1.38144,1
ENSG00000135862,2.2647176,2.3926091,1
ENSG00000117054_1,2.5736835,3.2407913,1
ENSG00000169914,2.4139469,2.2873313,1
ENSG00000116147,0.5548052,0.0,1
ENSG00000271601,2.2340252,2.6852937,1
ENSG00000168275_1,2.7114968,2.2056482,1
ENSG00000185090,1.9005215,2.0045793,1
ENSG00000175707,1.3822699,1.3299468,1
ENSG00000127481_1,3.0055714,2.9878852,1
ENSG00000143437,2.4872956,2.1734195,1
ENSG00000143450,0.8531609,1.1570032,1
ENSG00000117399,2.2922199,2.7891011,1
ENSG00000122477,0.1335374,0.0,1
ENSG00000187800,0.98779994,0.0,1
ENSG00000143622,1.1822534,1.3185225,1
ENSG00000181656,0.5416108,0.0,1
ENSG00000143847,1.8507235,1.9408699,1
ENSG00000158764,0.3554663,0.0,1
ENSG00000227712,0.64196986,0.82885313,1
