,Pred,actual,fold_idx
ENSG00000187800,0.3077843,0.0,1
ENSG00000273694,0.07938856,0.0,1
ENSG00000132676,1.303364,1.5729413,1
ENSG00000134245,1.7959915,0.0,1
ENSG00000143226_1,0.8012199,1.3495883,1
ENSG00000117400,0.083627425,0.0,1
ENSG00000143842_1,0.07776616,0.0,1
ENSG00000163462,0.38516173,0.0,1
ENSG00000162496_1,2.5174222,2.7568643,1
ENSG00000116885,1.2317995,0.724112,1
ENSG00000162777,0.10919306,0.0,1
ENSG00000121900,1.5495923,1.8197281,1
ENSG00000169224_1,0.06398122,0.0,1
ENSG00000016602,0.028949395,0.0,1
ENSG00000171680_4,0.14819211,0.0,1
ENSG00000057252,2.247085,2.3605518,1
ENSG00000198842,0.10178702,0.0,1
ENSG00000065978_1,2.4364257,2.5738459,1
ENSG00000203910,0.2841254,0.0,1
ENSG00000116209,2.5315256,2.8093786,1
ENSG00000183508,2.1174347,2.443873,1
ENSG00000116701_1,0.22242524,0.0,1
ENSG00000154511,2.1603153,1.5815173,1
ENSG00000240021,0.22637354,0.0,1
ENSG00000142623,0.09119516,0.0,1
ENSG00000090104,0.03163245,0.0,1
ENSG00000274978,1.9550384,2.797586,1
ENSG00000159214_1,1.6287249,1.4820871,1
ENSG00000142661,0.42580205,0.0,1
ENSG00000160679,2.537406,3.1193252,1
ENSG00000162437,1.8568925,1.849665,1
ENSG00000237505,2.182958,2.0625932,1
ENSG00000121766,2.603128,3.0009675,1
ENSG00000224609,0.51588637,0.0,1
ENSG00000092621,1.2315924,2.3297617,1
ENSG00000282881,0.13356148,0.0,1
ENSG00000236021_1,1.8029472,1.6265395,1
ENSG00000143756,1.7628077,2.5624857,1
ENSG00000162571,0.31893587,0.93520486,1
ENSG00000162739,0.25226015,0.0,1
ENSG00000116729,0.3303862,0.0,1
ENSG00000163393,1.5054793,0.9708209,1
ENSG00000230798_1,1.773611,1.6163536,1
ENSG00000284693,1.824443,0.0,1
ENSG00000162399,0.1759031,0.0,1
ENSG00000142794,1.7074995,1.9797031,1
ENSG00000241794,0.032608464,0.0,1
ENSG00000198400,0.30509558,0.0,1
ENSG00000126709,0.4113944,0.0,1
ENSG00000132855,-0.0023231972,0.0,1
ENSG00000143185,0.04168372,0.0,1
ENSG00000054392_3,0.062015448,0.0,1
ENSG00000143036_1,1.1849434,0.0,1
ENSG00000196418_1,1.7438015,1.8331727,1
ENSG00000162365,0.07438674,0.0,1
ENSG00000162441_1,1.5780467,2.6328428,1
ENSG00000228382,0.091268316,0.0,1
ENSG00000186150,0.1549722,0.0,1
ENSG00000197721,2.3053703,3.0188878,1
ENSG00000162585,2.2083366,2.9871297,1
ENSG00000143252,2.1289527,2.8381214,1
ENSG00000121634,0.05836815,0.0,1
ENSG00000162391,0.15120003,0.0,1
ENSG00000158816,0.21770337,0.0,1
ENSG00000168243_1,0.6078165,1.1578797,1
ENSG00000168243,1.7144959,1.6661997,1
ENSG00000188643,0.3991896,1.2525375,1
ENSG00000116752,1.7310992,2.9105988,1
ENSG00000236963,0.07496439,0.0,1
ENSG00000094975,2.9789927,2.14941,1
ENSG00000233290_1,0.019235296,0.0,1
ENSG00000143294,2.3734605,2.861355,1
ENSG00000291123,1.5524188,1.764617,1
ENSG00000117054_1,2.4498665,2.963291,1
ENSG00000132698,0.20938817,0.0,1
ENSG00000203288,1.6814686,1.6792825,1
ENSG00000200972,0.26789123,0.0,1
ENSG00000168159,2.9145925,2.8428838,1
ENSG00000158769,1.8803996,2.904061,1
ENSG00000122223,0.18552108,0.0,1
ENSG00000130770,2.4391608,3.9115336,1
ENSG00000137947,1.9112377,2.8484797,1
ENSG00000085840,2.56716,2.8079164,1
ENSG00000158006,1.5861094,0.0,1
ENSG00000097033,2.4657476,1.4883109,1
ENSG00000159023,1.6292933,0.0,1
ENSG00000162419,2.786866,2.2641091,1
ENSG00000163362,0.13060632,0.0,1
ENSG00000163209,0.033480763,0.0,1
ENSG00000169242,1.0675899,1.8612416,1
ENSG00000163141,0.0855002,0.0,1
ENSG00000291234,1.1414702,0.0,1
ENSG00000163263,0.10468134,0.0,1
ENSG00000143409_2,1.2078748,0.0,1
ENSG00000135766,2.424796,2.6781814,1
ENSG00000143248,0.051435877,0.0,1
ENSG00000180488,1.3399504,2.4585774,1
ENSG00000162782,1.2341971,0.0,1
ENSG00000182134,1.9046726,2.1977298,1
ENSG00000009307,2.3970318,3.7708697,1
ENSG00000152763,0.027155546,0.0,1
ENSG00000116288,2.5893064,2.87718,1
ENSG00000198830,2.648635,3.6416426,1
ENSG00000153363,2.1639962,2.6221611,1
ENSG00000202408,2.1515408,0.0,1
ENSG00000285041,0.009239516,0.0,1
ENSG00000134716,0.21148904,0.0,1
ENSG00000158286,1.9674428,1.43968,1
ENSG00000125703,2.316321,2.6035147,1
ENSG00000004455,2.2048147,0.0,1
ENSG00000203666_2,2.4954615,2.6195388,1
ENSG00000233730,0.08107086,0.0,1
ENSG00000291072,2.7160127,0.0,1
ENSG00000163349,2.579262,2.705127,1
ENSG00000286071,0.039725747,2.1849666,1
ENSG00000225880,2.6413994,2.1593115,1
ENSG00000162598,0.11651026,0.0,1
ENSG00000160049,2.1916463,0.0,1
ENSG00000081237,0.30860737,2.6098802,1
ENSG00000116459_1,2.2052982,3.6387267,1
ENSG00000122483,1.8525604,1.7016284,1
ENSG00000117601,0.14469141,0.0,1
ENSG00000158715,1.5532273,1.634064,1
ENSG00000204859,2.1156507,2.272758,1
ENSG00000196878_1,0.0746539,0.0,1
ENSG00000206585,2.441078,0.0,1
ENSG00000074800_3,2.811194,2.772974,1
ENSG00000116544,1.7333461,1.6045284,1
ENSG00000162512,2.0607634,2.449469,1
ENSG00000162873_1,0.21098386,0.0,1
ENSG00000143437_1,2.133444,2.3906367,1
ENSG00000064886,0.06484902,0.0,1
ENSG00000131584,2.5923502,1.7052906,1
ENSG00000143119_1,0.41517484,0.0,1
ENSG00000269113,1.7319195,1.3894496,1
ENSG00000116857,2.0579636,2.3027658,1
ENSG00000162836_1,0.7796207,0.66490513,1
ENSG00000123689,1.4931238,1.6668454,1
ENSG00000160097,1.6923618,1.678154,1
ENSG00000069812,1.3789214,1.441648,1
ENSG00000117118_1,2.1254094,3.2132971,1
ENSG00000117560,0.42342642,1.0876395,1
ENSG00000197959,2.01786,1.8028079,1
ENSG00000117010,0.9327931,1.76369,1
ENSG00000117480,1.4973671,1.3044474,1
ENSG00000280587,0.15480013,0.0,1
ENSG00000160678,0.30499607,0.0,1
ENSG00000117595,1.0439148,0.0,1
ENSG00000185420,1.1495587,0.0,1
ENSG00000143079,0.9534733,0.982045,1
ENSG00000116871,2.5468302,2.7719328,1
ENSG00000293279,1.5849994,0.0,1
ENSG00000116273,2.5125465,2.4982665,1
ENSG00000023572_1,0.73356706,0.0,1
ENSG00000157933_1,0.4083278,0.0,1
ENSG00000143194,0.8220358,1.208522,1
ENSG00000152763_1,2.422589,0.0,1
ENSG00000159409,0.2091834,0.0,1
ENSG00000163874,2.2743835,1.8531017,1
ENSG00000291234_1,0.60273033,1.4319425,1
ENSG00000198912,2.4426022,2.6866567,1
ENSG00000250719,0.12540354,0.0,1
ENSG00000189195,0.7430463,1.3625579,1
ENSG00000085831_3,1.2618338,1.0721028,1
ENSG00000154429_2,1.1224831,2.1497731,1
ENSG00000158022,0.31825018,0.0,1
ENSG00000176393,2.2577124,2.6374598,1
ENSG00000127483_1,2.650883,2.6545231,1
ENSG00000133067_1,0.19561571,0.0,1
ENSG00000085433,2.3554947,1.9359051,1
ENSG00000117410,2.7751288,2.6862698,1
ENSG00000291138,0.97799987,0.0,1
ENSG00000143013,2.3466117,2.6860945,1
ENSG00000186827,0.3697548,0.97653335,1
ENSG00000231163,0.04598235,0.0,1
ENSG00000134201,0.6762246,1.2685546,1
ENSG00000197956,0.9513131,0.0,1
ENSG00000203786,0.06164347,0.0,1
ENSG00000174307,1.7031413,2.0386202,1
ENSG00000178104_3,1.9126304,2.330637,1
ENSG00000159173_1,0.08906923,0.0,1
ENSG00000159479,2.4683306,2.651718,1
ENSG00000236427,0.8597694,0.0,1
ENSG00000154305_1,2.3341854,0.0,1
ENSG00000213047_2,1.2375457,1.9567446,1
ENSG00000116833_1,0.798076,0.0,1
ENSG00000116675_3,2.0368524,0.0,1
ENSG00000142634,2.2592077,2.6966445,1
ENSG00000203667,2.6657774,3.2812834,1
ENSG00000159173_2,0.17833105,0.0,1
ENSG00000137955_1,0.9232421,2.1373637,1
ENSG00000143416,0.41092247,0.0,1
ENSG00000143641,2.5397124,2.1906817,1
ENSG00000007933,0.033658538,0.0,1
ENSG00000183114,1.0861901,1.3794506,1
ENSG00000137960,1.989166,0.0,1
ENSG00000160712,1.5045453,0.0,1
ENSG00000164008,2.3938255,0.0,1
ENSG00000066185,0.35999674,0.0,1
ENSG00000116741,1.8261621,0.0,1
ENSG00000198492_1,2.8946784,3.0655236,1
ENSG00000092978,0.44901383,0.0,1
ENSG00000066322,2.4094107,2.6736853,1
ENSG00000130762_1,0.32806846,0.0,1
ENSG00000175087,2.6276746,1.7317418,1
ENSG00000241563,0.18872318,1.2963141,1
ENSG00000237728,0.11648909,0.0,1
ENSG00000122477,0.05182563,0.0,1
ENSG00000204160,2.2017877,2.814434,1
ENSG00000143556,0.0777491,0.0,1
ENSG00000162688_1,0.30600026,0.7437762,1
ENSG00000227811,0.7576247,0.9984337,1
ENSG00000162747,0.12185173,0.0,1
ENSG00000214114,2.1400208,2.960602,1
ENSG00000135750,2.3051457,2.3445692,1
ENSG00000048707_3,1.8386613,1.5303278,1
ENSG00000157181,1.7106485,0.0,1
ENSG00000143549,0.3002503,0.0,1
ENSG00000142611,1.4159225,1.4168735,1
ENSG00000184005,1.2442352,1.140885,1
ENSG00000162711,0.22016984,0.0,1
ENSG00000186205,1.6073557,1.4288796,1
ENSG00000135824,0.24697535,0.0,1
ENSG00000198815_1,2.4825776,2.7868152,1
ENSG00000162620,0.8618574,1.172457,1
ENSG00000288859,2.7755415,4.3636813,1
ENSG00000182898,0.0582368,0.0,1
ENSG00000243480,0.027658042,0.0,1
ENSG00000228526_2,1.2589326,1.6978307,1
ENSG00000143228,2.1675365,2.8591394,1
ENSG00000179546,1.3469642,1.1211658,1
ENSG00000065978,2.7025058,3.9871235,1
ENSG00000171819,0.24911122,0.0,1
ENSG00000116260,2.4045134,0.0,1
ENSG00000143409_1,0.7002049,2.1594198,1
ENSG00000116791_1,0.91613275,2.8530896,1
ENSG00000117713,2.7670982,2.542315,1
ENSG00000174371,2.645585,0.0,1
ENSG00000204362,0.08271356,0.0,1
ENSG00000125944,2.8332095,3.2596512,1
ENSG00000213625,2.797051,2.523468,1
ENSG00000252135,0.20165746,0.84610194,1
ENSG00000073754,0.046325665,0.0,1
ENSG00000135750_1,0.16301845,0.0,1
ENSG00000291158,0.13598447,0.0,1
ENSG00000200087,0.5786173,1.4157411,1
ENSG00000116679,2.7187498,2.8642037,1
ENSG00000010932,0.01320458,0.0,1
ENSG00000274265_2,1.3169487,0.0,1
ENSG00000117519,1.0791155,1.0559514,1
ENSG00000236810,2.8913603,2.358525,1
ENSG00000132128_1,2.2454994,2.4549835,1
ENSG00000224459,0.14957029,0.0,1
ENSG00000142910,0.22928941,0.0,1
ENSG00000117543,1.4119391,0.0,1
ENSG00000116698,2.707044,2.5708604,1
ENSG00000163565_3,0.10131356,0.0,1
ENSG00000293271,1.3087199,0.0,1
ENSG00000066279,2.370073,2.9051216,1
ENSG00000064703_2,2.589679,2.450423,1
ENSG00000143799,0.110860124,0.85744107,1
ENSG00000067606,1.7875404,1.5419784,1
ENSG00000126698,1.8664831,0.0,1
ENSG00000160789_2,0.07978379,0.0,1
ENSG00000203783,0.05009826,0.0,1
ENSG00000188157,2.1803894,2.3340795,1
ENSG00000196352_1,2.6653252,3.506233,1
ENSG00000248333,2.77156,3.0530632,1
ENSG00000116337_3,0.98271555,1.298984,1
ENSG00000224616,2.2726429,1.5326397,1
ENSG00000143768,0.802763,0.0,1
ENSG00000123472,0.07733065,0.0,1
ENSG00000168275,2.6419828,3.0039127,1
ENSG00000116874_1,2.5569167,2.6886067,1
ENSG00000117676_1,0.19387853,0.0,1
ENSG00000134709,1.3987976,1.2882493,1
ENSG00000293478,1.5368677,2.2670896,1
ENSG00000280670,1.7122512,1.2166197,1
ENSG00000127481,0.08241731,0.0,1
ENSG00000082512,1.4869002,1.8323811,1
ENSG00000122218,2.2633617,0.0,1
ENSG00000126088_1,1.7277374,3.2608414,1
ENSG00000154309_1,0.06253376,0.0,1
ENSG00000143337_3,2.367839,0.0,1
ENSG00000023902,1.9376309,1.7196958,1
ENSG00000078618_2,2.7384126,3.3051708,1
ENSG00000135838,2.0816522,0.0,1
ENSG00000143028,1.6847916,1.5848963,1
ENSG00000143337_1,2.7012012,2.10185,1
ENSG00000117020_2,1.8325068,0.0,1
ENSG00000163156,1.4213399,2.4834619,1
ENSG00000142875_4,0.040617518,0.0,1
ENSG00000233079_1,0.018106047,0.0,1
ENSG00000143106,2.3407745,0.0,1
ENSG00000130940,1.3554087,1.4993296,1
ENSG00000116688,2.716535,2.9692016,1
ENSG00000173662,0.22673996,0.0,1
ENSG00000085831_1,1.3502023,0.0,1
ENSG00000171488,2.168382,1.9495852,1
ENSG00000184148,0.025917036,0.0,1
ENSG00000162676_1,1.1031815,1.4705869,1
ENSG00000284686,0.10832349,0.0,1
ENSG00000131238,1.524828,3.000149,1
ENSG00000143256,2.3425972,0.0,1
ENSG00000084623,0.3998712,1.1813576,1
ENSG00000169241_1,2.412641,2.6610732,1
ENSG00000200169,1.7239007,1.8069528,1
ENSG00000078618_1,0.878583,0.0,1
ENSG00000143476,2.59655,0.0,1
ENSG00000121481,2.3496778,2.5215237,1
ENSG00000188290,2.3454745,1.840589,1
ENSG00000291199,0.17396241,0.83065283,1
ENSG00000117691,2.3218706,2.784419,1
ENSG00000066557,2.000554,0.0,1
ENSG00000168528,0.20405573,0.7139439,1
ENSG00000117151,2.4520485,2.5432122,1
ENSG00000116353,2.0309553,0.0,1
ENSG00000174567,0.35315445,0.0,1
ENSG00000162490,1.7555964,1.3495883,1
ENSG00000142657,2.517465,3.398617,1
ENSG00000163239_1,1.1641651,0.0,1
ENSG00000143753,2.459009,2.552926,1
ENSG00000116898,2.434756,3.2342007,1
ENSG00000142798_1,2.3412437,2.7976394,1
ENSG00000117533,2.4335084,2.6342857,1
ENSG00000142784,2.2033556,0.0,1
ENSG00000116584_2,2.1403365,2.5956063,1
ENSG00000082497_1,0.14098333,0.0,1
ENSG00000183726,2.5410705,3.4122825,1
ENSG00000160838,1.5357305,1.2357304,1
ENSG00000188643_1,0.21110247,0.96217984,1
ENSG00000143324,2.4419584,2.5254867,1
ENSG00000185155,1.5165448,1.4511721,1
ENSG00000117091,0.050520927,0.0,1
ENSG00000119280,1.780851,1.9578992,1
ENSG00000135763,2.2953115,1.9368604,1
ENSG00000238279,0.4286269,0.0,1
ENSG00000290592_1,0.11076352,0.0,1
ENSG00000288905,0.8182195,0.0,1
ENSG00000025800,1.197252,2.924092,1
ENSG00000160785,1.4113622,0.0,1
ENSG00000117707,1.1960014,1.7908901,1
ENSG00000162873_2,0.13020906,0.0,1
ENSG00000117475,1.208776,2.4448564,1
ENSG00000152904,2.205399,2.7581925,1
ENSG00000162650,2.4805698,2.0995426,1
ENSG00000134216,0.05040947,0.0,1
ENSG00000240386,0.043346595,0.0,1
ENSG00000163565_1,0.03501083,0.0,1
ENSG00000121310_1,0.457092,0.0,1
ENSG00000162604,1.238565,2.6699944,1
ENSG00000235750,0.84797966,0.0,1
ENSG00000218510,2.1486013,2.0600893,1
ENSG00000163444,2.7663581,2.5089874,1
ENSG00000117115,0.15382579,0.0,1
ENSG00000143355_1,0.17059195,0.0,1
ENSG00000162813_1,0.36209726,1.4022442,1
ENSG00000079277_1,1.7175442,0.0,1
ENSG00000122432,2.5800705,2.9039469,1
ENSG00000116584,0.46368697,0.0,1
ENSG00000228288,1.7776506,1.8951461,1
ENSG00000134744,2.225509,2.4426632,1
ENSG00000132676_1,2.2437482,0.0,1
ENSG00000236546,0.3476391,0.0,1
ENSG00000085831_2,1.7018551,1.2372671,1
ENSG00000117399,2.4979599,2.8223643,1
ENSG00000085491,2.2939446,2.504369,1
ENSG00000122482,1.9035959,0.0,1
ENSG00000157216_2,0.1109781,0.0,1
ENSG00000171680,0.5195331,0.0,1
ENSG00000179639,0.025699995,0.0,1
ENSG00000158711,2.7131507,2.0109315,1
ENSG00000287217,0.1515602,0.0,1
ENSG00000171492_1,1.1186646,2.2293773,1
ENSG00000067606_1,0.2181764,0.8929512,1
ENSG00000143190,2.5856476,2.3569736,1
ENSG00000153936,2.6537528,2.4246857,1
ENSG00000174606,2.225279,0.0,1
ENSG00000227963,1.9383364,2.1102192,1
ENSG00000084072,1.4941158,2.7064626,1
ENSG00000207241,0.243293,0.0,1
ENSG00000198198,2.5287154,2.1256568,1
ENSG00000158764,0.10861502,0.0,1
ENSG00000188984,0.07466306,0.0,1
ENSG00000198765,0.30292943,0.0,1
ENSG00000155816,1.6184163,1.4614835,1
ENSG00000159592_1,2.4684012,2.676901,1
ENSG00000175137,2.1848125,1.7228312,1
ENSG00000186891,0.74743986,1.5876772,1
ENSG00000142583_1,0.9263407,0.0,1
ENSG00000136631,2.0955393,1.682127,1
ENSG00000227712,0.08139869,0.0,1
ENSG00000162576,0.5644269,0.0,1
ENSG00000000460,1.6767707,2.5746596,1
ENSG00000171793,2.5381541,2.9322586,1
ENSG00000189266,2.860347,3.244527,1
ENSG00000131236_1,2.671437,2.6967163,1
ENSG00000197520_1,0.05211605,0.0,1
ENSG00000169509,0.034138385,0.0,1
ENSG00000116991,1.759791,1.3784888,1
ENSG00000049089_2,1.1848652,1.2018666,1
ENSG00000077522,1.805598,1.4605521,1
ENSG00000186790,1.516884,1.4558494,1
ENSG00000160789_4,2.293083,3.238026,1
ENSG00000158109,2.1857805,1.28269,1
ENSG00000123684,1.959831,2.081995,1
ENSG00000173369,0.1915835,0.78504497,1
ENSG00000163382,2.155759,2.8029768,1
ENSG00000117505,2.548985,2.7907002,1
ENSG00000143418_2,2.401627,2.797777,1
ENSG00000135842,1.2411947,2.402796,1
ENSG00000159208,0.44438663,0.0,1
ENSG00000157193,1.3000847,1.36135,1
ENSG00000133055,0.19110076,0.0,1
ENSG00000186409,0.43626723,0.0,1
ENSG00000181754,1.7115042,0.0,1
ENSG00000275538,2.1322958,0.0,1
ENSG00000143862,2.1159034,2.2391093,1
ENSG00000055070,2.287191,2.8765821,1
ENSG00000187048,0.11343627,0.0,1
ENSG00000173171,2.3681626,1.4044231,1
ENSG00000143420,1.8786632,0.0,1
ENSG00000134186,2.6703913,3.0706325,1
ENSG00000117748,2.6415417,0.0,1
ENSG00000163346,0.5644896,0.0,1
ENSG00000287338,0.05448786,0.0,1
ENSG00000183317,0.5706317,0.0,1
ENSG00000203865,1.4460169,0.0,1
ENSG00000097021_1,0.16633706,0.95631254,1
ENSG00000143398,0.8650658,0.0,1
ENSG00000074800,0.18880251,1.5715691,1
ENSG00000228971,0.030917702,0.0,1
ENSG00000162771,0.09082914,0.0,1
ENSG00000117298_1,1.0040474,1.2199773,1
ENSG00000203709_1,1.9682207,1.6321434,1
ENSG00000054118,2.7471347,2.9481928,1
ENSG00000117411_1,1.0292914,1.1150444,1
ENSG00000178922,1.6854289,1.6769953,1
ENSG00000169403,0.26308098,0.0,1
ENSG00000199666,0.045070115,0.0,1
ENSG00000142609_1,0.3385914,0.0,1
ENSG00000117625_1,1.4806923,0.0,1
ENSG00000163485_1,0.31056863,0.0,1
ENSG00000158828,2.0573478,2.0701487,1
ENSG00000058085,0.5481891,0.0,1
ENSG00000178104_2,1.7892151,3.3122282,1
ENSG00000116793,2.581848,1.4054488,1
ENSG00000121905,0.42890668,0.88603926,1
ENSG00000121905_1,1.3048365,1.1211658,1
ENSG00000228526_1,1.2911799,0.0,1
ENSG00000117593,2.7082038,2.9735434,1
ENSG00000181036_1,0.081068456,0.0,1
ENSG00000162946,1.3431649,0.0,1
ENSG00000142657_2,1.9230484,0.0,1
ENSG00000067334,1.6134319,2.378389,1
ENSG00000120333_1,2.152326,2.7934692,1
ENSG00000134262_1,2.772559,2.206151,1
ENSG00000123843_1,0.09373425,0.0,1
ENSG00000137965,0.026859418,0.0,1
ENSG00000116183,0.019780891,0.0,1
ENSG00000186364,1.3981059,1.8802418,1
ENSG00000143799_1,2.4166408,3.27771,1
ENSG00000232671,2.8026366,1.5744249,1
ENSG00000160691_1,0.20478135,1.2570062,1
ENSG00000187961,2.0652378,2.3457656,1
ENSG00000116251_1,0.4034545,1.470631,1
ENSG00000162396,1.3934591,1.8872211,1
ENSG00000010165,2.4199173,2.0620177,1
ENSG00000008130,2.5941856,2.166273,1
ENSG00000092847,0.74728143,0.0,1
ENSG00000117174,1.1589142,2.9217384,1
ENSG00000171385,0.86324996,0.9533731,1
ENSG00000291068,2.73181,2.3916194,1
ENSG00000159173,0.20177357,0.0,1
ENSG00000142676,2.3359036,4.258345,1
ENSG00000173436,0.34462008,1.5396907,1
ENSG00000187862,0.107216835,0.0,1
ENSG00000162645,0.098367244,0.0,1
ENSG00000137959,0.056566305,0.0,1
ENSG00000188910_1,0.14694823,0.0,1
ENSG00000204138,2.5622733,2.4910786,1
ENSG00000116830,2.1592183,2.1634238,1
ENSG00000230628,0.09815779,0.0,1
ENSG00000168148,1.0818844,0.0,1
ENSG00000163216,0.09090432,0.0,1
ENSG00000163202,0.052805614,0.0,1
ENSG00000207475,0.10485591,0.0,1
ENSG00000171786,0.24202567,0.0,1
ENSG00000188295,2.4217527,2.1793306,1
ENSG00000224000,0.015508385,0.0,1
ENSG00000117632_2,2.247646,0.0,1
ENSG00000176320,0.090987705,0.0,1
ENSG00000270722,2.5309658,2.8646505,1
ENSG00000177181,1.7729374,1.3625767,1
ENSG00000178965,0.98070586,1.3350766,1
ENSG00000007908,0.032872524,0.0,1
ENSG00000117054,2.4161658,2.9745624,1
ENSG00000158748,1.5643636,1.3613123,1
ENSG00000273338,1.0956001,1.9346701,1
ENSG00000132680,1.7179264,2.660224,1
ENSG00000187642,0.4989419,0.7762652,1
ENSG00000048707,1.905701,1.6892289,1
ENSG00000078618,0.08965659,0.0,1
ENSG00000132881,1.4167211,1.8910242,1
ENSG00000135778,0.97787696,2.2310386,1
ENSG00000272205,2.8054843,1.5434968,1
ENSG00000162873,0.11094665,0.0,1
ENSG00000228794,0.5337568,0.0,1
ENSG00000203666,1.6387591,1.3578777,1
ENSG00000198821,0.3402268,1.0441084,1
ENSG00000118733_1,0.22066414,0.0,1
ENSG00000132185,0.2006012,0.0,1
ENSG00000027869,0.58895445,0.0,1
ENSG00000188976,1.9047399,2.9445474,1
ENSG00000263528,0.3591352,1.0743043,1
ENSG00000117411,2.1670642,2.247556,1
ENSG00000173409,2.40844,0.0,1
ENSG00000160818,0.6358544,0.0,1
ENSG00000198744,2.1119263,3.3948367,1
ENSG00000158014,1.7649835,1.5636591,1
ENSG00000230424,2.8683667,2.3484995,1
ENSG00000066056,0.08392205,0.0,1
ENSG00000285053,2.3053508,2.0999222,1
ENSG00000228697,0.08394532,0.0,1
ENSG00000162378,2.091883,2.5613422,1
ENSG00000116198,2.4736564,2.3132722,1
ENSG00000196188,0.08837437,0.0,1
ENSG00000162510,0.59254605,1.6284155,1
ENSG00000197106,1.5886616,1.5876436,1
ENSG00000054267,2.3232253,0.9876216,1
ENSG00000132849_1,0.043041486,0.0,1
ENSG00000157933,1.9789181,1.6674529,1
ENSG00000143344,2.1302211,0.8963609,1
ENSG00000197530,2.7005632,2.151094,1
ENSG00000169717,0.17215154,0.0,1
ENSG00000238107,2.2645001,0.0,1
ENSG00000168710_1,2.6851208,1.6468741,1
ENSG00000222009,1.5079488,1.8040371,1
ENSG00000162729,1.6930871,2.0935547,1
ENSG00000172031,1.2757269,1.6144121,1
ENSG00000238260,2.016892,1.0810231,1
ENSG00000116786,2.0772955,2.4002357,1
ENSG00000152061,2.6894016,1.3749682,1
ENSG00000237973,2.299474,2.630875,1
ENSG00000234546,1.3322768,1.140885,1
ENSG00000223883,0.05703391,0.0,1
ENSG00000132879,1.4410089,1.6352926,1
ENSG00000186501,2.531492,0.0,1
ENSG00000143376,2.1595497,2.505123,1
ENSG00000236975,0.083191924,0.0,1
ENSG00000219481,2.742158,2.3528576,1
ENSG00000075151_1,1.266657,1.5342419,1
ENSG00000142945,2.3550818,3.0934532,1
ENSG00000201609,0.07557724,0.0,1
ENSG00000150681,0.06405346,0.0,1
ENSG00000175087_1,2.7072558,2.228372,1
ENSG00000177674,2.3461063,2.5226867,1
ENSG00000143126,2.1103997,1.9663529,1
ENSG00000076864,1.6580882,0.0,1
ENSG00000158825,0.22809952,1.2215968,1
ENSG00000143473,1.1489887,0.0,1
ENSG00000121957_1,2.3487005,0.0,1
ENSG00000134240,0.066169165,0.0,1
ENSG00000155761,0.6553462,0.0,1
ENSG00000160710,1.7665353,1.8152057,1
ENSG00000143669_1,0.08956583,0.0,1
ENSG00000163518,0.062113866,0.0,1
ENSG00000180875,0.76569957,0.0,1
ENSG00000116685,2.408254,2.3395667,1
ENSG00000122417,0.02514482,0.0,1
ENSG00000162571_1,0.24947938,0.0,1
ENSG00000117676_2,0.3477106,0.0,1
ENSG00000116649,2.5161488,3.1446738,1
ENSG00000131788,1.8262094,1.8015271,1
ENSG00000117000,2.4695382,2.471695,1
ENSG00000236427_1,0.01567532,0.0,1
ENSG00000121940,2.451424,2.8461885,1
ENSG00000143337,2.194833,1.9208535,1
ENSG00000117419_1,2.129047,2.4278316,1
ENSG00000232265_1,0.3918675,0.0,1
ENSG00000116161,2.3697443,2.291169,1
ENSG00000121775,2.5219138,2.5100098,1
ENSG00000291158_3,1.2947348,0.0,1
ENSG00000143318,0.13272873,0.0,1
ENSG00000183386,1.9116855,1.7478156,1
ENSG00000117245_1,1.7314352,1.5017848,1
ENSG00000163468_1,2.311314,3.6001656,1
ENSG00000154007,0.007698804,0.0,1
ENSG00000143507_1,2.2219179,1.831204,1
ENSG00000179397,0.9407815,0.0,1
ENSG00000070759,1.7468696,2.227527,1
ENSG00000162814,0.36864898,0.0,1
ENSG00000157978_1,0.14557631,0.0,1
ENSG00000049245,2.261056,2.8251948,1
ENSG00000188859,1.640974,1.7705796,1
ENSG00000133059,2.3559897,1.5509984,1
ENSG00000143353,1.9761995,3.0061536,1
ENSG00000136631_1,1.4301218,0.0,1
ENSG00000121764,0.7668375,0.0,1
ENSG00000244020,0.33022708,1.1560643,1
ENSG00000143390_2,1.5265392,1.8604578,1
ENSG00000149527,0.29887986,0.0,1
ENSG00000116771,1.0977175,1.1634297,1
ENSG00000226486,0.032712363,0.0,1
ENSG00000233482,0.031785104,0.0,1
ENSG00000158008,0.25787586,0.84992284,1
ENSG00000198837,1.7263033,2.2255936,1
ENSG00000157191,2.3449814,0.0,1
ENSG00000278274,0.27978387,1.2019157,1
ENSG00000125462_1,0.37991062,1.0343878,1
ENSG00000164011,1.7646621,2.369748,1
ENSG00000222650,0.040905043,0.0,1
ENSG00000122484,2.1867971,2.3278246,1
ENSG00000162526,0.39059508,0.0,1
ENSG00000162415,1.7215637,1.668563,1
ENSG00000277344,0.4363886,0.0,1
ENSG00000290683,2.064379,2.8737147,1
ENSG00000189339,2.7719796,1.9915361,1
ENSG00000049089_1,0.66284794,1.1211789,1
ENSG00000065243_1,2.457992,1.3460202,1
ENSG00000117115_1,1.1812608,0.0,1
ENSG00000171729_1,1.5678841,1.3350565,1
ENSG00000154027_3,1.2536279,0.99303925,1
ENSG00000163374_1,2.4957266,2.4329212,1
ENSG00000186007_1,0.41427532,0.0,1
ENSG00000143442,2.0951905,2.0969794,1
ENSG00000157064,0.3343762,0.0,1
ENSG00000197568,2.3192966,0.0,1
ENSG00000236021,2.3994868,1.9201756,1
ENSG00000169905,1.4374316,3.0093362,1
ENSG00000179914,0.067846395,0.0,1
ENSG00000076258,0.12055479,0.0,1
ENSG00000154429,2.3370874,2.3491669,1
ENSG00000158887,0.94072366,1.7213076,1
ENSG00000215906,0.061463416,0.0,1
ENSG00000286109,0.06975727,0.0,1
ENSG00000277918,2.5465298,2.5314074,1
ENSG00000204084,2.1367912,2.04065,1
ENSG00000206828,2.5002584,0.0,1
ENSG00000153187_3,2.6036265,2.0976043,1
ENSG00000293264,0.55424756,0.0,1
ENSG00000119285,2.0752084,2.6819844,1
ENSG00000130772,1.8714596,0.0,1
ENSG00000156869,0.45669723,0.0,1
ENSG00000054392,0.14073989,0.0,1
ENSG00000188404,0.02730637,0.0,1
ENSG00000054267_1,2.1715164,2.6173851,1
ENSG00000082512_1,1.7476449,1.670793,1
ENSG00000131686,0.13322014,0.0,1
ENSG00000229956,1.3084219,0.0,1
ENSG00000117614,2.4191637,2.9584804,1
ENSG00000235358,2.3359392,0.9562837,1
ENSG00000163462_1,0.34645393,0.92577606,1
ENSG00000223635,2.6361067,1.5642872,1
ENSG00000142949,0.27039889,1.0392555,1
ENSG00000169972,2.4316785,2.4909272,1
ENSG00000162897,0.10889843,0.0,1
ENSG00000240563,0.23423412,0.0,1
ENSG00000227868,0.07156955,0.0,1
ENSG00000143614,2.5296009,2.6307533,1
ENSG00000134248,2.3610845,2.98898,1
ENSG00000229588,0.45704323,1.1211658,1
ENSG00000116288_1,2.583867,0.0,1
ENSG00000182004,2.195073,3.6163158,1
ENSG00000116138,2.463721,2.4280863,1
ENSG00000142677,0.10900301,0.0,1
ENSG00000169914,2.4674006,2.517143,1
ENSG00000227290,0.11646399,0.0,1
ENSG00000242252,0.338848,1.241895,1
ENSG00000085999,2.1278327,2.7762797,1
ENSG00000162891,0.14053631,0.0,1
ENSG00000284657,2.4094534,0.0,1
ENSG00000043514,2.2150033,3.0223088,1
ENSG00000176261,1.4664356,0.0,1
ENSG00000143013_1,2.130181,1.532627,1
ENSG00000143321,1.5208901,1.7882603,1
ENSG00000169291,1.7762141,1.3871655,1
ENSG00000162551_1,0.123015255,0.0,1
ENSG00000171163,2.7080677,2.4732387,1
ENSG00000133019_2,0.031062856,0.0,1
ENSG00000184908_2,0.5603855,0.0,1
ENSG00000121933,0.17252813,0.0,1
ENSG00000127125,2.062252,2.1772566,1
ENSG00000143322_1,2.0390828,2.007039,1
ENSG00000162714,2.3099046,0.0,1
ENSG00000174827,0.090890795,0.0,1
ENSG00000291156,1.809113,2.0774043,1
ENSG00000122481,2.0335119,2.3311074,1
ENSG00000180287_1,1.6713604,1.8563966,1
ENSG00000009724,0.23457825,0.93515444,1
ENSG00000162458,0.262724,0.0,1
ENSG00000117525,1.3097681,1.312262,1
ENSG00000127124,1.7802051,1.9169695,1
ENSG00000271601,2.2029169,2.368008,1
ENSG00000116514,2.3020785,1.9374677,1
ENSG00000079739,1.1622534,1.219951,1
ENSG00000066136,2.770802,2.8149,1
ENSG00000187634_2,1.772769,1.1541804,1
ENSG00000211452,0.12289313,0.0,1
ENSG00000117707_2,0.22765647,0.0,1
ENSG00000154027_1,0.40998688,1.1900514,1
ENSG00000187223,0.051639073,0.0,1
ENSG00000182866,0.7581758,1.1742634,1
ENSG00000231768,0.11989382,1.1778538,1
ENSG00000143515_1,1.5576369,1.2215707,1
ENSG00000117682,2.2745526,1.9531603,1
ENSG00000162819_1,1.3378663,0.0,1
ENSG00000143036,1.6095505,0.8997111,1
ENSG00000198815,2.4267395,0.0,1
ENSG00000078900,1.9825951,1.4605521,1
ENSG00000121931,2.4293437,3.1924531,1
ENSG00000092850,0.8409758,0.0,1
ENSG00000116871_1,2.6697266,2.260298,1
ENSG00000226891,0.71261746,0.9736819,1
ENSG00000258673,0.09233903,0.0,1
ENSG00000117155,2.557391,2.3727777,1
ENSG00000228126,2.1964602,0.0,1
ENSG00000274428,1.7528747,0.0,1
ENSG00000197747_1,1.3951365,1.719704,1
ENSG00000153898,1.3360344,1.1005015,1
ENSG00000290592,0.091828555,0.0,1
ENSG00000097096,2.3840055,1.8721272,1
ENSG00000120948,2.651997,3.2261176,1
ENSG00000162643,0.16365188,0.0,1
ENSG00000131697,2.5857177,2.2810583,1
ENSG00000186063_1,1.7178425,0.0,1
ENSG00000204219,0.96187377,0.0,1
ENSG00000135837,2.6580644,2.5286725,1
ENSG00000213085,0.52655345,0.0,1
ENSG00000230489,0.34388307,0.0,1
ENSG00000142599_1,0.44849864,0.0,1
ENSG00000162896,0.07877514,0.0,1
ENSG00000162595,0.37594235,1.554804,1
ENSG00000143512,0.14831242,0.0,1
ENSG00000225206_1,0.48475564,1.8288403,1
ENSG00000187801_1,2.2513957,0.9708116,1
ENSG00000234754,0.030717311,0.0,1
ENSG00000170075,0.3450144,1.1130203,1
ENSG00000212144,0.09436938,0.0,1
ENSG00000116221,2.21316,3.4684656,1
ENSG00000120333,0.20899378,0.8461515,1
ENSG00000143303,2.3825097,2.8129134,1
ENSG00000120334_1,2.4442613,2.917038,1
ENSG00000171735,2.5049524,1.6714135,1
ENSG00000226067_1,1.4760762,0.9413623,1
ENSG00000047410_1,2.0610158,2.0424967,1
ENSG00000197520,0.07340497,1.8597926,1
ENSG00000079277,1.8243521,0.0,1
ENSG00000171960,2.2474773,2.8615248,1
ENSG00000065183,2.2259753,2.3759542,1
ENSG00000198700,2.4628463,2.5276196,1
ENSG00000229953,1.5108738,3.450041,1
ENSG00000168528_2,1.0498974,0.0,1
ENSG00000236358,0.48299918,0.0,1
ENSG00000066294,0.22575788,0.0,1
ENSG00000186056,2.8541267,2.3822873,1
ENSG00000137955,1.6465639,3.0719225,1
ENSG00000143578,2.4699955,1.8827522,1
ENSG00000135821,2.4420018,2.1388392,1
ENSG00000143851_2,0.8836922,1.8416972,1
ENSG00000203963,0.10938709,0.0,1
ENSG00000228606,0.56757927,1.1485101,1
ENSG00000197747,0.20180406,0.0,1
ENSG00000154027_2,0.19542606,0.0,1
ENSG00000187513,0.33557466,0.0,1
ENSG00000116711,0.054792378,0.0,1
ENSG00000187010,0.719561,2.5380015,1
ENSG00000007341,0.52561164,0.0,1
ENSG00000143452,0.18760048,1.0536776,1
ENSG00000163221,0.06985991,0.0,1
ENSG00000094963,0.029127043,0.0,1
ENSG00000011021,2.6646762,2.1132011,1
ENSG00000078900_1,0.24733664,0.0,1
ENSG00000134207,1.4554297,1.6058866,1
ENSG00000116774,0.2350093,0.0,1
ENSG00000143554,1.4139515,1.779957,1
ENSG00000233791,0.482471,0.0,1
ENSG00000198483,0.6605784,0.0,1
ENSG00000154309,1.1426023,0.0,1
ENSG00000134717,2.5095792,0.0,1
ENSG00000162496,1.5363243,1.5786163,1
ENSG00000117450_1,0.095851116,0.0,1
ENSG00000162434,2.2540848,2.5790973,1
ENSG00000135845,1.5325967,0.0,1
ENSG00000233621,2.16926,0.0,1
ENSG00000133065,2.215054,2.115747,1
ENSG00000162493_1,0.802347,0.0,1
ENSG00000066136_1,2.8606665,2.153949,1
ENSG00000143320,0.52401036,0.0,1
ENSG00000123472_1,1.9970413,2.2651246,1
ENSG00000117139_2,2.0022898,3.2080274,1
ENSG00000229989_1,0.04457254,0.0,1
ENSG00000170382,1.0851755,1.5372775,1
ENSG00000237429,1.5222968,2.120462,1
ENSG00000266094_1,0.15014008,0.0,1
ENSG00000121446,0.03387429,0.0,1
ENSG00000075945,1.5155004,2.1533177,1
ENSG00000183780,1.6845921,1.6719408,1
ENSG00000143858,0.9045941,0.0,1
ENSG00000291242,1.0013275,0.0,1
ENSG00000158887_1,0.39212298,0.0,1
ENSG00000116977,2.1505187,2.820164,1
ENSG00000198216_1,0.35062027,0.0,1
ENSG00000252947,0.09005968,0.0,1
ENSG00000215784,2.4749405,2.8172777,1
ENSG00000162736,2.107368,2.8436096,1
ENSG00000143353_1,2.2605922,1.3175076,1
ENSG00000131781,0.37467584,0.0,1
ENSG00000171608,1.549265,2.0468774,1
ENSG00000237928,0.107646815,0.0,1
ENSG00000252501,0.029423503,0.0,1
ENSG00000162594,0.03954743,0.0,1
ENSG00000117155_1,2.5664978,2.712206,1
ENSG00000196352_2,0.08117828,0.0,1
ENSG00000203709,0.21604258,0.0,1
ENSG00000121957,2.278224,2.4450076,1
ENSG00000134250,1.9935598,1.4568517,1
ENSG00000143125,0.06642144,0.0,1
ENSG00000118473_1,0.46211654,0.0,1
ENSG00000162522_1,2.093755,2.1044462,1
ENSG00000134253,2.4174075,1.6078302,1
ENSG00000197245,0.1754042,0.0,1
ENSG00000265961,0.08228487,0.0,1
ENSG00000116350,2.92913,2.9266675,1
ENSG00000289881,1.6950519,1.2742734,1
ENSG00000230426_1,0.024779378,0.0,1
ENSG00000158062,2.0867586,2.2464862,1
ENSG00000092853,0.059903435,0.0,1
ENSG00000184330,0.052306876,0.0,1
ENSG00000291129,0.34398386,1.1813576,1
ENSG00000221986,0.58131987,0.0,1
ENSG00000117448,1.9897707,2.5429375,1
ENSG00000157184,2.3950145,2.6017308,1
ENSG00000203943,0.13426143,0.0,1
ENSG00000117477,0.3534393,0.0,1
ENSG00000219073,0.106382936,0.0,1
ENSG00000126067,1.9315354,3.8232949,1
ENSG00000135773,0.17524448,0.7717344,1
ENSG00000163041,2.7354853,3.9916995,1
ENSG00000127603_2,0.47657618,2.1904242,1
ENSG00000116497,2.699794,1.8875779,1
ENSG00000117016,0.6781749,0.0,1
ENSG00000171385_1,1.8430282,1.6425931,1
ENSG00000077152,2.2701473,0.0,1
ENSG00000116525,0.5192737,1.800706,1
ENSG00000162694_1,0.7255825,2.4028802,1
ENSG00000130768,0.26116115,1.1390285,1
ENSG00000117322,1.1322281,1.2699564,1
ENSG00000205116,0.71811944,1.4483198,1
ENSG00000143624_1,0.10198157,0.0,1
ENSG00000117859_1,2.34478,3.0373309,1
ENSG00000160710_1,0.62537855,0.0,1
ENSG00000196449,2.456632,2.4895365,1
ENSG00000291157,0.07298879,0.0,1
ENSG00000197429,2.6455078,1.8841097,1
ENSG00000143595,0.61557275,1.7981325,1
ENSG00000054523,2.317328,2.319183,1
ENSG00000117308,0.6567704,1.474988,1
ENSG00000281406_1,1.5768659,1.2118678,1
ENSG00000162745_1,1.568022,1.3057168,1
ENSG00000121904,1.4500077,1.7865385,1
ENSG00000065243,2.5716271,2.6672475,1
ENSG00000198162,2.2620063,2.501778,1
ENSG00000132677,0.33229396,0.0,1
ENSG00000182901,1.5990217,1.8394152,1
ENSG00000274210,2.0900247,2.9727628,1
ENSG00000054392_2,1.0976199,1.6994301,1
ENSG00000198691_1,0.09975999,0.0,1
ENSG00000037637,2.637185,2.6845303,1
ENSG00000231666,0.11405071,0.0,1
ENSG00000118454,2.4297144,2.453931,1
ENSG00000224259,0.09692899,0.0,1
ENSG00000135862,1.8109772,1.7491719,1
ENSG00000201317,0.04921137,0.0,1
ENSG00000178028,1.153612,1.9904543,1
ENSG00000265491,2.4150684,2.6373706,1
ENSG00000117152,0.10894293,0.0,1
ENSG00000142684,2.2800581,2.9570682,1
ENSG00000163435,0.13128461,0.0,1
ENSG00000270276,2.4891713,3.4362867,1
ENSG00000136630,1.7116312,1.4865721,1
ENSG00000230285,0.033704516,0.0,1
ENSG00000179051,2.1847904,2.8288596,1
ENSG00000123473,2.6194048,2.6669586,1
ENSG00000137968,0.022910941,0.0,1
ENSG00000243062,0.09179669,0.0,1
ENSG00000182749,2.3280048,1.8923784,1
ENSG00000151418,0.021514269,0.0,1
ENSG00000135824_1,0.079253405,0.0,1
ENSG00000224259_1,0.096648894,0.0,1
ENSG00000137955_2,0.26893046,2.320761,1
ENSG00000197530_2,0.83482116,0.0,1
ENSG00000253097,0.087050386,0.0,1
ENSG00000135744_1,0.09431271,0.0,1
ENSG00000163485,0.28700143,0.0,1
ENSG00000157060,1.5545312,1.4239664,1
ENSG00000163125,2.01166,2.3966718,1
ENSG00000162877,0.6795936,0.0,1
ENSG00000116396_1,1.1236458,1.4493086,1
ENSG00000122224,0.11410045,0.0,1
ENSG00000162433_1,1.7761902,0.0,1
ENSG00000156876,1.9954361,0.0,1
ENSG00000198492,2.6720715,3.0443437,1
ENSG00000084070,0.12031124,0.0,1
ENSG00000142694,1.7919493,2.0458703,1
ENSG00000117281,0.03856234,0.0,1
ENSG00000133226,2.7782972,3.2316403,1
ENSG00000286106,2.0609078,1.535813,1
ENSG00000133069_1,0.27505594,0.0,1
ENSG00000185630,0.47196677,0.0,1
ENSG00000143171,0.4845914,1.1985581,1
ENSG00000058804,2.405919,2.7245314,1
ENSG00000170498,0.13061601,0.7579424,1
ENSG00000162374_1,0.08616154,0.8105282,1
ENSG00000143437,2.0362482,2.2812426,1
ENSG00000286172,2.363191,2.1327462,1
ENSG00000227043,0.048026633,0.0,1
ENSG00000116151,2.5473366,2.0597339,1
ENSG00000203705,2.3765104,2.5452898,1
ENSG00000117009,0.18213889,0.0,1
ENSG00000163041_1,1.021694,1.1109599,1
ENSG00000162520,1.6854117,0.0,1
ENSG00000142627,1.2800902,1.3121985,1
ENSG00000196187_1,0.3069666,0.0,1
ENSG00000132704,0.06201832,0.0,1
ENSG00000097021,0.13673833,0.0,1
ENSG00000143793_1,2.2707622,2.418914,1
ENSG00000171161,2.6655092,2.7112799,1
ENSG00000118194_2,0.11560918,0.0,1
ENSG00000160789,1.475699,0.0,1
ENSG00000235200,0.09529979,0.0,1
ENSG00000186564,2.325609,1.8710414,1
ENSG00000117632_1,1.4905738,0.0,1
ENSG00000169442,0.5204573,0.0,1
ENSG00000069424,2.5579073,2.0204442,1
ENSG00000185966,0.048063844,0.0,1
ENSG00000272438,1.9600476,0.0,1
ENSG00000143772,0.15066883,0.0,1
ENSG00000116793_1,2.4454691,2.34631,1
ENSG00000082497,1.5352848,1.4023646,1
ENSG00000143375,1.5103837,1.3031312,1
ENSG00000160710_3,0.8436791,2.6512663,1
ENSG00000143033,1.8427782,2.4073553,1
ENSG00000223075,0.054640297,0.0,1
ENSG00000135824_2,0.2910763,0.0,1
ENSG00000117148,0.18338737,1.6581163,1
ENSG00000287064,0.18821807,0.0,1
ENSG00000132763,1.7813598,0.0,1
ENSG00000131779,2.1197574,0.0,1
ENSG00000171612,2.5624113,2.5280988,1
ENSG00000183155,2.7435415,2.4366858,1
ENSG00000169213,1.468421,1.252489,1
ENSG00000142621_3,0.23330848,0.0,1
ENSG00000196517,0.38814646,1.089778,1
ENSG00000153207,2.6310709,2.7028887,1
ENSG00000158315,0.123484485,0.0,1
ENSG00000143420_1,2.1793299,3.3473768,1
ENSG00000159592,2.6461344,2.4946303,1
ENSG00000156097,0.14095403,0.0,1
ENSG00000203985,0.09021206,0.0,1
ENSG00000000938_2,0.24196845,0.0,1
ENSG00000174514,1.5042373,1.5664847,1
ENSG00000132906,2.5742311,2.5900745,1
ENSG00000181036,0.1272441,0.0,1
ENSG00000240038,0.012463303,0.0,1
ENSG00000142798,0.14856806,0.8267225,1
ENSG00000143195,1.6109893,1.8019248,1
ENSG00000196505,2.2268014,2.0391324,1
ENSG00000162441,0.53443867,0.0,1
ENSG00000243710,1.7028954,1.2419249,1
ENSG00000251503,2.434603,2.2725518,1
ENSG00000234593,0.3095468,2.3153782,1
ENSG00000143669,2.2043436,1.2583978,1
ENSG00000117523,1.8486141,3.2842932,1
ENSG00000143753_1,2.3364472,1.1026394,1
ENSG00000137960_1,1.3135164,1.2895889,1
ENSG00000228536_2,0.03825938,0.0,1
ENSG00000143801,2.1642153,2.053501,1
ENSG00000168679,0.07233792,0.0,1
ENSG00000067606_3,0.14341833,0.0,1
ENSG00000135776,2.6769278,2.6641905,1
ENSG00000143552,0.32749403,0.0,1
ENSG00000132906_1,2.7146049,2.6496425,1
ENSG00000163534,0.05715871,0.0,1
ENSG00000088035,1.8472683,2.2867908,1
ENSG00000202056,0.64012194,0.8423596,1
ENSG00000142609,0.22442135,0.0,1
ENSG00000232265,1.025364,2.6699924,1
ENSG00000060656_1,0.39013574,0.0,1
ENSG00000207181,0.4745282,0.7532459,1
ENSG00000203804,1.2796715,0.0,1
ENSG00000197472,1.3255751,2.102492,1
ENSG00000228536_1,0.055044513,0.0,1
ENSG00000117479,2.6114275,2.3124778,1
ENSG00000142623_1,0.11921925,0.0,1
ENSG00000187730,1.78459,2.0530286,1
ENSG00000253368,1.7591759,1.5778248,1
ENSG00000272145,2.8649487,2.8151126,1
ENSG00000117620,2.0798502,2.3470411,1
ENSG00000235942,0.045158185,0.7579272,1
ENSG00000123838,0.06824886,0.0,1
ENSG00000157911,2.6296303,0.0,1
ENSG00000198715,0.39887482,0.0,1
ENSG00000197915,0.02718177,0.0,1
ENSG00000203737,0.02849335,0.0,1
ENSG00000178096,0.28654486,0.7034633,1
ENSG00000162733,0.09019841,0.0,1
ENSG00000127129,0.72690785,1.3109056,1
ENSG00000074800_1,2.3849545,0.0,1
ENSG00000142867,2.5539744,2.5023725,1
ENSG00000159166_2,0.49601033,1.570858,1
ENSG00000163206,0.05833283,0.0,1
ENSG00000116745,0.021147307,0.0,1
ENSG00000050628,1.7437783,2.3114974,1
ENSG00000143156,1.2529849,0.0,1
ENSG00000169218,1.3231797,1.4085282,1
ENSG00000142920,1.6059725,0.0,1
ENSG00000171492,2.3872108,2.3648136,1
ENSG00000264522,2.4420323,0.0,1
ENSG00000199879,1.9043417,0.0,1
ENSG00000016490,0.050839305,0.0,1
ENSG00000143199,0.16619799,0.0,1
ENSG00000143153_1,2.0718045,1.7700932,1
ENSG00000121903,1.0345784,0.0,1
ENSG00000143436,1.5122094,0.0,1
ENSG00000158161,2.2938943,2.8740757,1
ENSG00000291141,1.0392925,1.295039,1
ENSG00000014914_2,0.18709713,0.9708116,1
ENSG00000137975,0.04424047,0.0,1
ENSG00000116285,2.0155294,1.7212582,1
ENSG00000117748_1,2.6890185,3.0260508,1
ENSG00000198625,2.5896091,2.7430549,1
ENSG00000120332,0.09975514,0.0,1
ENSG00000184270,2.1437469,3.3091872,1
ENSG00000162779,1.6943078,0.0,1
ENSG00000143545,0.6683215,2.8802853,1
ENSG00000116199,2.6550143,2.4759617,1
ENSG00000088280_1,2.1293535,0.0,1
ENSG00000117602,1.2129225,1.3839768,1
ENSG00000122176,0.10990475,0.0,1
ENSG00000153187_4,2.6497078,2.9165592,1
ENSG00000162913,1.9271412,1.0512992,1
ENSG00000180198,1.956531,3.7473457,1
ENSG00000230623_1,0.046655614,0.0,1
ENSG00000236069,0.031583387,0.0,1
ENSG00000077157,2.531506,2.3013556,1
ENSG00000288867,0.051386498,0.0,1
ENSG00000014914_1,0.149141,0.92582756,1
ENSG00000090621_1,2.0309618,3.3388588,1
ENSG00000116691,2.398526,2.6988058,1
ENSG00000186007,0.0870974,0.0,1
ENSG00000065600,2.1760254,2.126693,1
ENSG00000159166,1.4050333,0.0,1
ENSG00000143158,2.7660985,3.07116,1
ENSG00000000457,2.5201359,2.0305188,1
ENSG00000116703,0.13475132,0.0,1
ENSG00000074964_1,0.13927935,0.0,1
ENSG00000237330,0.8122713,0.0,1
ENSG00000236963_1,0.09361847,0.60957307,1
ENSG00000196187,0.14124553,0.0,1
ENSG00000198771,2.270522,2.594408,1
ENSG00000162909_2,0.11492349,0.0,1
ENSG00000162618_1,0.01537955,0.0,1
ENSG00000116489,2.4030857,3.688241,1
ENSG00000137936,0.04717267,0.0,1
ENSG00000227070,1.1278578,2.4008884,1
ENSG00000231057,2.3952963,1.3096727,1
ENSG00000162753,0.19085678,0.0,1
ENSG00000054282,2.2811322,2.50812,1
ENSG00000143520,0.00760641,0.0,1
ENSG00000159164,0.1947236,0.0,1
ENSG00000082482_1,1.5664399,1.8123116,1
ENSG00000081026,2.2923877,1.5841728,1
ENSG00000143149,2.333898,1.9143537,1
ENSG00000116254,1.7588857,1.2742964,1
ENSG00000171790,0.28063163,0.0,1
ENSG00000187634,0.94896674,0.0,1
ENSG00000234741_1,2.2860343,2.8948686,1
ENSG00000116668,2.119357,1.3398885,1
ENSG00000121486,2.1917894,2.3303936,1
ENSG00000120937,1.0381572,0.0,1
ENSG00000168509,0.71579236,0.0,1
ENSG00000252826,0.6707972,0.0,1
ENSG00000162600,1.7723359,2.398636,1
ENSG00000224209,1.4882703,1.2671483,1
ENSG00000049247,0.05970115,0.0,1
ENSG00000286619,2.080485,1.6919739,1
ENSG00000162704,2.2893257,2.9537413,1
ENSG00000143217,0.35799238,0.0,1
ENSG00000143365_1,0.15185414,0.62252486,1
ENSG00000162413,2.7113833,2.3488693,1
ENSG00000057468,1.1932306,1.6831372,1
ENSG00000170989,0.65928483,0.0,1
ENSG00000170989_1,0.36406788,0.0,1
ENSG00000142632_1,2.8179762,2.0733516,1
ENSG00000143742,2.6410868,3.5440047,1
ENSG00000142875,2.1638138,2.0530632,1
ENSG00000169174,1.6380726,2.2172313,1
ENSG00000223944,0.3534853,0.0,1
ENSG00000117122,0.13963933,0.78938323,1
ENSG00000171517,1.549214,1.2449695,1
ENSG00000213047_1,2.2415216,1.905526,1
ENSG00000162694,0.7078889,0.0,1
ENSG00000116574,1.7416508,1.4933325,1
ENSG00000155816_1,0.113536246,0.0,1
ENSG00000142875_5,0.019557308,0.0,1
ENSG00000117385,2.6882193,2.300893,1
ENSG00000239887,0.18702064,0.6287771,1
ENSG00000157873_1,0.31592354,0.0,1
ENSG00000176393_1,0.9903414,0.0,1
ENSG00000059588,1.7988998,2.1575778,1
ENSG00000009780,2.3964257,1.8260813,1
ENSG00000067533,1.7929745,0.0,1
ENSG00000117152_1,0.1434676,0.0,1
ENSG00000143226,0.9738616,3.0176759,1
ENSG00000153187_2,2.4458299,2.2069068,1
ENSG00000162408,2.439206,2.788743,1
ENSG00000116141,1.6275733,1.7125571,1
ENSG00000069275,2.4013183,2.8245294,1
ENSG00000143418,0.21007861,0.0,1
ENSG00000291141_1,0.96575654,1.3625202,1
ENSG00000196482_1,0.03677331,0.0,1
ENSG00000143546,0.073256955,0.0,1
ENSG00000177000_2,2.7648861,2.3344276,1
ENSG00000159445,2.5445857,0.0,1
ENSG00000187017,1.8967029,1.9309236,1
ENSG00000090273,2.6730342,3.5315568,1
ENSG00000188015,0.13569598,0.7485756,1
ENSG00000117155_2,2.0921876,2.5732315,1
ENSG00000157131,0.025334269,0.0,1
ENSG00000142892,1.1326809,0.0,1
ENSG00000226067,1.3311701,0.0,1
ENSG00000233396,2.235415,0.0,1
ENSG00000160752,2.705076,2.9670067,1
ENSG00000160712_1,1.5876614,1.7659739,1
ENSG00000231789,0.98726165,2.536023,1
ENSG00000265107,0.14256933,0.0,1
ENSG00000244094,0.036391716,0.0,1
ENSG00000163545,1.6836655,1.6633805,1
ENSG00000074964,1.7256776,1.4838297,1
ENSG00000223764,1.3427786,1.5765026,1
ENSG00000206620,0.43265447,1.177825,1
ENSG00000143622,0.95207846,0.0,1
ENSG00000137942,2.0668576,1.919554,1
ENSG00000133065_1,0.90409225,1.5876436,1
ENSG00000116761,1.853347,2.688563,1
ENSG00000044012,0.16223383,1.1723752,1
ENSG00000085552,1.4236606,0.0,1
ENSG00000184163,1.6727666,0.0,1
ENSG00000238164,0.3687378,0.0,1
ENSG00000175984,1.4709393,0.0,1
ENSG00000158615,2.7245185,2.7160451,1
ENSG00000230630_1,0.062096838,0.0,1
ENSG00000224870,2.6219828,2.4483337,1
ENSG00000158485,0.083429284,0.0,1
ENSG00000240409,2.0080237,4.121724,1
ENSG00000162688,1.944712,0.0,1
ENSG00000134193,0.05680726,0.0,1
ENSG00000143553,1.2684677,2.1620862,1
ENSG00000186510,0.21690586,0.0,1
ENSG00000163565_2,0.06703515,0.0,1
ENSG00000202027,0.20865557,0.0,1
ENSG00000198734,0.2664535,0.8573928,1
ENSG00000121851,2.1754658,2.8927445,1
ENSG00000157978,2.1351178,2.3709939,1
ENSG00000186283,2.223205,2.310842,1
ENSG00000118194,0.18246873,0.65319324,1
ENSG00000126091_1,0.085704975,0.0,1
ENSG00000230124,2.5471807,2.3000212,1
ENSG00000222222,0.32899225,0.0,1
ENSG00000060642,2.713868,1.8557129,1
ENSG00000244057,0.045973554,0.0,1
ENSG00000117395,2.0140152,3.2634468,1
ENSG00000132781,2.6745765,2.226373,1
ENSG00000158195,2.6221883,3.108964,1
ENSG00000238142_1,0.2739613,0.0,1
ENSG00000163155,1.3252999,1.806553,1
ENSG00000086015_1,0.11030784,0.0,1
ENSG00000143157,2.453118,2.417289,1
ENSG00000237980,0.69849825,0.75333786,1
ENSG00000160087,2.4331896,2.898617,1
ENSG00000143776,2.5862908,2.6787004,1
ENSG00000185946,2.0502865,2.580012,1
ENSG00000127124_3,1.8220469,1.4864872,1
ENSG00000143702,0.13378116,0.0,1
ENSG00000117016_1,1.1601415,0.0,1
ENSG00000121644,2.553155,2.4560304,1
ENSG00000116882,0.0120681785,0.0,1
ENSG00000162551,1.608335,1.3624636,1
ENSG00000215704,0.122023724,0.0,1
ENSG00000176444,2.6453874,2.6135142,1
ENSG00000067606_2,0.19785741,0.0,1
ENSG00000116704,2.2909648,1.9166329,1
ENSG00000134222,2.426383,2.2141097,1
ENSG00000162601,1.5033355,0.0,1
ENSG00000048707_2,0.31438217,0.0,1
ENSG00000133067,1.3376327,1.343507,1
ENSG00000179456,0.0679151,0.7806341,1
ENSG00000173660,2.0981922,0.0,1
ENSG00000137992,1.4117775,2.0449708,1
ENSG00000117461,2.5085185,0.0,1
ENSG00000162641,0.062203575,0.0,1
ENSG00000143842,1.3009715,1.3624448,1
ENSG00000171621,1.810368,1.6764559,1
ENSG00000177000,0.99213326,0.0,1
ENSG00000198793,1.9521302,0.0,1
ENSG00000117394,0.79963994,1.292234,1
ENSG00000286391,1.1109143,0.0,1
ENSG00000228536,0.048761897,0.0,1
ENSG00000084652_1,2.5821877,2.350405,1
ENSG00000286389,0.96089816,0.0,1
ENSG00000163220,0.08190426,0.0,1
ENSG00000272106,2.7595322,2.0004296,1
ENSG00000189337,1.5616285,1.2976468,1
ENSG00000116337_4,0.28483802,0.0,1
ENSG00000116785,0.015632952,0.0,1
ENSG00000162735,0.2016393,0.0,1
ENSG00000132694,2.344455,1.7641537,1
ENSG00000116922_1,2.1763825,1.9807894,1
ENSG00000143390,0.10607511,0.0,1
ENSG00000231365_1,2.3543863,0.0,1
ENSG00000258082,0.3948136,0.0,1
ENSG00000270106,2.5257604,0.0,1
ENSG00000118655,2.6250987,2.6804533,1
ENSG00000265241,1.6151842,2.7846901,1
ENSG00000162458_1,1.4400407,1.0984014,1
ENSG00000178395,0.9678876,1.4328731,1
ENSG00000152104,1.502917,0.0,1
ENSG00000117298_2,0.11244097,0.0,1
ENSG00000118473,0.36435577,0.0,1
ENSG00000269713,1.9796108,1.6989005,1
ENSG00000180098,1.4867198,0.0,1
ENSG00000143603,0.1730989,0.0,1
ENSG00000133069_2,0.11659768,0.0,1
ENSG00000143153,2.0713613,1.6176083,1
ENSG00000248485,1.3567909,1.4416951,1
ENSG00000183814,2.6143372,2.5794623,1
ENSG00000160685_1,1.1697974,0.0,1
ENSG00000143093,2.257916,2.3333848,1
ENSG00000188060,1.5148495,1.2812653,1
ENSG00000142619,0.123446666,0.0,1
ENSG00000065135,2.222399,3.049408,1
ENSG00000162591,1.5348703,1.3460594,1
ENSG00000122417_1,1.4478152,1.6842707,1
ENSG00000287516,0.065372504,0.0,1
ENSG00000143257_1,0.12582766,0.0,1
ENSG00000175262,0.069438174,0.0,1
ENSG00000160789_5,0.5630914,1.550336,1
ENSG00000153187_1,0.41032958,1.732249,1
ENSG00000143179_1,2.586911,2.3689969,1
ENSG00000143631,0.0184359,0.0,1
ENSG00000123685,1.838898,1.5708348,1
ENSG00000143355,0.17464489,0.0,1
ENSG00000142910_1,0.15132539,0.0,1
ENSG00000198929,1.9301527,1.3435858,1
ENSG00000133063,0.11359658,0.0,1
ENSG00000143839,0.110267825,0.0,1
ENSG00000156150,0.1567053,0.0,1
ENSG00000214193,1.0398015,1.0064062,1
ENSG00000228971_1,0.033236966,0.0,1
ENSG00000159592_2,1.5365288,0.0,1
ENSG00000122188,0.11701205,0.0,1
ENSG00000135821_1,2.6221452,3.3922431,1
ENSG00000203965_1,2.2711477,0.0,1
ENSG00000223956,0.027425509,0.0,1
ENSG00000158156,1.8594537,1.550314,1
ENSG00000116212_1,1.8841709,2.458381,1
ENSG00000132692,1.4720235,1.7248491,1
ENSG00000273002,0.7068474,1.5744249,1
ENSG00000143632,0.47781396,1.3904759,1
ENSG00000126106,2.294916,0.0,1
ENSG00000143469_1,1.6420919,1.2403744,1
ENSG00000142949_1,1.7235569,1.6836773,1
ENSG00000275291,1.9831165,0.0,1
ENSG00000143179,2.4488492,2.7777748,1
ENSG00000196517_1,1.0303562,1.8114811,1
ENSG00000143570_1,2.3452985,1.8363051,1
ENSG00000162623,0.92725897,2.7011542,1
ENSG00000021852,0.06687025,0.0,1
ENSG00000250734,0.18863192,1.0368284,1
ENSG00000134183_1,1.1149628,0.0,1
ENSG00000158714,0.10546835,0.0,1
ENSG00000184588,1.3578699,1.5117764,1
ENSG00000235358_1,1.6883848,0.0,1
ENSG00000117139_1,1.7064126,1.1985747,1
ENSG00000169224,0.047919292,0.0,1
ENSG00000116670,2.354019,2.6366494,1
ENSG00000116560,2.3624387,4.0871353,1
ENSG00000158793,2.2898428,2.3043418,1
ENSG00000162851,2.6208112,0.0,1
ENSG00000143315,0.8751273,1.8272723,1
ENSG00000174332_1,1.9098803,1.6221,1
ENSG00000198890,2.0198667,2.435266,1
ENSG00000198570,0.53510225,1.0465342,1
ENSG00000054116,2.540198,2.7650363,1
ENSG00000116455,2.3017352,2.626401,1
ENSG00000136628,2.3254166,3.3825788,1
ENSG00000172456_1,2.2492726,0.0,1
ENSG00000215835,0.15088649,2.2596893,1
ENSG00000164010,2.4538145,2.7170544,1
ENSG00000123836_1,2.1561072,0.0,1
ENSG00000238287,1.317695,0.0,1
ENSG00000143158_2,2.4697673,2.94737,1
ENSG00000041988,1.1282411,2.0812032,1
ENSG00000197056,1.5903422,2.3283632,1
ENSG00000143418_1,2.4611628,0.0,1
ENSG00000213190,0.642234,0.0,1
ENSG00000285629,0.17172526,0.0,1
ENSG00000178104,1.1376,1.5771585,1
ENSG00000310526,2.5062988,0.0,1
ENSG00000117632,0.7245127,0.0,1
ENSG00000143537,2.1398413,2.4954264,1
ENSG00000163159,1.4333417,2.3365297,1
ENSG00000162377,2.0372262,2.4280603,1
ENSG00000117640_1,2.6369033,1.5700641,1
ENSG00000116748,0.046688803,0.0,1
ENSG00000117594_1,0.06209309,0.0,1
ENSG00000197785,2.7833781,3.1149077,1
ENSG00000188770,0.07219064,0.0,1
ENSG00000203325,1.1483309,0.9984337,1
ENSG00000143751,2.7736945,2.7877076,1
ENSG00000158786,0.11879839,0.7762361,1
ENSG00000179862,1.7941778,1.7430313,1
ENSG00000177301_2,1.7177749,1.680408,1
ENSG00000187147,0.6622372,0.0,1
ENSG00000120337,0.025858846,0.0,1
ENSG00000162599_3,0.04727297,0.0,1
ENSG00000054392_1,1.1453874,1.5473316,1
ENSG00000097046,2.4805663,2.6950006,1
ENSG00000284719,0.80937785,0.0,1
ENSG00000284882_1,2.3625479,0.0,1
ENSG00000143158_1,2.5148966,3.0043042,1
ENSG00000143337_4,0.18582828,0.0,1
ENSG00000116171,1.31133,2.121688,1
ENSG00000155366,2.0823593,3.0790799,1
ENSG00000186063,2.6935756,2.7207792,1
ENSG00000116337_1,0.69253284,0.0,1
ENSG00000075391,1.8704791,1.3362796,1
ENSG00000076356,1.3662006,1.3904405,1
ENSG00000134668_1,0.41416782,0.0,1
ENSG00000127124_1,0.19442269,0.0,1
ENSG00000143621,1.2364504,0.0,1
ENSG00000001460,1.0235215,1.9788604,1
ENSG00000152078,2.289638,1.8750033,1
ENSG00000143198,2.267636,2.7800803,1
ENSG00000162642,1.8302494,2.3624806,1
ENSG00000143514_1,0.096255116,0.0,1
ENSG00000162511,0.3160977,1.6432453,1
ENSG00000173110,1.6479434,0.0,1
ENSG00000118729,0.06345413,0.0,1
ENSG00000198574,0.2579546,0.0,1
ENSG00000163909,1.6581064,1.113007,1
ENSG00000168264_1,2.2913105,1.8844554,1
ENSG00000162433,1.7790675,2.0866444,1
ENSG00000081019,2.7472622,2.4140787,1
ENSG00000081019_1,2.526871,2.4191856,1
ENSG00000206680,0.044415127,0.0,1
ENSG00000263961,0.09094391,0.0,1
ENSG00000084623_1,1.6378005,0.0,1
ENSG00000267272,1.1101935,0.0,1
ENSG00000116690,0.08498441,0.0,1
ENSG00000119280_2,0.108586445,0.0,1
ENSG00000163131,0.13130268,0.0,1
ENSG00000233008_1,0.57538366,0.8423471,1
ENSG00000142661_1,0.23167838,0.0,1
ENSG00000132702,0.08945112,0.0,1
ENSG00000225632,0.18995163,0.0,1
ENSG00000188931,0.13340029,0.0,1
ENSG00000116478,2.6049054,3.0901592,1
ENSG00000142856,2.1484308,0.0,1
ENSG00000162616,2.7601335,2.1415439,1
ENSG00000134247,1.8582401,2.1474907,1
ENSG00000174348,1.1941192,0.0,1
ENSG00000117153,2.1579683,0.0,1
ENSG00000131591,2.2183204,0.0,1
ENSG00000143761_1,2.5647097,1.0116128,1
ENSG00000172155,0.06102408,0.0,1
ENSG00000171812,1.4637558,0.0,1
ENSG00000160803,2.408215,2.1144176,1
ENSG00000160753,1.0842164,1.0583122,1
ENSG00000260088,2.5542996,2.0600932,1
ENSG00000107404,2.4833746,2.3589242,1
ENSG00000229960,0.0660915,0.0,1
ENSG00000198756,1.5634025,2.3907409,1
ENSG00000215866,1.2955728,1.2613343,1
ENSG00000081870,2.5183687,2.3629704,1
ENSG00000134258,0.10086013,0.0,1
ENSG00000197312,2.64355,2.7858777,1
ENSG00000291137,0.26371613,0.0,1
ENSG00000085465,0.13984801,0.0,1
ENSG00000077157_1,0.039881114,0.0,1
ENSG00000123836,0.17355256,0.0,1
ENSG00000136634,0.18348487,0.8461762,1
ENSG00000143162,2.4674134,3.2533162,1
ENSG00000169469,0.024385426,0.0,1
ENSG00000117020_3,0.68312305,1.1089032,1
ENSG00000230550,0.06789195,0.0,1
ENSG00000143443,0.8468666,1.3636872,1
ENSG00000259030,0.82167774,2.3451953,1
ENSG00000117009_1,0.11298884,0.0,1
ENSG00000117625,2.7220314,2.5110807,1
ENSG00000122482_2,1.8704474,2.34333,1
ENSG00000188783,0.08301739,0.0,1
ENSG00000066135,2.3939764,2.2038403,1
ENSG00000198841,2.2003572,2.2421985,1
ENSG00000175793,1.0631737,0.0,1
ENSG00000290989,2.790936,2.4303122,1
ENSG00000143793,2.5280454,2.2561355,1
ENSG00000126705,2.402913,2.3873186,1
ENSG00000156171_1,2.6505706,2.6979144,1
ENSG00000198892,1.0362526,1.6946139,1
ENSG00000116251_2,1.770302,2.3165407,1
ENSG00000117697,2.5573719,0.0,1
ENSG00000163344,2.3936877,0.0,1
ENSG00000122482_1,2.4870813,2.195623,1
ENSG00000225206,0.40376744,0.0,1
ENSG00000225556,0.75145566,0.0,1
ENSG00000143127,0.14806186,0.0,1
ENSG00000177628_1,0.26924717,0.0,1
ENSG00000184007,0.10453118,0.0,1
ENSG00000118200,2.0380936,2.1025984,1
ENSG00000198216,1.5790796,0.0,1
ENSG00000196420,0.21757933,1.3212545,1
ENSG00000230630,0.08868779,0.0,1
ENSG00000171729,1.0072713,0.0,1
ENSG00000231648,0.022570305,0.0,1
ENSG00000116819,1.1554724,1.6079051,1
ENSG00000134183,0.16926853,1.0441476,1
ENSG00000203739_1,2.6052954,1.9726655,1
ENSG00000291137_1,2.0517647,0.0,1
ENSG00000173372_1,0.09221185,0.7626035,1
ENSG00000143569,2.8577654,2.862042,1
ENSG00000154305,2.1994445,2.906564,1
ENSG00000286071_1,0.037938423,0.0,1
ENSG00000116750,2.6775763,0.0,1
ENSG00000092847_1,1.9661449,2.3392189,1
ENSG00000020633,1.7273414,1.5807084,1
ENSG00000143653,2.1676898,2.6785512,1
ENSG00000237976,1.4132941,2.0051806,1
ENSG00000162522_2,0.74829996,0.0,1
ENSG00000135829,2.7081225,3.4057355,1
ENSG00000162607,2.444217,2.5040493,1
ENSG00000172456_2,1.4063642,0.0,1
ENSG00000171680_1,1.0494993,1.279895,1
ENSG00000064703_1,2.6125128,2.4937494,1
ENSG00000227634,0.093987085,0.0,1
ENSG00000188910,0.5232497,0.96217984,1
ENSG00000168389,1.4936715,0.0,1
ENSG00000172380,1.5401479,0.0,1
ENSG00000228044,0.08145341,0.0,1
ENSG00000188092,2.2995675,0.0,1
ENSG00000117724,2.3157403,3.0136209,1
ENSG00000076864_2,2.318643,2.3789337,1
ENSG00000117594,0.11454091,0.0,1
ENSG00000156869_1,0.7571058,0.0,1
ENSG00000168275_1,2.6161363,2.026758,1
ENSG00000178104_1,1.2237962,1.373923,1
ENSG00000163157,0.10902628,0.0,1
ENSG00000163468,0.100783885,0.0,1
ENSG00000116151_1,2.5685954,2.1717732,1
ENSG00000120334,2.2918434,1.4280019,1
ENSG00000196187_2,2.1491232,2.5104969,1
ENSG00000143761_2,0.13217075,0.0,1
ENSG00000188782,0.21524823,0.0,1
ENSG00000116750_1,1.6098764,1.6741904,1
ENSG00000232679,0.055378817,0.0,1
ENSG00000084073,1.9935108,0.0,1
ENSG00000179051_1,2.2308316,2.6505213,1
ENSG00000168765_1,1.4979013,0.0,1
ENSG00000023572,2.5547597,2.8519185,1
ENSG00000131910,1.265952,1.2909912,1
ENSG00000185860,0.03172882,0.0,1
ENSG00000036549,0.05081232,0.0,1
ENSG00000295836,1.5469067,1.5765141,1
ENSG00000116754,2.487275,2.828667,1
ENSG00000143258,2.068651,2.2593477,1
ENSG00000143850,0.106894344,0.0,1
ENSG00000228063,1.77443,0.0,1
ENSG00000078808,2.6844223,2.8116667,1
ENSG00000198892_1,1.1428314,0.0,1
ENSG00000055732,1.5640168,1.1579099,1
ENSG00000163565,0.06923403,0.0,1
ENSG00000225206_2,0.10647136,0.0,1
ENSG00000162409,1.7239442,1.7772818,1
ENSG00000158710_1,1.5667356,4.010889,1
ENSG00000077549,2.5898392,3.004072,1
ENSG00000184588_5,0.017659271,0.0,1
ENSG00000182866_1,0.12926899,0.0,1
ENSG00000186517,0.23016658,0.0,1
ENSG00000185630_1,0.06533218,0.0,1
ENSG00000053372,2.5936828,2.083825,1
ENSG00000162894_1,0.10496787,0.0,1
ENSG00000143373,2.5026069,1.7900106,1
ENSG00000198400_1,1.9269111,2.1617632,1
ENSG00000203740,0.067849666,0.0,1
ENSG00000023909,2.6745784,2.9261835,1
ENSG00000168765,1.9926021,2.588852,1
ENSG00000157881,2.099052,2.5356612,1
ENSG00000231246,0.08451488,0.0,1
ENSG00000235782,0.038641017,0.0,1
ENSG00000157870_1,1.8773663,1.3200008,1
ENSG00000116748_1,0.055587184,0.0,1
ENSG00000134249,0.173968,0.0,1
ENSG00000143479,2.4636643,2.0899403,1
ENSG00000157330,0.08109201,0.0,1
ENSG00000154027,1.5092645,1.8245163,1
ENSG00000162852,2.6248302,2.7357106,1
ENSG00000134255_1,2.5725706,2.8236027,1
ENSG00000142748,0.079456784,0.0,1
ENSG00000058799,1.902452,2.123881,1
ENSG00000116731,2.1702616,2.5430307,1
ENSG00000116815,2.2207386,2.899138,1
ENSG00000137936_1,1.5822941,1.2231324,1
ENSG00000159516,0.0350423,0.0,1
ENSG00000116688_2,2.7111056,2.8841674,1
ENSG00000162521,2.761911,3.3441093,1
ENSG00000185483,1.596213,1.5708114,1
ENSG00000049246,2.098653,1.7745973,1
ENSG00000143393_1,2.17272,2.4852529,1
ENSG00000229344,2.1447268,3.7272484,1
ENSG00000121905_2,0.9095311,0.0,1
ENSG00000117222,2.1040814,2.497967,1
ENSG00000196754_1,0.2246584,0.0,1
ENSG00000212916,1.5383651,1.2882268,1
ENSG00000284543,0.14758016,0.0,1
ENSG00000162819,2.6952665,2.67799,1
ENSG00000198815_2,0.607317,0.6411567,1
ENSG00000197982,2.4689114,2.453563,1
ENSG00000116604,2.2175372,1.9224141,1
ENSG00000159214,1.6417876,1.7151088,1
ENSG00000116985,1.9349598,1.5442418,1
ENSG00000143184,0.02240882,0.0,1
ENSG00000160075,2.7817147,2.440333,1
ENSG00000143401_1,1.2335668,3.3039818,1
ENSG00000188257,0.08565027,0.0,1
ENSG00000127483,0.08488756,0.0,1
ENSG00000203965,2.294986,2.1186118,1
ENSG00000184908,0.22560191,0.0,1
ENSG00000290735,1.0644643,2.85204,1
ENSG00000135870,2.6849513,2.1854572,1
ENSG00000076321,2.1270142,2.269527,1
ENSG00000237853,0.42631122,0.0,1
ENSG00000157193_1,2.1770551,2.665137,1
ENSG00000117481,2.3797135,2.3377187,1
ENSG00000196189,0.13872,0.0,1
ENSG00000117245,0.3997271,0.0,1
ENSG00000142700,1.1172712,1.322517,1
ENSG00000235098,0.171634,0.0,1
ENSG00000159339,0.17827445,0.92891794,1
ENSG00000185420_1,1.8874662,2.3989153,1
ENSG00000163399,2.5404048,3.1101687,1
ENSG00000143643,2.7057083,2.1907797,1
ENSG00000116521_1,1.6458001,2.8117123,1
ENSG00000188822,0.12713756,0.0,1
ENSG00000169598,2.481843,2.1304464,1
ENSG00000143434,1.6520101,1.1917583,1
ENSG00000069702,1.9584364,1.7273786,1
ENSG00000116191,1.9657614,1.8924285,1
ENSG00000117586,0.063222095,0.0,1
ENSG00000221978,2.7995772,2.6282468,1
ENSG00000134369_1,0.99181515,1.1292063,1
ENSG00000143761,2.7954695,3.4435024,1
ENSG00000090686,2.944555,3.099736,1
ENSG00000169641,1.0447875,0.0,1
ENSG00000000938_1,0.088428624,0.0,1
ENSG00000132485,1.4717172,0.0,1
ENSG00000236719_1,0.07695406,0.0,1
ENSG00000117620_1,1.1510237,0.0,1
ENSG00000196407,0.19409443,0.0,1
ENSG00000185278,2.232089,1.9671922,1
ENSG00000142765,0.35526702,0.0,1
ENSG00000134375,2.5672054,3.2407887,1
ENSG00000186118,0.07865003,0.0,1
ENSG00000143450_1,0.07513179,0.0,1
ENSG00000230623,0.05392399,0.0,1
ENSG00000187017_2,0.14141296,0.0,1
ENSG00000184371,0.9508683,1.9706258,1
ENSG00000075151,2.4072337,2.0886216,1
ENSG00000198830_1,2.388071,1.7899895,1
ENSG00000116580,1.3193253,2.338048,1
ENSG00000122180,0.36025706,0.77170503,1
ENSG00000142621_1,0.72616416,0.0,1
ENSG00000143630,2.1461937,1.7745534,1
ENSG00000162892,0.06973211,0.0,1
ENSG00000159588,0.21447818,0.90633506,1
ENSG00000009709_1,1.217452,1.1331235,1
ENSG00000142599_2,2.5303943,2.5912237,1
ENSG00000227733,0.5233672,0.0,1
ENSG00000134371,2.8620431,3.0043988,1
ENSG00000203859,0.046043087,0.0,1
ENSG00000143314,1.4683845,0.0,1
ENSG00000285554,0.10383226,0.0,1
ENSG00000143811,2.6197548,3.1131475,1
ENSG00000116661,1.4899865,1.5539436,1
ENSG00000131781_1,0.29020703,1.0244036,1
ENSG00000143627_1,0.79682666,0.0,1
ENSG00000154358,0.4365869,0.0,1
ENSG00000235501,1.1636027,1.1796092,1
ENSG00000142655,1.821901,2.8556547,1
ENSG00000290842,2.2331696,1.6328317,1
ENSG00000134389,0.06677779,0.0,1
ENSG00000070831,2.3900294,3.409742,1
ENSG00000162482,1.4906787,0.9161907,1
ENSG00000284770,1.7056677,0.0,1
ENSG00000135823,2.3705537,0.0,1
ENSG00000184588_1,0.040000476,0.0,1
ENSG00000162894,0.07662259,1.1331235,1
ENSG00000277610,2.4603608,0.0,1
ENSG00000132122_1,1.5378555,0.0,1
ENSG00000135835,1.6358641,1.1005085,1
ENSG00000188807,2.3662848,1.6169479,1
ENSG00000116678,2.075283,2.4244225,1
ENSG00000181873,2.7385998,2.1333792,1
ENSG00000097021_2,2.4091542,2.4167438,1
ENSG00000024526,2.189797,2.629867,1
ENSG00000203666_1,2.3258986,1.793462,1
ENSG00000269934,1.8734648,1.6414443,1
ENSG00000272031,1.8998463,0.0,1
ENSG00000156875,2.5654857,2.636458,1
ENSG00000143786_1,1.6155075,1.6973252,1
ENSG00000188004,1.3607177,1.3590193,1
ENSG00000174021,2.0841677,2.9803352,1
ENSG00000142751,2.3618927,2.763075,1
ENSG00000197241,0.105501994,0.0,1
ENSG00000162946_1,0.047697194,0.0,1
ENSG00000143674,1.7175364,1.4328572,1
ENSG00000116584_3,0.7827581,1.5035592,1
ENSG00000183853,0.596275,1.1616075,1
ENSG00000117450,2.6692462,3.7905962,1
ENSG00000285873,1.8837911,1.8102392,1
ENSG00000159377,2.0156624,2.9853358,1
ENSG00000203685,1.5190045,1.5101695,1
ENSG00000163472_1,0.10603654,0.0,1
ENSG00000185842_1,0.052696306,1.2295283,1
ENSG00000230138,0.14202482,0.0,1
ENSG00000177628,0.15211074,0.0,1
ENSG00000198799,2.6801717,2.4350286,1
ENSG00000163472,2.4331772,0.0,1
ENSG00000273274,1.1710359,0.0,1
ENSG00000163239,1.7486373,1.4846983,1
ENSG00000116459,1.325462,2.5580447,1
ENSG00000214193_1,1.5954616,0.0,1
ENSG00000134259,0.6825623,1.4075099,1
ENSG00000186141,2.454674,2.674067,1
ENSG00000142973,0.1289788,0.0,1
ENSG00000196182,2.898118,2.0975661,1
ENSG00000157916,2.555254,3.1305943,1
ENSG00000090020,2.4698014,2.230666,1
ENSG00000187608,0.6593268,0.0,1
ENSG00000143514_2,2.7431607,2.5273128,1
ENSG00000134698,1.9478025,2.0449317,1
ENSG00000270882,2.3948238,3.5705383,1
ENSG00000132128,2.4626567,2.4950306,1
ENSG00000159423,2.3500578,2.226703,1
ENSG00000282564,1.792294,1.3882611,1
ENSG00000160781,0.2740638,0.0,1
ENSG00000163485_2,0.07446691,0.0,1
ENSG00000184588_2,0.047695257,0.0,1
ENSG00000163218,0.13304304,0.0,1
ENSG00000207349,0.49746284,1.3484411,1
ENSG00000290525,0.044449672,0.0,1
ENSG00000163154,0.19270274,0.0,1
ENSG00000117593_1,2.0545187,2.1916354,1
ENSG00000196890,2.408258,2.806058,1
ENSG00000287452,0.07172699,0.0,1
ENSG00000160753_2,1.4667207,2.3669121,1
ENSG00000116688_1,2.6255538,2.9438214,1
ENSG00000131233,0.038494524,0.0,1
ENSG00000163531,1.1935724,0.0,1
ENSG00000169504,2.6775253,2.9561205,1
ENSG00000197880,0.1459549,0.0,1
ENSG00000300262,1.6004583,1.0193241,1
ENSG00000236963_2,0.10658045,0.0,1
ENSG00000116824,0.08333211,0.0,1
ENSG00000163879,0.35771528,0.0,1
ENSG00000162889,1.8240337,2.2083259,1
ENSG00000183291,1.8903282,0.0,1
ENSG00000153187_5,2.7198172,4.004631,1
ENSG00000236782,0.16755356,0.0,1
ENSG00000203785,0.032378286,0.0,1
ENSG00000132768,1.8351847,2.4281995,1
ENSG00000151414_1,0.019466523,0.0,1
ENSG00000198160,2.6265726,2.3035848,1
ENSG00000049249,0.0977685,0.0,1
ENSG00000163395,0.11403605,0.0,1
ENSG00000053371,2.6135497,2.8445692,1
ENSG00000143196,0.08984758,0.0,1
ENSG00000027644,0.9250146,1.2800089,1
ENSG00000224445,0.033196483,0.0,1
ENSG00000178828,0.2801134,0.0,1
ENSG00000197965,2.341107,2.8266804,1
ENSG00000133056,1.5328443,1.7415613,1
ENSG00000231605,0.29987442,0.0,1
ENSG00000143379,0.97346735,0.0,1
ENSG00000163354,0.20398416,0.0,1
ENSG00000233791_1,2.5491178,0.0,1
ENSG00000143376_1,2.20489,1.8991472,1
ENSG00000116663,2.013044,2.1846232,1
ENSG00000120948_1,0.108141266,0.0,1
ENSG00000069248,2.5094483,2.899977,1
ENSG00000152061_2,0.02985222,0.0,1
ENSG00000185090,1.6975245,1.5693856,1
ENSG00000237463_1,0.046335522,0.0,1
ENSG00000186160,0.037660263,0.0,1
ENSG00000189280,0.08385101,0.0,1
ENSG00000081026_1,1.7639884,1.2086025,1
ENSG00000143167,0.11740281,0.0,1
ENSG00000237491,2.7794209,0.0,1
ENSG00000162384,2.5870469,2.3393838,1
ENSG00000160058,2.6246128,2.6130517,1
ENSG00000203782,0.09631467,0.0,1
ENSG00000116521_2,1.4647627,3.0738869,1
ENSG00000227181,0.05176719,0.0,1
ENSG00000160767,0.21104524,1.0629954,1
ENSG00000203747,0.12887888,0.0,1
ENSG00000142973_1,0.11628216,0.0,1
ENSG00000162695,1.8059776,2.4751682,1
ENSG00000153187,0.08793633,2.1218452,1
ENSG00000173627,0.086945534,0.0,1
ENSG00000117154,1.5821776,1.8304603,1
ENSG00000132781_1,2.6937604,2.3450148,1
ENSG00000162493,0.7829731,0.0,1
ENSG00000085831,0.16487731,0.82673544,1
ENSG00000282849,0.06315359,0.0,1
ENSG00000117090,0.19284329,0.0,1
ENSG00000143819_1,0.14874157,0.0,1
ENSG00000143322,0.07378729,0.0,1
ENSG00000117707_1,0.6213455,0.0,1
ENSG00000230937,0.11707582,0.0,1
ENSG00000184908_1,0.91095847,0.0,1
ENSG00000213366,0.73359466,0.0,1
ENSG00000163873,1.781434,1.689806,1
ENSG00000163479,0.2335019,0.0,1
ENSG00000229989,0.18485646,0.0,1
ENSG00000174842,2.141355,2.2420542,1
ENSG00000078369,2.4023423,2.0282662,1
ENSG00000117650,2.331276,2.607751,1
ENSG00000117226,0.060542867,0.0,1
ENSG00000143374,1.2477669,0.0,1
ENSG00000197147,2.6955154,2.7066333,1
ENSG00000274265_1,1.2930807,1.1866908,1
ENSG00000265808,2.0362744,3.124765,1
ENSG00000213281,1.5020044,2.8129108,1
ENSG00000143390_1,0.7510647,0.0,1
ENSG00000143032,1.3571688,0.0,1
ENSG00000116721,0.028787442,0.0,1
ENSG00000116133,2.4931278,3.1790202,1
ENSG00000143320_1,0.4940762,0.7937066,1
ENSG00000133216,1.8247639,2.038163,1
ENSG00000155363,2.4911828,1.5693505,1
ENSG00000183682,1.9773,1.562816,1
ENSG00000162460,0.14770928,0.0,1
ENSG00000271723,0.0826107,0.0,1
ENSG00000143851,1.1526903,2.310846,1
ENSG00000134686_1,1.916018,1.5923878,1
ENSG00000162923_1,0.08941447,0.0,1
ENSG00000028137,1.9444487,3.0469708,1
ENSG00000160741,0.10911416,0.0,1
ENSG00000119535,0.14091633,0.0,1
ENSG00000215915,0.46317443,0.0,1
ENSG00000162545_1,0.7411681,1.7192235,1
ENSG00000042781,0.062152773,0.0,1
ENSG00000134184,0.64112955,0.98209023,1
ENSG00000213512,0.041760284,0.0,1
ENSG00000143702_1,1.5964557,0.0,1
ENSG00000162836,0.796251,0.0,1
ENSG00000132854,1.2618719,1.5102366,1
ENSG00000169885,0.14566496,0.0,1
ENSG00000201801,1.1842811,2.4697366,1
ENSG00000290569,1.7176647,0.0,1
ENSG00000116701,0.11989151,0.0,1
ENSG00000142687,2.6220853,2.5256355,1
ENSG00000135801,2.4382765,2.4573216,1
ENSG00000072694,0.15644887,0.0,1
ENSG00000162493_2,0.11400118,0.0,1
ENSG00000031698,2.4086611,0.0,1
ENSG00000143297,0.031291187,0.0,1
ENSG00000143590,1.494698,0.0,1
ENSG00000184144_1,0.652693,0.0,1
ENSG00000173171_1,2.0499651,2.5067186,1
ENSG00000117335,2.5264504,3.405237,1
ENSG00000137941,1.8532572,1.8753449,1
ENSG00000177954,1.5405821,0.0,1
ENSG00000224051_1,0.76198334,0.0,1
ENSG00000184144,1.0783002,1.593131,1
ENSG00000173218,2.2222486,2.0751052,1
ENSG00000287684,0.062747546,0.0,1
ENSG00000284668,0.45373875,0.0,1
ENSG00000178715,0.45058787,1.5010867,1
ENSG00000184007_2,2.7818923,3.5243416,1
ENSG00000207056,0.06561451,0.0,1
ENSG00000160714,2.5355542,2.1273088,1
ENSG00000117360,2.0328617,0.0,1
ENSG00000196805,0.03982208,0.0,1
ENSG00000265972,2.3563712,3.2786942,1
ENSG00000118292,0.18272881,0.0,1
ENSG00000132681,0.16281702,0.99572295,1
ENSG00000196240,0.025941435,0.0,1
ENSG00000164007,0.40448475,0.0,1
ENSG00000158710,2.017808,0.0,1
ENSG00000187180,0.063310444,0.0,1
ENSG00000197959_1,0.02760193,0.0,1
ENSG00000143179_2,0.12128564,0.0,1
ENSG00000173728,0.10379026,0.0,1
ENSG00000175206,0.23545982,0.0,1
ENSG00000130764,2.558063,2.6619072,1
ENSG00000162909_1,2.3157105,2.9709532,1
ENSG00000226167,2.4224656,0.0,1
ENSG00000285280,0.057899877,0.0,1
ENSG00000079335_2,2.2315872,1.9532038,1
ENSG00000232480,1.7190675,0.0,1
ENSG00000154342,1.7474283,1.4632208,1
ENSG00000291158_2,1.2537746,1.5420532,1
ENSG00000180287,0.052328445,0.0,1
ENSG00000197622,1.8738956,3.1374269,1
ENSG00000162461,0.78975666,0.0,1
ENSG00000122435,1.8674383,2.402899,1
ENSG00000177606,2.1850977,2.1357462,1
ENSG00000163156_1,0.41586408,1.1047329,1
ENSG00000116266,2.499828,2.5451474,1
ENSG00000162366,0.49727935,1.0606601,1
ENSG00000162618_2,0.02094151,0.0,1
ENSG00000143575,1.3519593,3.28317,1
ENSG00000177000_1,1.7148095,2.260708,1
ENSG00000117616_1,2.427699,2.9631472,1
ENSG00000122483_1,2.2272122,2.102619,1
ENSG00000198626,1.736676,1.7909182,1
ENSG00000181218,2.7678735,3.088487,1
ENSG00000085832,0.104867,0.0,1
ENSG00000127481_1,2.888985,3.3170056,1
ENSG00000143502,1.7408148,1.6163704,1
ENSG00000290867,1.1924591,0.0,1
ENSG00000021852_1,0.06022106,0.0,1
ENSG00000125462,0.096197136,0.0,1
ENSG00000154380,0.0466051,0.0,1
ENSG00000196418,0.043875374,0.0,1
ENSG00000158882,0.94885784,2.162427,1
ENSG00000229258,0.22804806,0.0,1
ENSG00000158292,1.9039322,1.8107029,1
ENSG00000197769,0.25121447,0.0,1
ENSG00000143603_1,0.6556239,0.6762545,1
ENSG00000132122,0.019524503,0.0,1
ENSG00000049239,2.317043,1.8560821,1
ENSG00000116641,2.151359,1.8604877,1
ENSG00000126107,2.5559206,2.6474915,1
ENSG00000163125_1,1.8899063,1.8382634,1
ENSG00000163874_1,0.7146023,0.0,1
ENSG00000175707,0.8177459,1.6352826,1
ENSG00000143319_1,2.5458302,3.0075772,1
ENSG00000119280_1,0.6015501,1.230934,1
ENSG00000198797,0.2573998,1.7497054,1
ENSG00000143499,2.422138,2.0870712,1
ENSG00000204624,2.0136554,1.4706162,1
ENSG00000291132,0.5324895,1.3070465,1
ENSG00000187017_1,1.4605215,1.4741871,1
ENSG00000137936_2,1.4007589,1.5577357,1
ENSG00000117395_1,0.057961226,0.0,1
ENSG00000162669,2.230829,1.8421035,1
ENSG00000162910,2.3185253,0.0,1
ENSG00000266472,1.3983765,0.0,1
ENSG00000272865,0.032439057,0.0,1
ENSG00000130766,2.5831177,2.4632792,1
ENSG00000225265,1.6305453,1.5672852,1
ENSG00000134748,2.4576135,2.7729397,1
ENSG00000162630,0.26806706,0.0,1
ENSG00000160710_2,2.2065744,1.4595734,1
ENSG00000162728,0.11784161,0.0,1
ENSG00000171735_1,1.9391483,1.5458264,1
ENSG00000174950,1.0041938,0.0,1
ENSG00000171502,0.25660455,0.0,1
ENSG00000232596,0.08209697,0.0,1
ENSG00000135828,0.4794015,0.0,1
ENSG00000163374,2.8440232,2.150342,1
ENSG00000143409,0.6577822,0.0,1
ENSG00000173846,2.620335,2.2171626,1
ENSG00000122420,1.0872124,1.5800121,1
ENSG00000142789,0.115056664,0.0,1
ENSG00000117461_1,2.7142143,1.632852,1
ENSG00000117036,2.3231413,0.0,1
ENSG00000185436,1.125279,0.0,1
ENSG00000009709,0.6119651,0.0,1
ENSG00000058673,2.4473946,2.9921222,1
ENSG00000261595,1.6325562,1.0392555,1
ENSG00000081248,0.058254763,0.0,1
ENSG00000230461_1,0.9310836,1.3471934,1
ENSG00000132849,1.0644305,1.5110407,1
ENSG00000146463,2.2975192,0.0,1
ENSG00000183520,2.632089,3.3474314,1
ENSG00000131236,2.5533118,1.1777961,1
ENSG00000198468,2.4342854,0.0,1
ENSG00000162723,0.14003307,0.0,1
ENSG00000117751,2.2153242,2.2583475,1
ENSG00000159166_1,1.3444827,0.0,1
ENSG00000134644,2.572642,2.359308,1
ENSG00000036549_2,2.6305132,2.3645248,1
ENSG00000158716,2.0429986,1.9760243,1
ENSG00000173641,0.47426814,0.944384,1
ENSG00000117640,2.6025903,2.259921,1
ENSG00000162522,1.9369327,2.1530187,1
ENSG00000142937,2.8799088,3.6481483,1
ENSG00000142686,2.3995569,1.9337251,1
ENSG00000159348,2.0396314,2.4025776,1
ENSG00000197852,1.1313188,1.7719327,1
ENSG00000280587_1,0.15397318,0.0,1
ENSG00000064703,2.1004229,0.0,1
ENSG00000130762,1.5982139,1.3211633,1
ENSG00000227496,0.09721933,0.0,1
ENSG00000132693,0.04719484,0.0,1
ENSG00000121310,0.83042824,0.0,1
ENSG00000117528,2.24181,2.3646467,1
ENSG00000011007,2.403251,2.8729582,1
ENSG00000117069,0.5110401,0.0,1
ENSG00000156171,0.029067941,0.0,1
ENSG00000203811,2.5037022,3.2275114,1
ENSG00000202031,0.42986232,1.4613935,1
ENSG00000230424_1,2.84738,0.0,1
ENSG00000143119,0.092547335,0.0,1
ENSG00000132718,0.949686,0.0,1
ENSG00000009790,0.049099475,0.0,1
ENSG00000118298_1,0.26217973,0.0,1
ENSG00000282143,1.1681101,1.330089,1
ENSG00000143507,0.08301162,0.0,1
ENSG00000173947,0.6768645,0.0,1
ENSG00000176083,0.13650177,0.0,1
ENSG00000274266,0.63834673,1.8998424,1
ENSG00000163362_1,0.09323711,0.0,1
ENSG00000198952,2.154313,2.8805323,1
ENSG00000168118,2.4027143,2.7343333,1
ENSG00000224965,1.8006024,0.0,1
ENSG00000236423,2.6325748,0.0,1
ENSG00000143627,0.5853684,0.0,1
ENSG00000009790_1,0.098139256,0.0,1
ENSG00000159388,2.5715687,2.8277576,1
ENSG00000213088,0.23139748,0.0,1
ENSG00000117054_2,2.464342,0.0,1
ENSG00000160716,1.1897774,1.420863,1
ENSG00000196189_3,0.11569298,0.0,1
ENSG00000137948_1,0.08409409,0.0,1
ENSG00000243364,1.4584455,2.180384,1
ENSG00000135775,2.2985835,2.2318645,1
ENSG00000162444,1.3604249,0.9736358,1
ENSG00000224093,0.7563969,0.0,1
ENSG00000099260,0.9050139,0.0,1
ENSG00000173673,0.23922135,0.0,1
ENSG00000203724,2.3963752,1.8308452,1
ENSG00000137996,2.128462,3.071488,1
ENSG00000116984,2.3931599,2.584415,1
ENSG00000133019_1,1.4749595,1.3161381,1
ENSG00000186207,0.06584413,0.0,1
ENSG00000163352,0.8839354,0.0,1
ENSG00000198860,2.5230439,2.2937822,1
ENSG00000091483,2.3624363,3.5791454,1
ENSG00000174514_1,0.13381486,0.0,1
ENSG00000120656,2.729684,0.0,1
ENSG00000116874,0.13191861,0.0,1
ENSG00000143815,2.738869,3.2060862,1
ENSG00000117481_1,2.1731205,1.4178203,1
ENSG00000057757,2.9352467,2.866899,1
ENSG00000134697,2.173838,0.0,1
ENSG00000121769,0.4362929,0.9129656,1
ENSG00000155380,0.2697735,0.0,1
ENSG00000201699,1.5791816,0.0,1
ENSG00000174514_2,0.7722196,1.998002,1
ENSG00000222046,0.14339271,0.0,1
ENSG00000187815,1.6493409,1.8875723,1
ENSG00000196482,0.049615934,0.0,1
ENSG00000227421,0.008297851,0.0,1
ENSG00000227006,0.0978869,0.0,1
ENSG00000186197_1,2.2529082,1.8851802,1
ENSG00000085998,2.2394059,0.0,1
ENSG00000008118,0.054764178,0.0,1
ENSG00000134262,2.6810255,1.2771735,1
ENSG00000184371_1,1.6568594,2.0307615,1
ENSG00000142632,1.954741,1.462428,1
ENSG00000188800,0.08682068,0.0,1
ENSG00000287033,1.958201,0.0,1
ENSG00000198691,0.058250863,0.0,1
ENSG00000143850_1,0.24757183,0.74374485,1
ENSG00000160685,2.3108802,1.9315647,1
ENSG00000025800_1,0.17922887,0.0,1
ENSG00000232537,0.062232748,0.0,1
ENSG00000143368,1.5499083,2.9353793,1
ENSG00000233008,0.28797,0.0,1
ENSG00000236528,2.606664,0.0,1
ENSG00000198049,1.0663865,0.0,1
ENSG00000198929_1,0.37100875,1.3471934,1
ENSG00000259788,2.4377978,1.0218918,1
ENSG00000014914,0.14835183,0.0,1
ENSG00000117475_1,1.5791199,1.762371,1
ENSG00000142698,1.1395108,1.506126,1
ENSG00000163563,0.04519368,0.5611252,1
ENSG00000225767,0.35773313,0.0,1
ENSG00000074800_2,2.5478475,4.387593,1
ENSG00000235169,2.1824574,2.1891813,1
ENSG00000060688,2.6863735,3.1542656,1
ENSG00000157873,0.2742795,0.0,1
ENSG00000143469,0.061336655,0.0,1
ENSG00000117143,2.637795,3.1393375,1
ENSG00000034971,0.14881428,0.0,1
ENSG00000175756,2.6983316,2.83484,1
ENSG00000162676_2,0.61416554,0.95336336,1
ENSG00000116406,2.4830027,2.5278296,1
ENSG00000117215,0.12981568,0.0,1
ENSG00000274020,0.054282866,0.0,1
ENSG00000185220,2.761236,2.0511332,1
ENSG00000010072,2.4179595,2.037793,1
ENSG00000158246,2.2842884,1.2372923,1
ENSG00000189334,0.15617056,0.0,1
ENSG00000186226,0.040507067,0.0,1
ENSG00000162692,0.055951383,0.0,1
ENSG00000162896_1,0.13862261,0.0,1
ENSG00000233514,0.09904041,1.796505,1
ENSG00000160691_3,2.4639988,2.4867833,1
ENSG00000162374,0.042585667,0.0,1
ENSG00000230426,0.30524182,0.0,1
ENSG00000159352,1.6554171,2.6062846,1
ENSG00000233079_2,0.09269108,0.0,1
ENSG00000233461_1,2.5065029,1.5495795,1
ENSG00000282843,0.06881164,0.0,1
ENSG00000284738,1.8845502,1.1291418,1
ENSG00000162783,2.4646025,2.5039403,1
ENSG00000227066,0.098788716,0.0,1
ENSG00000163866,1.468245,0.0,1
ENSG00000160050,1.9446145,2.077615,1
ENSG00000160691,0.16034839,0.9984424,1
ENSG00000228794_2,0.12714954,0.0,1
ENSG00000116717,2.5315523,3.2304132,1
ENSG00000143847,2.2719913,1.9268156,1
ENSG00000154380_1,1.8173057,1.5302765,1
ENSG00000168528_1,1.3375893,1.7943138,1
ENSG00000179163,2.330149,1.7891716,1
ENSG00000287445,2.188668,0.0,1
ENSG00000272426,2.2865877,0.9792478,1
ENSG00000152760,0.5845756,0.0,1
ENSG00000116539,2.8076198,2.373004,1
ENSG00000234476,0.19367746,0.7291162,1
ENSG00000125462_3,0.13148367,0.0,1
ENSG00000116329,1.704987,1.509337,1
ENSG00000226919,0.21229905,0.0,1
ENSG00000158864_1,2.528949,3.0810194,1
ENSG00000142959,0.24145493,0.8719814,1
ENSG00000007341_1,1.8427035,1.9459951,1
ENSG00000160789_7,1.1664035,0.0,1
ENSG00000163431,1.0835332,1.4595131,1
ENSG00000179085,1.1242003,2.043374,1
ENSG00000116774_1,0.21072665,0.0,1
ENSG00000158864,0.22915867,0.0,1
ENSG00000162885,2.745171,2.0705957,1
ENSG00000274265,1.6792613,1.4759994,1
ENSG00000117592,2.6945384,3.8680582,1
ENSG00000178821,1.9805537,2.041286,1
ENSG00000163050,2.6452315,2.1332834,1
ENSG00000162654,0.11397601,0.0,1
ENSG00000183347,0.058259316,0.0,1
ENSG00000183386_1,2.5176132,3.4682395,1
ENSG00000011009,1.7813181,0.0,1
ENSG00000231663_1,2.636717,3.0521166,1
ENSG00000160789_3,0.109365195,0.0,1
ENSG00000196154,0.22497022,0.0,1
ENSG00000143633,1.6914724,2.4976125,1
ENSG00000177888,2.3611264,2.1681557,1
ENSG00000152061_3,0.30572915,0.0,1
ENSG00000227733_1,0.26260325,0.0,1
ENSG00000143740_1,2.3831751,2.307451,1
ENSG00000116147,0.18947689,0.0,1
ENSG00000132773,2.7298753,2.438868,1
ENSG00000143257,0.096772596,0.0,1
ENSG00000188672,0.7491392,0.0,1
ENSG00000143183,2.4118934,3.2935812,1
ENSG00000172339,1.6429198,2.2967353,1
ENSG00000117318,2.2567294,3.1488585,1
ENSG00000149527_1,0.25591758,0.0,1
ENSG00000127603_1,0.63666165,2.6433737,1
ENSG00000143570,2.1598432,0.0,1
ENSG00000152061_4,0.7624833,0.0,1
ENSG00000143845_1,1.6643097,0.0,1
ENSG00000244038,2.2695909,2.64577,1
ENSG00000143457,0.7778462,0.0,1
ENSG00000178796,0.45299175,0.0,1
ENSG00000207340,0.4947373,0.0,1
ENSG00000142632_2,0.13599758,0.0,1
ENSG00000160094,1.8918053,1.6837133,1
ENSG00000232284,0.38031462,0.0,1
ENSG00000078369_1,2.4143453,3.1402283,1
ENSG00000117602_1,2.136375,1.477642,1
ENSG00000273213,1.2004039,3.1115751,1
ENSG00000283227,0.033849757,0.0,1
ENSG00000237950,2.6512237,1.6621627,1
ENSG00000143382,2.473835,3.1248791,1
ENSG00000290867_1,1.3659159,0.0,1
ENSG00000157077,2.3127491,2.298176,1
ENSG00000157873_2,0.6781015,0.0,1
ENSG00000058668,1.0163915,1.7595243,1
ENSG00000184678,2.3415034,4.5090156,1
ENSG00000155367,2.068141,1.7430391,1
ENSG00000121753,0.2597424,0.7717344,1
ENSG00000134202,1.3607646,1.7069225,1
ENSG00000271576,2.2419815,1.5002502,1
ENSG00000143367,1.572321,1.6296746,1
ENSG00000126070,2.6164277,2.4515576,1
ENSG00000163531_1,0.07208627,1.0010843,1
ENSG00000203601,0.18399069,0.0,1
ENSG00000226026,2.0330875,0.0,1
ENSG00000187889,0.12680036,0.0,1
ENSG00000162849,1.6010231,0.0,1
ENSG00000185842,2.2924998,3.0625632,1
ENSG00000133069,1.5212443,1.6776069,1
ENSG00000180758,1.8766549,1.4741579,1
ENSG00000116783,0.03175715,0.0,1
ENSG00000090432,1.3092793,0.0,1
ENSG00000117020_1,1.7280045,1.4178867,1
ENSG00000125462_4,0.11262331,0.0,1
ENSG00000168264_2,2.4577014,2.710456,1
ENSG00000117362,1.5042756,2.6525993,1
ENSG00000198746,2.263035,2.2691627,1
ENSG00000201558,2.291428,2.272415,1
ENSG00000173207,2.6333804,3.1386974,1
ENSG00000242485,2.6606154,3.4043102,1
ENSG00000224536,1.6117582,0.0,1
ENSG00000291135,0.08240631,0.0,1
ENSG00000126088,1.5150399,0.0,1
ENSG00000143498,0.98738706,0.0,1
ENSG00000052723,2.4995227,3.0400958,1
ENSG00000088280,0.33957335,0.0,1
ENSG00000233203,2.3369558,3.1976664,1
ENSG00000117419,0.07582017,0.0,1
ENSG00000159346,2.3837442,2.8489678,1
ENSG00000284882,2.413004,0.0,1
ENSG00000081692,2.3670652,2.2842433,1
ENSG00000164002,1.4456097,1.4977036,1
ENSG00000073756,0.61096424,0.0,1
ENSG00000160062,1.5726545,1.7701006,1
ENSG00000198520_1,0.28974506,0.99038327,1
ENSG00000134243,1.072133,0.0,1
ENSG00000177272,1.7636123,1.671432,1
ENSG00000143363,1.2492753,2.2261357,1
ENSG00000143702_3,2.1378834,1.9643115,1
ENSG00000286600,0.14893746,0.7761925,1
ENSG00000287453,0.40044543,2.2443712,1
ENSG00000123080,2.7125418,2.4662595,1
ENSG00000000938,0.11476306,0.0,1
ENSG00000085832_1,2.443731,2.5901685,1
ENSG00000135747,2.1655912,0.0,1
ENSG00000174574,2.4426203,3.0172546,1
ENSG00000287756,1.2473246,2.7640505,1
ENSG00000060656,1.6285853,1.5109068,1
ENSG00000127074,0.010609732,0.0,1
ENSG00000118193,1.9759718,2.432591,1
ENSG00000127124_2,0.12116905,0.0,1
ENSG00000163191,1.0200524,0.0,1
ENSG00000176022,2.6068826,2.2661612,1
ENSG00000231507,0.35538504,0.0,1
ENSG00000159208_1,0.37957135,1.0606601,1
ENSG00000207501,2.0714214,2.8786998,1
ENSG00000163467,2.2457292,0.0,1
ENSG00000117862,1.8543662,0.0,1
ENSG00000243709,0.9698469,0.0,1
ENSG00000169231,0.37760285,0.0,1
ENSG00000222009_1,0.22994527,0.0,1
ENSG00000203784,0.047649413,0.0,1
ENSG00000142583,0.10279826,0.0,1
ENSG00000171824,2.3924105,3.0103168,1
ENSG00000162769,2.5534194,2.3347974,1
ENSG00000116205,2.3600926,0.0,1
ENSG00000169598_1,1.9287856,1.9810708,1
ENSG00000181817,2.4371595,2.3540103,1
ENSG00000234741,0.47461006,1.5143352,1
ENSG00000086619,2.3456645,2.0332348,1
ENSG00000234694,2.368913,0.0,1
ENSG00000133048,0.16660124,0.0,1
ENSG00000162745_2,1.5217093,1.4318299,1
ENSG00000134200,0.0040841955,0.0,1
ENSG00000143387,0.052737493,0.0,1
ENSG00000163463_1,1.3012208,3.3535104,1
ENSG00000097021_3,2.557409,2.2223003,1
ENSG00000066027_1,0.059726056,0.0,1
ENSG00000162923,2.364515,3.1524749,1
ENSG00000018625,0.114700235,0.0,1
ENSG00000127483_2,2.6145325,2.9307148,1
ENSG00000134369_2,0.07828643,0.76261854,1
ENSG00000041988_1,2.2435672,2.0454364,1
ENSG00000116754_1,2.506807,2.93021,1
ENSG00000049089,0.5549523,0.0,1
ENSG00000116337_2,1.4247392,1.2435341,1
ENSG00000182795,0.4340896,0.0,1
ENSG00000273004,2.2873762,1.1796092,1
ENSG00000036549_1,1.7241006,0.0,1
ENSG00000132780,2.2283404,3.715134,1
ENSG00000237463,0.06405658,0.0,1
ENSG00000163867,1.9799877,2.329764,1
ENSG00000188786,1.3869032,0.0,1
ENSG00000189171,0.24877255,0.0,1
ENSG00000120341,0.08123231,0.0,1
ENSG00000004487,2.787498,3.2538636,1
ENSG00000163207,0.041809395,0.0,1
ENSG00000085465_1,0.08223407,0.0,1
ENSG00000058453,0.18519129,0.0,1
ENSG00000230426_2,0.01812884,0.0,1
ENSG00000134744_1,1.781743,2.3249364,1
ENSG00000137944_1,2.3211317,2.6569362,1
ENSG00000215717,2.5626776,2.4156678,1
ENSG00000117834,0.1325082,0.0,1
ENSG00000135835_1,0.1230624,1.0489233,1
ENSG00000117266,0.44562373,1.1813576,1
ENSG00000158747,0.32432324,1.1211658,1
ENSG00000197323,2.7284591,2.9919877,1
ENSG00000162517,2.586608,2.7266507,1
ENSG00000203857,0.043977924,0.0,1
ENSG00000228192,1.5610362,0.0,1
ENSG00000116675,0.11449509,0.6873506,1
ENSG00000116337,1.653135,2.1589804,1
ENSG00000132781_2,2.6912453,2.5734403,1
ENSG00000142583_2,0.33514974,0.0,1
ENSG00000143740,1.0778737,1.1706723,1
ENSG00000143622_1,1.0209996,2.3023114,1
ENSG00000177788,2.3239074,0.0,1
ENSG00000281406,0.5541007,1.203604,1
ENSG00000162599_2,2.24379,2.059571,1
ENSG00000196482_4,0.3540271,1.1447299,1
ENSG00000235933,0.07922386,0.0,1
ENSG00000134215,0.018387709,0.0,1
ENSG00000079335,0.08280063,0.0,1
ENSG00000224174,0.28061536,0.0,1
ENSG00000142945_1,0.14612533,0.0,1
ENSG00000134243_1,2.1912048,2.6521013,1
ENSG00000135835_2,0.21832952,1.0441005,1
ENSG00000158481,0.049836133,0.0,1
ENSG00000143155,2.1792736,1.7468209,1
ENSG00000007908_1,0.016104525,0.0,1
ENSG00000070785,1.8884501,0.0,1
ENSG00000291158_1,1.578603,1.6163495,1
ENSG00000123843,0.07895748,0.0,1
ENSG00000154370,2.531189,2.7981782,1
ENSG00000143771,1.9206553,2.448049,1
ENSG00000163875,2.757365,2.9008896,1
ENSG00000286219,1.9711146,2.1875489,1
ENSG00000117118,0.13453744,0.0,1
ENSG00000224968,0.05776516,0.0,1
ENSG00000163564,0.0077812215,0.0,1
ENSG00000083444,2.1738853,2.8646066,1
ENSG00000117308_1,2.503098,2.6886635,1
ENSG00000120370,1.2835144,2.1089537,1
ENSG00000143493,2.5429304,2.3769436,1
ENSG00000162385,2.1211734,0.0,1
ENSG00000263956,1.7790303,1.6383893,1
ENSG00000143401,1.1951743,0.0,1
ENSG00000130939,2.637056,2.9669626,1
ENSG00000159363,1.929764,2.0682082,1
ENSG00000235527,1.9663547,1.1231654,1
ENSG00000137936_3,0.12384391,0.0,1
ENSG00000184007_1,2.3700883,1.0721028,1
ENSG00000130775,1.3714682,1.6628239,1
ENSG00000268043,2.1317966,1.9243371,1
ENSG00000196189_1,0.17950009,1.0218918,1
ENSG00000159189,0.12746131,0.0,1
ENSG00000162676,0.3273755,1.3083509,1
ENSG00000116809,1.8262305,2.465109,1
ENSG00000134371_1,1.6402793,1.0743775,1
ENSG00000117676,2.1653981,2.3006456,1
ENSG00000158859,0.49587983,1.0193241,1
ENSG00000178104_4,1.3979295,1.4882263,1
ENSG00000131791,2.2485173,1.840965,1
ENSG00000143224,2.4775662,2.2654312,1
ENSG00000162373,1.0742095,0.0,1
ENSG00000197921,1.5853372,1.2642274,1
ENSG00000162817,1.4436477,1.4483043,1
ENSG00000143344_1,0.3277857,1.4632956,1
ENSG00000182004_1,1.957226,1.9018286,1
ENSG00000223694,0.072601505,0.0,1
ENSG00000177614,1.8440771,1.7120348,1
ENSG00000134376_1,0.016559131,0.0,1
ENSG00000177868,2.30764,2.0574758,1
ENSG00000132681_1,0.058507875,0.0,1
ENSG00000117394_1,2.566306,3.2006617,1
ENSG00000117600,0.9580055,1.494252,1
ENSG00000176256,0.069912136,0.0,1
ENSG00000162636,2.3993926,2.3318603,1
ENSG00000143845,0.10022746,0.0,1
ENSG00000134207_1,0.67051595,0.9533344,1
ENSG00000171680_2,0.22131677,1.1795806,1
ENSG00000189409,0.6510592,0.0,1
ENSG00000127423,2.5115414,2.7230442,1
ENSG00000232093,2.1909022,2.0245225,1
ENSG00000160055,2.1488738,1.91698,1
ENSG00000169991,1.7726696,1.4623381,1
ENSG00000158869,0.1719991,0.0,1
ENSG00000273727,1.5082188,0.0,1
ENSG00000116251,2.5580382,3.2481253,1
ENSG00000227907,0.10905768,0.0,1
ENSG00000163877,1.947583,2.6267908,1
ENSG00000188529,2.7960463,3.3135488,1
ENSG00000142621_2,0.07694993,0.0,1
ENSG00000279430,0.30334735,0.0,1
ENSG00000116863,2.3332083,2.2179153,1
ENSG00000143515,1.6834004,1.9596566,1
ENSG00000137948,0.16593978,0.0,1
ENSG00000160789_1,1.3466283,1.0441319,1
ENSG00000236719,0.21620768,1.2342844,1
ENSG00000162434_1,2.123917,1.6892201,1
ENSG00000097046_1,2.5557096,1.888926,1
ENSG00000174502,0.08594399,0.0,1
ENSG00000228594,1.9494586,2.0401275,1
ENSG00000116667,1.6980957,0.0,1
ENSG00000224977,2.5866573,0.0,1
ENSG00000069424_1,0.5435164,0.0,1
ENSG00000186094,0.35485289,0.0,1
ENSG00000230337,2.2267902,1.6498312,1
ENSG00000007923,2.4708529,2.711938,1
ENSG00000117600_1,0.9819363,1.4348211,1
ENSG00000189195_1,0.017714873,0.0,1
ENSG00000234222_1,1.7033366,1.6012014,1
ENSG00000282048,0.06640209,0.0,1
ENSG00000288825,2.7269595,3.9249787,1
ENSG00000196660_1,1.499873,2.294885,1
ENSG00000243284,0.11291573,0.0,1
ENSG00000183598,1.7617003,3.372402,1
ENSG00000230461,0.1610279,0.0,1
ENSG00000026751,0.026958704,0.0,1
ENSG00000116299,1.383499,0.0,1
ENSG00000162383_1,0.16394417,0.0,1
ENSG00000264294,2.5855703,2.1616614,1
ENSG00000266094,1.9691967,2.1845722,1
ENSG00000213064,2.3962781,2.7179732,1
ENSG00000134686,2.4782054,1.7171711,1
ENSG00000143384,2.586404,3.2708628,1
ENSG00000271736,0.3524347,1.5671911,1
ENSG00000183831,0.3273996,0.0,1
ENSG00000184260,2.3466988,4.139066,1
ENSG00000117523_1,0.050919823,0.0,1
ENSG00000136636,2.125942,2.7386997,1
ENSG00000226419,2.7477667,2.241778,1
ENSG00000162383,0.2980174,0.0,1
ENSG00000158473,0.4401613,0.0,1
ENSG00000163348,2.6554594,2.6743834,1
ENSG00000228526,1.125167,0.90638894,1
ENSG00000040487,2.7106514,2.510872,1
ENSG00000136643,2.240531,2.6569898,1
ENSG00000282221,1.331738,0.0,1
ENSG00000179403,1.9929008,2.2513049,1
ENSG00000143107,0.105367325,0.0,1
ENSG00000228309,0.01311827,0.0,1
ENSG00000000971,0.19891699,0.0,1
ENSG00000160051,2.1382008,2.1439698,1
ENSG00000285053_1,0.61052847,0.0,1
ENSG00000213047,2.3406258,1.8526629,1
ENSG00000117020,0.050432708,0.0,1
ENSG00000132716,2.5819793,2.6671157,1
ENSG00000231999,2.0121143,1.5207193,1
ENSG00000134215_1,1.7643969,1.4714677,1
ENSG00000117472,0.17908336,0.0,1
ENSG00000116922,1.51027,0.0,1
ENSG00000162641_1,0.05881253,0.0,1
ENSG00000143110,0.23599845,0.0,1
ENSG00000162745,0.08912416,0.0,1
ENSG00000196189_2,0.1784266,0.0,1
ENSG00000297423,1.7452317,0.0,1
ENSG00000227764,0.084105924,0.0,1
ENSG00000186603,0.8511251,1.4147729,1
ENSG00000067208,0.27952012,0.0,1
ENSG00000116981,0.9663458,1.2198726,1
ENSG00000143624,1.7661315,2.429085,1
ENSG00000155380_1,2.8391197,3.3235822,1
ENSG00000133059_1,2.33435,1.7745899,1
ENSG00000064886_1,0.3904134,0.0,1
ENSG00000116791,0.96076703,0.0,1
ENSG00000143369,0.67328024,0.0,1
ENSG00000162599_1,2.260482,2.7637873,1
ENSG00000008128,2.7168255,2.6111379,1
ENSG00000215853,0.041909754,0.0,1
ENSG00000142657_1,2.1714184,1.1883378,1
ENSG00000228436,2.2833626,0.0,1
ENSG00000177301_1,1.1868865,0.7894397,1
ENSG00000118733,0.06275286,0.0,1
ENSG00000143319,2.5134661,2.5306926,1
ENSG00000143612,2.795065,2.9931293,1
ENSG00000287627,0.08114633,0.0,1
ENSG00000232077,0.024921747,0.0,1
ENSG00000143278,0.020794744,0.0,1
ENSG00000162909,0.48269543,0.0,1
ENSG00000231252,0.03667642,0.0,1
ENSG00000066027,2.794829,2.8862932,1
ENSG00000136636_1,0.047470234,0.0,1
ENSG00000293505,2.014509,0.0,1
ENSG00000157870,2.3127458,0.0,1
ENSG00000135744,0.20178834,0.0,1
ENSG00000184371_2,2.225363,1.6639646,1
ENSG00000174059,0.5800723,1.4511107,1
ENSG00000266338,1.692831,0.0,1
ENSG00000118197,2.7217305,2.146717,1
ENSG00000143549_2,0.18416421,0.0,1
ENSG00000143486,2.1280067,0.0,1
ENSG00000162813,0.6828111,0.0,1
ENSG00000117122_1,0.77074844,0.0,1
ENSG00000235750_1,1.4443567,1.8706555,1
ENSG00000174151,1.3384914,1.4795063,1
ENSG00000143222,1.1005404,2.886988,1
ENSG00000233079,0.047864053,0.0,1
ENSG00000185668,1.646775,1.6782087,1
ENSG00000196878,0.18776964,0.0,1
ENSG00000135749,1.390389,1.3602146,1
ENSG00000169962,0.39212787,0.0,1
ENSG00000081985,1.2022483,1.2295027,1
ENSG00000143393,1.6432718,2.3195932,1
ENSG00000132122_2,1.6095792,0.0,1
ENSG00000204178,2.535291,2.2591925,1
ENSG00000158874,0.09498942,0.6762728,1
ENSG00000158773,2.2195044,0.0,1
ENSG00000163874_2,0.20251656,1.1483867,1
ENSG00000171603,2.0584853,2.7451293,1
ENSG00000202444,2.2739623,0.0,1
ENSG00000162543,1.9965057,2.24311,1
ENSG00000226758,0.030605609,0.0,1
ENSG00000142675,0.4447842,0.0,1
ENSG00000123080_1,0.9408366,0.0,1
ENSG00000117262,2.304927,1.7400925,1
ENSG00000213057,1.3692385,0.0,1
ENSG00000116833,0.03643791,0.0,1
ENSG00000223175,0.04179408,0.0,1
ENSG00000116675_2,0.09933297,0.0,1
ENSG00000125462_2,1.664586,1.8204774,1
ENSG00000171680_3,0.5045621,1.0064062,1
ENSG00000187980,1.2540917,2.231951,1
ENSG00000162702,2.2097187,2.3256798,1
ENSG00000137962,1.5983922,1.5167865,1
ENSG00000143450,0.704198,0.0,1
ENSG00000159658,2.471685,2.3465643,1
ENSG00000142599,0.85160303,1.0269417,1
ENSG00000020129,2.2154279,2.5470986,1
ENSG00000235545,2.0795407,0.0,1
ENSG00000143578_1,1.2591184,1.6842797,1
ENSG00000182118,2.1911504,2.276255,1
ENSG00000188396,1.9481269,0.0,1
ENSG00000092969,0.29686606,0.0,1
ENSG00000160097_1,0.21376668,0.0,1
ENSG00000160783,2.2221358,2.9734545,1
ENSG00000249087_1,2.493864,1.3705539,1
ENSG00000282718,0.25882277,0.0,1
ENSG00000116584_5,0.13363317,0.0,1
ENSG00000177628_2,2.4478905,0.0,1
ENSG00000162430,1.7676299,1.8212448,1
ENSG00000153904,1.7401451,1.703171,1
ENSG00000143164,2.4111354,2.9784453,1
ENSG00000232113,0.01895104,0.0,1
ENSG00000118194_3,0.20942825,0.7437919,1
ENSG00000174175,0.038079932,0.0,1
ENSG00000143442_1,0.8335742,2.3821342,1
ENSG00000117500,2.4739108,2.7783713,1
ENSG00000162390,0.2559444,0.0,1
ENSG00000162772,2.426427,0.0,1
ENSG00000175130,2.1195862,3.4289021,1
ENSG00000143494,1.1895509,1.5539922,1
ENSG00000163463,0.6641463,0.0,1
ENSG00000117139,0.061137196,0.0,1
ENSG00000117791,1.2867364,1.4117544,1
ENSG00000238142,0.351458,0.0,1
ENSG00000090621,1.8880085,0.0,1
ENSG00000117758,2.1044421,2.5278258,1
ENSG00000172456,2.2105184,1.8347385,1
ENSG00000127054,2.4956117,3.0307858,1
ENSG00000117280,0.6480883,1.5264298,1
ENSG00000159596,1.4959167,0.0,1
ENSG00000121774,3.0024192,3.5599473,1
ENSG00000131778,2.3947136,2.7604074,1
ENSG00000007968,2.5504594,2.0948553,1
ENSG00000143819,1.6916618,1.9362472,1
ENSG00000259823,0.087248884,0.0,1
ENSG00000157216,0.1510297,0.0,1
ENSG00000183615,0.14986809,0.0,1
ENSG00000215808,0.058962744,0.0,1
ENSG00000263513,2.4537418,0.0,1
ENSG00000142621,0.13109693,0.0,1
ENSG00000158488,0.07442115,0.0,1
ENSG00000117133,1.6175355,2.8972366,1
ENSG00000162374_2,0.07384357,0.0,1
ENSG00000271380,2.6744819,1.5750377,1
ENSG00000134198,1.4263731,1.3043182,1
ENSG00000116977_1,0.62998044,0.0,1
ENSG00000116670_1,1.777646,1.5814604,1
ENSG00000134690,2.3112283,3.103756,1
ENSG00000160688,1.5189296,2.1898496,1
ENSG00000203721,0.06349015,0.0,1
ENSG00000143207,2.5760455,2.5569632,1
ENSG00000197989,2.6571386,3.17588,1
ENSG00000162664,2.6731505,2.7767375,1
ENSG00000187554,2.2178323,1.6072599,1
ENSG00000162639,1.5743968,0.0,1
ENSG00000168653,2.0972934,0.0,1
ENSG00000134684,2.6221342,3.4168103,1
ENSG00000116990,2.414516,2.0086002,1
ENSG00000132688,0.9608664,0.0,1
ENSG00000224535,0.061910864,0.0,1
ENSG00000151414,2.3083673,2.6894696,1
ENSG00000076864_1,2.0164864,0.0,1
ENSG00000116198_1,2.088451,0.0,1
ENSG00000197530_1,2.6592138,1.5958818,1
ENSG00000199347,1.5199406,2.7521276,1
ENSG00000079335_1,2.3905497,2.1681173,1
ENSG00000185104,2.8233647,3.0319333,1
ENSG00000227579,0.036548577,0.0,1
ENSG00000143458,2.020651,1.8232851,1
ENSG00000116586,2.1714098,2.4488378,1
ENSG00000143851_1,1.8202199,0.0,1
ENSG00000173614,1.306785,0.0,1
ENSG00000198160_1,2.4807193,2.5239024,1
ENSG00000204160_1,0.18632773,1.0536162,1
ENSG00000169241,1.2769277,1.7146649,1
ENSG00000162755,0.7017818,1.2151086,1
ENSG00000048707_1,0.08780368,0.0,1
ENSG00000154358_1,0.3360442,1.0489078,1
ENSG00000177414,0.14237954,1.4977173,1
ENSG00000186973,0.46299174,0.82674843,1
ENSG00000177301,0.16316475,0.84616387,1
ENSG00000203747_1,0.12151823,0.0,1
ENSG00000143549_1,2.3833125,3.6736448,1
ENSG00000198520,1.6490089,0.0,1
ENSG00000127603,2.204566,1.8131338,1
ENSG00000143412,0.28919384,0.0,1
ENSG00000227959,0.32786655,0.95631254,1
ENSG00000162407,0.7521972,1.8327643,1
ENSG00000223745,2.488497,2.3716977,1
ENSG00000116141_1,1.751395,1.314857,1
ENSG00000276600,0.15918298,0.0,1
ENSG00000116396,2.1063752,1.6131121,1
ENSG00000168710_2,0.5921084,0.9984337,1
ENSG00000143365,0.18099444,0.0,1
ENSG00000066185_1,1.4370307,0.0,1
ENSG00000249087,2.6457078,1.9634572,1
ENSG00000176092,0.15639606,0.0,1
ENSG00000116539_1,2.4947288,2.3394516,1
ENSG00000180198_1,2.5914226,2.5018122,1
ENSG00000162368,2.7477262,3.0172546,1
ENSG00000116521,1.4574665,0.0,1
ENSG00000143702_2,2.6521585,2.7833462,1
ENSG00000118298,0.13527858,0.0,1
ENSG00000198715_1,0.3257426,0.0,1
ENSG00000163554,0.49782526,2.9063125,1
ENSG00000184677,1.9804553,2.5709736,1
ENSG00000233593_1,1.4967848,0.0,1
ENSG00000186197,0.16955858,0.0,1
ENSG00000293455,0.089539014,0.0,1
ENSG00000160789_6,0.61464554,0.8105685,1
ENSG00000162757,1.9214268,0.0,1
ENSG00000203697,0.11547264,0.0,1
ENSG00000116584_4,0.23404896,0.0,1
ENSG00000143337_2,2.76556,2.7090282,1
ENSG00000162670_1,0.0798307,0.0,1
ENSG00000197084,0.057600938,0.0,1
ENSG00000162542,1.583176,1.3275837,1
ENSG00000156150_1,1.4384195,1.3612933,1
ENSG00000207205,2.1825936,0.0,1
ENSG00000228794_1,2.6689417,2.6541207,1
ENSG00000203730,0.075297,0.0,1
ENSG00000153029,0.55134296,1.4740705,1
ENSG00000187801,2.2277539,0.0,1
ENSG00000158874_1,0.14189896,0.0,1
ENSG00000180999,0.025241971,0.0,1
ENSG00000184588_3,0.0074616275,0.0,1
ENSG00000084070_1,2.3110092,3.0787032,1
ENSG00000160072,2.656111,0.0,1
ENSG00000116171_1,0.42006066,0.0,1
ENSG00000133019,0.68768054,0.0,1
ENSG00000001461,1.845894,0.0,1
ENSG00000287587,1.5528847,0.0,1
ENSG00000142871,1.7197224,1.8164468,1
ENSG00000142875_1,-0.011876609,0.0,1
ENSG00000116852,1.9855645,2.2984185,1
ENSG00000224051,2.4563963,2.5970323,1
ENSG00000162545,0.9155131,1.2151086,1
ENSG00000162843,0.06381982,0.0,1
ENSG00000157216_1,2.440571,2.7590406,1
ENSG00000116183_1,0.059619203,0.0,1
ENSG00000127603_3,0.1299875,0.0,1
ENSG00000287808,2.426591,0.0,1
ENSG00000159023_1,2.4084716,2.5637302,1
ENSG00000293477,0.8326996,1.003762,1
ENSG00000116962,1.5154685,1.5979364,1
ENSG00000154429_1,2.1699255,2.4269779,1
ENSG00000142864,2.6548145,3.7642434,1
ENSG00000233461,2.4166074,0.0,1
ENSG00000173436_1,2.525222,3.3944604,1
ENSG00000116161_1,2.9033356,3.584293,1
ENSG00000174332,0.073152505,0.0,1
ENSG00000081277,1.209088,1.3796136,1
ENSG00000203852,2.671776,3.8086774,1
ENSG00000223382,2.0900486,0.0,1
ENSG00000182827,2.4604812,3.1521232,1
ENSG00000162687,0.30466768,0.7290838,1
ENSG00000171793_1,2.6361835,1.6189263,1
ENSG00000116212,2.331777,2.5925875,1
ENSG00000198758,0.2995999,0.0,1
ENSG00000134376,0.029962054,0.0,1
ENSG00000230615,2.5248299,1.9477915,1
ENSG00000163479_1,0.670983,2.764526,1
ENSG00000142669,2.5116417,0.0,1
ENSG00000162594_1,0.21041031,0.0,1
ENSG00000230798,1.2808439,0.0,1
ENSG00000154222,2.6892838,0.0,1
ENSG00000142583_3,0.08353748,0.0,1
ENSG00000162734,1.7817178,2.7231543,1
ENSG00000134256,0.03968077,0.0,1
ENSG00000117298,0.2014802,1.0720881,1
ENSG00000162775,2.7474327,2.7811842,1
ENSG00000116954,2.468118,1.9417648,1
ENSG00000273004_1,0.7446805,0.0,1
ENSG00000274020_1,1.2788185,0.0,1
ENSG00000116747_1,2.6682615,0.0,1
ENSG00000079335_3,1.0723499,0.0,1
ENSG00000188739,1.725779,2.6406524,1
ENSG00000123091,2.4768698,2.15892,1
ENSG00000215845,1.0343308,1.3201047,1
ENSG00000171722,0.09624817,0.0,1
ENSG00000142615,0.13502918,0.0,1
ENSG00000077254,2.145104,2.6435611,1
ENSG00000162592,0.15969074,0.7340634,1
ENSG00000233593,0.47495183,0.0,1
ENSG00000137944,2.2466674,2.3344538,1
ENSG00000187583,0.8331151,1.32255,1
ENSG00000189410,0.41791984,0.0,1
ENSG00000284188,1.4169989,1.6720054,1
ENSG00000143178,0.122869186,0.0,1
ENSG00000086015,2.4730535,0.0,1
ENSG00000067704,2.1822836,2.97126,1
ENSG00000170128,1.1514351,1.5657061,1
ENSG00000060642_1,2.7372618,1.871018,1
ENSG00000121454,1.3216085,1.1191503,1
ENSG00000122406,2.2911675,4.0250354,1
ENSG00000162670,0.140695,0.76267856,1
ENSG00000234222,0.6205745,1.1883097,1
ENSG00000285910,0.38849038,0.0,1
ENSG00000183888,0.12672947,0.0,1
ENSG00000162706,1.0104218,1.7202586,1
ENSG00000162496_2,0.83736295,1.68866,1
ENSG00000158796,2.6605823,2.287486,1
ENSG00000226251,2.6433122,1.3872652,1
ENSG00000253313,0.12779124,0.0,1
ENSG00000177807,0.9576037,0.0,1
ENSG00000081721,2.3388336,0.0,1
ENSG00000184454,0.58390945,1.1351008,1
ENSG00000215883,2.1924284,2.0297813,1
ENSG00000118873,2.3699048,2.096639,1
ENSG00000203710,1.2234435,2.169048,1
ENSG00000171680_5,1.4437158,1.2923225,1
ENSG00000116675_1,2.5611565,2.9053264,1
ENSG00000121753_1,1.8381805,1.8899736,1
ENSG00000160753_1,1.7884617,1.2118678,1
ENSG00000152061_1,0.018476805,0.0,1
ENSG00000225630,2.2194004,3.4185996,1
ENSG00000054277,2.6055024,2.9196951,1
ENSG00000162825,1.9224368,0.0,1
ENSG00000084652,2.625165,2.7109175,1
ENSG00000152382,2.3934324,0.0,1
ENSG00000287396,0.14108312,0.0,1
ENSG00000171492_2,1.0680647,0.92577606,1
ENSG00000181450,2.2543766,2.282511,1
ENSG00000168710,2.593736,2.967969,1
ENSG00000116983,1.1099344,0.0,1
ENSG00000136634_1,0.101914056,0.0,1
ENSG00000130695,2.7858737,2.883315,1
ENSG00000160691_2,0.90946364,2.1729968,1
ENSG00000134242,0.23486994,0.0,1
ENSG00000168264,0.9221992,0.0,1
ENSG00000183780_1,1.5029795,1.6402031,1
ENSG00000189337_1,1.9016967,2.1728072,1
ENSG00000126091,2.7161305,2.4045258,1
ENSG00000162735_1,0.82658446,2.6142802,1
ENSG00000162616_1,1.1332563,0.0,1
ENSG00000224699,2.4331763,0.0,1
ENSG00000203739,2.51819,1.8458853,1
ENSG00000184588_4,0.07575899,0.0,1
ENSG00000162438,0.081520826,0.0,1
ENSG00000286383,0.09231098,0.0,1
ENSG00000188672_1,2.4707072,0.0,1
ENSG00000116906,1.7079853,2.8404706,1
ENSG00000143341,0.2651558,1.7618903,1
ENSG00000189433,0.13613947,0.0,1
ENSG00000143333,1.4136997,1.2798038,1
ENSG00000187634_1,0.4940438,0.0,1
ENSG00000116747,2.7654967,3.1307068,1
ENSG00000142875_2,0.025268024,0.0,1
ENSG00000221040,0.10038683,0.0,1
ENSG00000158887_2,0.10614198,0.0,1
ENSG00000134369_3,0.21189317,0.0,1
ENSG00000143303_1,2.1999326,1.7121023,1
ENSG00000203814,2.0240023,3.9034038,1
ENSG00000189171_1,2.6065109,3.1417036,1
ENSG00000077585,1.8344667,1.7063593,1
ENSG00000007341_2,2.4457557,1.6032526,1
ENSG00000143774,2.9111383,3.0573046,1
ENSG00000185499,0.9080874,0.0,1
ENSG00000226835,1.7076244,0.0,1
ENSG00000143479_1,2.5055501,1.1089032,1
ENSG00000158850,2.300104,2.6796124,1
ENSG00000196352,2.7715585,3.5125844,1
ENSG00000116584_1,2.036261,0.0,1
ENSG00000121933_1,0.084616214,0.0,1
ENSG00000160856,0.14126162,0.0,1
ENSG00000253304,0.8917577,1.1615776,1
ENSG00000187147_1,2.657493,2.616423,1
ENSG00000117408,2.700317,2.4670885,1
ENSG00000160075_1,2.6864748,3.3847833,1
ENSG00000143514,0.054704968,0.0,1
ENSG00000143153_2,0.041373752,0.0,1
ENSG00000143543,2.2838588,2.9342806,1
ENSG00000159176,1.6977905,2.3254602,1
ENSG00000271252,0.11536402,0.0,1
ENSG00000304119,1.700047,0.9412828,1
ENSG00000117298_3,2.5382545,2.3287058,1
ENSG00000131788_1,1.2266029,2.1550992,1
ENSG00000143248_1,2.2193387,0.0,1
ENSG00000199377,1.4378132,0.0,1
ENSG00000231663,2.6127708,2.1214943,1
ENSG00000234807,0.72932714,0.0,1
ENSG00000118194_1,0.08952442,0.0,1
ENSG00000127463,2.4236975,2.774173,1
ENSG00000237413,0.012364005,0.0,1
ENSG00000285184,1.274763,1.4435759,1
ENSG00000134668,0.16692641,0.0,1
ENSG00000066136_2,1.0307261,0.0,1
ENSG00000143816,1.8699986,1.7865101,1
ENSG00000171806,2.0272262,2.1114573,1
ENSG00000227533,2.0465653,0.0,1
ENSG00000119283,1.457998,1.7659813,1
ENSG00000183431,2.4395397,3.1670365,1
ENSG00000197780,1.1752706,0.0,1
ENSG00000231563,1.1030835,1.5917878,1
ENSG00000134369,1.4164952,1.5863509,1
ENSG00000004455_1,1.474126,0.0,1
ENSG00000260971,0.06317761,0.0,1
ENSG00000134255,0.5814992,1.6831461,1
ENSG00000082482,0.019841937,0.0,1
ENSG00000117305,1.2006899,0.0,1
ENSG00000178585,2.598025,2.414385,1
ENSG00000162402,2.5575814,2.4738123,1
ENSG00000116237,2.5569263,2.6075838,1
ENSG00000142875_3,0.0043178205,0.0,1
ENSG00000173372,0.09425586,0.0,1
ENSG00000143786,0.1341015,0.0,1
ENSG00000120942,2.263259,0.0,1
ENSG00000131781_2,2.3370335,2.7645102,1
ENSG00000181656,0.16385691,0.0,1
ENSG00000035687,2.6047926,3.0595105,1
ENSG00000117616,0.120473325,0.0,1
ENSG00000196660,1.8215861,2.0145626,1
ENSG00000117859,1.1112773,2.8813264,1
ENSG00000287839,0.16128062,0.9930216,1
ENSG00000117597,1.736824,2.605696,1
ENSG00000143578_2,0.77256656,0.0,1
ENSG00000070886,1.657444,1.7167543,1
ENSG00000116218,1.3782709,1.572244,1
ENSG00000143006,1.1381776,0.0,1
ENSG00000116670_2,1.6696887,1.6091567,1
ENSG00000152092,1.0698707,1.1899673,1
ENSG00000204138_1,0.23718931,0.0,1
ENSG00000160741_1,2.4233816,0.0,1
ENSG00000143147,1.5933921,1.5487823,1
ENSG00000171357,0.9489189,1.1291741,1
ENSG00000162613,2.635542,3.6054041,1
ENSG00000196754,0.18651326,0.0,1
ENSG00000120949,0.30724722,0.8790729,1
ENSG00000118217,0.8214486,2.6683645,1
ENSG00000173726,2.675528,3.4743562,1
ENSG00000183856,1.0706615,0.0,1
ENSG00000273544,0.38143387,0.0,1
ENSG00000152332,2.4771008,2.8526752,1
ENSG00000180667_1,2.0535667,0.0,1
ENSG00000225675,1.9197907,0.0,1
ENSG00000243725,1.1865661,0.0,1
ENSG00000116213,0.63037115,1.8688912,1
ENSG00000180667,2.358528,2.9555147,1
ENSG00000233602,0.15584353,0.0,1
ENSG00000181773,2.4346497,0.0,1
ENSG00000188404_1,0.09365176,0.0,1
ENSG00000116157,1.5354736,1.779019,1
ENSG00000047410,2.720012,3.3244205,1
ENSG00000162614,1.2305347,1.6999764,1
ENSG00000162763,0.053704057,0.0,1
ENSG00000231365,2.586507,2.7135074,1
ENSG00000174606_1,2.0243177,2.168792,1
ENSG00000233290,0.053974442,0.0,1
ENSG00000184292,1.4592029,1.8542392,1
ENSG00000185519,1.7782694,1.3717327,1
ENSG00000143748,1.5846726,0.0,1
ENSG00000204084_1,1.1240233,1.9243207,1
ENSG00000285728,2.339529,1.6456383,1
ENSG00000162599,2.0695481,0.0,1
ENSG00000162736_1,0.103114575,0.0,1
