,Pred,actual,fold_idx
ENSG00000179094_2,1.4148896,1.8106719,12
ENSG00000106852_2,1.5001945,1.6770409,12
ENSG00000167721,1.2512479,3.0138268,12
ENSG00000230054,0.044523165,0.0,12
ENSG00000266962,2.0501487,2.322116,12
ENSG00000265055,1.5168548,1.0652734,12
ENSG00000175061,2.0056903,3.611614,12
ENSG00000171595,0.117390506,1.4678892,12
ENSG00000170004_1,0.103160456,0.0,12
ENSG00000204815,1.3342534,0.0,12
ENSG00000188895,1.8933395,2.323679,12
ENSG00000183010,1.5911033,0.0,12
ENSG00000275329,2.2903564,1.6876003,12
ENSG00000136444,1.976129,2.2761376,12
ENSG00000159202_1,2.3465192,1.7440034,12
ENSG00000067596,1.3484758,2.482562,12
ENSG00000126883_1,2.0993736,0.0,12
ENSG00000133027_1,0.0759126,0.0,12
ENSG00000189375,0.04681813,0.0,12
ENSG00000174038_1,0.07727045,1.1026394,12
ENSG00000007237_3,0.032502986,0.0,12
ENSG00000108826,1.8996979,0.0,12
ENSG00000204278_1,1.2287465,1.564382,12
ENSG00000148123,1.1726141,1.604604,12
ENSG00000291185,1.0747932,0.0,12
ENSG00000275385,0.003512472,0.0,12
ENSG00000108306,2.11184,2.0970838,12
ENSG00000186395,0.6383245,2.9390898,12
ENSG00000147874,0.0041378587,0.0,12
ENSG00000119318,2.3989766,3.4966004,12
ENSG00000148218,1.661113,1.982737,12
ENSG00000224738,2.2711203,1.4976069,12
ENSG00000169738_2,2.0186484,3.2218497,12
ENSG00000095261,2.6161556,2.6630664,12
ENSG00000166579_1,2.1380317,2.1419575,12
ENSG00000184640_7,0.35374814,1.6967669,12
ENSG00000266088,0.38117486,0.9930657,12
ENSG00000049283_1,0.109343745,0.8860957,12
ENSG00000106772,0.05300297,0.0,12
ENSG00000176208,2.0880897,2.5795448,12
ENSG00000141736,1.6612265,0.0,12
ENSG00000148357,1.4643409,1.6748796,12
ENSG00000244537,0.62664735,1.8351387,12
ENSG00000160447,1.8202661,2.3623693,12
ENSG00000131748,1.9503888,2.7780282,12
ENSG00000171401,0.319682,0.0,12
ENSG00000005381_2,0.07652965,0.0,12
ENSG00000087111_2,2.0426295,0.0,12
ENSG00000226609,2.1672008,0.0,12
ENSG00000260328,0.02168236,0.0,12
ENSG00000109047,0.17496686,0.0,12
ENSG00000277258_2,1.6401716,1.9593801,12
ENSG00000165025,1.5379547,1.582177,12
ENSG00000165181,0.04464732,0.98209023,12
ENSG00000230013_1,0.60078496,0.0,12
ENSG00000163597,1.8509716,0.0,12
ENSG00000187922,0.299204,0.0,12
ENSG00000048828,2.192252,2.8337843,12
ENSG00000273706,1.0856857,1.1951687,12
ENSG00000095370_2,0.17126541,0.0,12
ENSG00000141485,0.6413004,1.2434349,12
ENSG00000121057,2.3300064,2.3678515,12
ENSG00000214654,2.4082572,2.06668,12
ENSG00000108953,2.0655973,3.6385882,12
ENSG00000108823_1,0.09995418,1.1389339,12
ENSG00000119383_3,0.6717643,1.4168735,12
ENSG00000006740,1.2594501,1.7558291,12
ENSG00000291084,0.052791014,0.0,12
ENSG00000266970,2.0942888,1.1689098,12
ENSG00000107077,2.2026532,1.9561251,12
ENSG00000121060,2.0779507,2.4273434,12
ENSG00000168591,2.0502026,2.2252576,12
ENSG00000132535_3,0.20962138,0.0,12
ENSG00000186665_1,0.105533436,0.0,12
ENSG00000087152,2.0529752,2.291613,12
ENSG00000267321,1.6833352,0.0,12
ENSG00000129219,1.6913879,1.8192806,12
ENSG00000137075,1.5010837,0.0,12
ENSG00000167182,2.2417045,2.4309952,12
ENSG00000120063,2.299936,2.3192728,12
ENSG00000197170,1.9368528,2.9508219,12
ENSG00000108700,0.008759476,0.0,12
ENSG00000148180_3,0.90885425,0.0,12
ENSG00000275718,0.050578326,0.0,12
ENSG00000276293,2.298883,2.0628226,12
ENSG00000108389_1,2.125176,1.8424658,12
ENSG00000173812,2.3491628,4.064151,12
ENSG00000132510,0.531439,0.0,12
ENSG00000188825_1,0.78315955,0.0,12
ENSG00000224307,0.074405625,0.80222625,12
ENSG00000173253,0.5782801,1.148541,12
ENSG00000130635,1.4966308,1.4660368,12
ENSG00000198722,1.6488982,1.923327,12
ENSG00000181222,2.0410151,3.0628338,12
ENSG00000267002,1.4532949,1.2855258,12
ENSG00000181610,1.6291196,0.0,12
ENSG00000065325_1,0.05660043,0.0,12
ENSG00000136807,2.2196667,2.0582135,12
ENSG00000204054_2,1.5086261,0.0,12
ENSG00000125458,1.8790433,2.325331,12
ENSG00000127804,0.92601544,0.0,12
ENSG00000136895_2,1.5977882,0.0,12
ENSG00000225376_1,0.040721968,0.0,12
ENSG00000136828,1.6777695,1.6461684,12
ENSG00000167840,1.8206223,1.7312874,12
ENSG00000185920,1.6241907,1.5547192,12
ENSG00000244649,1.4955869,1.8044666,12
ENSG00000154263,0.060018413,0.0,12
ENSG00000166579,0.0713668,0.568366,12
ENSG00000108433,1.879572,0.0,12
ENSG00000160271_1,0.22607668,1.1150777,12
ENSG00000175826_1,1.8285743,3.069631,12
ENSG00000136824_1,1.2706432,0.0,12
ENSG00000196363_1,2.1601734,3.0217845,12
ENSG00000290585,0.13265327,0.0,12
ENSG00000126353,0.13901457,0.0,12
ENSG00000185298,2.1891797,2.6083827,12
ENSG00000223125,0.0601393,0.0,12
ENSG00000167113,2.4840267,3.1913364,12
ENSG00000006788,0.0046067834,0.0,12
ENSG00000188523,1.1934599,0.0,12
ENSG00000184544,0.036967807,0.8021852,12
ENSG00000215548,1.6668981,2.5564413,12
ENSG00000121064,0.4985137,2.101912,12
ENSG00000007168,2.0648253,2.6720054,12
ENSG00000277161_1,1.9592241,1.6468251,12
ENSG00000132535_4,1.6702936,0.0,12
ENSG00000184451_1,0.6066324,1.3904759,12
ENSG00000148120_2,1.8534056,1.8750033,12
ENSG00000204669,0.11361421,0.0,12
ENSG00000089685,1.7002776,3.08032,12
ENSG00000108852_1,0.27884048,1.1211789,12
ENSG00000040633_2,2.206981,2.2757075,12
ENSG00000005884,1.2167319,1.4105917,12
ENSG00000164972,0.11582684,0.0,12
ENSG00000147889_2,0.7961748,1.2729781,12
ENSG00000175866,1.9643545,2.3924103,12
ENSG00000167549,1.6613135,1.7415298,12
ENSG00000175893,1.3891996,1.7357585,12
ENSG00000264808,2.0843818,1.8221353,12
ENSG00000148248,2.2488368,2.9684045,12
ENSG00000181090_2,0.4945864,0.8384461,12
ENSG00000275302,0.052276768,0.0,12
ENSG00000107147_1,1.5378861,1.7371926,12
ENSG00000157657,1.6708769,0.0,12
ENSG00000130558,1.2322319,1.4785665,12
ENSG00000183010_1,1.9533823,2.723081,12
ENSG00000132471,1.3829153,3.2788725,12
ENSG00000108946_1,2.0821478,2.9504423,12
ENSG00000002919_1,1.5312018,1.662191,12
ENSG00000186860,0.85341704,1.6957443,12
ENSG00000176108,1.8815929,2.0766768,12
ENSG00000147854,1.8551546,2.4818509,12
ENSG00000141295_1,1.1883892,1.660467,12
ENSG00000107147_2,1.3662838,1.4358284,12
ENSG00000196730_2,1.5235661,1.9649099,12
ENSG00000160602,2.2296116,2.2112808,12
ENSG00000125492,1.0801795,1.4416165,12
ENSG00000063015_1,1.4570879,1.554065,12
ENSG00000204054_1,0.347901,0.0,12
ENSG00000136877_1,1.4516798,0.0,12
ENSG00000224738_1,2.054351,1.3761059,12
ENSG00000136942,2.2724183,4.161317,12
ENSG00000184650,0.061610803,0.0,12
ENSG00000136861_1,2.0570562,2.6485279,12
ENSG00000107262,2.13287,2.6328084,12
ENSG00000161654_1,2.171457,3.2278636,12
ENSG00000106772_2,1.0860058,0.0,12
ENSG00000108840,2.3725817,2.472171,12
ENSG00000183691,1.5104004,1.8851067,12
ENSG00000225190_1,2.0172286,2.2486598,12
ENSG00000278259_1,1.9614776,2.678491,12
ENSG00000108244_2,0.03789947,0.0,12
ENSG00000168646,1.6634637,1.4368303,12
ENSG00000120210,0.208932,0.0,12
ENSG00000287553,1.9746377,1.4493241,12
ENSG00000108960,1.9638953,1.0984014,12
ENSG00000175826,1.7660089,2.4572504,12
ENSG00000293440_1,0.048442654,0.0,12
ENSG00000119125,0.95106703,2.4204922,12
ENSG00000108379_1,0.087603666,0.0,12
ENSG00000182481,2.2798026,3.6727877,12
ENSG00000108469_1,1.3681347,0.0,12
ENSG00000126561_1,0.48260552,1.5093504,12
ENSG00000177992,0.046315417,0.0,12
ENSG00000007312,0.23374619,0.82275635,12
ENSG00000225472,0.017045535,0.0,12
ENSG00000264985,0.016327381,0.0,12
ENSG00000108883,0.030656263,0.0,12
ENSG00000267280,0.8315879,1.4549515,12
ENSG00000203364,0.07946246,0.0,12
ENSG00000187796,0.5784026,1.9537646,12
ENSG00000030304_1,0.0055859834,0.0,12
ENSG00000136930,1.3018397,0.0,12
ENSG00000173908,0.019175954,0.0,12
ENSG00000198000,1.296867,2.7940927,12
ENSG00000136826,1.6980637,1.6708022,12
ENSG00000168259_2,2.1733522,3.0564742,12
ENSG00000109099_2,0.025336176,0.0,12
ENSG00000188581,0.42958456,1.9005529,12
ENSG00000165716,1.7300688,1.749744,12
ENSG00000238423,1.4872212,1.864861,12
ENSG00000167525,2.137893,0.0,12
ENSG00000167193,2.1711543,2.403661,12
ENSG00000153933,2.0095835,1.8958036,12
ENSG00000119326,2.189905,2.636508,12
ENSG00000235641_1,0.38442433,0.8345987,12
ENSG00000129657_1,0.21316992,0.0,12
ENSG00000176058,2.2492955,2.2861419,12
ENSG00000234327,1.8744808,0.0,12
ENSG00000266947,0.44346666,0.0,12
ENSG00000137142,1.6206623,1.9768542,12
ENSG00000175164,1.9300663,2.3822746,12
ENSG00000153944_2,0.0046397597,0.0,12
ENSG00000136457,1.1100693,1.7151924,12
ENSG00000184640_3,0.8704293,1.1211854,12
ENSG00000141376_2,0.03092806,0.0,12
ENSG00000276231,-0.0016484186,0.0,12
ENSG00000141542,1.436009,1.7120601,12
ENSG00000183048,2.072935,2.1025023,12
ENSG00000107165,-0.007850952,0.0,12
ENSG00000005884_1,1.3980756,1.3990678,12
ENSG00000170310,0.38722098,1.8710122,12
ENSG00000287737,1.9626557,1.2264711,12
ENSG00000135052_1,0.11269217,1.0984014,12
ENSG00000266446,1.1198822,1.4633255,12
ENSG00000006125,1.8084505,3.0973094,12
ENSG00000107018,0.22771181,0.6649239,12
ENSG00000170175_1,0.6448193,0.0,12
ENSG00000262223,0.143045,0.0,12
ENSG00000157653,1.9365231,1.2480714,12
ENSG00000168795,2.4328673,2.2121742,12
ENSG00000160325,2.0007792,1.4732826,12
ENSG00000199753,2.1166563,1.9024924,12
ENSG00000204897,0.055085942,0.0,12
ENSG00000141510_1,0.6969046,0.0,12
ENSG00000107186_1,-0.0027734414,0.0,12
ENSG00000170689,2.371917,3.0185423,12
ENSG00000287750,0.49724346,0.98484224,12
ENSG00000268996,2.2961042,1.9265431,12
ENSG00000137094,0.88151276,0.0,12
ENSG00000233175,1.4927543,1.1951687,12
ENSG00000132386,0.23274328,0.0,12
ENSG00000120071_2,1.8780377,0.0,12
ENSG00000141556,2.0459528,2.5994277,12
ENSG00000107186_2,0.0142967105,0.0,12
ENSG00000108702,0.023036368,0.0,12
ENSG00000221926_1,0.5010017,0.0,12
ENSG00000136827,2.02688,2.731168,12
ENSG00000169683,1.912666,1.5142688,12
ENSG00000277887,2.1259549,0.0,12
ENSG00000165138,2.097527,2.4747696,12
ENSG00000080503_2,0.87963086,1.2554413,12
ENSG00000137135,1.509663,0.0,12
ENSG00000070214,1.7756327,2.1380594,12
ENSG00000141526,0.6977125,0.0,12
ENSG00000180340,1.3620418,1.856064,12
ENSG00000131899,1.9203551,1.7609725,12
ENSG00000141298,1.8744878,2.6308274,12
ENSG00000160408,0.4878347,0.0,12
ENSG00000080503_5,0.002310492,0.0,12
ENSG00000252942,0.021288306,0.0,12
ENSG00000131759_2,1.30051,1.4463352,12
ENSG00000170004,1.6241685,2.3010952,12
ENSG00000161533,2.0623605,2.338319,12
ENSG00000161955,0.08697279,0.0,12
ENSG00000175611,2.2409036,0.0,12
ENSG00000270806,0.04315026,0.0,12
ENSG00000291063,1.0316812,1.6480573,12
ENSG00000106868,2.1729233,2.49173,12
ENSG00000107104_2,0.017894737,0.0,12
ENSG00000108666,1.7002394,0.0,12
ENSG00000137073_1,2.3771129,2.822248,12
ENSG00000158122,1.9462177,2.3128288,12
ENSG00000177885,0.9044007,0.0,12
ENSG00000155876,1.9886448,2.5420783,12
ENSG00000068137,1.932016,1.5555539,12
ENSG00000132581,2.3382683,2.0434685,12
ENSG00000198121_1,1.4593165,1.4687165,12
ENSG00000185722_1,1.949535,2.0861819,12
ENSG00000161526,1.5577468,2.1032596,12
ENSG00000276070,0.071860045,1.9963715,12
ENSG00000173917,0.9106357,2.875981,12
ENSG00000272763,1.6332937,0.0,12
ENSG00000157303,1.3796155,0.0,12
ENSG00000179761,0.08781707,0.0,12
ENSG00000070495,2.369354,2.6189785,12
ENSG00000135052,1.5146848,1.8489338,12
ENSG00000267166,0.20651424,1.0698531,12
ENSG00000122696_1,2.0476985,2.6538875,12
ENSG00000262165_1,1.6370476,1.5059906,12
ENSG00000196305,2.176366,3.3455853,12
ENSG00000244187,2.1170561,0.0,12
ENSG00000213213,0.117599666,0.0,12
ENSG00000167302,2.0455716,1.8605176,12
ENSG00000263489,0.2875337,0.0,12
ENSG00000267206,0.1813815,0.0,12
ENSG00000180901,0.120244466,0.0,12
ENSG00000121057_2,0.06485247,0.0,12
ENSG00000175155,1.4587901,1.7497132,12
ENSG00000196535_1,1.9214655,2.5032334,12
ENSG00000198740,2.2817042,2.2449965,12
ENSG00000161542_1,2.2185311,2.5020404,12
ENSG00000132376,2.0977054,0.0,12
ENSG00000249406,0.69848853,0.8790385,12
ENSG00000132535_2,0.15502024,0.0,12
ENSG00000109062,2.1431916,2.348916,12
ENSG00000136867,1.4456867,1.4348084,12
ENSG00000007216,0.052647516,0.8894698,12
ENSG00000119457,0.7916536,1.2495408,12
ENSG00000182896,0.06914758,0.0,12
ENSG00000181284,0.65809,1.5502772,12
ENSG00000108379,1.3046676,1.1068026,12
ENSG00000165233,1.4317719,1.6137319,12
ENSG00000198920,0.028202891,0.0,12
ENSG00000172301,1.9711818,1.2786164,12
ENSG00000262074,1.346896,0.0,12
ENSG00000006744_1,2.072496,2.7032828,12
ENSG00000171097,2.2147353,0.0,12
ENSG00000127083,0.028822765,0.0,12
ENSG00000119408_1,1.7251142,1.2853998,12
ENSG00000147889_1,1.2204334,0.0,12
ENSG00000153822,0.03575988,0.0,12
ENSG00000265313,0.024604335,0.0,12
ENSG00000136929,1.0843555,3.3559914,12
ENSG00000171634,2.1872914,2.6573715,12
ENSG00000213246,2.2169683,2.9552715,12
ENSG00000236088,1.1821212,0.0,12
ENSG00000167881,0.13901211,0.0,12
ENSG00000265542,0.02240213,0.0,12
ENSG00000137100,0.47927457,0.0,12
ENSG00000108679,0.14424753,0.0,12
ENSG00000067191,0.08946308,0.0,12
ENSG00000165699_1,0.72005266,0.0,12
ENSG00000012048_2,1.2923957,2.6665742,12
ENSG00000106785,1.702698,2.2395747,12
ENSG00000132591,1.390781,2.8602817,12
ENSG00000160326,1.1074073,1.3326,12
ENSG00000178307,2.2101696,2.569231,12
ENSG00000131097,0.03866361,0.8755243,12
ENSG00000198231,2.4022887,2.6421142,12
ENSG00000136895_1,0.9914948,1.135069,12
ENSG00000120217,0.42770743,0.0,12
ENSG00000177076,1.676506,1.9380592,12
ENSG00000178445_1,0.005952038,0.0,12
ENSG00000198844_1,0.14129916,0.0,12
ENSG00000177728,0.88111603,0.0,12
ENSG00000141505,0.09120854,0.0,12
ENSG00000178919,0.7821461,1.4054488,12
ENSG00000108405,0.54923815,2.5277872,12
ENSG00000283439,0.045939997,0.0,12
ENSG00000167941,0.107835084,0.0,12
ENSG00000233901_2,0.5943988,1.1251884,12
ENSG00000132535_1,0.39755267,0.0,12
ENSG00000177374,1.1202211,1.1291741,12
ENSG00000119509,1.8859249,2.0722022,12
ENSG00000147889,1.020691,0.0,12
ENSG00000276070_1,0.05453743,1.9993438,12
ENSG00000128422_1,0.3106647,0.99574924,12
ENSG00000136463,1.8522545,2.3928902,12
ENSG00000204278,1.2315398,0.0,12
ENSG00000169925_1,2.0739682,2.1896868,12
ENSG00000108622_1,0.11076939,0.0,12
ENSG00000238007,0.053335443,0.0,12
ENSG00000068120,1.3024123,2.9642289,12
ENSG00000136810,2.2835908,3.0997496,12
ENSG00000189050,2.0023634,0.0,12
ENSG00000277688,0.3443483,0.0,12
ENSG00000230074,1.6441103,0.0,12
ENSG00000107331,0.2530442,0.0,12
ENSG00000007237_6,1.4472235,1.6930494,12
ENSG00000132518_1,0.83428234,0.7035493,12
ENSG00000147894,1.837377,1.7586092,12
ENSG00000176978,1.4544922,2.8025453,12
ENSG00000056586,2.114394,1.9058229,12
ENSG00000161958,0.54250586,2.1111248,12
ENSG00000290858,0.028867923,0.0,12
ENSG00000165118,1.7527925,2.408352,12
ENSG00000187838_1,1.8219448,2.4762692,12
ENSG00000261192,0.48574603,1.4319425,12
ENSG00000205808,1.5094985,1.8094722,12
ENSG00000168259,2.1945899,1.4899023,12
ENSG00000173826,1.3173814,0.0,12
ENSG00000015532,1.9737254,1.9328288,12
ENSG00000148339_2,0.5316379,0.0,12
ENSG00000204880,0.4170199,1.8511959,12
ENSG00000159842_3,1.298156,1.4568062,12
ENSG00000119411,1.0460969,1.4968328,12
ENSG00000170190,1.6926663,1.5532031,12
ENSG00000141456,0.054361865,0.0,12
ENSG00000165092,0.067228705,0.0,12
ENSG00000154957,1.9142712,1.7078851,12
ENSG00000119397_1,0.46082503,0.0,12
ENSG00000108469,0.39839202,0.73893905,12
ENSG00000092871_1,1.9034107,1.0606601,12
ENSG00000161682,1.6930836,0.0,12
ENSG00000197694,1.9072688,2.1744437,12
ENSG00000171346,0.07554256,0.74382323,12
ENSG00000204711,0.22534686,0.0,12
ENSG00000185624,0.33891094,1.4669714,12
ENSG00000235448,0.008528262,0.0,12
ENSG00000030304,0.025814056,0.0,12
ENSG00000131746,0.075994916,0.0,12
ENSG00000170425,1.6791397,1.9683475,12
ENSG00000200463,0.929559,2.4469285,12
ENSG00000232859,2.068862,1.8699354,12
ENSG00000237339,0.1027193,0.0,12
ENSG00000126653,1.4015523,2.7832832,12
ENSG00000141696,1.678933,2.0753279,12
ENSG00000212195,1.0027767,2.5806181,12
ENSG00000172123,0.08268959,0.7626035,12
ENSG00000154945_1,2.1550207,2.38591,12
ENSG00000108506,1.4863709,0.0,12
ENSG00000148396,2.259762,1.7063593,12
ENSG00000199313,0.091747805,0.0,12
ENSG00000277399,0.28470778,1.2509809,12
ENSG00000129667_1,1.5441467,0.0,12
ENSG00000204930,0.30430117,0.0,12
ENSG00000148337_1,2.2034137,3.3777597,12
ENSG00000107099_1,2.0801435,1.524788,12
ENSG00000176248,2.3466415,2.1018672,12
ENSG00000183684,2.248604,3.3381276,12
ENSG00000108813_2,1.1456306,1.6881349,12
ENSG00000004142,2.0910056,2.6354344,12
ENSG00000226604,0.028979003,0.0,12
ENSG00000070731,1.481059,1.6131121,12
ENSG00000199483,0.08374454,0.0,12
ENSG00000234860,-0.0022574738,0.0,12
ENSG00000108773_1,1.5607879,2.462431,12
ENSG00000165269,0.30008912,0.0,12
ENSG00000180638,0.08690663,0.0,12
ENSG00000147872_1,0.06823447,0.0,12
ENSG00000187272,0.7324887,0.0,12
ENSG00000198887,1.8944881,2.235488,12
ENSG00000272975_1,0.1799095,0.0,12
ENSG00000125484,2.0913448,0.0,12
ENSG00000142494,1.2120667,1.6234044,12
ENSG00000178789,0.036773875,0.0,12
ENSG00000276085,0.034635924,0.0,12
ENSG00000278535,1.6138014,2.536034,12
ENSG00000175106,1.8829466,1.9855028,12
ENSG00000171302,1.6490759,2.552392,12
ENSG00000188895_2,0.031498,0.0,12
ENSG00000185624_1,2.1669328,3.478366,12
ENSG00000173805,1.1176847,1.3148359,12
ENSG00000261371,0.42157912,0.0,12
ENSG00000277363,0.6554567,0.0,12
ENSG00000213416,0.46752012,0.0,12
ENSG00000107281,1.5750891,1.9107845,12
ENSG00000230601,0.10217689,0.0,12
ENSG00000223551,0.16307858,3.6649003,12
ENSG00000029725,1.9908637,2.7323253,12
ENSG00000070601,1.559606,1.2167463,12
ENSG00000108417,0.027914546,0.0,12
ENSG00000136940,1.7322668,2.5615962,12
ENSG00000157654,1.3595718,0.0,12
ENSG00000132535,0.28789908,0.0,12
ENSG00000175611_1,2.1711533,2.2282617,12
ENSG00000181323,0.050823167,0.0,12
ENSG00000154240_1,1.3712016,0.0,12
ENSG00000235979,0.048188247,0.0,12
ENSG00000083223_1,2.0001829,2.1014926,12
ENSG00000186185,2.036698,2.1628003,12
ENSG00000119121,0.073018156,1.0513146,12
ENSG00000232104,2.276151,1.979093,12
ENSG00000180071,1.1877724,0.0,12
ENSG00000109101,0.2829154,1.7777312,12
ENSG00000161955_1,0.17690216,0.0,12
ENSG00000170836,2.4254558,2.2828329,12
ENSG00000261156,0.013210334,1.3301499,12
ENSG00000182327,0.43488014,1.3938208,12
ENSG00000284976,0.57530445,1.5672711,12
ENSG00000082641,2.287042,2.556294,12
ENSG00000141034,2.2772434,2.26689,12
ENSG00000136450_1,2.412608,3.322455,12
ENSG00000132481,1.5462786,1.6563857,12
ENSG00000179604,1.8918763,1.9963715,12
ENSG00000171843_1,1.087908,1.560612,12
ENSG00000161958_2,0.5458591,0.0,12
ENSG00000141499_1,1.2457596,1.8841097,12
ENSG00000213930,0.88837713,1.75201,12
ENSG00000167723_1,0.12408251,0.0,12
ENSG00000108588,2.1204283,0.0,12
ENSG00000200903,0.19565263,0.0,12
ENSG00000108641,1.8007559,1.5052314,12
ENSG00000148180_2,0.434206,0.0,12
ENSG00000274512,0.14729649,0.0,12
ENSG00000106686,0.18113637,0.0,12
ENSG00000121101,0.37704068,0.0,12
ENSG00000129195,1.417157,0.0,12
ENSG00000094804,1.9239367,2.738023,12
ENSG00000108825,0.73409075,0.0,12
ENSG00000073670_1,1.6308478,1.7052563,12
ENSG00000173812_1,1.171817,1.4208959,12
ENSG00000196422,1.678289,1.9077874,12
ENSG00000165140_1,0.13432218,1.346079,12
ENSG00000148331,2.1417246,0.0,12
ENSG00000122756_1,1.1885917,1.4578516,12
ENSG00000178999_1,1.3708843,2.714531,12
ENSG00000108924_2,0.03665769,0.0,12
ENSG00000119383_4,0.22377132,0.0,12
ENSG00000136877,1.8473434,2.117248,12
ENSG00000133027_2,2.1809108,2.2971475,12
ENSG00000135048,1.6973556,0.0,12
ENSG00000196092_1,0.16861056,0.8423221,12
ENSG00000108946,1.7354468,1.8328345,12
ENSG00000167447,1.102122,2.3144634,12
ENSG00000233223_2,2.03336,2.720647,12
ENSG00000161381,0.20301308,0.0,12
ENSG00000156345,1.1246661,1.3635932,12
ENSG00000141738_1,0.35722077,0.0,12
ENSG00000068079,0.57305884,0.0,12
ENSG00000091640,1.664939,2.6941743,12
ENSG00000141376_3,0.010825634,0.0,12
ENSG00000167543_1,1.6610109,1.674806,12
ENSG00000184640,1.4978954,2.2424893,12
ENSG00000074356_1,1.9009519,2.4852571,12
ENSG00000291110_1,0.06451629,0.0,12
ENSG00000136856,1.9803371,1.8015409,12
ENSG00000187024_1,0.20340876,0.0,12
ENSG00000137145,2.1182165,2.117798,12
ENSG00000164976,1.3053973,1.0720954,12
ENSG00000184988,0.3473302,1.0675544,12
ENSG00000248714,2.158357,1.2085596,12
ENSG00000214946,0.06420583,0.0,12
ENSG00000224848,0.6316916,0.0,12
ENSG00000173065_2,1.396683,1.5598947,12
ENSG00000129226_1,0.42479074,1.142796,12
ENSG00000177469,1.5512818,3.083732,12
ENSG00000167419_1,0.054247916,0.0,12
ENSG00000086065_1,1.6454731,2.639801,12
ENSG00000219200,1.1499506,3.3678124,12
ENSG00000175854,1.0765101,1.4882207,12
ENSG00000154265,1.7435848,1.6930231,12
ENSG00000230537_1,0.27613825,0.0,12
ENSG00000264672,0.020916164,0.95927995,12
ENSG00000160539,0.49735916,1.3387353,12
ENSG00000148400,2.0452132,2.3864276,12
ENSG00000132522_1,1.8514645,2.469277,12
ENSG00000204054_3,1.0946289,0.0,12
ENSG00000106976_1,1.9418153,1.5821543,12
ENSG00000062716,1.6568252,0.0,12
ENSG00000231991,0.11850779,0.0,12
ENSG00000136875,1.9077554,2.6578128,12
ENSG00000125454,2.2250454,2.5212598,12
ENSG00000175832_1,1.8340461,2.4974687,12
ENSG00000171843_2,0.77740616,1.6825693,12
ENSG00000185920_1,0.7001892,1.7741811,12
ENSG00000108309,0.46665233,1.4686869,12
ENSG00000121104_1,2.281082,0.0,12
ENSG00000141349,1.8192014,2.687743,12
ENSG00000129235,1.3534404,3.2151005,12
ENSG00000136895_3,0.005616747,0.0,12
ENSG00000181513_1,0.8131003,0.0,12
ENSG00000108821,0.14816235,0.96510756,12
ENSG00000108557,1.8969896,2.2030058,12
ENSG00000178445,0.036740392,0.9413325,12
ENSG00000291172,0.011259496,0.0,12
ENSG00000164970,1.6731485,2.3677845,12
ENSG00000094796,0.46239227,0.0,12
ENSG00000172992_1,2.1782477,2.3343954,12
ENSG00000141376_1,-0.018034048,0.0,12
ENSG00000185379,1.4360044,1.8023837,12
ENSG00000186130,1.1127079,2.1326375,12
ENSG00000196422_1,1.7049443,1.9474827,12
ENSG00000164972_1,0.021595106,0.0,12
ENSG00000131737,0.46600413,1.142796,12
ENSG00000137106,1.8438882,0.0,12
ENSG00000185262,2.3048265,3.361367,12
ENSG00000188352,2.0555487,2.0803955,12
ENSG00000148300,1.7822891,2.6044939,12
ENSG00000236130,0.7207867,0.0,12
ENSG00000125457_1,2.118704,2.1349354,12
ENSG00000125445,2.1095293,2.7880056,12
ENSG00000184640_8,0.31909955,1.4677856,12
ENSG00000179094_1,0.92166156,0.0,12
ENSG00000006282_1,0.10330967,0.0,12
ENSG00000107164,2.0845184,2.776213,12
ENSG00000107187_1,1.2261422,1.3363396,12
ENSG00000008838,1.0242066,0.0,12
ENSG00000261879,1.4922892,0.0,12
ENSG00000136813_1,1.8413714,2.8855817,12
ENSG00000277791,2.0704677,3.2241263,12
ENSG00000204889,0.012602121,0.0,12
ENSG00000166292,0.12200263,0.0,12
ENSG00000185359,2.1876128,2.633057,12
ENSG00000072778,1.664906,2.8167276,12
ENSG00000171169,1.9677442,2.1782804,12
ENSG00000141258_1,1.8084129,1.6358857,12
ENSG00000182446_1,0.12292062,0.0,12
ENSG00000122707,0.9421837,1.886891,12
ENSG00000240498_1,-0.011463083,0.0,12
ENSG00000109072,0.1804622,0.0,12
ENSG00000212724,0.7065847,0.0,12
ENSG00000131747,2.0875316,0.0,12
ENSG00000137040,1.0592293,0.0,12
ENSG00000186532,1.5826828,0.0,12
ENSG00000092931_1,2.2798073,1.7714258,12
ENSG00000108784,2.33636,2.1913114,12
ENSG00000095303_2,0.42682266,0.0,12
ENSG00000141576_1,2.080137,2.0619009,12
ENSG00000161654,0.07961479,0.0,12
ENSG00000278259_2,2.1629498,1.8571937,12
ENSG00000108813_1,0.632241,1.8135409,12
ENSG00000059769,2.1948102,2.2030954,12
ENSG00000171446,0.09639792,0.8460896,12
ENSG00000161921,0.37320048,0.0,12
ENSG00000188747,2.053212,1.1934863,12
ENSG00000167434,1.1300021,1.4095442,12
ENSG00000120071,0.01206214,0.0,12
ENSG00000128482,0.1267364,0.0,12
ENSG00000106686_1,0.09471865,0.0,12
ENSG00000196597,1.8471125,2.0135198,12
ENSG00000175764,1.7921233,2.0637498,12
ENSG00000164985_2,2.1775205,3.0240092,12
ENSG00000108423,1.7805144,2.312987,12
ENSG00000133195,0.7347046,1.9255987,12
ENSG00000066697,2.2564263,2.3645134,12
ENSG00000108798,0.31123918,0.0,12
ENSG00000087095_1,0.2857818,2.0054808,12
ENSG00000130956,1.8639694,2.2717254,12
ENSG00000073598,0.056401983,0.0,12
ENSG00000171916,0.0329997,0.0,12
ENSG00000119383,2.2986743,1.7990123,12
ENSG00000137101_2,1.1951046,0.0,12
ENSG00000219200_1,0.551408,2.3349,12
ENSG00000240498,0.95266986,0.0,12
ENSG00000108963,0.9781714,0.0,12
ENSG00000108528,2.0090983,0.0,12
ENSG00000196712_1,0.05198309,0.8963609,12
ENSG00000108590,0.76601344,0.0,12
ENSG00000167723,0.0846589,0.0,12
ENSG00000108370,0.7522218,0.0,12
ENSG00000276023,2.1398265,2.4716144,12
ENSG00000212721,0.6224106,1.4568365,12
ENSG00000141040,1.2268687,1.5036137,12
ENSG00000165695,1.3621306,1.232615,12
ENSG00000198853_1,0.13586229,0.0,12
ENSG00000121067,1.6305214,0.0,12
ENSG00000173818,2.055538,1.7683051,12
ENSG00000136908,1.7246871,2.6721966,12
ENSG00000161544,1.3396158,1.999609,12
ENSG00000204136,1.2049848,1.5472454,12
ENSG00000147905_1,0.010404378,0.0,12
ENSG00000278540_1,2.139786,1.0743409,12
ENSG00000050555,1.6033063,1.6881528,12
ENSG00000136931,0.34942847,0.0,12
ENSG00000107338,2.293492,1.9094704,12
ENSG00000153976,1.6657383,1.944142,12
ENSG00000184640_5,0.13534868,0.0,12
ENSG00000261408,2.2166564,2.0028138,12
ENSG00000148386,0.10541713,0.0,12
ENSG00000127191,0.15374751,0.0,12
ENSG00000135002_1,1.9780827,2.5202477,12
ENSG00000265688,2.148123,1.8229262,12
ENSG00000231806_1,0.5160349,0.0,12
ENSG00000259349,1.7783595,0.0,12
ENSG00000290810,0.02245608,0.0,12
ENSG00000204952,0.19451244,0.0,12
ENSG00000198853,2.1167507,2.0636187,12
ENSG00000199426,0.84756017,1.5167865,12
ENSG00000165684,2.0042043,2.0985227,12
ENSG00000170160,0.57554984,0.0,12
ENSG00000106853_2,0.21638511,0.0,12
ENSG00000213694,1.1735224,1.3508292,12
ENSG00000136891,2.0863395,2.82593,12
ENSG00000108591,1.664588,0.0,12
ENSG00000227355,2.1552694,0.0,12
ENSG00000235448_1,0.022222921,0.0,12
ENSG00000177239,2.2656267,2.3000364,12
ENSG00000293440,2.1216152,1.6691215,12
ENSG00000107175,1.6673114,1.3784161,12
ENSG00000181778,0.039571032,0.0,12
ENSG00000141748,0.080374464,1.1026257,12
ENSG00000278259,0.8060114,0.0,12
ENSG00000161905,0.47443622,1.1211987,12
ENSG00000161395,1.5722283,1.9268875,12
ENSG00000122133,0.11373131,0.0,12
ENSG00000286322_1,0.4021243,0.0,12
ENSG00000083457,2.0791879,1.9392916,12
ENSG00000235641,0.045967177,0.0,12
ENSG00000262050,1.8347489,0.0,12
ENSG00000122729,1.2434207,2.3457441,12
ENSG00000108846,1.0881581,1.3773427,12
ENSG00000171346_1,0.28635484,0.0,12
ENSG00000107263_1,1.6516116,2.2263162,12
ENSG00000160271,2.017985,1.5925076,12
ENSG00000240445,1.0814269,0.0,12
ENSG00000180626,1.5651547,1.6725873,12
ENSG00000182271,0.0125323385,0.0,12
ENSG00000293514,2.6239169,2.6061513,12
ENSG00000183978,0.802128,0.0,12
ENSG00000170222,1.8700258,1.8756573,12
ENSG00000197919,0.00387837,0.0,12
ENSG00000108559,2.015192,2.5436373,12
ENSG00000136488,0.0710495,0.0,12
ENSG00000171861,1.765788,2.1541774,12
ENSG00000271086,2.2562401,1.6552441,12
ENSG00000005102,0.025731586,0.0,12
ENSG00000107036,2.2247388,2.3411317,12
ENSG00000130707,1.2237457,0.0,12
ENSG00000108468,2.26021,1.7146734,12
ENSG00000188986,2.0815887,2.3690116,12
ENSG00000119471,2.2340424,2.8231623,12
ENSG00000262879,0.820491,0.0,12
ENSG00000136897,1.3717936,0.0,12
ENSG00000085265,0.04427635,0.0,12
ENSG00000196859,-0.0033397526,0.0,12
ENSG00000108733,1.8986337,2.0721765,12
ENSG00000107185,1.6450146,2.280856,12
ENSG00000293669,2.1346338,2.4164941,12
ENSG00000070540,1.8028927,1.9841356,12
ENSG00000130558_2,0.13243277,0.0,12
ENSG00000126883_3,0.1996815,0.0,12
ENSG00000256806,1.529651,1.1883097,12
ENSG00000095397,1.5035152,1.8343571,12
ENSG00000096968_1,2.1693432,2.298152,12
ENSG00000138835,0.8797435,0.0,12
ENSG00000167103_1,1.47109,0.0,12
ENSG00000184640_1,0.1421456,0.7189996,12
ENSG00000221880,0.3870266,1.1191238,12
ENSG00000184185,1.4618167,1.605208,12
ENSG00000136872_1,0.05142148,0.0,12
ENSG00000141497,1.1563839,0.0,12
ENSG00000108561,2.0661824,3.5902765,12
ENSG00000136819,2.3735833,3.4057646,12
ENSG00000108924_3,0.046296626,0.0,12
ENSG00000119402,2.4171112,2.477564,12
ENSG00000233101_1,0.3150965,0.0,12
ENSG00000159899,0.8660372,1.327604,12
ENSG00000267278_1,0.12503162,0.99033886,12
ENSG00000167840_1,1.0876485,0.8384713,12
ENSG00000273604,1.9283817,1.8641787,12
ENSG00000074755,2.0404384,2.1355524,12
ENSG00000121068,1.4694961,1.3850518,12
ENSG00000175866_3,0.20582707,0.0,12
ENSG00000184640_9,0.17431004,0.0,12
ENSG00000167525_3,2.1127553,1.7308307,12
ENSG00000124422_1,2.101255,2.3272607,12
ENSG00000136492,1.433443,0.0,12
ENSG00000184502,0.06332339,0.0,12
ENSG00000204001_1,0.57274246,0.0,12
ENSG00000285822,1.5363027,2.881033,12
ENSG00000146872_1,2.118073,2.4214888,12
ENSG00000154803,1.6823534,0.0,12
ENSG00000108375_1,0.54935706,0.0,12
ENSG00000165238,1.4989028,1.9061842,12
ENSG00000173068,0.056500703,0.0,12
ENSG00000072818,0.11115653,1.1291741,12
ENSG00000122711,0.25201848,0.0,12
ENSG00000070731_1,1.5068835,1.6836863,12
ENSG00000106819,-0.0022424161,0.0,12
ENSG00000225551,0.02629681,0.0,12
ENSG00000108424,2.1890335,3.8853958,12
ENSG00000148335,0.19143462,0.8860957,12
ENSG00000129657_2,2.2439284,1.7882674,12
ENSG00000075429,0.85635024,1.339948,12
ENSG00000161513_1,1.8413955,2.4613168,12
ENSG00000169992_1,0.05578284,0.0,12
ENSG00000092929_1,1.1389972,2.2664223,12
ENSG00000185527,0.48939103,1.0142264,12
ENSG00000188825,1.4794098,0.0,12
ENSG00000209582,0.12332514,0.0,12
ENSG00000182612,0.094611414,0.0,12
ENSG00000198933,1.5226817,1.1026052,12
ENSG00000120068,1.1646405,1.4106592,12
ENSG00000007237_1,0.15285474,0.78500223,12
ENSG00000175175,1.2919735,1.9511188,12
ENSG00000279561,1.1717938,0.0,12
ENSG00000291169,0.075204074,0.0,12
ENSG00000181856,0.7512815,0.95631254,12
ENSG00000185963,2.2898781,2.0504184,12
ENSG00000148337_2,0.65618473,1.2684703,12
ENSG00000213246_1,0.75262535,0.0,12
ENSG00000172794_1,1.0215096,1.2342135,12
ENSG00000174292_1,1.1800106,1.0721028,12
ENSG00000166482,0.48998266,0.0,12
ENSG00000182557,0.2066014,0.0,12
ENSG00000187866,2.0945313,2.2798038,12
ENSG00000125434,1.6541567,2.081005,12
ENSG00000167100,1.2313507,0.0,12
ENSG00000136842,1.9340905,3.037777,12
ENSG00000108852_2,0.2070282,1.332499,12
ENSG00000184619,0.65120167,1.1813576,12
ENSG00000004897,2.447112,2.7334058,12
ENSG00000106799,2.2597427,2.3154876,12
ENSG00000169071,1.8242289,1.0962493,12
ENSG00000187186,0.7558722,0.0,12
ENSG00000166484,0.8276122,1.6870292,12
ENSG00000228317,0.8317391,0.0,12
ENSG00000273702,2.5251305,2.2690222,12
ENSG00000234494,1.5843344,0.0,12
ENSG00000188612_1,2.3484898,3.7502692,12
ENSG00000175283,2.214577,2.0014784,12
ENSG00000279668,0.07214293,0.0,12
ENSG00000169718_1,1.820145,2.428339,12
ENSG00000141699,2.3037913,2.2937007,12
ENSG00000119523,2.2608807,2.4707484,12
ENSG00000287431,2.3637097,1.4318621,12
ENSG00000148346,0.105703615,0.0,12
ENSG00000198785,0.8071098,1.3828093,12
ENSG00000135047,1.844889,3.1130738,12
ENSG00000197566,1.0400251,1.6252816,12
ENSG00000119335_1,2.3156476,2.0307415,12
ENSG00000277511,0.3876856,0.0,12
ENSG00000160446,2.0908945,2.2400172,12
ENSG00000221829_1,1.8886628,1.7016457,12
ENSG00000175906,0.75204116,1.2002593,12
ENSG00000137124,1.6015304,2.516214,12
ENSG00000170291,1.9347299,2.548156,12
ENSG00000278619,2.1409085,2.1597025,12
ENSG00000164985,0.0012241527,0.0,12
ENSG00000148334_1,2.289939,1.8862256,12
ENSG00000086102,2.2142136,0.0,12
ENSG00000148337,2.228395,3.333034,12
ENSG00000250850,0.70995486,0.0,12
ENSG00000108984,0.14697222,0.0,12
ENSG00000121073_2,0.29262507,0.0,12
ENSG00000161649,0.067848966,0.0,12
ENSG00000132510_1,0.16187459,0.0,12
ENSG00000262061,0.18396012,0.81050134,12
ENSG00000086065,2.0384626,2.9069016,12
ENSG00000070610_1,1.8703784,2.3783433,12
ENSG00000172159,0.03609337,0.0,12
ENSG00000159217,2.112129,2.6539648,12
ENSG00000120075,1.0285386,0.0,12
ENSG00000006025,0.7817222,2.1426022,12
ENSG00000138835_1,0.092337385,0.0,12
ENSG00000169733,1.2300912,1.325064,12
ENSG00000136448,1.8521149,3.6262817,12
ENSG00000213213_1,1.4969662,0.95921314,12
ENSG00000172889_1,1.3870796,3.5864184,12
ENSG00000182473_1,1.4147071,1.399085,12
ENSG00000187616,0.078077026,0.0,12
ENSG00000278774,2.4610732,0.0,12
ENSG00000148225,1.2710073,1.1231785,12
ENSG00000153930_1,0.0012936592,0.0,12
ENSG00000148200,2.3839319,2.145793,12
ENSG00000127774,2.0366805,2.6536446,12
ENSG00000108947,1.0521448,0.0,12
ENSG00000189051,0.072704315,0.0,12
ENSG00000108950,1.2840968,1.3980268,12
ENSG00000106780,2.216172,2.063971,12
ENSG00000127191_1,2.2857907,2.297235,12
ENSG00000109084,2.1002195,3.0977187,12
ENSG00000108639_1,0.8281711,0.0,12
ENSG00000170315_1,1.4684615,0.0,12
ENSG00000235530,2.2141883,1.9581815,12
ENSG00000165209,2.1950035,2.8332236,12
ENSG00000197063_1,2.1810596,2.3580492,12
ENSG00000131759,0.21810368,0.0,12
ENSG00000080503_1,1.7965726,2.2212915,12
ENSG00000126337,0.41720003,0.90639967,12
ENSG00000154262,0.03679183,0.0,12
ENSG00000161542,2.2569187,1.6018863,12
ENSG00000267080,1.6575168,0.0,12
ENSG00000141560,1.7301475,2.1111515,12
ENSG00000230148,2.0811718,2.0017338,12
ENSG00000148334_2,2.138169,1.8516375,12
ENSG00000170703_1,0.7800566,1.0392555,12
ENSG00000129226,0.56925493,2.9555626,12
ENSG00000108592,2.0348427,2.1281536,12
ENSG00000286435,0.21903415,0.0,12
ENSG00000170703,1.1046823,1.0063976,12
ENSG00000107099_2,0.47020453,0.0,12
ENSG00000167183,0.14916101,0.0,12
ENSG00000107317,0.13102402,0.9984337,12
ENSG00000080503,1.9716393,2.3034055,12
ENSG00000187824,1.0346485,1.0269008,12
ENSG00000181031_1,0.09959324,0.0,12
ENSG00000176170,0.06795013,0.98479724,12
ENSG00000184709,1.0646576,1.769141,12
ENSG00000141698,1.3863624,2.7659924,12
ENSG00000108641_1,1.4556496,1.5208162,12
ENSG00000173077,0.00800319,0.0,12
ENSG00000161381_1,0.28818733,1.3070893,12
ENSG00000108255,0.041900054,0.0,12
ENSG00000126883_2,0.5548948,1.3004433,12
ENSG00000180549,0.102039956,0.92577606,12
ENSG00000167524,0.086644344,0.64119637,12
ENSG00000154330,0.18283041,1.1670691,12
ENSG00000284977,0.023329176,0.0,12
ENSG00000108509_1,0.115870595,0.0,12
ENSG00000174327,1.8057091,1.9028456,12
ENSG00000215644,1.3495381,1.3740147,12
ENSG00000126882,2.3087685,1.5271142,12
ENSG00000167157,1.5402225,1.6376998,12
ENSG00000155827,1.798276,1.9284266,12
ENSG00000154258,0.05891934,0.0,12
ENSG00000160293,1.7521783,1.4520932,12
ENSG00000108352,1.1070081,2.0006943,12
ENSG00000108846_1,0.1606282,0.0,12
ENSG00000262165,0.047413617,0.0,12
ENSG00000123453_1,0.38319165,0.0,12
ENSG00000188938,2.1682174,2.2364137,12
ENSG00000159202,2.31729,2.570683,12
ENSG00000108387_1,0.043541014,0.0,12
ENSG00000171298,1.9058657,1.6628333,12
ENSG00000130222,0.56587535,1.376084,12
ENSG00000263400,0.85695875,0.0,12
ENSG00000276234,2.182164,2.4037552,12
ENSG00000204277,0.46549493,1.2450386,12
ENSG00000119514,1.8210121,2.5412297,12
ENSG00000132507_3,1.0135562,1.5101293,12
ENSG00000175768,2.1631346,3.366137,12
ENSG00000235106,1.5435928,1.9628521,12
ENSG00000165113,1.6207412,1.757692,12
ENSG00000233098,0.977938,2.849562,12
ENSG00000184640_4,1.8954885,2.5656955,12
ENSG00000183354,1.5596935,1.6908426,12
ENSG00000131759_1,1.8758761,2.4156942,12
ENSG00000258890,2.3085654,2.4100194,12
ENSG00000122741,2.1944509,2.5858386,12
ENSG00000010244,1.5439206,3.458458,12
ENSG00000214929,0.018453658,0.0,12
ENSG00000161958_1,0.59771866,1.667929,12
ENSG00000067191_2,1.2349436,1.9683756,12
ENSG00000175787,0.58898824,0.0,12
ENSG00000138835_2,0.06649195,0.0,12
ENSG00000267280_1,1.5857122,1.4705281,12
ENSG00000136490_1,1.6635616,2.1575475,12
ENSG00000198920_1,1.4152331,0.0,12
ENSG00000141367,2.279495,3.6210952,12
ENSG00000108669_2,0.55605584,1.8463309,12
ENSG00000109061,0.00036256015,0.0,12
ENSG00000131470,2.027128,2.4103706,12
ENSG00000275832_1,1.0091109,1.250976,12
ENSG00000136478,2.0245209,1.8393964,12
ENSG00000234323_2,0.004783377,0.0,12
ENSG00000087191_1,2.182738,0.0,12
ENSG00000087152_1,2.2916462,2.3538008,12
ENSG00000131475,1.0644,2.9082377,12
ENSG00000153944_1,1.0877124,0.0,12
ENSG00000159314,0.13279799,0.0,12
ENSG00000165119,0.18244134,0.0,12
ENSG00000169718,1.7892598,1.1089032,12
ENSG00000141279_1,2.163138,2.9820902,12
ENSG00000267121,1.4676985,2.2644637,12
ENSG00000186665,2.298201,2.0615354,12
ENSG00000141562_1,2.1415608,3.3256984,12
ENSG00000129214_1,0.09726317,0.0,12
ENSG00000160606,2.4120133,2.213252,12
ENSG00000168792,1.3560624,1.6059296,12
ENSG00000234899,0.0048445836,0.0,12
ENSG00000156049,0.40312797,0.81870085,12
ENSG00000198336_1,1.0992996,3.3755758,12
ENSG00000119139_1,1.38714,1.9771472,12
ENSG00000132530,0.04353687,0.0,12
ENSG00000174231,1.479124,2.910657,12
ENSG00000167105,0.23976259,1.0488689,12
ENSG00000181523,1.381036,0.0,12
ENSG00000072310,2.0208395,0.0,12
ENSG00000168259_3,0.48007727,2.537445,12
ENSG00000091592,0.14677346,1.0606601,12
ENSG00000171475,1.6938137,2.3311458,12
ENSG00000168961,0.1458453,0.0,12
ENSG00000293499,1.6991689,1.9791385,12
ENSG00000048828_2,0.0005138591,0.0,12
ENSG00000236924,0.5935066,0.0,12
ENSG00000108797,0.45732552,1.2510052,12
ENSG00000153982_1,1.967086,0.9764784,12
ENSG00000108958,0.02894941,0.0,12
ENSG00000137154,1.9920092,3.6127744,12
ENSG00000188176,1.5317248,2.0322156,12
ENSG00000131471_1,0.046147957,1.0941216,12
ENSG00000132518,0.11063288,0.0,12
ENSG00000107077_1,2.2475116,1.7912976,12
ENSG00000181885,0.46082246,0.0,12
ENSG00000197646,0.0041265637,0.56841296,12
ENSG00000259384,0.07906696,1.072066,12
ENSG00000159884,2.0808718,1.778144,12
ENSG00000121057_1,1.2612232,0.0,12
ENSG00000153822_1,0.014948465,0.0,12
ENSG00000161381_2,0.5400986,1.38616,12
ENSG00000167695_1,1.8520999,1.6486527,12
ENSG00000148308_1,1.3123652,2.4239206,12
ENSG00000176101,2.4001207,2.4261208,12
ENSG00000148219,1.0063286,0.0,12
ENSG00000132581_1,2.339104,2.4811273,12
ENSG00000108384,1.830059,2.7357147,12
ENSG00000167720,2.1276345,2.0130017,12
ENSG00000233098_1,0.0049143136,0.0,12
ENSG00000167113_1,2.560986,2.9025197,12
ENSG00000095370,1.4054013,1.5465304,12
ENSG00000167716_1,1.6964691,1.8770833,12
ENSG00000129667,0.08889366,0.0,12
ENSG00000160271_2,0.08828425,0.0,12
ENSG00000201920,0.069468364,1.3213499,12
ENSG00000073536,1.5608969,2.4103367,12
ENSG00000130560_1,2.2096832,3.330637,12
ENSG00000160404,2.0790133,2.5122614,12
ENSG00000174326,0.37367266,1.6770592,12
ENSG00000172159_1,1.3507814,1.314857,12
ENSG00000130957,0.092534885,0.0,12
ENSG00000161970,1.1475447,0.0,12
ENSG00000108551,1.160724,1.4864446,12
ENSG00000225190,0.09573251,0.0,12
ENSG00000119522,2.0501254,2.2963603,12
ENSG00000076351_1,0.2393155,0.0,12
ENSG00000267278,2.1702988,2.152218,12
ENSG00000135002,1.4525158,0.0,12
ENSG00000119421,1.3845326,2.8919299,12
ENSG00000087111,0.10718544,0.0,12
ENSG00000109099_3,0.03589876,0.0,12
ENSG00000122735,1.0014458,0.0,12
ENSG00000148120,1.5783833,1.9124027,12
ENSG00000131668,1.4752415,1.580697,12
ENSG00000199744,0.09960446,1.1088964,12
ENSG00000187688,0.78820455,2.5206735,12
ENSG00000161405_1,0.7869674,0.0,12
ENSG00000197724_1,1.8218663,1.9511139,12
ENSG00000229637,0.07135845,0.0,12
ENSG00000056558,0.18285407,0.0,12
ENSG00000238898,0.030930072,0.0,12
ENSG00000070601_1,0.065127686,0.0,12
ENSG00000122694,1.6656028,0.0,12
ENSG00000129657,1.6290776,2.524631,12
ENSG00000154262_1,0.06106344,0.0,12
ENSG00000186350,1.8679863,2.563018,12
ENSG00000273559,1.8460456,2.4675727,12
ENSG00000054179,1.3935131,1.5450472,12
ENSG00000177731,1.5147814,2.2321827,12
ENSG00000106772_1,0.021018557,0.8499719,12
ENSG00000141526_1,0.5556712,1.1707016,12
ENSG00000126368,1.5898649,1.5318875,12
ENSG00000133027,0.18852578,1.1917863,12
ENSG00000130958,1.4144042,1.716162,12
ENSG00000109113_2,0.19029315,0.0,12
ENSG00000006062,2.3821714,2.044916,12
ENSG00000196730_1,1.0945252,2.4666986,12
ENSG00000293515,0.052712977,0.0,12
ENSG00000133026_1,2.1230578,2.6247234,12
ENSG00000214941,2.1903434,2.0813437,12
ENSG00000159921_1,0.0008335039,0.0,12
ENSG00000092871_2,2.1979194,1.7307984,12
ENSG00000286718,1.6580212,0.0,12
ENSG00000181409,0.22632138,0.0,12
ENSG00000119446,1.9682502,0.0,12
ENSG00000188895_1,2.0197914,1.4856788,12
ENSG00000262664,1.8406655,2.1284575,12
ENSG00000263843,2.1659727,1.290929,12
ENSG00000137074,1.653949,0.0,12
ENSG00000187764_1,0.07997573,1.5319104,12
ENSG00000165280,2.2996624,3.2733185,12
ENSG00000136870,2.0034955,0.0,12
ENSG00000120068_1,0.062041923,1.943543,12
ENSG00000136936,2.0322912,2.6118538,12
ENSG00000108883_1,2.0006692,3.0108595,12
ENSG00000030582,1.0200106,2.603427,12
ENSG00000198844,0.119126864,0.0,12
ENSG00000106852_1,1.3081951,0.0,12
ENSG00000108381,0.012481973,0.0,12
ENSG00000006695,1.2417487,2.06849,12
ENSG00000141580,2.0700226,2.6928804,12
ENSG00000141526_3,0.40825027,1.4367667,12
ENSG00000154975_1,0.25582135,0.0,12
ENSG00000164975,1.8653383,2.5663078,12
ENSG00000230303,0.030818194,0.0,12
ENSG00000228392,0.45907438,1.1968668,12
ENSG00000182534,1.7444688,2.1220849,12
ENSG00000155875_1,2.100843,1.2827127,12
ENSG00000108651,1.1345932,0.0,12
ENSG00000108684,1.3422008,1.4358125,12
ENSG00000233901_1,0.19275142,1.0559896,12
ENSG00000275152,0.078971416,0.0,12
ENSG00000204414,0.07754414,0.8536982,12
ENSG00000196169,1.285768,0.0,12
ENSG00000302531,1.7368152,3.1492622,12
ENSG00000107105,0.041902132,0.0,12
ENSG00000278540,2.2672555,0.0,12
ENSG00000080298,0.02233857,0.0,12
ENSG00000065559,1.7199785,1.9540977,12
ENSG00000141753,2.1236212,3.2894464,12
ENSG00000167703,2.2573478,0.0,12
ENSG00000186832,0.7535697,0.0,12
ENSG00000161929,0.028141841,1.3544273,12
ENSG00000225194,0.7801549,0.0,12
ENSG00000136816,2.148807,2.4569473,12
ENSG00000188647,0.061641365,0.0,12
ENSG00000148156,0.31182486,1.2826447,12
ENSG00000119508,1.7602032,1.7015939,12
ENSG00000179859_1,2.0242205,1.905202,12
ENSG00000204193,0.013230532,0.0,12
ENSG00000011258,1.9102079,1.8523519,12
ENSG00000167880,0.23402746,0.9503843,12
ENSG00000131771,0.97118,1.3861243,12
ENSG00000004139,1.0888352,0.0,12
ENSG00000147896,0.023651853,0.0,12
ENSG00000108474,0.74906236,2.609602,12
ENSG00000108465,2.259539,2.1638975,12
ENSG00000184009,2.21603,4.4993143,12
ENSG00000141526_2,1.4431347,1.5986264,12
ENSG00000165029,0.6488829,0.9793207,12
ENSG00000108666_2,1.9136753,0.0,12
ENSG00000173838,-0.007939279,0.0,12
ENSG00000137076,2.165583,2.771262,12
ENSG00000226237,0.29198754,0.0,12
ENSG00000165661,2.0674708,2.7598114,12
ENSG00000065559_1,0.0023446307,0.0,12
ENSG00000161653,1.0467068,1.703128,12
ENSG00000224505,2.3210793,1.7763815,12
ENSG00000270765,0.5785175,1.1331235,12
ENSG00000156052,2.0266767,1.9182453,12
ENSG00000136928,1.72034,2.4570034,12
ENSG00000171097_1,2.2093015,2.0719557,12
ENSG00000171403,0.621044,1.2977387,12
ENSG00000285947,0.08574392,0.0,12
ENSG00000141510,0.067809984,0.0,12
ENSG00000169583,0.3887409,0.0,12
ENSG00000238227,2.3202896,2.3624449,12
ENSG00000148153,1.7870804,2.437078,12
ENSG00000167842_1,2.202367,2.2029784,12
ENSG00000225361,0.49248743,1.7218024,12
ENSG00000198336,1.1405587,3.4707043,12
ENSG00000178607_1,0.49883258,0.7389549,12
ENSG00000108298,2.007468,3.9635947,12
ENSG00000189152,0.09627398,0.0,12
ENSG00000141179,1.8785352,2.4152071,12
ENSG00000175866_5,0.23309848,0.0,12
ENSG00000131473_1,1.455058,1.8689029,12
ENSG00000135018,2.27024,2.780094,12
ENSG00000185359_1,0.53589916,1.3795049,12
ENSG00000184557,2.3107536,2.8150795,12
ENSG00000121104,2.1097734,2.925344,12
ENSG00000222760,0.053608328,0.0,12
ENSG00000122136,0.1497976,0.0,12
ENSG00000267532_1,0.14679003,1.0269008,12
ENSG00000277258_1,0.5920827,2.5740962,12
ENSG00000277161,2.3374012,1.9175843,12
ENSG00000006740_1,0.047403917,0.0,12
ENSG00000169750,1.9372395,2.4680312,12
ENSG00000167699,1.6855067,0.0,12
ENSG00000123700,1.2982845,1.599206,12
ENSG00000167114,2.3826969,2.2352328,12
ENSG00000132530_1,0.04147239,1.1311373,12
ENSG00000264364,2.2531254,2.860565,12
ENSG00000136449_1,1.1300792,0.0,12
ENSG00000188483,1.932094,2.1591158,12
ENSG00000260019,0.06273244,0.0,12
ENSG00000263412,2.4780653,1.6999243,12
ENSG00000235453,1.2220606,1.9318849,12
ENSG00000141519,1.2094747,1.2963799,12
ENSG00000147905,2.4879153,2.587083,12
ENSG00000148291,1.8619405,2.2607176,12
ENSG00000198113,0.9373774,0.0,12
ENSG00000136436,1.8615239,2.9542642,12
ENSG00000272975_2,0.06418522,0.0,12
ENSG00000129250,2.085402,2.4333713,12
ENSG00000095319,2.2829812,2.7715375,12
ENSG00000005381,0.82417566,1.4158077,12
ENSG00000273611_1,0.07050967,0.0,12
ENSG00000108848,2.2314022,3.3760896,12
ENSG00000167123_1,1.6952347,2.358074,12
ENSG00000154240_2,1.284992,1.540367,12
ENSG00000178921_1,1.2518274,0.0,12
ENSG00000281769,0.5244173,0.98203593,12
ENSG00000261924,0.06731736,0.0,12
ENSG00000165724,2.1328533,2.5183613,12
ENSG00000141316,0.117035404,0.0,12
ENSG00000188386,0.23450466,0.0,12
ENSG00000196730,0.101274,0.0,12
ENSG00000137101_1,0.06960881,0.0,12
ENSG00000283329,-0.011297792,0.0,12
ENSG00000228395,1.9027165,1.2756798,12
ENSG00000275410,0.15768778,0.0,12
ENSG00000171448_1,1.57176,0.0,12
ENSG00000095303,0.16396776,0.0,12
ENSG00000135047_1,0.09588693,0.0,12
ENSG00000165699,2.205934,2.210313,12
ENSG00000125447,2.3085635,2.2927432,12
ENSG00000132514,0.09315568,0.0,12
ENSG00000169696,2.1687958,1.9774035,12
ENSG00000167112,1.7855452,2.8056538,12
ENSG00000108312_1,2.0693161,0.0,12
ENSG00000167851_1,0.14346007,0.53857374,12
ENSG00000172992,2.319859,2.572507,12
ENSG00000179314,0.34528655,1.0559896,12
ENSG00000175854_1,2.3243837,2.8421535,12
ENSG00000260230,1.4611896,1.3682497,12
ENSG00000095370_3,0.14778769,0.84991056,12
ENSG00000078687,2.1999338,2.326336,12
ENSG00000198783,2.0841062,2.0674615,12
ENSG00000283538,0.0807142,0.0,12
ENSG00000148358,1.7201403,2.45722,12
ENSG00000184640_2,0.83889407,2.5647962,12
ENSG00000185332,0.1908297,0.0,12
ENSG00000233516,0.042225152,0.0,12
ENSG00000122705,2.0549448,3.400985,12
ENSG00000168913,1.6118516,1.1616075,12
ENSG00000130948,0.022725657,1.0464952,12
ENSG00000182473,0.11321308,0.0,12
ENSG00000164978,1.8672427,0.0,12
ENSG00000265000,1.0670826,0.0,12
ENSG00000119487_2,1.6985837,2.7026484,12
ENSG00000225050,0.013121501,0.0,12
ENSG00000108669_4,2.2437515,1.8792163,12
ENSG00000007237_4,0.05533023,0.0,12
ENSG00000238058,2.145198,2.1672583,12
ENSG00000108523_1,1.3148557,1.8098761,12
ENSG00000132478,2.4338062,2.225397,12
ENSG00000230013,0.15048221,0.0,12
ENSG00000131462,2.2605112,3.1593747,12
ENSG00000148356,1.7376281,2.2526443,12
ENSG00000263069,2.1089923,1.4650407,12
ENSG00000273061,1.9886763,0.0,12
ENSG00000262768,0.10986811,0.0,12
ENSG00000231902,0.005961776,0.0,12
ENSG00000167258,1.896909,2.5221467,12
ENSG00000228714,0.04045832,0.0,12
ENSG00000270379,0.041008323,0.0,12
ENSG00000286190,1.2757157,1.2151086,12
ENSG00000172889,0.31747872,0.0,12
ENSG00000070366,2.1789024,2.3370998,12
ENSG00000167291,0.22218199,1.0193241,12
ENSG00000288989,1.8614168,1.5192109,12
ENSG00000108556_1,0.10256737,0.0,12
ENSG00000272975,0.05502543,1.7031451,12
ENSG00000108312_2,0.671122,2.1220586,12
ENSG00000136872,0.0357752,0.0,12
ENSG00000167740_1,2.0030982,1.6875825,12
ENSG00000153944,1.456174,1.6426623,12
ENSG00000108961,0.8029175,0.0,12
ENSG00000136830,1.9879452,1.783067,12
ENSG00000159842,1.2189285,1.2247401,12
ENSG00000165269_1,0.13341677,0.0,12
ENSG00000041982,0.24902298,1.1311373,12
ENSG00000108639,2.184774,2.850533,12
ENSG00000137133,2.31412,2.180513,12
ENSG00000133030,1.9804199,2.330556,12
ENSG00000197724,1.8251321,2.080915,12
ENSG00000176155,2.1427627,2.2716465,12
ENSG00000165140,1.0568894,1.3648323,12
ENSG00000137054,1.920282,2.8649328,12
ENSG00000185504,2.0557745,2.3046412,12
ENSG00000267278_2,0.9672362,1.2069337,12
ENSG00000167083,0.06236829,0.0,12
ENSG00000148399,2.208929,2.00937,12
ENSG00000177984,0.05603937,1.0116128,12
ENSG00000235361,0.17213596,0.0,12
ENSG00000099810,0.7441558,1.3044044,12
ENSG00000246640,0.20323823,1.1597176,12
ENSG00000131480,0.13749856,0.0,12
ENSG00000035862,0.040913753,0.0,12
ENSG00000081386,1.586074,2.2127733,12
ENSG00000132386_1,0.7861869,0.0,12
ENSG00000225194_1,0.97913754,1.1068026,12
ENSG00000165264,1.2983271,2.9151866,12
ENSG00000129214,0.5966633,0.0,12
ENSG00000176390,2.1972919,2.472692,12
ENSG00000167543_2,0.8116295,2.1060004,12
ENSG00000167525_1,2.2716491,1.9271702,12
ENSG00000148057,1.4559075,1.4759907,12
ENSG00000171855,0.009802632,0.0,12
ENSG00000108849,0.067111656,0.0,12
ENSG00000230537,0.012391917,0.0,12
ENSG00000171532,0.26060688,0.0,12
ENSG00000187753,0.0723142,0.0,12
ENSG00000136813,2.155265,2.5639672,12
ENSG00000005882_1,0.07286899,0.0,12
ENSG00000178971,1.2782164,0.0,12
ENSG00000130560,2.2912323,3.2275345,12
ENSG00000198876,2.0429962,2.6222348,12
ENSG00000119314_1,2.4070086,3.2260687,12
ENSG00000125319,1.8322473,2.3596249,12
ENSG00000181885_1,0.7366466,1.5702043,12
ENSG00000121073,2.2656558,2.5880678,12
ENSG00000108510,2.1125014,1.6091673,12
ENSG00000062725,1.8269994,1.1934975,12
ENSG00000141068,2.0260901,2.432793,12
ENSG00000167920,2.2632186,0.0,12
ENSG00000129197_1,0.90542823,0.0,12
ENSG00000171962,0.6290105,0.0,12
ENSG00000172889_2,2.0051155,1.9121104,12
ENSG00000141252_1,0.013776556,0.0,12
ENSG00000109111,2.2707348,3.1162589,12
ENSG00000271503,0.19546154,0.0,12
ENSG00000267104,0.1421864,0.0,12
ENSG00000082641_3,0.31020564,0.0,12
ENSG00000137070,0.56085926,0.0,12
ENSG00000129646,0.67389506,0.9030357,12
ENSG00000185829,1.2352196,0.0,12
ENSG00000204873,0.44505942,1.3004216,12
ENSG00000161509,0.7865857,0.0,12
ENSG00000119383_2,0.7818543,1.6598496,12
ENSG00000108312,2.1574647,2.2272182,12
ENSG00000147912,1.2429332,1.3948543,12
ENSG00000237560,0.0071498677,0.0,12
ENSG00000136938_1,0.1491668,0.0,12
ENSG00000159640,1.537511,1.9734927,12
ENSG00000108932,1.6225096,0.0,12
ENSG00000165219,2.19402,2.6803246,12
ENSG00000086062,2.161156,2.3665164,12
ENSG00000275832,1.1097919,1.4367826,12
ENSG00000083454,1.1972326,1.3186684,12
ENSG00000286194,0.11699724,0.0,12
ENSG00000154262_2,0.11427876,0.0,12
ENSG00000187609,2.0994475,1.8656132,12
ENSG00000165272_1,1.1694413,2.6232028,12
ENSG00000212719,0.8592176,1.7313148,12
ENSG00000119139,1.0651395,2.0692499,12
ENSG00000108788_1,1.9905937,1.1688803,12
ENSG00000122696,2.2865438,2.3215218,12
ENSG00000173068_2,0.81726986,1.2388487,12
ENSG00000188554,1.5658914,2.1312754,12
ENSG00000107105_3,0.044682488,0.0,12
ENSG00000233016,2.267221,2.694162,12
ENSG00000176927,2.0519712,2.6501482,12
ENSG00000171931,0.011461824,0.0,12
ENSG00000197879,1.7355031,1.4794745,12
ENSG00000182938,0.8194654,0.0,12
ENSG00000096872,1.0541435,2.2245772,12
ENSG00000108669_3,0.40478677,1.872098,12
ENSG00000119139_2,1.9408728,2.1759784,12
ENSG00000126860,0.011900991,0.0,12
ENSG00000184811,0.26149213,1.3083509,12
ENSG00000278053,1.0602802,2.9336503,12
ENSG00000276234_1,2.0112317,1.4696571,12
ENSG00000197506,0.016464107,0.0,12
ENSG00000161547,2.4280632,3.6908267,12
ENSG00000138835_6,0.21164154,0.0,12
ENSG00000197958,1.726323,4.0055194,12
ENSG00000186919,0.2364701,0.87906146,12
ENSG00000186350_1,0.4229679,1.4512182,12
ENSG00000141736_1,0.6725349,1.1109599,12
ENSG00000181408,1.3599156,1.5231739,12
ENSG00000183011,2.0714848,0.0,12
ENSG00000236404,1.2796277,1.5599545,12
ENSG00000171401_1,0.28898644,0.91939193,12
ENSG00000108671,2.2867155,2.777784,12
ENSG00000160349,0.0741891,0.0,12
ENSG00000167106_1,2.2757232,1.8474431,12
ENSG00000233223_1,2.2324822,1.7865882,12
ENSG00000106701,1.8843577,1.6328216,12
ENSG00000197879_1,1.7998589,1.9137609,12
ENSG00000165688,2.2583573,2.945166,12
ENSG00000238212,0.040385477,0.0,12
ENSG00000173991,0.12330507,0.0,12
ENSG00000237626,4.0106475e-05,0.0,12
ENSG00000167130,2.3082247,2.676035,12
ENSG00000188566,2.1203861,2.469025,12
ENSG00000156345_1,1.01458,1.6359158,12
ENSG00000185504_1,0.7797454,1.7887126,12
ENSG00000165185,2.32747,2.5819838,12
ENSG00000157637_1,1.9357408,2.338064,12
ENSG00000181634,0.11652869,0.0,12
ENSG00000072849_1,1.8433918,2.3268273,12
ENSG00000148154_1,2.047425,0.0,12
ENSG00000136869,0.05380127,0.0,12
ENSG00000132382,1.7532542,2.5751867,12
ENSG00000265222,0.04566881,0.0,12
ENSG00000271605,0.36905283,0.0,12
ENSG00000123453,0.11615624,0.0,12
ENSG00000165244,2.32808,2.0642333,12
ENSG00000175832_2,1.6910588,2.6036153,12
ENSG00000148219_1,1.4658391,1.9914919,12
ENSG00000280496,0.30002153,0.0,12
ENSG00000260785,0.005456805,0.0,12
ENSG00000168610_3,2.209849,2.5315785,12
ENSG00000198435,2.2004235,2.2725818,12
ENSG00000005100,1.7454398,2.1344736,12
ENSG00000279602,0.40916556,0.97927517,12
ENSG00000198443,0.4336362,0.0,12
ENSG00000074370,1.9181045,2.5638487,12
ENSG00000198496,1.168449,0.0,12
ENSG00000230601_1,0.10753437,0.0,12
ENSG00000159640_2,0.13463192,1.3161381,12
ENSG00000106733,2.053575,1.7162372,12
ENSG00000228278,0.07523844,0.88252455,12
ENSG00000141255_1,0.09372096,0.0,12
ENSG00000131471,0.07459649,0.0,12
ENSG00000131748_1,0.17921394,0.89970016,12
ENSG00000108771,0.34497315,1.902487,12
ENSG00000136929_1,0.26918042,0.0,12
ENSG00000005156,2.1685622,2.7122877,12
ENSG00000070731_2,0.06375094,0.0,12
ENSG00000131473,1.9515742,2.7481966,12
ENSG00000178921,0.9682164,0.0,12
ENSG00000137078,0.11660812,0.0,12
ENSG00000260454,0.0005771816,0.0,12
ENSG00000165271,1.1108412,2.4362867,12
ENSG00000108604,2.296948,1.218378,12
ENSG00000120159,1.9451761,1.8147868,12
ENSG00000176809,2.3624058,2.320005,12
ENSG00000227619,0.06514639,0.0,12
ENSG00000141738,0.14882314,1.2019976,12
ENSG00000138835_5,0.040236257,0.0,12
ENSG00000131242,2.098412,1.9172639,12
ENSG00000213977,1.9377522,1.8347703,12
ENSG00000141337,0.5092767,0.0,12
ENSG00000166263,1.7009909,2.1293902,12
ENSG00000169689,2.164984,2.852744,12
ENSG00000204706,0.99656534,0.0,12
ENSG00000070159,1.4999162,1.5018805,12
ENSG00000170043,1.6793469,2.6720443,12
ENSG00000166750,0.3330773,0.0,12
ENSG00000070526,0.969974,2.9708478,12
ENSG00000141232_1,0.56216323,0.0,12
ENSG00000141378,2.0248046,2.7400143,12
ENSG00000230647,0.06272354,0.0,12
ENSG00000141293,0.40873957,0.0,12
ENSG00000170296_1,1.9150256,3.0157578,12
ENSG00000087095,2.034045,2.5436833,12
ENSG00000148308,1.7629647,2.843637,12
ENSG00000156017_1,2.1877902,2.494099,12
ENSG00000196739,1.0280552,1.3671136,12
ENSG00000243678,2.2280943,3.8024,12
ENSG00000107249,0.70695,1.4767447,12
ENSG00000167117,0.06944214,0.0,12
ENSG00000167693,1.7238374,1.9835812,12
ENSG00000120071_3,2.4264767,2.2013972,12
ENSG00000196388,1.9014105,1.2827218,12
ENSG00000002834_1,2.2182915,3.5259902,12
ENSG00000108387_4,0.0183665,0.0,12
ENSG00000119392,1.6078957,0.0,12
ENSG00000130935,2.0685685,2.8041155,12
ENSG00000068097,1.3743056,2.1155207,12
ENSG00000185245,0.06843541,1.0984014,12
ENSG00000281491,0.96781105,0.0,12
ENSG00000267207,0.2049465,1.5068702,12
ENSG00000181409_1,1.3523408,1.5118299,12
ENSG00000185862,0.16211626,0.0,12
ENSG00000172057_1,1.9551225,2.3577633,12
ENSG00000186393,0.060823336,0.0,12
ENSG00000186868,2.035621,1.6258472,12
ENSG00000174038,0.027822077,0.0,12
ENSG00000278910,0.06797657,0.0,12
ENSG00000126858,2.2764585,2.2760594,12
ENSG00000167085,0.8548246,0.0,12
ENSG00000141505_1,0.09708099,0.0,12
ENSG00000106692,0.8352869,2.038779,12
ENSG00000129244,1.193706,2.5590203,12
ENSG00000108854,1.8836972,1.8209236,12
ENSG00000135070,2.1114326,2.5724883,12
ENSG00000207277,1.0691906,0.0,12
ENSG00000213424,0.075128734,0.0,12
ENSG00000107282,1.5234951,1.7366992,12
ENSG00000125485,2.1509373,0.0,12
ENSG00000131469,2.0087545,3.7490132,12
ENSG00000285634_1,0.020058908,0.0,12
ENSG00000122692,1.1794989,0.0,12
ENSG00000080503_3,0.008805856,0.0,12
ENSG00000227036_1,0.08445721,0.0,12
ENSG00000141255,0.3416856,0.0,12
ENSG00000281000,1.7527641,3.1610084,12
ENSG00000172794,0.9791158,0.0,12
ENSG00000287333,0.11181876,0.84229714,12
ENSG00000167889,1.6632998,1.7623184,12
ENSG00000277027,2.0543869,2.7647178,12
ENSG00000148343,1.7708684,2.1751492,12
ENSG00000121073_1,2.3564599,2.6232493,12
ENSG00000167543_3,1.9446014,2.0252607,12
ENSG00000119321,0.07188487,0.0,12
ENSG00000180336,0.97418886,1.4586983,12
ENSG00000106993,1.9882976,2.434441,12
ENSG00000147883,0.77874154,0.0,12
ENSG00000073350,1.8644981,1.9107738,12
ENSG00000179673,1.358544,1.5200117,12
ENSG00000212719_1,0.39191192,0.0,12
ENSG00000260220,0.28611082,0.0,12
ENSG00000073584_1,1.0347996,1.3851414,12
ENSG00000141543,2.2565987,3.0386918,12
ENSG00000160360,1.5193065,1.9858125,12
ENSG00000092929,1.5887622,2.0647686,12
ENSG00000120156_1,0.01361841,0.0,12
ENSG00000074660,0.0989921,0.0,12
ENSG00000182173,1.872275,2.2553353,12
ENSG00000108387_3,0.05891262,0.0,12
ENSG00000182752,0.018253833,0.0,12
ENSG00000197768,0.122074075,0.0,12
ENSG00000161405,0.015605025,0.0,12
ENSG00000196116,1.75787,1.6340357,12
ENSG00000108669,0.043748446,0.0,12
ENSG00000141524_1,0.577965,1.2757258,12
ENSG00000239705,2.3096118,0.0,12
ENSG00000188833,0.57781523,0.0,12
ENSG00000119514_1,0.34068042,1.2118678,12
ENSG00000173918,0.9532811,1.7110223,12
ENSG00000200538,0.008182868,0.0,12
ENSG00000233098_2,0.12681085,0.0,12
ENSG00000076604,2.3440151,2.6621003,12
ENSG00000148180_1,1.1950449,2.0420396,12
ENSG00000227036_2,0.9133874,1.2785021,12
ENSG00000221852,0.57811344,1.5849415,12
ENSG00000136828_1,0.8017264,1.1005222,12
ENSG00000278023,0.63778126,0.0,12
ENSG00000067191_1,0.2028255,0.0,12
ENSG00000119487,-0.0029688552,0.0,12
ENSG00000167280,1.9461211,2.4528518,12
ENSG00000136485,2.3132718,2.9889867,12
ENSG00000107021,1.9783403,0.0,12
ENSG00000108262,2.0558677,2.1821864,12
ENSG00000081377,0.9680605,0.0,12
ENSG00000109083,1.881086,2.6310205,12
ENSG00000175931,1.8262469,2.079561,12
ENSG00000175866_1,0.12304341,0.0,12
ENSG00000023318,1.9611044,2.975605,12
ENSG00000141068_2,0.21354935,0.0,12
ENSG00000267568_1,0.33887553,1.2613105,12
ENSG00000285634,0.027396329,0.0,12
ENSG00000136802_1,0.06547953,0.0,12
ENSG00000290656,0.40936893,1.4812132,12
ENSG00000188647_1,2.0966656,2.276193,12
ENSG00000008283,2.0327039,1.9274731,12
ENSG00000160606_1,1.3735756,0.81050134,12
ENSG00000070061,2.2058575,2.5571725,12
ENSG00000153930,0.026099361,0.0,12
ENSG00000167118,1.7326876,2.8546581,12
ENSG00000106853_1,0.33403397,0.0,12
ENSG00000131095,0.1403207,0.0,12
ENSG00000141294,1.2441207,1.5191505,12
ENSG00000166685,2.2655299,2.0661356,12
ENSG00000108599,1.8633245,2.32917,12
ENSG00000136436_1,0.034989126,0.0,12
ENSG00000141756,0.32674545,1.2840741,12
ENSG00000108604_1,2.4191873,2.2914977,12
ENSG00000169733_1,1.7816857,2.3135297,12
ENSG00000154217,1.3291343,0.0,12
ENSG00000240871,0.9516021,0.0,12
ENSG00000128487,1.6136476,1.9958475,12
ENSG00000122756,1.5442195,1.7146566,12
ENSG00000176994,2.0731726,2.2362323,12
ENSG00000157637,0.90183187,1.1985747,12
ENSG00000196544,1.634704,0.0,12
ENSG00000108786,0.20683767,1.4269828,12
ENSG00000279069,1.9601811,1.840194,12
ENSG00000136783,1.5789582,2.688572,12
ENSG00000182575_1,0.7832475,1.1831274,12
ENSG00000248871,1.1764797,1.0193241,12
ENSG00000182853,0.11355094,0.0,12
ENSG00000196739_1,0.10993306,0.0,12
ENSG00000121057_3,0.07050134,1.5751417,12
ENSG00000188312,2.2500124,2.3467147,12
ENSG00000169738,0.19873719,1.4407202,12
ENSG00000182459,0.19050871,0.0,12
ENSG00000081377_1,1.5852088,2.079109,12
ENSG00000005961_1,1.1208429,1.3082656,12
ENSG00000274755,-0.001770854,0.0,12
ENSG00000108654_2,2.130463,4.0385127,12
ENSG00000187607,1.3913927,1.6189367,12
ENSG00000141026,1.7832166,2.2963514,12
ENSG00000286685,1.3722744,0.0,12
ENSG00000005381_1,0.1353949,0.0,12
ENSG00000169727,1.6065348,2.3690674,12
ENSG00000185813,2.0006726,1.264251,12
ENSG00000196152,1.9945532,2.106626,12
ENSG00000120156,0.017426468,0.0,12
ENSG00000002919,1.5353786,2.0337453,12
ENSG00000141564,1.4204019,2.5495918,12
ENSG00000198642,0.90051186,1.375133,12
ENSG00000187024,1.4872628,1.642603,12
ENSG00000148154,2.2122626,2.644074,12
ENSG00000200997,0.68073714,0.0,12
ENSG00000198917,1.7602092,2.4478183,12
ENSG00000132470,1.5345851,1.8424845,12
ENSG00000108788,2.0351286,2.5742779,12
ENSG00000178966,2.1243875,2.084283,12
ENSG00000234705,0.11491783,0.0,12
ENSG00000291094,0.21500736,0.0,12
ENSG00000153944_3,0.035221413,0.81870085,12
ENSG00000293460,1.0757309,2.2738042,12
ENSG00000167851,0.106239915,1.288294,12
ENSG00000147869,0.013788603,0.0,12
ENSG00000107331_1,1.8531117,1.8752928,12
ENSG00000242616,1.5964552,2.5214362,12
ENSG00000119139_4,0.07578252,0.0,12
ENSG00000125686,1.5364631,0.0,12
ENSG00000157693,2.14651,1.5828358,12
ENSG00000135069,1.8982698,2.7612736,12
ENSG00000181222_1,2.247504,1.9469236,12
ENSG00000108468_1,2.1777828,2.9631832,12
ENSG00000233223,2.3283365,1.5396155,12
ENSG00000108556,0.3506828,1.1504186,12
ENSG00000004939,0.051543966,0.0,12
ENSG00000188229,2.2407525,3.9043596,12
ENSG00000262188,0.25499254,1.1634417,12
ENSG00000125484_1,2.1200044,1.8900183,12
ENSG00000136854,2.0788794,2.345156,12
ENSG00000265749,0.051395983,0.0,12
ENSG00000173894,2.0494409,2.0070133,12
ENSG00000170412_1,1.2393694,1.4856646,12
ENSG00000108654_1,1.7310508,0.0,12
ENSG00000159921,2.0579748,2.3322384,12
ENSG00000044574,2.4171727,3.817825,12
ENSG00000224383,0.3292514,1.0810231,12
ENSG00000136450,0.8111152,0.0,12
ENSG00000167081_1,1.2740115,0.0,12
ENSG00000170049,0.7758494,0.0,12
ENSG00000160408_2,0.12021224,0.0,12
ENSG00000167081,1.6289332,1.748715,12
ENSG00000107014,0.13486537,0.0,12
ENSG00000106991_1,0.507103,1.2896558,12
ENSG00000099219,1.9916816,2.347174,12
ENSG00000256525,1.9774413,2.4070168,12
ENSG00000278910_1,0.045936927,0.0,12
ENSG00000004975,1.9964802,2.2903464,12
ENSG00000109065,1.7705325,0.0,12
ENSG00000141027_1,2.2267306,2.4992292,12
ENSG00000146872,0.039838076,0.0,12
ENSG00000055483_1,1.4240066,1.4651151,12
ENSG00000167107_1,0.27914786,1.3566759,12
ENSG00000198863,2.2558959,2.4346488,12
ENSG00000290567,0.101822406,0.0,12
ENSG00000147955,1.6803452,0.0,12
ENSG00000186638,1.837677,1.9677678,12
ENSG00000184434,0.016814187,0.0,12
ENSG00000187595_1,0.3749544,0.0,12
ENSG00000187742,2.189095,2.4487774,12
ENSG00000070444,2.076153,2.2967749,12
ENSG00000121053,0.059514806,0.0,12
ENSG00000010438,0.42357945,0.0,12
ENSG00000271086_1,2.2597651,1.7016112,12
ENSG00000108654_4,2.2586682,2.398218,12
ENSG00000148303,2.2544434,3.8118243,12
ENSG00000108443,1.9724077,3.0175633,12
ENSG00000120160,-0.00905931,0.0,12
ENSG00000174282,1.8481714,1.7362052,12
ENSG00000121075,0.81914407,1.1968668,12
ENSG00000183979,1.5931276,1.4873788,12
ENSG00000148296,2.0542698,2.9861114,12
ENSG00000232283,0.031531595,0.0,12
ENSG00000167100_1,1.0924178,1.3773427,12
ENSG00000119397,2.1380484,0.0,12
ENSG00000137055,1.866412,2.3338199,12
ENSG00000171431,0.16356623,0.0,12
ENSG00000005882,0.46979964,1.4328891,12
ENSG00000240813,0.012873888,0.0,12
ENSG00000278834,2.0804744,1.8300109,12
ENSG00000185681,1.6825342,0.0,12
ENSG00000141027,0.014435396,0.0,12
ENSG00000175832,1.6476687,2.6448324,12
ENSG00000129221,0.0869724,0.0,12
ENSG00000108592_1,2.1345744,3.2929003,12
ENSG00000266677,1.4423726,0.0,12
ENSG00000239697,0.9413151,1.6078944,12
ENSG00000147852,1.4987448,1.6736659,12
ENSG00000179094,0.18308504,1.4096965,12
ENSG00000185168,1.0296865,0.0,12
ENSG00000161594,0.060110897,0.0,12
ENSG00000135040,2.1761644,2.3874736,12
ENSG00000091583,0.016239434,0.0,12
ENSG00000148204,0.15598133,1.5965091,12
ENSG00000179593,0.33634418,1.3110032,12
ENSG00000198000_1,2.3115609,2.8690498,12
ENSG00000126561,2.214614,2.2326303,12
ENSG00000198242_1,2.1585705,2.1038344,12
ENSG00000108523,1.9450129,2.3598733,12
ENSG00000187838,1.7125763,2.370465,12
ENSG00000107372,2.0701017,2.8182788,12
ENSG00000109107,1.4767772,3.2317882,12
ENSG00000175866_2,0.22216168,0.0,12
ENSG00000176358,0.07878657,0.0,12
ENSG00000213218,0.08149481,0.0,12
ENSG00000185863,0.35871464,0.0,12
ENSG00000204316,2.075561,2.370317,12
ENSG00000274180,1.8326234,1.8608768,12
ENSG00000109099,1.085766,1.6195108,12
ENSG00000108424_1,2.1872032,1.5951324,12
ENSG00000148090,2.050568,2.512188,12
ENSG00000007174_1,0.06605124,0.0,12
ENSG00000198121,0.04738383,0.0,12
ENSG00000131669,1.5543844,1.4925648,12
ENSG00000185269,1.3959886,1.5327289,12
ENSG00000154016,0.077574454,0.0,12
ENSG00000007237_5,0.047263213,0.0,12
ENSG00000170777,0.049442247,0.0,12
ENSG00000236680,0.034566104,1.4482888,12
ENSG00000147862_3,1.3433281,1.5287753,12
ENSG00000226364,0.011240669,0.0,12
ENSG00000172716,0.33413887,0.0,12
ENSG00000128422,0.33527833,1.2118678,12
ENSG00000261978,0.7999768,0.0,12
ENSG00000136811_3,1.2787591,0.0,12
ENSG00000148019,1.4656364,2.230541,12
ENSG00000177728_1,0.056435913,0.0,12
ENSG00000161921_1,1.3359704,1.2714466,12
ENSG00000290924,1.7421061,1.0652809,12
ENSG00000095380,2.2185476,2.228236,12
ENSG00000073605,0.071674004,0.0,12
ENSG00000172123_1,0.21416797,0.7340794,12
ENSG00000167842,2.2150276,2.3317976,12
ENSG00000095303_1,0.7256152,0.0,12
ENSG00000142507,0.8595314,0.0,12
ENSG00000007171,0.05708436,0.0,12
ENSG00000126861,-0.0015023798,0.0,12
ENSG00000267023,0.12735797,0.0,12
ENSG00000188394,0.07157448,0.0,12
ENSG00000221829,1.5010577,0.0,12
ENSG00000087191,2.3435462,2.992496,12
ENSG00000005379,1.0670279,0.0,12
ENSG00000107317_1,0.1521858,0.0,12
ENSG00000267432,0.44386548,0.0,12
ENSG00000126581,1.3949589,2.7120981,12
ENSG00000165124,1.1449087,1.3958678,12
ENSG00000076382,2.1052432,2.8450801,12
ENSG00000106829_3,1.2284442,1.6815217,12
ENSG00000173762,0.28401572,0.0,12
ENSG00000277631,0.11049108,0.0,12
ENSG00000274808,0.10671019,0.0,12
ENSG00000267221,1.1486225,1.3162011,12
ENSG00000215126,1.6696256,2.7819715,12
ENSG00000161940,0.15357362,0.0,12
ENSG00000167740,2.0222654,0.0,12
ENSG00000141551_2,2.1570804,2.2095606,12
ENSG00000141551_3,2.0564523,2.7794595,12
ENSG00000172782,1.278582,1.3083723,12
ENSG00000013306,2.1954334,3.4748192,12
ENSG00000136950_1,2.3562214,2.6885052,12
ENSG00000035862_2,1.6094166,1.7968518,12
ENSG00000108861,1.3845891,2.3180404,12
ENSG00000141744,1.6404418,1.7673563,12
ENSG00000187713,2.119033,2.2679527,12
ENSG00000197291,1.3720838,0.0,12
ENSG00000177369,0.04436806,0.0,12
ENSG00000179598,2.0837162,2.153144,12
ENSG00000174292,0.6006833,1.6831732,12
ENSG00000154914,1.4695901,1.701041,12
ENSG00000159184,0.5311326,1.1969495,12
ENSG00000225937,0.0088565275,0.0,12
ENSG00000165092_1,0.023136713,0.0,12
ENSG00000007168_2,1.8171772,1.9457048,12
ENSG00000167123,0.1262762,0.0,12
ENSG00000246731,1.1014718,0.0,12
ENSG00000227517,0.0029236674,0.0,12
ENSG00000265148_1,0.81611407,1.2356799,12
ENSG00000010438_1,0.057670653,1.354339,12
ENSG00000196712,1.7498912,2.6044204,12
ENSG00000265458,2.1704051,2.0656133,12
ENSG00000173821,2.0347805,2.116641,12
ENSG00000141741,1.493603,2.653878,12
ENSG00000136868,1.9284569,2.29427,12
ENSG00000153822_2,0.019938514,0.0,12
ENSG00000165802,2.0252438,2.742707,12
ENSG00000167741,0.10737478,0.0,12
ENSG00000205309,2.1994586,2.0417874,12
ENSG00000270647,2.3726313,3.4311578,12
ENSG00000136937,2.2475793,0.0,12
ENSG00000040633,1.2735777,0.9473847,12
ENSG00000109113_1,0.67894214,0.0,12
ENSG00000011295,2.2727635,2.4382257,12
ENSG00000160445,2.003072,2.2310565,12
ENSG00000273018,0.9366319,0.0,12
ENSG00000290928,2.3756573,2.458266,12
ENSG00000161509_1,1.6311793,1.457776,12
ENSG00000170296,0.47891492,2.1101148,12
ENSG00000196873,1.1890317,0.0,12
ENSG00000264424,-0.005022198,0.0,12
ENSG00000120162,1.5402709,2.2516382,12
ENSG00000252542,0.0817582,0.0,12
ENSG00000092931_2,0.12364308,0.0,12
ENSG00000136848_2,0.092724614,0.0,12
ENSG00000204913,1.842897,1.142796,12
ENSG00000238804,0.10314351,0.0,12
ENSG00000169738_1,2.1588457,2.2761445,12
ENSG00000136856_1,0.5363076,0.0,12
ENSG00000214087,2.1494505,2.1113937,12
ENSG00000136840,1.4626257,2.2746496,12
ENSG00000182742,2.1652362,2.5194867,12
ENSG00000196092_2,0.93440044,0.0,12
ENSG00000215183,0.122923605,1.0441084,12
ENSG00000106829_2,1.4575766,1.4454174,12
ENSG00000136490,0.85730404,1.2231843,12
ENSG00000177303,0.08348136,0.0,12
ENSG00000253506,0.0679372,3.284126,12
ENSG00000278311,2.1974583,2.7551887,12
ENSG00000286799,1.8300424,1.3904405,12
ENSG00000176160,1.4234892,0.0,12
ENSG00000262049,2.2232826,2.0393586,12
ENSG00000291075_1,0.19142321,0.0,12
ENSG00000132141,2.0123808,1.4085453,12
ENSG00000141279,0.020249993,0.0,12
ENSG00000160401,0.093693264,0.0,12
ENSG00000275700,2.1692724,2.326008,12
ENSG00000154945,2.141809,1.7303381,12
ENSG00000158169,0.9034304,0.0,12
ENSG00000141252,0.048941083,0.0,12
ENSG00000092931,2.5025504,2.4966528,12
ENSG00000169692,2.1339483,2.2064993,12
ENSG00000188921,0.6372593,0.0,12
ENSG00000012048,0.033383697,0.0,12
ENSG00000005238,1.809275,1.7803533,12
ENSG00000107105_2,0.09013151,0.0,12
ENSG00000148297,2.2237613,2.358873,12
ENSG00000158079,0.16942227,0.0,12
ENSG00000158169_2,1.6747795,0.0,12
ENSG00000083290,1.4605505,1.7709256,12
ENSG00000130717,1.8740736,1.5700758,12
ENSG00000132386_2,0.15418124,0.0,12
ENSG00000169696_2,0.6897629,0.9533247,12
ENSG00000074660_1,0.23416601,1.3905642,12
ENSG00000169992,1.5198476,1.7985554,12
ENSG00000186594,2.1634355,1.7386299,12
ENSG00000142484,0.068149075,0.0,12
ENSG00000167419,0.032383695,0.0,12
ENSG00000109079,1.7444366,2.346355,12
ENSG00000141504,0.820046,1.3122197,12
ENSG00000263766,2.1482506,1.4001752,12
ENSG00000181222_2,0.11331759,0.86111605,12
ENSG00000126351,1.823376,2.0101643,12
ENSG00000278505,0.027537435,0.0,12
ENSG00000277632,0.05395318,0.0,12
ENSG00000108828,1.8677186,2.756598,12
ENSG00000148158,2.1985714,1.8944157,12
ENSG00000108344,2.3682592,3.413221,12
ENSG00000064300,1.2887317,1.9309388,12
ENSG00000136811_2,2.2623665,1.4084944,12
ENSG00000225376,0.05578053,0.0,12
ENSG00000173258,0.52349883,2.1139634,12
ENSG00000108654,0.09973501,1.0810591,12
ENSG00000167863,2.263995,3.491968,12
ENSG00000106829_4,0.027434878,0.0,12
ENSG00000161513,0.5895707,0.0,12
ENSG00000180616,0.6969554,1.828866,12
ENSG00000106689,1.4247981,1.2263678,12
ENSG00000169696_1,0.3092246,0.70876074,12
ENSG00000160563,0.6066774,2.0843725,12
ENSG00000169710,2.2241423,3.7835612,12
ENSG00000182224_2,1.2504398,0.0,12
ENSG00000108799,1.9186763,2.2664316,12
ENSG00000184988_1,0.15782519,0.0,12
ENSG00000182628,0.06889196,0.0,12
ENSG00000169583_1,0.1935231,0.0,12
ENSG00000188352_1,-0.0016607419,0.0,12
ENSG00000171843,-0.023218125,0.0,12
ENSG00000173068_1,-0.004634984,0.8499719,12
ENSG00000136487_1,0.15407492,1.1330916,12
ENSG00000179477,0.85383433,0.7717344,12
ENSG00000136938,2.4732246,3.9308293,12
ENSG00000148335_1,1.6181734,2.6127446,12
ENSG00000166596,0.12606367,0.0,12
ENSG00000108439_1,0.08859436,1.3109438,12
ENSG00000187242,0.06979118,0.0,12
ENSG00000234506,0.07484302,0.0,12
ENSG00000251752,-0.0034967512,0.0,12
ENSG00000181481,1.289408,1.7795243,12
ENSG00000275722,0.074003845,0.0,12
ENSG00000170412,0.5211727,0.9592323,12
ENSG00000119408_3,0.10509954,0.0,12
ENSG00000108395,2.3226783,0.0,12
ENSG00000266357,0.061331794,0.0,12
ENSG00000284526,0.07344136,0.8610682,12
ENSG00000181038,2.3237467,2.554615,12
ENSG00000266967,1.1673839,2.697767,12
ENSG00000167123_2,0.079248674,0.0,12
ENSG00000129245,2.2434347,2.2175102,12
ENSG00000196535,0.30968863,0.0,12
ENSG00000132517,0.30424273,0.0,12
ENSG00000270332,0.09024197,0.0,12
ENSG00000173065_1,1.9009495,2.6435277,12
ENSG00000260027,0.9399704,1.7938602,12
ENSG00000091947,0.89765984,2.096298,12
ENSG00000179409,2.1188087,1.7764033,12
ENSG00000277363_1,1.5410246,1.5729203,12
ENSG00000108256,2.1870365,3.461599,12
ENSG00000258315,2.2031581,0.0,12
ENSG00000072310_1,2.1883166,2.7723951,12
ENSG00000235387,0.065790534,0.0,12
ENSG00000056558_1,0.21122847,0.0,12
ENSG00000122733,0.17782328,0.0,12
ENSG00000148110,2.2451546,2.4447145,12
ENSG00000187791,0.006255433,0.0,12
ENSG00000233198,0.2580973,0.9984773,12
ENSG00000262481,0.63801366,0.0,12
ENSG00000123975,2.1950054,3.1579883,12
ENSG00000169925_2,1.1618596,1.2656667,12
ENSG00000290657,0.28056675,0.0,12
ENSG00000137103,1.027098,1.9912748,12
ENSG00000133193,1.8266629,2.8170276,12
ENSG00000107186,-0.009175517,0.0,12
ENSG00000176386,2.094213,2.4780366,12
ENSG00000005238_1,0.22763525,0.0,12
ENSG00000167106,0.10149083,0.0,12
ENSG00000182156,0.1101864,0.4895929,12
ENSG00000106992_1,1.1544358,2.2366734,12
ENSG00000134996,2.001881,2.3875713,12
ENSG00000136811_1,2.1046083,2.9592762,12
ENSG00000165272,0.08892059,0.0,12
ENSG00000227543,2.211376,1.5027684,12
ENSG00000265702,0.04562012,0.0,12
ENSG00000178927,1.9632535,1.8260813,12
ENSG00000277268,1.2837807,1.3762666,12
ENSG00000196704,1.9321767,2.5019324,12
ENSG00000108823,0.08174777,0.0,12
ENSG00000271447,1.4916488,2.162206,12
ENSG00000278311_1,0.0532199,0.83848387,12
ENSG00000011260,2.3798575,2.8435256,12
ENSG00000165181_3,0.12826842,0.0,12
ENSG00000184925,0.09463079,1.0629954,12
ENSG00000293480,2.3278897,1.987961,12
ENSG00000278845,1.9724025,0.0,12
ENSG00000241322,0.044222698,0.0,12
ENSG00000108839,0.9979553,1.6725873,12
ENSG00000159111,1.369479,0.0,12
ENSG00000198909,2.0963519,2.1246085,12
ENSG00000106991,0.07711926,0.0,12
ENSG00000168610,0.91534585,2.7027235,12
ENSG00000231107,0.033642016,0.0,12
ENSG00000263293,1.8666457,1.4511322,12
ENSG00000107331_2,0.34309345,1.254016,12
ENSG00000087995,1.6723582,2.8927972,12
ENSG00000172421,0.01871416,0.0,12
ENSG00000141524,2.1501284,2.9634223,12
ENSG00000185158,2.0723665,1.7861052,12
ENSG00000275023,2.1124566,2.2931857,12
ENSG00000135045,1.9687191,2.5398536,12
ENSG00000161647,1.669137,1.9465996,12
ENSG00000007168_1,2.1276076,2.1303594,12
ENSG00000136861,1.7970682,0.0,12
ENSG00000171159,2.4222167,3.0331461,12
ENSG00000074356,0.0062385798,0.0,12
ENSG00000171953,1.6998414,2.0960789,12
ENSG00000159842_1,1.5273924,0.9764875,12
ENSG00000090054,1.7931093,0.0,12
ENSG00000287355,0.059731305,0.0,12
ENSG00000179111,0.25856036,0.0,12
ENSG00000167695,1.868763,2.0030682,12
ENSG00000167895,0.66415006,0.0,12
ENSG00000148123_1,0.03668005,1.0193157,12
ENSG00000154920,1.8106614,1.8398236,12
ENSG00000198467,0.11962963,1.3070893,12
ENSG00000198467_2,0.068085685,0.0,12
ENSG00000141527,0.04063484,0.0,12
ENSG00000187922_1,0.49896348,0.0,12
ENSG00000107020,1.1807103,1.7429999,12
ENSG00000222465,0.06875109,0.0,12
ENSG00000131095_1,0.37480962,1.854913,12
ENSG00000107290,2.289224,2.5782952,12
ENSG00000264589,0.91183096,1.3199593,12
ENSG00000108479,1.7732323,2.430251,12
ENSG00000197417,1.7631315,2.072408,12
ENSG00000291022,0.23713982,0.0,12
ENSG00000148143,0.11870904,0.8683505,12
ENSG00000221882,1.2881968,0.0,12
ENSG00000259120,0.04848077,0.0,12
ENSG00000185813_1,1.9714416,2.749274,12
ENSG00000161653_1,1.2004851,1.1742634,12
ENSG00000214226,2.1439588,1.9185545,12
ENSG00000125409,0.20460516,0.0,12
ENSG00000267128,0.2667724,1.2713768,12
ENSG00000222581,-0.000683479,0.0,12
ENSG00000279886,0.30691665,0.9129656,12
ENSG00000197879_2,0.23757596,0.8683505,12
ENSG00000108819,1.8886218,1.4785377,12
ENSG00000141570,2.2863634,2.1330597,12
ENSG00000108511,0.46002698,2.058411,12
ENSG00000106789,2.0244064,2.042284,12
ENSG00000141556_1,0.5025479,0.0,12
ENSG00000132589,2.078459,2.691549,12
ENSG00000135063,1.533775,2.0475864,12
ENSG00000108669_1,0.04891579,0.0,12
ENSG00000167107,1.0608977,1.3784778,12
ENSG00000108946_3,0.015426174,0.0,12
ENSG00000171396,0.3781919,1.2882268,12
ENSG00000272636,1.4634674,1.6352625,12
ENSG00000160602_1,1.8495101,0.0,12
ENSG00000179409_1,1.0966207,1.3134664,12
ENSG00000141552,2.1978624,2.9534938,12
ENSG00000108654_3,2.4062972,4.03569,12
ENSG00000205045,0.4023924,0.0,12
ENSG00000267042,1.9628546,1.7795172,12
ENSG00000137075_2,1.936239,1.8623103,12
ENSG00000230148_1,0.5814908,1.5532396,12
ENSG00000129197,1.9579693,2.558573,12
ENSG00000137077,0.05304739,0.0,12
ENSG00000129255,2.2816496,2.7242432,12
ENSG00000119139_3,0.08700207,0.0,12
ENSG00000203987,0.16425836,0.0,12
ENSG00000165060,1.55073,2.728297,12
ENSG00000108244,0.057585143,0.99572295,12
ENSG00000147874_1,1.7422435,0.0,12
ENSG00000161714,1.6514446,2.0995564,12
ENSG00000182963,1.5981153,1.7405679,12
ENSG00000198271,0.6006153,1.5303022,12
ENSG00000265118,0.055000447,0.0,12
ENSG00000167862,1.5892729,3.0561004,12
ENSG00000148175,2.2873952,2.6329358,12
ENSG00000148341,2.0815449,2.0862565,12
ENSG00000179859,2.2125356,1.7362052,12
ENSG00000141349_1,2.0296192,2.4084334,12
ENSG00000215041,2.2997282,1.7198117,12
ENSG00000121058,1.8827285,2.8544347,12
ENSG00000182224_1,1.2223084,1.5959148,12
ENSG00000148344,0.45218247,0.0,12
ENSG00000120158,2.269095,2.3980095,12
ENSG00000125414,0.00944148,1.5287882,12
ENSG00000223510,0.091483854,0.0,12
ENSG00000266402,1.8670751,2.7178702,12
ENSG00000178445_2,1.246446,1.3109694,12
ENSG00000166484_1,1.5568346,1.666312,12
ENSG00000109089,1.9713442,2.1244063,12
ENSG00000159224,0.09305591,0.0,12
ENSG00000107263,0.03813824,0.0,12
ENSG00000165283,1.5331062,3.0621343,12
ENSG00000198963,0.81909245,0.0,12
ENSG00000174282_1,1.9048693,1.5849415,12
ENSG00000072210,1.2371421,1.3959551,12
ENSG00000167914_1,0.06915829,0.0,12
ENSG00000136449,0.8399785,0.0,12
ENSG00000286322,0.17268237,0.0,12
ENSG00000148187,2.1265628,0.0,12
ENSG00000173757,2.3239858,2.6991177,12
ENSG00000214978,0.19503409,0.0,12
ENSG00000128487_2,1.9401559,2.2299352,12
ENSG00000169727_1,1.8030753,2.766864,12
ENSG00000141030,1.9345042,2.894718,12
ENSG00000106853,0.012713119,0.0,12
ENSG00000108924,0.6641368,1.3806634,12
ENSG00000197816,0.48529506,0.0,12
ENSG00000119383_1,1.9779118,2.4871001,12
ENSG00000073670,1.612909,1.7701079,12
ENSG00000068489,1.3805481,2.7784212,12
ENSG00000148229_1,2.0751312,3.0198388,12
ENSG00000119383_5,0.31150115,0.0,12
ENSG00000160408_1,1.7287695,1.9637218,12
ENSG00000291209,1.2093955,1.6598496,12
ENSG00000188878,1.8065931,0.0,12
ENSG00000108602_1,0.10372449,0.0,12
ENSG00000186407,0.0018202886,0.0,12
ENSG00000204237,2.2230628,2.2064857,12
ENSG00000120215,0.048310548,0.0,12
ENSG00000119414,2.191816,2.6223872,12
ENSG00000187003,0.06446827,0.0,12
ENSG00000165282,1.7032129,1.9734834,12
ENSG00000108518,2.0575912,4.1654224,12
ENSG00000188959,0.053533375,0.0,12
ENSG00000205108,0.031524822,0.0,12
ENSG00000187624,1.4715545,1.5085297,12
ENSG00000033627_1,0.31243235,0.0,12
ENSG00000204323,0.45771688,0.0,12
ENSG00000269929,2.4062994,2.386481,12
ENSG00000004660_1,2.0013812,0.0,12
ENSG00000184060_1,0.9192008,1.7891645,12
ENSG00000270885,0.7638825,1.4687165,12
ENSG00000258315_1,2.1768076,0.0,12
ENSG00000141576,0.011944234,0.0,12
ENSG00000177885_1,2.19473,0.0,12
ENSG00000212900,0.0051316842,0.0,12
ENSG00000141295,0.13457902,0.0,12
ENSG00000091542_1,2.251607,2.7512946,12
ENSG00000126562,2.3213782,2.357134,12
ENSG00000141562,1.8567013,2.0307615,12
ENSG00000167363,1.64918,0.0,12
ENSG00000129204,0.9315632,1.3361795,12
ENSG00000168259_1,2.144904,0.0,12
ENSG00000108825_1,0.77185386,0.0,12
ENSG00000275532,0.6921364,1.4540517,12
ENSG00000180901_1,2.1975746,2.1706724,12
ENSG00000227036,0.12985025,0.0,12
ENSG00000065325,0.07510387,0.0,12
ENSG00000148204_1,0.05268973,0.0,12
ENSG00000178502,2.0532033,2.3309412,12
ENSG00000165304,1.6111549,2.6131692,12
ENSG00000187210,0.63865715,1.3314071,12
ENSG00000012048_1,1.1699996,2.6078978,12
ENSG00000141258,1.779524,2.0229642,12
ENSG00000266714,0.12169062,1.385034,12
ENSG00000182687,1.4397235,1.7130703,12
ENSG00000080298_1,1.3859445,0.0,12
ENSG00000147862_2,0.5331687,1.1580306,12
ENSG00000108389,1.4692732,2.0067868,12
ENSG00000080503_4,-0.011797011,0.0,12
ENSG00000136848_1,1.0937947,1.3338904,12
ENSG00000095321,2.1843262,1.9531989,12
ENSG00000109066,1.7706492,0.0,12
ENSG00000287193,1.9115441,0.0,12
ENSG00000131467,2.190635,2.815836,12
ENSG00000147862,-0.002886124,0.0,12
ENSG00000177427,1.5118351,1.5736605,12
ENSG00000095203,1.3735543,1.9390198,12
ENSG00000187764,0.05960074,0.9503648,12
ENSG00000267206_1,0.19618228,0.0,12
ENSG00000005243,1.2602967,1.3249817,12
ENSG00000228696,1.6927787,0.0,12
ENSG00000187595,0.20819075,0.0,12
ENSG00000234494_1,1.4394354,0.0,12
ENSG00000108688,0.023968846,0.0,12
ENSG00000108813,0.9476236,0.0,12
ENSG00000197355,1.4452994,2.073062,12
ENSG00000164967,1.1850058,0.0,12
ENSG00000108821_2,0.18153545,0.96510756,12
ENSG00000108509,0.472243,0.0,12
ENSG00000136811,0.13006502,0.0,12
ENSG00000237159,0.03549911,0.0,12
ENSG00000186075,0.76418597,0.0,12
ENSG00000119396,2.2338643,2.8482323,12
ENSG00000106823,0.009334795,0.0,12
ENSG00000164985_1,-0.003094323,0.0,12
ENSG00000290366,0.5182916,0.9161907,12
ENSG00000137073,2.1393757,2.7849545,12
ENSG00000107147,1.0045817,0.92576575,12
ENSG00000154975,1.0541157,1.6383893,12
ENSG00000185972,0.098728746,0.0,12
ENSG00000182040,0.7782175,0.0,12
ENSG00000141569,2.185493,2.167524,12
ENSG00000131477_1,1.2836401,1.392609,12
ENSG00000004660,0.1790538,0.0,12
ENSG00000165119_1,2.225836,3.7004173,12
ENSG00000267532,0.89563686,0.0,12
ENSG00000213927,0.04988043,0.75797266,12
ENSG00000291110,0.4245888,0.0,12
ENSG00000274736,0.0225133,0.0,12
ENSG00000136932,2.4598095,2.2996576,12
ENSG00000263429,0.14963245,1.1130404,12
ENSG00000226549,1.1937698,2.1909225,12
ENSG00000204347,0.32238466,0.0,12
ENSG00000221926,0.0678191,0.0,12
ENSG00000233901,0.70264965,0.0,12
ENSG00000138835_4,0.14637867,0.0,12
ENSG00000136933,1.5537561,2.6800635,12
ENSG00000148143_1,0.03825327,0.0,12
ENSG00000097007,1.7601451,1.550314,12
ENSG00000262814,2.1772382,3.1274483,12
ENSG00000159182,0.25983346,0.83065283,12
ENSG00000083223,0.033863932,0.0,12
ENSG00000109103,1.6942068,2.3418775,12
ENSG00000175061_1,1.7050785,2.8201292,12
ENSG00000182963_1,0.2047091,1.4279402,12
ENSG00000125398,0.7391177,1.2854673,12
ENSG00000119431,1.6520954,1.9794164,12
ENSG00000135046,0.23563842,0.0,12
ENSG00000108244_1,0.009479195,0.0,12
ENSG00000169925,0.17805696,0.0,12
ENSG00000175662,1.5180395,1.3399917,12
ENSG00000275066,2.0870984,2.4225094,12
ENSG00000183018,0.20640288,1.0488766,12
ENSG00000006059,0.4666595,0.0,12
ENSG00000065320,1.2921566,2.0883842,12
ENSG00000290919,1.238731,3.2418451,12
ENSG00000225663,2.1176465,2.3099282,12
ENSG00000148362_1,1.4998627,1.177825,12
ENSG00000189159_1,2.2037551,3.2966652,12
ENSG00000290770,2.1330428,2.2967968,12
ENSG00000266173,2.256447,2.1481829,12
ENSG00000073584,1.9306821,2.773603,12
ENSG00000119408,1.6895589,2.0518546,12
ENSG00000120071_4,1.4229509,1.9120891,12
ENSG00000212901,0.04186912,1.0876039,12
ENSG00000132359,0.12600604,0.0,12
ENSG00000141568,2.2868938,2.9615254,12
ENSG00000160345,0.5497295,0.0,12
ENSG00000109099_1,0.5940729,0.0,12
ENSG00000198242,2.3384888,4.1183143,12
ENSG00000266473,0.8963257,2.5588837,12
ENSG00000264044,0.11690698,0.0,12
ENSG00000183077,1.7192781,0.0,12
ENSG00000075461,1.5299097,1.7247918,12
ENSG00000198467_1,0.31491667,0.0,12
ENSG00000207955,1.2693628,1.4348562,12
ENSG00000168610_1,1.1991568,2.904986,12
ENSG00000288701,1.990006,2.7002537,12
ENSG00000182446,0.12252003,0.0,12
ENSG00000179029,1.6384755,0.0,12
ENSG00000224877,2.2119806,2.9625068,12
ENSG00000125430,1.8476797,2.316641,12
ENSG00000203993,2.2888467,2.3509648,12
ENSG00000181090_1,0.041312397,0.0,12
ENSG00000040531_1,1.6246289,1.7773036,12
ENSG00000108602,0.14299196,0.9382194,12
ENSG00000131771_1,0.06915708,0.0,12
ENSG00000170315,2.051563,3.4736125,12
ENSG00000141552_1,2.0089324,1.8670619,12
ENSG00000164989,1.1822957,0.0,12
ENSG00000120159_1,2.0702727,2.544192,12
ENSG00000173714,0.51367116,1.8094789,12
ENSG00000108798_1,0.19625331,0.0,12
ENSG00000161939,1.4964626,0.0,12
ENSG00000126878,1.8314846,1.6058758,12
ENSG00000165181_2,0.0020378605,0.0,12
ENSG00000263718,0.19798426,1.0168245,12
ENSG00000108587,1.1882797,2.5975504,12
ENSG00000170291_1,1.5066408,2.2997622,12
ENSG00000130045,1.1151768,1.2357304,12
ENSG00000037042,0.95792085,1.4811846,12
ENSG00000137101,0.06694681,0.0,12
ENSG00000181045,0.18664579,0.0,12
ENSG00000185561,1.4809237,1.1985747,12
ENSG00000196358,1.3979409,1.5918101,12
ENSG00000171448,0.862177,0.0,12
ENSG00000159640_1,1.4188552,0.0,12
ENSG00000226197,-0.0129566565,0.0,12
ENSG00000108515,0.25013274,0.0,12
ENSG00000141337_1,2.1334858,1.6638987,12
ENSG00000213859,1.6530128,1.7659813,12
ENSG00000132361,2.13364,2.8307939,12
ENSG00000170190_1,1.4618235,1.3289094,12
ENSG00000136451,2.1139712,2.553265,12
ENSG00000185158_1,0.13265038,0.0,12
ENSG00000107099,2.2511451,2.1394067,12
ENSG00000108878,0.48027855,0.0,12
ENSG00000141198,1.5897635,2.4076374,12
ENSG00000119335,2.5148351,4.218764,12
ENSG00000170175,0.44713408,1.6052942,12
ENSG00000048828_1,2.1952245,1.9405165,12
ENSG00000179477_1,0.09550526,0.89289564,12
ENSG00000266469,2.15813,0.0,12
ENSG00000137074_1,2.0253096,0.0,12
ENSG00000186566,2.0281649,0.0,12
ENSG00000225434,0.08997385,0.0,12
ENSG00000136918,1.4042224,1.0116043,12
ENSG00000204054,2.2023516,1.7900528,12
ENSG00000173786,1.8087813,1.881339,12
ENSG00000176974,1.8877138,2.1023343,12
ENSG00000109016,1.7186159,2.0046651,12
ENSG00000107187,1.4481232,1.8082178,12
ENSG00000261371_1,0.062274277,0.0,12
ENSG00000131096,0.14583567,1.0854332,12
ENSG00000137033,0.006159708,0.0,12
ENSG00000196814,1.6432096,1.6176293,12
ENSG00000155621,0.91185176,2.155321,12
ENSG00000159842_4,0.3581335,0.0,12
ENSG00000177370,2.0641153,0.0,12
ENSG00000141582,2.3072007,2.7570617,12
ENSG00000137098,1.4482766,2.7068944,12
ENSG00000265148,1.2210425,0.0,12
ENSG00000106976,2.253138,2.022717,12
ENSG00000165689,2.2645276,2.5801628,12
ENSG00000168517_2,1.6129667,0.0,12
ENSG00000127081,0.9478454,1.9172744,12
ENSG00000176170_1,2.3009412,1.9896277,12
ENSG00000109046,1.800346,3.2112033,12
ENSG00000159199,1.6999036,0.0,12
ENSG00000173611,1.816661,0.0,12
ENSG00000213221,2.1644838,2.2004948,12
ENSG00000234789,0.10424747,0.0,12
ENSG00000153982,1.4047574,2.1251688,12
ENSG00000011028,1.1348277,1.3817466,12
ENSG00000167925,0.55128264,0.0,12
ENSG00000267432_1,0.041468635,0.0,12
ENSG00000091592_1,0.49204957,2.9254632,12
ENSG00000176927_1,-0.0044637397,0.0,12
ENSG00000132530_2,0.0683522,0.0,12
ENSG00000006282,0.573232,1.3530695,12
ENSG00000147872,1.3044858,2.4099112,12
ENSG00000290585_1,1.6628813,0.0,12
ENSG00000267123,0.10119543,0.0,12
ENSG00000168591_1,1.5229232,1.8834059,12
ENSG00000141371,0.059737578,0.0,12
ENSG00000161692,0.84445226,2.3169594,12
ENSG00000196642,2.2320888,3.0980515,12
ENSG00000197969,2.0892968,2.5555418,12
ENSG00000106852,2.057941,2.2835612,12
ENSG00000129255_1,2.1628616,2.632358,12
ENSG00000136943,1.2021023,1.4464439,12
ENSG00000148362,2.0401006,2.5104244,12
ENSG00000173838_1,0.56971663,0.0,12
ENSG00000225564,-0.0016988888,0.0,12
ENSG00000276170,0.16396374,0.0,12
ENSG00000212899,0.0135003105,0.0,12
ENSG00000091622,1.5815316,1.7439407,12
ENSG00000108523_2,0.7683363,0.0,12
ENSG00000005961,0.07612736,0.0,12
ENSG00000187239,1.5558387,1.6450388,12
ENSG00000130713,1.3447509,2.6358385,12
ENSG00000012048_3,1.6329018,1.8432302,12
ENSG00000168517,0.68060035,1.2964238,12
ENSG00000280177,0.23425432,0.7761925,12
ENSG00000204291,1.2983745,1.6214567,12
ENSG00000188612,2.343067,1.8184898,12
ENSG00000157654_2,0.06800527,0.8461515,12
ENSG00000166260,2.079199,2.3265734,12
ENSG00000108946_2,2.0360909,0.0,12
ENSG00000181374,0.015464649,0.0,12
ENSG00000122140,1.5103577,3.327001,12
ENSG00000119403,2.4588478,0.0,12
ENSG00000109118,2.335717,1.2728854,12
ENSG00000204001,0.29259306,0.88603926,12
ENSG00000235183,0.06207022,1.7156775,12
ENSG00000170037,1.7618366,0.0,12
ENSG00000130714,1.6078238,1.9928803,12
ENSG00000167900,1.3652695,2.7834134,12
ENSG00000198265_1,1.5667039,1.2909468,12
ENSG00000141052,1.2527969,0.0,12
ENSG00000273611,1.7598175,2.590291,12
ENSG00000108691,0.10531786,1.0983667,12
ENSG00000062716_1,1.1262316,2.919303,12
ENSG00000187775,0.07524063,0.0,12
ENSG00000167543,0.55826825,1.0560278,12
ENSG00000120211,-0.0002252832,0.0,12
ENSG00000141756_1,0.07855271,1.2713071,12
ENSG00000228083,-0.0049756616,0.0,12
ENSG00000165698,0.1955883,1.0787829,12
ENSG00000173801,1.6275035,0.0,12
ENSG00000141252_2,1.7561731,2.431272,12
ENSG00000235296,0.36962157,1.065251,12
ENSG00000141499,0.72346747,2.1105123,12
ENSG00000276409,0.030979037,0.0,12
ENSG00000064218,1.3077275,1.3325596,12
ENSG00000006125_1,0.069007784,1.1670809,12
ENSG00000135049,1.7068822,1.9646273,12
ENSG00000123453_2,0.04265807,0.0,12
ENSG00000148120_1,0.017803863,0.0,12
ENSG00000236849,0.036380067,0.0,12
ENSG00000108349,2.267196,2.6399415,12
ENSG00000119487_1,0.00975588,0.0,12
ENSG00000167716,2.0044827,1.241895,12
ENSG00000007202,2.319819,2.8562913,12
ENSG00000204316_1,1.9227341,2.6451666,12
ENSG00000108924_1,0.17661038,0.0,12
ENSG00000034152,1.5349065,0.0,12
ENSG00000236819,0.11043226,0.0,12
ENSG00000167874,0.25542164,0.0,12
ENSG00000108375,0.29471028,0.0,12
ENSG00000141551_1,0.26246434,0.0,12
ENSG00000132470_1,1.4151832,1.662276,12
ENSG00000229109,0.052716754,0.0,12
ENSG00000108773,1.5044825,1.4821415,12
ENSG00000277108,1.831417,1.7696506,12
ENSG00000204148,0.008800745,0.0,12
ENSG00000078725,0.82991385,1.5216218,12
ENSG00000188163,0.20933776,0.0,12
ENSG00000188379,-0.024536066,0.0,12
ENSG00000231256,0.044848666,0.0,12
ENSG00000186193,2.062288,2.403637,12
ENSG00000132388,2.1177194,2.635996,12
ENSG00000108984_1,0.035423376,0.0,12
ENSG00000148334,2.3078496,2.2669134,12
ENSG00000170835,0.09045082,0.0,12
ENSG00000185156,0.6375126,1.051307,12
ENSG00000148288,1.1354012,1.9619902,12
ENSG00000141522,0.8854522,2.0630555,12
ENSG00000187764_2,1.3183097,2.0802548,12
ENSG00000136888,2.060599,3.3251173,12
ENSG00000125482,0.5479849,0.0,12
ENSG00000197191,0.089260295,0.8186877,12
ENSG00000106829,0.67856467,1.9876887,12
ENSG00000165275,0.9017076,0.0,12
ENSG00000141579,0.16309136,0.0,12
ENSG00000108622,0.89626795,0.0,12
ENSG00000141219,1.8384362,1.7454339,12
ENSG00000169660,2.0849748,2.73033,12
ENSG00000172301_1,1.8734024,2.3022833,12
ENSG00000275465,0.04599958,0.0,12
ENSG00000172724,0.043054715,0.0,12
ENSG00000125450,2.3228352,0.0,12
ENSG00000148339_1,0.40944618,0.0,12
ENSG00000119321_1,1.7618369,2.580204,12
ENSG00000277258,0.26326126,1.6897439,12
ENSG00000182154,2.3317528,2.874042,12
ENSG00000136895,0.4894991,1.0090257,12
ENSG00000087157,1.8358002,0.0,12
ENSG00000141503,2.2224734,2.4073381,12
ENSG00000106829_1,0.38121283,0.0,12
ENSG00000214401,2.4430282,1.8597926,12
ENSG00000179314_1,1.4238361,1.4669417,12
ENSG00000182446_2,2.0561497,2.9431012,12
ENSG00000188938_1,0.72200173,0.0,12
ENSG00000222293,0.07994807,0.0,12
ENSG00000095370_1,0.091730446,0.0,12
ENSG00000136878,2.4222481,2.681082,12
ENSG00000196196,0.88843334,1.2263421,12
ENSG00000158169_1,2.219668,2.416141,12
ENSG00000064195,0.37151605,1.5093639,12
ENSG00000147853,2.143944,2.974988,12
ENSG00000106723,1.9187621,1.8988348,12
ENSG00000167711,0.07302438,0.0,12
ENSG00000164946,0.0053183287,0.0,12
ENSG00000132507_1,2.2508337,3.8139963,12
ENSG00000083457_1,0.14786988,1.1089032,12
ENSG00000173065,2.2222803,0.0,12
ENSG00000178852_1,1.9575421,1.9163013,12
ENSG00000119403_1,2.6252668,3.3876088,12
ENSG00000108439,1.8161103,2.2493966,12
ENSG00000185722,0.0503005,0.0,12
ENSG00000072849,1.7986766,2.116704,12
ENSG00000141540,0.97729975,0.0,12
ENSG00000179148,0.64267486,0.9708023,12
ENSG00000182575,1.5064071,1.1830989,12
ENSG00000119333,2.5569086,0.0,12
ENSG00000072778_1,1.146361,0.0,12
ENSG00000167525_2,2.2977612,1.7930427,12
ENSG00000141068_1,0.14823455,0.9162012,12
ENSG00000033627,1.6004527,0.0,12
ENSG00000136925,2.3969028,2.3284101,12
ENSG00000136504,2.1470897,2.885529,12
ENSG00000180787,0.81220174,1.5540165,12
ENSG00000154229,2.0288556,2.344962,12
ENSG00000141506,1.2707781,1.5118032,12
ENSG00000106992,0.10038336,0.0,12
ENSG00000172171,1.2647841,0.0,12
ENSG00000156017,2.249022,2.1908693,12
ENSG00000197070,1.993987,1.6072406,12
ENSG00000167103,0.15108301,0.0,12
ENSG00000136866,0.35604095,0.0,12
ENSG00000108830,1.4161502,1.4464595,12
ENSG00000108509_2,1.7657514,2.2832108,12
ENSG00000277972,2.155667,2.1835916,12
ENSG00000235601,1.1081492,0.0,12
ENSG00000277084,0.16139428,0.0,12
ENSG00000107201,0.29646808,0.0,12
ENSG00000181396,2.0698907,2.6861274,12
ENSG00000283526,0.7483782,1.3071237,12
ENSG00000141314,1.6011844,1.9783175,12
ENSG00000034152_1,0.068073206,0.0,12
ENSG00000141456_1,1.6400312,0.0,12
ENSG00000274996,0.07873297,0.0,12
ENSG00000182224,1.7937893,1.8019522,12
ENSG00000141127_1,1.6507038,2.603297,12
ENSG00000132475,2.2567914,3.446391,12
ENSG00000125447_1,0.8972489,1.373978,12
ENSG00000177602,2.134093,2.2798698,12
ENSG00000233670,0.045723185,0.982045,12
ENSG00000131738,0.40528798,0.0,12
ENSG00000125449,1.7803711,2.1995988,12
ENSG00000223478,2.052115,0.0,12
ENSG00000141127,0.42993355,1.737668,12
ENSG00000166582,1.9448969,2.76183,12
ENSG00000196363,0.5973068,1.5263393,12
ENSG00000132383,1.7297639,2.6739807,12
ENSG00000172057,0.30295664,0.0,12
ENSG00000108406,1.3525791,2.6271067,12
ENSG00000155875,0.20647976,1.6296848,12
ENSG00000129673,0.044273302,0.0,12
ENSG00000073350_1,0.10540283,0.99034774,12
ENSG00000167861,1.3711332,1.1616075,12
ENSG00000171345,1.8203405,2.8525348,12
ENSG00000185527_1,0.15373003,0.0,12
ENSG00000198265,1.9785135,2.44711,12
ENSG00000197694_1,1.1015896,0.0,12
ENSG00000006744,1.6853696,1.2449695,12
ENSG00000283160,1.0935451,0.0,12
ENSG00000267288,0.09277986,0.0,12
ENSG00000161920,1.5869321,2.1039987,12
ENSG00000183914,0.35102558,0.0,12
ENSG00000161542_2,2.0173268,2.4737744,12
ENSG00000215237,0.8382045,1.9972194,12
ENSG00000168256,1.3790978,0.0,12
ENSG00000157654_1,0.33689606,1.3727463,12
ENSG00000044459,0.48225874,1.069816,12
ENSG00000108387,0.036744,0.0,12
ENSG00000120158_1,0.07824953,0.0,12
ENSG00000183153,0.09621547,1.0417085,12
ENSG00000197579,1.4504299,2.0678887,12
ENSG00000119314,2.1067836,0.0,12
ENSG00000137038,0.9600635,2.8911023,12
ENSG00000133028,1.7701908,2.3853989,12
ENSG00000127080,2.151496,2.1572602,12
ENSG00000141551,0.09903698,1.0116043,12
ENSG00000108523_3,0.15241624,0.0,12
ENSG00000091542,1.3759316,1.7439767,12
ENSG00000106804,0.089828536,0.0,12
ENSG00000124422,2.315103,2.9103544,12
ENSG00000262730,0.06753605,1.0854332,12
ENSG00000244045,2.133692,2.56215,12
ENSG00000291074_1,0.8910848,1.1579099,12
ENSG00000109113,1.120095,0.86468905,12
ENSG00000184060_2,0.028573848,0.0,12
ENSG00000170832,2.3916948,1.5035183,12
ENSG00000132507_2,2.2659,2.4418743,12
ENSG00000132507,0.9951463,1.7405916,12
ENSG00000128487_1,0.2338119,0.982045,12
ENSG00000002834,2.1998074,3.5764048,12
ENSG00000176919,0.8035485,0.0,12
ENSG00000236320,0.8522862,0.0,12
ENSG00000040531,1.8948643,2.0616786,12
ENSG00000011143,1.4332138,0.0,12
ENSG00000055483,2.2675593,2.3430538,12
ENSG00000264399,0.96641135,1.177825,12
ENSG00000265206,1.9503068,3.3194911,12
ENSG00000262879_1,1.5913208,2.2287238,12
ENSG00000130653,0.48515236,0.0,12
ENSG00000141522_1,2.2184284,2.7926717,12
ENSG00000167136,2.345732,2.271242,12
ENSG00000171246,1.598894,2.216166,12
ENSG00000178031,0.03879723,0.0,12
ENSG00000161664,0.6910761,1.4549059,12
ENSG00000281649,2.0702732,2.5456583,12
ENSG00000187531,1.7786602,2.3172984,12
ENSG00000083457_2,0.11567176,0.9503648,12
ENSG00000006042,1.7611943,2.6414979,12
ENSG00000133020,0.009797901,0.0,12
ENSG00000062725_1,1.9196063,2.3666825,12
ENSG00000148180,0.028333291,0.0,12
ENSG00000161960,2.1212654,3.7209826,12
ENSG00000176658,2.325337,2.7725492,12
ENSG00000125691,1.7364107,3.9269578,12
ENSG00000275143,0.5189126,0.0,12
ENSG00000181045_1,1.4232813,1.5972892,12
ENSG00000186765,0.80832666,0.0,12
ENSG00000119328,1.8359784,0.0,12
ENSG00000107105_1,1.5050992,1.9001923,12
ENSG00000181031,0.050902776,0.0,12
ENSG00000133026,1.8825489,2.5708766,12
ENSG00000228072,0.64462143,0.0,12
ENSG00000011454,1.5312765,1.9751881,12
ENSG00000147862_1,0.00020094216,0.0,12
ENSG00000172156,0.032823674,0.0,12
ENSG00000040633_1,2.0140636,1.9734973,12
ENSG00000136848,0.07120417,0.0,12
ENSG00000107104,0.42774403,0.0,12
ENSG00000107140,1.6701337,2.077146,12
ENSG00000176170_2,1.852769,1.6633617,12
ENSG00000254876,1.9297348,2.3780706,12
ENSG00000136881,0.0072119087,0.0,12
ENSG00000054148,2.066962,2.211497,12
ENSG00000120094,0.49361992,1.0788192,12
ENSG00000186074,0.028753981,0.0,12
ENSG00000167914,0.091151625,0.0,12
ENSG00000070610,1.7741818,1.5287753,12
ENSG00000148384,1.557956,2.0873697,12
ENSG00000197063,1.4417734,2.331326,12
ENSG00000136950,2.178054,0.0,12
ENSG00000120242,-0.015766889,0.0,12
ENSG00000087111_1,0.064675316,0.0,12
ENSG00000160539_1,0.6103394,1.3096727,12
ENSG00000108666_1,1.870373,2.2631862,12
ENSG00000204706_1,1.7745025,1.4641615,12
ENSG00000263567,0.04343216,1.6143804,12
ENSG00000213373,0.040586665,0.0,12
ENSG00000267750,0.58369935,1.5167601,12
ENSG00000178607,2.1012409,2.1932359,12
ENSG00000141480,1.2032934,2.0823903,12
ENSG00000265096,0.09602282,0.0,12
ENSG00000129654,0.9259423,0.9764417,12
ENSG00000107130,1.7500771,2.1451902,12
ENSG00000138835_3,0.13026258,1.4218342,12
ENSG00000159210,1.8619558,2.4484992,12
ENSG00000136935,2.2494826,2.2221544,12
ENSG00000233101,0.2551458,0.0,12
ENSG00000178691,2.4541,2.5025773,12
ENSG00000086061,2.1267495,3.2356648,12
ENSG00000167291_1,1.4778936,1.707851,12
ENSG00000167705,1.8957266,2.0748787,12
ENSG00000125457,0.9742209,0.8267225,12
ENSG00000136874,1.3332633,2.352584,12
ENSG00000167850,0.080940165,1.2358565,12
ENSG00000267568,0.31745642,0.0,12
ENSG00000130558_1,1.5032905,1.7130787,12
ENSG00000132522,1.8823869,1.4777722,12
ENSG00000108774,1.6902236,2.7759714,12
ENSG00000181523_1,0.6697933,1.440673,12
ENSG00000119401,0.7462799,1.6804389,12
ENSG00000068137_1,1.7210776,2.217118,12
ENSG00000095383,2.1468217,1.420863,12
ENSG00000120235,-0.02229736,0.0,12
ENSG00000198467_3,0.84263927,1.1917583,12
ENSG00000153714,0.009158343,0.0,12
ENSG00000082641_1,1.8080276,2.2265277,12
ENSG00000227531,0.008233108,0.0,12
ENSG00000178999,1.5413913,0.0,12
ENSG00000184060,1.0755185,1.1271696,12
ENSG00000167881_1,1.8249605,2.9885817,12
ENSG00000120093,0.10397717,0.0,12
ENSG00000049283,0.29596567,1.462398,12
ENSG00000148339,2.4602048,2.3949277,12
ENSG00000181513,1.7031548,0.0,12
ENSG00000200889,0.034829423,0.0,12
ENSG00000180329,1.587208,2.531964,12
ENSG00000172809,1.4594346,3.9704165,12
ENSG00000187997,1.0266148,0.0,12
ENSG00000141574,1.3649464,1.2102115,12
ENSG00000291140,2.3888924,1.8428962,12
ENSG00000095209,1.4864742,2.6598296,12
ENSG00000158955,1.4860728,1.7420335,12
ENSG00000072134,1.3764123,2.247605,12
ENSG00000266934,0.051963836,1.1504186,12
ENSG00000214553,0.22041981,1.0368284,12
ENSG00000128422_2,0.6445287,1.5744133,12
ENSG00000160323,0.10680051,0.0,12
ENSG00000291074,1.2620649,2.0897532,12
ENSG00000196156,0.7432453,1.2728391,12
ENSG00000175866_4,0.07306402,0.8825815,12
ENSG00000127084,0.3537612,0.0,12
ENSG00000180447,1.5054382,1.7166543,12
ENSG00000183034,0.50823873,0.0,12
ENSG00000165115,2.0035748,1.6848274,12
ENSG00000137075_1,2.1546443,1.5890443,12
ENSG00000148290,1.7899698,1.6604347,12
ENSG00000108578,1.9180268,0.0,12
ENSG00000136487,0.10989829,0.9764784,12
ENSG00000159842_2,0.18892235,1.1150777,12
ENSG00000174238,2.0554707,2.435717,12
ENSG00000148411,1.9356614,2.2840922,12
ENSG00000141161,0.05096802,0.0,12
ENSG00000107371,2.2600772,2.8545308,12
ENSG00000126883_4,0.18697649,0.0,12
ENSG00000106952,0.119866386,0.99033886,12
ENSG00000076351,1.5655142,1.9325244,12
ENSG00000131094,1.751285,2.2319715,12
ENSG00000173818_1,1.7166897,1.4812391,12
ENSG00000108829,2.0187476,3.2395222,12
ENSG00000006047,1.6386014,1.3174156,12
ENSG00000136859,0.83345747,0.0,12
ENSG00000007237_2,0.015454046,0.0,12
ENSG00000108387_2,1.5795587,1.4795465,12
ENSG00000129194,0.08318472,0.0,12
ENSG00000181090,2.2857172,2.2858498,12
ENSG00000154240,-0.004468873,0.0,12
ENSG00000141279_2,2.1527503,2.197137,12
ENSG00000008294,0.39250237,1.4473907,12
ENSG00000108582,1.7609662,2.4905217,12
ENSG00000183011_1,2.1158671,2.4820156,12
ENSG00000184451,0.09240437,0.89292896,12
ENSG00000182150,2.2852721,2.2477427,12
ENSG00000293325,0.75711346,1.1795806,12
ENSG00000182628_1,1.9087235,0.0,12
ENSG00000239704,0.052380875,0.0,12
ENSG00000231806,0.61167115,0.0,12
ENSG00000008294_1,2.3248782,2.897231,12
ENSG00000136824,1.9445823,2.493179,12
ENSG00000173801_1,2.1030285,3.2530446,12
ENSG00000108342,0.3592934,1.7812454,12
ENSG00000159069,2.2167404,2.2929866,12
ENSG00000132530_3,0.05875817,0.0,12
ENSG00000147852_1,1.1891922,1.9396241,12
ENSG00000167916,0.65470964,0.0,12
ENSG00000172785,1.4904436,0.0,12
ENSG00000237886,0.13066413,0.0,12
ENSG00000259207,1.6369596,1.5910981,12
ENSG00000221676,0.97193694,0.0,12
ENSG00000196092,0.7208826,1.1466241,12
ENSG00000184361,0.8988168,0.0,12
ENSG00000108852,0.21382205,0.0,12
ENSG00000234323,0.043802775,0.0,12
ENSG00000154760,0.41548353,1.1370374,12
ENSG00000126883,2.403287,3.5060935,12
ENSG00000107104_1,1.7797294,1.7714405,12
ENSG00000165152,1.0023102,1.7440269,12
ENSG00000108576,1.0186574,1.0698531,12
ENSG00000185294,0.069795884,1.0116128,12
ENSG00000225626,0.25218165,0.0,12
ENSG00000129657_3,0.028929293,0.0,12
ENSG00000136881_1,0.036583915,0.0,12
ENSG00000080608,1.6443282,0.0,12
ENSG00000189159,1.3989979,1.0343878,12
ENSG00000171928,1.73885,2.3528557,12
ENSG00000165006,1.6843218,2.4508724,12
ENSG00000096968,2.2452476,2.4352071,12
ENSG00000108821_1,0.04133454,0.0,12
ENSG00000155158,1.1325461,1.9703469,12
ENSG00000260369,2.3356328,1.6730946,12
ENSG00000131482,0.05836165,0.0,12
ENSG00000267364,0.05355744,1.1331235,12
ENSG00000107295,1.4368831,1.6209061,12
ENSG00000092871,0.5917742,0.0,12
ENSG00000175711,1.7853334,1.954339,12
ENSG00000277370,0.45094907,1.3109906,12
ENSG00000167858,0.29610127,0.0,12
ENSG00000073861,1.2122045,1.7042192,12
ENSG00000136802,2.192911,2.2370734,12
ENSG00000186834,2.0492942,2.468715,12
ENSG00000141568_1,0.14646389,0.0,12
ENSG00000220205,1.8942672,2.5818849,12
ENSG00000131477,0.7922074,1.0698531,12
ENSG00000011052,2.17112,2.9136455,12
ENSG00000004939_1,0.15851593,0.0,12
ENSG00000148229,2.3347552,2.732211,12
ENSG00000007237,0.030712873,0.0,12
ENSG00000287782,0.09033215,0.0,12
ENSG00000165028,1.6338416,1.8634418,12
ENSG00000177302,2.135443,2.3656938,12
ENSG00000141232,2.2187734,2.345001,12
ENSG00000197816_1,0.059193075,0.0,12
ENSG00000291075,2.1826236,3.0871387,12
ENSG00000107223,2.1710708,3.4268267,12
ENSG00000165702,0.45889091,2.9462352,12
ENSG00000082641_2,0.9832044,0.93514436,12
ENSG00000107159,0.16239408,0.0,12
ENSG00000270547,0.0003516823,0.0,12
ENSG00000035862_1,0.11145231,0.0,12
ENSG00000107317_2,0.13978888,0.0,12
ENSG00000265359,0.009908438,0.0,12
ENSG00000120071_1,0.018740408,0.0,12
ENSG00000063015,0.095920436,0.0,12
ENSG00000106803,1.6376282,2.6574268,12
ENSG00000006042_1,1.7764925,2.080933,12
ENSG00000197079,0.23364274,0.0,12
ENSG00000263293_1,1.8336562,2.2374809,12
ENSG00000169155,2.1053698,2.2311535,12
ENSG00000119125_1,1.0014442,1.6516559,12
ENSG00000267394,1.041559,0.63502103,12
ENSG00000205899,0.64446723,1.3682683,12
ENSG00000262920,0.5854953,1.0743409,12
ENSG00000240505,0.04200542,0.0,12
ENSG00000228639,0.037792712,0.0,12
ENSG00000160339,0.05684956,0.0,12
ENSG00000141376,1.2128472,0.0,12
ENSG00000165119_2,2.262114,3.3332417,12
ENSG00000106688,1.4612745,1.6239725,12
ENSG00000175287,0.11483999,0.0,12
ENSG00000167536,2.3706157,2.127267,12
ENSG00000178852,1.8151453,2.0724154,12
ENSG00000236024,0.06667818,0.0,12
ENSG00000141200,0.048016794,1.0854332,12
ENSG00000168610_2,0.11726659,0.98484224,12
ENSG00000165059,0.84282464,0.0,12
ENSG00000119408_2,0.07735355,0.0,12
ENSG00000275832_2,1.4407362,1.5917878,12
ENSG00000165181_1,-0.0064537004,0.0,12
ENSG00000168517_1,2.1639092,1.4367667,12
ENSG00000198720,1.5481303,2.2278354,12
ENSG00000122733_1,1.5528767,1.2069068,12
ENSG00000177294,0.5205993,0.0,12
ENSG00000184640_6,0.09086161,1.0560278,12
ENSG00000188554_1,1.5772375,2.5476751,12
ENSG00000264666,1.6157609,2.2821233,12
ENSG00000214860,0.24718507,0.0,12
ENSG00000005238_2,0.77714556,0.0,12
ENSG00000154025,0.07373939,0.0,12
ENSG00000277200,1.5918599,1.5487701,12
ENSG00000106771,2.1256175,2.4393485,12
ENSG00000109101_1,0.20833059,0.0,12
