,Pred,actual,fold_idx
ENSG00000168575_4,2.0739388,2.8299851,10
ENSG00000125726_1,0.7041012,0.0,10
ENSG00000105227,1.1776239,1.3123678,10
ENSG00000164830_4,0.2356269,0.0,10
ENSG00000095932_1,0.6171204,0.0,10
ENSG00000034239,0.82774264,0.0,10
ENSG00000104979,1.6648487,2.8956225,10
ENSG00000160972,2.019787,2.1476083,10
ENSG00000184608,0.047848772,0.0,10
ENSG00000042832,0.073285475,0.0,10
ENSG00000205744_1,0.26807028,1.2357557,10
ENSG00000269086,0.7822423,1.3693086,10
ENSG00000130270,2.0408404,2.1498747,10
ENSG00000105176,0.081733644,0.8682917,10
ENSG00000160570,1.9618505,2.270439,10
ENSG00000203326,0.7256671,2.0017397,10
ENSG00000104343,1.9881276,1.9343469,10
ENSG00000186272,1.0808222,1.85827,10
ENSG00000105707_1,0.2743099,0.0,10
ENSG00000125755,2.0311136,2.6388047,10
ENSG00000269404,0.3415814,0.0,10
ENSG00000104879,0.1730088,0.70876074,10
ENSG00000078579,0.2757724,0.99033886,10
ENSG00000090006_1,1.1008941,0.95334405,10
ENSG00000105732,2.4985733,2.2715862,10
ENSG00000130844,0.7982844,1.3135508,10
ENSG00000090554,0.6209014,1.5547677,10
ENSG00000178078,0.26337543,0.0,10
ENSG00000197134,0.8355494,2.4884267,10
ENSG00000130749_1,1.4238609,2.3210266,10
ENSG00000201675,0.8096078,1.8564086,10
ENSG00000129696,1.4674373,1.9987997,10
ENSG00000051128,0.20914951,0.7340794,10
ENSG00000293246,1.5177394,2.321909,10
ENSG00000115268,2.116359,3.0947123,10
ENSG00000213024,0.12720889,0.0,10
ENSG00000147601,1.7123224,0.0,10
ENSG00000189164,1.1530309,1.301759,10
ENSG00000198791_1,2.230288,2.8967025,10
ENSG00000290587,0.461515,1.3121858,10
ENSG00000160352,1.4264921,0.0,10
ENSG00000197353,0.21728636,1.4218506,10
ENSG00000104450_2,1.6179867,1.7834748,10
ENSG00000047249,1.9135199,2.299128,10
ENSG00000105472,0.22898546,1.4650942,10
ENSG00000225877,0.014139321,0.0,10
ENSG00000161091_1,1.5611722,1.3188144,10
ENSG00000178125,0.66174394,0.0,10
ENSG00000125730,0.14145845,0.0,10
ENSG00000120896_3,0.3525013,0.0,10
ENSG00000253133,2.2238252,2.3890066,10
ENSG00000073050,1.7851043,0.0,10
ENSG00000234906,0.20870723,0.0,10
ENSG00000087903,0.3135948,0.0,10
ENSG00000158941_1,2.1602583,1.9920762,10
ENSG00000254777,0.47078595,1.4259579,10
ENSG00000147647,1.0486016,1.258302,10
ENSG00000182393,0.17154685,0.99572295,10
ENSG00000105662,1.9838904,1.7904681,10
ENSG00000141867,0.05107614,0.0,10
ENSG00000141971,1.1079237,2.0204482,10
ENSG00000254254,0.041666847,0.0,10
ENSG00000104237,0.070170134,0.0,10
ENSG00000130208_2,0.8160175,2.3547173,10
ENSG00000176571,0.0064323656,0.0,10
ENSG00000268480_1,0.08201328,1.3749682,10
ENSG00000204949,0.14266226,0.0,10
ENSG00000130813_2,0.61977667,0.0,10
ENSG00000129933,2.5121272,2.5159798,10
ENSG00000167680_1,1.503874,1.82007,10
ENSG00000177191,0.682103,0.0,10
ENSG00000205268,2.4759212,2.1106975,10
ENSG00000286449,0.47692943,0.0,10
ENSG00000160014,2.434955,3.1843166,10
ENSG00000011590_1,0.11654335,0.0,10
ENSG00000160961,1.9724085,2.3042276,10
ENSG00000169515,1.9733088,2.3913603,10
ENSG00000180089,0.15530846,1.1688509,10
ENSG00000269235,0.17213571,0.0,10
ENSG00000142227,1.4056876,0.0,10
ENSG00000293380,1.1175184,1.995328,10
ENSG00000105429,1.4471045,0.0,10
ENSG00000130477,0.08228487,0.0,10
ENSG00000186017,1.9577663,1.7202834,10
ENSG00000167617,0.21036057,0.0,10
ENSG00000105613,1.8615531,2.2192674,10
ENSG00000141867_2,2.0147724,3.000382,10
ENSG00000060566,0.2379871,0.886028,10
ENSG00000179913_1,0.7187686,1.2670778,10
ENSG00000123119,0.98620486,0.0,10
ENSG00000269343_1,0.2741432,0.0,10
ENSG00000104611,0.9405415,1.3625579,10
ENSG00000104368,0.11274065,0.0,10
ENSG00000126243,0.11590594,0.0,10
ENSG00000188624,0.0011506493,0.0,10
ENSG00000121417,1.1070161,1.916959,10
ENSG00000167604_1,0.7322863,1.399137,10
ENSG00000102575_1,1.1756451,1.2215811,10
ENSG00000168495_1,1.9872926,2.2871206,10
ENSG00000207166,0.2505576,1.0962493,10
ENSG00000283632,0.5033704,2.3002627,10
ENSG00000137573_1,0.38859704,0.0,10
ENSG00000130518,0.17867428,0.0,10
ENSG00000102575,0.31607637,1.2215707,10
ENSG00000104267,1.4988972,1.426934,10
ENSG00000079459_1,2.3162766,3.7850757,10
ENSG00000201782,0.057755407,0.0,10
ENSG00000099864,1.6997449,1.9426528,10
ENSG00000196235_1,2.1451564,3.0684457,10
ENSG00000130475,1.5275509,1.7042706,10
ENSG00000268751,0.9230535,1.6302752,10
ENSG00000120913_4,0.6349262,1.1273252,10
ENSG00000267100,2.1672235,2.360042,10
ENSG00000099203,2.2876544,1.7904259,10
ENSG00000164816,0.010049816,0.0,10
ENSG00000178209_3,2.0449562,0.0,10
ENSG00000197561,0.221176,0.8105416,10
ENSG00000253123,0.016314622,0.0,10
ENSG00000171606,1.8956542,2.3470957,10
ENSG00000104976,2.1371126,2.71671,10
ENSG00000105176_1,2.0304317,2.774685,10
ENSG00000105726,2.4464316,2.7062569,10
ENSG00000130813_1,1.5533626,1.8728378,10
ENSG00000154319_1,0.061336648,0.0,10
ENSG00000105185,2.1463823,3.5462587,10
ENSG00000105219,0.41181812,1.2035768,10
ENSG00000120992,2.3835728,2.4379566,10
ENSG00000130725_1,2.5503483,2.6546674,10
ENSG00000104889,1.945011,0.0,10
ENSG00000123143_1,1.7784952,1.4959743,10
ENSG00000126259,0.47700065,1.1150444,10
ENSG00000198464,1.7951983,2.4360163,10
ENSG00000253741,1.9651664,0.0,10
ENSG00000141873,2.1074603,2.567283,10
ENSG00000276980,0.25287408,1.5592241,10
ENSG00000223547,1.2060106,1.7691557,10
ENSG00000253161_2,0.031109046,0.0,10
ENSG00000105755,0.7372183,1.9011978,10
ENSG00000253582,1.2171009,0.0,10
ENSG00000253958,1.4303273,1.0962493,10
ENSG00000129691_1,2.0335846,3.1405647,10
ENSG00000065989,2.2803535,2.0357099,10
ENSG00000272138,0.49529216,0.9351847,10
ENSG00000130751_1,0.3422803,0.0,10
ENSG00000167483,0.22193688,0.0,10
ENSG00000167654,0.55295444,0.0,10
ENSG00000178814_1,0.62252194,1.5488192,10
ENSG00000283555,-0.0075423457,0.6927941,10
ENSG00000130544,1.9900444,1.9227307,10
ENSG00000213297,0.6362521,1.1446987,10
ENSG00000164830_3,2.1353722,1.9111309,10
ENSG00000029534_1,0.09141496,0.0,10
ENSG00000142046_2,0.41175863,0.0,10
ENSG00000104442,1.9545362,2.738779,10
ENSG00000142303,1.0436609,1.6892449,10
ENSG00000160229,0.5333581,0.0,10
ENSG00000237807,0.22201157,0.77620703,10
ENSG00000254340,0.094961956,0.0,10
ENSG00000164961,1.9592552,2.2620595,10
ENSG00000196081,0.40066537,1.8641561,10
ENSG00000083845,2.0546422,4.2364216,10
ENSG00000130176,0.43430355,0.0,10
ENSG00000161082_1,1.0878966,1.1579099,10
ENSG00000161265_1,1.8367383,0.0,10
ENSG00000179751,1.0813801,1.201943,10
ENSG00000142549,1.0375288,1.5247205,10
ENSG00000249859_4,0.2673565,0.0,10
ENSG00000105227_1,0.22690374,0.0,10
ENSG00000104432,0.17576858,0.0,10
ENSG00000165061,0.31759402,1.3275714,10
ENSG00000029534_3,2.2533429,3.1413085,10
ENSG00000129422_1,0.23724857,0.0,10
ENSG00000169398_1,0.0014454836,0.0,10
ENSG00000254024,0.44308242,1.2881597,10
ENSG00000261824,0.994565,1.9885455,10
ENSG00000105173,1.9374932,2.1916466,10
ENSG00000160932,1.8169467,2.915689,10
ENSG00000167912,1.1100085,1.6781359,10
ENSG00000185728_1,1.9675114,1.411687,10
ENSG00000120899_2,0.05675174,0.0,10
ENSG00000181195,0.6330236,0.0,10
ENSG00000198521,1.1188363,2.2645369,10
ENSG00000099866_1,0.5208307,0.0,10
ENSG00000132010,1.0642095,1.5487701,10
ENSG00000205038,0.66672504,1.6691308,10
ENSG00000011243_1,2.1912773,2.9125392,10
ENSG00000070501,1.5430652,0.0,10
ENSG00000213904_1,0.5405457,1.1578797,10
ENSG00000237452,0.7380818,1.3728015,10
ENSG00000105278,1.1620252,1.467904,10
ENSG00000253434,0.01971392,0.0,10
ENSG00000278129,2.3904545,2.1946726,10
ENSG00000196365,2.6559825,3.0705662,10
ENSG00000129691,2.5375714,2.4978416,10
ENSG00000183186,1.2449431,0.0,10
ENSG00000164751_1,2.0128653,0.0,10
ENSG00000232024,0.072040275,2.1244748,10
ENSG00000147677,1.2772346,0.0,10
ENSG00000186300,2.1564002,2.1392493,10
ENSG00000121413_1,1.2628841,1.0876395,10
ENSG00000136986,0.081203476,0.0,10
ENSG00000099797,2.2186272,3.187814,10
ENSG00000126467,0.12032935,0.0,10
ENSG00000164934,1.80369,2.3729856,10
ENSG00000176566,0.49980667,0.0,10
ENSG00000104870_2,0.6413508,1.1760623,10
ENSG00000181781_1,0.3000617,1.3670949,10
ENSG00000250067,0.514632,1.1271696,10
ENSG00000160439,2.0740843,2.8166404,10
ENSG00000290812,1.2908425,2.0072825,10
ENSG00000147586,1.8233666,0.0,10
ENSG00000188493,1.8029552,2.6430478,10
ENSG00000170608,1.517926,1.6776617,10
ENSG00000161640,0.22023496,1.2812834,10
ENSG00000020181,1.6339582,1.6881261,10
ENSG00000104472_1,2.370369,1.8893017,10
ENSG00000142408,0.60007864,1.5945473,10
ENSG00000254251_1,0.032125335,0.0,10
ENSG00000130312_1,2.3156824,2.8763564,10
ENSG00000167632_2,1.8335773,2.293095,10
ENSG00000176956_1,1.2987221,1.3484023,10
ENSG00000224420,0.60282135,0.0,10
ENSG00000123154_1,1.8800358,1.5434471,10
ENSG00000181035,2.151469,2.1585674,10
ENSG00000105048,1.6468923,2.615203,10
ENSG00000171827_1,0.5377113,0.0,10
ENSG00000105679,0.5811384,1.0392555,10
ENSG00000186111,1.9607823,2.4399955,10
ENSG00000040341,-0.0140129365,0.0,10
ENSG00000069206,-0.0066985227,0.0,10
ENSG00000105397,0.92902064,0.0,10
ENSG00000104897,2.2743928,3.0044675,10
ENSG00000105701_1,1.5643811,1.7581319,10
ENSG00000175221,2.176344,2.449162,10
ENSG00000063244_1,2.6653247,2.434743,10
ENSG00000188766,0.66230667,1.2248437,10
ENSG00000185361,1.9416741,1.5985936,10
ENSG00000104833_1,0.9547417,1.8455136,10
ENSG00000104728,1.6691544,1.8010949,10
ENSG00000136982,2.0040257,2.53794,10
ENSG00000129422_4,0.036316004,0.0,10
ENSG00000104695,1.8334191,2.084873,10
ENSG00000104814,0.11094098,1.1211658,10
ENSG00000120963,2.478219,3.1611884,10
ENSG00000008853_3,0.31841597,0.0,10
ENSG00000104228,2.2730963,2.1139433,10
ENSG00000141994,2.2663937,2.5309114,10
ENSG00000125746_3,0.6412219,0.0,10
ENSG00000176472_1,1.7068107,0.0,10
ENSG00000013275,2.0393348,0.0,10
ENSG00000090006_3,1.9797411,2.2282772,10
ENSG00000279619,0.32335356,0.0,10
ENSG00000164932,1.389172,1.9885367,10
ENSG00000089335,0.9383765,1.5495428,10
ENSG00000125910,0.8814004,0.0,10
ENSG00000169085,0.06826073,0.0,10
ENSG00000147324,1.842408,2.000911,10
ENSG00000186526_1,0.12637925,0.8346114,10
ENSG00000125744_1,1.4402397,1.8906893,10
ENSG00000131398,1.8883166,1.0011103,10
ENSG00000260001,0.829245,1.3362796,10
ENSG00000253665,0.024130385,0.0,10
ENSG00000147364,1.5830809,1.9173027,10
ENSG00000186562,0.000592869,0.0,10
ENSG00000105397_2,2.19983,0.0,10
ENSG00000105642_1,0.8082737,1.4968743,10
ENSG00000168487,2.1106806,2.0494893,10
ENSG00000074842,1.6613903,3.0463703,10
ENSG00000161082,1.3808911,1.9830089,10
ENSG00000104728_1,0.1297626,0.0,10
ENSG00000176956_2,1.1313145,1.4933883,10
ENSG00000180855,1.6942147,0.0,10
ENSG00000008853_1,1.6843083,2.2171943,10
ENSG00000253138_1,0.093108475,0.0,10
ENSG00000269729,0.012819167,0.0,10
ENSG00000120925_1,2.2111638,2.5237205,10
ENSG00000161249,0.18418407,0.0,10
ENSG00000177669,0.14618905,0.0,10
ENSG00000178814,2.2397685,0.0,10
ENSG00000127616_2,0.5017914,1.4651449,10
ENSG00000129455_2,0.14374925,0.98209023,10
ENSG00000086967,0.12544076,0.0,10
ENSG00000147421_1,1.9320521,2.2347906,10
ENSG00000205189_1,1.7805439,1.8197412,10
ENSG00000125505_1,2.4206104,2.846266,10
ENSG00000105364,2.2821453,3.354416,10
ENSG00000167671_2,1.5404122,2.2281358,10
ENSG00000130751,0.84255093,1.6104791,10
ENSG00000105221_1,0.18021092,0.0,10
ENSG00000160886_1,1.1328228,1.2671483,10
ENSG00000291114,0.17223524,0.0,10
ENSG00000147813_1,1.1487207,2.3087416,10
ENSG00000185000,2.3227577,2.4920757,10
ENSG00000130816,0.06296614,0.0,10
ENSG00000137561,1.3460504,1.8168045,10
ENSG00000167645,2.2360265,3.2258775,10
ENSG00000197857,1.2958639,0.0,10
ENSG00000142046_1,0.51478237,1.135069,10
ENSG00000269834,0.42557296,0.0,10
ENSG00000197838,0.03820158,0.0,10
ENSG00000147419,1.7028666,2.34973,10
ENSG00000228300,2.6793444,3.0464678,10
ENSG00000104689,1.8628433,2.5143619,10
ENSG00000105290,1.2450764,2.0835528,10
ENSG00000104450,1.0027584,1.1883659,10
ENSG00000079102_1,0.29107228,1.1389655,10
ENSG00000167904,2.331861,2.4440713,10
ENSG00000147654_2,0.8774365,0.0,10
ENSG00000167658_1,2.073712,4.2439356,10
ENSG00000171236,1.0783086,2.219,10
ENSG00000276043_1,2.041888,2.0494196,10
ENSG00000104231_1,1.3293318,2.011181,10
ENSG00000261857,0.20163593,1.0919833,10
ENSG00000266976,1.4584477,3.8454664,10
ENSG00000253948,1.8426497,2.0923557,10
ENSG00000207215,0.026459005,0.0,10
ENSG00000251247_1,0.54421806,0.0,10
ENSG00000178860,0.060888406,0.0,10
ENSG00000269858_1,1.445804,1.5142422,10
ENSG00000105227_2,0.27976766,0.0,10
ENSG00000167562_1,1.7178711,0.0,10
ENSG00000168672_1,1.3968396,1.4426836,10
ENSG00000204519,1.536977,2.10631,10
ENSG00000256683,0.4033685,0.0,10
ENSG00000063245_1,0.15938005,1.4074589,10
ENSG00000012232,1.7733573,0.0,10
ENSG00000178935,1.274668,1.8530896,10
ENSG00000130204,2.5376048,2.98219,10
ENSG00000142556,1.5601315,1.6188741,10
ENSG00000105379,2.1235023,0.0,10
ENSG00000048392,2.259707,1.7227573,10
ENSG00000168476,1.9255221,2.739361,10
ENSG00000254521,0.18383184,1.8443902,10
ENSG00000252067,0.055809345,0.0,10
ENSG00000074181,0.61858845,0.0,10
ENSG00000074855,2.0720158,1.8424594,10
ENSG00000168546_1,1.1424897,0.0,10
ENSG00000131408,1.2265638,0.0,10
ENSG00000136986_1,0.07803926,0.0,10
ENSG00000153879,2.3255491,2.4980485,10
ENSG00000205209,0.27936077,0.0,10
ENSG00000086544,2.2114177,1.4916978,10
ENSG00000286122,0.42674616,1.5502284,10
ENSG00000130165,2.0056283,0.0,10
ENSG00000160117_1,1.0344249,2.1018536,10
ENSG00000198846,1.0077069,1.0629579,10
ENSG00000038945_2,0.009138998,0.0,10
ENSG00000104371,0.17714326,0.0,10
ENSG00000104951_1,2.4980292,3.3620677,10
ENSG00000220201,0.33736697,0.0,10
ENSG00000176182,1.504997,0.0,10
ENSG00000083812,2.105886,2.0396323,10
ENSG00000129354,0.3368997,0.0,10
ENSG00000104976_1,1.7631264,2.2938993,10
ENSG00000118046,2.3027637,2.3606691,10
ENSG00000104447_1,1.1777627,0.0,10
ENSG00000133246,0.30620727,0.0,10
ENSG00000168484,0.099764764,0.0,10
ENSG00000104332,1.4527307,1.6480867,10
ENSG00000197020,1.4382491,2.3101897,10
ENSG00000278374,0.1663724,0.0,10
ENSG00000251247,0.6568023,0.0,10
ENSG00000188039_1,0.23234764,0.9129656,10
ENSG00000253799,0.46708357,0.0,10
ENSG00000161243,0.85868454,1.5495305,10
ENSG00000269190,1.7879347,2.130575,10
ENSG00000105698_1,1.949086,1.9163487,10
ENSG00000099783_1,0.09723304,1.5577959,10
ENSG00000189013,0.033123787,0.0,10
ENSG00000183647,0.98150665,1.911738,10
ENSG00000161888,2.2092834,0.0,10
ENSG00000147316,1.7373891,2.6377988,10
ENSG00000104381,0.8123215,0.0,10
ENSG00000293247,0.35948852,0.8755011,10
ENSG00000174429,0.040603694,0.0,10
ENSG00000133742,0.0030600543,0.0,10
ENSG00000184156,1.1127055,2.1069045,10
ENSG00000155096_1,0.055089023,0.0,10
ENSG00000141837_2,1.0404499,1.7563089,10
ENSG00000142530_1,1.8925425,2.563018,10
ENSG00000133275,2.3161635,2.7664948,10
ENSG00000161558_1,2.3977337,2.0806913,10
ENSG00000130005,1.5245655,2.0434763,10
ENSG00000197858,2.1299534,2.4918392,10
ENSG00000105576_3,0.9487227,0.0,10
ENSG00000125734_1,2.303193,1.9570515,10
ENSG00000131408_1,1.4365848,1.7464006,10
ENSG00000197360,0.34932482,0.0,10
ENSG00000130513_1,0.2812548,0.0,10
ENSG00000168481,1.4704921,1.4549972,10
ENSG00000169946_1,1.6776603,1.554065,10
ENSG00000076641,1.4715968,1.8641549,10
ENSG00000104907,1.4724684,2.5180926,10
ENSG00000161681,0.934541,1.7420099,10
ENSG00000189068,0.36230665,0.0,10
ENSG00000171443,2.4977584,2.0191746,10
ENSG00000205922,1.3669214,2.1186285,10
ENSG00000078674_1,2.469747,2.9589236,10
ENSG00000213563,1.7727168,2.1836967,10
ENSG00000167769,0.25158668,0.0,10
ENSG00000147687,1.9743888,0.0,10
ENSG00000104979_1,1.8969511,0.0,10
ENSG00000125726,0.47950992,1.6859387,10
ENSG00000130203,0.34757861,2.2606866,10
ENSG00000130545_1,0.7367815,1.2642982,10
ENSG00000142546_1,1.3717548,0.0,10
ENSG00000130529_1,1.0861398,1.7981118,10
ENSG00000105325,2.3742878,1.6072727,10
ENSG00000159915,0.54657847,0.0,10
ENSG00000063245,2.3401427,2.703386,10
ENSG00000197405,0.16322835,0.0,10
ENSG00000105438,0.95423,1.1068026,10
ENSG00000198576,1.4844196,1.4329212,10
ENSG00000104805,1.7024583,0.0,10
ENSG00000105398,0.04127818,0.0,10
ENSG00000105329,1.7763538,2.427989,10
ENSG00000130175_1,0.35666043,1.3250844,10
ENSG00000066044,2.2679262,2.7830799,10
ENSG00000108106,2.5947907,3.4600494,10
ENSG00000147649_1,0.024432387,0.0,10
ENSG00000253926_1,0.1714566,0.0,10
ENSG00000137558,-0.005810205,0.0,10
ENSG00000178209_2,1.681215,1.8523275,10
ENSG00000115266,0.94616014,1.2700729,10
ENSG00000010361_1,1.4040115,0.0,10
ENSG00000160959_1,2.468635,1.8366848,10
ENSG00000104921,0.0910683,0.0,10
ENSG00000090661_1,1.3359792,1.2598566,10
ENSG00000104290,1.5525068,1.6924062,10
ENSG00000188343,1.5671437,0.0,10
ENSG00000160957_1,2.3159714,2.6904087,10
ENSG00000104804,0.56287277,0.0,10
ENSG00000174837,0.01442286,0.0,10
ENSG00000167460_5,0.10698089,0.0,10
ENSG00000161847,2.4577177,3.0139995,10
ENSG00000147408_3,0.027328368,0.0,10
ENSG00000166359,0.79549176,0.0,10
ENSG00000131351,2.4829683,1.9890803,10
ENSG00000104881,0.943782,0.0,10
ENSG00000104883,1.491639,1.3149201,10
ENSG00000189144,0.8963249,1.716671,10
ENSG00000171827,0.6800275,0.8146471,10
ENSG00000233527,1.6399579,2.4423873,10
ENSG00000171903_1,0.05914327,0.0,10
ENSG00000125498,0.19269063,0.0,10
ENSG00000173334,2.2125833,2.384461,10
ENSG00000133874,0.99721175,1.905526,10
ENSG00000064490_1,1.3959509,2.8439817,10
ENSG00000166770_1,0.4823943,0.0,10
ENSG00000204524,1.8505957,0.0,10
ENSG00000197928,0.6445757,0.0,10
ENSG00000133878,0.62465787,1.4864872,10
ENSG00000268061,2.0369716,0.0,10
ENSG00000078668_1,0.02901436,0.0,10
ENSG00000188227_1,0.15456416,0.0,10
ENSG00000186431,0.010617208,0.0,10
ENSG00000205155,1.6382271,0.0,10
ENSG00000136997_3,1.7140807,1.7728349,10
ENSG00000170881,2.582297,2.4022958,10
ENSG00000022567,1.9115002,2.5402806,10
ENSG00000198342,1.7974375,1.7217612,10
ENSG00000170949,1.6982777,2.6463625,10
ENSG00000165046_1,1.7479658,1.4179199,10
ENSG00000105664,0.8379704,1.0064232,10
ENSG00000121410,1.1658484,0.0,10
ENSG00000130513_2,1.187576,3.067874,10
ENSG00000160410_2,0.31311905,0.96796894,10
ENSG00000182566,0.08983378,0.0,10
ENSG00000147654_1,2.2173562,2.4172041,10
ENSG00000261824_1,1.6332772,2.4662447,10
ENSG00000160472,0.22097427,0.0,10
ENSG00000090013,2.4645243,0.0,10
ENSG00000096996,0.11956921,0.0,10
ENSG00000171017,1.1051483,0.0,10
ENSG00000198028,0.25329688,0.0,10
ENSG00000147789,2.2170327,1.9048724,10
ENSG00000147481,0.54769295,0.0,10
ENSG00000188305,0.35178837,0.0,10
ENSG00000183665,1.5315254,0.0,10
ENSG00000011478,2.2883582,2.3127315,10
ENSG00000197892,0.01652285,0.0,10
ENSG00000167459,0.05426502,0.0,10
ENSG00000104774,0.54895175,0.0,10
ENSG00000105289_1,0.40047893,0.6927941,10
ENSG00000185122,2.2893608,2.9253638,10
ENSG00000267796,1.1387875,1.935603,10
ENSG00000198363,0.008732256,0.0,10
ENSG00000133250,2.3283238,2.2628307,10
ENSG00000167461,2.3540955,2.764728,10
ENSG00000285744,0.4933662,0.0,10
ENSG00000177182,0.06877224,0.0,10
ENSG00000147724_1,1.3326399,1.7425052,10
ENSG00000243130,0.08812967,0.0,10
ENSG00000164924_1,2.1376102,1.5264298,10
ENSG00000104892,1.0674841,1.3625956,10
ENSG00000233527_1,1.9867023,2.1364129,10
ENSG00000147443,0.110143065,1.1917863,10
ENSG00000130227_1,0.11507739,0.0,10
ENSG00000105549,0.21693996,1.1934586,10
ENSG00000253196,0.14784342,0.7189996,10
ENSG00000269243,0.12888414,0.0,10
ENSG00000292982,2.3297575,2.6118996,10
ENSG00000105281_1,1.5564108,0.0,10
ENSG00000196724,0.58406657,1.2910135,10
ENSG00000267348,1.3232915,1.2167463,10
ENSG00000198466,1.2657343,0.0,10
ENSG00000167470,2.1404696,2.4173121,10
ENSG00000064932,0.88337755,1.5532761,10
ENSG00000167657,1.7810413,2.2312198,10
ENSG00000249816_2,0.10969308,0.0,10
ENSG00000105402_1,0.16410144,0.0,10
ENSG00000080031,1.2238312,0.0,10
ENSG00000253643,-0.01619983,0.0,10
ENSG00000256087_1,1.7292331,0.0,10
ENSG00000178386,0.25223157,0.78504497,10
ENSG00000253230_3,1.1717672,1.3121562,10
ENSG00000171320,0.21161534,0.0,10
ENSG00000176909,0.39003938,0.0,10
ENSG00000132561_1,0.05360457,0.0,10
ENSG00000183207,1.9205036,3.0156028,10
ENSG00000186115,0.07747151,0.0,10
ENSG00000269054,2.5551372,1.6714228,10
ENSG00000104435,0.02343988,0.0,10
ENSG00000153896,1.2118394,1.449355,10
ENSG00000168487_1,1.8267219,1.5869584,10
ENSG00000133243,1.639861,2.1284316,10
ENSG00000293495_1,2.1357107,2.8866107,10
ENSG00000104812,1.900244,2.248699,10
ENSG00000184672_2,0.72686166,0.0,10
ENSG00000269416,0.30485862,1.0464952,10
ENSG00000289037,1.85949,1.4065742,10
ENSG00000127616,2.4868407,2.9519978,10
ENSG00000065989_1,0.23709238,1.0698012,10
ENSG00000252179,0.0060693584,0.0,10
ENSG00000120896_4,0.27343464,0.0,10
ENSG00000171045,1.8770077,1.8652462,10
ENSG00000161265,0.68442667,0.0,10
ENSG00000104325,1.985646,3.012694,10
ENSG00000099875,2.067111,1.5605642,10
ENSG00000104529_1,2.3974528,3.4276905,10
ENSG00000229833,1.632008,0.0,10
ENSG00000310521,1.3232996,1.4943216,10
ENSG00000153902,0.23988539,1.0984014,10
ENSG00000125656,1.9287732,2.5974758,10
ENSG00000221983_1,2.4149008,3.6400719,10
ENSG00000105738,1.9779019,1.8143675,10
ENSG00000197380,2.0033875,1.7696726,10
ENSG00000105053_1,2.153931,2.5155137,10
ENSG00000105447,1.9921029,2.4951944,10
ENSG00000104827,0.17527682,0.0,10
ENSG00000253619,-0.010218743,0.0,10
ENSG00000104964_1,1.9371322,2.9096951,10
ENSG00000065000,2.3264656,2.6775193,10
ENSG00000104852,2.5652034,0.0,10
ENSG00000063177_1,2.2286777,0.0,10
ENSG00000253230_2,0.43931893,1.4454329,10
ENSG00000197140,0.6146897,0.9097164,10
ENSG00000189377,0.09125444,0.0,10
ENSG00000129451,0.8370239,0.0,10
ENSG00000105143,1.3426323,1.7696358,10
ENSG00000130299_1,1.7718554,1.3483243,10
ENSG00000105198,0.054887693,0.0,10
ENSG00000012124,0.25333664,0.0,10
ENSG00000137571,0.63522077,1.5280292,10
ENSG00000104880_1,1.4312449,1.8508422,10
ENSG00000209702,0.39454025,1.307068,10
ENSG00000249861,0.0028729404,0.0,10
ENSG00000142444,2.0451558,2.0728784,10
ENSG00000147475,2.1331503,2.488346,10
ENSG00000104973,2.0080495,2.8320968,10
ENSG00000254288,0.03108653,0.0,10
ENSG00000133243_1,0.9377943,0.0,10
ENSG00000179526_2,0.8181385,0.0,10
ENSG00000104883_1,0.069111064,0.0,10
ENSG00000165156,2.297133,2.490113,10
ENSG00000176406_1,0.9078398,1.0319172,10
ENSG00000213020,1.713554,0.0,10
ENSG00000158856_2,0.45297667,0.6874398,10
ENSG00000214049,1.1547434,2.5253441,10
ENSG00000186529,0.23482776,0.0,10
ENSG00000255364,-0.0019177531,0.0,10
ENSG00000253339_1,0.036433797,0.0,10
ENSG00000006016,1.5093906,1.8940667,10
ENSG00000292997,-0.0030869131,3.1068127,10
ENSG00000104863,1.8323212,1.8699647,10
ENSG00000083307_1,0.48938853,0.0,10
ENSG00000176909_1,0.37192634,0.0,10
ENSG00000125741_1,0.7380471,1.5764865,10
ENSG00000173875,2.1157165,2.5105531,10
ENSG00000104537,0.029468905,1.0919622,10
ENSG00000076554_2,0.025816333,0.0,10
ENSG00000180921,2.238223,2.2405992,10
ENSG00000279529,2.2033086,0.0,10
ENSG00000198429,0.9176634,1.7141201,10
ENSG00000105127,2.478702,2.4856462,10
ENSG00000245281,2.1587906,1.3839409,10
ENSG00000130479,1.4010783,2.5324192,10
ENSG00000130312,0.51168734,0.0,10
ENSG00000253301,0.8155816,1.6924503,10
ENSG00000204869,0.33425787,0.0,10
ENSG00000130726,2.1936991,3.09572,10
ENSG00000125505,2.0983784,2.2968647,10
ENSG00000130669,1.6619545,2.07829,10
ENSG00000123136,2.2797055,0.0,10
ENSG00000105641,0.437398,1.2699797,10
ENSG00000267133,0.0118063055,0.0,10
ENSG00000147684,1.9088396,3.7908254,10
ENSG00000167613,0.12645806,0.8719814,10
ENSG00000198010,1.5322956,1.3806453,10
ENSG00000124299,1.1710297,2.058741,10
ENSG00000167702_1,1.8086147,1.1865834,10
ENSG00000076554_4,1.4549288,1.5600023,10
ENSG00000129951,1.7885275,2.0597868,10
ENSG00000179698_1,1.5793488,1.8549737,10
ENSG00000161249_1,0.5517874,0.9413126,10
ENSG00000261949,0.13811919,1.0294243,10
ENSG00000161860,1.7783214,1.2510539,10
ENSG00000204514,0.50059783,1.4632658,10
ENSG00000127511,1.022579,2.5292764,10
ENSG00000158856_4,0.75896317,1.2215551,10
ENSG00000130803,1.3155766,2.4937255,10
ENSG00000156802,2.4638982,3.129706,10
ENSG00000167619,1.4258143,0.0,10
ENSG00000157168_3,0.50194186,0.0,10
ENSG00000134014_1,1.6366545,0.0,10
ENSG00000179832,2.2243755,1.7943193,10
ENSG00000156802_1,1.5210752,0.0,10
ENSG00000186806,1.1984568,0.0,10
ENSG00000182759,1.903852,1.5488806,10
ENSG00000104853_2,0.1673815,0.0,10
ENSG00000152454,0.72713274,1.4299299,10
ENSG00000079805,2.333379,2.8804648,10
ENSG00000105676,2.517273,2.5582404,10
ENSG00000291080,1.9453213,1.8409525,10
ENSG00000034677,2.3808265,0.0,10
ENSG00000070756_4,2.2819715,1.7759743,10
ENSG00000186526,0.07215373,0.0,10
ENSG00000168081_2,0.06645419,0.0,10
ENSG00000291086,0.0003953094,0.0,10
ENSG00000269855,0.20353791,0.97927517,10
ENSG00000171466,1.5239072,2.5448442,10
ENSG00000161558,2.1521077,2.0038826,10
ENSG00000248099,0.7232697,1.3704761,10
ENSG00000042753,0.50814056,0.0,10
ENSG00000152439,0.71584797,0.0,10
ENSG00000164953_1,0.069404736,0.0,10
ENSG00000261667,0.31278875,0.7761925,10
ENSG00000176531,1.1621602,0.0,10
ENSG00000164794,0.4902705,0.0,10
ENSG00000104960_2,2.4306536,2.4747756,10
ENSG00000197483,2.0828962,0.0,10
ENSG00000159167,0.3651962,2.3559875,10
ENSG00000105143_2,0.2594702,0.0,10
ENSG00000019549,0.6117409,0.0,10
ENSG00000147697,0.20110716,0.0,10
ENSG00000076924,1.632683,0.0,10
ENSG00000251136_2,2.097062,0.0,10
ENSG00000183808,1.9173005,2.6005917,10
ENSG00000104783,0.82956064,1.7750787,10
ENSG00000130167,0.14496353,0.0,10
ENSG00000136997_1,2.0342526,3.740568,10
ENSG00000249898,0.062776774,0.0,10
ENSG00000253105,0.023813825,0.7532766,10
ENSG00000253868,0.04809394,0.0,10
ENSG00000205138,2.3503108,2.5327034,10
ENSG00000130173,0.15238038,1.0141844,10
ENSG00000104755_1,0.09810348,0.0,10
ENSG00000272333,2.2853138,2.464564,10
ENSG00000095066_1,0.64603645,0.0,10
ENSG00000011451,2.0424256,2.738265,10
ENSG00000253796,0.002812859,0.0,10
ENSG00000039987,0.19532675,0.0,10
ENSG00000266904,1.2688762,1.3519123,10
ENSG00000104866,1.0920789,1.1311694,10
ENSG00000130300,0.83724916,1.2627832,10
ENSG00000167384,2.186515,2.0994735,10
ENSG00000118160,0.7714539,1.1813576,10
ENSG00000134014,0.040187236,0.0,10
ENSG00000104691,2.1440027,2.2071738,10
ENSG00000132002_2,0.49885234,0.0,10
ENSG00000160949,2.2330475,2.2716768,10
ENSG00000099812,0.3588482,0.78067726,10
ENSG00000253661_1,0.15621105,0.0,10
ENSG00000142002_2,2.1035202,2.5295355,10
ENSG00000253944,1.5566498,1.5938175,10
ENSG00000126254,1.8187696,0.0,10
ENSG00000126243_1,1.0759567,1.5279005,10
ENSG00000168078,1.6821289,2.7220783,10
ENSG00000245848,1.7332193,1.4209454,10
ENSG00000181896,1.5479054,1.5547435,10
ENSG00000161914,2.2247007,1.808211,10
ENSG00000251247_2,0.15308754,0.0,10
ENSG00000156172,2.0928953,1.6201569,10
ENSG00000172164_1,-0.0063155927,0.0,10
ENSG00000186529_1,0.11530936,0.0,10
ENSG00000214456,1.0085657,0.0,10
ENSG00000249859_8,1.4932545,2.6985703,10
ENSG00000269793,0.8682096,0.0,10
ENSG00000105374,0.2244887,0.79367864,10
ENSG00000167641_1,1.9562886,2.3222978,10
ENSG00000152467,1.1600881,1.3071322,10
ENSG00000179134,2.298908,2.3060882,10
ENSG00000221826,0.06939696,0.0,10
ENSG00000170892_1,2.2487493,0.0,10
ENSG00000147614,0.0144093,0.0,10
ENSG00000181588,1.7734189,2.1394067,10
ENSG00000171574,1.8522918,1.6516656,10
ENSG00000267858,2.4574685,0.0,10
ENSG00000173480,1.2071056,2.1025195,10
ENSG00000171291,0.72147506,1.3484411,10
ENSG00000240403,0.1390014,0.0,10
ENSG00000080511,0.20465855,0.0,10
ENSG00000006015,2.2975576,2.501771,10
ENSG00000177051,1.6429057,2.0033183,10
ENSG00000104327,0.6577256,2.6161518,10
ENSG00000267277,1.8960867,1.7763379,10
ENSG00000197808,0.33129448,0.0,10
ENSG00000179091,2.3792148,3.1364574,10
ENSG00000167664,0.2037893,0.0,10
ENSG00000131116,2.5359836,2.5443547,10
ENSG00000105357_1,1.1159801,0.0,10
ENSG00000142025,0.49424723,1.0675915,10
ENSG00000164823,0.6144431,1.5786393,10
ENSG00000257446,1.3263109,1.7146231,10
ENSG00000120899_1,0.8217014,0.0,10
ENSG00000090006,1.5544301,0.0,10
ENSG00000186106,1.6058066,2.2575226,10
ENSG00000141965,2.3855884,2.1279953,10
ENSG00000254027,0.348366,1.2524647,10
ENSG00000176731,1.0510838,0.0,10
ENSG00000090339,1.5803572,2.7667658,10
ENSG00000012061_2,1.4308431,0.0,10
ENSG00000147679,2.1415904,2.4202776,10
ENSG00000154359,1.9827293,1.948413,10
ENSG00000121005,0.87709767,1.5743902,10
ENSG00000079102,0.42291254,0.0,10
ENSG00000105499,0.800082,1.2434349,10
ENSG00000169499,1.0624576,0.0,10
ENSG00000120885_2,1.00793,1.0368364,10
ENSG00000131126,0.22901943,0.0,10
ENSG00000123810,2.466269,2.2552943,10
ENSG00000261824_2,2.056046,2.18489,10
ENSG00000273111,0.37112716,0.0,10
ENSG00000269043,0.093744785,1.1933361,10
ENSG00000130876,0.9843149,1.2977387,10
ENSG00000179909,0.36956906,0.0,10
ENSG00000178297,0.24169812,0.0,10
ENSG00000104938,0.07897733,0.0,10
ENSG00000213999_1,1.8882,2.1762216,10
ENSG00000123143_2,0.4961708,1.8893017,10
ENSG00000130309,2.4139335,2.883826,10
ENSG00000216490_1,1.0225244,3.1617212,10
ENSG00000160336,1.4108632,2.429384,10
ENSG00000083814,0.8611432,0.0,10
ENSG00000105373,1.9278682,3.042733,10
ENSG00000104549,2.3876026,3.2714233,10
ENSG00000130304,0.280653,1.0441476,10
ENSG00000104517,2.284125,2.5479407,10
ENSG00000141905,1.9418564,2.2440171,10
ENSG00000293317_1,0.3363708,0.0,10
ENSG00000064687,1.9420371,0.0,10
ENSG00000198346,1.1989648,2.194259,10
ENSG00000121022_1,1.6451858,3.07359,10
ENSG00000105576_2,2.0148525,2.0667357,10
ENSG00000147533,2.1201687,2.8244188,10
ENSG00000132549,2.207766,0.0,10
ENSG00000196172,1.1377395,2.4619575,10
ENSG00000083817,1.1577952,0.0,10
ENSG00000104375,2.3546348,2.1084974,10
ENSG00000253438_2,0.11416681,0.0,10
ENSG00000134830,0.20714457,0.0,10
ENSG00000142039,1.9518278,2.325298,10
ENSG00000221946,0.97850597,1.708404,10
ENSG00000261437,0.6603446,1.2539434,10
ENSG00000014164,2.2708428,2.1176093,10
ENSG00000137574,2.3482819,0.0,10
ENSG00000154328,1.7718265,2.121983,10
ENSG00000249471,1.8715382,2.1074915,10
ENSG00000133742_1,0.27255782,0.0,10
ENSG00000105568,2.4657435,3.0012143,10
ENSG00000127445,1.9263409,2.4954417,10
ENSG00000140396,0.010801669,1.0721028,10
ENSG00000005007_1,0.14552377,1.0854332,10
ENSG00000105723,2.4903183,2.6143486,10
ENSG00000199631,0.3694877,1.7745899,10
ENSG00000089327_2,0.13336068,0.0,10
ENSG00000171051_1,0.11761241,0.0,10
ENSG00000196415,0.221751,0.0,10
ENSG00000147649,2.429724,3.0647461,10
ENSG00000241852,1.1031233,1.5952051,10
ENSG00000229140_2,1.2685938,0.0,10
ENSG00000253250,2.2851448,2.8161705,10
ENSG00000243137,0.086961895,0.0,10
ENSG00000104321,0.9764545,0.0,10
ENSG00000198129,0.020468663,0.0,10
ENSG00000267767,0.89860034,1.2373577,10
ENSG00000105289,0.31489292,0.698118,10
ENSG00000130529,1.6163743,2.25747,10
ENSG00000099330,1.8954647,2.3304646,10
ENSG00000075702_1,0.13369773,0.0,10
ENSG00000099860,1.423672,1.3904865,10
ENSG00000155792,1.0127777,1.7099481,10
ENSG00000155097,1.968455,2.6978629,10
ENSG00000185728,2.3047316,2.716831,10
ENSG00000105321,2.2685,2.563595,10
ENSG00000154188,0.0436494,1.0919482,10
ENSG00000147654,2.3132992,2.4074419,10
ENSG00000125912,2.5408778,2.6858196,10
ENSG00000104365,1.3046489,2.177294,10
ENSG00000155090,2.0964391,0.0,10
ENSG00000267898,1.9321303,1.500977,10
ENSG00000130528,1.1354687,2.4414437,10
ENSG00000245910,2.1778758,3.4465916,10
ENSG00000196214,1.914614,2.02628,10
ENSG00000248098,2.045189,0.0,10
ENSG00000105402,1.0488961,1.8061664,10
ENSG00000257103,2.475397,2.946327,10
ENSG00000180061,0.3130925,0.0,10
ENSG00000268895,1.2722068,0.0,10
ENSG00000159917,1.2212923,1.414706,10
ENSG00000175606,2.1140084,2.6617465,10
ENSG00000079313_1,2.4066978,2.0677364,10
ENSG00000011485,2.1063955,2.5258362,10
ENSG00000104679,0.986686,0.0,10
ENSG00000131773,1.4552531,1.8196887,10
ENSG00000105483_1,0.15454365,1.5728832,10
ENSG00000213015_1,1.8451953,2.665924,10
ENSG00000063244,2.3276825,2.1470916,10
ENSG00000141905_1,1.9959117,2.6666424,10
ENSG00000126457,2.2755241,2.6949341,10
ENSG00000269343,1.9119747,2.5556602,10
ENSG00000180448_1,1.5462148,1.3212876,10
ENSG00000158863,1.945738,2.2941706,10
ENSG00000105281,1.3832256,0.0,10
ENSG00000267107_1,0.04538801,0.0,10
ENSG00000126249,1.9355035,2.3986638,10
ENSG00000242852,1.0325775,0.0,10
ENSG00000105677,2.0721607,2.2953823,10
ENSG00000286138,2.0766542,1.6444188,10
ENSG00000123159,1.9587138,0.0,10
ENSG00000130158,1.2164066,1.6189116,10
ENSG00000285791,0.087864965,0.0,10
ENSG00000142530,1.6034048,0.0,10
ENSG00000086548,0.0076989047,0.0,10
ENSG00000253711,0.0023487175,0.0,10
ENSG00000077782_2,1.6170691,1.5578078,10
ENSG00000147804,1.8363569,3.4156528,10
ENSG00000197497,1.112469,1.9153576,10
ENSG00000022556,0.49182057,0.0,10
ENSG00000104687,2.371849,2.9712536,10
ENSG00000130287,0.4353811,0.0,10
ENSG00000187474,0.09090625,0.0,10
ENSG00000253490,0.0028059597,0.0,10
ENSG00000120784,1.551275,1.7420571,10
ENSG00000012061_1,2.2825387,2.7204206,10
ENSG00000253230_1,0.314566,0.0,10
ENSG00000160948_1,2.1600194,2.6522434,10
ENSG00000198356,1.7400818,0.0,10
ENSG00000167785,2.2932925,0.0,10
ENSG00000214050,0.07278034,0.0,10
ENSG00000105393,1.5540301,2.9569087,10
ENSG00000169393,0.0140623115,0.0,10
ENSG00000253704,1.885037,0.0,10
ENSG00000126457_1,2.4637709,2.420182,10
ENSG00000187187,1.6866444,1.549506,10
ENSG00000104823,2.055179,2.9295063,10
ENSG00000267308,0.15119182,0.0,10
ENSG00000105639,0.46914098,0.0,10
ENSG00000074219_2,0.9457446,1.9890447,10
ENSG00000104814_1,0.23218676,0.0,10
ENSG00000291145,2.336032,1.2627832,10
ENSG00000089847,1.7769527,0.0,10
ENSG00000245164,0.017518934,1.1130404,10
ENSG00000160396,0.3564839,0.99033886,10
ENSG00000147606_1,-0.0030869578,0.0,10
ENSG00000239839,0.0053147934,0.0,10
ENSG00000196214_1,0.064801335,0.0,10
ENSG00000120913,0.88669926,1.4228852,10
ENSG00000275342,1.3446856,1.2569342,10
ENSG00000070756_3,2.0275881,4.3444433,10
ENSG00000181666_1,0.44225037,0.0,10
ENSG00000130725,2.5709596,2.6196046,10
ENSG00000104447,0.05857865,0.0,10
ENSG00000076554_3,0.015308406,0.0,10
ENSG00000131401,0.15225248,0.0,10
ENSG00000196268,1.050127,2.126693,10
ENSG00000267777,-0.011001337,0.0,10
ENSG00000073008,1.0446135,1.7352235,10
ENSG00000188171,0.94735694,2.3335783,10
ENSG00000129292,2.0016327,2.5145478,10
ENSG00000221983,2.471035,3.8707023,10
ENSG00000040341_2,1.4380383,1.701067,10
ENSG00000007047,1.4703786,2.231574,10
ENSG00000269699,0.88714546,1.5288267,10
ENSG00000291130,0.3532714,0.0,10
ENSG00000022556_1,0.37521666,0.0,10
ENSG00000212429,0.054344397,0.0,10
ENSG00000104763_1,0.8058695,1.7036868,10
ENSG00000130881,1.547624,1.7930217,10
ENSG00000221916,2.4321477,1.9107897,10
ENSG00000171056,1.401518,1.318731,10
ENSG00000156162_1,2.2413974,1.9620092,10
ENSG00000105427,0.19296843,0.0,10
ENSG00000156831,1.9257267,0.0,10
ENSG00000164951_1,0.6288743,0.0,10
ENSG00000124444,2.2238011,2.2998993,10
ENSG00000168172,2.3544717,2.295391,10
ENSG00000167775,2.1205983,2.5256264,10
ENSG00000131845,1.2482358,0.0,10
ENSG00000105370,0.18239614,0.0,10
ENSG00000284491,1.8878886,0.0,10
ENSG00000105136,0.64451516,1.4318299,10
ENSG00000126456_1,1.7409589,1.7347039,10
ENSG00000293495,2.4167447,2.8065395,10
ENSG00000060558,0.34243393,0.8499719,10
ENSG00000147676,1.3818964,1.9974606,10
ENSG00000169946,1.5645498,2.8680093,10
ENSG00000178860_1,0.83649397,0.0,10
ENSG00000147535,1.0799191,0.0,10
ENSG00000178538,1.9945397,2.8046227,10
ENSG00000129991_2,0.28596565,2.1784935,10
ENSG00000130303,0.9886128,2.5471961,10
ENSG00000011304,2.3559146,3.4205945,10
ENSG00000176840,0.21800117,0.0,10
ENSG00000105063,0.22148639,0.0,10
ENSG00000130382,0.5386153,0.8997111,10
ENSG00000181781,0.16601498,0.0,10
ENSG00000180938,0.9896207,1.4357806,10
ENSG00000221914_2,0.21557367,0.0,10
ENSG00000133731,1.5719175,2.534431,10
ENSG00000105655,1.7945273,3.314434,10
ENSG00000197841,2.117962,2.05423,10
ENSG00000196263,0.8492943,1.2598566,10
ENSG00000268460,0.10053396,0.0,10
ENSG00000267383,0.50464123,0.0,10
ENSG00000258405,0.35842788,1.1579702,10
ENSG00000155099,1.9018784,0.0,10
ENSG00000147526_2,2.2366753,1.8172148,10
ENSG00000198858,1.7908709,2.961739,10
ENSG00000105258,1.7911822,2.4817364,10
ENSG00000071894,2.382665,2.7287862,10
ENSG00000171954,0.6173357,1.6026025,10
ENSG00000105186,2.2018075,2.4880145,10
ENSG00000204611,1.8210787,0.0,10
ENSG00000128011,1.6913335,2.002006,10
ENSG00000168522_1,2.5101607,2.0892336,10
ENSG00000213967,1.5868005,2.4474308,10
ENSG00000197265,2.4162838,1.7192069,10
ENSG00000183709,0.17344862,0.0,10
ENSG00000105520,1.0184089,2.207136,10
ENSG00000167757,0.64635867,1.4917117,10
ENSG00000128000,0.693076,1.8663523,10
ENSG00000131944,1.8126173,0.0,10
ENSG00000105698,1.9135611,2.471912,10
ENSG00000167700,2.3004403,1.9239897,10
ENSG00000091656_1,0.021576714,0.0,10
ENSG00000164825,0.19483131,0.0,10
ENSG00000290427,0.007832941,0.0,10
ENSG00000011422_1,0.87281084,1.7576996,10
ENSG00000126460,0.20061612,0.0,10
ENSG00000173273_1,0.027516793,0.0,10
ENSG00000105369,0.22835451,0.0,10
ENSG00000141971_1,0.87108827,0.0,10
ENSG00000198597,0.6474182,1.6815035,10
ENSG00000249859_1,0.26009625,0.0,10
ENSG00000253395,1.9208082,1.3374393,10
ENSG00000010310,1.6764764,2.1880674,10
ENSG00000278318,0.5160008,1.1171055,10
ENSG00000198723_1,0.40512195,1.016766,10
ENSG00000222501,0.11164862,4.9015403,10
ENSG00000176619,0.37087077,0.0,10
ENSG00000072062_1,1.9660616,2.8707416,10
ENSG00000141968,0.6870744,0.0,10
ENSG00000147586_2,2.0614219,2.5671077,10
ENSG00000074219_1,0.42985895,0.0,10
ENSG00000197332,1.6409307,1.8752928,10
ENSG00000126456_2,1.9376602,2.6684418,10
ENSG00000147408_1,0.05508631,0.0,10
ENSG00000246145,1.7357042,0.86111605,10
ENSG00000253161_1,0.008198764,0.0,10
ENSG00000070756_1,0.034280207,0.0,10
ENSG00000285675,0.19267248,0.0,10
ENSG00000119559,2.2970219,2.3723412,10
ENSG00000221947,1.8131571,1.930947,10
ENSG00000198551,1.9737244,0.0,10
ENSG00000105605,0.542361,1.6334281,10
ENSG00000250571,2.2274704,2.1471908,10
ENSG00000171970,2.080453,2.088097,10
ENSG00000142002_1,0.23856685,0.0,10
ENSG00000125735,0.2583728,1.1005085,10
ENSG00000099308_1,1.602679,1.4053805,10
ENSG00000268964,0.15043451,0.0,10
ENSG00000141905_3,0.3105676,0.0,10
ENSG00000269720,0.84177274,1.3411574,10
ENSG00000286701,0.3259599,0.0,10
ENSG00000160113,2.222218,2.2881598,10
ENSG00000104866_1,2.4577384,2.1924727,10
ENSG00000007255,1.9511507,1.6815217,10
ENSG00000108107,2.2231426,4.606044,10
ENSG00000104635_1,2.024606,1.2068528,10
ENSG00000214248,2.301309,1.4238518,10
ENSG00000105523,0.41623697,0.8860957,10
ENSG00000104313_1,-0.0049942173,0.0,10
ENSG00000105202,0.10867205,0.0,10
ENSG00000126264,0.09713535,1.6150111,10
ENSG00000155926_2,0.06837404,0.0,10
ENSG00000129911,2.1843646,2.828473,10
ENSG00000077782_1,0.94363785,1.3806344,10
ENSG00000063127,0.26362914,0.0,10
ENSG00000120896_6,1.6707213,1.8771293,10
ENSG00000161249_3,0.14546436,0.0,10
ENSG00000142552,0.98893106,0.0,10
ENSG00000130475_1,1.0045723,2.6191049,10
ENSG00000128626,2.1558933,2.8652093,10
ENSG00000156486,1.5654359,2.1010249,10
ENSG00000213988,0.51151514,1.4269828,10
ENSG00000253926,0.17062438,0.0,10
ENSG00000064547,1.2696471,0.0,10
ENSG00000105610,1.4386919,0.0,10
ENSG00000125648,1.8467956,2.9391181,10
ENSG00000131203,0.0018910135,0.0,10
ENSG00000090006_2,0.28050527,0.0,10
ENSG00000105171,2.0791223,0.0,10
ENSG00000104856,1.5727849,1.4951557,10
ENSG00000124459,1.3231128,1.745395,10
ENSG00000131408_2,1.9732549,2.3755264,10
ENSG00000275074,2.3408344,2.1871257,10
ENSG00000126246_1,0.17579922,0.0,10
ENSG00000160471,0.7753915,1.172457,10
ENSG00000179115,1.9607884,3.1103237,10
ENSG00000090554_1,0.5172845,1.1466551,10
ENSG00000099326_1,2.276833,2.4213243,10
ENSG00000121406,0.6856214,1.2991585,10
ENSG00000158669,2.3397255,2.293106,10
ENSG00000198003,0.8873976,0.0,10
ENSG00000160886,0.51749516,1.0984014,10
ENSG00000178904,2.395866,2.4319746,10
ENSG00000267201,0.62953097,0.9504135,10
ENSG00000132002_1,2.1634598,0.0,10
ENSG00000172733,2.0007176,1.8069867,10
ENSG00000167613_1,0.089772195,0.0,10
ENSG00000283992,0.365897,0.0,10
ENSG00000133872,1.502921,0.0,10
ENSG00000231924,0.07401352,0.0,10
ENSG00000254377_3,0.32863578,1.0489078,10
ENSG00000134028_1,-0.011649329,0.0,10
ENSG00000066855,2.2221665,0.0,10
ENSG00000164823_1,2.2300189,2.6211348,10
ENSG00000167595,2.1525774,2.219739,10
ENSG00000267519,2.1096292,1.8760619,10
ENSG00000160953,2.0250435,2.1751783,10
ENSG00000116017_1,2.2201831,2.6428294,10
ENSG00000164733_2,1.9838365,0.0,10
ENSG00000079462_1,1.8980821,2.60045,10
ENSG00000124302,1.5753528,1.6570559,10
ENSG00000129355,2.48481,1.7715139,10
ENSG00000171817,0.7629597,1.0983667,10
ENSG00000292979,2.449384,2.440295,10
ENSG00000253666,0.13534454,0.0,10
ENSG00000142528,1.8445275,0.0,10
ENSG00000104903_2,2.2423954,1.8304603,10
ENSG00000130724,2.1142867,0.0,10
ENSG00000130818,1.5447695,1.9737927,10
ENSG00000182013,1.5237281,2.2071009,10
ENSG00000182324,0.19429606,0.0,10
ENSG00000039650_3,1.1225092,1.8816642,10
ENSG00000236827,1.435326,2.0463624,10
ENSG00000168077,1.348805,1.5150919,10
ENSG00000164796,0.31325537,0.0,10
ENSG00000213762,1.2295749,1.9558637,10
ENSG00000185803_2,1.5753162,0.0,10
ENSG00000123154,0.9253242,0.0,10
ENSG00000131849,0.54364294,1.076604,10
ENSG00000213638,2.457028,2.780065,10
ENSG00000088038,2.370665,2.7145143,10
ENSG00000253161_5,0.03546652,0.0,10
ENSG00000099821,1.9227675,2.0769207,10
ENSG00000104885,2.3701038,2.8980722,10
ENSG00000188629,0.48156166,0.0,10
ENSG00000167491_1,2.40157,2.556692,10
ENSG00000105672,0.82406145,1.6731223,10
ENSG00000176406_3,-0.0074346997,0.0,10
ENSG00000213793,1.6069394,2.2816947,10
ENSG00000158856_1,0.29596022,0.0,10
ENSG00000105576_1,1.9652792,1.3693829,10
ENSG00000130227,2.200352,2.4631686,10
ENSG00000234616,2.0196261,2.197308,10
ENSG00000267879,0.077911824,0.0,10
ENSG00000268516,2.2710268,2.224911,10
ENSG00000213023,0.62673235,1.1251884,10
ENSG00000177335,0.43992814,0.0,10
ENSG00000172006,1.832041,1.6759341,10
ENSG00000104884,2.0343812,2.2524767,10
ENSG00000147432,0.033258226,0.0,10
ENSG00000228801,2.2764173,1.6432256,10
ENSG00000120896_5,1.131185,1.5183165,10
ENSG00000105419,1.2189894,1.5068837,10
ENSG00000104522_1,2.130805,1.3828272,10
ENSG00000130304_1,2.1174464,1.5918546,10
ENSG00000262874,0.9488527,0.0,10
ENSG00000184489_1,0.6772377,1.392697,10
ENSG00000164924_4,2.246,2.5657887,10
ENSG00000160877_1,2.1733766,2.531862,10
ENSG00000179632,2.5611808,2.6372995,10
ENSG00000083307,0.5160222,0.0,10
ENSG00000104824_1,2.2293615,2.1759987,10
ENSG00000131115_1,1.139682,1.986615,10
ENSG00000205189,0.47050413,1.085469,10
ENSG00000079435,0.07921082,0.0,10
ENSG00000171033_1,-0.011310194,0.0,10
ENSG00000185189,1.9621382,2.1459293,10
ENSG00000090971,1.6772122,0.0,10
ENSG00000267107,0.07266572,0.0,10
ENSG00000105366_1,0.19655564,1.2101686,10
ENSG00000198046,1.0647495,1.4358444,10
ENSG00000136997_2,1.6544251,1.7750567,10
ENSG00000240694,1.1133039,0.0,10
ENSG00000248538_3,0.11589439,0.0,10
ENSG00000070756,0.16824108,0.0,10
ENSG00000123136_1,2.4015052,2.8784213,10
ENSG00000168575_3,2.2395718,2.8396282,10
ENSG00000182310_1,2.1668384,0.0,10
ENSG00000105329_1,2.0207126,3.5728483,10
ENSG00000089327_1,1.9112691,2.8590302,10
ENSG00000196605,2.1430085,1.5778937,10
ENSG00000176782,0.029900517,0.0,10
ENSG00000185236,2.4615984,2.418964,10
ENSG00000256229,0.4537936,1.783925,10
ENSG00000183401_1,1.6209308,0.0,10
ENSG00000172164,1.2895344,1.8440421,10
ENSG00000198258,1.5262849,3.073205,10
ENSG00000254775,0.00048303255,0.0,10
ENSG00000053501_1,1.845994,0.0,10
ENSG00000188868,0.8837222,1.4229672,10
ENSG00000064607,2.5585341,2.51383,10
ENSG00000131037_1,1.9301698,0.0,10
ENSG00000253138_2,0.0919095,0.0,10
ENSG00000248538_2,0.3798618,0.0,10
ENSG00000228862,0.49093243,0.0,10
ENSG00000035681,0.210626,0.0,10
ENSG00000185198,0.33159232,0.9707652,10
ENSG00000091879,0.19513842,0.0,10
ENSG00000142534,2.1738398,3.831333,10
ENSG00000104833,0.84944654,0.0,10
ENSG00000169398,0.1595712,0.0,10
ENSG00000105137,0.86831516,1.0606601,10
ENSG00000131042,0.16197422,0.0,10
ENSG00000196705,1.3681796,2.8894002,10
ENSG00000170956,0.046918985,0.0,10
ENSG00000076826,1.606016,1.9224348,10
ENSG00000167554,0.7779611,1.135069,10
ENSG00000173530,0.84659237,1.1985747,10
ENSG00000307772,0.12943025,0.0,10
ENSG00000104472,2.4430165,2.9524002,10
ENSG00000225975,1.4885973,1.6322143,10
ENSG00000178460,0.43469793,0.0,10
ENSG00000099804_1,0.20959494,0.0,10
ENSG00000197813,0.49775794,1.3004433,10
ENSG00000118162,1.9689189,1.7750932,10
ENSG00000164808,1.9979401,2.2859037,10
ENSG00000105323,1.1180067,0.0,10
ENSG00000180448,1.5314646,1.8390064,10
ENSG00000267265,0.7970338,0.0,10
ENSG00000290859,0.13449661,1.6051973,10
ENSG00000042753_2,1.8677104,2.9486756,10
ENSG00000127452_1,1.5526922,1.6462175,10
ENSG00000063177,0.2103611,1.3436095,10
ENSG00000254377_4,0.38924208,0.9984337,10
ENSG00000267260,1.4590929,0.0,10
ENSG00000164751,1.6040184,0.0,10
ENSG00000267106,1.8731098,1.2509564,10
ENSG00000221869,1.5229847,2.1548772,10
ENSG00000104497,1.9031749,1.6831372,10
ENSG00000167460_3,1.7867365,1.4539907,10
ENSG00000197619,1.1637652,1.5736374,10
ENSG00000105509,0.16611037,0.9679783,10
ENSG00000039650_2,2.0522676,2.251648,10
ENSG00000254119,0.021963548,0.0,10
ENSG00000095066_2,1.9696856,1.6098717,10
ENSG00000068903,2.1920204,2.3326888,10
ENSG00000083807,2.0083907,2.4993901,10
ENSG00000175305,2.024176,0.0,10
ENSG00000226763,0.14308128,0.0,10
ENSG00000104529_2,2.4176393,3.4567091,10
ENSG00000253210,1.8694787,1.1670809,10
ENSG00000130545,0.77575105,0.7717344,10
ENSG00000131115,0.6885306,0.9161907,10
ENSG00000178229,1.7173508,1.856064,10
ENSG00000179632_1,2.096212,0.0,10
ENSG00000170906,1.9798598,3.1943672,10
ENSG00000249859_5,0.31493276,0.0,10
ENSG00000071564,2.5571795,3.0647686,10
ENSG00000176293,0.8090781,1.1848617,10
ENSG00000253893,0.7712967,0.0,10
ENSG00000291317,1.9604528,2.1954098,10
ENSG00000171044_1,0.090325296,1.5118567,10
ENSG00000181027,1.8244804,2.5126576,10
ENSG00000205076,0.27253297,0.0,10
ENSG00000255491_2,0.08346471,0.6095304,10
ENSG00000173273,2.1859999,2.198184,10
ENSG00000282164,0.42781413,0.0,10
ENSG00000147416,1.9567173,2.753988,10
ENSG00000127507,1.182615,2.4080806,10
ENSG00000173281,1.3940586,0.0,10
ENSG00000204653_1,0.41824165,1.127202,10
ENSG00000131355,0.026726183,0.0,10
ENSG00000268595_1,0.25733003,0.7485756,10
ENSG00000167671_1,0.70906526,0.0,10
ENSG00000142546,0.24209037,0.0,10
ENSG00000036448,0.06351423,0.79372054,10
ENSG00000184162,1.6736982,1.951954,10
ENSG00000264515,1.1704443,1.9912394,10
ENSG00000132000,0.6090164,0.0,10
ENSG00000267498,1.8845097,1.1291741,10
ENSG00000105559_1,1.4576429,0.0,10
ENSG00000154188_2,0.10916194,0.0,10
ENSG00000105011,2.4030154,2.7731872,10
ENSG00000180739_1,0.6489744,1.3016766,10
ENSG00000127220,1.7882754,1.7692221,10
ENSG00000177045,2.048898,1.9024924,10
ENSG00000270164_1,0.11087668,0.0,10
ENSG00000104490_1,1.3596268,1.295039,10
ENSG00000105323_2,1.7549564,0.0,10
ENSG00000164944,1.9107434,0.0,10
ENSG00000179873,0.07985324,0.0,10
ENSG00000129422_2,0.0073336773,0.0,10
ENSG00000105656,2.4375749,2.4598355,10
ENSG00000142541,2.3214238,4.3779454,10
ENSG00000167554_1,0.05725136,0.0,10
ENSG00000064490_2,1.473032,0.0,10
ENSG00000169136,2.0933115,3.3582585,10
ENSG00000104427,1.1086416,0.0,10
ENSG00000104967,1.4005117,0.9289077,10
ENSG00000121410_1,0.24803355,0.7894397,10
ENSG00000160321,0.37183997,0.0,10
ENSG00000120896_2,0.39240894,1.1725154,10
ENSG00000213015,1.5201553,0.0,10
ENSG00000196361,1.2459782,1.6163936,10
ENSG00000130202,2.2055364,2.7527213,10
ENSG00000179041,1.749288,2.7145176,10
ENSG00000126246,1.9411652,2.0191662,10
ENSG00000261526,2.3445153,2.0532668,10
ENSG00000172687,0.7156522,2.1483343,10
ENSG00000063176,2.2317243,1.5442418,10
ENSG00000245910_1,1.2130011,0.0,10
ENSG00000142512,0.23006164,0.0,10
ENSG00000130299_2,1.9849457,0.0,10
ENSG00000196967,0.3342816,0.0,10
ENSG00000253893_2,0.84805644,0.0,10
ENSG00000108107_1,1.9742153,2.5324485,10
ENSG00000104671,2.0155616,2.6832461,10
ENSG00000179820_1,0.65096515,1.40752,10
ENSG00000179820,0.14380905,0.0,10
ENSG00000237440,0.41705206,1.2373174,10
ENSG00000141837,1.1158977,1.2069337,10
ENSG00000197714,2.205258,2.044677,10
ENSG00000104903_1,2.286969,2.880299,10
ENSG00000008513_2,1.0327553,1.2167516,10
ENSG00000253696,0.11562508,1.0788192,10
ENSG00000250305,0.57878476,0.0,10
ENSG00000253408,0.6889305,0.0,10
ENSG00000204851,0.87770236,1.368231,10
ENSG00000104320_1,2.4074664,0.0,10
ENSG00000105619_1,2.0370176,2.1560037,10
ENSG00000132026,0.1606566,0.0,10
ENSG00000099783,2.443973,3.6154134,10
ENSG00000147804_1,0.6087963,1.2757028,10
ENSG00000104635,1.9653022,2.1771438,10
ENSG00000125753,1.8925574,3.3495262,10
ENSG00000165071,0.043940466,0.0,10
ENSG00000123146_2,1.5273939,2.6352212,10
ENSG00000152433,1.1655984,0.0,10
ENSG00000167487,1.447587,0.0,10
ENSG00000196357,2.0332103,0.0,10
ENSG00000157168_1,1.2592254,1.6748612,10
ENSG00000153310,2.337823,2.6264205,10
ENSG00000008988,1.7666154,1.4416951,10
ENSG00000165046_2,0.9166335,0.0,10
ENSG00000099795,1.6030349,0.0,10
ENSG00000133275_1,0.76074314,0.89298457,10
ENSG00000088247_1,2.1498647,3.2622898,10
ENSG00000105193,2.2269785,4.089177,10
ENSG00000179388,1.4743283,2.0765712,10
ENSG00000287134,0.035847913,0.0,10
ENSG00000160633,2.6572945,3.306873,10
ENSG00000170954,0.3549207,0.0,10
ENSG00000175305_1,1.9055034,1.7140446,10
ENSG00000213799,1.1738585,0.0,10
ENSG00000251191,0.007852774,0.0,10
ENSG00000167459_1,0.07056221,0.0,10
ENSG00000126247_1,1.3077853,2.082013,10
ENSG00000008853_2,1.5401205,1.6025699,10
ENSG00000178209,1.4878528,1.8451725,10
ENSG00000196350,0.5376885,0.0,10
ENSG00000198363_3,0.16539097,0.0,10
ENSG00000131142,0.14621036,0.9764875,10
ENSG00000290933,0.05472305,0.7979596,10
ENSG00000287001,0.88126993,1.4501567,10
ENSG00000069399,0.767612,0.0,10
ENSG00000161016,2.4406705,2.531964,10
ENSG00000104825,2.1258671,2.3464625,10
ENSG00000170323,-0.00822993,0.0,10
ENSG00000164830_2,0.07217808,0.0,10
ENSG00000175324,2.3767297,2.639068,10
ENSG00000170956_1,0.05071282,0.0,10
ENSG00000038945_1,-0.005115498,0.0,10
ENSG00000021488,0.019161921,0.0,10
ENSG00000105355,1.5526423,0.0,10
ENSG00000275901,0.15868604,0.0,10
ENSG00000177182_1,0.30100837,1.2295283,10
ENSG00000179526,2.3570094,0.0,10
ENSG00000170889_1,2.169004,2.179207,10
ENSG00000142396,2.1389608,3.1033897,10
ENSG00000165078,0.17444472,1.4086639,10
ENSG00000105552_1,1.7373828,2.704655,10
ENSG00000104808,1.1339113,0.0,10
ENSG00000178531,1.7396485,2.5559742,10
ENSG00000130164,1.734167,2.8634543,10
ENSG00000133739,1.764013,2.326815,10
ENSG00000130811,1.5249438,3.3991215,10
ENSG00000120915,1.8249185,2.664119,10
ENSG00000173581_1,1.9810848,2.1204522,10
ENSG00000169139,2.31489,3.2183228,10
ENSG00000104967_1,0.5797068,1.1485101,10
ENSG00000245149,2.4774933,2.0821712,10
ENSG00000147613,0.47863683,0.0,10
ENSG00000187244,0.94269884,1.4416165,10
ENSG00000099875_1,2.2547388,3.1926622,10
ENSG00000172081,0.2799637,1.1447299,10
ENSG00000029534_4,1.5887403,1.2001115,10
ENSG00000156804,1.6339526,1.403395,10
ENSG00000287301,0.023817759,0.0,10
ENSG00000178150_1,0.5598641,1.1706723,10
ENSG00000170892,2.4203992,1.8830763,10
ENSG00000173928,1.8949482,1.4549059,10
ENSG00000105229,2.269096,0.0,10
ENSG00000104936,1.2337116,1.2371917,10
ENSG00000134815,2.066474,2.295224,10
ENSG00000129932,0.27923062,0.0,10
ENSG00000266916,0.23433506,0.0,10
ENSG00000197766,0.4681181,0.0,10
ENSG00000006638,1.7443988,2.7968516,10
ENSG00000089327,1.834918,3.626751,10
ENSG00000104870_1,0.6671993,1.5540286,10
ENSG00000008382,2.2814467,2.042969,10
ENSG00000105202_2,0.23432615,2.0554166,10
ENSG00000105711,1.7211745,1.4377189,10
ENSG00000156006,-0.002901483,0.0,10
ENSG00000099326,2.5620914,1.7614242,10
ENSG00000160318,0.2717137,0.0,10
ENSG00000164756,0.08618359,0.0,10
ENSG00000171044,1.5205848,1.9233528,10
ENSG00000172270,1.638243,1.6702273,10
ENSG00000125734,2.1447945,0.0,10
ENSG00000213096,1.0213643,2.3871548,10
ENSG00000032444_1,0.18238395,0.0,10
ENSG00000104299,1.5737587,0.0,10
ENSG00000137547,1.609576,0.0,10
ENSG00000167637,0.8269185,2.1013725,10
ENSG00000189376,1.9314363,2.0682862,10
ENSG00000130311,1.9588419,2.877316,10
ENSG00000147573,0.10412875,0.0,10
ENSG00000185988,1.5622419,1.6419696,10
ENSG00000232098,2.3908916,1.9915096,10
ENSG00000158856_3,0.4421753,1.5650091,10
ENSG00000132017,1.8491877,2.2005086,10
ENSG00000042980,0.0065460764,0.0,10
ENSG00000104859,2.0024507,2.4248197,10
ENSG00000066855_1,0.032756116,0.0,10
ENSG00000291089,0.5109639,1.0743409,10
ENSG00000172748,2.331982,1.9596461,10
ENSG00000172172_1,1.5308654,3.1070504,10
ENSG00000164736,0.7759789,1.364851,10
ENSG00000164741_2,0.036236238,0.0,10
ENSG00000105143_1,1.369701,1.6902758,10
ENSG00000291049,1.6542624,1.4530277,10
ENSG00000125744,1.5614007,2.3449638,10
ENSG00000131400,0.21434467,0.0,10
ENSG00000104760_1,0.3571068,0.0,10
ENSG00000077782_3,1.4098017,1.8474616,10
ENSG00000136960,-0.0041556247,0.0,10
ENSG00000104964_2,0.34653953,1.4605521,10
ENSG00000267191,0.65836704,1.3671695,10
ENSG00000160570_1,1.9795108,0.0,10
ENSG00000105404,1.4884303,1.7016284,10
ENSG00000275591,1.006743,0.0,10
ENSG00000197863,0.93348074,1.2464739,10
ENSG00000268480,0.06481725,0.0,10
ENSG00000123146,0.18078023,0.0,10
ENSG00000167578,2.1781626,0.0,10
ENSG00000169398_2,-0.0066593178,0.0,10
ENSG00000105705,2.019363,2.1459978,10
ENSG00000147526,0.08603585,0.0,10
ENSG00000136574,0.08057898,0.0,10
ENSG00000105392,0.122637734,0.0,10
ENSG00000167658,0.20661402,2.3004215,10
ENSG00000189114,1.6316723,2.1283636,10
ENSG00000167034,1.2167399,1.3276653,10
ENSG00000179950_1,2.4654806,2.705501,10
ENSG00000123815_1,1.9278187,0.0,10
ENSG00000130208_1,0.639482,2.4209635,10
ENSG00000164924_3,2.4356384,2.3045766,10
ENSG00000168672,0.25232068,0.0,10
ENSG00000182472,0.5356405,0.0,10
ENSG00000189190,1.0764862,2.3056867,10
ENSG00000166398,1.752367,2.2562125,10
ENSG00000168546,0.6624744,1.2449695,10
ENSG00000008438,0.6703981,0.0,10
ENSG00000129422_5,0.04925291,0.0,10
ENSG00000104881_1,1.8924891,1.9771701,10
ENSG00000105321_1,1.7694511,1.490857,10
ENSG00000290606,0.77749074,2.0041158,10
ENSG00000104722,1.0611447,1.3750781,10
ENSG00000169490,2.2563138,2.2567947,10
ENSG00000170791,2.1632667,0.0,10
ENSG00000186818,0.1458305,0.0,10
ENSG00000291177,1.453906,1.8256338,10
ENSG00000104901,0.8299885,1.4012282,10
ENSG00000006712,2.4591756,2.6576772,10
ENSG00000180257,1.6432858,2.0911286,10
ENSG00000120913_3,0.25335923,0.85368603,10
ENSG00000253661,0.031535026,0.7138768,10
ENSG00000147465,1.4411967,2.7412674,10
ENSG00000182472_1,1.0400937,1.2539676,10
ENSG00000197275,1.69223,2.1170127,10
ENSG00000099331,2.3147914,2.4677162,10
ENSG00000130313,2.4864473,2.765825,10
ENSG00000204941,0.04439665,0.0,10
ENSG00000254377,0.1428203,0.0,10
ENSG00000229140_1,0.010357033,0.0,10
ENSG00000293175,1.7230618,1.8998314,10
ENSG00000076928_1,1.8933172,1.567224,10
ENSG00000105717,1.5409021,1.4269015,10
ENSG00000169427_1,1.2867054,1.5621024,10
ENSG00000132554_1,1.1995277,0.0,10
ENSG00000007264_1,0.84386367,0.0,10
ENSG00000184374,-0.024539579,0.0,10
ENSG00000288596,1.4376515,0.0,10
ENSG00000254153,0.008119818,0.0,10
ENSG00000253877,0.003546443,0.0,10
ENSG00000095059,2.3140104,2.6807342,10
ENSG00000104219,1.8319768,1.9982985,10
ENSG00000178287,0.04376283,0.0,10
ENSG00000221818_1,0.4203137,0.0,10
ENSG00000125733_1,0.8074182,1.3325596,10
ENSG00000127533,1.6701597,2.082674,10
ENSG00000186020_1,0.9655875,1.3614067,10
ENSG00000051128_2,0.93048954,1.798975,10
ENSG00000167460_2,2.251542,2.9845092,10
ENSG00000132002,2.5137396,2.510991,10
ENSG00000161618,2.4005442,2.4084945,10
ENSG00000171223,2.062805,3.0780144,10
ENSG00000129990,1.1357796,1.1796092,10
ENSG00000172270_1,2.4294462,3.237149,10
ENSG00000095932,0.30642214,0.0,10
ENSG00000130755,0.29056695,2.138748,10
ENSG00000249859_6,0.14907143,0.0,10
ENSG00000142459,2.1485672,1.7253234,10
ENSG00000157168_4,0.05739772,0.0,10
ENSG00000142252,1.7321782,2.3164506,10
ENSG00000197256,2.05397,0.0,10
ENSG00000254166,0.015255537,0.0,10
ENSG00000169436,0.32964477,0.0,10
ENSG00000178980,1.7825844,0.0,10
ENSG00000125746_2,0.6871628,0.0,10
ENSG00000034677_1,0.25535795,0.7806917,10
ENSG00000147454,2.1805692,3.5195746,10
ENSG00000123143,1.928815,2.4714882,10
ENSG00000087903_2,2.3094993,1.9835767,10
ENSG00000180190,0.95972335,1.0142264,10
ENSG00000182315,0.040704932,0.0,10
ENSG00000251369,0.8767847,1.9637406,10
ENSG00000283959_1,1.0892777,0.0,10
ENSG00000179218,2.4291708,4.049249,10
ENSG00000198633,0.41704383,0.8683505,10
ENSG00000213023_1,0.9728781,2.0342193,10
ENSG00000130193,2.0675664,2.4321191,10
ENSG00000156735,2.129404,2.6105037,10
ENSG00000035681_2,2.1795926,2.1582026,10
ENSG00000127540,2.188338,3.3802311,10
ENSG00000011451_2,1.64381,1.7696136,10
ENSG00000074219,0.14884521,0.0,10
ENSG00000159905,0.45373955,0.0,10
ENSG00000267606,1.5643449,1.2357304,10
ENSG00000254092_1,0.029134642,0.0,10
ENSG00000249859_2,0.16223997,0.0,10
ENSG00000197863_2,0.5772557,0.0,10
ENSG00000187994_1,0.38491115,0.0,10
ENSG00000130733,1.6638649,2.5714817,10
ENSG00000254777_2,0.3793662,0.0,10
ENSG00000083168,2.100688,2.5822566,10
ENSG00000291317_1,2.0243406,2.2935836,10
ENSG00000127527,2.0964952,2.3819685,10
ENSG00000130208,0.44960105,0.0,10
ENSG00000105607,1.4044247,2.301195,10
ENSG00000099785_1,0.96252036,1.0090257,10
ENSG00000255491_1,0.08354181,1.0218918,10
ENSG00000261678,1.578157,1.2151086,10
ENSG00000249898_1,2.2240129,1.989343,10
ENSG00000173273_2,-0.017459754,0.0,10
ENSG00000178896,2.4891496,2.521491,10
ENSG00000168575_1,1.1466515,0.0,10
ENSG00000160948,0.25532,0.0,10
ENSG00000024422,1.33947,2.7522645,10
ENSG00000246430,-0.0046627857,0.0,10
ENSG00000121022_2,0.09670146,0.0,10
ENSG00000182318,2.0837827,2.3183346,10
ENSG00000215262,-0.0050768293,0.0,10
ENSG00000253557_1,0.06514804,0.0,10
ENSG00000175445,0.3586639,2.022721,10
ENSG00000267254,0.6012515,0.99033886,10
ENSG00000154582,2.2112093,2.9793189,10
ENSG00000196235,2.0686781,1.7063252,10
ENSG00000205744,0.4417751,0.0,10
ENSG00000160007,2.456399,2.1907153,10
ENSG00000105376_1,2.1415784,2.2522728,10
ENSG00000076554_1,0.037552353,0.0,10
ENSG00000129991_1,0.8740534,1.9243413,10
ENSG00000197124,0.40232214,0.0,10
ENSG00000235173,2.199813,2.1905081,10
ENSG00000179284,0.19905348,0.0,10
ENSG00000186567,0.080667734,0.0,10
ENSG00000254377_2,0.3226959,0.0,10
ENSG00000121289,1.7293946,0.0,10
ENSG00000133247,2.312158,2.4543188,10
ENSG00000205882,0.035096627,0.0,10
ENSG00000184672_3,-0.012606714,0.0,10
ENSG00000200259,0.31201136,0.0,10
ENSG00000267757,1.383844,1.3614067,10
ENSG00000039650_1,2.1183863,1.8560458,10
ENSG00000077312_1,2.1588626,3.5770826,10
ENSG00000164821,0.01008546,1.0810375,10
ENSG00000104320,0.089047045,0.0,10
ENSG00000167601,0.49288568,0.0,10
ENSG00000183617,2.1126218,2.1329956,10
ENSG00000254377_1,0.29212162,0.0,10
ENSG00000170873_1,1.568474,0.0,10
ENSG00000066777,2.009758,2.1127725,10
ENSG00000183019,0.08707616,0.0,10
ENSG00000180900,1.9471054,2.101613,10
ENSG00000104524,0.35552347,0.99840754,10
ENSG00000142515,0.20165451,0.0,10
ENSG00000062822,2.3452473,2.7572122,10
ENSG00000205396,0.20564795,0.0,10
ENSG00000105550,0.19454886,0.0,10
ENSG00000188283_1,1.8615785,1.7660125,10
ENSG00000069399_1,1.59956,1.8978305,10
ENSG00000253658,0.0046312027,0.0,10
ENSG00000129455,0.40675387,1.1311052,10
ENSG00000130748,1.7343827,2.2666786,10
ENSG00000185697,2.1983278,1.3851414,10
ENSG00000186019,0.8772082,0.0,10
ENSG00000125651,1.9520538,3.0908046,10
ENSG00000167733_1,1.8725595,1.3938383,10
ENSG00000183397,0.4369154,0.8574169,10
ENSG00000161677,1.7987902,0.0,10
ENSG00000156162,2.238268,2.0963538,10
ENSG00000105643_2,1.6207738,1.8386351,10
ENSG00000075702,2.297222,2.2703924,10
ENSG00000266964,0.42369688,1.0441476,10
ENSG00000099817,2.1014113,2.9588118,10
ENSG00000142046,1.2691157,0.0,10
ENSG00000051128_1,0.1885579,0.0,10
ENSG00000155087,0.077030584,0.0,10
ENSG00000267673,1.1434906,0.0,10
ENSG00000008988_1,2.1445336,4.0617504,10
ENSG00000188321,1.5109472,1.9175948,10
ENSG00000197372,1.4470472,0.0,10
ENSG00000286125,0.6647412,0.0,10
ENSG00000253267,0.007684093,0.0,10
ENSG00000185015_1,1.1310048,2.301811,10
ENSG00000076650,1.5556304,2.0973787,10
ENSG00000032444_3,0.43170097,0.8573928,10
ENSG00000099622,1.9380366,1.2464001,10
ENSG00000142544,1.7242162,2.0305188,10
ENSG00000267106_1,1.7405031,0.0,10
ENSG00000118620,1.3983014,2.3315873,10
ENSG00000184661_1,0.11477269,0.0,10
ENSG00000226686,0.444169,0.0,10
ENSG00000196110,1.7251233,0.0,10
ENSG00000254858,2.232091,2.5531545,10
ENSG00000176533,1.294019,1.2627594,10
ENSG00000126262,0.033765133,0.0,10
ENSG00000147408,0.4500182,0.0,10
ENSG00000179271,1.9982624,3.2808263,10
ENSG00000181666,0.5229631,0.0,10
ENSG00000186026,0.43129382,0.9503843,10
ENSG00000160888,1.8114982,2.4157126,10
ENSG00000176490,1.5022831,1.8707023,10
ENSG00000156011_2,0.0025724585,0.0,10
ENSG00000176209_1,2.3035138,2.7598567,10
ENSG00000253161_4,0.050480437,0.0,10
ENSG00000132561_2,0.05685019,0.0,10
ENSG00000198182_1,1.2524394,1.9140521,10
ENSG00000247317,1.6026843,1.5303278,10
ENSG00000253824,0.06661917,0.0,10
ENSG00000072062,0.22625118,0.0,10
ENSG00000134013,0.9391682,1.4137188,10
ENSG00000179526_1,2.3646092,2.0140414,10
ENSG00000254402,1.7848806,0.0,10
ENSG00000176024,1.2450502,0.0,10
ENSG00000257704,2.369394,2.9826782,10
ENSG00000168300,0.07894522,0.7894397,10
ENSG00000154188_1,0.490999,1.4406604,10
ENSG00000147606,0.04022425,0.6762728,10
ENSG00000156675,2.2805128,2.7028103,10
ENSG00000253764,0.5368854,1.2799634,10
ENSG00000064932_1,0.21610579,0.0,10
ENSG00000080573,0.7570282,0.0,10
ENSG00000213904,1.3099959,1.684321,10
ENSG00000105641_1,0.1602008,0.8227041,10
ENSG00000147655,0.5435854,1.4631671,10
ENSG00000268595,0.88569474,0.0,10
ENSG00000104880,0.19041964,0.0,10
ENSG00000164822,0.09477939,0.65319324,10
ENSG00000159882,1.026444,0.0,10
ENSG00000171574_1,2.483304,2.0199673,10
ENSG00000189430,0.83261037,1.3003346,10
ENSG00000245598,1.1608621,0.0,10
ENSG00000267383_1,0.012615886,0.0,10
ENSG00000104415,0.30809283,0.0,10
ENSG00000105576,1.7783762,0.0,10
ENSG00000105618,2.1153984,2.7629926,10
ENSG00000104524_1,2.317587,2.1939702,10
ENSG00000127452,2.1852927,2.5355978,10
ENSG00000119574,2.376969,2.276071,10
ENSG00000249115,1.7550535,2.4287047,10
ENSG00000008513,0.063426346,1.1952353,10
ENSG00000147571,0.3944795,1.2771506,10
ENSG00000269954,0.78147095,1.4159011,10
ENSG00000105135,1.1766622,1.458653,10
ENSG00000198453_1,0.69595313,1.6124129,10
ENSG00000132005,2.225162,2.2363155,10
ENSG00000267751,1.1280653,2.0955808,10
ENSG00000123124,2.1265976,1.4577911,10
ENSG00000141837_3,0.18621586,0.0,10
ENSG00000204653,0.25857228,1.0897921,10
ENSG00000167748,0.2608237,0.0,10
ENSG00000177045_1,1.7889714,1.6378298,10
ENSG00000168081,0.12320235,0.95631254,10
ENSG00000267710,0.11478503,0.0,10
ENSG00000160117,0.7055908,1.9484228,10
ENSG00000031823,2.4854927,2.3675292,10
ENSG00000039650,1.5195142,0.9413126,10
ENSG00000085872_1,2.367806,3.0741067,10
ENSG00000104960_1,2.491899,2.9233165,10
ENSG00000196150,2.2247791,2.2521415,10
ENSG00000087086,2.0702894,4.520925,10
ENSG00000288041,0.0033989812,0.0,10
ENSG00000253394,0.7184466,3.123633,10
ENSG00000185697_1,0.25157967,0.9984337,10
ENSG00000188505,0.8510208,1.6611024,10
ENSG00000254006,0.011532363,0.0,10
ENSG00000105204,1.7313687,1.6456482,10
ENSG00000104231,1.7857285,2.3212152,10
ENSG00000160111,1.5784938,1.3883677,10
ENSG00000142235,0.7421164,0.0,10
ENSG00000085719,1.1591147,2.4754853,10
ENSG00000104450_1,0.43448883,0.0,10
ENSG00000205038_1,0.13921645,0.0,10
ENSG00000060566_1,0.20492375,0.0,10
ENSG00000189001,0.1371601,0.0,10
ENSG00000105479_1,2.4564004,1.5708463,10
ENSG00000269289,0.08627099,0.0,10
ENSG00000007129_1,0.029498603,0.0,10
ENSG00000164879,0.52888596,0.0,10
ENSG00000105223,2.2708535,2.6713932,10
ENSG00000204866,0.001694184,0.0,10
ENSG00000007306,0.0144576095,1.0167409,10
ENSG00000254687,0.104909524,0.0,10
ENSG00000072954,1.3730557,1.4148229,10
ENSG00000137573_3,0.009273391,0.0,10
ENSG00000160439_2,0.20162216,0.0,10
ENSG00000088256,2.160788,2.4395554,10
ENSG00000188425,0.4063429,0.0,10
ENSG00000099822,1.684952,1.8833774,10
ENSG00000130382_1,2.1680803,2.5302253,10
ENSG00000147604,1.477906,0.0,10
ENSG00000126583,0.60507786,0.0,10
ENSG00000254101_1,0.032737758,0.0,10
ENSG00000245080,0.8844262,0.0,10
ENSG00000147481_1,0.34802857,0.0,10
ENSG00000130758,1.9500959,1.5863397,10
ENSG00000179820_3,1.6305175,0.0,10
ENSG00000127663,2.236014,2.6708941,10
ENSG00000172167,1.4278321,0.0,10
ENSG00000161249_2,0.64803946,0.0,10
ENSG00000183668,0.08714783,0.0,10
ENSG00000120896,0.11385068,0.74382323,10
ENSG00000126247,2.0668478,3.1277397,10
ENSG00000105479,0.79979885,0.0,10
ENSG00000290829,1.019852,0.0,10
ENSG00000164796_1,0.17262542,0.0,10
ENSG00000178685,0.18776505,0.0,10
ENSG00000147439,1.7992276,2.3004303,10
ENSG00000130255,2.1229386,3.7983716,10
ENSG00000160973,0.6981015,2.2960484,10
ENSG00000251396,2.1056247,0.0,10
ENSG00000123146_1,1.1988348,2.8216903,10
ENSG00000133872_1,2.409498,2.8512833,10
ENSG00000011332_1,1.2146311,0.0,10
ENSG00000254101_2,1.0471934,0.0,10
ENSG00000268889,1.9554619,2.1826172,10
ENSG00000249859_7,1.2771764,3.2635982,10
ENSG00000132294,2.023316,2.230219,10
ENSG00000284638,0.65526086,1.4309293,10
ENSG00000147588,0.0049395673,0.0,10
ENSG00000133863,0.4886762,2.2708442,10
ENSG00000156170,1.7430059,1.4873195,10
ENSG00000064961,1.6434803,2.731318,10
ENSG00000160460_1,1.2132691,1.2479978,10
ENSG00000269058,1.7330192,0.0,10
ENSG00000076944_1,0.21679269,1.5043893,10
ENSG00000228300_1,2.3830981,1.8474493,10
ENSG00000198093,1.1960281,2.2519057,10
ENSG00000104886,2.446556,2.3716514,10
ENSG00000293178,1.1023898,1.5093235,10
ENSG00000196337,0.41983685,0.0,10
ENSG00000064932_2,0.41712308,1.3374991,10
ENSG00000147642,0.09467834,0.0,10
ENSG00000205883,0.12431651,0.0,10
ENSG00000248538_1,0.11729413,0.0,10
ENSG00000105409,1.2465914,1.4022958,10
ENSG00000147592,2.042457,2.9064755,10
ENSG00000221803,0.4610403,0.8825815,10
ENSG00000167702,1.4005286,1.519245,10
ENSG00000172006_1,1.901737,1.4208268,10
ENSG00000221914_1,1.2501812,0.0,10
ENSG00000260428,1.4905673,1.6696887,10
ENSG00000105248,1.7689587,2.2807195,10
ENSG00000099797_1,0.43788853,0.0,10
ENSG00000105122,0.3634557,0.0,10
ENSG00000198538,1.5284506,0.0,10
ENSG00000105383,0.71037847,0.0,10
ENSG00000124469,0.025822353,0.0,10
ENSG00000254277,-0.008401532,0.0,10
ENSG00000168615,2.488503,0.0,10
ENSG00000125731,1.1695226,1.7212796,10
ENSG00000179698,0.3939322,0.0,10
ENSG00000105676_1,2.0684724,0.0,10
ENSG00000196684,0.25621602,0.0,10
ENSG00000104946_1,1.6331451,1.1370374,10
ENSG00000167565,2.150507,2.2515848,10
ENSG00000120885,0.15675515,0.0,10
ENSG00000167815_1,2.2952905,3.1255398,10
ENSG00000168995,0.17492129,0.0,10
ENSG00000254367,0.11727977,0.0,10
ENSG00000268081,0.29905385,0.95632213,10
ENSG00000197124_1,0.73806477,1.1795633,10
ENSG00000169398_3,2.2196567,2.4901369,10
ENSG00000125746_1,1.2134073,2.332709,10
ENSG00000105372_1,2.2763867,1.2826447,10
ENSG00000164919,1.6501787,3.6022565,10
ENSG00000124444_1,2.1225252,0.0,10
ENSG00000197961,1.7698512,0.0,10
ENSG00000153310_1,2.0647871,2.2880726,10
ENSG00000105072,1.8297036,0.0,10
ENSG00000064666,1.6967444,0.0,10
ENSG00000079999,2.049444,1.9395951,10
ENSG00000228887,0.39835474,2.3373435,10
ENSG00000243772,0.14394519,0.0,10
ENSG00000249709,2.236236,1.8713977,10
ENSG00000161016_1,2.3764558,4.086869,10
ENSG00000171060,0.27706024,0.0,10
ENSG00000105609,0.14259644,0.0,10
ENSG00000187116,0.03802028,0.0,10
ENSG00000197181,0.59692,1.19187,10
ENSG00000248801,0.29058096,0.0,10
ENSG00000167733_2,1.8292559,1.2387735,10
ENSG00000076662_1,0.24263042,0.0,10
ENSG00000104936_1,0.18402328,1.0392792,10
ENSG00000171119,1.6228136,1.6426228,10
ENSG00000105467,2.3322508,0.0,10
ENSG00000170604,2.1849833,2.123623,10
ENSG00000003987,1.0418965,1.0629954,10
ENSG00000271171,0.99810874,1.0268927,10
ENSG00000071655_1,2.1469994,2.5260031,10
ENSG00000104946,2.074864,1.6328721,10
ENSG00000177257,0.0055169724,0.0,10
ENSG00000141985,2.1790564,2.6751447,10
ENSG00000132026_1,0.5499294,1.0919833,10
ENSG00000105507,0.0729316,0.7340153,10
ENSG00000187955,0.05765262,0.0,10
ENSG00000182310,0.10948408,0.0,10
ENSG00000253138,0.08300647,0.0,10
ENSG00000166770,0.66888446,1.2509809,10
ENSG00000147689_1,0.51095814,0.0,10
ENSG00000079102_2,0.59160715,0.0,10
ENSG00000249859,1.4877257,1.9107813,10
ENSG00000104660_1,2.034623,1.0319333,10
ENSG00000167460_1,0.64804286,0.0,10
ENSG00000180190_1,1.0172968,1.551811,10
ENSG00000183638,0.12816863,0.0,10
ENSG00000187912,0.11425631,0.0,10
ENSG00000066827,0.20772496,0.0,10
ENSG00000158806,0.5256312,1.5985826,10
ENSG00000225885,0.003545847,0.0,10
ENSG00000268655,0.5733805,0.0,10
ENSG00000267448,0.23069124,0.73901826,10
ENSG00000039987_1,0.13883619,0.0,10
ENSG00000104824,2.47432,3.6108208,10
ENSG00000167476,0.41966632,0.0,10
ENSG00000283108,0.6335736,0.0,10
ENSG00000176619_1,2.0672646,2.7680607,10
ENSG00000042753_1,0.80929637,1.2626978,10
ENSG00000291128,0.60130113,2.3002954,10
ENSG00000293171,0.84983194,1.3554707,10
ENSG00000131037,0.24644458,0.0,10
ENSG00000160013,0.26975393,0.0,10
ENSG00000120963_1,2.1432517,2.1041796,10
ENSG00000185803_1,2.232918,2.2225604,10
ENSG00000184489,2.3573172,1.9306129,10
ENSG00000253474,0.04452386,0.0,10
ENSG00000167604,0.84241915,0.0,10
ENSG00000198363_2,0.055392798,0.0,10
ENSG00000173535,0.72214013,0.7937066,10
ENSG00000105438_1,1.1393886,2.949183,10
ENSG00000012061,2.0174627,2.2289364,10
ENSG00000156466,1.513243,1.4968494,10
ENSG00000267467,0.232814,0.0,10
ENSG00000105426,0.95645785,0.0,10
ENSG00000267041,1.747151,2.1570516,10
ENSG00000284280,0.15525182,0.0,10
ENSG00000104953,1.8327457,0.0,10
ENSG00000167555,0.48016533,1.4319425,10
ENSG00000076984,2.5922456,2.6723657,10
ENSG00000105281_2,1.5991457,3.440205,10
ENSG00000164941,2.0629158,2.8356698,10
ENSG00000197446,0.114810675,0.0,10
ENSG00000136997,1.448087,2.176641,10
ENSG00000105671,1.883699,0.0,10
ENSG00000196267,0.58198893,0.99029446,10
ENSG00000066827_2,2.3735876,1.8256662,10
ENSG00000132561,1.5217746,1.4722883,10
ENSG00000168490,0.5541527,1.3423042,10
ENSG00000243207,2.1647687,2.2586372,10
ENSG00000198363_1,0.018852916,0.0,10
ENSG00000160410,0.9362335,0.0,10
ENSG00000168333,0.14462341,0.0,10
ENSG00000254251,0.029602315,0.0,10
ENSG00000253773,1.7693425,1.6195108,10
ENSG00000167680,0.1441301,0.0,10
ENSG00000176956,1.4020786,1.2084951,10
ENSG00000105750,0.5692985,1.441648,10
ENSG00000183401,0.38202864,0.0,10
ENSG00000164733,0.21335642,0.0,10
ENSG00000267213,2.3351727,1.7004892,10
ENSG00000142235_1,0.74176204,0.0,10
ENSG00000196757,1.9757938,2.175184,10
ENSG00000070404_1,1.7774293,1.3097153,10
ENSG00000171316,2.09313,2.2196553,10
ENSG00000172817,1.1016477,1.4713944,10
ENSG00000172009,2.1851158,2.5551126,10
ENSG00000077348,1.9873078,0.0,10
ENSG00000182372,1.1550806,0.0,10
ENSG00000104763,2.298688,2.6105547,10
ENSG00000099308,1.4375691,1.7595545,10
ENSG00000179855,1.158477,1.7709992,10
ENSG00000170909,0.13755642,0.0,10
ENSG00000125656_1,0.517348,0.0,10
ENSG00000164953,0.75186193,0.0,10
ENSG00000130726_1,2.5781016,3.082315,10
ENSG00000081665,0.45782962,0.0,10
ENSG00000127526,2.3615646,2.599337,10
ENSG00000268095,0.595363,0.0,10
ENSG00000235531,1.0772585,0.5825406,10
ENSG00000253679,0.33317995,0.0,10
ENSG00000076662,2.0542512,2.1534796,10
ENSG00000168615_1,0.26711652,0.0,10
ENSG00000246662,1.354121,0.0,10
ENSG00000105699_2,2.222137,3.0587676,10
ENSG00000171817_1,1.1626375,0.0,10
ENSG00000160994,0.4214423,1.3031096,10
ENSG00000286798,0.022679668,0.0,10
ENSG00000156467,1.6457174,0.0,10
ENSG00000167600,0.9456041,0.0,10
ENSG00000204936,0.12825343,1.102612,10
ENSG00000079462,2.231925,2.2744582,10
ENSG00000171051,0.06026232,0.0,10
ENSG00000183779,1.6483924,1.7424895,10
ENSG00000105205,0.011106279,0.0,10
ENSG00000184672,0.3764808,0.0,10
ENSG00000132000_1,0.29059646,0.0,10
ENSG00000083807_1,0.6405058,1.127202,10
ENSG00000186583_1,0.19283871,0.0,10
ENSG00000037757,1.9334822,2.5363715,10
ENSG00000104221,1.8160455,0.0,10
ENSG00000105617,2.425705,2.1982694,10
ENSG00000116017,2.0879154,2.7364683,10
ENSG00000284268,1.8070892,3.3535547,10
ENSG00000099337,1.2241389,1.6221311,10
ENSG00000131943,1.6519933,1.8061664,10
ENSG00000181894,1.1891212,1.6253124,10
ENSG00000248599,0.7257575,0.0,10
ENSG00000105643_1,0.58491373,0.0,10
ENSG00000104529,1.5631857,0.0,10
ENSG00000198440,2.1398015,0.0,10
ENSG00000125503,2.3471336,2.382971,10
ENSG00000147437,0.08724734,0.0,10
ENSG00000105287_1,1.0152192,2.7109284,10
ENSG00000179262,2.434255,3.4390879,10
ENSG00000196961,2.1534302,3.131269,10
ENSG00000167749,0.41632387,1.2357304,10
ENSG00000291131,0.61591285,1.3531272,10
ENSG00000104368_1,0.1573579,0.0,10
ENSG00000188283,1.7088481,2.0106814,10
ENSG00000254349,-0.015329871,0.0,10
ENSG00000229676,0.5679898,1.3949068,10
ENSG00000131941,1.7121108,1.8331727,10
ENSG00000216588,0.123122886,0.0,10
ENSG00000161671,1.8858962,2.5120704,10
ENSG00000168300_1,2.1575959,2.4355419,10
ENSG00000188778,0.37711588,1.3624636,10
ENSG00000179922,1.0685246,1.4055171,10
ENSG00000079385,0.050722834,0.0,10
ENSG00000120899,1.8818412,0.0,10
ENSG00000105523_1,0.36070153,1.0343477,10
ENSG00000253593,0.018774744,0.0,10
ENSG00000160392_1,2.211688,2.0950925,10
ENSG00000161609,1.2961429,0.0,10
ENSG00000189042,1.6373501,0.0,10
ENSG00000164830_1,0.021010797,0.0,10
ENSG00000104969,2.2754502,2.87171,10
ENSG00000018869,1.8209834,1.362539,10
ENSG00000169122,1.1882054,1.353108,10
ENSG00000063322,2.3596282,2.4011574,10
ENSG00000213996,1.0658011,1.3828596,10
ENSG00000104859_1,1.5340662,0.0,10
ENSG00000248538,1.0855681,0.0,10
ENSG00000287325,0.2507409,0.0,10
ENSG00000182087,2.4448915,2.884546,10
ENSG00000137563,1.8633235,0.0,10
ENSG00000125657,2.3303246,2.659552,10
ENSG00000129451_2,0.08862683,0.6224627,10
ENSG00000178951,2.2328982,2.188906,10
ENSG00000159885,0.8554113,1.6085474,10
ENSG00000160951,0.6372768,0.0,10
ENSG00000176209,1.6504972,1.9942292,10
ENSG00000156103_1,0.89378804,0.0,10
ENSG00000186017_1,1.6356952,1.9031986,10
ENSG00000105221,0.24498445,0.0,10
ENSG00000168079,0.53221315,0.0,10
ENSG00000170873,0.08316958,0.0,10
ENSG00000164684_1,0.22582684,0.0,10
ENSG00000105376,2.1203008,2.8259451,10
ENSG00000253702,0.054649185,0.0,10
ENSG00000197540,0.5988696,0.0,10
ENSG00000104980,2.3672175,3.1579158,10
ENSG00000215114,1.6373906,0.0,10
ENSG00000105402_2,2.43474,2.7284513,10
ENSG00000176406_2,0.0021985436,0.0,10
ENSG00000204920,0.20341215,0.9194442,10
ENSG00000105700,1.9667178,0.0,10
ENSG00000067167,1.8850397,2.8593676,10
ENSG00000156413,0.18831381,0.0,10
ENSG00000167615,2.6014504,2.9004326,10
ENSG00000197363,2.3573158,1.4732095,10
ENSG00000105063_1,2.5260282,2.5918667,10
ENSG00000147650_1,2.4325066,2.5355473,10
ENSG00000091656,0.19695534,0.0,10
ENSG00000120910,2.412404,2.10631,10
ENSG00000005206,2.2771053,2.4038854,10
ENSG00000167674,2.4230502,2.0507083,10
ENSG00000099864_1,1.7092102,1.5183823,10
ENSG00000079459_2,0.111293,0.7532766,10
ENSG00000104760,0.028263297,0.0,10
ENSG00000053501,1.897848,2.366983,10
ENSG00000267014,0.07829611,0.0,10
ENSG00000007264,1.8173606,1.7839036,10
ENSG00000186230,1.607831,2.2282488,10
ENSG00000175489,0.40330684,0.0,10
ENSG00000168081_1,0.30038655,1.0269008,10
ENSG00000179954,0.48492375,0.0,10
ENSG00000147434_1,0.05055016,0.0,10
ENSG00000104765,2.0797238,3.2895734,10
ENSG00000160959,2.3262475,1.7926087,10
ENSG00000096996_1,0.53316975,0.0,10
ENSG00000176920,0.20874661,0.0,10
ENSG00000104853_1,2.3171673,0.0,10
ENSG00000129990_1,0.8083801,1.0854332,10
ENSG00000105341_1,1.8598831,2.4601352,10
ENSG00000004777,1.8538306,0.0,10
ENSG00000142065,1.2189151,0.0,10
ENSG00000167755_2,0.26843545,1.1426772,10
ENSG00000178904_1,2.0688481,1.8590181,10
ENSG00000248538_4,0.10910186,0.0,10
ENSG00000276043,1.9098607,2.5701108,10
ENSG00000181894_1,1.1582582,1.3337696,10
ENSG00000080031_1,0.47642335,0.0,10
ENSG00000153317,0.0844582,0.0,10
ENSG00000165102,2.330196,1.8424845,10
ENSG00000115266_1,0.5002059,0.0,10
ENSG00000253190,1.8614011,1.1311373,10
ENSG00000130810,2.1393468,1.4454641,10
ENSG00000180739,0.77485335,0.0,10
ENSG00000249816_1,0.3978041,0.0,10
ENSG00000283674,1.279422,0.8536739,10
ENSG00000120913_2,0.17692892,0.8536982,10
ENSG00000125733,1.6696265,2.2015064,10
ENSG00000028277_1,1.4705298,2.1341772,10
ENSG00000246145_1,0.76173484,0.0,10
ENSG00000268536,1.767171,0.0,10
ENSG00000226696,2.121173,1.7869855,10
ENSG00000269439_1,2.5578997,2.820648,10
ENSG00000130208_3,1.0790149,1.2118678,10
ENSG00000104915,1.912768,1.9054883,10
ENSG00000136999,0.54718655,1.3484023,10
ENSG00000038945,-0.0019668227,0.0,10
ENSG00000169169,0.3082095,0.0,10
ENSG00000104826,0.18488222,0.0,10
ENSG00000130513,1.714432,0.0,10
ENSG00000177570,0.6166949,1.2263678,10
ENSG00000153885,2.0661051,1.8958092,10
ENSG00000178982,2.3763616,0.0,10
ENSG00000104413,0.128153,0.0,10
ENSG00000105556,1.9747934,2.2755878,10
ENSG00000130734,2.1624827,2.4372685,10
ENSG00000176853,2.1074693,2.4181387,10
ENSG00000174521,1.4647274,1.8854743,10
ENSG00000185900,2.1324656,2.0427487,10
ENSG00000188293,0.015903067,0.0,10
ENSG00000251136,1.0911037,0.0,10
ENSG00000266983,2.3929014,2.063078,10
ENSG00000268182,0.7245513,1.2867663,10
ENSG00000131142_1,0.207887,0.0,10
ENSG00000205133,1.4765153,0.0,10
ENSG00000240247,0.0043518655,0.0,10
ENSG00000187556,0.18738905,0.81870085,10
ENSG00000198131,2.0229843,2.3507614,10
ENSG00000169427,0.277071,0.0,10
ENSG00000213339,1.1644161,0.0,10
ENSG00000105397_1,0.82621515,0.0,10
ENSG00000125741,2.3459363,2.4030535,10
ENSG00000063241,2.4023304,2.9514444,10
ENSG00000267605,0.47361395,0.0,10
ENSG00000188368,1.8070797,2.266561,10
ENSG00000268027,0.0055448376,0.0,10
ENSG00000104356,1.9839354,0.0,10
ENSG00000133265_1,1.9030075,0.0,10
ENSG00000175895,2.3616452,2.6374598,10
ENSG00000076928,1.6246535,2.3963754,10
ENSG00000124449,0.14520787,0.0,10
ENSG00000177380,1.7339774,1.2613105,10
ENSG00000147434,0.04017332,0.0,10
ENSG00000142405,0.2528353,0.9592323,10
ENSG00000171049,0.076573044,0.0,10
ENSG00000284505,0.14628904,0.0,10
ENSG00000128016,1.9899789,2.8204129,10
ENSG00000105223_2,0.95967305,0.0,10
ENSG00000186599,-0.006894473,0.0,10
ENSG00000237807_1,0.095816255,0.0,10
ENSG00000197050,1.604868,0.0,10
ENSG00000171295,2.1182842,2.422823,10
ENSG00000077782,0.059518095,0.0,10
ENSG00000254008,0.66205287,1.3862135,10
ENSG00000156011,0.0019668008,0.0,10
ENSG00000105722_1,1.7970566,0.0,10
ENSG00000249816,0.4227776,0.0,10
ENSG00000164695,1.4441341,1.8889878,10
ENSG00000246089,1.2644508,1.295039,10
ENSG00000064932_3,1.9365895,2.593667,10
ENSG00000147481_2,0.44430733,0.0,10
ENSG00000105223_1,0.73283815,2.9691153,10
ENSG00000040341_1,2.103502,2.587391,10
ENSG00000147421,1.8659731,2.7333658,10
ENSG00000155189,2.449576,2.7688756,10
ENSG00000265817,0.2650747,1.6708857,10
ENSG00000090659,0.028949257,0.0,10
ENSG00000167632,0.25059843,0.8461391,10
ENSG00000079459,0.10347159,0.98209023,10
ENSG00000268621,0.06611906,1.2372873,10
ENSG00000088053,1.4970376,0.0,10
ENSG00000104756,1.780313,2.2761261,10
ENSG00000268038,0.3104899,0.0,10
ENSG00000105612,1.5676928,2.1700268,10
ENSG00000156482,1.8129041,3.9852922,10
ENSG00000176401,1.7509925,1.8374811,10
ENSG00000032444,0.40497333,0.0,10
ENSG00000117877,1.7354873,0.0,10
ENSG00000261150,1.6421614,1.918261,10
ENSG00000205133_1,1.0134697,1.9920628,10
ENSG00000198169,2.1714592,1.7618753,10
ENSG00000157110_1,0.014466938,0.0,10
ENSG00000199652,-0.015803877,0.0,10
ENSG00000267339,0.26968774,0.0,10
ENSG00000130307,0.13480163,0.0,10
ENSG00000104894,0.38762408,0.0,10
ENSG00000011590,0.3948204,0.0,10
ENSG00000062370,0.35766956,1.2554896,10
ENSG00000104313,-0.0077448823,0.0,10
ENSG00000105722,1.8837348,0.0,10
ENSG00000167670,2.597497,0.0,10
ENSG00000168661,1.380178,1.9399234,10
ENSG00000167468_1,1.1212661,1.7268299,10
ENSG00000258405_1,0.35573435,0.0,10
ENSG00000008853,0.13466698,0.0,10
ENSG00000183850_1,0.59567326,1.6913732,10
ENSG00000196218,0.6324256,0.0,10
ENSG00000254618,0.2048974,0.0,10
ENSG00000266559,1.424079,1.3031312,10
ENSG00000105388,0.0010614658,0.9412828,10
ENSG00000168522,2.4470572,2.8397858,10
ENSG00000105643,2.2727685,2.1244717,10
ENSG00000087088,2.0165744,2.2495358,10
ENSG00000176797,0.014315616,0.0,10
ENSG00000186020,1.968146,0.0,10
ENSG00000254415,0.33657107,1.0629954,10
ENSG00000147488,0.0022053535,0.0,10
ENSG00000154589,0.1149863,0.0,10
ENSG00000071626,2.4232874,2.3816817,10
ENSG00000167653,0.9148978,0.0,10
ENSG00000171124,0.14469986,0.0,10
ENSG00000196357_1,2.3332062,1.9243517,10
ENSG00000105618_1,0.18294565,0.0,10
ENSG00000070404,1.299162,1.5577838,10
ENSG00000127616_1,2.2754292,1.6940873,10
ENSG00000130812,2.091464,0.0,10
ENSG00000171033,1.1207154,0.0,10
ENSG00000253117,0.008244913,0.0,10
ENSG00000228323,1.9356372,1.4623381,10
ENSG00000213889,1.2540338,1.2909868,10
ENSG00000132004,1.7694899,1.9901524,10
ENSG00000147408_2,0.024798702,0.0,10
ENSG00000177202,0.3507709,0.0,10
ENSG00000176623_1,0.9018796,0.0,10
ENSG00000197217,2.2081072,2.2839544,10
ENSG00000286034,0.052879956,0.0,10
ENSG00000036565,0.032314416,0.0,10
ENSG00000239382,1.2848694,0.0,10
ENSG00000155970,1.5930011,1.5780085,10
ENSG00000286010,0.14371291,0.88601667,10
ENSG00000199985,-0.006621454,0.0,10
ENSG00000283103,1.940531,0.0,10
ENSG00000178719,1.4566182,3.3352592,10
ENSG00000105220,2.104847,1.4158744,10
ENSG00000178209_1,1.6778238,1.0536546,10
ENSG00000227392,1.0540062,0.76258856,10
ENSG00000105649,1.9744611,0.0,10
ENSG00000104723,1.7413266,2.9021988,10
ENSG00000126267,1.4731909,3.786069,10
ENSG00000261787,0.96256065,1.5036137,10
ENSG00000166704,1.2741408,1.5286982,10
ENSG00000158941,2.2262661,2.7909575,10
ENSG00000126934,0.50081027,1.0464952,10
ENSG00000028277,0.17676102,0.0,10
ENSG00000168575,0.07400882,0.0,10
ENSG00000171606_1,2.4622111,2.0094128,10
ENSG00000253554,0.08192843,0.0,10
ENSG00000267577,1.2127717,1.7692221,10
ENSG00000147485_1,0.32082254,0.0,10
ENSG00000124466,0.40984488,1.4668676,10
ENSG00000164754,2.1751375,1.5555055,10
ENSG00000077463,1.6550186,2.125312,10
ENSG00000153317_1,1.5429765,1.7317579,10
ENSG00000178719_1,0.32761934,1.7549367,10
ENSG00000104313_2,0.6547271,1.547233,10
ENSG00000242852_1,0.56770194,0.96796894,10
ENSG00000129354_1,0.37565184,0.0,10
ENSG00000105514_1,1.5534334,0.0,10
ENSG00000223573,1.5041134,1.7576693,10
ENSG00000176593,1.1735873,1.0810231,10
ENSG00000142409,2.3364377,2.610511,10
ENSG00000205517,0.43880007,0.56841296,10
ENSG00000130332,2.2848225,0.0,10
ENSG00000046889,1.2888384,1.6302651,10
ENSG00000104853,1.0884808,0.0,10
ENSG00000170848,0.036603313,0.92895883,10
ENSG00000269825,1.9446988,2.3158193,10
ENSG00000253339,0.06045438,0.0,10
ENSG00000072958,1.960243,2.440265,10
ENSG00000147642_2,1.5600424,0.0,10
ENSG00000175073,2.3221965,2.0898697,10
ENSG00000147642_4,1.0665689,1.6752925,10
ENSG00000105516,1.7711172,1.1389592,10
ENSG00000186204,0.030360412,0.0,10
ENSG00000160505_1,0.022101846,0.0,10
ENSG00000184428_1,1.1960386,0.0,10
ENSG00000105131_1,0.6784687,0.88606185,10
ENSG00000104904_1,1.7605655,1.7366753,10
ENSG00000167685,1.9081314,0.0,10
ENSG00000105559_2,0.2278232,1.3472325,10
ENSG00000105568_1,0.45960364,1.1523495,10
ENSG00000178764,0.8074106,0.0,10
ENSG00000245857,0.9016746,1.1634297,10
ENSG00000253729_1,0.110549,0.0,10
ENSG00000221878,0.039636087,0.0,10
ENSG00000132016,2.020678,1.963462,10
ENSG00000242221,0.030858811,0.0,10
ENSG00000063169,1.9210532,2.1495578,10
ENSG00000104412,1.8684772,2.7479157,10
ENSG00000254202,-0.00990935,0.0,10
ENSG00000161091,2.2389708,2.6925738,10
ENSG00000121005_2,0.03984281,0.0,10
ENSG00000011600,0.18511534,0.0,10
ENSG00000070718,2.0667486,2.0747142,10
ENSG00000104870,0.23594275,0.0,10
ENSG00000105339,1.979001,1.892039,10
ENSG00000161652,0.37550935,0.0,10
ENSG00000267508,0.4878401,1.0583197,10
ENSG00000142347,0.11828539,0.0,10
ENSG00000267575_1,2.1038506,2.0415978,10
ENSG00000023287,2.2317784,2.5240078,10
ENSG00000126458,1.8192334,0.0,10
ENSG00000147642_3,1.0300549,1.5318364,10
ENSG00000253598,0.07199773,0.0,10
ENSG00000167232,0.05333626,0.0,10
ENSG00000164684,1.1943574,1.8466463,10
ENSG00000105258_1,2.2247643,2.8598285,10
ENSG00000104774_1,0.94317234,2.1560795,10
ENSG00000104218,1.9689733,2.6228604,10
ENSG00000104888,0.14188616,0.0,10
ENSG00000104490,0.021971669,0.0,10
ENSG00000167815,0.26538643,0.0,10
ENSG00000170619,1.9078646,1.9802171,10
ENSG00000089351,0.17861071,0.0,10
ENSG00000126464,1.567059,2.6522076,10
ENSG00000269392,0.8865183,0.0,10
ENSG00000178150,0.16728416,2.497582,10
ENSG00000130520,2.440988,3.1025126,10
ENSG00000256087,1.7623812,1.6924926,10
ENSG00000253745,0.039739933,0.0,10
ENSG00000078674,2.4218793,3.077597,10
ENSG00000226807,0.1789052,1.150388,10
ENSG00000267454,1.9558911,0.0,10
ENSG00000092964,0.17252748,0.0,10
ENSG00000181392,0.094908744,0.0,10
ENSG00000253729_2,1.7828424,3.387847,10
ENSG00000099622_1,2.535068,3.2405968,10
ENSG00000154319,1.2490084,1.1688509,10
ENSG00000275183,1.8664494,1.5334543,10
ENSG00000245680,0.4857017,0.0,10
ENSG00000253438,0.4207011,1.52961,10
ENSG00000157168_2,1.2516365,1.5002228,10
ENSG00000129295,0.80776906,0.0,10
ENSG00000164930,1.3647203,1.4288634,10
ENSG00000233493,2.051732,2.0922644,10
ENSG00000166398_1,0.13961668,0.0,10
ENSG00000167656,0.32381123,0.0,10
ENSG00000290720,2.0314944,0.0,10
ENSG00000165392,1.8445312,2.8379986,10
ENSG00000116014,2.006937,2.5989568,10
ENSG00000147536,2.1277852,2.1973577,10
ENSG00000225950,0.75034136,0.0,10
ENSG00000268500,0.3447703,0.0,10
ENSG00000147689,0.50388193,0.0,10
ENSG00000164935_1,0.022305917,0.0,10
ENSG00000267779,0.07115464,0.0,10
ENSG00000008441,1.9849937,2.5490892,10
ENSG00000167644,0.46773195,0.0,10
ENSG00000172081_1,2.095847,2.1099293,10
ENSG00000236814,0.061034586,0.0,10
ENSG00000170631,1.4084029,1.6493251,10
ENSG00000095752,0.52747357,1.3784705,10
ENSG00000179832_1,0.6024373,0.0,10
ENSG00000253678,0.18967727,0.0,10
ENSG00000167642,1.3109703,1.5525173,10
ENSG00000125652,2.0934377,2.586801,10
ENSG00000188033,1.9325266,1.8724942,10
ENSG00000035681_1,0.13140264,0.8647721,10
ENSG00000164761,0.7075815,1.4821014,10
ENSG00000253507,-0.004892934,0.0,10
ENSG00000269696,1.05446,0.7717638,10
ENSG00000104375_1,0.69589376,0.0,10
ENSG00000178934,0.1740199,0.0,10
ENSG00000167646_1,1.8469605,1.1706723,10
ENSG00000126461,2.4430635,2.4892101,10
ENSG00000253819,0.08132467,0.0,10
ENSG00000253438_1,0.00936931,0.0,10
ENSG00000289906,0.0031046385,0.0,10
ENSG00000198723,0.0717255,0.0,10
ENSG00000078668,2.3750238,2.9121492,10
ENSG00000156787,1.8053831,0.0,10
ENSG00000160460,1.6805277,1.9918019,10
ENSG00000147669,0.90676093,0.0,10
ENSG00000253374,0.039020386,0.0,10
ENSG00000105619,1.464392,0.0,10
ENSG00000099797_2,0.40143743,1.2069337,10
ENSG00000085788,2.2817101,1.8685269,10
ENSG00000127507_1,0.1288966,1.380591,10
ENSG00000077009,0.2743042,0.0,10
ENSG00000160410_1,0.9755297,1.0765895,10
ENSG00000160460_2,1.4209747,0.0,10
ENSG00000167701,0.546746,0.89632773,10
ENSG00000105287,1.2362893,0.0,10
ENSG00000079112,0.038758393,0.0,10
ENSG00000141905_2,1.6952716,2.632772,10
ENSG00000171804,1.2005688,0.0,10
ENSG00000182307,2.0923657,2.8428774,10
ENSG00000105298,2.2840157,2.453534,10
ENSG00000104960,1.8475167,1.9383847,10
ENSG00000234616_1,0.40093544,0.8345987,10
ENSG00000167608,0.16522919,0.0,10
ENSG00000173137,1.8426722,0.0,10
ENSG00000293376,0.37969992,0.96796894,10
ENSG00000204978,0.12533063,0.0,10
ENSG00000156509,1.1564114,1.0941216,10
ENSG00000142453,2.1587224,2.8454702,10
ENSG00000253877_1,0.0047337376,0.0,10
ENSG00000293438,1.3776624,0.0,10
ENSG00000173809,0.8704854,1.0629954,10
ENSG00000104904,2.2718654,3.9128919,10
ENSG00000277494,0.41564876,0.0,10
ENSG00000130299,2.016193,0.0,10
ENSG00000164733_1,0.28041774,0.0,10
ENSG00000253161_3,0.020019691,0.0,10
ENSG00000105088,0.1584054,0.7388915,10
ENSG00000198551_1,2.1470919,2.1178975,10
ENSG00000105492_1,0.5336864,0.0,10
ENSG00000229140,-0.011526067,0.0,10
ENSG00000157110,1.1841377,1.4660368,10
ENSG00000104419,0.08557284,0.0,10
ENSG00000121413,0.7167192,0.0,10
ENSG00000158856_5,0.6894872,1.2814243,10
ENSG00000105696,1.2744927,1.6492472,10
ENSG00000105270,0.5263775,1.0984014,10
ENSG00000267575,1.5297416,2.1872668,10
ENSG00000159871_2,0.3595732,0.9875769,10
ENSG00000178719_3,0.10913439,1.2784106,10
ENSG00000104518,0.7504641,0.0,10
ENSG00000165046_3,0.18117003,0.0,10
ENSG00000283103_1,2.0974844,2.3663108,10
ENSG00000172232,0.5181253,0.9930657,10
ENSG00000011332,1.200337,1.4795321,10
ENSG00000197937,0.9454907,0.0,10
ENSG00000277531,0.5334112,0.0,10
ENSG00000089847_1,1.2952671,0.0,10
ENSG00000089351_2,2.0079217,1.1130404,10
ENSG00000171777,0.47514325,1.1899953,10
ENSG00000065268,2.2319546,2.4418192,10
ENSG00000261236,2.227246,2.9159925,10
ENSG00000099338,1.5076698,0.8755127,10
ENSG00000142230,1.9680336,2.9014502,10
ENSG00000147481_3,0.3541328,0.0,10
ENSG00000166289,1.9192184,1.528724,10
ENSG00000267673_1,1.1961238,2.4826021,10
ENSG00000121005_1,1.0213937,0.0,10
ENSG00000104886_1,2.502808,2.2488801,10
ENSG00000105327,2.017383,2.5195076,10
ENSG00000130477_1,1.06025,1.1370058,10
ENSG00000141837_1,1.069402,1.295039,10
ENSG00000165392_1,0.042976227,0.0,10
ENSG00000130522,2.534985,3.2739916,10
ENSG00000196466,1.4324434,1.6737027,10
ENSG00000104951,0.13116178,0.0,10
ENSG00000104738,2.263915,3.3314881,10
ENSG00000269091,0.63058716,0.0,10
ENSG00000269858,2.5678818,2.5179503,10
ENSG00000179168,0.5356359,1.0392158,10
ENSG00000012124_1,0.09055874,0.0,10
ENSG00000267680,1.2036109,0.0,10
ENSG00000287296,1.8086582,0.0,10
ENSG00000124440,0.67810196,1.3004868,10
ENSG00000126456,0.9931139,0.0,10
ENSG00000164949,0.4750069,0.0,10
ENSG00000164758,1.3304456,0.0,10
ENSG00000130511_1,1.4328141,1.7308307,10
ENSG00000064313,1.0995085,2.774514,10
ENSG00000169122_1,0.19694415,0.0,10
ENSG00000104522,2.3357673,2.5580988,10
ENSG00000180543,1.2430036,0.0,10
ENSG00000248531,0.08942975,0.0,10
ENSG00000253729,0.12851952,1.177825,10
ENSG00000164924_5,1.6132703,3.011769,10
ENSG00000066827_1,0.18133119,0.7035493,10
ENSG00000156103,0.4726678,1.1370058,10
ENSG00000287952,1.9079764,3.6152735,10
ENSG00000253154,0.14227521,0.0,10
ENSG00000214046,2.1266677,2.8549445,10
ENSG00000104983,1.8012462,0.0,10
ENSG00000214212,0.25132087,0.0,10
ENSG00000254004,1.6016948,2.0437002,10
ENSG00000124467,0.10055782,0.0,10
ENSG00000160505,0.123486966,0.0,10
ENSG00000202360,0.53123134,0.0,10
ENSG00000164683,0.11353466,0.0,10
ENSG00000167772,1.0705678,1.6638893,10
ENSG00000187954,2.1270185,2.3444316,10
ENSG00000164741_3,-0.010576952,0.0,10
ENSG00000267530,0.19023114,0.0,10
ENSG00000156011_1,0.011931162,0.0,10
ENSG00000283959,1.6435077,0.0,10
ENSG00000156011_4,1.3232079,0.0,10
ENSG00000132554,0.23782948,0.0,10
ENSG00000099864_2,0.17209011,0.0,10
ENSG00000164938,1.8404593,1.9860593,10
ENSG00000197782,1.4346501,2.0953193,10
ENSG00000186579,0.008973863,0.0,10
ENSG00000012232_1,2.043262,2.1397846,10
ENSG00000088247,1.5344286,0.0,10
ENSG00000105701,2.1733098,3.03755,10
ENSG00000160392,2.2726247,2.0142937,10
ENSG00000168619,0.25524643,0.0,10
ENSG00000105707,0.3824655,1.261358,10
ENSG00000174951,1.2394298,0.0,10
ENSG00000181135,1.3331003,1.9450647,10
ENSG00000164683_1,2.0897155,2.092931,10
ENSG00000164741,2.051178,2.2950501,10
ENSG00000167646,1.4077716,0.0,10
ENSG00000090372,1.7749356,2.5274236,10
ENSG00000105053,2.0104704,0.0,10
ENSG00000198816,1.6898469,1.7130703,10
ENSG00000176406,0.90644324,1.238949,10
ENSG00000197013,1.545191,2.0770588,10
ENSG00000131848,2.2787976,1.8652343,10
ENSG00000182325,2.2590523,1.9605612,10
ENSG00000182141,1.2027636,2.319978,10
ENSG00000185453,1.9981704,1.2613105,10
ENSG00000198042,2.2611809,3.0918252,10
ENSG00000174652,1.5591774,0.0,10
ENSG00000129422,0.07222153,0.0,10
ENSG00000187266,0.8194171,0.0,10
ENSG00000131142_2,0.19457382,0.0,10
ENSG00000083828,1.2446588,2.1282248,10
ENSG00000171105,1.6386168,1.5855736,10
ENSG00000104885_1,2.4216404,1.732257,10
ENSG00000105559,1.1556892,1.7790262,10
ENSG00000104660,2.126092,2.7080986,10
ENSG00000253557,0.051771667,0.7138264,10
ENSG00000104974,0.071992084,0.0,10
ENSG00000104848,1.5860107,1.8401752,10
ENSG00000201966,0.10253671,1.0218754,10
ENSG00000120925,2.3692493,1.8516252,10
ENSG00000147408_4,0.22450304,1.2990713,10
ENSG00000164933,2.3671012,2.4889016,10
ENSG00000137573,0.056700405,0.0,10
ENSG00000206579,1.0657521,1.905472,10
ENSG00000123908,1.941473,2.2934356,10
ENSG00000130844_1,0.96254754,1.0269008,10
ENSG00000253314,-0.0019982343,0.0,10
ENSG00000104872_1,2.396704,2.3978357,10
ENSG00000104918,0.17272538,0.0,10
ENSG00000099624,2.1511812,3.7279696,10
ENSG00000176907,0.029398035,0.0,10
ENSG00000159871,0.077000976,0.0,10
ENSG00000270164,0.0642235,0.0,10
ENSG00000201231,-0.0038076972,0.0,10
ENSG00000088002,0.5664023,1.0560049,10
ENSG00000221923,0.53077924,1.3161381,10
ENSG00000130402,2.2518346,3.1744697,10
ENSG00000120875,1.5508277,1.9631737,10
ENSG00000090674,1.7124763,2.1175563,10
ENSG00000157110_2,0.13568088,1.2785021,10
ENSG00000174898,2.2099237,1.1211658,10
ENSG00000147570,0.08324683,0.0,10
ENSG00000120896_1,0.91984636,0.0,10
ENSG00000156170_1,2.3071244,1.9723371,10
ENSG00000029534_2,0.065847084,0.0,10
ENSG00000198482,1.7536306,2.2621257,10
ENSG00000174586,2.359766,1.5373152,10
ENSG00000129422_3,0.0013296569,0.0,10
ENSG00000169035_1,0.4545454,0.7761925,10
ENSG00000283567,0.36809132,0.0,10
ENSG00000140396_1,1.5529454,1.5502651,10
ENSG00000198791,1.4422934,0.99576676,10
ENSG00000176623,1.6022897,2.8392045,10
ENSG00000105357,0.1262462,0.0,10
ENSG00000105371,1.6661282,2.42734,10
ENSG00000104872,1.7107584,2.7867854,10
ENSG00000120533,2.005764,3.4220002,10
ENSG00000184635,1.724371,0.0,10
ENSG00000105583,1.2969888,0.0,10
ENSG00000126247_2,1.1372924,1.4299622,10
ENSG00000104998,1.6653435,2.3618412,10
ENSG00000168813,1.6169621,2.322736,10
ENSG00000105497,1.4433333,0.0,10
ENSG00000104312,2.1304245,2.4557886,10
ENSG00000105204_1,1.3950791,0.0,10
ENSG00000167685_1,0.6199981,0.0,10
ENSG00000186583,0.16706425,0.0,10
ENSG00000011243,0.05744597,0.0,10
ENSG00000164830,1.6594346,1.4614685,10
ENSG00000105514,1.2379742,0.0,10
ENSG00000115257,1.6313918,1.687074,10
ENSG00000267855,1.6313634,3.3981364,10
ENSG00000070423,2.3152952,2.5170956,10
ENSG00000207110,0.09786272,0.0,10
ENSG00000130511,2.4492753,2.5427508,10
ENSG00000249859_3,0.18424107,0.0,10
ENSG00000104375_2,0.1328059,0.0,10
ENSG00000205002,0.9082407,1.593895,10
ENSG00000087074,2.2077487,3.1128328,10
ENSG00000269386_1,2.2151167,2.8047662,10
ENSG00000129353,1.6647835,2.116219,10
ENSG00000174788,0.1255958,0.0,10
ENSG00000187994,0.821917,0.0,10
ENSG00000087076,0.5066012,1.0218918,10
ENSG00000167460,0.22044188,0.0,10
ENSG00000064547_1,1.2898009,1.5441921,10
ENSG00000196150_1,2.1918457,1.5992497,10
ENSG00000105483,1.7730559,0.0,10
ENSG00000089351_3,0.90963334,1.5246531,10
ENSG00000131931,2.139648,2.2282207,10
ENSG00000164935,0.039136466,0.0,10
ENSG00000156795,2.2103677,2.128464,10
ENSG00000268001,1.4395806,2.3441663,10
ENSG00000127528,1.6838495,1.7223048,10
ENSG00000004776,0.97755915,1.4838668,10
ENSG00000105675,0.3199268,0.0,10
ENSG00000089639,0.9675207,0.0,10
ENSG00000167634,0.13324913,0.0,10
ENSG00000104941,0.54476565,0.0,10
ENSG00000132024,1.9826199,2.3078275,10
ENSG00000290722,0.04673223,0.0,10
ENSG00000105131,1.3099954,1.8844554,10
ENSG00000233927,1.9698098,4.375638,10
ENSG00000167671,0.5280998,0.0,10
ENSG00000105058,1.5257914,2.924624,10
ENSG00000187902,0.59354746,1.1848447,10
ENSG00000064545,1.5299522,0.0,10
ENSG00000205186,-0.0015815233,0.0,10
ENSG00000221914,1.7957376,2.9257143,10
ENSG00000267339_1,-0.014308456,0.0,10
ENSG00000198482_1,0.44890776,0.0,10
ENSG00000180884,1.3312263,1.903524,10
ENSG00000227500,0.76424384,1.2434845,10
ENSG00000253893_1,0.8677497,0.0,10
ENSG00000099800,2.5777493,3.095661,10
ENSG00000105771,2.3902001,2.875397,10
ENSG00000164743,0.4111277,0.0,10
ENSG00000167468,2.3686328,3.708313,10
ENSG00000158815,0.4526754,1.1777961,10
ENSG00000136574_1,0.5974111,0.0,10
ENSG00000104419_4,1.613336,2.032026,10
ENSG00000141858,2.049346,2.6429095,10
ENSG00000155975,2.2173862,2.626287,10
ENSG00000168495,2.2403333,2.7791562,10
ENSG00000197128,0.47055522,1.554077,10
ENSG00000104903,2.3400264,2.7645802,10
ENSG00000071655,2.2320266,1.7078936,10
ENSG00000165046,0.77324486,0.0,10
ENSG00000197054,0.56344557,1.2785935,10
ENSG00000219665,0.8690827,1.9262395,10
ENSG00000167632_1,0.32897422,0.0,10
ENSG00000155926,0.1785405,0.0,10
ENSG00000104643,2.224657,1.9486839,10
ENSG00000205517_1,0.39919576,1.2524403,10
ENSG00000232677,0.31624758,1.5842408,10
ENSG00000197863_1,0.51864636,1.4614835,10
ENSG00000253168,0.034190144,0.0,10
ENSG00000291231,0.3564355,0.0,10
ENSG00000255974,0.12532769,0.0,10
ENSG00000188039,0.08929597,0.0,10
ENSG00000064490,2.048059,0.0,10
ENSG00000293314,1.6993785,1.6908762,10
ENSG00000173281_1,1.2016158,0.81050134,10
ENSG00000104408_1,1.5496553,1.0116212,10
ENSG00000063180,0.7455556,1.2990713,10
ENSG00000147650,2.342586,2.3745303,10
ENSG00000171649,0.67710614,0.0,10
ENSG00000258724,2.029869,2.2511368,10
ENSG00000105372,2.4877267,3.671899,10
ENSG00000172172,1.4804854,3.080879,10
ENSG00000179950,2.425169,1.2756798,10
ENSG00000184428,1.4175177,2.557139,10
ENSG00000279847,-0.00043477467,0.0,10
ENSG00000170786,0.87082064,1.1900514,10
ENSG00000170889,2.3568013,3.5389934,10
ENSG00000147576,0.80303025,1.3083509,10
ENSG00000171903,0.2791521,0.0,10
ENSG00000105245,2.2948422,2.355237,10
ENSG00000129353_1,0.7669994,0.0,10
ENSG00000254087,1.7734194,2.815159,10
ENSG00000141934,1.4493611,1.6371093,10
ENSG00000185761,1.4634296,0.0,10
ENSG00000167380,1.2502637,1.8809656,10
ENSG00000147548,2.3511689,2.4340577,10
ENSG00000105538,0.30650517,1.0629804,10
ENSG00000136573,0.12916794,0.0,10
ENSG00000126261,2.0275636,3.4697366,10
ENSG00000147813,1.5534086,2.329591,10
ENSG00000104537_1,0.013199177,0.0,10
ENSG00000105492,0.5207726,0.0,10
ENSG00000087903_1,2.2594616,1.913745,10
ENSG00000181085,1.0512897,1.1670455,10
ENSG00000099804,2.2239676,2.7328117,10
ENSG00000130175,1.8608776,0.0,10
ENSG00000253716,1.5213623,2.5475445,10
ENSG00000164871,-0.0016482507,0.0,10
ENSG00000186994,1.0087044,2.9242978,10
ENSG00000175691,2.1986024,2.0766478,10
ENSG00000169495,1.16569,1.5820861,10
ENSG00000188227,0.25743443,0.0,10
ENSG00000089351_1,2.041023,2.350655,10
ENSG00000105519,0.19863759,0.83071697,10
ENSG00000104835,2.3825164,2.509392,10
ENSG00000216490,0.16137955,0.0,10
ENSG00000183154,0.36954284,0.0,10
ENSG00000011451_1,0.3954632,1.188197,10
ENSG00000079313,0.7351211,1.2182571,10
ENSG00000201763,0.048483904,0.0,10
ENSG00000291231_1,0.3729085,1.6278266,10
ENSG00000164924_2,2.621998,3.5209222,10
ENSG00000198521_1,1.1342071,1.6510259,10
ENSG00000129437,0.11343676,0.0,10
ENSG00000174917,1.8141321,1.9051805,10
ENSG00000130377,0.12615237,0.0,10
ENSG00000105220_1,1.8299093,0.0,10
ENSG00000253457,0.07681504,0.0,10
ENSG00000012061_3,1.902065,1.5708463,10
ENSG00000224910,1.095778,1.2357557,10
ENSG00000167378,2.2428646,1.661074,10
ENSG00000178719_2,0.14488657,1.4288796,10
ENSG00000152475,2.3554082,1.8397859,10
ENSG00000171711,0.0112085305,0.0,10
ENSG00000184672_1,0.76105165,1.7031968,10
ENSG00000245281_1,0.77603304,0.0,10
ENSG00000006659,0.0099196695,0.0,10
ENSG00000104714,1.622428,2.6051877,10
ENSG00000130283,1.6629665,2.673279,10
ENSG00000104205_1,1.6444945,1.8069528,10
ENSG00000221983_2,0.30034864,0.0,10
ENSG00000248858,0.26545754,0.0,10
ENSG00000171747,0.24455786,0.0,10
ENSG00000293317,0.684489,0.0,10
ENSG00000167460_4,0.2760912,0.0,10
ENSG00000104237_1,-0.009134684,0.0,10
ENSG00000105697,0.3508189,1.3472481,10
ENSG00000104888_1,0.9264856,0.0,10
ENSG00000130433,0.8173844,1.227938,10
ENSG00000169021,2.1028957,3.1644628,10
ENSG00000137573_2,0.027485099,0.0,10
ENSG00000160882,0.20658626,0.0,10
ENSG00000204882,0.2772812,0.0,10
ENSG00000185800,2.2251837,1.995328,10
ENSG00000104419_2,0.08753553,0.0,10
ENSG00000032444_2,1.4627717,1.7146649,10
ENSG00000125746_4,1.1979918,1.2785021,10
ENSG00000115255,2.0946784,2.90455,10
ENSG00000089356_1,0.12093189,0.0,10
ENSG00000213999,0.5169386,0.0,10
ENSG00000105428,0.42827314,1.0652809,10
ENSG00000188785,1.5853703,1.0441084,10
ENSG00000099785,1.5345755,0.0,10
ENSG00000179886,2.3674946,1.839063,10
ENSG00000186326,1.372282,1.496002,10
ENSG00000126266,0.11011633,0.0,10
ENSG00000178093,0.8596274,1.1331235,10
ENSG00000132541,2.051309,0.0,10
ENSG00000133265,1.6758174,0.0,10
ENSG00000008441_1,0.10231447,0.0,10
ENSG00000158856_6,1.4837626,1.6674529,10
ENSG00000104419_1,0.1197288,0.0,10
ENSG00000212473,0.04221354,0.0,10
ENSG00000156413_1,0.18641065,0.0,10
ENSG00000126233,0.19493774,0.0,10
ENSG00000104320_2,2.1915877,2.8566008,10
ENSG00000174886,2.2537866,3.4022167,10
ENSG00000250799,0.23457769,0.0,10
ENSG00000104331,1.5563291,2.622412,10
ENSG00000288704,2.3743699,1.2373174,10
ENSG00000105708,1.5016078,1.5917989,10
ENSG00000213889_1,0.6194188,1.6946228,10
ENSG00000105486,2.3278284,2.8740687,10
ENSG00000172728,0.02865925,0.0,10
ENSG00000160877,1.3291808,1.7352555,10
ENSG00000147488_1,0.08026989,0.0,10
ENSG00000129347,2.2835126,2.6584132,10
ENSG00000180043,0.17968103,0.0,10
ENSG00000105255,1.0069294,1.3263563,10
ENSG00000204604,1.4297599,1.9717999,10
ENSG00000104388,2.267816,1.975464,10
ENSG00000105443,2.1015456,2.6241965,10
ENSG00000269439,2.3505774,0.0,10
ENSG00000105669,2.2588446,3.1625316,10
ENSG00000277586,0.6996913,1.8057251,10
ENSG00000105323_3,0.18822026,0.8105685,10
ENSG00000181790,1.50881,1.9977226,10
ENSG00000167614,0.9253047,1.5599186,10
ENSG00000165084,0.90414304,1.4926068,10
ENSG00000147526_1,1.2665501,0.0,10
ENSG00000198182,0.56044066,0.0,10
ENSG00000169154,0.09926686,0.0,10
ENSG00000189052,0.23208183,0.0,10
ENSG00000197892_1,2.0008578,2.0680485,10
ENSG00000183309,2.2604551,2.0721064,10
ENSG00000105221_2,2.4141698,2.6042585,10
ENSG00000185053,0.0017784203,0.74374485,10
ENSG00000142273,0.6669913,0.0,10
ENSG00000042832_2,0.01573823,0.0,10
ENSG00000185015,1.1551343,0.0,10
ENSG00000286113,1.7543681,0.8499597,10
ENSG00000187840,2.1689363,2.9966652,10
ENSG00000147457_1,2.1775336,1.8968238,10
ENSG00000105352,0.12314619,0.0,10
ENSG00000164749,-0.014732856,0.0,10
ENSG00000125740,1.2027011,0.0,10
ENSG00000156011_3,0.06581777,0.0,10
ENSG00000076944,1.6355683,2.8275592,10
ENSG00000042832_1,0.030852016,0.0,10
ENSG00000167635,2.1569562,2.987204,10
ENSG00000167751,0.20520514,0.0,10
ENSG00000171425,1.0687841,2.2579305,10
ENSG00000147642_1,0.11207116,0.0,10
ENSG00000169035,0.24296018,0.0,10
ENSG00000105695,0.19014543,0.0,10
ENSG00000011422,1.2621634,0.0,10
ENSG00000180155_1,1.1013213,0.0,10
ENSG00000293484,0.40203866,0.0,10
ENSG00000251136_1,1.3222288,1.1865609,10
ENSG00000126247_3,1.2215867,0.0,10
ENSG00000104408,1.8266712,3.7954845,10
ENSG00000104213,0.4805943,1.2263678,10
ENSG00000147526_3,0.10269174,0.0,10
ENSG00000147689_2,1.7801186,3.189785,10
ENSG00000253161,0.09783512,0.0,10
ENSG00000253853,0.61048794,2.2386959,10
ENSG00000147509,1.7031853,0.0,10
ENSG00000197016,0.8139374,0.0,10
ENSG00000187955_1,0.8145536,0.0,10
ENSG00000120885_1,0.13839433,0.0,10
ENSG00000130159,1.9227836,2.5610359,10
ENSG00000171320_1,1.818008,0.0,10
ENSG00000104361,1.4156765,1.2494918,10
ENSG00000130254,2.6073694,3.0286403,10
ENSG00000161277,2.214935,1.6787187,10
ENSG00000267470,0.5259233,0.0,10
ENSG00000090006_6,1.5906644,2.3935752,10
ENSG00000270164_3,0.022493895,0.0,10
ENSG00000167641,0.2889557,1.1504186,10
ENSG00000105202_1,0.556607,1.2247609,10
ENSG00000090006_4,1.3860815,0.0,10
ENSG00000141867_1,2.1021652,1.8886231,10
ENSG00000104613,2.1801574,2.7086673,10
ENSG00000105767,1.602198,1.9480608,10
ENSG00000156469,2.2230735,0.0,10
ENSG00000160161,0.45915014,1.7682384,10
ENSG00000172728_1,2.0374436,0.0,10
ENSG00000254266,0.019316342,0.0,10
ENSG00000291235,0.060000863,0.6095944,10
ENSG00000160111_1,1.1447618,1.5891451,10
ENSG00000099866,2.2032278,1.4238845,10
ENSG00000105364_1,2.3598166,3.2029457,10
ENSG00000105366,0.114641026,0.0,10
ENSG00000105699_1,2.160037,3.1177087,10
ENSG00000179820_2,1.2467403,0.0,10
ENSG00000231412,0.030237492,0.0,10
ENSG00000090661,1.6687422,1.8224689,10
ENSG00000104957_1,2.1651492,0.0,10
ENSG00000236144,2.137213,2.1241617,10
ENSG00000099330_1,2.136971,2.4761589,10
ENSG00000129351,2.5474598,3.4740472,10
ENSG00000129968,1.7484819,2.1727722,10
ENSG00000164951,1.6606438,1.641375,10
ENSG00000175806,0.9412225,1.7347438,10
ENSG00000063176_1,0.18414116,0.0,10
ENSG00000169490_1,2.480753,2.3972306,10
ENSG00000198363_4,2.3534806,3.0833879,10
ENSG00000164934_1,1.893546,2.9084458,10
ENSG00000167625,2.1264284,2.1874135,10
ENSG00000186567_1,0.1497271,1.0876039,10
ENSG00000253553,1.046227,0.0,10
ENSG00000256294,1.2142779,0.0,10
ENSG00000141854,2.0431604,2.149927,10
ENSG00000167755,0.12192932,0.0,10
ENSG00000279300,0.10311952,0.0,10
ENSG00000085872,2.1911674,1.6957443,10
ENSG00000155897,0.72934675,1.6239725,10
ENSG00000167653_1,0.21739504,0.0,10
ENSG00000177025,0.03844833,0.0,10
ENSG00000251003,0.88607943,0.0,10
ENSG00000064961_1,2.1979628,2.194692,10
ENSG00000105254,2.0656755,2.3951185,10
ENSG00000155096,2.2268796,3.3675628,10
ENSG00000104341,2.0860121,3.2932696,10
ENSG00000104419_3,1.7043861,0.0,10
ENSG00000181786,0.3238763,0.0,10
ENSG00000010361,0.982791,0.0,10
ENSG00000171469,1.7502718,0.0,10
ENSG00000147471,1.8028245,0.0,10
ENSG00000159871_1,0.1285877,0.98484224,10
ENSG00000105176_2,0.043598037,0.0,10
ENSG00000124440_1,0.25679803,0.0,10
ENSG00000187650,2.0635831,0.0,10
ENSG00000184647,0.043535884,0.0,10
ENSG00000224910_1,0.064947724,0.0,10
ENSG00000253230,0.20656413,0.0,10
ENSG00000104964,0.99720806,2.1296577,10
ENSG00000164741_1,0.7455617,1.2433853,10
ENSG00000188508,0.061681982,0.0,10
ENSG00000254092,0.101365894,0.0,10
ENSG00000160439_1,0.3085585,0.0,10
ENSG00000161551,0.7413552,1.3325394,10
ENSG00000253972,-0.028002355,0.0,10
ENSG00000105443_1,2.4573572,2.5006247,10
ENSG00000287467,0.11532292,0.0,10
ENSG00000129451_1,0.3346645,0.0,10
ENSG00000267159,0.20818241,0.0,10
ENSG00000105647,2.4709406,2.2961142,10
ENSG00000099625,1.6864969,2.1548133,10
ENSG00000197933,1.9393055,1.8659977,10
ENSG00000204839_1,0.6057974,1.1560886,10
ENSG00000186010,1.6648324,3.015171,10
ENSG00000198453_2,0.47171232,1.221675,10
ENSG00000256771,1.468859,1.9156952,10
ENSG00000120903,0.046325754,0.0,10
ENSG00000247081,1.3482234,0.0,10
ENSG00000255491,0.28246257,1.9760104,10
ENSG00000126934_1,2.1725068,3.0518508,10
ENSG00000130816_1,2.213246,3.185015,10
ENSG00000196437,1.5897369,2.086431,10
ENSG00000173581,1.9233094,1.9921026,10
ENSG00000164920,1.9700005,1.541941,10
ENSG00000266903,0.19418037,0.0,10
ENSG00000104825_1,2.0776882,2.205104,10
ENSG00000072071,1.3718883,1.749226,10
ENSG00000095066,1.441237,0.0,10
ENSG00000156735_1,0.07036212,0.0,10
ENSG00000186918,1.9177735,1.9958545,10
ENSG00000254777_1,1.083123,1.2199773,10
ENSG00000130244,2.260263,2.1570637,10
ENSG00000179213,0.59135014,0.0,10
ENSG00000198597_1,0.009163644,0.0,10
ENSG00000130749,2.3291655,0.0,10
ENSG00000196417,1.2501009,0.0,10
ENSG00000269858_2,0.64648277,0.7034633,10
ENSG00000003989,1.3271338,1.8440048,10
ENSG00000239998,0.06540936,0.0,10
ENSG00000142347_1,0.105370104,0.0,10
ENSG00000105640,2.4326096,4.2224717,10
ENSG00000158856,1.0775064,0.0,10
ENSG00000267169,2.324274,0.0,10
ENSG00000267296,1.6158974,1.6438769,10
ENSG00000167491,2.542685,2.8055143,10
ENSG00000204673,1.7610933,2.4625506,10
ENSG00000090924,1.0225056,1.1251884,10
ENSG00000164764,1.2406195,0.0,10
ENSG00000104324,1.9629941,1.7410492,10
ENSG00000104313_3,1.1337018,1.292389,10
ENSG00000007080,2.3209271,2.8047647,10
ENSG00000130517,1.910852,0.0,10
ENSG00000099840,1.8865001,1.4338977,10
ENSG00000253363,0.09796429,1.0167828,10
ENSG00000198077,0.110295534,0.0,10
ENSG00000263002,0.49688557,1.3969208,10
ENSG00000104972,0.065868735,1.085469,10
ENSG00000198453,0.510063,0.0,10
ENSG00000183850,0.8241253,1.6725135,10
ENSG00000007129,0.053921547,0.0,10
ENSG00000120913_1,1.5451527,1.5722907,10
ENSG00000182372_1,2.072039,1.8328179,10
ENSG00000238650,0.74155843,0.0,10
ENSG00000105552,1.7682489,0.0,10
ENSG00000152443,0.97345084,2.1526062,10
ENSG00000137575,1.9117537,2.6875308,10
ENSG00000187664,0.5394928,1.1917583,10
ENSG00000015592,0.21985728,1.1883322,10
ENSG00000079102_3,1.3612107,1.8951296,10
ENSG00000239039,1.6328844,0.0,10
ENSG00000005007,2.263645,2.77741,10
ENSG00000083838,2.1572936,1.2882046,10
ENSG00000181240,0.23683351,0.0,10
ENSG00000167491_2,0.13002835,0.0,10
ENSG00000181007,1.2837334,1.6371193,10
ENSG00000213096_1,1.2224661,2.5147629,10
ENSG00000196378,2.1164792,1.841372,10
ENSG00000229140_4,0.14850968,0.0,10
ENSG00000129932_1,2.1181006,0.0,10
ENSG00000105483_2,1.3649306,0.0,10
ENSG00000121022,1.6692159,3.0300326,10
ENSG00000167232_1,0.57927483,0.0,10
ENSG00000182986,0.17568031,0.0,10
ENSG00000126453,2.045364,2.9456851,10
ENSG00000147457,0.08086257,0.0,10
ENSG00000070756_2,0.026690807,0.0,10
ENSG00000196109,0.24866894,1.3161381,10
ENSG00000290988,0.652966,1.3554707,10
ENSG00000185730,2.1759248,1.8965153,10
ENSG00000185803,0.8860954,0.0,10
ENSG00000250305_1,1.3211524,1.2827218,10
ENSG00000205784,0.15202275,0.0,10
ENSG00000156471,2.3538885,3.0417163,10
ENSG00000187550,0.2285395,0.7340794,10
ENSG00000196646,1.1407526,1.9723741,10
ENSG00000164687,1.264555,2.6899045,10
ENSG00000169169_1,0.7753832,1.3312653,10
ENSG00000197265_1,2.2969434,2.7891011,10
ENSG00000105246,0.20008895,0.0,10
ENSG00000125746,0.978351,0.0,10
ENSG00000083844,0.794687,1.4641466,10
ENSG00000164924,1.671935,0.0,10
ENSG00000218891,0.84391004,0.0,10
ENSG00000171428,0.677045,1.6065964,10
ENSG00000167470_1,2.1762977,2.8094115,10
ENSG00000253880,0.021331426,0.0,10
ENSG00000104626,2.2370355,2.7064815,10
ENSG00000105202_3,1.9138219,0.0,10
ENSG00000130475_2,0.15385245,0.0,10
ENSG00000099341,2.4435682,3.5835614,10
ENSG00000186838,0.4549509,1.1271696,10
ENSG00000180155,1.0106912,1.0488766,10
ENSG00000184661,2.221813,2.648354,10
ENSG00000129455_1,0.1670369,0.0,10
ENSG00000134028,-0.0053644516,0.0,10
ENSG00000174917_1,2.1283417,2.7904913,10
ENSG00000167759_1,1.0752795,1.2310871,10
ENSG00000180479,1.3392413,1.422918,10
ENSG00000181690,1.8266475,1.7342156,10
ENSG00000125743,1.5591648,0.0,10
ENSG00000187735,2.3694851,2.904039,10
ENSG00000179913,0.571041,1.4741142,10
ENSG00000090006_7,1.8231915,2.147528,10
ENSG00000268318,0.3830685,0.0,10
ENSG00000246263,2.226654,2.090526,10
ENSG00000105048_1,0.13094264,0.0,10
ENSG00000130669_1,0.36680135,0.6706354,10
ENSG00000130812_1,0.13389227,0.0,10
ENSG00000157110_3,0.26055226,1.0489155,10
ENSG00000164983,2.0671108,2.1110272,10
ENSG00000083838_1,2.1254272,1.1150777,10
ENSG00000167562,1.6555606,0.0,10
ENSG00000204839,0.8636219,1.6352425,10
ENSG00000285982,0.3745,0.0,10
ENSG00000167755_1,0.104762405,0.0,10
ENSG00000188032,1.1210883,1.0810591,10
ENSG00000223802,0.2798638,0.0,10
ENSG00000229140_3,1.2418017,3.232902,10
ENSG00000168575_2,2.2685611,1.9651546,10
ENSG00000104957,1.4548564,0.0,10
ENSG00000104755,-0.010556493,0.0,10
ENSG00000177599,0.7276595,1.0898274,10
ENSG00000244165,0.21300349,0.0,10
ENSG00000105197,2.0536141,0.0,10
ENSG00000171773,0.29119414,1.0193241,10
ENSG00000123144,2.2801304,3.0363095,10
ENSG00000082556,0.721675,1.4377981,10
ENSG00000115286,2.3320198,3.0419962,10
ENSG00000121297,1.2273088,1.7385428,10
ENSG00000291101,0.81055737,1.3251461,10
ENSG00000185869,0.4848929,0.0,10
ENSG00000278611,1.6564289,0.0,10
ENSG00000253227,0.11207412,0.0,10
ENSG00000253642,0.031786766,0.0,10
ENSG00000130813,1.2999098,2.0415623,10
ENSG00000105642,0.7901279,1.0583501,10
ENSG00000136986_2,2.0848622,2.646492,10
ENSG00000167759,1.0544901,1.4033779,10
ENSG00000253408_1,1.4983295,0.0,10
ENSG00000104205,1.4616998,1.4425582,10
ENSG00000197647,1.1152749,0.0,10
ENSG00000155926_1,0.09342989,0.0,10
ENSG00000267858_1,2.1140645,2.0939817,10
ENSG00000189144_1,0.58927447,0.0,10
ENSG00000120526,2.0655613,2.7589383,10
ENSG00000267534,1.8533397,1.8002977,10
ENSG00000129991,1.0735742,0.0,10
ENSG00000127903,0.6209927,1.0919482,10
ENSG00000197019,2.192297,1.9896367,10
ENSG00000134020,0.15290241,0.0,10
ENSG00000176472,1.512207,1.8841153,10
ENSG00000179943,2.082726,1.9602376,10
ENSG00000077312,2.2216678,3.673161,10
ENSG00000233270,0.13014604,0.0,10
ENSG00000105219_1,1.1265683,1.9205095,10
ENSG00000160957,2.2690628,0.0,10
ENSG00000161298,0.89386225,1.507775,10
ENSG00000011132,1.8453163,1.9593754,10
ENSG00000029534,0.33854863,0.0,10
ENSG00000008441_2,0.42663983,0.0,10
ENSG00000167910,0.0592768,0.0,10
ENSG00000090006_5,1.1117048,2.32176,10
ENSG00000127666,1.3656309,2.347078,10
ENSG00000141971_2,2.2683134,2.2080784,10
ENSG00000147596,0.5572261,1.0010843,10
ENSG00000008513_1,0.06326139,0.0,10
ENSG00000253361,0.16029471,0.0,10
ENSG00000105323_1,2.544157,3.0565696,10
ENSG00000161281,0.29279467,0.0,10
ENSG00000120889,1.8099928,2.0491056,10
ENSG00000134013_1,0.056332435,0.0,10
ENSG00000105341,1.4473624,0.0,10
ENSG00000105699,1.8450227,2.1465404,10
ENSG00000155100,2.169445,2.618964,10
ENSG00000167766,1.7911808,0.0,10
ENSG00000064687_1,1.3281498,0.0,10
ENSG00000167733,2.2300625,1.3374393,10
ENSG00000181638,1.7767706,1.8674321,10
ENSG00000164808_1,0.011385109,0.0,10
ENSG00000188051,1.3349185,1.9543535,10
ENSG00000176396,2.0075276,2.1276522,10
ENSG00000269386,1.7935573,0.0,10
ENSG00000147586_1,1.9922874,1.5979254,10
ENSG00000076554,0.042114925,0.0,10
ENSG00000008441_3,1.0461981,1.1830989,10
ENSG00000089356,0.14676526,0.0,10
ENSG00000182986_1,2.046591,2.3412485,10
ENSG00000203499,1.5112705,0.0,10
ENSG00000267058,0.65309423,0.0,10
ENSG00000141933,2.358758,2.3038352,10
ENSG00000123815,0.81841683,0.0,10
ENSG00000142002,0.25359723,0.0,10
ENSG00000270164_2,0.023057189,0.0,10
ENSG00000164893,-0.018677283,0.0,10
