,Pred,actual,fold_idx
ENSG00000293175,1.9227235,1.3595129,10
ENSG00000125753,2.4381964,3.3671694,10
ENSG00000266976,0.17202426,2.105609,10
ENSG00000063245,2.5305476,2.4399638,10
ENSG00000196605,2.356946,1.3814075,10
ENSG00000167562,1.7470047,2.2730012,10
ENSG00000007047,1.636518,2.1459544,10
ENSG00000254101_1,0.27515614,0.0,10
ENSG00000179213,0.5388629,0.0,10
ENSG00000167637,0.7687243,1.4533795,10
ENSG00000168619,0.32707685,0.0,10
ENSG00000005007_1,0.46470764,0.0,10
ENSG00000178934,0.27371484,0.6963739,10
ENSG00000089639,2.5503104,2.5583017,10
ENSG00000121005_2,0.19001368,0.6414939,10
ENSG00000070404_1,1.5258108,0.98214453,10
ENSG00000160886_1,0.88455796,1.0813041,10
ENSG00000249859_5,0.5548492,0.895312,10
ENSG00000105202,0.22691494,0.0,10
ENSG00000272333,2.6021273,2.4558098,10
ENSG00000105220_1,2.1267166,3.80297,10
ENSG00000147419,2.1209774,2.8900642,10
ENSG00000046889,1.2278671,1.6733527,10
ENSG00000088002,0.3594546,0.0,10
ENSG00000104979,1.8772261,3.0388982,10
ENSG00000104872,2.136039,2.605585,10
ENSG00000104689,1.0757209,2.5089874,10
ENSG00000186017,2.3909438,1.8278924,10
ENSG00000104408,2.50037,3.9508805,10
ENSG00000089351_1,2.3550534,2.5461328,10
ENSG00000171051_1,0.17884156,0.0,10
ENSG00000201231,0.20217806,0.0,10
ENSG00000161249_3,0.18252462,1.0929661,10
ENSG00000125743,2.0055797,2.9055262,10
ENSG00000171124,0.28250757,0.0,10
ENSG00000104365,2.657391,2.6064975,10
ENSG00000187735,2.4921896,2.9881482,10
ENSG00000155100,2.4197278,2.5568137,10
ENSG00000180089,0.24550131,0.0,10
ENSG00000164758,1.9607998,1.5943892,10
ENSG00000186818,0.8819671,0.0,10
ENSG00000221914_1,1.2510661,1.0812752,10
ENSG00000076944_1,0.49212015,1.316308,10
ENSG00000164808_1,0.3711265,0.0,10
ENSG00000269043,0.21807411,0.0,10
ENSG00000035681,0.91831845,0.0,10
ENSG00000067167,2.4074435,3.04254,10
ENSG00000269439,2.6291656,0.0,10
ENSG00000167476,0.42485693,0.0,10
ENSG00000129422_3,0.2632406,0.0,10
ENSG00000126247_3,1.5414104,0.0,10
ENSG00000105472,0.36719006,0.6315655,10
ENSG00000284491,1.8698828,1.5282815,10
ENSG00000079313,0.44721082,0.0,10
ENSG00000123146_1,1.4965212,3.2208922,10
ENSG00000166289,2.2084062,2.125224,10
ENSG00000213015_1,2.3034582,2.6432197,10
ENSG00000051128,0.29349563,0.76275355,10
ENSG00000176533,1.7790895,1.685585,10
ENSG00000246145_1,1.4230173,0.0,10
ENSG00000179041,2.037826,3.1064358,10
ENSG00000099308_1,1.8335257,1.5395151,10
ENSG00000142347,0.22046307,0.0,10
ENSG00000118160,0.90418327,0.9880236,10
ENSG00000198858,2.0535653,2.7189374,10
ENSG00000130167,0.24944949,0.5785934,10
ENSG00000161298,2.062721,1.5394776,10
ENSG00000204882,0.41296777,0.7700637,10
ENSG00000104324,0.96635073,1.2040548,10
ENSG00000105523,0.36382136,0.98065776,10
ENSG00000136999,0.6373118,1.8870093,10
ENSG00000147676,1.6105288,1.9246927,10
ENSG00000104447,0.19059062,0.62155324,10
ENSG00000125744_1,1.5970359,1.8266383,10
ENSG00000170873_1,1.5979598,0.0,10
ENSG00000205076,0.34193522,0.0,10
ENSG00000267710,0.18006933,0.0,10
ENSG00000160961,2.4353464,2.2560222,10
ENSG00000115286,2.302764,2.9815001,10
ENSG00000160959_1,2.5797696,1.7153347,10
ENSG00000205396,0.2889195,0.0,10
ENSG00000104903,1.424762,0.0,10
ENSG00000130749,2.6919403,2.7276852,10
ENSG00000133247,2.6092181,2.2223263,10
ENSG00000245164,0.23168254,0.0,10
ENSG00000188505,1.2689753,1.6919651,10
ENSG00000159167,0.75727046,2.3371816,10
ENSG00000120885,0.1857701,0.0,10
ENSG00000011451,2.426684,2.619886,10
ENSG00000179526_2,0.92999077,0.0,10
ENSG00000071655_1,2.519328,2.5167997,10
ENSG00000248538_1,0.2605281,0.61803764,10
ENSG00000253161_2,0.1933589,0.0,10
ENSG00000176731,1.8970914,3.3339427,10
ENSG00000221826,0.18956202,0.5392016,10
ENSG00000125734,2.6433766,1.666031,10
ENSG00000161914,2.5602393,1.8722029,10
ENSG00000127511,1.7879326,2.5545242,10
ENSG00000158863,1.6181825,2.0270967,10
ENSG00000213762,1.5058932,2.0621154,10
ENSG00000172232,0.32401884,0.89348435,10
ENSG00000104299,2.1069043,0.0,10
ENSG00000176907,0.2400774,0.0,10
ENSG00000104361,2.1140962,2.0839932,10
ENSG00000134028,0.17688696,1.069335,10
ENSG00000120913_2,0.7527331,1.7006172,10
ENSG00000141905_1,2.2974117,2.7301102,10
ENSG00000008853,0.21920785,0.0,10
ENSG00000142230,2.6706285,2.8756566,10
ENSG00000167653,0.96988255,0.0,10
ENSG00000168172,2.5499547,2.4740996,10
ENSG00000201966,0.2220352,0.0,10
ENSG00000123154,1.8820169,0.0,10
ENSG00000147488_1,0.27519292,0.0,10
ENSG00000104866,2.129209,1.2820939,10
ENSG00000104921,2.3470635,3.3144045,10
ENSG00000197360,0.61163646,0.0,10
ENSG00000254024,0.47236082,1.2180626,10
ENSG00000177599,1.1100216,0.84738755,10
ENSG00000156802,2.7387323,2.9859562,10
ENSG00000212473,0.17701623,0.0,10
ENSG00000160877_1,2.4407098,2.7085423,10
ENSG00000167634,0.18910705,0.5180794,10
ENSG00000105246,2.1075728,3.9184194,10
ENSG00000170848,0.15712675,0.7627393,10
ENSG00000069206,0.17536175,0.0,10
ENSG00000105640,2.6845713,4.295052,10
ENSG00000105700,2.4989235,3.2312734,10
ENSG00000174917,2.1952052,0.0,10
ENSG00000160117,1.1712934,2.1502867,10
ENSG00000248599,0.39940277,0.0,10
ENSG00000158856,0.79064345,1.2669134,10
ENSG00000205784,0.20195848,0.0,10
ENSG00000105048,0.49007794,1.1629525,10
ENSG00000168476,2.2210903,2.6929412,10
ENSG00000260428,1.5888314,1.5840937,10
ENSG00000167460_1,0.86681986,1.4067615,10
ENSG00000199652,0.14132887,2.327179,10
ENSG00000118620,2.203907,2.6386719,10
ENSG00000176406_3,0.13759524,0.0,10
ENSG00000254087,2.6430802,3.1450286,10
ENSG00000167685,1.9644898,2.2882156,10
ENSG00000181135,1.3151343,1.8806741,10
ENSG00000167625,2.3335328,2.3160334,10
ENSG00000196967,1.316839,0.0,10
ENSG00000293484,0.42749593,0.95298606,10
ENSG00000178229,2.2751536,2.1396303,10
ENSG00000188293,0.27844968,0.0,10
ENSG00000105618_1,0.40234235,0.0,10
ENSG00000105583,1.8887833,2.708274,10
ENSG00000105202_1,0.7908124,1.4547687,10
ENSG00000123136_1,2.6023693,3.0075471,10
ENSG00000179832,2.370752,2.0079226,10
ENSG00000213999,0.936662,2.4867535,10
ENSG00000267534,2.318131,2.6794052,10
ENSG00000079462_1,1.0940218,2.5097804,10
ENSG00000267348,2.171904,1.0906459,10
ENSG00000253642,0.22668707,0.0,10
ENSG00000251247,1.5049449,1.4795321,10
ENSG00000105617,2.817548,2.300839,10
ENSG00000038945_1,0.20825022,0.0,10
ENSG00000170949,2.168499,2.716856,10
ENSG00000130477,0.2601799,0.0,10
ENSG00000164825,0.27002084,0.0,10
ENSG00000209702,0.3926781,1.3658248,10
ENSG00000167912,1.4492457,1.4156243,10
ENSG00000105223,2.4542398,2.432878,10
ENSG00000180900,2.122166,2.3003912,10
ENSG00000278611,1.596159,0.0,10
ENSG00000127616,2.7593112,3.104009,10
ENSG00000040341_2,1.2988328,1.8964105,10
ENSG00000123144,2.6414227,3.2156982,10
ENSG00000291130,0.850733,1.7468443,10
ENSG00000267383,0.6197299,0.0,10
ENSG00000197124_1,0.6267408,0.87678343,10
ENSG00000247081,1.415128,0.0,10
ENSG00000142549,0.97993064,1.5758227,10
ENSG00000218891,0.9468765,1.623456,10
ENSG00000249816,0.20121878,0.0,10
ENSG00000204866,0.12417337,0.0,10
ENSG00000172164_1,0.28840443,0.0,10
ENSG00000186806,0.97765446,0.0,10
ENSG00000040341_1,2.4410825,2.8198175,10
ENSG00000167733_1,1.8187054,1.0765312,10
ENSG00000147613,0.4603998,0.0,10
ENSG00000269858,2.5718884,2.471714,10
ENSG00000269343_1,0.33198604,0.0,10
ENSG00000104883_1,0.21799058,0.0,10
ENSG00000268655,0.6564094,0.0,10
ENSG00000085872,2.517922,1.613493,10
ENSG00000167491_2,0.4133265,0.0,10
ENSG00000167702,1.1469753,1.4993846,10
ENSG00000178860_1,2.3977299,2.845842,10
ENSG00000105135,1.9809775,1.827886,10
ENSG00000105647,2.6546493,2.5337758,10
ENSG00000147536,2.0955238,0.0,10
ENSG00000189190,1.3317759,2.5371501,10
ENSG00000267296,1.5795307,1.0813113,10
ENSG00000065000,2.7743125,2.8548112,10
ENSG00000268751,0.51951265,1.7526937,10
ENSG00000132000,0.32014778,0.5350788,10
ENSG00000012061_1,2.5835733,2.734599,10
ENSG00000178935,1.9430499,1.9860817,10
ENSG00000130669,1.9021671,2.2595747,10
ENSG00000141867,0.21100223,0.0,10
ENSG00000187116,0.16817215,0.0,10
ENSG00000147804_1,0.5521229,1.2623324,10
ENSG00000165046_2,1.0675256,0.0,10
ENSG00000130813,2.3352494,2.656242,10
ENSG00000164938,2.2779474,2.157807,10
ENSG00000270164_2,1.2918911,1.7552649,10
ENSG00000073050,2.0116694,0.0,10
ENSG00000130818,1.7114098,1.7076179,10
ENSG00000105642,0.83969927,0.0,10
ENSG00000172728,0.1528317,0.0,10
ENSG00000205038_1,1.4937385,0.0,10
ENSG00000286010,0.29144195,0.0,10
ENSG00000168081_1,0.41101226,0.0,10
ENSG00000105329,2.34555,2.4763968,10
ENSG00000115257,1.186552,1.0312388,10
ENSG00000125651,2.5440874,3.276795,10
ENSG00000130382_1,2.3862574,2.5581083,10
ENSG00000198597,1.0249848,1.3185433,10
ENSG00000133243,1.8750572,2.1381133,10
ENSG00000156675,2.1624756,2.614239,10
ENSG00000187955,0.21745041,0.0,10
ENSG00000204978,0.45029944,0.6788187,10
ENSG00000130813_2,1.4458383,1.1250907,10
ENSG00000104237,0.21472704,0.0,10
ENSG00000167671_1,0.31424284,0.0,10
ENSG00000105499,1.0230917,1.623394,10
ENSG00000123119,0.8962938,1.0163647,10
ENSG00000183401,0.5085518,0.0,10
ENSG00000068903,2.5592947,2.5293367,10
ENSG00000134028_1,0.18447709,0.0,10
ENSG00000205922,1.6962788,1.928447,10
ENSG00000105675,0.35127738,0.80712897,10
ENSG00000176293,0.9117135,1.3482465,10
ENSG00000249816_2,0.23155269,0.0,10
ENSG00000104814_1,1.9769428,3.3699985,10
ENSG00000160570,1.9906927,2.1243541,10
ENSG00000130511,2.3106086,2.4422915,10
ENSG00000171033,2.137536,0.0,10
ENSG00000267767,0.8612259,1.3558537,10
ENSG00000156011_4,1.4949368,0.0,10
ENSG00000167664,0.33622548,0.0,10
ENSG00000104880_1,2.2688394,2.1838646,10
ENSG00000245848,1.7927313,1.3856242,10
ENSG00000253926_1,0.5990695,0.6381097,10
ENSG00000267898,2.244183,1.9083027,10
ENSG00000253877,0.2563845,0.82241654,10
ENSG00000147642_3,0.9342812,1.458819,10
ENSG00000104879,0.26283628,0.0,10
ENSG00000254349,0.21321595,0.0,10
ENSG00000198633,0.4196806,0.0,10
ENSG00000160570_1,2.1028366,1.7661101,10
ENSG00000127452_1,1.8390243,1.4762228,10
ENSG00000253598,0.18893453,0.0,10
ENSG00000136574_1,0.6399348,0.0,10
ENSG00000104825,2.4851398,2.7963037,10
ENSG00000105619_1,2.2965858,2.2902572,10
ENSG00000251136,1.5920583,0.0,10
ENSG00000126254,2.4470963,2.6273627,10
ENSG00000105676_1,2.2833838,1.7068458,10
ENSG00000125741_1,0.7799761,1.3682572,10
ENSG00000105677,2.2055511,2.3151052,10
ENSG00000288596,1.9706155,1.6217619,10
ENSG00000147408_2,0.21785617,0.0,10
ENSG00000187994,1.7557514,1.9319458,10
ENSG00000169436,0.4503123,0.8880109,10
ENSG00000132541,2.0244505,0.0,10
ENSG00000104368_1,0.32778376,0.0,10
ENSG00000130529_1,0.32822388,0.959299,10
ENSG00000105426,0.65559924,0.0,10
ENSG00000220201,0.27331558,0.65428245,10
ENSG00000254092_1,0.32065013,0.0,10
ENSG00000105509,0.3188387,0.0,10
ENSG00000039650_1,2.5373514,1.9006621,10
ENSG00000133742_1,0.23091277,0.704948,10
ENSG00000147471,2.3908746,2.773527,10
ENSG00000188051,0.9506301,1.9904677,10
ENSG00000105223_2,0.56880623,0.0,10
ENSG00000129354,0.29481256,0.0,10
ENSG00000118162,2.424284,1.5958267,10
ENSG00000104886,2.6731262,2.3616352,10
ENSG00000105321_1,1.663723,0.0,10
ENSG00000170323,0.13962647,0.0,10
ENSG00000179913,0.5333284,1.2206049,10
ENSG00000244165,1.1080089,0.0,10
ENSG00000076928,2.4103801,2.5750065,10
ENSG00000267751,1.2558919,2.0063376,10
ENSG00000181195,1.0856075,0.0,10
ENSG00000104695,1.8781778,2.1178014,10
ENSG00000105063,1.3274912,0.0,10
ENSG00000168300_1,2.5722501,2.4515193,10
ENSG00000126266,1.904294,0.0,10
ENSG00000078579,0.3645558,0.0,10
ENSG00000205002,1.1947228,1.6805984,10
ENSG00000169427_1,1.6376364,1.1559552,10
ENSG00000187556,0.4344752,0.0,10
ENSG00000291231,0.40138832,1.001041,10
ENSG00000166359,0.96856695,0.79130036,10
ENSG00000167232,0.23088163,0.0,10
ENSG00000147408_3,0.14882416,0.0,10
ENSG00000156103_1,1.3831365,1.3306572,10
ENSG00000147642,0.2438057,0.0,10
ENSG00000179954,0.5289259,0.71883374,10
ENSG00000185803_2,1.00653,1.1560006,10
ENSG00000142409,2.5426993,2.4556365,10
ENSG00000125648,2.2689652,3.2679598,10
ENSG00000253554,0.24889031,0.0,10
ENSG00000131042,0.3697466,0.0,10
ENSG00000091656,0.51747125,0.0,10
ENSG00000172172_1,1.668482,3.210519,10
ENSG00000133265_1,1.7933493,2.7568932,10
ENSG00000147434,1.2977971,1.1142772,10
ENSG00000156170_1,2.5825062,2.2143352,10
ENSG00000021488,0.16883135,0.0,10
ENSG00000105676,2.7219625,2.5470974,10
ENSG00000249859_6,0.38454133,0.0,10
ENSG00000178150,0.305229,0.0,10
ENSG00000205882,0.19010094,0.0,10
ENSG00000130517,1.9816731,2.615766,10
ENSG00000182759,1.5224006,1.2040114,10
ENSG00000196961,2.4831817,2.694298,10
ENSG00000283103,2.03664,1.9726517,10
ENSG00000293376,0.24935916,0.0,10
ENSG00000104760_1,0.27002114,0.0,10
ENSG00000147421_1,2.262961,1.2392119,10
ENSG00000161281,0.40600055,0.0,10
ENSG00000022567,1.9551599,1.8769622,10
ENSG00000269954,0.65440565,1.1408222,10
ENSG00000105568,2.8996153,3.2327013,10
ENSG00000142546,0.3965444,0.0,10
ENSG00000137558,0.13516347,0.0,10
ENSG00000169427,0.25074095,0.0,10
ENSG00000179526,2.402978,2.0703557,10
ENSG00000008513_1,2.401273,2.3590534,10
ENSG00000105612,1.9292557,2.574692,10
ENSG00000181690,2.4162512,2.0583236,10
ENSG00000161016,2.564717,2.5771239,10
ENSG00000104888_1,0.66639787,1.0824622,10
ENSG00000116017,2.3300815,2.7485757,10
ENSG00000080511,0.44861686,0.0,10
ENSG00000164751,2.5082688,2.5252547,10
ENSG00000171817_1,1.3905416,1.6700045,10
ENSG00000168487_1,1.5911758,1.290978,10
ENSG00000147443,1.1965891,0.0,10
ENSG00000174917_1,2.3904939,0.0,10
ENSG00000142046_2,0.71063936,1.1087679,10
ENSG00000184489_1,0.4069554,0.0,10
ENSG00000186526,0.17248474,0.0,10
ENSG00000221946,0.8065308,1.432809,10
ENSG00000249859_3,1.8011212,2.7186985,10
ENSG00000165392_1,0.16354579,0.559308,10
ENSG00000187474,0.1579105,0.0,10
ENSG00000129451_2,0.408233,0.5747487,10
ENSG00000269404,1.6312118,3.229623,10
ENSG00000253138_1,0.22983626,0.0,10
ENSG00000164684,1.4625261,1.8367164,10
ENSG00000187244,0.7635098,0.0,10
ENSG00000188283,2.2545626,1.8576038,10
ENSG00000132017,2.2646792,2.2682362,10
ENSG00000189013,0.22140387,0.0,10
ENSG00000104375_2,0.38885972,0.0,10
ENSG00000104331,1.6264527,2.6614208,10
ENSG00000105639,2.4593077,2.7082355,10
ENSG00000019549,0.5542365,0.9592847,10
ENSG00000064932_2,0.40783074,0.8093509,10
ENSG00000169499,1.7867428,2.3810627,10
ENSG00000164924_3,2.0918837,2.1640851,10
ENSG00000120533,2.1208997,3.4048388,10
ENSG00000064490_2,2.2061462,2.5506148,10
ENSG00000147813,2.0932608,2.305676,10
ENSG00000168077,1.4964049,1.4880569,10
ENSG00000197275,2.3822865,2.5902967,10
ENSG00000008988,2.301541,1.4172558,10
ENSG00000108107,2.705766,4.532539,10
ENSG00000253593,0.1727906,0.5747834,10
ENSG00000198046,1.1332756,1.0191163,10
ENSG00000171903,0.46437642,0.0,10
ENSG00000176566,0.2505044,0.82026714,10
ENSG00000104290,2.3832793,2.255393,10
ENSG00000105483_2,1.9812794,2.5116053,10
ENSG00000134014,0.19004321,0.0,10
ENSG00000221916,2.2169938,1.743047,10
ENSG00000104728_1,0.16839743,0.0,10
ENSG00000105402,0.4958486,1.4215546,10
ENSG00000104524_1,2.6550903,2.1158268,10
ENSG00000121289,2.1943185,0.0,10
ENSG00000131142,0.73991096,0.0,10
ENSG00000156011,0.26918447,0.0,10
ENSG00000164733_2,1.8411086,2.4584854,10
ENSG00000213999_1,2.1766548,2.2727232,10
ENSG00000131849,1.8073983,1.1923165,10
ENSG00000036565,0.19327417,0.0,10
ENSG00000178896,2.53685,2.435172,10
ENSG00000124444_1,2.3870707,2.2161343,10
ENSG00000198576,1.30581,1.4156743,10
ENSG00000131037_1,0.6694113,1.0052835,10
ENSG00000253745,0.22283918,0.0,10
ENSG00000137547,2.0663054,0.0,10
ENSG00000142530_1,2.1258893,2.8053174,10
ENSG00000167635,2.420321,3.004605,10
ENSG00000120784,1.9136807,2.0617766,10
ENSG00000129455_2,0.21213695,0.0,10
ENSG00000153317_1,1.4373305,1.4762954,10
ENSG00000253230,0.32113245,0.0,10
ENSG00000276043_1,2.1072388,2.2184253,10
ENSG00000124302,1.6614063,1.3232727,10
ENSG00000267530,0.37731495,0.0,10
ENSG00000157110_1,0.1645312,0.0,10
ENSG00000167483,0.85355294,0.0,10
ENSG00000267213,2.660295,1.7101512,10
ENSG00000132294,2.4161701,2.5606418,10
ENSG00000090554,1.2105343,1.8909014,10
ENSG00000129422_1,0.18370548,0.0,10
ENSG00000248098,2.1938202,0.0,10
ENSG00000179262,2.4708674,3.5121732,10
ENSG00000249898,0.39964244,0.80048543,10
ENSG00000141971_1,2.0922985,1.2880837,10
ENSG00000253250,1.6021811,2.305433,10
ENSG00000129990,0.6935874,0.0,10
ENSG00000076924,2.5037389,2.5991852,10
ENSG00000105221_1,0.50891227,0.0,10
ENSG00000147432,0.16754678,0.0,10
ENSG00000099326_1,2.4983058,2.0305188,10
ENSG00000185189,1.8597164,1.4958633,10
ENSG00000104903_1,1.6704367,1.5016754,10
ENSG00000197961,2.243302,2.8008318,10
ENSG00000105323_3,1.1584201,0.0,10
ENSG00000290720,0.8353467,0.0,10
ENSG00000077348,2.7847676,2.8217428,10
ENSG00000105398,0.13242865,0.0,10
ENSG00000099821,1.9278103,2.074608,10
ENSG00000182318,2.106319,2.2918127,10
ENSG00000104853_2,0.39472497,0.6697723,10
ENSG00000120913_3,0.8773142,1.6258472,10
ENSG00000253702,0.17442065,0.0,10
ENSG00000161652,0.8063321,0.9592895,10
ENSG00000181896,2.5478065,2.1715598,10
ENSG00000160113,2.1800778,1.9849322,10
ENSG00000204519,1.8229744,2.0459173,10
ENSG00000105559,0.7072256,0.0,10
ENSG00000176623,2.2235155,3.0275617,10
ENSG00000254251_1,0.24552888,0.0,10
ENSG00000174788,0.2974567,0.68481845,10
ENSG00000267133,0.17435116,0.0,10
ENSG00000196268,1.1546924,2.0651276,10
ENSG00000254521,0.27055854,1.5394524,10
ENSG00000180155,1.1276678,1.1418384,10
ENSG00000164935_1,0.23968962,0.0,10
ENSG00000164741_1,0.87209827,1.0299152,10
ENSG00000120915,1.3408128,2.6973505,10
ENSG00000179698,0.4132036,0.0,10
ENSG00000147408_1,0.21376926,0.0,10
ENSG00000267191,0.954388,1.2952812,10
ENSG00000130299_1,1.0787151,1.3620487,10
ENSG00000105750,1.9115114,2.245695,10
ENSG00000161558_1,2.7893915,2.1689303,10
ENSG00000185697_1,0.86112213,0.8534853,10
ENSG00000167733,2.221667,0.9909601,10
ENSG00000283959,2.5294247,1.6298375,10
ENSG00000130158,1.3789833,1.5611134,10
ENSG00000196378,2.2632446,1.6954029,10
ENSG00000063244,2.452052,2.3408267,10
ENSG00000104714,2.107941,2.8471894,10
ENSG00000142544,2.1201768,2.1991599,10
ENSG00000125741,2.7749763,2.6122348,10
ENSG00000253438,0.932945,1.4931372,10
ENSG00000155926_1,0.29277843,0.0,10
ENSG00000268895,1.5430417,0.0,10
ENSG00000232024,0.3432938,2.349394,10
ENSG00000130816_1,2.6550112,3.2875264,10
ENSG00000198453_1,0.6357347,1.3305761,10
ENSG00000164944,2.4876919,0.0,10
ENSG00000254777_2,1.3678787,1.121888,10
ENSG00000197140,0.7254782,0.0,10
ENSG00000268595_1,0.36065388,1.072937,10
ENSG00000063241,2.2722945,2.8562515,10
ENSG00000105705,2.238216,2.4512243,10
ENSG00000168300,0.18494937,0.0,10
ENSG00000029534,0.8803462,1.2909268,10
ENSG00000253716,2.0977657,2.3409812,10
ENSG00000160111_1,1.0292314,1.5349014,10
ENSG00000248531,0.34505185,0.0,10
ENSG00000245149,2.8310065,1.8950742,10
ENSG00000178209,1.0253953,1.6879658,10
ENSG00000171817,0.679616,0.9182873,10
ENSG00000179873,0.19337359,0.72952116,10
ENSG00000256229,0.54885495,0.0,10
ENSG00000104237_1,0.16677901,0.0,10
ENSG00000130513,1.9890656,0.0,10
ENSG00000164924_4,2.046458,2.6902316,10
ENSG00000246662,1.3328503,1.4998795,10
ENSG00000168522,2.618188,2.8684094,10
ENSG00000124467,0.2589392,0.0,10
ENSG00000070404,1.3230377,2.2788177,10
ENSG00000105568_1,0.5231847,1.4305749,10
ENSG00000104808,0.7189518,0.0,10
ENSG00000104960_2,2.483736,2.3062942,10
ENSG00000253729_2,2.0641313,3.2790072,10
ENSG00000147687,2.3431308,0.0,10
ENSG00000167670,2.8280015,0.0,10
ENSG00000188508,0.20400745,0.0,10
ENSG00000205189,0.96572226,1.3559302,10
ENSG00000173875,2.5369143,2.712595,10
ENSG00000074219,0.31031448,0.6574861,10
ENSG00000167680_1,1.3709121,1.6274068,10
ENSG00000187912,1.6888258,0.0,10
ENSG00000269386_1,2.6208534,3.0971322,10
ENSG00000105143_1,1.1426954,1.624086,10
ENSG00000229140,0.2528704,0.0,10
ENSG00000185015_1,1.3963188,1.1658672,10
ENSG00000285982,0.37777045,1.6554458,10
ENSG00000123146,0.56895375,1.1904157,10
ENSG00000133874,1.6813297,2.4036865,10
ENSG00000105137,0.84352154,0.95773655,10
ENSG00000063322,2.4602637,2.6713655,10
ENSG00000105497,1.3695699,0.0,10
ENSG00000253948,2.5612864,1.7619729,10
ENSG00000167685_1,0.7405287,0.0,10
ENSG00000005206,2.3248892,2.274802,10
ENSG00000147654,2.5345426,2.4523997,10
ENSG00000167034,0.98848295,1.6523721,10
ENSG00000266964,0.35098594,0.0,10
ENSG00000178719_1,0.61914086,2.0577042,10
ENSG00000125755,2.5073571,2.8169072,10
ENSG00000186017_1,2.154813,1.884206,10
ENSG00000171044_1,1.1287622,1.9942292,10
ENSG00000249859_1,0.91041243,1.7590027,10
ENSG00000076641,2.0743856,2.3526127,10
ENSG00000188425,0.25272387,0.0,10
ENSG00000168490,0.60774595,1.6206669,10
ENSG00000183638,0.23444727,0.0,10
ENSG00000126456_1,2.3690405,1.8255495,10
ENSG00000267858,2.590434,1.8095396,10
ENSG00000177045_1,1.8331327,1.6757417,10
ENSG00000198182_1,1.1304704,1.2257227,10
ENSG00000254092,0.23930675,0.0,10
ENSG00000099860,2.5500956,3.270595,10
ENSG00000104907,1.8589568,2.4719515,10
ENSG00000198010,1.4904844,1.2316225,10
ENSG00000130725,2.9974709,2.628348,10
ENSG00000124440_1,0.24790779,0.0,10
ENSG00000168333,0.22222272,0.0,10
ENSG00000216490,1.3711908,1.7169794,10
ENSG00000164796,0.57137734,0.9700864,10
ENSG00000175691,2.2797685,1.2813289,10
ENSG00000089351,0.3148664,0.0,10
ENSG00000105723,2.8916497,2.7042105,10
ENSG00000164683_1,1.9781852,1.9407157,10
ENSG00000156170,1.1249413,1.1687626,10
ENSG00000160336,1.8466748,2.577532,10
ENSG00000105176_1,2.2547755,2.7802453,10
ENSG00000164951,1.6529436,1.3564657,10
ENSG00000205209,1.4675009,0.0,10
ENSG00000182393,0.19224982,1.1931803,10
ENSG00000147576,1.4205084,1.2821167,10
ENSG00000268081,0.37786487,1.0952531,10
ENSG00000176490,1.3551307,1.2768981,10
ENSG00000174521,1.2823744,1.6986312,10
ENSG00000266983,2.5657897,1.9146129,10
ENSG00000015592,0.4394395,1.1185954,10
ENSG00000125733,2.066198,2.3956146,10
ENSG00000126247_1,2.1685052,2.2343907,10
ENSG00000198791,2.3234916,0.9182925,10
ENSG00000233527,2.367606,2.4173455,10
ENSG00000132000_1,0.46333095,0.6214463,10
ENSG00000154188_2,0.17850603,0.0,10
ENSG00000185697,2.357893,1.4095442,10
ENSG00000254251,0.170992,0.62823564,10
ENSG00000105088,0.2948825,0.9417102,10
ENSG00000032444_1,0.39648348,1.0532014,10
ENSG00000167755,0.27779204,0.8824221,10
ENSG00000099875_1,2.7387547,3.855679,10
ENSG00000147677,1.9642843,0.0,10
ENSG00000254858,2.4840999,2.535718,10
ENSG00000130433,0.5532124,1.30103,10
ENSG00000090006_4,0.8694763,1.1819865,10
ENSG00000129422_5,0.17115727,0.0,10
ENSG00000083307,0.7626094,1.3066823,10
ENSG00000141994,2.2781467,2.466001,10
ENSG00000214046,2.5399892,0.0,10
ENSG00000188778,0.5107181,1.0494119,10
ENSG00000250305_1,1.4586551,1.4194435,10
ENSG00000164934_1,2.217355,0.0,10
ENSG00000197892_1,1.9678315,2.3405473,10
ENSG00000182372_1,2.2199426,1.6656841,10
ENSG00000089327_1,1.5200553,2.539653,10
ENSG00000205744,0.3949067,0.0,10
ENSG00000141905,2.018752,1.9221627,10
ENSG00000167632_1,0.6385119,1.0272313,10
ENSG00000105610,0.28102025,0.0,10
ENSG00000179218,2.598084,4.1576443,10
ENSG00000197863_1,1.4472274,1.6903201,10
ENSG00000104918,0.30281886,1.1469958,10
ENSG00000130164,2.0119464,2.4556608,10
ENSG00000131115_1,1.9323933,2.1845496,10
ENSG00000104763_1,0.849067,0.0,10
ENSG00000164830_1,0.1977405,0.0,10
ENSG00000171119,1.5175481,1.4709835,10
ENSG00000011600,0.3582085,0.79817396,10
ENSG00000063169,2.143011,2.2754266,10
ENSG00000176401,2.0452592,1.8158897,10
ENSG00000269386,2.4275365,1.5167732,10
ENSG00000105669,2.76941,3.263108,10
ENSG00000183647,1.1742673,1.785707,10
ENSG00000169398,0.22895539,0.0,10
ENSG00000105699,1.6865802,2.3493202,10
ENSG00000053501_1,2.068753,1.1449289,10
ENSG00000293317,0.48722056,0.0,10
ENSG00000126246,2.0386503,1.3918945,10
ENSG00000105205,0.25787207,0.0,10
ENSG00000105376,1.0631939,1.3791023,10
ENSG00000266903,0.6064763,0.79588,10
ENSG00000064961,2.1422577,2.640033,10
ENSG00000200259,0.7210344,1.3171332,10
ENSG00000178814,1.1026227,1.2240407,10
ENSG00000137573_2,0.16206324,0.0,10
ENSG00000254027,0.9779284,1.3437433,10
ENSG00000104951_1,2.9775038,3.875264,10
ENSG00000167614,1.0993063,1.4588342,10
ENSG00000221983_1,2.516379,3.4695938,10
ENSG00000147535,2.3853602,2.2741163,10
ENSG00000153885,1.5875607,1.4129307,10
ENSG00000130725_1,2.9558008,2.6363375,10
ENSG00000156486,1.6241002,1.915827,10
ENSG00000272138,1.2531567,1.1408222,10
ENSG00000008441_1,0.22091362,0.0,10
ENSG00000177025,0.18684818,0.0,10
ENSG00000130755,1.5081277,2.5786438,10
ENSG00000115266,1.005091,1.2350231,10
ENSG00000142002_1,1.0360569,0.0,10
ENSG00000136997_1,1.8272654,3.6918354,10
ENSG00000126233,0.35735348,0.0,10
ENSG00000179820_1,0.90056866,1.4532877,10
ENSG00000105514,1.1860318,1.9500775,10
ENSG00000182566,0.24466783,0.0,10
ENSG00000227392,0.43325654,0.0,10
ENSG00000090661,2.2801886,2.5097132,10
ENSG00000242852_1,0.6696457,1.0038481,10
ENSG00000174429,0.17925197,0.76275355,10
ENSG00000224420,0.4970238,0.7077575,10
ENSG00000070718,2.627626,2.5653589,10
ENSG00000130208_2,0.5320183,0.0,10
ENSG00000166770,0.68443847,1.0619423,10
ENSG00000129353_1,0.8888253,1.124028,10
ENSG00000178150_1,1.2460577,0.9880727,10
ENSG00000042832_1,0.18904729,0.0,10
ENSG00000042832,0.18734315,0.0,10
ENSG00000141905_3,0.3809799,0.0,10
ENSG00000166398_1,0.30281144,0.0,10
ENSG00000104213,0.6314492,0.95455605,10
ENSG00000167459_1,0.17437637,0.0,10
ENSG00000197363,2.293895,1.6200736,10
ENSG00000164736,0.5980975,1.1589954,10
ENSG00000137571,2.0899944,1.8375632,10
ENSG00000051128_2,1.1139146,1.9594069,10
ENSG00000168575_1,1.4018203,0.49590495,10
ENSG00000105619,1.8905365,0.0,10
ENSG00000261857,0.44197357,0.0,10
ENSG00000104885_1,2.5190773,2.0630143,10
ENSG00000131115,1.4041998,0.88618606,10
ENSG00000105755,1.5189822,0.0,10
ENSG00000173137,2.2938142,0.0,10
ENSG00000285744,1.5613523,0.0,10
ENSG00000126934_1,2.4254909,3.2166197,10
ENSG00000104904,2.605052,3.8710992,10
ENSG00000160951,0.55986565,0.0,10
ENSG00000105373,2.4377422,3.1272311,10
ENSG00000167680,0.2055,0.0,10
ENSG00000167759,0.3802913,1.1725124,10
ENSG00000171033_1,0.34946033,0.0,10
ENSG00000063176_1,0.43772125,0.0,10
ENSG00000168575_2,2.4276185,2.0305593,10
ENSG00000090554_1,1.0073278,1.071698,10
ENSG00000279847,0.17251824,0.0,10
ENSG00000254402,1.5051843,1.1609784,10
ENSG00000160439_2,0.2867737,0.48206282,10
ENSG00000031823,2.6309938,2.6970453,10
ENSG00000136997_2,1.4930089,1.7621231,10
ENSG00000099866_1,0.52843815,0.88245624,10
ENSG00000188039_1,0.33202377,1.0391364,10
ENSG00000137573,0.1937314,0.0,10
ENSG00000173535,0.75669813,1.474362,10
ENSG00000268027,0.3615619,0.0,10
ENSG00000105397_1,0.69371355,1.3638752,10
ENSG00000253877_1,0.10756923,0.74778455,10
ENSG00000099812,0.3890833,0.86338234,10
ENSG00000257704,2.226878,2.312685,10
ENSG00000197937,0.8067373,0.0,10
ENSG00000105722_1,2.0874045,2.6905506,10
ENSG00000213020,2.0649889,2.3252242,10
ENSG00000219665,1.632278,0.0,10
ENSG00000023287,2.4406993,2.1009355,10
ENSG00000254377_2,0.33456543,0.0,10
ENSG00000076650,1.7581319,2.0951903,10
ENSG00000099622,2.469104,1.4005034,10
ENSG00000099804,2.5169437,2.1637247,10
ENSG00000155970,1.4732846,1.4022614,10
ENSG00000171606_1,2.5957222,0.0,10
ENSG00000078668_1,0.23224252,0.0,10
ENSG00000213096_1,1.6418315,0.0,10
ENSG00000105321,2.1096387,2.4232721,10
ENSG00000152433,2.2170198,0.0,10
ENSG00000137574,2.6013134,2.7633755,10
ENSG00000186567_1,0.25385484,0.7795965,10
ENSG00000104537,0.19400382,0.0,10
ENSG00000129691,2.69645,2.2827353,10
ENSG00000129696,2.0934021,2.2539604,10
ENSG00000170873,0.19795677,0.5632912,10
ENSG00000176024,1.5036503,1.5508372,10
ENSG00000130175_1,0.422584,1.0094806,10
ENSG00000131116,2.66363,2.5868144,10
ENSG00000197050,1.9425867,1.7788528,10
ENSG00000076554_4,2.5472295,3.0675693,10
ENSG00000121022_2,0.32875937,0.0,10
ENSG00000169021,2.2304797,3.3047123,10
ENSG00000186994,0.875998,2.599288,10
ENSG00000132026,0.269425,0.8843365,10
ENSG00000253230_1,0.5386791,1.2144464,10
ENSG00000161082_1,0.75700825,0.9529715,10
ENSG00000105376_1,1.3509408,1.278342,10
ENSG00000269825,2.1964412,2.6423585,10
ENSG00000228300_1,2.0807388,0.0,10
ENSG00000169398_1,0.14863732,0.0,10
ENSG00000245857,0.9888819,0.0,10
ENSG00000182324,0.34041083,0.7959217,10
ENSG00000269696,1.0743179,1.0443045,10
ENSG00000131398,1.9902377,0.85545856,10
ENSG00000104967_1,0.9082571,1.3024608,10
ENSG00000133863,0.6144191,0.0,10
ENSG00000169398_2,0.1383737,0.55928767,10
ENSG00000176623_1,1.1999035,0.0,10
ENSG00000167658,0.56916976,2.5542116,10
ENSG00000079102_1,0.54883265,0.8494194,10
ENSG00000133275_1,1.8104204,1.2945764,10
ENSG00000161671,2.228356,2.7319553,10
ENSG00000198258,1.8199542,3.0157118,10
ENSG00000171017,0.650629,0.0,10
ENSG00000147669,1.6644852,3.273344,10
ENSG00000088256,2.0011985,2.1728423,10
ENSG00000229140_2,0.20684102,0.0,10
ENSG00000072071,1.4488637,1.2872641,10
ENSG00000141971,2.1633282,2.4900568,10
ENSG00000083828,1.6699591,2.309545,10
ENSG00000267106_1,1.857976,1.3755538,10
ENSG00000176406_1,1.0379151,1.1197177,10
ENSG00000131943,2.308086,2.1647513,10
ENSG00000293380,0.4201537,0.0,10
ENSG00000254266,0.29189292,0.0,10
ENSG00000088038,2.8096597,2.7584577,10
ENSG00000104435,0.4141861,0.0,10
ENSG00000104723,0.664866,1.4719368,10
ENSG00000153902,0.67496985,0.800449,10
ENSG00000172172,1.8042582,3.1916494,10
ENSG00000130844_1,2.3101723,1.8475789,10
ENSG00000197134,0.3418173,1.3165154,10
ENSG00000261150,1.4636672,1.118645,10
ENSG00000105198,0.16096592,0.0,10
ENSG00000287301,0.7711669,0.0,10
ENSG00000156795,2.3613932,2.3724148,10
ENSG00000213996,0.9103407,1.3109694,10
ENSG00000089847,2.239262,0.0,10
ENSG00000131401,2.12473,3.3604817,10
ENSG00000246089,1.4917115,1.3312653,10
ENSG00000123908,2.2946825,2.3281634,10
ENSG00000154589,1.5668101,1.3306978,10
ENSG00000268182,0.8943448,1.3184599,10
ENSG00000278318,0.42661402,0.9716052,10
ENSG00000277531,0.35943577,0.9024924,10
ENSG00000171469,2.4182978,2.277609,10
ENSG00000165046_1,1.8317966,1.6573523,10
ENSG00000254119,0.12826423,0.0,10
ENSG00000104517,2.5611286,2.950579,10
ENSG00000042753,0.38520747,0.58604693,10
ENSG00000130159,2.0765433,2.5915098,10
ENSG00000104883,1.311242,1.2945544,10
ENSG00000128011,1.460773,1.5361164,10
ENSG00000047249,2.6309083,2.279037,10
ENSG00000105287_1,1.9708939,3.0668995,10
ENSG00000164941,2.3070574,2.6149194,10
ENSG00000125726_1,1.3324509,0.0,10
ENSG00000130255,2.5868084,3.8876865,10
ENSG00000008988_1,2.4439185,4.032522,10
ENSG00000186583,1.0609623,0.8749165,10
ENSG00000090659,0.28839293,0.5969378,10
ENSG00000156466,1.2280428,1.1913644,10
ENSG00000028277,1.1143267,2.554965,10
ENSG00000099341,2.7337017,3.5277872,10
ENSG00000147642_1,0.27787608,0.0,10
ENSG00000258405_1,0.36997035,1.0800996,10
ENSG00000105609,0.3250834,0.70767236,10
ENSG00000130244,2.3200216,2.0389378,10
ENSG00000037757,1.7634298,2.4211102,10
ENSG00000105552_1,1.8814951,2.6511579,10
ENSG00000182307,2.3041532,2.6523712,10
ENSG00000246145,1.8215985,1.4200053,10
ENSG00000160953,2.1444645,2.1458766,10
ENSG00000184672_1,1.3923697,1.602635,10
ENSG00000171044,2.418025,1.958946,10
ENSG00000205744_1,2.2409132,2.780411,10
ENSG00000188321,1.9942575,1.6687958,10
ENSG00000179950_1,2.5691555,2.7744346,10
ENSG00000048392,2.8530426,2.3328424,10
ENSG00000214456,0.5358948,1.1886191,10
ENSG00000177045,1.9843779,1.7736402,10
ENSG00000039650,1.8472214,0.0,10
ENSG00000105732,2.8493237,2.3942416,10
ENSG00000232677,0.54511654,1.1792932,10
ENSG00000251136_2,2.4795794,2.1316893,10
ENSG00000171049,0.13306417,0.0,10
ENSG00000179950,2.5002823,0.9952709,10
ENSG00000064607,2.729827,2.616629,10
ENSG00000167772,0.75289583,1.7687713,10
ENSG00000105202_3,1.8085837,3.387854,10
ENSG00000184608,0.29920635,0.0,10
ENSG00000264515,1.1585884,1.7323697,10
ENSG00000168495,2.4213011,2.625878,10
ENSG00000065268,2.439737,2.5197334,10
ENSG00000064313,1.8727062,2.695892,10
ENSG00000127452,2.5474,2.3727648,10
ENSG00000130382,0.48862535,0.0,10
ENSG00000198466,2.1798978,2.0046954,10
ENSG00000167470_1,2.378191,2.8124661,10
ENSG00000147481_2,0.49252167,0.0,10
ENSG00000250571,2.194414,1.8488078,10
ENSG00000132010,1.3228031,1.7878075,10
ENSG00000248538_4,0.25702986,0.0,10
ENSG00000160505_1,0.42201814,1.3379861,10
ENSG00000248538,1.1034842,0.0,10
ENSG00000167232_1,2.0036972,2.2851927,10
ENSG00000130173,0.2185137,0.58964807,10
ENSG00000105767,1.6354501,1.6374197,10
ENSG00000012232,1.5668614,1.1941534,10
ENSG00000141854,1.9309176,1.9635706,10
ENSG00000179832_1,0.8696888,0.0,10
ENSG00000268095,0.5297493,0.0,10
ENSG00000104660,2.3527718,2.716705,10
ENSG00000186529_1,0.26632142,0.6214982,10
ENSG00000167769,0.5018073,0.9367801,10
ENSG00000104936,0.9744109,1.0164232,10
ENSG00000137575,1.8032784,2.5114315,10
ENSG00000088247,2.0682943,0.0,10
ENSG00000258724,2.3455067,2.4007192,10
ENSG00000104783,1.9077561,2.8886309,10
ENSG00000204851,0.62198055,1.5057738,10
ENSG00000249859_2,1.3333344,1.6465703,10
ENSG00000131203,0.21014419,0.0,10
ENSG00000177051,2.3697226,2.548328,10
ENSG00000147689_2,0.32381454,0.0,10
ENSG00000197332,0.9633145,1.1449476,10
ENSG00000198363_2,0.16213118,0.0,10
ENSG00000181894,1.5528443,1.8135142,10
ENSG00000253408,2.0672693,0.0,10
ENSG00000104953,2.00162,1.8702575,10
ENSG00000099783,2.5854235,3.7399676,10
ENSG00000154359,2.6032891,2.1343684,10
ENSG00000198723_1,0.3093564,0.0,10
ENSG00000293246,1.286513,2.1288707,10
ENSG00000164983,1.8591502,1.9339527,10
ENSG00000130479,1.9956274,2.7445629,10
ENSG00000105771,2.971218,2.8046913,10
ENSG00000292997,0.20151094,3.1001775,10
ENSG00000099797_2,0.4157447,1.1335708,10
ENSG00000079102_2,0.58020896,0.0,10
ENSG00000104472,2.6012459,2.7915714,10
ENSG00000104537_1,0.15172076,0.0,10
ENSG00000286701,0.3723791,0.0,10
ENSG00000181786,0.24198836,0.6041396,10
ENSG00000105364_1,2.4656081,3.3118873,10
ENSG00000142396,2.4326353,0.0,10
ENSG00000178386,0.64602625,1.4800788,10
ENSG00000105483,2.410675,0.0,10
ENSG00000130299_2,1.8056829,2.1674297,10
ENSG00000155090,2.5362654,2.6639664,10
ENSG00000196357,2.6232042,1.4962237,10
ENSG00000184672,0.65086406,0.0,10
ENSG00000020181,1.499768,1.6654966,10
ENSG00000063127,0.54962224,0.0,10
ENSG00000104313_3,1.0907989,0.99960893,10
ENSG00000141873,2.1276312,2.1100845,10
ENSG00000170889_1,2.613031,1.7776805,10
ENSG00000179115,2.0612664,3.0832052,10
ENSG00000188032,0.45753092,1.1109565,10
ENSG00000182372,0.28669685,0.0,10
ENSG00000245080,1.2303884,0.93841964,10
ENSG00000105438_1,2.1098535,2.659414,10
ENSG00000225877,0.17396295,0.6758791,10
ENSG00000120896_5,0.9460008,1.2137568,10
ENSG00000198182,0.95066273,0.0,10
ENSG00000127616_1,2.611417,1.7291648,10
ENSG00000104880,1.5516703,1.3907938,10
ENSG00000115268,2.4462824,2.9640026,10
ENSG00000161265_1,2.1623693,2.0887632,10
ENSG00000293178,1.5958345,1.5910312,10
ENSG00000172270,1.6034825,1.8468318,10
ENSG00000182013,1.1675094,1.5858779,10
ENSG00000127533,1.2934974,1.3312268,10
ENSG00000167653_1,0.29308653,0.0,10
ENSG00000077312_1,2.8206725,3.6589925,10
ENSG00000099331,2.60223,2.6670914,10
ENSG00000065989_1,0.28510302,1.2684844,10
ENSG00000172006_1,1.6358182,1.3507015,10
ENSG00000199631,1.1345758,1.6928998,10
ENSG00000160460,1.5412481,1.7737864,10
ENSG00000263002,1.1374534,2.0396242,10
ENSG00000104756,1.9299484,1.9835857,10
ENSG00000090924,1.3905567,1.1387668,10
ENSG00000183397,0.26615173,0.83308333,10
ENSG00000104870,0.45645776,0.8412969,10
ENSG00000126457,2.8601499,3.2518935,10
ENSG00000105483_1,1.8253292,2.4512029,10
ENSG00000160111,1.090115,0.9042826,10
ENSG00000268480_1,0.33043507,1.2981541,10
ENSG00000268500,0.5640497,0.0,10
ENSG00000289037,2.0918717,1.5647016,10
ENSG00000183154,1.6356901,0.0,10
ENSG00000099800,2.6435232,3.1072474,10
ENSG00000064545,1.4319289,2.2251775,10
ENSG00000132005,1.7587883,2.3883178,10
ENSG00000130312,0.7524487,0.0,10
ENSG00000129347,2.5655408,2.6372294,10
ENSG00000173809,0.588852,1.174525,10
ENSG00000141837_1,1.438382,1.085968,10
ENSG00000277586,1.2015375,1.7435803,10
ENSG00000096996,1.9608552,2.0510328,10
ENSG00000131845,1.3845543,1.6043903,10
ENSG00000213023_1,1.0276031,1.9617552,10
ENSG00000168484,0.26155022,0.69060624,10
ENSG00000186526_1,0.20363313,0.41629094,10
ENSG00000185988,1.5757942,1.5768595,10
ENSG00000028277_1,1.5707427,2.119589,10
ENSG00000196466,1.8765253,2.0407486,10
ENSG00000130544,2.5814383,2.302872,10
ENSG00000160396,0.31632775,0.0,10
ENSG00000133731,1.810423,2.8458035,10
ENSG00000136960,0.7513739,0.0,10
ENSG00000242221,0.19083007,0.84538954,10
ENSG00000077782,0.24281132,0.0,10
ENSG00000286449,0.536048,0.0,10
ENSG00000267260,1.7132658,1.0975107,10
ENSG00000254288,0.21860135,0.8181401,10
ENSG00000254377_1,0.4715242,0.8672907,10
ENSG00000283674,1.1351429,0.36410052,10
ENSG00000167491_1,2.7687817,2.3639464,10
ENSG00000186019,1.1135472,0.0,10
ENSG00000186111,2.0446424,2.4042177,10
ENSG00000164949,1.6006256,1.720027,10
ENSG00000142002,0.26853094,0.8181137,10
ENSG00000228323,0.5683504,1.0299112,10
ENSG00000007264_1,0.4737092,0.0,10
ENSG00000279619,0.25469035,0.6414741,10
ENSG00000267577,0.31819618,0.0,10
ENSG00000105392,0.2844328,0.0,10
ENSG00000213799,1.2731004,0.0,10
ENSG00000239382,2.211257,2.2529185,10
ENSG00000197782,2.082833,2.1953905,10
ENSG00000251136_1,1.9679165,1.6959804,10
ENSG00000165046,1.194528,1.9995568,10
ENSG00000105364,2.4152036,3.4813852,10
ENSG00000053501,2.343343,1.803505,10
ENSG00000198363,0.11248331,0.0,10
ENSG00000127616_2,0.55201435,1.6971421,10
ENSG00000104332,1.2879654,1.6341043,10
ENSG00000125731,2.2155552,1.7175956,10
ENSG00000183808,2.5929334,2.6575816,10
ENSG00000158856_6,1.2211082,1.5665789,10
ENSG00000075702_1,0.27383307,1.0245677,10
ENSG00000253438_2,0.45583823,0.0,10
ENSG00000104231_1,0.5426423,1.0177885,10
ENSG00000180448_1,2.4585218,2.287421,10
ENSG00000226696,2.8438873,1.6311991,10
ENSG00000136573,2.1086106,2.713204,10
ENSG00000147465,0.62432706,1.4607956,10
ENSG00000147408,0.43390214,1.0519509,10
ENSG00000062370,0.3356044,0.9060655,10
ENSG00000160117_1,1.0820072,2.1759408,10
ENSG00000182472,0.70385003,0.0,10
ENSG00000104964_2,0.8807061,2.3398092,10
ENSG00000188305,0.55261445,0.0,10
ENSG00000261526,2.520358,2.0140374,10
ENSG00000156467,2.0958943,3.5435963,10
ENSG00000064687_1,1.0514222,0.0,10
ENSG00000155096,2.7613401,3.6282408,10
ENSG00000184647,0.21805936,0.0,10
ENSG00000104419_4,1.469189,2.0431342,10
ENSG00000161558,2.492551,2.0946631,10
ENSG00000256294,1.52441,1.9336036,10
ENSG00000142039,2.4290717,2.5656354,10
ENSG00000176396,1.9203937,2.1115785,10
ENSG00000187550,0.5833015,1.0443045,10
ENSG00000167658_1,2.5752778,4.29064,10
ENSG00000039987,0.29013187,0.0,10
ENSG00000178460,0.68514663,0.0,10
ENSG00000142453,2.7303486,3.1698124,10
ENSG00000147509,2.074671,1.1009216,10
ENSG00000185803,1.0341151,0.0,10
ENSG00000099804_1,0.383015,0.0,10
ENSG00000185000,2.4225645,2.2909245,10
ENSG00000105281_1,1.238153,0.0,10
ENSG00000181007,2.0124502,1.658883,10
ENSG00000189144,1.2557125,1.4061313,10
ENSG00000186599,0.13661395,0.0,10
ENSG00000286113,1.5896976,0.99821573,10
ENSG00000196267,1.5646238,0.0,10
ENSG00000239839,0.14748359,0.58232474,10
ENSG00000099797,2.548338,2.750314,10
ENSG00000165078,0.42669705,1.1197275,10
ENSG00000074219_2,0.6370765,1.4302042,10
ENSG00000246263,2.6738205,1.8710531,10
ENSG00000105429,2.0897706,1.8514112,10
ENSG00000105371,1.4184005,1.5972234,10
ENSG00000142252,2.518725,2.3935192,10
ENSG00000105402_2,2.8146029,2.9007516,10
ENSG00000099840,2.348803,2.248929,10
ENSG00000141867_2,2.6405108,3.0590065,10
ENSG00000126464,2.2957253,2.854154,10
ENSG00000283103_1,1.9869761,2.3696425,10
ENSG00000275342,2.2040057,2.525045,10
ENSG00000142235_1,0.72649634,1.0765312,10
ENSG00000249859_4,0.61900795,1.227321,10
ENSG00000105357_1,0.94008136,1.1065309,10
ENSG00000183019,0.32712248,0.0,10
ENSG00000253138,0.22116202,0.0,10
ENSG00000185761,1.0028704,0.0,10
ENSG00000269190,0.9245582,2.0112574,10
ENSG00000286122,0.15182361,0.0,10
ENSG00000008853_1,2.0932386,2.5847383,10
ENSG00000089351_2,2.2991295,0.9836218,10
ENSG00000130545_1,0.5666096,1.2179837,10
ENSG00000285791,0.32426134,0.6511617,10
ENSG00000253893,1.3209147,0.0,10
ENSG00000167701,0.41425425,1.1261638,10
ENSG00000173480,2.2109852,0.0,10
ENSG00000307772,0.18708241,0.0,10
ENSG00000181392,0.30209717,0.8392894,10
ENSG00000077009,0.43324837,0.0,10
ENSG00000179751,0.8743779,1.2945764,10
ENSG00000184672_3,0.12507486,0.0,10
ENSG00000164741_2,0.19179094,0.0,10
ENSG00000253696,0.2890977,0.0,10
ENSG00000029534_4,1.6598654,1.1142772,10
ENSG00000008441_3,0.95092,0.86917305,10
ENSG00000104967,1.0671333,1.1132078,10
ENSG00000202360,1.0303057,0.0,10
ENSG00000253553,1.3075963,0.84333247,10
ENSG00000078674_1,2.870515,3.0267007,10
ENSG00000121413,0.5355659,1.4767302,10
ENSG00000160948,0.463917,0.0,10
ENSG00000011243_1,2.4371264,2.714608,10
ENSG00000253944,1.3581914,1.5375043,10
ENSG00000178951,1.6704012,2.2061698,10
ENSG00000181781_1,0.39616203,0.89713204,10
ENSG00000283992,0.38648173,0.7676011,10
ENSG00000251191,0.17242202,0.0,10
ENSG00000124440,0.49090186,1.304497,10
ENSG00000268516,2.4057927,1.9491118,10
ENSG00000159917,1.441711,1.9297764,10
ENSG00000196172,1.108454,1.3988597,10
ENSG00000104835,2.880508,2.4145856,10
ENSG00000168079,0.45833907,0.0,10
ENSG00000099326,2.9351487,1.6075836,10
ENSG00000104872_1,2.9529133,2.3998468,10
ENSG00000267107_1,0.22644019,0.0,10
ENSG00000161888,2.4907146,0.0,10
ENSG00000089847_1,1.08628,0.0,10
ENSG00000105722,2.1906328,2.0045364,10
ENSG00000255974,0.26464212,0.0,10
ENSG00000293438,1.7926286,1.1397847,10
ENSG00000147655,0.5101321,1.2332754,10
ENSG00000214212,0.6477858,0.0,10
ENSG00000196081,2.0698235,2.4589565,10
ENSG00000233927,2.5861654,0.0,10
ENSG00000164754,2.4673645,1.8342363,10
ENSG00000267757,2.2032866,1.785458,10
ENSG00000167604_1,1.9103458,1.9989791,10
ENSG00000164924_2,2.788073,3.6657038,10
ENSG00000167604,1.8648193,0.0,10
ENSG00000153896,1.3460093,1.6351016,10
ENSG00000243207,2.9780593,2.675595,10
ENSG00000185803_1,2.234663,2.1125045,10
ENSG00000088247_1,2.7785325,3.3964295,10
ENSG00000169139,2.3672116,3.141779,10
ENSG00000250067,0.889187,0.8767892,10
ENSG00000147526_3,1.9343314,0.0,10
ENSG00000269729,0.24232,0.0,10
ENSG00000008441,1.9793266,2.371991,10
ENSG00000105559_2,0.6440843,1.0232112,10
ENSG00000159885,0.87504816,0.0,10
ENSG00000197841,2.2090912,1.7123466,10
ENSG00000127527,2.3845797,2.5788786,10
ENSG00000133246,0.4414565,0.92675906,10
ENSG00000221947,1.4932039,0.0,10
ENSG00000253741,2.451965,1.2729734,10
ENSG00000253434,0.20926934,0.0,10
ENSG00000160321,0.5039378,0.0,10
ENSG00000175895,2.5249536,2.7263033,10
ENSG00000238650,1.3619275,1.3093959,10
ENSG00000286798,0.26794997,0.0,10
ENSG00000167459,0.1794826,0.0,10
ENSG00000178093,1.1702884,0.83307695,10
ENSG00000123143,1.8423051,2.409057,10
ENSG00000121406,1.5418386,1.9372169,10
ENSG00000130511_1,1.4770865,2.107617,10
ENSG00000156162,2.1649528,2.091178,10
ENSG00000158806,0.57204926,1.2342186,10
ENSG00000199985,0.12010008,0.0,10
ENSG00000267605,0.5478273,0.65742016,10
ENSG00000087076,1.0872309,0.97312784,10
ENSG00000105649,2.3784509,2.3197637,10
ENSG00000257103,2.8900151,3.169745,10
ENSG00000105576_3,1.1250753,2.7383509,10
ENSG00000167755_2,0.3958543,0.8494194,10
ENSG00000147481_1,0.4249371,0.0,10
ENSG00000187266,0.48576245,0.0,10
ENSG00000130513_1,0.2529913,0.69064784,10
ENSG00000161249,0.3198924,1.2214664,10
ENSG00000204936,0.37717673,0.7528241,10
ENSG00000166770_1,0.39367145,0.87297744,10
ENSG00000213889,1.4469359,1.1812546,10
ENSG00000168575_3,2.488354,2.7970104,10
ENSG00000127507,0.98601305,1.4488454,10
ENSG00000160972,1.7624584,1.9324585,10
ENSG00000172270_1,2.5430918,3.431838,10
ENSG00000105221_2,2.8040743,2.72534,10
ENSG00000236814,0.21750733,0.0,10
ENSG00000152443,1.5161854,2.2360003,10
ENSG00000130303,2.2752843,2.9192874,10
ENSG00000184374,0.20620033,0.0,10
ENSG00000173273,2.3864121,2.2714188,10
ENSG00000186431,0.14156002,0.0,10
ENSG00000215114,2.1951437,0.0,10
ENSG00000251247_2,0.4563756,0.0,10
ENSG00000177202,0.30171943,1.1031878,10
ENSG00000183665,1.9243305,1.9177129,10
ENSG00000175806,2.0647948,2.056192,10
ENSG00000253958,1.4915092,0.8805278,10
ENSG00000147416,2.0247097,2.714495,10
ENSG00000123154_1,2.4560835,1.6018689,10
ENSG00000136986,0.47094405,0.0,10
ENSG00000105221,0.42749196,1.0123014,10
ENSG00000126456_2,2.2895036,2.7557833,10
ENSG00000130332,2.3780575,0.0,10
ENSG00000137563,2.0180933,2.8061094,10
ENSG00000181666,1.9815493,0.0,10
ENSG00000104267,1.6501513,1.3184807,10
ENSG00000008513_2,1.7309697,1.7582228,10
ENSG00000104341,1.4406596,1.5899831,10
ENSG00000008853_2,2.0542326,1.7788961,10
ENSG00000105227,0.830829,1.0705439,10
ENSG00000203499,1.1468911,0.0,10
ENSG00000269392,1.4089278,0.0,10
ENSG00000130165,2.417829,2.8096418,10
ENSG00000147421,2.6742713,2.5096111,10
ENSG00000253729,0.36571053,1.0680745,10
ENSG00000004776,1.0544881,0.0,10
ENSG00000089327,1.6459794,3.479997,10
ENSG00000105576,2.2980974,0.0,10
ENSG00000229833,2.2930832,0.0,10
ENSG00000104368,0.3352372,0.0,10
ENSG00000132002_1,2.3147237,0.0,10
ENSG00000239039,1.9766213,3.1664894,10
ENSG00000130812_1,2.51258,1.7283537,10
ENSG00000077782_1,1.207188,1.2789822,10
ENSG00000246430,0.49090457,0.0,10
ENSG00000155087,0.29852453,0.0,10
ENSG00000196361,1.3032742,1.5021812,10
ENSG00000171954,0.7867818,1.8167714,10
ENSG00000104824,3.0109086,3.7588446,10
ENSG00000187955_1,0.8934888,0.0,10
ENSG00000090006_1,0.29197767,0.87301236,10
ENSG00000254415,0.5680433,1.5149726,10
ENSG00000125746_2,1.4064739,1.3109481,10
ENSG00000124469,0.18003207,0.4479081,10
ENSG00000168481,1.5602069,1.3292961,10
ENSG00000130312_1,2.660191,3.0951762,10
ENSG00000276980,0.25091428,1.7312664,10
ENSG00000267339,0.29898217,0.0,10
ENSG00000225950,0.81635785,0.0,10
ENSG00000204611,1.6253307,0.0,10
ENSG00000105701_1,1.179601,2.0875614,10
ENSG00000161277,2.3702097,1.8896546,10
ENSG00000267058,1.0049723,0.0,10
ENSG00000104946,2.931416,1.8868177,10
ENSG00000129451_1,0.3908303,1.088324,10
ENSG00000186562,0.12009958,0.0,10
ENSG00000137573_1,0.45298633,0.0,10
ENSG00000070756_3,2.2088041,4.5039105,10
ENSG00000268595,0.46553192,1.0975349,10
ENSG00000115255,1.5198003,1.1940979,10
ENSG00000105402_1,0.6712252,0.895312,10
ENSG00000186020,2.578404,0.0,10
ENSG00000289906,0.24074054,0.0,10
ENSG00000167378,2.8266513,0.0,10
ENSG00000179922,1.4730803,1.3982074,10
ENSG00000154319_1,0.4061475,0.0,10
ENSG00000167461,2.6128623,3.471167,10
ENSG00000205155,2.1071506,0.0,10
ENSG00000181790,1.7819453,1.9255854,10
ENSG00000167619,1.2613181,2.077346,10
ENSG00000254377_3,0.34917423,0.5748181,10
ENSG00000161016_1,2.4808147,4.0462728,10
ENSG00000293317_1,0.36448961,0.5473439,10
ENSG00000197217,1.9793828,2.3254213,10
ENSG00000237452,0.41546676,0.0,10
ENSG00000032444,0.8299643,0.0,10
ENSG00000104490_1,2.1707094,2.0271988,10
ENSG00000012124,0.3809565,0.0,10
ENSG00000159905,1.1812813,1.8050997,10
ENSG00000284505,0.2854157,0.0,10
ENSG00000180155_1,1.0140452,0.0,10
ENSG00000105467,2.803219,1.4167403,10
ENSG00000180190_1,0.74232835,0.0,10
ENSG00000071626,2.745757,2.2681637,10
ENSG00000105366_1,0.26846346,0.97312784,10
ENSG00000130758,2.3080583,1.5735446,10
ENSG00000129295,0.7810979,0.75273967,10
ENSG00000254101_2,0.9815665,0.0,10
ENSG00000291231_1,0.30504644,1.0272517,10
ENSG00000283632,0.31655478,0.74770695,10
ENSG00000197265,2.7527585,1.8208777,10
ENSG00000172728_1,2.2694273,2.2084198,10
ENSG00000160439,1.6592062,2.4419606,10
ENSG00000213638,2.8686037,2.7223213,10
ENSG00000167642,1.2569909,1.4447316,10
ENSG00000142273,0.5559326,1.6040207,10
ENSG00000123143_2,1.381785,0.0,10
ENSG00000248099,0.4375123,1.1950135,10
ENSG00000130803,1.7731553,2.5550945,10
ENSG00000245680,1.2568653,0.0,10
ENSG00000089335,2.5418236,2.3531966,10
ENSG00000120992,2.5721188,2.8134582,10
ENSG00000181666_1,1.7683067,0.0,10
ENSG00000178209_2,1.7295737,1.5851334,10
ENSG00000205517_1,0.61958313,1.1031878,10
ENSG00000077312,3.0716178,0.0,10
ENSG00000164733,0.29079622,0.0,10
ENSG00000164932,1.3219137,1.905094,10
ENSG00000130529,0.7001615,1.0378327,10
ENSG00000167645,2.3125033,2.5005972,10
ENSG00000167700,2.227987,1.8034639,10
ENSG00000007264,1.3593973,1.3164107,10
ENSG00000130307,0.22857013,0.0,10
ENSG00000186918,1.9794912,2.3791242,10
ENSG00000196337,0.5311361,0.90605474,10
ENSG00000080573,0.7512826,1.5222225,10
ENSG00000104884,2.2192032,2.2820394,10
ENSG00000081665,2.3045175,0.0,10
ENSG00000064687,2.0836754,0.0,10
ENSG00000142303,1.3112633,1.6440021,10
ENSG00000104432,1.0077503,0.0,10
ENSG00000291177,2.1249177,2.1941895,10
ENSG00000198342,1.532393,1.1250907,10
ENSG00000155099,2.3811183,3.0076838,10
ENSG00000104529_2,2.4136121,3.490721,10
ENSG00000120885_1,0.23282734,0.5933082,10
ENSG00000267519,2.1469464,1.9126577,10
ENSG00000105327,2.5671558,2.3740551,10
ENSG00000115266_1,0.5980219,1.0569811,10
ENSG00000087088,2.6612554,2.7509563,10
ENSG00000127903,0.7536192,1.1208042,10
ENSG00000201782,0.23153001,0.0,10
ENSG00000213793,1.0598824,1.9837481,10
ENSG00000126934,0.340606,0.0,10
ENSG00000147439,1.909014,2.5383675,10
ENSG00000104343,1.697099,2.2575874,10
ENSG00000142065,2.053268,1.771425,10
ENSG00000105366,0.26109776,0.0,10
ENSG00000160439_1,0.33348164,0.9530006,10
ENSG00000104870_2,0.55775917,1.2188767,10
ENSG00000095066,1.3543811,0.0,10
ENSG00000185728,2.7854404,2.7993999,10
ENSG00000064961_1,2.1526012,2.048605,10
ENSG00000164751_1,2.7726066,2.7999501,10
ENSG00000198551_1,2.5823216,1.8541845,10
ENSG00000160392_1,2.5155416,0.0,10
ENSG00000158856_3,0.39392686,0.0,10
ENSG00000184635,1.8875173,1.972499,10
ENSG00000099622_1,2.706903,3.4108987,10
ENSG00000070756_1,0.19674236,1.2707092,10
ENSG00000105479,0.5099662,0.707766,10
ENSG00000090006_5,0.9164968,1.1658672,10
ENSG00000012061,2.2644353,0.0,10
ENSG00000131355,0.26914558,0.0,10
ENSG00000189376,1.9067023,2.2916198,10
ENSG00000164816,0.233383,0.0,10
ENSG00000185900,2.2684236,2.383566,10
ENSG00000104408_1,2.336164,1.4010575,10
ENSG00000147642_4,0.7341141,1.5345718,10
ENSG00000083844,1.8649232,2.195706,10
ENSG00000076944,1.6834865,2.5674627,10
ENSG00000171773,0.36391875,1.1490189,10
ENSG00000253557_1,0.21898714,0.0,10
ENSG00000160877,1.6829963,1.9390697,10
ENSG00000189001,0.23624319,0.0,10
ENSG00000253438_1,0.18680792,0.0,10
ENSG00000197766,0.2687006,0.8350942,10
ENSG00000007255,2.391994,1.7668737,10
ENSG00000147481_3,0.49905068,0.90608174,10
ENSG00000167644,0.41299418,0.0,10
ENSG00000164934,2.2711775,2.8196096,10
ENSG00000204869,0.23013747,0.0,10
ENSG00000253474,0.2423515,1.3456482,10
ENSG00000121417,1.3160725,1.9434649,10
ENSG00000127528,2.019106,1.9516871,10
ENSG00000104881_1,1.7521162,1.6462665,10
ENSG00000184428_1,1.2534994,0.9200189,10
ENSG00000290606,0.1308299,0.0,10
ENSG00000011422_1,1.2674886,1.9685483,10
ENSG00000156787,1.7139064,2.1055613,10
ENSG00000177182,0.2526802,0.0,10
ENSG00000261824,1.2060939,1.8064717,10
ENSG00000287467,0.22343543,0.0,10
ENSG00000171747,0.33296496,1.408469,10
ENSG00000172733,1.83621,1.901747,10
ENSG00000292982,2.0603032,2.5799687,10
ENSG00000173530,1.7514008,2.5742025,10
ENSG00000167562_1,1.3758962,1.3456677,10
ENSG00000164935,0.2057131,0.0,10
ENSG00000175445,0.56775117,1.0532322,10
ENSG00000293495,2.8936167,2.9673665,10
ENSG00000179943,2.379685,2.063386,10
ENSG00000105341,2.012795,0.0,10
ENSG00000198482_1,1.6450071,1.875206,10
ENSG00000170956,0.24079114,0.0,10
ENSG00000128000,1.7861297,2.2616792,10
ENSG00000104635,1.9535662,2.2972527,10
ENSG00000197353,0.36582348,0.9806396,10
ENSG00000120896_3,0.33989546,0.7935809,10
ENSG00000160886,0.6375575,1.3258849,10
ENSG00000253926,0.62499726,0.7076894,10
ENSG00000153317,0.36630735,0.0,10
ENSG00000158856_4,0.3194614,0.0,10
ENSG00000079805,2.819896,2.8480265,10
ENSG00000104964_1,2.3071938,3.1814034,10
ENSG00000253678,0.3354122,0.0,10
ENSG00000168661,1.0909009,1.5520717,10
ENSG00000198538,1.5282223,2.0948658,10
ENSG00000130208_1,0.4254058,0.35789675,10
ENSG00000168672_1,0.91462,1.3983567,10
ENSG00000105443,2.0695047,2.406467,10
ENSG00000070423,2.4866076,2.76636,10
ENSG00000104450,1.8918539,2.27591,10
ENSG00000105220,1.7498058,0.0,10
ENSG00000105383,0.33653483,1.8957992,10
ENSG00000105287,0.46665213,0.0,10
ENSG00000240694,1.010495,0.9465996,10
ENSG00000104219,2.097526,2.0261655,10
ENSG00000290988,0.58425415,1.025879,10
ENSG00000072954,2.193992,1.9620756,10
ENSG00000204514,1.6023514,2.5658395,10
ENSG00000180257,2.223102,2.0145626,10
ENSG00000253893_1,0.3550534,0.0,10
ENSG00000104859,2.351626,2.4848506,10
ENSG00000261236,2.4263272,2.9625084,10
ENSG00000104611,0.8375015,1.1377022,10
ENSG00000142512,1.2002982,0.0,10
ENSG00000142515,0.27984083,0.6511132,10
ENSG00000167759_1,0.42757878,0.0,10
ENSG00000066827_1,0.40336403,0.0,10
ENSG00000172687,1.7788382,2.4199228,10
ENSG00000105281_2,1.5152808,2.986004,10
ENSG00000254775,0.17393115,0.0,10
ENSG00000182087,2.8775148,2.9476836,10
ENSG00000161640,0.5020276,0.0,10
ENSG00000254687,0.24653777,0.0,10
ENSG00000099817,2.4903083,3.003383,10
ENSG00000105443_1,2.4903154,2.1675477,10
ENSG00000131931,2.469555,2.6010273,10
ENSG00000243130,0.26200056,0.0,10
ENSG00000073008,1.0573256,1.7016716,10
ENSG00000123815_1,2.5975165,2.1283863,10
ENSG00000104863,1.0963346,1.4976897,10
ENSG00000253490,0.29530212,0.0,10
ENSG00000167460_4,0.502527,0.0,10
ENSG00000176406,1.1373779,1.3178962,10
ENSG00000270164,0.47068274,0.0,10
ENSG00000161265,1.347052,1.9178939,10
ENSG00000291080,1.9107299,1.6526331,10
ENSG00000011590_1,1.9896512,2.784988,10
ENSG00000104450_1,0.892184,0.0,10
ENSG00000168575,0.23100096,0.0,10
ENSG00000105379,2.4928486,0.0,10
ENSG00000129351,2.750894,3.4559877,10
ENSG00000267201,1.0090017,0.0,10
ENSG00000253230_2,1.0484854,1.2938265,10
ENSG00000158815,0.40575424,0.9400979,10
ENSG00000105708,1.7848303,2.0565772,10
ENSG00000160318,0.5152455,0.0,10
ENSG00000160932,2.483454,3.2253094,10
ENSG00000141971_2,2.4232597,2.1652029,10
ENSG00000087074,2.7483351,2.8598034,10
ENSG00000253133,2.3567884,2.474867,10
ENSG00000133275,2.6368988,2.7336009,10
ENSG00000167641,0.3105242,0.7676604,10
ENSG00000183779,1.7443666,1.6864575,10
ENSG00000204653,0.3402008,1.18489,10
ENSG00000105397,0.8170099,1.469925,10
ENSG00000261437,0.61581707,1.0053092,10
ENSG00000080031_1,0.39188725,1.6315076,10
ENSG00000250305,0.8660756,1.6844863,10
ENSG00000176909_1,0.38166466,0.0,10
ENSG00000164822,0.27415517,0.992421,10
ENSG00000124444,2.8478856,2.3285222,10
ENSG00000032444_2,2.0158434,2.1250353,10
ENSG00000197863_2,1.3602583,1.334695,10
ENSG00000079999,1.9593452,2.0223458,10
ENSG00000221818_1,0.7123113,1.0391364,10
ENSG00000254340,0.23673287,0.0,10
ENSG00000261667,0.41945297,0.8880109,10
ENSG00000178538,0.83574855,1.4833233,10
ENSG00000136574,0.2879655,0.0,10
ENSG00000086967,0.4738941,1.4005708,10
ENSG00000160460_2,1.1047308,0.0,10
ENSG00000167460,0.42651573,0.0,10
ENSG00000125505_1,2.6640677,2.2427301,10
ENSG00000104980,2.5573075,2.8976617,10
ENSG00000164733_1,0.39303142,0.940068,10
ENSG00000287952,2.1037877,3.73707,10
ENSG00000229676,0.4269143,0.9836353,10
ENSG00000105613,1.4918946,0.0,10
ENSG00000188283_1,2.311306,1.8564208,10
ENSG00000197808,1.1824479,1.73075,10
ENSG00000167554,0.8339504,0.0,10
ENSG00000167617,0.46811655,0.0,10
ENSG00000254618,0.18705884,1.7648976,10
ENSG00000071564,2.759824,3.2234077,10
ENSG00000269054,2.3121781,1.5362301,10
ENSG00000104313_2,0.74198127,1.317129,10
ENSG00000104814,0.56521755,0.0,10
ENSG00000142546_1,2.1506124,2.5817244,10
ENSG00000105520,0.53930676,1.3178335,10
ENSG00000213023,0.4919,0.0,10
ENSG00000132561_2,0.33793744,0.0,10
ENSG00000183850_1,0.56543213,1.1109599,10
ENSG00000120896_2,0.37516263,0.84540814,10
ENSG00000104805,1.8711023,2.537353,10
ENSG00000141934,1.219487,1.0108509,10
ENSG00000147586,2.351612,1.0404046,10
ENSG00000167632_2,2.3504033,2.3028264,10
ENSG00000129991_2,0.17881733,0.5267398,10
ENSG00000141837_2,1.1677295,1.5521326,10
ENSG00000161847,2.4524438,3.0395806,10
ENSG00000167910,0.19992694,0.0,10
ENSG00000176909,0.45012954,0.0,10
ENSG00000196357_1,2.6945214,1.951726,10
ENSG00000256771,2.1424615,1.5946908,10
ENSG00000108106,2.8700218,3.3240106,10
ENSG00000180938,0.58103025,0.0,10
ENSG00000125730,0.4572169,0.0,10
ENSG00000105219,0.36891901,1.1109935,10
ENSG00000131941,1.3056936,1.653849,10
ENSG00000120913_4,0.42362368,0.8843025,10
ENSG00000099797_1,0.51963645,1.2316225,10
ENSG00000119559,2.2714405,2.2715025,10
ENSG00000156735_1,0.15631947,0.0,10
ENSG00000178287,0.17013614,0.0,10
ENSG00000104218,1.7822714,2.3523831,10
ENSG00000239998,0.49766818,0.0,10
ENSG00000198363_1,0.14100479,0.0,10
ENSG00000253339_1,0.21731865,0.0,10
ENSG00000105227_2,0.3504153,0.0,10
ENSG00000012232_1,2.3264456,2.2279844,10
ENSG00000178209_1,1.1266632,1.0081315,10
ENSG00000104375_1,0.7184783,0.0,10
ENSG00000160014,2.819646,3.616321,10
ENSG00000156011_3,0.19978067,0.0,10
ENSG00000104413,0.31488556,0.6963739,10
ENSG00000105447,2.4937613,2.733686,10
ENSG00000284638,0.73475933,0.0,10
ENSG00000156802_1,1.5701997,0.0,10
ENSG00000173334,1.8309304,2.540188,10
ENSG00000229140_1,0.16735026,0.0,10
ENSG00000018869,1.9221166,0.0,10
ENSG00000104412,2.3071737,3.061113,10
ENSG00000160949,2.3558023,2.3051965,10
ENSG00000214248,2.3558571,1.2249835,10
ENSG00000253138_2,0.23437762,0.0,10
ENSG00000133742,0.13580704,0.0,10
ENSG00000132002_2,0.36324412,1.4353027,10
ENSG00000253161_1,0.15136203,0.0,10
ENSG00000267673_1,1.0537292,2.3476422,10
ENSG00000253665,0.26915872,0.0,10
ENSG00000282164,0.56413966,1.0668885,10
ENSG00000154188_1,0.22862688,0.0,10
ENSG00000170786,0.8955722,1.0777311,10
ENSG00000196365,2.8677773,2.9578466,10
ENSG00000175324,2.079904,2.781116,10
ENSG00000042753_1,1.1581355,0.0,10
ENSG00000104755_1,0.29863027,0.0,10
ENSG00000029534_2,0.3011624,0.0,10
ENSG00000171804,1.8434538,0.0,10
ENSG00000147364,1.7792722,0.0,10
ENSG00000024422,0.6076009,1.3748217,10
ENSG00000164749,0.25599915,2.321671,10
ENSG00000123146_2,2.1543267,3.0116677,10
ENSG00000164764,1.376682,1.1783149,10
ENSG00000174951,0.69551873,0.0,10
ENSG00000105258,2.3297777,2.6031108,10
ENSG00000125746_4,1.3057702,0.0,10
ENSG00000291049,2.4636357,1.6835604,10
ENSG00000104205,1.3861207,1.5739502,10
ENSG00000188493,2.9361296,2.8037574,10
ENSG00000157110_3,0.39535385,0.53089094,10
ENSG00000253210,2.4370825,1.4995221,10
ENSG00000253394,0.1694521,0.0,10
ENSG00000147533,2.2590427,2.8420916,10
ENSG00000141965,2.7969544,2.1611223,10
ENSG00000269243,1.2612197,0.0,10
ENSG00000105357,0.2050674,0.0,10
ENSG00000105699_2,2.4389262,2.8949432,10
ENSG00000105329_1,2.2539573,3.4421346,10
ENSG00000087086,2.2515929,4.1823406,10
ENSG00000167671_2,1.827071,2.2460995,10
ENSG00000171060,0.23118761,0.0,10
ENSG00000177191,0.67986083,0.0,10
ENSG00000104859_1,1.2623469,0.95454156,10
ENSG00000198363_4,2.0848022,2.6354134,10
ENSG00000177380,1.5879663,1.2902795,10
ENSG00000147570,0.36056516,0.0,10
ENSG00000172006,1.6402335,1.6261761,10
ENSG00000105131,1.1429186,1.7976483,10
ENSG00000066044,2.5874138,3.082412,10
ENSG00000104613,2.3860145,2.652199,10
ENSG00000253711,0.16558018,0.0,10
ENSG00000186115,0.20374218,0.84539574,10
ENSG00000104626,2.268949,2.8037438,10
ENSG00000130749_1,1.7779224,2.1679256,10
ENSG00000167578,3.2144828,2.2147193,10
ENSG00000291145,2.6717975,0.0,10
ENSG00000254377_4,0.37827882,0.7819707,10
ENSG00000253161_4,0.17220433,0.0,10
ENSG00000176797,0.15376402,0.0,10
ENSG00000188368,1.5848107,2.0960057,10
ENSG00000077782_3,1.4791822,1.943638,10
ENSG00000105656,2.6338334,2.60707,10
ENSG00000104964,1.8919224,1.8798009,10
ENSG00000104522,2.4488013,2.5320904,10
ENSG00000221869,1.1572524,1.4532877,10
ENSG00000105374,1.5746832,1.1896138,10
ENSG00000205186,0.17478418,0.0,10
ENSG00000180739,0.6374712,0.84331375,10
ENSG00000165046_3,0.25081903,0.0,10
ENSG00000129990_1,0.56421775,1.0232112,10
ENSG00000187902,0.8794445,1.008089,10
ENSG00000183668,0.17508745,0.0,10
ENSG00000251003,0.24802816,0.8710823,10
ENSG00000083807,1.9296762,2.1068807,10
ENSG00000273111,0.44216508,0.50943106,10
ENSG00000141933,2.7939758,2.1527958,10
ENSG00000213563,1.7164949,1.871386,10
ENSG00000253853,0.6153111,0.0,10
ENSG00000104497,2.316977,1.3339106,10
ENSG00000171291,0.8307392,0.0,10
ENSG00000121022,2.1443639,2.9866097,10
ENSG00000011478,2.7517834,2.220108,10
ENSG00000197892,0.21270931,0.0,10
ENSG00000105514_1,2.4130168,2.2757995,10
ENSG00000079313_1,2.6977582,2.2879987,10
ENSG00000140396_1,2.2138445,2.1881688,10
ENSG00000178209_3,2.4354582,2.0510135,10
ENSG00000253339,0.2328569,0.0,10
ENSG00000181027,2.0602238,2.4837785,10
ENSG00000105290,1.3113701,2.0887737,10
ENSG00000254202,0.20805156,0.0,10
ENSG00000267014,0.20213038,0.0,10
ENSG00000167613,0.36836573,0.0,10
ENSG00000253314,0.19729382,0.0,10
ENSG00000066827,1.4239777,1.8369125,10
ENSG00000206579,1.4965571,1.965766,10
ENSG00000180061,0.28657934,0.0,10
ENSG00000130254,2.9053998,2.899185,10
ENSG00000213904_1,0.88654983,1.0150243,10
ENSG00000125503,2.3903024,2.2209184,10
ENSG00000130300,0.41731015,1.1131743,10
ENSG00000180190,0.5822943,1.3878701,10
ENSG00000076554_2,0.32975814,1.276048,10
ENSG00000104853,1.595595,0.0,10
ENSG00000130528,0.29750127,0.86911434,10
ENSG00000082556,0.91196066,1.2448212,10
ENSG00000063177_1,2.9010904,4.0687017,10
ENSG00000268318,0.28734994,0.0,10
ENSG00000132561_1,0.20613632,0.0,10
ENSG00000142552,0.66332775,0.914819,10
ENSG00000147526,0.37811434,0.5433602,10
ENSG00000125744,0.9833299,0.0,10
ENSG00000234906,0.35107246,0.0,10
ENSG00000171320_1,2.269374,2.861369,10
ENSG00000147408_4,0.5514723,1.1668148,10
ENSG00000186010,2.371438,3.1607895,10
ENSG00000176472_1,2.3187077,0.0,10
ENSG00000286125,0.5167158,0.0,10
ENSG00000065989,1.370501,1.886265,10
ENSG00000072062_1,2.4444194,2.963755,10
ENSG00000197647,1.518287,0.98511195,10
ENSG00000090661_1,2.3360934,1.7663385,10
ENSG00000147649_1,0.19269219,0.0,10
ENSG00000170906,2.3690972,3.2425737,10
ENSG00000269343,2.288468,2.5751936,10
ENSG00000104321,1.0317706,0.0,10
ENSG00000233527_1,2.5167422,2.1501238,10
ENSG00000176472,2.4575942,1.9073038,10
ENSG00000104313_1,0.18729731,0.0,10
ENSG00000129354_1,0.65904367,0.7502306,10
ENSG00000167755_1,0.28903633,0.0,10
ENSG00000124299,1.3549669,2.3438869,10
ENSG00000132554,0.48261344,0.0,10
ENSG00000038945,0.19238031,0.0,10
ENSG00000147324,1.8312294,2.0779853,10
ENSG00000104833,0.70644426,0.7425759,10
ENSG00000105576_2,2.5295086,1.9245635,10
ENSG00000177257,0.36096713,0.0,10
ENSG00000204653_1,0.5150959,0.0,10
ENSG00000105717,2.034151,2.188425,10
ENSG00000197619,1.3089349,0.0,10
ENSG00000125726,3.0282955,3.4009178,10
ENSG00000120885_2,1.047647,1.3896267,10
ENSG00000254277,0.1644448,0.0,10
ENSG00000179168,0.48633143,0.88058496,10
ENSG00000213096,1.5967023,2.2693238,10
ENSG00000142444,2.2645104,2.1837537,10
ENSG00000147586_2,2.3161888,2.7372086,10
ENSG00000147475,2.4964018,2.3327796,10
ENSG00000251247_1,1.2965157,0.0,10
ENSG00000171606,2.1773422,1.97488,10
ENSG00000079102,0.5490288,0.60055906,10
ENSG00000099864_1,1.6960107,1.6068219,10
ENSG00000105289,0.40963548,0.0,10
ENSG00000196415,0.25600713,0.70772344,10
ENSG00000269235,0.22860026,0.0,10
ENSG00000167641_1,0.95587677,1.4269177,10
ENSG00000167646_1,0.597185,1.187673,10
ENSG00000129437,0.27590945,0.0,10
ENSG00000011485,2.465291,2.7917588,10
ENSG00000105492,0.59559125,0.0,10
ENSG00000167757,0.6164027,1.3589622,10
ENSG00000269699,0.89945567,1.3287057,10
ENSG00000104529,2.1170359,1.2448286,10
ENSG00000105219_1,0.9287846,1.6367687,10
ENSG00000105223_1,0.59271324,0.0,10
ENSG00000132024,2.1983707,2.3790643,10
ENSG00000142002_2,2.3881845,2.8010316,10
ENSG00000173273_2,0.90906984,0.0,10
ENSG00000105127,2.6010323,2.5921767,10
ENSG00000235531,2.8490462,3.0133514,10
ENSG00000253408_1,2.6184814,1.671839,10
ENSG00000128016,2.7406206,3.4949696,10
ENSG00000129911,2.4794097,2.7580106,10
ENSG00000120899_2,1.8489335,2.8402748,10
ENSG00000129968,1.8206047,2.4208894,10
ENSG00000176853,2.2825158,2.680602,10
ENSG00000179820_3,0.5870537,0.0,10
ENSG00000198129,0.20135167,0.0,10
ENSG00000158856_5,0.28776413,0.67288256,10
ENSG00000228801,2.439577,1.8185163,10
ENSG00000254777,1.8348778,1.7969904,10
ENSG00000179909,0.81717986,0.0,10
ENSG00000253666,2.3579993,2.3378086,10
ENSG00000237807_1,0.18343705,0.0,10
ENSG00000160410_1,1.7643194,1.2022158,10
ENSG00000169495,1.2323318,1.5628042,10
ENSG00000104946_1,2.136031,0.0,10
ENSG00000142405,0.2978995,0.0,10
ENSG00000248538_2,0.21996492,0.0,10
ENSG00000104419,0.23252511,0.0,10
ENSG00000188629,0.4323318,1.1904438,10
ENSG00000290829,1.0666453,0.85144794,10
ENSG00000022556,0.6917229,0.0,10
ENSG00000267041,2.2847526,1.9628427,10
ENSG00000269439_1,2.756366,2.7755594,10
ENSG00000164808,2.249323,2.3942835,10
ENSG00000213988,0.5728914,1.2520614,10
ENSG00000104231,1.7914268,2.631049,10
ENSG00000099625,1.6708351,1.711824,10
ENSG00000180855,1.5923749,2.101283,10
ENSG00000283555,0.1401655,0.8433449,10
ENSG00000252179,0.14133021,0.0,10
ENSG00000029534_3,0.46262196,1.3645698,10
ENSG00000130518,0.3060618,0.0,10
ENSG00000275183,1.7012005,1.3902284,10
ENSG00000127663,2.2946198,2.6229959,10
ENSG00000198028,0.37094527,0.0,10
ENSG00000166704,2.296931,1.9503648,10
ENSG00000253363,0.20524526,0.0,10
ENSG00000099203,2.7442684,1.592887,10
ENSG00000104325,2.2225237,3.0645478,10
ENSG00000129422,0.26187465,0.0,10
ENSG00000286138,2.1555564,1.2708232,10
ENSG00000158856_1,0.28500304,0.6348801,10
ENSG00000011332,1.0129402,1.2215968,10
ENSG00000136997_3,1.5245553,1.7034547,10
ENSG00000221803,0.3474263,0.0,10
ENSG00000042832_2,0.2407853,0.0,10
ENSG00000153310,2.5007997,2.4411025,10
ENSG00000105227_1,0.46848866,0.0,10
ENSG00000104765,2.254909,3.1764472,10
ENSG00000167554_1,0.1994622,0.0,10
ENSG00000178078,0.84237385,1.6835027,10
ENSG00000178814_1,0.86373043,1.2349726,10
ENSG00000142528,2.313189,0.0,10
ENSG00000186579,0.15054196,0.0,10
ENSG00000267606,0.66307676,0.93013364,10
ENSG00000105404,1.6471236,1.9001273,10
ENSG00000147596,0.59177625,0.8861522,10
ENSG00000147548,2.543963,2.5267913,10
ENSG00000076554_1,0.44423437,1.0164065,10
ENSG00000268889,2.5542414,2.0716095,10
ENSG00000164695,0.45507443,1.8132674,10
ENSG00000130477_1,0.85025537,1.0777457,10
ENSG00000125657,2.858945,3.0709684,10
ENSG00000130193,2.5323853,2.4868977,10
ENSG00000078668,2.8193574,3.1441631,10
ENSG00000243137,0.15952957,0.69357747,10
ENSG00000179698_1,1.5706158,1.6604575,10
ENSG00000167595,2.4165792,2.2628376,10
ENSG00000104960,1.5590682,1.8658203,10
ENSG00000042980,0.37256476,0.0,10
ENSG00000291317,1.2386817,1.6354938,10
ENSG00000147481,0.54436594,1.0894847,10
ENSG00000105641,0.5601098,1.4676229,10
ENSG00000060566,0.38551697,1.9019077,10
ENSG00000197540,0.48619488,0.75531065,10
ENSG00000249859,1.5395052,0.0,10
ENSG00000147813_1,1.164978,0.0,10
ENSG00000176406_2,0.1632835,0.80265063,10
ENSG00000083807_1,0.50982404,1.229221,10
ENSG00000131126,0.27310908,0.0,10
ENSG00000147654_1,1.795889,2.2503345,10
ENSG00000170608,0.8580093,1.1830134,10
ENSG00000228887,0.46368313,2.3247762,10
ENSG00000077782_2,1.700145,1.3920107,10
ENSG00000011451_2,1.7851245,1.6977522,10
ENSG00000105516,2.1211371,1.9856402,10
ENSG00000216490_1,2.5015218,3.7345414,10
ENSG00000245598,1.0068287,0.0,10
ENSG00000175221,2.401081,2.501444,10
ENSG00000105372_1,2.9603033,1.8662224,10
ENSG00000147592,1.9261016,2.495314,10
ENSG00000126261,2.302131,3.2817717,10
ENSG00000169393,0.17511997,0.0,10
ENSG00000184156,1.6257741,2.011951,10
ENSG00000104415,0.31819147,0.0,10
ENSG00000131944,2.015824,2.1857517,10
ENSG00000104722,1.1419976,1.072948,10
ENSG00000105298,2.4017565,2.3138926,10
ENSG00000167632,0.271282,0.7242021,10
ENSG00000176782,0.1612381,0.65421504,10
ENSG00000121005,0.94131696,1.2886739,10
ENSG00000179134,2.4816797,2.3106573,10
ENSG00000184661,2.681507,2.7719328,10
ENSG00000185198,0.37402672,0.7187507,10
ENSG00000288704,2.3797448,1.3365998,10
ENSG00000198791_1,2.3259723,3.0226016,10
ENSG00000197128,1.328109,1.8182787,10
ENSG00000064547_1,1.2090833,2.1978867,10
ENSG00000167615,2.894069,2.9268363,10
ENSG00000076662,0.5175599,1.1293354,10
ENSG00000203326,1.9467385,0.0,10
ENSG00000104728,0.97797716,0.92681044,10
ENSG00000176182,2.2407312,2.2305384,10
ENSG00000290427,0.24276689,0.0,10
ENSG00000090006_6,1.1277497,1.7795964,10
ENSG00000132026_1,0.6327772,1.0378247,10
ENSG00000062822,2.362248,2.591671,10
ENSG00000164687,1.9023482,3.8423314,10
ENSG00000104763,2.4777112,2.8941255,10
ENSG00000147604,2.044853,2.691307,10
ENSG00000130299,1.5015663,0.88982254,10
ENSG00000007080,2.430577,2.7511797,10
ENSG00000179091,2.2503095,3.1595461,10
ENSG00000077463,2.3021,2.4272182,10
ENSG00000130748,2.1897764,2.337968,10
ENSG00000205268,2.716763,2.6581259,10
ENSG00000253395,1.4262851,1.322674,10
ENSG00000085872_1,2.5525522,3.124993,10
ENSG00000204604,1.7979211,2.3636966,10
ENSG00000160410_2,0.2409766,0.0,10
ENSG00000074181,1.0960863,0.0,10
ENSG00000133872,1.7946236,0.99818087,10
ENSG00000188171,0.6267617,1.4847836,10
ENSG00000267159,0.32755873,0.0,10
ENSG00000005007,2.5458684,2.8522177,10
ENSG00000090971,1.7932838,1.730233,10
ENSG00000164919,2.2152526,3.7274373,10
ENSG00000104228,2.5400658,2.3070037,10
ENSG00000105058,2.2349143,3.1204488,10
ENSG00000091656_1,0.44335398,0.0,10
ENSG00000105204,2.070666,1.4123429,10
ENSG00000165084,1.1147004,1.285062,10
ENSG00000197124,0.86452395,0.67883694,10
ENSG00000251369,1.161295,1.8824106,10
ENSG00000161677,2.2434628,1.1677927,10
ENSG00000170619,2.207104,2.205456,10
ENSG00000267575_1,1.9119399,1.6974647,10
ENSG00000188033,2.5568068,0.0,10
ENSG00000160392,2.5409455,0.0,10
ENSG00000181588,1.9818332,2.1222813,10
ENSG00000221878,0.22709778,0.0,10
ENSG00000178860,1.9487237,1.5007578,10
ENSG00000076928_1,2.4194229,1.7328873,10
ENSG00000125734_1,3.0208879,2.319283,10
ENSG00000120896_1,1.1385113,1.0024555,10
ENSG00000125740,0.7391171,1.2730314,10
ENSG00000177570,2.2589688,2.5069797,10
ENSG00000253880,0.24745369,0.0,10
ENSG00000256683,1.1954825,2.013907,10
ENSG00000152475,2.4820526,1.5822906,10
ENSG00000253230_3,1.2523445,0.97011435,10
ENSG00000176209,1.7534108,2.0503025,10
ENSG00000035681_1,0.25411144,0.0,10
ENSG00000066777,2.4201183,2.4155376,10
ENSG00000137561,1.3489487,1.7082679,10
ENSG00000160973,0.28097963,0.81153476,10
ENSG00000267169,2.5228791,1.7560028,10
ENSG00000267858_1,2.576947,2.1243086,10
ENSG00000063245_1,1.0305694,1.1754017,10
ENSG00000141985,2.5801191,2.7044027,10
ENSG00000147316,2.461608,2.7334692,10
ENSG00000186020_1,2.0107887,1.3920107,10
ENSG00000213297,1.4694964,1.2495164,10
ENSG00000164756,0.31561416,0.0,10
ENSG00000164821,0.22749528,0.85349745,10
ENSG00000179820_2,0.7006959,0.0,10
ENSG00000104951,2.5367866,3.1592934,10
ENSG00000167565,2.4398952,2.3882823,10
ENSG00000178297,0.33872905,0.0,10
ENSG00000160994,0.6700439,1.2967091,10
ENSG00000105131_1,0.47471276,1.0164065,10
ENSG00000091879,0.44228697,0.5709747,10
ENSG00000105605,1.05833,1.4296069,10
ENSG00000164920,1.6783457,0.9967524,10
ENSG00000125733_1,1.7258081,1.1303982,10
ENSG00000130309,2.3679638,2.70293,10
ENSG00000161609,0.4700309,0.0,10
ENSG00000105325,2.516511,1.5982542,10
ENSG00000255491_1,0.2060889,0.0,10
ENSG00000187994_1,1.7542329,2.382588,10
ENSG00000253619,0.2411958,1.3326203,10
ENSG00000130810,2.5412366,0.0,10
ENSG00000147457_1,2.4516554,2.0614412,10
ENSG00000010310,1.9684541,2.0647237,10
ENSG00000173281_1,1.1413687,1.0531937,10
ENSG00000165061,0.558664,1.1417413,10
ENSG00000160013,0.7971109,2.081405,10
ENSG00000269855,0.35243693,0.8266837,10
ENSG00000197561,0.3258262,0.0,10
ENSG00000104976_1,1.1021044,1.5043757,10
ENSG00000253824,0.34656644,0.0,10
ENSG00000205883,0.2253781,0.0,10
ENSG00000172167,1.8606573,0.0,10
ENSG00000240403,0.3564543,0.0,10
ENSG00000286034,0.21235526,0.0,10
ENSG00000164961,2.297477,2.386811,10
ENSG00000011132,2.2534785,2.1377306,10
ENSG00000099308,1.9976646,2.1526766,10
ENSG00000105538,0.2051006,0.0,10
ENSG00000120875,2.3637643,3.2067423,10
ENSG00000160959,2.4256938,1.8717772,10
ENSG00000156831,1.9557157,2.5163305,10
ENSG00000189114,1.6550772,2.1575687,10
ENSG00000099785,1.8073956,1.836903,10
ENSG00000189377,0.16730005,0.0,10
ENSG00000155926,0.3023992,0.0,10
ENSG00000130475,1.9568713,1.9774767,10
ENSG00000164823,1.2443815,1.7453325,10
ENSG00000186300,2.134471,1.7971914,10
ENSG00000155096_1,0.32285646,0.0,10
ENSG00000127540,2.3394775,3.2777283,10
ENSG00000099864_2,0.20211613,0.0,10
ENSG00000291086,2.1403508,2.077037,10
ENSG00000108107_1,1.9051218,2.596817,10
ENSG00000130227_1,0.18925971,0.0,10
ENSG00000089356_1,0.2007277,0.0,10
ENSG00000105641_1,0.21454391,0.66363496,10
ENSG00000130475_2,0.58558244,0.9200189,10
ENSG00000167646,0.3826374,0.0,10
ENSG00000186583_1,0.9505749,1.2715327,10
ENSG00000132561,1.2509954,1.5223268,10
ENSG00000104903_2,1.473882,1.8242886,10
ENSG00000167904,2.6710558,2.5201964,10
ENSG00000196724,1.1938396,1.0417242,10
ENSG00000267448,0.32086,0.0,10
ENSG00000196350,0.47553676,0.0,10
ENSG00000267308,0.15456775,0.0,10
ENSG00000253161_3,0.18740037,0.0,10
ENSG00000074219_1,0.40703645,0.0,10
ENSG00000170909,0.33655578,0.8071628,10
ENSG00000105699_1,2.5519643,2.9869509,10
ENSG00000087903_1,1.9485772,1.6654637,10
ENSG00000104442,2.3379803,0.0,10
ENSG00000198482,2.0596774,0.0,10
ENSG00000105664,0.6938162,0.92337877,10
ENSG00000153310_1,2.2818422,2.2698958,10
ENSG00000207166,0.53736466,0.0,10
ENSG00000179913_1,0.7230617,0.0,10
ENSG00000105323_2,2.0954018,2.477541,10
ENSG00000167815_1,2.1205854,2.8252509,10
ENSG00000105519,0.26193258,0.88434213,10
ENSG00000104774_1,2.183616,3.0373907,10
ENSG00000171574,1.8040768,1.5034639,10
ENSG00000147614,0.18631446,0.0,10
ENSG00000155926_2,0.27638516,0.0,10
ENSG00000126453,2.103376,2.5683966,10
ENSG00000198042,2.4708471,3.0327678,10
ENSG00000064932_3,2.0945005,2.6750953,10
ENSG00000124449,0.36043346,0.0,10
ENSG00000128626,2.5087981,2.962898,10
ENSG00000156413,0.30103326,0.0,10
ENSG00000186106,2.0273833,2.5515232,10
ENSG00000253972,0.13599783,0.0,10
ENSG00000104901,0.3375023,0.0,10
ENSG00000181035,2.2214155,1.7549596,10
ENSG00000198846,1.4605211,0.0,10
ENSG00000229140_3,0.38403448,0.0,10
ENSG00000168615_1,0.30613104,0.0,10
ENSG00000147434_1,1.2950085,1.530315,10
ENSG00000104936_1,0.33633384,1.0557222,10
ENSG00000167654,0.810143,1.4548448,10
ENSG00000228300,2.8156588,3.0504959,10
ENSG00000131408,1.2753476,0.0,10
ENSG00000168081,0.32949373,0.0,10
ENSG00000131142_1,0.5321021,0.0,10
ENSG00000104356,2.0522232,2.837461,10
ENSG00000290933,0.7258527,1.5549129,10
ENSG00000198723,0.20116168,0.0,10
ENSG00000104312,2.5405338,2.9340792,10
ENSG00000141837,1.3428423,0.87297165,10
ENSG00000196417,1.4942296,2.2219121,10
ENSG00000131408_2,2.2734365,2.6384714,10
ENSG00000167751,0.18649854,0.0,10
ENSG00000254153,0.2579678,0.0,10
ENSG00000105053_1,2.3732717,0.0,10
ENSG00000197054,2.2439976,1.2938485,10
ENSG00000204920,1.364455,2.0355418,10
ENSG00000253819,0.14135253,0.0,10
ENSG00000130475_1,1.9860653,2.329052,10
ENSG00000076826,1.634876,2.0016904,10
ENSG00000181781,0.3341556,0.8494808,10
ENSG00000147689_1,0.2676144,0.0,10
ENSG00000095059,2.779086,2.7496645,10
ENSG00000267339_1,0.123178355,0.0,10
ENSG00000134830,0.3063806,0.0,10
ENSG00000104447_1,0.86289597,0.0,10
ENSG00000006015,2.0826173,2.2732096,10
ENSG00000269058,1.5467544,0.0,10
ENSG00000253117,0.2520289,0.0,10
ENSG00000269858_2,0.6841208,0.855501,10
ENSG00000291101,0.54398584,1.2850394,10
ENSG00000105171,2.5251975,2.7313952,10
ENSG00000063244_1,2.9163303,2.5744364,10
ENSG00000167460_3,2.3409767,1.3743451,10
ENSG00000126460,0.38400847,0.0,10
ENSG00000095932_1,0.50040424,0.9006948,10
ENSG00000183850,0.5455815,1.2623324,10
ENSG00000221914_2,0.54242104,0.0,10
ENSG00000248858,0.24838799,0.42709643,10
ENSG00000161860,1.7508388,1.2004128,10
ENSG00000080031,0.2587605,0.0,10
ENSG00000269793,1.5388155,1.6257856,10
ENSG00000171827_1,1.1401169,0.0,10
ENSG00000008513,0.31333762,0.94333124,10
ENSG00000104866_1,2.7276678,2.1944616,10
ENSG00000157168_3,0.90874606,1.7164909,10
ENSG00000171320,0.56971776,0.0,10
ENSG00000158856_2,0.3550931,0.0,10
ENSG00000153879,2.45888,2.569313,10
ENSG00000267575,1.6292491,2.0173047,10
ENSG00000189164,2.377964,1.6401036,10
ENSG00000127445,2.4122512,2.6721506,10
ENSG00000225885,1.301974,0.0,10
ENSG00000129353,2.0851293,2.4521868,10
ENSG00000120925_1,2.082316,2.6709135,10
ENSG00000126267,1.5325974,3.7442617,10
ENSG00000125746_1,1.8038156,2.231816,10
ENSG00000207215,0.19478175,0.0,10
ENSG00000167491,2.6598725,2.7125907,10
ENSG00000196263,0.9468018,1.3907338,10
ENSG00000121410,1.422453,1.7219424,10
ENSG00000160352,1.2998533,0.0,10
ENSG00000205189_1,1.9616249,1.8778894,10
ENSG00000184428,1.3621727,2.23262,10
ENSG00000198363_3,0.19488598,0.0,10
ENSG00000257446,1.9127626,1.9132097,10
ENSG00000168995,0.28224534,0.9165434,10
ENSG00000014164,2.5599868,2.1408975,10
ENSG00000022556_1,0.593208,0.0,10
ENSG00000102575,0.42624494,0.98511195,10
ENSG00000008853_3,0.44101465,0.0,10
ENSG00000278129,2.367806,2.0164943,10
ENSG00000136986_1,0.47015297,0.0,10
ENSG00000130313,2.6628828,2.6927059,10
ENSG00000189144_1,0.43999255,0.0,10
ENSG00000249859_7,0.18632871,0.0,10
ENSG00000012061_3,2.2598958,1.6018536,10
ENSG00000167749,0.43667164,0.0,10
ENSG00000197813,1.0471171,1.7331972,10
ENSG00000126262,0.37875083,0.0,10
ENSG00000172009,2.384775,2.738656,10
ENSG00000198453,1.4278069,0.0,10
ENSG00000104983,2.0192578,2.0886285,10
ENSG00000253301,0.32015893,0.0,10
ENSG00000104960_1,2.372038,2.7963593,10
ENSG00000105552,2.1420345,1.7601736,10
ENSG00000130733,2.172068,2.152817,10
ENSG00000164823_1,2.655668,2.82069,10
ENSG00000104904_1,1.5173655,1.3588862,10
ENSG00000083817,1.7655238,1.7912273,10
ENSG00000034677,2.6265645,2.8528159,10
ENSG00000104833_1,0.96892095,1.7629111,10
ENSG00000213339,1.7218342,2.3330703,10
ENSG00000157168_2,1.4844232,1.12827,10
ENSG00000012124_1,1.2071723,3.0301096,10
ENSG00000039650_2,2.5620697,2.2530665,10
ENSG00000160161,0.52952516,1.6785092,10
ENSG00000105176,0.16890332,0.0,10
ENSG00000168078,1.9403698,2.8126488,10
ENSG00000169946_1,0.84439445,1.2591636,10
ENSG00000198093,1.4850227,2.0421224,10
ENSG00000170956_1,0.24863115,0.0,10
ENSG00000231412,0.21578118,0.0,10
ENSG00000165102,2.5291631,1.9135754,10
ENSG00000142025,0.4437917,0.9096095,10
ENSG00000189430,0.31872806,1.0871422,10
ENSG00000179284,0.3694638,0.96085113,10
ENSG00000129422_2,0.22737789,0.0,10
ENSG00000104848,1.7462353,1.8467699,10
ENSG00000226763,0.3989185,1.1131843,10
ENSG00000125746_3,1.0437065,0.0,10
ENSG00000167555,1.0921012,1.3346709,10
ENSG00000105143,1.3459976,1.6882418,10
ENSG00000171649,0.9422318,0.0,10
ENSG00000120913_1,1.3585895,1.7186594,10
ENSG00000213967,0.9035753,1.8589821,10
ENSG00000171970,2.1654356,1.9121939,10
ENSG00000066827_2,2.716953,1.8808993,10
ENSG00000069399,1.2761179,1.7709771,10
ENSG00000170881,3.045167,2.300465,10
ENSG00000177182_1,0.5142687,0.88244486,10
ENSG00000268536,1.9358045,0.0,10
ENSG00000079112,0.21472776,0.0,10
ENSG00000147586_1,2.3937669,1.3919579,10
ENSG00000039650_3,1.3795742,1.9915229,10
ENSG00000137573_3,0.16295657,0.0,10
ENSG00000253658,0.17263547,0.0,10
ENSG00000170954,0.262328,0.0,10
ENSG00000105254,2.5688891,2.8976107,10
ENSG00000170889,2.826243,3.4861498,10
ENSG00000142534,2.5381944,0.0,10
ENSG00000155792,1.4333668,1.6397852,10
ENSG00000179820,0.19360185,0.0,10
ENSG00000275901,0.41417214,0.0,10
ENSG00000079459,0.25019094,0.0,10
ENSG00000196110,1.97622,0.0,10
ENSG00000154582,2.497839,3.052671,10
ENSG00000204949,0.28297427,0.0,10
ENSG00000164951_1,0.64283705,0.0,10
ENSG00000236827,1.4855366,2.082527,10
ENSG00000104643,2.336241,1.9761298,10
ENSG00000105556,1.6524498,1.9067336,10
ENSG00000176956_2,0.86962473,1.027268,10
ENSG00000142046_1,0.58942425,1.1802262,10
ENSG00000186567,0.17771348,0.0,10
ENSG00000164830_2,0.27372378,0.0,10
ENSG00000169154,0.21187651,0.0,10
ENSG00000253799,0.42607805,0.0,10
ENSG00000099785_1,0.37105456,1.1229692,10
ENSG00000125910,1.5873659,1.7634654,10
ENSG00000198169,2.4237301,1.794258,10
ENSG00000186230,2.081939,2.1819608,10
ENSG00000172081_1,2.5228202,2.4418397,10
ENSG00000189068,0.40880004,0.77490366,10
ENSG00000197256,1.7376652,1.9020993,10
ENSG00000132016,2.1917238,0.0,10
ENSG00000197483,2.3241587,1.5697308,10
ENSG00000176531,1.3646853,1.0917724,10
ENSG00000229140_4,0.18053125,0.0,10
ENSG00000105618,2.3943143,0.0,10
ENSG00000134014_1,2.2649531,2.745831,10
ENSG00000268001,1.9997197,2.5499713,10
ENSG00000064490,2.5096602,1.809724,10
ENSG00000126467,0.20318228,0.8494317,10
ENSG00000180921,1.7506167,1.2559958,10
ENSG00000267100,2.6871421,2.1005015,10
ENSG00000164761,1.215877,2.1382902,10
ENSG00000167380,2.1022904,2.3037834,10
ENSG00000171827,1.6375649,1.7297155,10
ENSG00000104529_1,2.518385,3.4648798,10
ENSG00000104957_1,2.464596,0.0,10
ENSG00000130669_1,0.39867434,0.0,10
ENSG00000132554_1,0.8830161,0.96547455,10
ENSG00000160007,2.5496817,2.1449351,10
ENSG00000167657,2.3094268,2.2611797,10
ENSG00000105270,0.7554062,1.1773922,10
ENSG00000183617,2.5017157,2.2072842,10
ENSG00000196684,2.4323378,3.1757843,10
ENSG00000104894,2.1162648,3.6047616,10
ENSG00000090006,0.94990814,0.0,10
ENSG00000270164_3,1.039592,0.0,10
ENSG00000127526,2.7500887,2.6313524,10
ENSG00000104826,0.33180916,0.0,10
ENSG00000167470,1.7461218,2.0669742,10
ENSG00000249816_1,0.15388444,0.0,10
ENSG00000164930,1.6468815,1.3045552,10
ENSG00000010361_1,2.034921,1.3292148,10
ENSG00000291131,1.1274645,1.1356382,10
ENSG00000105707_1,0.2840998,1.0231961,10
ENSG00000129455_1,0.21028143,0.0,10
ENSG00000168495_1,1.431262,0.0,10
ENSG00000267879,0.19069757,0.8494194,10
ENSG00000213904,1.9301475,0.0,10
ENSG00000261824_1,1.8425779,2.3715482,10
ENSG00000105229,2.3929715,2.2720158,10
ENSG00000130208,0.42912766,0.6877251,10
ENSG00000196235_1,2.9398785,3.1921492,10
ENSG00000126458,2.2585044,1.8595766,10
ENSG00000168615,2.6219993,2.3462884,10
ENSG00000104892,0.56375676,1.2233038,10
ENSG00000126246_1,1.8574193,0.0,10
ENSG00000011332_1,1.294435,1.3483243,10
ENSG00000196214,2.4604688,2.3956113,10
ENSG00000223802,0.19168945,0.0,10
ENSG00000270164_1,0.9341353,1.7565068,10
ENSG00000185015,1.8659133,1.4106592,10
ENSG00000105245,1.9410567,1.7034547,10
ENSG00000288041,0.21780756,0.0,10
ENSG00000105576_1,2.2326796,1.2128798,10
ENSG00000126461,2.657594,2.5505304,10
ENSG00000168081_2,1.8207345,2.490836,10
ENSG00000105143_2,0.50142974,0.0,10
ENSG00000178980,1.7131901,2.4160511,10
ENSG00000237440,1.654352,1.7471787,10
ENSG00000167702_1,1.6983087,1.1087679,10
ENSG00000253227,0.14800455,0.0,10
ENSG00000169122,1.2268888,1.4034637,10
ENSG00000006638,0.8710408,1.3101833,10
ENSG00000105679,0.42755368,1.0232112,10
ENSG00000104320,1.0469773,2.5205019,10
ENSG00000161082,1.4611408,1.8879491,10
ENSG00000099866,2.3639646,1.1868716,10
ENSG00000181638,1.4432548,1.7830527,10
ENSG00000197714,2.832087,2.2786622,10
ENSG00000130311,2.4491682,2.9025755,10
ENSG00000174886,2.680409,0.0,10
ENSG00000254777_1,2.4758706,1.1783149,10
ENSG00000034239,0.72947246,0.9623693,10
ENSG00000120889,2.2778218,2.9689972,10
ENSG00000130726_1,2.99609,2.9859786,10
ENSG00000158941_1,2.4694216,1.9822487,10
ENSG00000172081,2.5679326,0.0,10
ENSG00000247317,2.309244,1.2031145,10
ENSG00000251396,2.2661726,0.0,10
ENSG00000267777,0.1741035,0.0,10
ENSG00000132004,2.1994863,1.9282781,10
ENSG00000157110,1.2463183,1.3494718,10
ENSG00000116014,1.3037373,1.6014733,10
ENSG00000104313,0.19056454,0.0,10
ENSG00000156413_1,0.26427636,0.0,10
ENSG00000105186,2.2228322,2.4568288,10
ENSG00000042753_2,1.7751287,2.8044932,10
ENSG00000064932_1,0.4418863,1.0150243,10
ENSG00000168487,1.9376694,1.537038,10
ENSG00000130304_1,2.166605,1.7178369,10
ENSG00000006659,1.2394404,1.4627572,10
ENSG00000267107,0.23409805,0.0,10
ENSG00000178125,0.62957484,0.0,10
ENSG00000060566_1,0.36488092,0.0,10
ENSG00000161249_2,0.9892111,2.7963314,10
ENSG00000117877,2.0703206,2.2419548,10
ENSG00000249709,2.7669663,1.8786137,10
ENSG00000176956_1,1.1469024,1.3143518,10
ENSG00000079462,1.8972087,2.085469,10
ENSG00000127507_1,0.2986655,0.92337877,10
ENSG00000104518,1.92887,2.5166688,10
ENSG00000126243_1,1.0849414,1.3045552,10
ENSG00000087903,0.26359627,0.7425445,10
ENSG00000104327,0.3592325,0.0,10
ENSG00000104427,2.2996101,2.3379662,10
ENSG00000216588,0.26135135,0.0,10
ENSG00000105695,0.32857084,0.0,10
ENSG00000164741_3,0.14883195,0.0,10
ENSG00000205138,2.502425,2.412427,10
ENSG00000197446,0.48209667,1.2214925,10
ENSG00000291089,0.39973783,1.3232521,10
ENSG00000120910,2.6957045,2.3724148,10
ENSG00000006016,1.6296782,2.0398502,10
ENSG00000253893_2,0.35914555,0.0,10
ENSG00000078674,2.8964376,3.099076,10
ENSG00000147724_1,1.5125656,1.7264909,10
ENSG00000006712,3.0505323,2.8065937,10
ENSG00000196646,2.2894664,2.347615,10
ENSG00000169035,0.45673832,0.0,10
ENSG00000204941,0.31311765,0.0,10
ENSG00000237807,0.32134056,0.0,10
ENSG00000255491,0.3537351,0.0,10
ENSG00000261787,0.87627244,1.4762982,10
ENSG00000129991,0.66723543,1.5747048,10
ENSG00000291235,0.2073183,0.0,10
ENSG00000147789,2.1704144,1.9405464,10
ENSG00000267467,0.30429646,0.0,10
ENSG00000130881,1.6573064,1.6220481,10
ENSG00000105355,1.9712297,0.0,10
ENSG00000104812,2.2763643,2.6050107,10
ENSG00000157110_2,0.3818374,0.0,10
ENSG00000157168_4,0.2175703,0.0,10
ENSG00000165392,1.2699705,2.5867076,10
ENSG00000075702,2.5395389,2.3546827,10
ENSG00000169946,1.1885545,1.6506766,10
ENSG00000176619_1,2.5956523,3.0287786,10
ENSG00000142530,1.5915241,0.9996307,10
ENSG00000271171,0.4804728,1.0532322,10
ENSG00000171711,0.19392389,0.90778744,10
ENSG00000156735,2.2444634,2.510093,10
ENSG00000147437,0.2189422,0.0,10
ENSG00000133243_1,0.43826482,0.0,10
ENSG00000142235,0.62107897,1.1293676,10
ENSG00000039987_1,0.3915643,0.0,10
ENSG00000130203,0.40237457,1.2119478,10
ENSG00000267454,1.5370178,0.0,10
ENSG00000104957,1.7067215,0.0,10
ENSG00000130751,0.67308915,1.1734223,10
ENSG00000086544,2.4845314,1.7084744,10
ENSG00000147488,0.27747473,0.0,10
ENSG00000249115,2.3706672,0.0,10
ENSG00000105672,0.88592756,0.0,10
ENSG00000147679,2.4603326,2.5826156,10
ENSG00000204673,2.6663036,2.1248171,10
ENSG00000104979_1,2.3487034,0.0,10
ENSG00000253764,0.58906543,1.0544598,10
ENSG00000156482,2.1282485,4.054337,10
ENSG00000105711,1.7284496,1.2608582,10
ENSG00000290859,0.38952845,0.0,10
ENSG00000167468_1,0.77320564,1.8004009,10
ENSG00000198521,0.8734909,1.4739101,10
ENSG00000182310,0.19580345,0.0,10
ENSG00000105122,2.108966,2.5679986,10
ENSG00000198521_1,0.6330862,0.992421,10
ENSG00000205517,0.7962795,0.687734,10
ENSG00000083838,2.5241654,1.5052178,10
ENSG00000252067,0.15074638,0.0,10
ENSG00000278374,0.27120513,0.0,10
ENSG00000104419_2,0.30056223,0.0,10
ENSG00000197181,0.40513277,1.0245677,10
ENSG00000198597_1,0.1615147,0.0,10
ENSG00000105492_1,0.6453082,1.0312266,10
ENSG00000183186,1.326752,1.517605,10
ENSG00000224910_1,0.51105297,0.6479206,10
ENSG00000164684_1,0.43923703,1.0338619,10
ENSG00000174837,0.3992208,0.0,10
ENSG00000105428,0.5192887,1.1142772,10
ENSG00000242852,1.8184788,1.5277973,10
ENSG00000129933,2.6439388,2.5448368,10
ENSG00000147601,2.141671,2.6777356,10
ENSG00000120963,2.5812404,3.15171,10
ENSG00000105323_1,3.1216097,3.3229136,10
ENSG00000164796_1,0.36312872,0.0,10
ENSG00000104524,1.0682702,0.0,10
ENSG00000104888,0.5039,0.0,10
ENSG00000125656,2.248526,2.7981532,10
ENSG00000105388,0.34884247,0.0,10
ENSG00000105738,2.4249973,2.8120506,10
ENSG00000167674,2.393734,2.1522822,10
ENSG00000164871,0.19807675,0.0,10
ENSG00000171574_1,2.22609,1.7562404,10
ENSG00000175305,1.7006706,2.1187177,10
ENSG00000188039,0.7079692,0.0,10
ENSG00000196235,2.3510675,0.0,10
ENSG00000171223,2.5047147,3.773986,10
ENSG00000201675,1.4458563,1.847992,10
ENSG00000104973,2.4745688,2.8266706,10
ENSG00000214050,1.4473394,0.0,10
ENSG00000035681_2,2.3590648,2.367654,10
ENSG00000120896_4,0.3165567,0.0,10
ENSG00000147526_1,1.3393147,1.8026028,10
ENSG00000197838,0.1327799,0.0,10
ENSG00000164933,2.8374643,2.9104698,10
ENSG00000076554_3,0.28679472,0.0,10
ENSG00000156469,2.4801643,2.5115852,10
ENSG00000267779,0.31275913,0.0,10
ENSG00000283108,0.5652939,0.6667613,10
ENSG00000105479_1,2.9552557,1.333286,10
ENSG00000179526_1,1.9509035,1.9412181,10
ENSG00000134020,0.26598045,0.0,10
ENSG00000105559_1,0.42063922,0.0,10
ENSG00000269086,0.69688463,0.8787515,10
ENSG00000268621,0.22363633,0.0,10
ENSG00000187664,0.9052408,0.0,10
ENSG00000007306,0.17902187,0.71874243,10
ENSG00000231924,0.1975371,0.0,10
ENSG00000104856,2.3599095,2.3905466,10
ENSG00000099330,2.1108758,2.072992,10
ENSG00000104320_2,2.3343458,3.1225533,10
ENSG00000011590,0.36160135,0.0,10
ENSG00000136997,1.087909,2.2217531,10
ENSG00000293247,0.29319337,0.0,10
ENSG00000254254,0.16441604,0.0,10
ENSG00000179388,1.8315045,2.6589725,10
ENSG00000221983_2,0.5228353,2.624476,10
ENSG00000118046,2.4964466,2.3681753,10
ENSG00000104549,2.5153627,2.8570006,10
ENSG00000040341,0.17398381,0.0,10
ENSG00000178531,1.5104985,1.7626486,10
ENSG00000186838,0.3521621,0.89167124,10
ENSG00000156804,1.1278443,1.252853,10
ENSG00000205038,0.52966666,1.5975525,10
ENSG00000147650,2.5165868,1.9216344,10
ENSG00000267855,2.524281,3.3099663,10
ENSG00000164879,0.4096481,0.0,10
ENSG00000161249_1,1.2907073,1.6180062,10
ENSG00000051128_1,0.3734082,0.0,10
ENSG00000169398_3,2.0379958,1.7762362,10
ENSG00000253123,0.17634249,0.0,10
ENSG00000083845,2.0343316,4.138154,10
ENSG00000177669,0.23906511,0.0,10
ENSG00000105281,1.2472539,1.586675,10
ENSG00000266559,2.0750628,1.2952812,10
ENSG00000287134,0.2005314,0.6876894,10
ENSG00000104938,0.22240025,0.58232474,10
ENSG00000204524,2.02525,1.7597207,10
ENSG00000205133_1,0.9379568,2.108528,10
ENSG00000173281,1.4605714,1.7048023,10
ENSG00000292979,2.466876,2.1372876,10
ENSG00000130522,2.7244027,3.0749152,10
ENSG00000175073,2.8630004,2.2589724,10
ENSG00000275074,2.6049018,1.9091922,10
ENSG00000105048_1,0.23043856,0.68477356,10
ENSG00000198429,0.70921576,0.72684944,10
ENSG00000196705,1.8955628,2.751674,10
ENSG00000198816,1.3559498,1.6140953,10
ENSG00000175305_1,1.6090949,1.4205663,10
ENSG00000147457,0.35063434,0.0,10
ENSG00000095752,0.61739814,1.0668848,10
ENSG00000178719_2,0.4960042,1.5873629,10
ENSG00000156006,0.17568825,0.0,10
ENSG00000156011_1,0.27461278,0.0,10
ENSG00000104941,0.4972268,0.7214726,10
ENSG00000290722,0.22111702,0.0,10
ENSG00000088053,0.29316196,0.0,10
ENSG00000064547,1.6809878,2.1695216,10
ENSG00000105323,1.7279978,0.0,10
ENSG00000213015,2.433835,2.1860263,10
ENSG00000083812,2.1133974,1.9279295,10
ENSG00000168575_4,2.19325,2.777963,10
ENSG00000253190,2.057515,1.4401217,10
ENSG00000063177,0.6818415,0.0,10
ENSG00000183709,0.2920936,0.6605619,10
ENSG00000267277,2.5570867,1.8119167,10
ENSG00000168546,0.8492278,1.3831688,10
ENSG00000147804,1.3876897,2.5704975,10
ENSG00000177335,0.5419987,0.5747718,10
ENSG00000253105,0.13363197,0.0,10
ENSG00000072958,2.6061068,2.7579682,10
ENSG00000167785,1.5206275,1.2333008,10
ENSG00000170791,2.4090414,2.962519,10
ENSG00000011451_1,0.8699894,1.3694199,10
ENSG00000104522_1,2.082973,1.20044,10
ENSG00000249861,0.19121307,0.0,10
ENSG00000133265,1.5614914,1.1754596,10
ENSG00000036448,0.16504648,0.93841964,10
ENSG00000198464,2.2737868,0.0,10
ENSG00000221914,2.2902632,2.9209368,10
ENSG00000120903,0.36669728,0.0,10
ENSG00000130513_2,0.6484829,2.2735777,10
ENSG00000164924_1,2.4074361,1.514999,10
ENSG00000171443,2.8275976,1.9923944,10
ENSG00000255491_2,0.20830405,0.0,10
ENSG00000197265_1,2.6628659,2.9743598,10
ENSG00000090006_3,1.2008862,1.83774,10
ENSG00000276043,2.031602,2.97806,10
ENSG00000173581,1.8202299,2.276255,10
ENSG00000233270,0.25721362,0.0,10
ENSG00000197497,0.47522786,1.0163647,10
ENSG00000129292,2.2164204,2.5317597,10
ENSG00000130816,0.24609607,0.0,10
ENSG00000116017_1,2.05475,2.6451097,10
ENSG00000245910,2.4301467,3.28533,10
ENSG00000076662_1,1.3247339,0.0,10
ENSG00000105393,2.275806,0.0,10
ENSG00000064490_1,1.7769306,2.5913217,10
ENSG00000125735,2.2951837,2.6993477,10
ENSG00000120925,2.5582268,2.0645328,10
ENSG00000290587,0.5117009,0.0,10
ENSG00000090013,2.2975063,0.0,10
ENSG00000267254,1.1210527,0.0,10
ENSG00000176956,0.9554842,1.368231,10
ENSG00000072062,0.34934333,0.0,10
ENSG00000261949,0.28669652,0.0,10
ENSG00000104760,0.20072746,0.0,10
ENSG00000129455,0.3500031,0.0,10
ENSG00000186272,1.4477429,1.9001049,10
ENSG00000105409,1.377399,0.0,10
ENSG00000090006_7,1.8234391,1.5163106,10
ENSG00000167468,2.605409,3.7622447,10
ENSG00000189052,0.29956886,0.0,10
ENSG00000038945_2,0.20197213,0.0,10
ENSG00000120896,0.21373174,0.0,10
ENSG00000249898_1,2.7502322,1.8577726,10
ENSG00000176209_1,2.4832215,2.683974,10
ENSG00000126583,0.717541,1.0391086,10
ENSG00000197013,0.7759634,1.43802,10
ENSG00000131037,0.3330268,0.0,10
ENSG00000183309,2.4429483,1.860332,10
ENSG00000105248,2.7605073,2.6195545,10
ENSG00000253796,0.19261643,0.0,10
ENSG00000240247,0.16533938,0.0,10
ENSG00000248538_3,0.25719395,0.0,10
ENSG00000160460_1,1.1796036,1.2798266,10
ENSG00000063180,0.88325167,1.0352296,10
ENSG00000130726,2.1056666,2.9851992,10
ENSG00000127220,1.74953,0.0,10
ENSG00000124466,0.31825936,0.0,10
ENSG00000141837_3,0.3351619,0.59697074,10
ENSG00000130812,2.571552,1.4931093,10
ENSG00000160882,0.30555636,0.0,10
ENSG00000207110,0.33596066,3.479869,10
ENSG00000161551,0.8954958,1.3601767,10
ENSG00000188785,2.2984362,0.0,10
ENSG00000261824_2,2.1161213,2.0144575,10
ENSG00000096996_1,2.4322839,1.9056464,10
ENSG00000104976,2.2607403,2.6595454,10
ENSG00000155097,2.4740558,2.5791671,10
ENSG00000087903_2,2.509732,1.825984,10
ENSG00000185361,2.2667327,1.623394,10
ENSG00000130813_1,2.4905744,2.493936,10
ENSG00000105053,2.413115,0.60762656,10
ENSG00000142541,2.901044,0.0,10
ENSG00000120963_1,2.1004682,1.9500726,10
ENSG00000130204,2.6615758,3.1462893,10
ENSG00000130724,2.3792455,2.4186823,10
ENSG00000253361,0.433678,0.0,10
ENSG00000130876,1.0119624,1.3157605,10
ENSG00000069399_1,2.4672897,2.8881178,10
ENSG00000134815,2.0045433,2.2021258,10
ENSG00000120899_1,1.4248958,2.7535937,10
ENSG00000167671,0.3285649,1.3468965,10
ENSG00000120896_6,1.4642797,1.4562597,10
ENSG00000183401_1,2.3710506,1.9303019,10
ENSG00000253661,0.29616153,0.6479333,10
ENSG00000105173,2.1873732,2.2683089,10
ENSG00000095932,0.31467807,0.0,10
ENSG00000133739,2.0783935,1.9932554,10
ENSG00000130005,1.4096249,1.4123765,10
ENSG00000184489,2.3191512,2.0753133,10
ENSG00000104450_2,2.0069072,1.9235083,10
ENSG00000181085,0.44473243,1.0952392,10
ENSG00000129691_1,2.0151846,0.0,10
ENSG00000010361,0.8012023,0.0,10
ENSG00000090006_2,0.31916398,0.8843138,10
ENSG00000176571,0.1505242,0.0,10
ENSG00000123143_1,2.0609207,0.0,10
ENSG00000130283,1.7549177,2.5834255,10
ENSG00000172817,2.038816,2.5854495,10
ENSG00000213024,0.834394,0.78905165,10
ENSG00000130176,0.2974864,0.0,10
ENSG00000214049,0.22080967,0.8916824,10
ENSG00000249471,2.0677989,1.894172,10
ENSG00000152454,1.7891431,1.7445745,10
ENSG00000167815,0.35921717,1.1648879,10
ENSG00000099822,1.9531542,1.8943715,10
ENSG00000130304,0.46171132,0.6145914,10
ENSG00000164741,1.1944934,1.3411574,10
ENSG00000129951,1.3462515,1.3533776,10
ENSG00000105643_1,0.6279226,0.0,10
ENSG00000104804,0.355056,0.0,10
ENSG00000268460,0.13163161,0.0,10
ENSG00000008382,2.4463778,2.1255138,10
ENSG00000168813,2.0636945,2.3482425,10
ENSG00000130734,2.0649135,2.157481,10
ENSG00000269091,0.47889724,0.9182401,10
ENSG00000032444_3,0.66275513,0.99239886,10
ENSG00000076984,2.676384,2.5263884,10
ENSG00000291317_1,1.4468353,1.7762071,10
ENSG00000126249,2.1637888,2.2706742,10
ENSG00000184661_1,0.261185,0.0,10
ENSG00000126259,0.57203096,0.9131036,10
ENSG00000079385,0.6929283,0.0,10
ENSG00000254377,0.6338587,0.9318645,10
ENSG00000174652,2.2004442,2.4576504,10
ENSG00000181894_1,1.2068601,1.130366,10
ENSG00000167613_1,0.37921485,0.0,10
ENSG00000099338,1.9000245,0.0,10
ENSG00000064666,2.3474655,3.1285188,10
ENSG00000224910,0.7700392,0.0,10
ENSG00000125498,0.33863488,0.0,10
ENSG00000174586,2.274959,1.7003316,10
ENSG00000130202,1.5373857,1.4757844,10
ENSG00000105662,2.1539655,1.8492228,10
ENSG00000104419_1,0.24188706,0.0,10
ENSG00000160633,2.9926243,3.3090913,10
ENSG00000130811,1.8694173,3.4535325,10
ENSG00000125746,1.8306994,0.0,10
ENSG00000269720,0.72492296,1.152013,10
ENSG00000104375,2.4185958,1.9382294,10
ENSG00000119574,2.6419039,2.4537601,10
ENSG00000179632_1,2.0164416,0.0,10
ENSG00000173928,2.5877624,1.7008507,10
ENSG00000164794,0.45318735,0.0,10
ENSG00000159915,0.6569554,1.3333404,10
ENSG00000079459_2,0.34171918,0.0,10
ENSG00000266916,0.62556016,0.0,10
ENSG00000221983,2.5567505,3.7148845,10
ENSG00000254367,0.26722953,0.0,10
ENSG00000105204_1,1.9000621,1.6110932,10
ENSG00000253729_1,0.2902497,0.0,10
ENSG00000152439,2.038791,1.8334085,10
ENSG00000130545,0.45508885,1.0531937,10
ENSG00000095066_2,2.6724653,2.2025428,10
ENSG00000099795,1.7460624,3.0523553,10
ENSG00000090674,1.7523109,1.8350389,10
ENSG00000198453_2,0.55001634,0.0,10
ENSG00000167775,2.4516444,2.7377808,10
ENSG00000267470,0.43789572,0.0,10
ENSG00000196214_1,0.31526026,0.0,10
ENSG00000198077,0.19633558,0.0,10
ENSG00000074855,1.889624,1.5476886,10
ENSG00000105701,2.2133868,3.094583,10
ENSG00000121022_1,2.0718694,3.0277612,10
ENSG00000147485_1,0.45041993,0.0,10
ENSG00000003987,1.316844,1.0494119,10
ENSG00000188868,2.0098531,2.0497837,10
ENSG00000165071,0.23222715,0.0,10
ENSG00000083814,2.126563,2.083911,10
ENSG00000253457,0.22923419,0.0,10
ENSG00000175489,0.61039686,0.0,10
ENSG00000105698,2.3118095,2.7025347,10
ENSG00000105726,3.0083764,2.7976594,10
ENSG00000197020,2.1352444,2.474123,10
ENSG00000185236,2.8394794,2.784774,10
ENSG00000180543,1.5553334,1.2917461,10
ENSG00000083307_1,0.56532776,0.0,10
ENSG00000105397_2,2.791191,2.8134089,10
ENSG00000167601,0.39861393,0.84342587,10
ENSG00000125656_1,0.50673795,0.0,10
ENSG00000129355,2.4637566,1.9151359,10
ENSG00000127666,2.4057672,2.9838648,10
ENSG00000123159,1.9751452,2.0779018,10
ENSG00000071655,2.5627294,1.627847,10
ENSG00000104671,1.4675734,2.844622,10
ENSG00000130751_1,0.40243664,0.0,10
ENSG00000154319,2.1672478,1.9492778,10
ENSG00000167656,0.42975244,1.1175364,10
ENSG00000188227,0.8906423,0.9465505,10
ENSG00000253557,0.1791974,0.0,10
ENSG00000132002,2.6681204,2.4281235,10
ENSG00000268038,0.4859787,0.0,10
ENSG00000160229,1.5560848,2.422854,10
ENSG00000253643,0.23652259,0.0,10
ENSG00000090372,2.2831812,2.5126045,10
ENSG00000105697,0.46112224,0.88982815,10
ENSG00000008441_2,0.8105962,1.0532129,10
ENSG00000167600,0.93770236,1.7724391,10
ENSG00000178904,2.718204,2.1701736,10
ENSG00000123136,2.6605659,1.3417708,10
ENSG00000198003,1.4739172,0.0,10
ENSG00000013275,2.565836,3.2409134,10
ENSG00000196757,2.684546,2.2559788,10
ENSG00000099624,2.1933656,3.604633,10
ENSG00000160410,1.1089833,2.9320383,10
ENSG00000164893,0.15644768,0.0,10
ENSG00000197016,1.0151122,1.4221135,10
ENSG00000253168,0.13554943,0.0,10
ENSG00000142556,2.2450228,1.7660706,10
ENSG00000105707,0.38489372,0.0,10
ENSG00000186026,0.8465001,1.6586124,10
ENSG00000250799,0.19257618,0.7399914,10
ENSG00000169035_1,0.7337335,0.60765874,10
ENSG00000181240,0.26798913,0.0,10
ENSG00000169169,0.46527085,0.0,10
ENSG00000126264,1.0540478,0.0,10
ENSG00000105193,2.692544,4.1377435,10
ENSG00000142408,1.0118642,1.3346145,10
ENSG00000130208_3,0.69391155,0.8786832,10
ENSG00000160957,2.3083353,1.6911346,10
ENSG00000003989,1.4438562,1.4405313,10
ENSG00000284268,2.2563763,3.3386078,10
ENSG00000168672,0.6938789,0.0,10
ENSG00000179632,2.594881,2.5387006,10
ENSG00000129451,0.81622714,0.0,10
ENSG00000164830_3,2.0165536,1.8381687,10
ENSG00000105185,2.2181258,3.6543498,10
ENSG00000165156,2.3629725,2.219967,10
ENSG00000215262,0.15112758,0.0,10
ENSG00000011422,1.254005,0.79591477,10
ENSG00000130270,1.9017072,1.4814426,10
ENSG00000277494,0.45203364,0.0,10
ENSG00000179271,2.2797508,3.24814,10
ENSG00000188343,1.3022227,2.4697824,10
ENSG00000197928,0.58266485,1.0245514,10
ENSG00000160948_1,1.8373244,2.5793216,10
ENSG00000253154,0.11387606,0.0,10
ENSG00000267673,1.3202653,1.4140202,10
ENSG00000104205_1,1.8003714,1.6604481,10
ENSG00000125912,2.6705632,2.6570625,10
ENSG00000130227,2.3209896,2.435588,10
ENSG00000147684,2.2612486,3.452752,10
ENSG00000105202_2,0.6890793,2.1700857,10
ENSG00000267796,1.8176944,2.0643082,10
ENSG00000268480,0.15904081,0.6636727,10
ENSG00000064932,1.8252326,1.955452,10
ENSG00000104889,2.050864,2.7315493,10
ENSG00000130287,0.6148653,0.0,10
ENSG00000095066_1,1.6083038,1.6628805,10
ENSG00000253704,2.341629,1.6452965,10
ENSG00000253161,0.21524379,1.288761,10
ENSG00000185053,0.17302898,0.34519723,10
ENSG00000104881,0.7992685,0.0,10
ENSG00000105370,0.31651926,0.9938329,10
ENSG00000198440,2.153298,0.0,10
ENSG00000011304,2.585719,3.4382908,10
ENSG00000221923,1.9120717,2.2518766,10
ENSG00000188624,0.16471887,0.0,10
ENSG00000204839_1,0.3478969,0.79363674,10
ENSG00000152467,1.0586792,1.1009216,10
ENSG00000164953_1,0.2669473,0.0,10
ENSG00000011243,0.2976988,0.8898617,10
ENSG00000104825_1,2.3725476,2.6828027,10
ENSG00000104371,0.47148785,0.8824335,10
ENSG00000104687,2.2167468,2.9012992,10
ENSG00000293495_1,2.4837062,3.020469,10
ENSG00000136982,1.9405289,2.621014,10
ENSG00000255364,0.22630069,0.0,10
ENSG00000133250,2.579996,2.4237208,10
ENSG00000164830,1.5581222,1.592521,10
ENSG00000171105,2.4866645,1.4537463,10
ENSG00000169085,0.22068903,0.0,10
ENSG00000105523_1,0.3812603,0.0,10
ENSG00000169515,0.51408315,1.1669095,10
ENSG00000266904,2.2996106,1.5026592,10
ENSG00000160472,0.32678297,0.96396714,10
ENSG00000123124,2.2291422,1.4073128,10
ENSG00000253679,0.2551426,0.0,10
ENSG00000105549,0.2899311,0.9351393,10
ENSG00000071894,2.5216713,2.5431898,10
ENSG00000120526,2.0223083,2.761639,10
ENSG00000147571,0.48826858,1.2240407,10
ENSG00000186326,0.9070567,1.3908116,10
ENSG00000121297,1.7300518,1.6582023,10
ENSG00000245281_1,0.86212957,0.0,10
ENSG00000287296,1.9779077,0.8554707,10
ENSG00000130402,2.4805992,3.1424582,10
ENSG00000147573,0.3613774,0.7241636,10
ENSG00000198356,2.252079,2.5774884,10
ENSG00000120913,0.6752428,1.3171018,10
ENSG00000287325,0.2946288,0.89169353,10
ENSG00000168546_1,1.5137781,0.0,10
ENSG00000105550,0.2234593,0.0,10
ENSG00000196218,0.43399522,0.92844707,10
ENSG00000269858_1,1.3720263,1.3489276,10
ENSG00000172748,2.0752997,1.50974,10
ENSG00000241852,1.304788,1.3462747,10
ENSG00000079459_1,2.396778,3.4291706,10
ENSG00000092964,1.0292476,1.0443045,10
ENSG00000158941,2.424983,2.9145532,10
ENSG00000261678,1.5301633,1.2197417,10
ENSG00000004777,1.9774272,1.8424976,10
ENSG00000131408_1,1.8250883,1.431219,10
ENSG00000171051,0.16293472,0.0,10
ENSG00000175606,2.0802379,2.9268808,10
ENSG00000133878,0.6197674,1.3009431,10
ENSG00000161243,0.9573935,2.01976,10
ENSG00000258405,0.3560877,0.0,10
ENSG00000228862,0.8122022,1.0668476,10
ENSG00000142227,1.9387308,0.0,10
ENSG00000130520,2.6834643,2.9594574,10
ENSG00000253661_1,0.5084557,0.8671987,10
ENSG00000176593,2.1944742,0.0,10
ENSG00000131142_2,0.26982707,0.0,10
ENSG00000156162_1,2.3276904,1.9030194,10
ENSG00000105063_1,2.0931854,2.8515825,10
ENSG00000104635_1,1.9803983,0.0,10
ENSG00000089327_2,0.41495386,0.0,10
ENSG00000104691,1.7663999,1.8488109,10
ENSG00000168522_1,2.729259,2.1676717,10
ENSG00000180448,2.2093525,2.6769953,10
ENSG00000089356,0.22050244,0.0,10
ENSG00000178904_1,2.3310285,1.7596754,10
ENSG00000147642_2,1.9746293,2.1861281,10
ENSG00000185730,2.236701,0.0,10
ENSG00000105352,0.22760266,0.0,10
ENSG00000105642_1,1.1372466,1.4953222,10
ENSG00000104490,0.8646414,0.0,10
ENSG00000182325,2.1466916,2.365705,10
ENSG00000104774,0.45816535,0.851454,10
ENSG00000104381,1.1442683,2.4891016,10
ENSG00000070756,0.3993847,0.0,10
ENSG00000187187,2.5442748,0.0,10
ENSG00000099330_1,2.2980607,1.7697501,10
ENSG00000147588,0.11913626,0.0,10
ENSG00000105289_1,0.6110847,0.80270535,10
ENSG00000076554,0.33730042,0.0,10
ENSG00000197857,1.6651344,2.2346869,10
ENSG00000083838_1,2.2183928,1.1490035,10
ENSG00000136986_2,2.4249175,2.834511,10
ENSG00000105072,1.8586917,0.0,10
ENSG00000104998,2.2926621,3.1569004,10
ENSG00000104679,1.5628752,2.1575656,10
ENSG00000227500,0.9004926,1.3184807,10
ENSG00000105369,2.4549603,3.6056552,10
ENSG00000070756_4,2.3138974,1.6891134,10
ENSG00000099875,2.6653109,2.3760493,10
ENSG00000085719,1.4301555,3.0923731,10
ENSG00000161681,1.4571234,1.6227216,10
ENSG00000180479,1.8564322,1.3102046,10
ENSG00000184672_2,0.60310656,0.0,10
ENSG00000267508,0.30180207,0.0,10
ENSG00000310521,2.0282352,0.0,10
ENSG00000104755,0.13968736,0.0,10
ENSG00000105372,2.9401426,3.5721986,10
ENSG00000284280,0.31464112,0.9880548,10
ENSG00000104870_1,0.5256989,1.2575825,10
ENSG00000226807,0.23226172,0.0,10
ENSG00000132549,2.5290039,2.1940174,10
ENSG00000086548,0.19862649,0.0,10
ENSG00000176920,0.3651397,0.8309285,10
ENSG00000156172,2.1319823,1.8535948,10
ENSG00000131773,1.6691756,1.9974214,10
ENSG00000267106,2.5171945,1.7008767,10
ENSG00000170631,1.338587,1.8114946,10
ENSG00000147647,0.6717197,0.97464985,10
ENSG00000099864,1.6587869,1.8078055,10
ENSG00000158669,2.3530235,2.388657,10
ENSG00000142459,2.2139952,1.699725,10
ENSG00000154188,0.1317851,0.0,10
ENSG00000253582,1.0777186,0.0,10
ENSG00000147606_1,0.18425116,0.0,10
ENSG00000171466,1.8491484,2.2758777,10
ENSG00000104886_1,2.7155066,2.3360393,10
ENSG00000161618,2.81566,2.4377189,10
ENSG00000063176,2.764517,2.3294427,10
ENSG00000253196,0.3180336,0.0,10
ENSG00000157168_1,1.4736133,1.6592505,10
ENSG00000180739_1,0.48726597,0.0,10
ENSG00000185453,2.0057204,1.4940432,10
ENSG00000167460_5,0.34694874,0.0,10
ENSG00000196437,2.1115475,2.2253094,10
ENSG00000171316,2.5428977,2.4585924,10
ENSG00000225975,2.293094,1.8562381,10
ENSG00000269289,0.19880936,0.0,10
ENSG00000129991_1,0.4697766,0.50048345,10
ENSG00000178719,2.341203,3.456785,10
ENSG00000105136,1.5752673,0.0,10
ENSG00000105427,0.4253125,0.0,10
ENSG00000129422_4,0.19687375,0.0,10
ENSG00000104974,0.34270313,0.97617567,10
ENSG00000121413_1,1.0856094,1.2988749,10
ENSG00000167460_2,2.951013,3.724493,10
ENSG00000182141,2.0324512,0.0,10
ENSG00000099337,1.3633239,1.6135459,10
ENSG00000142046,1.2116865,0.8137544,10
ENSG00000160471,0.47856933,0.0,10
ENSG00000267498,1.9334642,0.0,10
ENSG00000159871_2,0.4925162,0.876795,10
ENSG00000235173,2.349343,2.169786,10
ENSG00000197863,1.8888409,1.5035046,10
ENSG00000105607,1.6742018,2.6417477,10
ENSG00000140396,0.36185047,1.0557605,10
ENSG00000156103,0.8683707,0.9670329,10
ENSG00000070501,1.7632949,2.3940153,10
ENSG00000167748,0.3774253,0.0,10
ENSG00000070756_2,0.23255628,0.0,10
ENSG00000249859_8,1.0077204,1.5093101,10
ENSG00000105438,1.8492088,1.3449422,10
ENSG00000126243,0.4171801,0.0,10
ENSG00000105011,2.2760577,2.7909098,10
ENSG00000164743,0.3000855,0.0,10
ENSG00000198131,2.372902,2.4328442,10
ENSG00000007129_1,0.58837116,0.0,10
ENSG00000180884,1.4185148,1.5328817,10
ENSG00000105698_1,2.2677422,1.790067,10
ENSG00000186204,0.20910442,0.0,10
ENSG00000066855_1,0.23108095,0.0,10
ENSG00000147606,0.21048313,0.0,10
ENSG00000060558,0.74898446,2.7298448,10
ENSG00000104472_1,2.683804,2.0220695,10
ENSG00000232098,2.3174033,1.5918323,10
ENSG00000160888,1.6665521,1.7397084,10
ENSG00000171903_1,0.22750589,0.0,10
ENSG00000105419,0.91932094,1.2030873,10
ENSG00000172164,1.5148098,2.1383343,10
ENSG00000129932_1,2.55567,0.0,10
ENSG00000234616_1,0.35494092,0.67582417,10
ENSG00000099783_1,0.34743878,0.0,10
ENSG00000222501,0.20134118,4.8369756,10
ENSG00000156011_2,0.16859229,0.0,10
ENSG00000125652,2.473388,2.7493203,10
ENSG00000155189,2.7959208,3.1209784,10
ENSG00000079435,0.19739863,0.7020943,10
ENSG00000123815,1.5574269,1.6294911,10
ENSG00000167608,0.24671677,0.0,10
ENSG00000213889_1,1.0667143,1.5559888,10
ENSG00000253161_5,0.19991681,0.77010053,10
ENSG00000029534_1,0.80011505,0.9776779,10
ENSG00000267265,0.7357453,1.1609784,10
ENSG00000269416,0.6410274,1.1303982,10
ENSG00000090339,2.174192,3.522486,10
ENSG00000156509,1.5324442,1.9632919,10
ENSG00000254006,0.49021694,0.0,10
ENSG00000290812,1.1555936,0.7981415,10
ENSG00000180043,0.27850404,0.0,10
ENSG00000141968,2.4811797,2.5879433,10
ENSG00000198346,0.99035215,0.0,10
ENSG00000164683,0.30489236,0.60405314,10
ENSG00000253267,0.15004173,0.0,10
ENSG00000178719_3,0.40680566,1.7745754,10
ENSG00000105258_1,2.6660466,3.017701,10
ENSG00000197933,1.8713696,2.1470916,10
ENSG00000124459,2.072079,2.2192047,10
ENSG00000171425,2.2387433,2.3217785,10
ENSG00000185800,2.4072013,2.21288,10
ENSG00000104419_3,1.8746964,1.9844958,10
ENSG00000223573,1.4479766,1.7668588,10
ENSG00000121005_1,0.9463102,0.8137744,10
ENSG00000083168,2.2250428,2.6699953,10
ENSG00000142347_1,0.43189466,0.0,10
ENSG00000167733_2,1.5700152,1.025879,10
ENSG00000170604,2.5298758,2.0726027,10
ENSG00000105696,1.4012076,1.6374197,10
ENSG00000226686,0.5806736,0.0,10
ENSG00000130175,2.266131,3.3440835,10
ENSG00000279529,2.6395893,1.6942892,10
ENSG00000245910_1,0.44260186,0.0,10
ENSG00000079102_3,1.3109446,1.8337843,10
ENSG00000105486,2.5237393,3.0564475,10
ENSG00000173273_1,0.26246375,0.0,10
ENSG00000254008,0.6343225,1.0894812,10
ENSG00000204839,1.6138037,1.5595475,10
ENSG00000254166,0.43807593,0.8672317,10
ENSG00000256087_1,1.5772253,0.0,10
ENSG00000197858,2.2476597,2.2789454,10
ENSG00000161091,2.3514712,2.5287406,10
ENSG00000197405,0.504271,1.4890158,10
ENSG00000104915,1.7945917,2.162415,10
ENSG00000089351_3,0.8550746,1.4493086,10
ENSG00000104897,2.3072672,0.0,10
ENSG00000105671,1.8611438,2.5360532,10
ENSG00000197372,1.8855839,0.0,10
ENSG00000170892_1,2.5750434,1.6526524,10
ENSG00000074842,1.841609,2.9135056,10
ENSG00000184162,1.1740016,1.7972267,10
ENSG00000196150_1,1.593278,1.592521,10
ENSG00000104824_1,2.5488918,2.2453127,10
ENSG00000187840,2.2751863,2.4797537,10
ENSG00000268964,0.23327783,0.0,10
ENSG00000171056,1.298706,1.2479978,10
ENSG00000234616,2.243475,2.2189555,10
ENSG00000085788,2.4638298,2.0580463,10
ENSG00000171295,1.9170003,1.622442,10
ENSG00000167766,1.875133,2.3831239,10
ENSG00000160505,0.17462704,0.681829,10
ENSG00000185728_1,2.5506408,1.3163059,10
ENSG00000260001,0.9011187,1.2223262,10
ENSG00000188766,0.79109144,1.335177,10
ENSG00000155975,2.3810406,2.6398847,10
ENSG00000176619,0.36915377,0.0,10
ENSG00000236144,2.313745,0.0,10
ENSG00000104320_1,2.7616382,1.6308345,10
ENSG00000147689,0.30249313,0.0,10
ENSG00000167487,2.081669,1.7641836,10
ENSG00000120899,1.8471177,1.585112,10
ENSG00000164924_5,1.4395914,3.2756705,10
ENSG00000012061_2,1.6506815,0.9924046,10
ENSG00000196150,2.4960806,2.1738474,10
ENSG00000169490_1,2.6650028,2.49764,10
ENSG00000188227_1,0.486608,0.8330132,10
ENSG00000197019,2.5960429,2.0747068,10
ENSG00000212429,0.20229274,0.0,10
ENSG00000147454,2.2257004,2.6318576,10
ENSG00000182310_1,1.9861076,1.0997945,10
ENSG00000182986,0.23555413,0.0,10
ENSG00000147654_2,1.2160742,0.0,10
ENSG00000248801,0.52915585,1.0067014,10
ENSG00000141905_2,2.3770666,2.6599076,10
ENSG00000154328,2.1180165,2.2328615,10
ENSG00000169169_1,0.4393984,0.8245814,10
ENSG00000147697,0.2580234,0.0,10
ENSG00000104823,2.5727434,3.24235,10
ENSG00000171777,0.579571,0.0,10
ENSG00000253773,2.3139458,1.8599545,10
ENSG00000105643,2.348693,1.9533731,10
ENSG00000171045,2.239275,2.0744982,10
ENSG00000283567,0.35593605,0.0,10
ENSG00000156471,2.4328694,3.1752305,10
ENSG00000182472_1,0.7033218,1.3657687,10
ENSG00000186529,0.21954995,0.0,10
ENSG00000007129,1.1193507,2.5076265,10
ENSG00000159871_1,0.17897233,0.0,10
ENSG00000256087,1.9964936,1.8655955,10
ENSG00000034677_1,0.31308165,0.8371969,10
ENSG00000197380,1.9982258,1.4907448,10
ENSG00000293171,1.1257083,0.0,10
ENSG00000008438,0.49249384,1.285062,10
ENSG00000126247,2.5175767,3.1139867,10
ENSG00000183207,2.0151014,2.870505,10
ENSG00000126456,1.6066887,0.0,10
ENSG00000161091_1,0.8912424,1.0569811,10
ENSG00000205133,1.8094273,0.9685903,10
ENSG00000105655,1.1104887,1.5712545,10
ENSG00000285675,0.24969506,0.7552649,10
ENSG00000223547,1.5349107,1.0859823,10
ENSG00000131351,2.7612405,1.9575355,10
ENSG00000159871,0.24906269,1.1560158,10
ENSG00000173581_1,2.0294623,2.3330925,10
ENSG00000134013_1,0.28930902,0.6479206,10
ENSG00000176840,0.30506295,0.0,10
ENSG00000169136,2.955341,3.8643153,10
ENSG00000198551,2.5042815,1.5307887,10
ENSG00000243772,0.31686568,0.0,10
ENSG00000253868,2.6694949,0.855398,10
ENSG00000178685,1.3247215,2.4908752,10
ENSG00000182315,0.2104347,0.0,10
ENSG00000104972,0.43993112,0.0,10
ENSG00000105643_2,1.6491883,1.6767119,10
ENSG00000185869,1.5020411,0.0,10
ENSG00000105197,2.4670367,3.0356538,10
ENSG00000196109,0.312466,0.9821355,10
ENSG00000171428,0.726928,2.0149908,10
ENSG00000104885,2.6289725,3.0503025,10
ENSG00000187650,2.2070003,1.952119,10
ENSG00000131400,1.0770633,0.0,10
ENSG00000164830_4,0.58817697,0.0,10
ENSG00000160957_1,2.4083567,2.4448564,10
ENSG00000179855,1.1687274,1.4880146,10
ENSG00000105339,2.532344,2.6125147,10
ENSG00000105507,0.26206046,0.0,10
ENSG00000166398,2.1053598,2.040634,10
ENSG00000279300,0.3192838,0.0,10
ENSG00000147649,2.7702076,3.2503614,10
ENSG00000269834,0.806259,0.0,10
ENSG00000164924,1.9562885,1.5283381,10
ENSG00000185122,2.5218692,3.0450256,10
ENSG00000254004,2.305957,2.3342245,10
ENSG00000126247_2,1.8020153,0.0,10
ENSG00000179886,2.3386097,1.6128474,10
ENSG00000155897,0.8021421,1.3073249,10
ENSG00000283959_1,1.9397852,0.0,10
ENSG00000275591,0.96230364,1.6644332,10
ENSG00000133872_1,2.7294316,2.9405818,10
ENSG00000104853_1,2.5448866,2.7964542,10
ENSG00000262874,0.42202145,0.0,10
ENSG00000171236,0.45509976,1.8189309,10
ENSG00000104852,2.7131968,3.37581,10
ENSG00000066855,2.087006,2.3879626,10
ENSG00000134013,1.0307275,0.97010547,10
ENSG00000189042,2.3065133,1.8044162,10
ENSG00000159882,2.058598,1.7115254,10
ENSG00000169122_1,0.23587182,0.0,10
ENSG00000123810,3.1249466,2.3723116,10
ENSG00000291114,0.4350288,0.0,10
ENSG00000104738,2.6090088,3.3962743,10
ENSG00000201763,0.21342012,0.0,10
ENSG00000287001,0.438679,0.85545856,10
ENSG00000104969,2.5359495,2.8907316,10
ENSG00000141867_1,2.5557404,1.7059321,10
ENSG00000104221,1.9069408,2.2765653,10
ENSG00000129932,0.43063983,0.0,10
ENSG00000245281,1.9870338,0.0,10
ENSG00000267383_1,0.18077186,0.0,10
ENSG00000169490,2.6635692,2.3754404,10
ENSG00000233493,2.3216043,2.2272182,10
ENSG00000268061,2.3788795,1.9460247,10
ENSG00000253374,0.17521149,1.0150158,10
ENSG00000147526_2,2.7548308,2.746237,10
ENSG00000167384,2.2385395,2.2560558,10
ENSG00000178982,2.767377,3.4049773,10
ENSG00000102575_1,1.8496728,2.188045,10
ENSG00000131848,2.5410914,2.0560622,10
ENSG00000253507,0.14894736,0.0,10
ENSG00000178764,1.5207264,2.2231636,10
ENSG00000182986_1,1.8008436,2.1926036,10
ENSG00000130844,1.015116,1.6387378,10
ENSG00000104827,0.3795887,0.0,10
ENSG00000187954,2.0116012,2.1611283,10
ENSG00000265817,1.1534389,2.5968542,10
ENSG00000126457_1,2.6478977,3.017976,10
ENSG00000104660_1,2.3242354,1.0836459,10
ENSG00000147650_1,2.522708,2.2631152,10
ENSG00000291128,0.40470952,0.5180662,10
ENSG00000130377,0.19111714,0.5266752,10
ENSG00000125505,2.512703,0.0,10
ENSG00000105176_2,0.20620027,0.0,10
ENSG00000141858,2.1451185,2.741569,10
ENSG00000174898,2.4430568,1.1377338,10
ENSG00000105341_1,2.0885456,2.4724288,10
ENSG00000104388,2.5624886,2.4292855,10
ENSG00000267680,1.172041,2.0636635,10
ENSG00000170892,2.547226,1.784767,10
ENSG00000164953,1.321833,0.0,10
ENSG00000105255,1.071594,1.1009183,10
ENSG00000121410_1,0.39599967,0.0,10
ENSG00000293314,2.0541623,1.575003,10
ENSG00000105278,1.1799196,1.3539547,10
