,Pred,actual,fold_idx
ENSG00000293499,2.2645607,1.8033205,12
ENSG00000153933,2.1105366,2.142646,12
ENSG00000198242_1,2.526867,2.2466216,12
ENSG00000011258,2.164139,1.7644078,12
ENSG00000136444,2.18709,0.0,12
ENSG00000221829_1,2.3117483,2.099439,12
ENSG00000141527,0.27235276,0.5897039,12
ENSG00000070540,2.367659,1.9679129,12
ENSG00000164976,1.471268,1.3742038,12
ENSG00000108797,1.3364217,2.2034218,12
ENSG00000177370,2.4969232,2.5946434,12
ENSG00000214946,0.14919418,0.0,12
ENSG00000259120,0.5746652,1.6203183,12
ENSG00000172301_1,1.7801542,2.4838724,12
ENSG00000169689,1.9136666,2.5478964,12
ENSG00000172171,1.9216498,0.0,12
ENSG00000141295,0.23284125,0.0,12
ENSG00000169738_2,2.3187165,2.8791316,12
ENSG00000132535_2,0.35206917,0.0,12
ENSG00000108953,2.6557326,3.7648485,12
ENSG00000136870,2.3068633,2.1026156,12
ENSG00000137075_1,2.4804528,1.8980228,12
ENSG00000173894,1.9041884,1.6663214,12
ENSG00000184988_1,0.6839432,0.0,12
ENSG00000136937,2.8503644,2.661894,12
ENSG00000175854,1.1291633,1.0378128,12
ENSG00000120071_3,2.875729,2.3298452,12
ENSG00000198642,2.4666483,2.4453707,12
ENSG00000197417,2.488706,2.1797757,12
ENSG00000129197_1,1.9593506,2.5039675,12
ENSG00000213246,2.6038308,2.966704,12
ENSG00000176170_2,1.1031854,1.188591,12
ENSG00000133026_1,1.6282121,1.5910312,12
ENSG00000235601,1.2962209,1.0272273,12
ENSG00000161533,2.6107025,2.2752514,12
ENSG00000132581,2.4746544,0.0,12
ENSG00000153714,0.078721866,0.0,12
ENSG00000107105_3,0.49567682,0.0,12
ENSG00000137074,2.4377267,2.611259,12
ENSG00000267104,0.44314864,0.0,12
ENSG00000278910_1,0.09349432,0.6414741,12
ENSG00000006744,2.1132016,0.0,12
ENSG00000258890,2.6576858,2.2584002,12
ENSG00000137078,1.611488,2.6068542,12
ENSG00000204913,2.1236644,0.0,12
ENSG00000108669_4,2.5346065,2.5861268,12
ENSG00000172724,0.33066416,0.0,12
ENSG00000181222,2.6743784,3.365044,12
ENSG00000214929,0.023210946,0.0,12
ENSG00000186832,0.9430629,1.1153442,12
ENSG00000278535,1.8860185,2.1185756,12
ENSG00000279561,2.2526603,0.0,12
ENSG00000187764_2,2.3375182,2.7645862,12
ENSG00000131477,0.82526475,1.2584697,12
ENSG00000291094,0.1619778,0.0,12
ENSG00000164978,2.7083788,2.4358094,12
ENSG00000108417,0.16062003,0.0,12
ENSG00000266962,2.504325,2.3023698,12
ENSG00000148290,2.0890653,1.8528105,12
ENSG00000165238,1.3842931,1.7230203,12
ENSG00000184640_3,0.8966894,0.0,12
ENSG00000108819,1.8753731,1.8471776,12
ENSG00000108813_2,1.1253272,1.5489051,12
ENSG00000108946,2.4537845,2.0482125,12
ENSG00000119411,1.2540989,1.3114996,12
ENSG00000179094_1,2.1466908,2.372227,12
ENSG00000148120,2.205464,2.048768,12
ENSG00000183684,2.487659,3.4185069,12
ENSG00000106789,1.6683621,1.5536404,12
ENSG00000108666_2,2.1002166,1.5484754,12
ENSG00000196597,1.8964632,2.1051252,12
ENSG00000167419,0.16274664,0.0,12
ENSG00000148358,2.5568516,2.417392,12
ENSG00000165115,2.24823,1.6946052,12
ENSG00000266714,0.44993097,1.2240407,12
ENSG00000184544,0.08776294,0.0,12
ENSG00000141699,2.7654927,2.5638323,12
ENSG00000267080,2.5360267,2.2369905,12
ENSG00000161526,2.1034765,2.4977255,12
ENSG00000082641_3,1.0242196,0.0,12
ENSG00000109111,2.7730408,3.0053265,12
ENSG00000278023,1.163219,0.0,12
ENSG00000167543_2,1.2799839,2.2451375,12
ENSG00000167851_1,2.1103244,2.1224616,12
ENSG00000064218,1.4976394,1.1820749,12
ENSG00000175175,1.3040739,1.3052653,12
ENSG00000137101_2,2.2375193,0.8224231,12
ENSG00000285634,0.08059072,0.0,12
ENSG00000136943,1.1407833,0.0,12
ENSG00000279602,2.3606143,2.332099,12
ENSG00000187609,1.9874375,1.725985,12
ENSG00000267532,1.8617822,0.0,12
ENSG00000135045,2.2852955,2.5209496,12
ENSG00000173838,0.054479245,0.669763,12
ENSG00000196092_2,2.3867354,2.2724915,12
ENSG00000142507,1.684896,3.229116,12
ENSG00000167157,1.6116924,1.590619,12
ENSG00000136940,2.1778393,2.5032609,12
ENSG00000165269,0.34971035,0.0,12
ENSG00000291075,2.9522302,2.9980106,12
ENSG00000221676,1.6299043,0.0,12
ENSG00000131759,0.66181177,0.0,12
ENSG00000132530_3,1.9812126,2.6960678,12
ENSG00000188483,1.6193421,2.179724,12
ENSG00000141161,0.18397781,0.0,12
ENSG00000178971,2.6012464,2.4020686,12
ENSG00000073598,0.18869832,0.0,12
ENSG00000157657,1.720254,1.1304302,12
ENSG00000184640_8,1.6860912,2.192428,12
ENSG00000107014,0.67717487,0.0,12
ENSG00000120159,2.637727,1.9218425,12
ENSG00000108509_2,2.523365,2.2582061,12
ENSG00000132388,2.3684125,3.132061,12
ENSG00000148143_1,0.23921543,0.0,12
ENSG00000011454,2.3432145,2.2595747,12
ENSG00000181090_2,1.030926,1.0204649,12
ENSG00000153822_2,0.09673434,0.0,12
ENSG00000187024_1,0.5705581,0.8824505,12
ENSG00000137135,2.2972474,2.2240694,12
ENSG00000291140,2.9668784,1.7460891,12
ENSG00000132535_4,1.9294193,0.0,12
ENSG00000138835_3,0.5848229,1.214579,12
ENSG00000200997,0.434878,0.0,12
ENSG00000188581,0.54995346,1.913888,12
ENSG00000177294,1.1276957,1.2512074,12
ENSG00000164975,2.4250677,2.7778544,12
ENSG00000059769,2.4735503,2.17843,12
ENSG00000196363,1.3044369,1.6551385,12
ENSG00000227517,0.0075000226,0.0,12
ENSG00000099810,1.7812485,2.7208207,12
ENSG00000184640_5,0.56347966,0.0,12
ENSG00000135052,1.764619,1.519316,12
ENSG00000141753,1.80811,2.1876702,12
ENSG00000181031,0.08032928,0.0,12
ENSG00000181409,0.26073095,0.92849827,12
ENSG00000108799,1.9953394,2.2253609,12
ENSG00000126561_1,0.44658616,1.0443045,12
ENSG00000129226,1.1780996,1.9912127,12
ENSG00000224505,2.8543034,1.9962971,12
ENSG00000064195,0.9114488,0.0,12
ENSG00000119314_1,2.6840472,3.0888445,12
ENSG00000230148,2.186039,2.2516139,12
ENSG00000158122,1.6787654,1.7443243,12
ENSG00000130635,1.5572646,1.4842429,12
ENSG00000189375,0.12172213,0.66981876,12
ENSG00000141279,0.06402832,0.0,12
ENSG00000008294,0.28967357,1.4122252,12
ENSG00000128422_1,0.70294684,0.50046974,12
ENSG00000175866_4,0.38421157,0.0,12
ENSG00000141551_1,0.3845624,1.1325158,12
ENSG00000131475,1.6512482,2.8762681,12
ENSG00000119121,0.21964079,0.0,12
ENSG00000189051,0.52017343,1.1608286,12
ENSG00000159314,1.9013109,0.0,12
ENSG00000141293,2.33834,2.6811762,12
ENSG00000005961_1,0.93390155,0.78668046,12
ENSG00000119403,1.7792845,0.7132805,12
ENSG00000214654,2.4303231,1.8754085,12
ENSG00000141376,2.1922116,0.0,12
ENSG00000136813_1,1.7502925,2.8847048,12
ENSG00000293440_1,0.16536245,0.0,12
ENSG00000141526_1,1.3784932,1.7142962,12
ENSG00000122696,2.4519904,2.3249345,12
ENSG00000244537,0.7672583,1.8052969,12
ENSG00000138835_6,1.367023,1.2639437,12
ENSG00000173068,0.07018292,0.0,12
ENSG00000166750,1.3307045,1.3658248,12
ENSG00000180329,1.8881269,2.74687,12
ENSG00000141030,2.0836287,2.8813555,12
ENSG00000107186_2,0.09290968,0.0,12
ENSG00000141456_1,2.2838483,2.6650863,12
ENSG00000119403_1,2.5315063,2.5954895,12
ENSG00000172889_1,0.44513044,0.96082264,12
ENSG00000179029,2.2208567,2.0393388,12
ENSG00000136487,0.539145,0.0,12
ENSG00000106701,2.1859856,1.8295867,12
ENSG00000265096,0.17282715,1.0136545,12
ENSG00000109079,2.3723001,2.3190415,12
ENSG00000109101,0.48560572,1.4617326,12
ENSG00000108590,1.994014,0.0,12
ENSG00000141349_1,2.2801108,2.3374333,12
ENSG00000230054,0.48008713,0.0,12
ENSG00000070610_1,2.4033952,2.441145,12
ENSG00000178966,2.6166818,2.3897488,12
ENSG00000280177,1.0324621,1.0204856,12
ENSG00000141052,1.2265449,0.0,12
ENSG00000121104_1,2.4228082,1.3843248,12
ENSG00000082641_1,2.1879258,2.6558037,12
ENSG00000172716,0.8689136,0.0,12
ENSG00000108379_1,0.22920018,0.0,12
ENSG00000141756_1,0.76316106,1.0205022,12
ENSG00000147889_1,1.9280888,2.5610058,12
ENSG00000107164,2.5002086,2.7183938,12
ENSG00000109046,2.5511985,3.2113636,12
ENSG00000167543_3,2.0004165,1.6529132,12
ENSG00000187764,0.4370724,0.8309734,12
ENSG00000141741,2.0304513,2.425575,12
ENSG00000188386,0.6700119,0.0,12
ENSG00000182156,0.25795346,0.0,12
ENSG00000119383_1,2.1746671,2.5695226,12
ENSG00000136856,2.406293,1.7612059,12
ENSG00000072818,1.5604664,1.9006511,12
ENSG00000167858,0.2673809,0.0,12
ENSG00000173918,1.3114268,1.5444525,12
ENSG00000108813_1,0.694304,0.0,12
ENSG00000119139_1,1.3489316,1.8447318,12
ENSG00000095370_3,1.1843992,1.749914,12
ENSG00000130948,0.12931766,0.8330323,12
ENSG00000167881_1,2.4665174,3.1611283,12
ENSG00000161714,1.8957653,1.6767211,12
ENSG00000007237_2,0.46715346,1.2049065,12
ENSG00000141258_1,2.2954228,1.4724493,12
ENSG00000187713,2.39256,2.2182202,12
ENSG00000147862_1,0.0717578,0.0,12
ENSG00000129245,2.7488544,2.228734,12
ENSG00000148219,1.9382098,0.0,12
ENSG00000267280,1.0936537,1.2873538,12
ENSG00000224848,0.5881833,0.97766465,12
ENSG00000033627_1,0.15814951,0.0,12
ENSG00000119431,2.0497308,2.108186,12
ENSG00000167723,0.55806625,0.0,12
ENSG00000066697,2.046726,2.3971229,12
ENSG00000126883_2,0.20721948,0.84534615,12
ENSG00000167842_1,2.8440647,2.2236516,12
ENSG00000167105,0.70123225,1.4523845,12
ENSG00000184060_1,1.3062826,1.4210771,12
ENSG00000204414,0.21929425,0.6005264,12
ENSG00000106829_4,0.042914502,0.0,12
ENSG00000083223_1,2.4204657,2.4123178,12
ENSG00000260220,0.62525344,0.80046964,12
ENSG00000136908,2.0445669,2.517407,12
ENSG00000067596,2.1152327,2.7070606,12
ENSG00000136828_1,1.440735,0.9545898,12
ENSG00000169660,1.9331088,2.437608,12
ENSG00000126883,2.4697824,2.7426183,12
ENSG00000108654,0.47225496,1.0871422,12
ENSG00000086102,2.734961,2.8655334,12
ENSG00000153944_1,1.1786908,1.4100649,12
ENSG00000170315,2.6493149,3.5568607,12
ENSG00000263069,2.1439996,1.2567418,12
ENSG00000188163,0.46735606,1.0052663,12
ENSG00000108958,0.14828974,2.2719135,12
ENSG00000179111,0.3346698,0.0,12
ENSG00000083454,1.9354067,1.5588285,12
ENSG00000120158,2.5232606,2.082997,12
ENSG00000182446_2,2.1606798,2.7927678,12
ENSG00000132510_1,0.37469563,0.0,12
ENSG00000234494_1,1.5605594,1.7965466,12
ENSG00000167113_1,2.5334976,2.5286481,12
ENSG00000141376_3,0.014060061,1.3959777,12
ENSG00000179409_1,1.541271,1.3351569,12
ENSG00000219200_1,1.5055127,2.379378,12
ENSG00000185158,2.163241,2.1309445,12
ENSG00000153944_3,0.1363515,0.0,12
ENSG00000183048,2.0000544,2.030531,12
ENSG00000196739_1,0.18419546,0.93843466,12
ENSG00000262920,0.7069149,1.1345915,12
ENSG00000108854,2.1164994,1.8793367,12
ENSG00000141551,0.34585616,1.344353,12
ENSG00000197724,2.0801573,2.0533473,12
ENSG00000154760,1.8989899,2.4913616,12
ENSG00000167193,2.644794,2.324994,12
ENSG00000170291_1,2.320792,2.4878182,12
ENSG00000131095,0.6022494,1.010868,12
ENSG00000141556_1,0.65907526,0.0,12
ENSG00000167107,1.9539154,0.0,12
ENSG00000262223,0.24439692,0.88242775,12
ENSG00000267206_1,0.47661206,0.0,12
ENSG00000096968_1,2.651492,2.1593688,12
ENSG00000178607,2.642348,2.3021967,12
ENSG00000161395,2.1427212,1.9785137,12
ENSG00000267166,0.5660106,0.0,12
ENSG00000167525_1,1.959824,1.1377275,12
ENSG00000125482,1.1190317,0.0,12
ENSG00000141748,0.33254993,0.0,12
ENSG00000204897,0.063142344,0.0,12
ENSG00000267321,1.8929268,1.9958237,12
ENSG00000182963,1.8300176,2.010003,12
ENSG00000197079,0.123163,1.1904438,12
ENSG00000119408_1,2.5907483,2.1607056,12
ENSG00000141522_1,2.43125,3.3234892,12
ENSG00000263293,2.464387,1.5291094,12
ENSG00000108468,2.5311022,1.5489174,12
ENSG00000224877,2.4081683,3.087998,12
ENSG00000156017,2.687963,2.3527997,12
ENSG00000083457_1,0.4053834,0.0,12
ENSG00000007174_1,0.27684864,0.0,12
ENSG00000260454,0.017565541,0.0,12
ENSG00000229109,0.18467537,0.0,12
ENSG00000108788,2.1795518,2.720151,12
ENSG00000136881_1,0.03903286,0.0,12
ENSG00000170777,0.23763657,0.0,12
ENSG00000182557,0.63898385,0.8412969,12
ENSG00000188229,2.4604664,3.896513,12
ENSG00000137142,1.6395047,2.0425756,12
ENSG00000167100_1,1.576797,1.8053173,12
ENSG00000167703,2.2812269,1.9057118,12
ENSG00000197355,2.2352283,2.2458038,12
ENSG00000235453,2.1994057,2.3509648,12
ENSG00000205108,0.08509652,0.0,12
ENSG00000148156,0.49554476,0.0,12
ENSG00000302531,0.5915316,0.9821808,12
ENSG00000198265_1,1.7575241,0.0,12
ENSG00000049283_1,0.40654325,0.60408556,12
ENSG00000159210,2.3042026,2.4818265,12
ENSG00000170836,2.7526913,2.4388855,12
ENSG00000175662,2.0508227,2.0171752,12
ENSG00000159184,1.2377067,0.93843967,12
ENSG00000136895_1,1.8340532,1.2316123,12
ENSG00000073670,1.6645669,1.5784215,12
ENSG00000081386,1.7269013,2.1722293,12
ENSG00000147896,0.07028179,0.0,12
ENSG00000283329,0.06335077,0.0,12
ENSG00000222465,0.06111323,0.0,12
ENSG00000182938,0.7071674,1.1240149,12
ENSG00000235183,0.21045354,1.8408523,12
ENSG00000136942,2.7372036,4.3490114,12
ENSG00000109061,0.026440248,0.0,12
ENSG00000285947,1.0012972,0.0,12
ENSG00000166579_1,2.3741202,2.3967154,12
ENSG00000119383_4,1.4051857,1.9090209,12
ENSG00000160408_2,1.082642,0.0,12
ENSG00000049283,0.55939144,1.2646054,12
ENSG00000107077,2.9033,2.3949068,12
ENSG00000130558,1.39957,1.4572762,12
ENSG00000187210,1.4816545,1.3074105,12
ENSG00000198000,1.6810874,2.868254,12
ENSG00000169718,1.9598225,0.93018466,12
ENSG00000127084,0.69699097,0.0,12
ENSG00000265542,0.15676028,1.0024685,12
ENSG00000137076,2.559474,3.0259855,12
ENSG00000196814,1.8066196,1.5608269,12
ENSG00000184434,0.083092734,0.0,12
ENSG00000148219_1,1.6398883,1.8321894,12
ENSG00000167103,0.19590849,0.793555,12
ENSG00000107130,1.789093,1.6966097,12
ENSG00000168517_1,2.4031892,1.214579,12
ENSG00000108883_1,2.4600177,3.0843046,12
ENSG00000108826,1.9884298,2.944547,12
ENSG00000172889,0.5177998,0.0,12
ENSG00000225194_1,0.7909308,0.9368303,12
ENSG00000225663,2.2127142,2.4884365,12
ENSG00000108244_2,0.07894464,0.53087944,12
ENSG00000141497,1.2257932,0.0,12
ENSG00000168610_3,2.8658218,2.729628,12
ENSG00000169683,1.9233264,1.8362608,12
ENSG00000171916,0.5209657,0.0,12
ENSG00000130222,1.1287038,1.2101847,12
ENSG00000137101_1,1.2029874,1.2274753,12
ENSG00000237159,0.10617492,0.0,12
ENSG00000290657,0.51448804,0.0,12
ENSG00000175061,2.7403111,3.6171556,12
ENSG00000272636,1.6205281,1.4016246,12
ENSG00000237339,0.15128484,0.0,12
ENSG00000122733,0.42480984,0.9130452,12
ENSG00000136877,2.5200343,2.3154035,12
ENSG00000161381_1,0.6876514,0.0,12
ENSG00000179859_1,1.7983658,1.8417035,12
ENSG00000165185,2.323309,2.2198882,12
ENSG00000132518_1,0.83461493,0.9806396,12
ENSG00000182534,1.6246468,1.6176188,12
ENSG00000235361,2.071762,0.9182925,12
ENSG00000290858,0.13910577,0.0,12
ENSG00000273061,2.4668107,0.0,12
ENSG00000281491,1.6599257,0.9095988,12
ENSG00000165140,1.3552105,1.2938265,12
ENSG00000173801,0.55980074,1.0443437,12
ENSG00000167525_2,1.787093,1.5128177,12
ENSG00000004142,2.3827515,2.7249374,12
ENSG00000167114,2.208578,2.1817923,12
ENSG00000130653,0.6821217,0.0,12
ENSG00000174282,2.2490594,2.081495,12
ENSG00000235641,0.064133175,0.6381197,12
ENSG00000141522,0.7784138,2.5868347,12
ENSG00000131242,2.0539856,2.1757987,12
ENSG00000121073,2.6210434,2.6025872,12
ENSG00000274180,1.832582,1.7752463,12
ENSG00000171159,2.3948236,2.6652675,12
ENSG00000106868,1.8931726,0.0,12
ENSG00000141542,1.3977606,1.5021539,12
ENSG00000278910,0.06377474,0.0,12
ENSG00000188352_1,0.21459115,0.0,12
ENSG00000141560,1.8127648,2.2967682,12
ENSG00000108861,1.6390698,2.1941173,12
ENSG00000141736_1,0.89857805,1.0378247,12
ENSG00000072310,1.8579135,1.5235918,12
ENSG00000165688,2.5751548,2.936275,12
ENSG00000197291,1.5260513,1.1283411,12
ENSG00000213694,1.1260229,1.0801212,12
ENSG00000266970,1.8159641,0.811575,12
ENSG00000167447,1.6682916,2.2938905,12
ENSG00000092929_1,1.6812685,2.1463482,12
ENSG00000030304,0.095791996,0.0,12
ENSG00000197879_1,2.0279555,1.7427565,12
ENSG00000147905,2.7798781,2.7359827,12
ENSG00000225361,0.6364692,1.4477315,12
ENSG00000004660,0.35095567,0.0,12
ENSG00000108654_1,2.368952,0.0,12
ENSG00000148357,1.5083557,1.5796121,12
ENSG00000198467_3,1.2927735,1.8736984,12
ENSG00000226549,0.91720724,2.1020906,12
ENSG00000186532,2.309999,0.0,12
ENSG00000141576_1,2.0440247,1.6403621,12
ENSG00000172794,0.45671007,1.1541013,12
ENSG00000280496,0.6782447,0.66058093,12
ENSG00000187595_1,0.69012195,1.0894706,12
ENSG00000165698,0.63586664,0.6788551,12
ENSG00000122756_1,1.2774704,1.1867304,12
ENSG00000267121,2.222074,2.6511714,12
ENSG00000236404,1.5840297,1.4401058,12
ENSG00000167106,0.49001774,0.0,12
ENSG00000035862_1,0.27503535,0.70491374,12
ENSG00000137098,2.3428316,2.784015,12
ENSG00000198336,0.24280411,0.0,12
ENSG00000148090,1.8253677,2.1446147,12
ENSG00000179604,2.245018,2.072588,12
ENSG00000165716,1.6957299,1.27614,12
ENSG00000204711,0.35507277,0.0,12
ENSG00000160447,1.6576403,1.276117,12
ENSG00000169692,2.137168,2.1120384,12
ENSG00000231806_1,0.6067381,0.0,12
ENSG00000127191_1,2.6927898,2.209826,12
ENSG00000204316,2.3302076,2.7069771,12
ENSG00000121073_2,0.4967333,0.74261516,12
ENSG00000108829,2.1683435,3.096044,12
ENSG00000221926,0.16081297,0.0,12
ENSG00000175866_1,0.46466237,0.6349204,12
ENSG00000171246,1.6410891,2.17745,12
ENSG00000109016,2.3179777,2.2123713,12
ENSG00000109083,2.3042476,2.5727112,12
ENSG00000136802_1,0.2569229,0.67889154,12
ENSG00000167721,2.0085258,0.0,12
ENSG00000171446,0.17428118,0.4107941,12
ENSG00000171634,2.4647636,2.7783322,12
ENSG00000198722,1.4086114,1.4011074,12
ENSG00000214860,0.3118087,0.0,12
ENSG00000161970,1.8828777,4.265278,12
ENSG00000161682,1.685347,1.7724171,12
ENSG00000131748,2.4247265,2.7312543,12
ENSG00000290567,0.47214627,0.0,12
ENSG00000122133,0.43168685,0.0,12
ENSG00000176974,2.0003788,2.3069866,12
ENSG00000012048,0.0720821,0.0,12
ENSG00000092931_2,0.14556926,0.0,12
ENSG00000108622_1,2.4176784,2.654831,12
ENSG00000040633,1.6176239,0.0,12
ENSG00000132591,1.2644117,2.888828,12
ENSG00000235387,0.19789213,0.0,12
ENSG00000196535_1,1.8313694,1.9696069,12
ENSG00000108344,2.7672112,3.150695,12
ENSG00000068489,2.2168894,3.0159461,12
ENSG00000040531_1,2.2454858,1.666939,12
ENSG00000165702,0.17442939,0.0,12
ENSG00000240871,0.82479465,1.4177871,12
ENSG00000235979,0.137205,0.0,12
ENSG00000123700,1.3164549,1.8234482,12
ENSG00000156017_1,2.5767984,2.622587,12
ENSG00000136824,2.3123975,2.9062057,12
ENSG00000148339_1,0.62100714,1.1469958,12
ENSG00000091592,1.5067654,2.5706213,12
ENSG00000170835,0.3487995,0.0,12
ENSG00000186350,1.9899685,1.6145598,12
ENSG00000182459,0.19107226,0.0,12
ENSG00000184640_4,2.0536976,2.3201609,12
ENSG00000260230,1.4525466,1.5370001,12
ENSG00000213930,1.9770257,1.6826143,12
ENSG00000198121_1,1.5286703,1.9614496,12
ENSG00000132386_2,0.48562708,0.6906213,12
ENSG00000120215,0.12356263,0.47735283,12
ENSG00000133026,1.0917434,1.5643346,12
ENSG00000183354,1.7258997,2.0211189,12
ENSG00000273611,2.1512127,2.5759969,12
ENSG00000181513_1,1.9032323,1.695472,12
ENSG00000291022,0.5028222,0.0,12
ENSG00000096968,2.668579,2.3441172,12
ENSG00000198863,2.4321613,2.5413046,12
ENSG00000199426,0.14822334,0.8652462,12
ENSG00000169738_1,2.2963085,1.7203412,12
ENSG00000148331,2.3169465,1.9700538,12
ENSG00000264399,1.9927971,2.4744158,12
ENSG00000209582,0.3379151,0.0,12
ENSG00000203987,0.22866407,0.0,12
ENSG00000135040,2.4686704,2.421538,12
ENSG00000275832,1.3024291,1.3589622,12
ENSG00000125450,2.4635801,2.392618,12
ENSG00000170049,1.2048507,1.2358061,12
ENSG00000154016,1.6358418,2.1115515,12
ENSG00000275023,2.5282729,2.526184,12
ENSG00000240813,0.058958024,1.4749181,12
ENSG00000170160,0.83386683,0.9165434,12
ENSG00000165275,1.7900822,1.6969126,12
ENSG00000170703_1,1.0763638,1.1540037,12
ENSG00000106823,0.020635583,0.0,12
ENSG00000137074_1,2.5952737,0.0,12
ENSG00000108839,1.2160324,1.5954411,12
ENSG00000262481,1.7996385,2.7377794,12
ENSG00000161921_1,1.4381721,1.4680666,12
ENSG00000126861,0.10125096,0.0,12
ENSG00000155158,1.1909312,1.9815468,12
ENSG00000290919,0.61054146,1.3633751,12
ENSG00000275700,2.5912066,2.4164908,12
ENSG00000171843_1,2.3666549,1.7221912,12
ENSG00000186834,2.7567308,2.4783745,12
ENSG00000240505,2.3923473,3.573708,12
ENSG00000188833,0.32557118,0.0,12
ENSG00000129646,0.69758284,1.1895183,12
ENSG00000087111_1,0.21826425,0.0,12
ENSG00000165269_1,0.27042004,0.0,12
ENSG00000204136,1.425227,1.5403545,12
ENSG00000148300,2.1755705,2.6519222,12
ENSG00000185722_1,2.2128236,2.1490588,12
ENSG00000167103_1,1.5597241,0.98213094,12
ENSG00000275832_1,1.5446243,0.0,12
ENSG00000174292,0.9314649,0.940073,12
ENSG00000121067,2.069106,2.7660134,12
ENSG00000176170_1,1.8968034,1.4442478,12
ENSG00000122136,0.31356353,0.0,12
ENSG00000120158_1,0.110626265,0.0,12
ENSG00000070731_2,0.28900507,0.0,12
ENSG00000133027_1,0.24476084,0.0,12
ENSG00000230601_1,0.46762,0.0,12
ENSG00000131471_1,0.48887768,0.0,12
ENSG00000107175,2.2257211,1.6554939,12
ENSG00000126883_1,1.5141376,0.0,12
ENSG00000199483,0.0441038,1.2953845,12
ENSG00000141568_1,0.45452258,0.0,12
ENSG00000199744,0.37893635,1.400469,12
ENSG00000161654,0.13806131,1.48051,12
ENSG00000148308_1,2.339484,2.5068662,12
ENSG00000170004_1,0.5555691,0.0,12
ENSG00000161960,2.7326484,3.7687838,12
ENSG00000141298,2.5045218,2.85891,12
ENSG00000159217,1.0525328,2.5938475,12
ENSG00000033627,1.9898999,2.6296818,12
ENSG00000125457_1,2.4501188,2.3532043,12
ENSG00000109089,1.3299458,1.5052178,12
ENSG00000265148,1.9276619,1.230883,12
ENSG00000128487,1.55529,1.4349041,12
ENSG00000129667_1,2.4811363,2.3304949,12
ENSG00000215644,1.4451423,1.323953,12
ENSG00000165119,0.26621547,2.089665,12
ENSG00000267206,0.15069415,0.0,12
ENSG00000136861_1,2.2192738,2.650256,12
ENSG00000175611,2.6144938,1.8357033,12
ENSG00000131094,1.7017102,2.0116508,12
ENSG00000161594,0.16295543,0.65431136,12
ENSG00000275152,0.4615693,1.1619546,12
ENSG00000106852,1.2790513,1.331326,12
ENSG00000007168_2,2.382022,1.7937834,12
ENSG00000068079,1.6370726,2.5488536,12
ENSG00000157654_2,0.8420371,1.008089,12
ENSG00000196642,2.4211435,2.7652512,12
ENSG00000171346_1,0.18650258,0.0,12
ENSG00000129654,1.0894027,0.87297165,12
ENSG00000200538,0.10947107,0.0,12
ENSG00000108352,1.7116864,1.9156584,12
ENSG00000108389_1,2.5870147,2.1053433,12
ENSG00000188312,2.5688393,2.5280137,12
ENSG00000127081,1.9018589,2.1754682,12
ENSG00000244045,2.31199,0.0,12
ENSG00000267023,0.3188335,0.73745507,12
ENSG00000274996,0.12964845,0.0,12
ENSG00000235641_1,0.42344818,1.0455576,12
ENSG00000214401,2.9463654,1.5592362,12
ENSG00000172123_1,1.4964836,1.5386817,12
ENSG00000108840,2.550321,2.416712,12
ENSG00000073350_1,0.19692072,0.0,12
ENSG00000233016,2.3225055,2.593792,12
ENSG00000141568,2.4145308,2.8773944,12
ENSG00000125447,2.7510192,2.4275186,12
ENSG00000185294,0.44974104,0.0,12
ENSG00000262664,2.3699863,2.564646,12
ENSG00000148180,0.57892835,0.0,12
ENSG00000067191,0.22141841,0.9497802,12
ENSG00000172301,1.6504197,0.0,12
ENSG00000177984,0.4373864,0.9465947,12
ENSG00000198853,1.5940006,1.5356991,12
ENSG00000006740_1,0.033189945,0.0,12
ENSG00000062725_1,2.1397734,2.5727253,12
ENSG00000087095_1,0.27476594,1.7272158,12
ENSG00000130958,1.5191021,1.4518555,12
ENSG00000277511,2.2094042,0.0,12
ENSG00000106853_2,0.7232835,0.0,12
ENSG00000196092,2.0277236,1.7347358,12
ENSG00000146872,0.47093308,0.0,12
ENSG00000108312_1,2.294427,2.5413496,12
ENSG00000161921,1.0232929,0.8093711,12
ENSG00000221852,0.3195097,1.77938,12
ENSG00000227036_1,2.7538357,2.029749,12
ENSG00000011143,1.992713,2.355756,12
ENSG00000109118,2.7283852,1.7297397,12
ENSG00000170175,0.9329262,1.258278,12
ENSG00000188938,2.474349,2.2006974,12
ENSG00000167693,1.8440491,1.9962927,12
ENSG00000173805,1.1894981,1.1849184,12
ENSG00000234323_2,0.036013186,0.0,12
ENSG00000037042,1.6638739,1.6253844,12
ENSG00000170412_1,1.0159924,1.2358061,12
ENSG00000108784,2.5522294,2.207365,12
ENSG00000153930_1,0.019930057,0.0,12
ENSG00000010438,0.90437853,0.8413282,12
ENSG00000185920_1,0.77469075,0.83715266,12
ENSG00000106992_1,1.0417011,0.0,12
ENSG00000120159_1,2.584317,2.7533991,12
ENSG00000200463,2.0572474,3.1051593,12
ENSG00000004975,2.0429826,2.2006042,12
ENSG00000175906,1.1323209,0.0,12
ENSG00000265118,1.7266314,1.3456677,12
ENSG00000136929_1,0.09100619,0.0,12
ENSG00000141026,2.2063353,0.0,12
ENSG00000185813,1.771287,1.1356732,12
ENSG00000179094_2,2.5567105,2.099539,12
ENSG00000130560_1,2.2147422,2.462299,12
ENSG00000148175,2.208897,1.4284426,12
ENSG00000108387_4,0.18808797,0.0,12
ENSG00000133193,2.4762793,3.0057294,12
ENSG00000160271_1,0.48842436,0.9576552,12
ENSG00000239704,0.19582245,0.0,12
ENSG00000070526,0.14179239,0.0,12
ENSG00000076351,1.8457179,2.0730288,12
ENSG00000108506,1.9881856,2.4546635,12
ENSG00000136891,2.165903,2.8245482,12
ENSG00000126653,2.156644,2.8373737,12
ENSG00000109047,0.5216933,0.0,12
ENSG00000222581,0.19000271,0.0,12
ENSG00000171855,0.1254721,0.6818741,12
ENSG00000184640_6,1.6429048,1.8323684,12
ENSG00000167258,1.886782,2.6951637,12
ENSG00000213221,2.3113976,2.1366572,12
ENSG00000170315_1,1.8257926,1.0918076,12
ENSG00000196092_1,1.439133,2.2522023,12
ENSG00000108666_1,2.1813145,2.401004,12
ENSG00000196712,2.0777926,2.5404735,12
ENSG00000148337,2.2663536,2.8408568,12
ENSG00000197646,2.0890985,2.2583356,12
ENSG00000073670_1,1.7221274,1.595044,12
ENSG00000167861,1.3853521,0.0,12
ENSG00000136874,1.9603667,2.27521,12
ENSG00000181610,2.3144674,0.0,12
ENSG00000233516,0.00011564046,0.0,12
ENSG00000262061,0.3148174,0.90784115,12
ENSG00000109099,1.0422165,0.78670883,12
ENSG00000106829_2,2.155291,1.6308447,12
ENSG00000141526_3,0.56905544,1.0681117,12
ENSG00000182446,1.3854535,0.0,12
ENSG00000164985_1,0.23695138,2.342973,12
ENSG00000175893,2.0242453,2.338293,12
ENSG00000156345,1.055372,0.0,12
ENSG00000176160,1.4926386,1.5520229,12
ENSG00000132481,1.3940561,1.5118834,12
ENSG00000107105_2,0.30421704,0.0,12
ENSG00000185813_1,1.7632473,2.3111453,12
ENSG00000083457,2.3309617,0.0,12
ENSG00000147852,1.8774526,1.8925009,12
ENSG00000177728,2.039772,0.0,12
ENSG00000165283,2.0339832,3.3147497,12
ENSG00000277399,0.6292007,0.9865926,12
ENSG00000154975_1,0.3077517,1.0729296,12
ENSG00000091947,1.8709197,0.0,12
ENSG00000263766,2.3717415,1.4573216,12
ENSG00000187753,0.4002076,0.0,12
ENSG00000147862_2,0.8243685,0.0,12
ENSG00000159842_2,0.54553235,0.0,12
ENSG00000087152_1,2.626944,2.3406227,12
ENSG00000161509,1.1152971,1.0417242,12
ENSG00000147853,2.4249015,2.9989808,12
ENSG00000136888,2.4035192,3.1246445,12
ENSG00000120071_2,2.5049117,1.5079759,12
ENSG00000174038_1,0.15743288,0.96861833,12
ENSG00000141552,2.4115162,2.927355,12
ENSG00000129235,2.3045685,3.1821692,12
ENSG00000224738_1,2.366966,1.5201297,12
ENSG00000148225,1.06836,0.0,12
ENSG00000226237,0.35365772,0.9006948,12
ENSG00000167081,2.327797,2.7201014,12
ENSG00000212899,0.17490995,0.4479019,12
ENSG00000131470,2.3121078,2.2917573,12
ENSG00000125409,0.87224555,0.0,12
ENSG00000120217,2.4756584,2.9500375,12
ENSG00000148143,1.1089374,1.8484108,12
ENSG00000092931_1,2.5533576,1.0204856,12
ENSG00000212900,0.1354486,0.747738,12
ENSG00000267042,2.6702747,1.731629,12
ENSG00000167434,1.3348159,1.451725,12
ENSG00000290810,0.15525883,0.0,12
ENSG00000277258,0.8161367,2.002555,12
ENSG00000108883,0.15043658,0.8071628,12
ENSG00000165264,2.274022,3.0083191,12
ENSG00000095383,2.136735,1.001041,12
ENSG00000132518,0.507398,0.0,12
ENSG00000165119_2,2.5377884,3.7054935,12
ENSG00000108578,2.1742868,2.7637208,12
ENSG00000106799,2.3793416,2.2248955,12
ENSG00000187024,1.3120817,1.6715255,12
ENSG00000120071_1,0.6795184,0.0,12
ENSG00000126351,1.6968124,0.0,12
ENSG00000147912,2.1746426,1.2652897,12
ENSG00000131738,0.58868915,0.0,12
ENSG00000119401,2.1225991,2.0465732,12
ENSG00000134996,2.5316265,2.8854218,12
ENSG00000106852_1,1.3529108,0.90254676,12
ENSG00000184640_2,1.4739401,2.5223465,12
ENSG00000187796,0.3376269,1.8883076,12
ENSG00000188612_1,2.7468495,3.8358445,12
ENSG00000168795,2.7548842,2.1922941,12
ENSG00000159202_1,2.821222,2.2027063,12
ENSG00000173917,0.55309767,0.0,12
ENSG00000168259_1,2.6460488,3.1326215,12
ENSG00000108984,0.95328337,2.1190643,12
ENSG00000198783,2.4645627,2.1077864,12
ENSG00000277200,1.6026528,1.4145389,12
ENSG00000108773_1,1.4038464,2.6065211,12
ENSG00000108469,0.7494875,0.0,12
ENSG00000275302,1.6282088,3.9778109,12
ENSG00000167524,0.3480082,0.0,12
ENSG00000119125_1,1.2338972,1.672735,12
ENSG00000107104_1,1.7799996,1.5472577,12
ENSG00000072210,2.3370028,2.324262,12
ENSG00000107147_1,1.4281323,1.5412047,12
ENSG00000136933,1.9404784,2.7481105,12
ENSG00000278259,1.2460706,1.2240407,12
ENSG00000074356_1,2.1581297,2.707467,12
ENSG00000129221,0.49672958,0.0,12
ENSG00000132522,2.4117184,1.4284588,12
ENSG00000183010,1.2373126,1.648116,12
ENSG00000173818_1,2.0528314,1.3136774,12
ENSG00000108641_1,2.0343583,1.6788096,12
ENSG00000270806,0.15701348,0.0,12
ENSG00000127191,1.2515913,0.0,12
ENSG00000267278_2,1.9626156,1.2638466,12
ENSG00000166582,2.2411194,2.574899,12
ENSG00000188612,2.6884387,1.7098972,12
ENSG00000234506,1.0189532,0.0,12
ENSG00000236849,0.013640575,0.0,12
ENSG00000132522_1,2.500442,2.4067905,12
ENSG00000197816_1,0.19799548,0.0,12
ENSG00000198917,2.103541,0.0,12
ENSG00000244187,2.1391082,1.5110005,12
ENSG00000127804,2.3801217,2.6935334,12
ENSG00000135069,2.0721526,2.715984,12
ENSG00000072134,1.6509447,0.0,12
ENSG00000108960,2.5610485,1.7401977,12
ENSG00000137055,2.485013,2.6752439,12
ENSG00000181031_1,0.28829265,0.85546464,12
ENSG00000196422,1.7143023,2.0049658,12
ENSG00000183034,0.61625934,0.0,12
ENSG00000198467,0.5200878,1.0777311,12
ENSG00000141524_1,1.8523992,2.048131,12
ENSG00000141295_1,1.4233546,1.6610645,12
ENSG00000141349,2.2578325,2.5872507,12
ENSG00000204880,0.7217778,1.8750635,12
ENSG00000198467_2,0.3031617,0.0,12
ENSG00000007237_3,0.1603536,0.0,12
ENSG00000141367,2.931237,3.3404758,12
ENSG00000107262,2.6178498,2.7407022,12
ENSG00000256806,1.7809229,1.28201,12
ENSG00000072310_1,2.0737526,2.761206,12
ENSG00000167900,2.0517323,2.6056314,12
ENSG00000258315_1,2.7620282,0.0,12
ENSG00000136848,0.33818105,0.0,12
ENSG00000148218,1.8635806,2.1141105,12
ENSG00000129657,2.3043232,2.395286,12
ENSG00000171448_1,2.2753215,1.8428843,12
ENSG00000007168_1,2.5098505,2.2050283,12
ENSG00000154945_1,2.3034778,2.3552983,12
ENSG00000249406,0.81308484,1.8520467,12
ENSG00000183978,1.489327,2.409216,12
ENSG00000106829_1,1.6675769,2.9662933,12
ENSG00000107105_1,1.5850158,1.8298181,12
ENSG00000272975,0.1975376,1.1366888,12
ENSG00000108515,0.7248216,1.064443,12
ENSG00000259207,2.034064,1.9738618,12
ENSG00000004939_1,0.3032583,0.0,12
ENSG00000179598,2.289673,2.2148702,12
ENSG00000070610,2.2908814,1.5646542,12
ENSG00000095209,1.8932624,2.4840221,12
ENSG00000136868,2.3016527,2.0304093,12
ENSG00000187242,0.17874107,0.0,12
ENSG00000198785,0.8434216,1.6377498,12
ENSG00000204001_1,0.6819211,0.8861409,12
ENSG00000230647,0.1544171,0.0,12
ENSG00000131737,0.474768,0.0,12
ENSG00000174231,2.062218,3.1257088,12
ENSG00000131469,2.7130332,3.6705632,12
ENSG00000183011_1,2.2830954,2.9334316,12
ENSG00000171346,0.12828104,0.0,12
ENSG00000160563,1.5385296,2.1571,12
ENSG00000108405,1.0097346,0.9639577,12
ENSG00000227036_2,1.1239866,1.5750642,12
ENSG00000075429,1.3295047,1.4016762,12
ENSG00000132478,3.0818224,2.5619595,12
ENSG00000108576,1.6534677,1.0164065,12
ENSG00000167536,2.265594,2.195346,12
ENSG00000198231,2.7066894,2.6674006,12
ENSG00000266947,1.7390615,1.1098585,12
ENSG00000165181_1,-0.018380448,0.0,12
ENSG00000107282,1.5620453,1.6805531,12
ENSG00000095203,1.7203882,1.845718,12
ENSG00000172992,2.4989457,2.8614058,12
ENSG00000122733_1,1.7044798,0.0,12
ENSG00000173786,2.234814,2.1954458,12
ENSG00000107099_2,1.2444012,0.0,12
ENSG00000225626,0.4274669,0.0,12
ENSG00000136783,1.909613,2.4492161,12
ENSG00000108424_1,2.3780577,1.6739328,12
ENSG00000141524,2.1464252,2.5391364,12
ENSG00000141510_1,1.8085904,3.1896474,12
ENSG00000148229,2.7752607,2.765072,12
ENSG00000205309,2.046082,1.8625131,12
ENSG00000108469_1,2.2342572,0.0,12
ENSG00000136897,2.3870053,2.9164777,12
ENSG00000231806,0.8025823,1.2528772,12
ENSG00000234899,0.100038044,0.0,12
ENSG00000270547,-0.021364287,0.0,12
ENSG00000182687,1.4526516,1.5096729,12
ENSG00000121057,2.660572,2.625549,12
ENSG00000188895_2,0.14703357,0.0,12
ENSG00000201920,0.38317516,1.3706056,12
ENSG00000119397_1,1.5806758,2.1678045,12
ENSG00000007202,2.6096559,2.8678045,12
ENSG00000187838,2.1533237,2.588918,12
ENSG00000095370,1.4736199,1.4411136,12
ENSG00000108852_2,0.37803203,1.1490035,12
ENSG00000155875,0.38121673,0.0,12
ENSG00000185359_1,0.8647619,0.99530166,12
ENSG00000132386,0.26553088,0.86332285,12
ENSG00000122705,2.6462982,3.4414327,12
ENSG00000286322_1,0.6946853,0.50046974,12
ENSG00000182154,2.191144,2.7608256,12
ENSG00000287750,0.80396175,1.1377338,12
ENSG00000164989,2.156626,1.7259687,12
ENSG00000086061,2.623001,3.4714062,12
ENSG00000212724,1.0529499,0.0,12
ENSG00000138835_2,0.2098935,0.0,12
ENSG00000147889,1.2381369,1.4088994,12
ENSG00000187824,1.3849418,1.2622849,12
ENSG00000136881,0.014159352,0.0,12
ENSG00000196152,2.2221913,2.2185802,12
ENSG00000167895,1.7514988,2.8665502,12
ENSG00000141738_1,0.63616496,0.0,12
ENSG00000171843,0.07297747,0.0,12
ENSG00000108474,1.38698,2.5778203,12
ENSG00000131746,0.3653395,0.0,12
ENSG00000188895_1,2.3404112,1.4452149,12
ENSG00000006788,0.062753245,0.0,12
ENSG00000167889,1.701271,1.7268087,12
ENSG00000126581,2.1888132,2.9092286,12
ENSG00000121075,1.0443312,0.97468203,12
ENSG00000155621,1.7306644,2.4869602,12
ENSG00000106771,2.2821147,2.271772,12
ENSG00000240498,1.8298209,1.6588506,12
ENSG00000232104,2.9328406,2.0902581,12
ENSG00000122707,1.5058813,1.6401434,12
ENSG00000131462,2.571113,3.3163626,12
ENSG00000108433,2.2953842,2.437535,12
ENSG00000106803,2.5369442,3.1824431,12
ENSG00000161653,1.1236176,1.7836034,12
ENSG00000107317_2,0.20028207,0.0,12
ENSG00000136932,2.6828103,2.2843337,12
ENSG00000182752,0.30542928,0.0,12
ENSG00000231107,0.17141882,0.0,12
ENSG00000131748_1,0.23159313,1.1031535,12
ENSG00000106780,2.2154841,1.8112733,12
ENSG00000141040,1.6339295,1.7443165,12
ENSG00000122692,2.3267002,3.0406222,12
ENSG00000108963,1.6032505,2.5012016,12
ENSG00000141756,0.48918942,0.9880236,12
ENSG00000161939,2.3604784,0.0,12
ENSG00000173611,2.137146,2.1062896,12
ENSG00000213927,0.2604908,0.9716469,12
ENSG00000262165,0.2292059,0.0,12
ENSG00000107185,2.3211753,2.3662305,12
ENSG00000108825,0.7979706,0.0,12
ENSG00000148343,2.2395837,2.016348,12
ENSG00000267278,2.5547028,1.871243,12
ENSG00000108306,2.3129241,1.6790552,12
ENSG00000119514,1.6956084,1.8251729,12
ENSG00000107263_1,2.2191765,2.6331553,12
ENSG00000072849,2.3969464,0.0,12
ENSG00000126858,2.3709497,2.4216976,12
ENSG00000213218,0.29450366,0.0,12
ENSG00000169925_1,2.3362417,2.344058,12
ENSG00000215237,0.82228434,1.8925309,12
ENSG00000265206,3.0280294,3.694204,12
ENSG00000221882,1.3307389,0.0,12
ENSG00000261879,2.297837,0.0,12
ENSG00000136938,2.6411214,3.7388575,12
ENSG00000076351_1,0.7763865,0.0,12
ENSG00000196116,2.1452343,2.2239914,12
ENSG00000266088,1.0423995,2.6052814,12
ENSG00000075461,1.7702391,1.6849889,12
ENSG00000006125,2.2212324,2.8548512,12
ENSG00000181222_1,2.730156,2.0726616,12
ENSG00000178607_1,1.7298087,1.4200085,12
ENSG00000225190_1,2.4326048,2.3250208,12
ENSG00000119509,2.3154936,2.0243955,12
ENSG00000007168,2.4406168,2.9389298,12
ENSG00000172421,0.04619547,0.0,12
ENSG00000006062,2.931645,2.5487688,12
ENSG00000277161,2.6117015,2.137164,12
ENSG00000154920,2.1381767,2.0747032,12
ENSG00000161920,2.2156281,2.4219575,12
ENSG00000186350_1,0.8657442,1.373721,12
ENSG00000074370,2.26682,2.45992,12
ENSG00000119457,1.0039636,1.290869,12
ENSG00000159899,1.3360889,1.3731512,12
ENSG00000126882,2.144611,1.5516452,12
ENSG00000235530,2.5511422,1.913708,12
ENSG00000148386,0.4432793,0.9334873,12
ENSG00000204347,0.42023566,0.0,12
ENSG00000154975,1.4862809,1.415591,12
ENSG00000160271_2,1.3961016,1.379097,12
ENSG00000180787,2.2397275,1.9695929,12
ENSG00000234860,0.01550509,0.0,12
ENSG00000080503_4,0.57893515,0.0,12
ENSG00000108773,1.567541,1.4061824,12
ENSG00000275385,0.117985666,0.0,12
ENSG00000083457_2,0.697304,1.1774211,12
ENSG00000132514,0.21840826,0.0,12
ENSG00000136878,2.542822,2.0305917,12
ENSG00000160323,0.8367421,0.0,12
ENSG00000154262_2,0.121723615,0.76523626,12
ENSG00000159640_2,0.32404253,1.2592354,12
ENSG00000196388,2.2443347,1.2835047,12
ENSG00000240445,1.6724148,1.7312986,12
ENSG00000107077_1,2.865904,1.8992404,12
ENSG00000166260,2.3025603,2.6881127,12
ENSG00000170703,0.76349163,1.2004948,12
ENSG00000015532,2.256178,2.3160124,12
ENSG00000283160,2.350801,0.0,12
ENSG00000167123,0.47825858,0.71870923,12
ENSG00000109099_3,0.093745075,0.0,12
ENSG00000262879,1.4828899,2.1275,12
ENSG00000074755,2.6238408,2.2214196,12
ENSG00000106785,2.319779,2.534535,12
ENSG00000125454,2.778014,2.6476958,12
ENSG00000285634_1,0.10200852,0.0,12
ENSG00000005379,2.305167,2.1854289,12
ENSG00000074660,1.1485041,0.0,12
ENSG00000179859,2.3016744,1.8327643,12
ENSG00000167863,2.4317696,3.3577235,12
ENSG00000173068_1,0.31371185,2.3179588,12
ENSG00000136819,2.4863029,2.994296,12
ENSG00000136848_1,1.294899,1.3646166,12
ENSG00000264985,0.07472305,0.0,12
ENSG00000170190,1.5223428,1.5282738,12
ENSG00000165006,2.4093938,2.7114277,12
ENSG00000119328,2.144351,1.9144225,12
ENSG00000287737,2.1107411,0.0,12
ENSG00000107223,2.4572163,3.5232053,12
ENSG00000141378,2.6262374,2.7338655,12
ENSG00000277258_1,1.008712,2.853927,12
ENSG00000277108,2.6326692,1.7544783,12
ENSG00000108602,0.4429839,1.0680745,12
ENSG00000108604_1,2.5378532,1.8714094,12
ENSG00000184009,2.4913673,4.8447704,12
ENSG00000204669,0.0054877475,0.0,12
ENSG00000160408,0.46967158,0.6964263,12
ENSG00000265458,2.572775,2.3349843,12
ENSG00000064300,1.4233291,1.7656462,12
ENSG00000198443,0.44943026,1.4034122,12
ENSG00000237626,0.023521475,0.0,12
ENSG00000087191_1,2.3905597,1.0906354,12
ENSG00000091583,0.07001373,0.0,12
ENSG00000262188,0.63458514,0.85743505,12
ENSG00000197879_2,0.3899275,1.0717348,12
ENSG00000106829_3,2.2270112,1.5632437,12
ENSG00000108846,1.4226217,1.2316225,12
ENSG00000132517,0.5271161,0.0,12
ENSG00000048828_2,0.10530711,0.0,12
ENSG00000267432_1,0.34261656,0.0,12
ENSG00000263429,0.5704447,0.9465849,12
ENSG00000293480,1.5218024,1.5411422,12
ENSG00000184185,1.6350458,1.4597994,12
ENSG00000271086,2.5611687,1.7360218,12
ENSG00000005100,2.2333803,2.6180596,12
ENSG00000157637,1.5861682,1.523135,12
ENSG00000132141,2.412241,1.5993229,12
ENSG00000182150,2.8088179,2.1480532,12
ENSG00000186185,2.2976983,2.590572,12
ENSG00000168517_2,1.9149525,0.0,12
ENSG00000153976,1.3972925,1.5980022,12
ENSG00000120093,0.30873594,0.0,12
ENSG00000108379,1.0143791,1.1283023,12
ENSG00000224307,0.20022115,0.0,12
ENSG00000108588,2.5832155,0.0,12
ENSG00000161513_1,2.34208,2.6595187,12
ENSG00000083223,0.039809637,0.0,12
ENSG00000263567,0.32493794,0.0,12
ENSG00000136813,2.3616304,2.2956111,12
ENSG00000131477_1,1.5222093,1.38616,12
ENSG00000121068,1.455848,1.3713449,12
ENSG00000199313,0.25881606,4.6832614,12
ENSG00000137054,2.5299,2.8259509,12
ENSG00000197070,2.1496084,1.31775,12
ENSG00000185156,1.0141299,1.0656544,12
ENSG00000136918,1.3053744,0.87488174,12
ENSG00000108592_1,2.461165,3.2553039,12
ENSG00000213416,0.7744658,1.3122239,12
ENSG00000129673,0.32481137,0.0,12
ENSG00000136830,1.716164,1.2752422,12
ENSG00000119139_3,0.109778024,0.0,12
ENSG00000108846_1,0.23427391,0.0,12
ENSG00000108946_1,2.6080666,3.2276502,12
ENSG00000121060,2.679348,3.1812174,12
ENSG00000164972_1,0.179593,0.0,12
ENSG00000107186_1,-0.008905672,0.0,12
ENSG00000187866,2.3440485,2.2184043,12
ENSG00000175832,1.4417164,2.254403,12
ENSG00000135052_1,0.63478446,0.0,12
ENSG00000108848,2.4168248,3.343046,12
ENSG00000136450_1,2.4984326,3.5255086,12
ENSG00000108406,2.1236875,2.4547687,12
ENSG00000106853_1,0.5560292,0.9924475,12
ENSG00000120210,0.8695978,0.0,12
ENSG00000266173,2.928305,2.446315,12
ENSG00000278540_1,2.4233239,1.2939368,12
ENSG00000106688,2.609926,1.807738,12
ENSG00000167085,1.4487258,0.0,12
ENSG00000120156_1,0.20429143,0.0,12
ENSG00000127080,2.5558925,2.3370616,12
ENSG00000070731,1.6624377,1.1599671,12
ENSG00000276234_1,2.2324986,1.6230425,12
ENSG00000276023,2.1310263,2.3113873,12
ENSG00000167123_1,1.7927511,1.9922485,12
ENSG00000168259_2,2.5785642,3.24312,12
ENSG00000291172,0.099545486,0.0,12
ENSG00000168259_3,0.3369415,0.0,12
ENSG00000239697,1.1791301,1.9702306,12
ENSG00000123453_2,0.19889858,0.0,12
ENSG00000184988,2.3815408,2.543892,12
ENSG00000226604,0.19624695,0.6040964,12
ENSG00000146872_1,2.3007874,2.4437792,12
ENSG00000153930,0.020779788,0.0,12
ENSG00000159884,2.7360125,2.0666838,12
ENSG00000176358,0.43676952,0.0,12
ENSG00000267568_1,0.8550935,0.9924386,12
ENSG00000109113,1.4241292,1.1687626,12
ENSG00000233901,1.3241928,0.940068,12
ENSG00000236088,2.0352087,2.328614,12
ENSG00000128487_1,0.660358,0.0,12
ENSG00000135002,1.9584255,0.0,12
ENSG00000089685,1.6842434,2.9766476,12
ENSG00000007237_5,0.20698571,0.0,12
ENSG00000074356,0.06200547,0.8071425,12
ENSG00000154265,2.3576255,2.0313318,12
ENSG00000141744,1.4035997,0.0,12
ENSG00000106852_2,1.3943692,1.7073061,12
ENSG00000267432,1.7905328,0.36410052,12
ENSG00000165724,2.2050023,2.46933,12
ENSG00000160293,2.3535643,2.317913,12
ENSG00000188352,2.5290275,2.3694181,12
ENSG00000225937,0.032833584,0.74772245,12
ENSG00000164946,0.032550223,0.0,12
ENSG00000171097,2.2824686,1.7871175,12
ENSG00000141519,1.1586708,1.0024685,12
ENSG00000138835_1,0.330623,0.0,12
ENSG00000167850,0.4898625,1.0404441,12
ENSG00000165280,2.878706,3.3423753,12
ENSG00000136457,1.4592432,0.0,12
ENSG00000161929,2.6704755,3.4002461,12
ENSG00000005884,1.7524319,2.040377,12
ENSG00000177885_1,2.5929286,3.3567522,12
ENSG00000010244,2.5786238,3.588796,12
ENSG00000204278_1,1.4182191,1.5444897,12
ENSG00000161381,0.2182925,0.0,12
ENSG00000108639_1,1.6475835,0.0,12
ENSG00000004897,2.579623,2.8092122,12
ENSG00000165244,2.1458445,2.184802,12
ENSG00000186665_1,0.40450284,0.0,12
ENSG00000240498_1,0.07076655,0.0,12
ENSG00000005381_1,0.25822687,0.784389,12
ENSG00000204001,0.35917276,0.5093504,12
ENSG00000148303,2.4813638,3.4981313,12
ENSG00000175764,1.869282,2.0025418,12
ENSG00000171169,2.2220635,0.0,12
ENSG00000187791,0.105339736,0.4958772,12
ENSG00000197191,0.4402186,0.0,12
ENSG00000129244,0.8903007,1.2684375,12
ENSG00000279668,0.16776536,0.0,12
ENSG00000106772,0.32324672,0.0,12
ENSG00000226364,0.059371676,0.0,12
ENSG00000161905,0.6595149,0.55928403,12
ENSG00000109065,2.1650057,2.1205804,12
ENSG00000184925,0.32920006,0.95616364,12
ENSG00000233101_1,0.56335235,1.0122465,12
ENSG00000176108,2.0071068,2.13007,12
ENSG00000291074_1,1.0389274,1.0191163,12
ENSG00000287355,0.03653849,0.0,12
ENSG00000154229,1.840466,2.4392378,12
ENSG00000131771,1.1561184,1.5791317,12
ENSG00000141698,1.5609285,2.2463164,12
ENSG00000120242,0.1453706,0.0,12
ENSG00000108387_1,0.21371096,0.0,12
ENSG00000160408_1,1.9024618,2.1166973,12
ENSG00000271503,0.7207961,3.6270523,12
ENSG00000141738,0.37561658,0.0,12
ENSG00000007171,0.24507785,0.0,12
ENSG00000120075,0.607183,0.0,12
ENSG00000185379,2.2552307,2.0192575,12
ENSG00000161405,1.4668088,2.5421405,12
ENSG00000287193,1.9524822,0.0,12
ENSG00000184502,0.35206732,0.0,12
ENSG00000266967,1.9900842,2.710417,12
ENSG00000163597,1.9510958,3.4870138,12
ENSG00000119383_2,2.0061913,1.6456089,12
ENSG00000172782,1.2058445,0.0,12
ENSG00000167925,1.3989108,2.084165,12
ENSG00000233098,0.6672786,0.0,12
ENSG00000236130,0.9329192,0.50494635,12
ENSG00000176809,2.7927134,2.4025364,12
ENSG00000263489,0.7072545,0.876795,12
ENSG00000080503_5,0.015538722,0.0,12
ENSG00000087111_2,2.2930672,2.997589,12
ENSG00000267394,1.4411004,1.0285916,12
ENSG00000166482,0.40828934,0.85545856,12
ENSG00000165092_1,0.05671349,0.0,12
ENSG00000165140_1,0.18608174,0.0,12
ENSG00000230537_1,0.40919673,1.1218551,12
ENSG00000179409,2.4563951,2.0456164,12
ENSG00000167302,2.406456,1.9051101,12
ENSG00000275465,0.052281357,0.0,12
ENSG00000132510,1.2210603,1.3687423,12
ENSG00000147889_2,2.1199198,1.5188823,12
ENSG00000119523,2.9155724,2.6083014,12
ENSG00000130707,1.2434163,1.4306232,12
ENSG00000130956,1.9073181,2.0496445,12
ENSG00000167941,0.37500578,0.0,12
ENSG00000141127_1,2.3694253,3.0769062,12
ENSG00000108654_3,2.437204,4.1733613,12
ENSG00000228317,1.8844944,2.286115,12
ENSG00000108423,1.7923763,1.958313,12
ENSG00000179593,0.20151016,0.87681806,12
ENSG00000141027_1,2.7435083,2.8503633,12
ENSG00000167716_1,2.5765514,2.0087278,12
ENSG00000108384,2.1802418,3.0039299,12
ENSG00000167716,2.6890812,1.3954138,12
ENSG00000284977,0.08950442,0.9368152,12
ENSG00000062716_1,2.3468735,3.1426241,12
ENSG00000125434,2.1318107,1.9907782,12
ENSG00000137100,1.5517765,0.0,12
ENSG00000092929,1.7459358,0.88058496,12
ENSG00000167083,0.37728775,0.0,12
ENSG00000076604,2.6087987,2.713938,12
ENSG00000165272,0.26839754,0.8971155,12
ENSG00000136504,2.5531185,2.873754,12
ENSG00000109066,2.156297,2.3029258,12
ENSG00000197724_1,2.0142932,1.8746557,12
ENSG00000070061,2.3140287,2.5839093,12
ENSG00000136950,2.5297554,1.7365558,12
ENSG00000108510,2.3274732,1.4704692,12
ENSG00000268996,2.4963748,1.9070888,12
ENSG00000062725,2.3689122,1.392609,12
ENSG00000125484,2.1753018,1.9483005,12
ENSG00000264808,2.476303,1.8548523,12
ENSG00000263400,1.0492253,1.3080946,12
ENSG00000291185,0.58857757,0.0,12
ENSG00000141505,0.370222,0.0,12
ENSG00000108651,1.8998646,2.9790587,12
ENSG00000081377_1,1.4855385,1.7064618,12
ENSG00000177885,1.4911951,1.7939858,12
ENSG00000091542_1,2.6111498,2.9143696,12
ENSG00000137073,2.8572655,2.8165727,12
ENSG00000107290,2.8277578,2.6898324,12
ENSG00000154262,0.39864847,0.0,12
ENSG00000182963_1,0.5559649,1.2197678,12
ENSG00000065559_1,0.14204356,0.0,12
ENSG00000148154_1,2.5521379,1.778889,12
ENSG00000178927,2.3719625,2.2802777,12
ENSG00000178921_1,2.6943314,2.8753803,12
ENSG00000005156,2.4131963,2.608526,12
ENSG00000136811,0.17163268,0.0,12
ENSG00000168610_2,0.19257122,0.9200189,12
ENSG00000119522,2.0961242,2.5440457,12
ENSG00000107201,1.839453,0.0,12
ENSG00000136848_2,0.16146073,0.0,12
ENSG00000159921,2.3138208,2.1456003,12
ENSG00000213373,0.13336316,0.0,12
ENSG00000108582,2.180211,2.419442,12
ENSG00000136802,2.372749,2.243058,12
ENSG00000126562,1.4468045,1.3143518,12
ENSG00000171931,0.07890875,0.0,12
ENSG00000259384,0.2726701,0.96241194,12
ENSG00000169992_1,0.32525638,0.7374312,12
ENSG00000135047,1.3521342,1.2676879,12
ENSG00000200889,0.06691581,0.0,12
ENSG00000228639,0.22757071,0.6728549,12
ENSG00000120071_4,2.0628388,1.9416704,12
ENSG00000171928,2.2359784,2.2814243,12
ENSG00000131480,0.2837454,0.0,12
ENSG00000224383,1.0862232,0.0,12
ENSG00000148204,0.9120264,1.6114153,12
ENSG00000147852_1,1.7730742,1.940855,12
ENSG00000167136,2.311586,2.0029433,12
ENSG00000204930,0.58281946,0.0,12
ENSG00000173838_1,1.20334,1.2472365,12
ENSG00000122694,1.6669744,1.6206981,12
ENSG00000278311,2.2447824,2.66272,12
ENSG00000178691,2.5708985,2.287309,12
ENSG00000274736,0.06873998,1.32789,12
ENSG00000197170,2.246757,3.0216522,12
ENSG00000006125_1,0.08513466,0.7700268,12
ENSG00000121064,1.6975845,2.479319,12
ENSG00000141540,2.0238783,0.0,12
ENSG00000204706,1.1219236,0.83925176,12
ENSG00000172794_1,1.4415945,1.5057156,12
ENSG00000107018,0.7362758,1.1239692,12
ENSG00000234705,2.3360453,2.1939285,12
ENSG00000230074,1.4367652,0.0,12
ENSG00000129204,1.036847,1.3924859,12
ENSG00000173818,2.1375566,1.6264635,12
ENSG00000148180_2,0.19805917,0.0,12
ENSG00000170425,1.6505791,1.1153775,12
ENSG00000188938_1,1.56517,2.0031054,12
ENSG00000092871_2,2.626391,2.3041673,12
ENSG00000133027,0.26314265,0.8613552,12
ENSG00000161654_1,2.4147215,3.328561,12
ENSG00000179094,0.51422364,1.2813516,12
ENSG00000212719,0.9727328,0.9895032,12
ENSG00000281769,0.5804066,1.0631682,12
ENSG00000290656,0.8882259,1.5788397,12
ENSG00000197919,0.102725714,0.0,12
ENSG00000133195,1.9153774,2.175033,12
ENSG00000276231,1.3546945,3.3892121,12
ENSG00000136824_1,1.9351981,2.349664,12
ENSG00000108511,0.1607232,0.83298767,12
ENSG00000108821_1,0.22156665,0.6697296,12
ENSG00000012048_1,2.0652757,2.6250737,12
ENSG00000187838_1,2.01464,2.5509129,12
ENSG00000107281,1.5429658,1.8812705,12
ENSG00000262165_1,1.8810816,1.5754995,12
ENSG00000006744_1,2.5036154,3.0367646,12
ENSG00000165124,1.059135,1.3476032,12
ENSG00000260785,-0.00031148642,0.0,12
ENSG00000129226_1,0.5347272,0.0,12
ENSG00000165209,2.4920392,2.7579045,12
ENSG00000131482,0.09038094,0.0,12
ENSG00000225190,0.15179953,0.0,12
ENSG00000165059,1.3582473,0.0,12
ENSG00000109072,0.5077864,1.585147,12
ENSG00000182224_1,1.9713273,1.7339191,12
ENSG00000187997,0.5577645,0.8613791,12
ENSG00000178999,2.5769188,1.5277716,12
ENSG00000141258,2.3498008,2.1774962,12
ENSG00000141576,0.12930568,0.0,12
ENSG00000148158,2.1258862,1.5799836,12
ENSG00000198933,1.657502,1.3378385,12
ENSG00000290924,2.0184312,1.2257485,12
ENSG00000273018,1.3555708,1.596828,12
ENSG00000131467,2.5206375,2.9268084,12
ENSG00000106991,0.21457952,0.0,12
ENSG00000005882_1,0.11478458,0.7890163,12
ENSG00000106772_2,1.1012812,0.0,12
ENSG00000148204_1,0.3219201,0.0,12
ENSG00000173258,1.0973012,1.9332554,12
ENSG00000167740_1,2.5459805,1.8994156,12
ENSG00000006695,2.03214,2.3939102,12
ENSG00000175854_1,1.7487804,0.0,12
ENSG00000141252_1,0.116794966,0.0,12
ENSG00000179148,0.6307727,1.1262906,12
ENSG00000293460,1.9567105,2.4703062,12
ENSG00000091542,2.2095575,2.019378,12
ENSG00000173991,0.26000568,1.0122887,12
ENSG00000006282,1.7858534,2.1229692,12
ENSG00000154240_2,1.492214,1.6733896,12
ENSG00000107020,2.7766867,2.5764427,12
ENSG00000277887,2.6305647,1.551633,12
ENSG00000148334_1,2.1534557,1.9065721,12
ENSG00000141294,1.7365818,1.4353027,12
ENSG00000204054_3,1.1352531,0.6414543,12
ENSG00000155827,2.3170252,2.1318336,12
ENSG00000277027,2.3876019,0.0,12
ENSG00000119139,1.1248784,1.9279346,12
ENSG00000171953,2.3273556,2.3771367,12
ENSG00000108924_2,0.13129266,0.6111283,12
ENSG00000137154,2.4257946,3.7964196,12
ENSG00000129667,1.9218245,1.2083338,12
ENSG00000197768,0.47281164,0.89164895,12
ENSG00000181374,0.2520402,0.0,12
ENSG00000225050,0.025468148,0.0,12
ENSG00000131759_2,1.0978419,1.1922886,12
ENSG00000234323,0.12657504,0.0,12
ENSG00000274755,-0.041797183,0.0,12
ENSG00000173826,1.2001326,0.9368102,12
ENSG00000223478,2.3256745,2.2025237,12
ENSG00000159921_1,0.12621558,0.647862,12
ENSG00000196704,2.7965236,2.8428183,12
ENSG00000153822,0.12148635,0.0,12
ENSG00000121058,1.8272872,2.740098,12
ENSG00000005381_2,0.28157693,0.0,12
ENSG00000188176,1.6245109,1.9732202,12
ENSG00000080503_2,1.9694371,1.379106,12
ENSG00000181038,2.7694778,2.3669083,12
ENSG00000233223,2.519916,1.3948717,12
ENSG00000108375_1,1.6186416,2.3769417,12
ENSG00000108599,2.4627287,2.5179029,12
ENSG00000198336_1,0.27900365,0.93180865,12
ENSG00000119383_5,2.0085256,0.0,12
ENSG00000221829,2.3304799,0.0,12
ENSG00000030582,1.8365234,3.0865414,12
ENSG00000129214_1,0.66318494,0.0,12
ENSG00000154217,2.1228685,2.8959692,12
ENSG00000290366,1.0915493,1.3226534,12
ENSG00000161958_1,1.3574905,2.0195317,12
ENSG00000175826_1,2.6812143,3.4672232,12
ENSG00000161381_2,0.54778796,1.4921316,12
ENSG00000204237,2.7167456,2.091927,12
ENSG00000165695,1.5807236,1.4671936,12
ENSG00000169738,0.40383813,0.8267225,12
ENSG00000108370,2.2751284,1.0177844,12
ENSG00000159199,2.5234349,2.7704287,12
ENSG00000126860,0.46256,0.0,12
ENSG00000167695_1,2.1242564,1.650958,12
ENSG00000165029,0.7420236,0.84538335,12
ENSG00000226609,2.0254414,0.0,12
ENSG00000272975_2,0.18258873,0.0,12
ENSG00000161940,0.28228295,0.0,12
ENSG00000171401_1,0.18491086,0.0,12
ENSG00000180340,1.878301,1.7856857,12
ENSG00000187775,0.25342205,0.0,12
ENSG00000272975_1,0.3194486,0.0,12
ENSG00000107317_1,0.25759834,0.0,12
ENSG00000095370_1,0.12938231,0.0,12
ENSG00000181045,0.95855737,0.73737556,12
ENSG00000148335,0.49922746,0.0,12
ENSG00000214226,2.362525,2.1323879,12
ENSG00000141127,1.6744282,0.0,12
ENSG00000290585_1,1.0713947,0.0,12
ENSG00000129214,1.0668567,0.0,12
ENSG00000160326,2.3007689,2.096566,12
ENSG00000225376,0.1792989,0.0,12
ENSG00000119392,2.1549869,2.6303964,12
ENSG00000120156,0.10225481,1.2383171,12
ENSG00000157654,1.3495855,1.5488412,12
ENSG00000276234,2.4247704,2.6054883,12
ENSG00000184640_7,1.6529813,2.8363006,12
ENSG00000086065,2.4611912,3.1865468,12
ENSG00000166579,0.27925104,0.0,12
ENSG00000044574,2.8200324,3.7641866,12
ENSG00000204291,1.3830812,1.1031809,12
ENSG00000174327,2.324617,1.9678942,12
ENSG00000213213,0.1368806,0.0,12
ENSG00000161958_2,1.2085593,1.8122447,12
ENSG00000131096,0.48087266,0.0,12
ENSG00000097007,2.4231856,1.7524941,12
ENSG00000172156,0.19444239,0.86142087,12
ENSG00000196196,0.9937948,1.1469958,12
ENSG00000175866,1.7127986,1.4395221,12
ENSG00000141582,2.2170515,2.7148912,12
ENSG00000136488,0.24585328,0.0,12
ENSG00000108946_2,2.2363148,1.2479683,12
ENSG00000078725,1.3865037,1.5758342,12
ENSG00000278311_1,0.091541275,0.0,12
ENSG00000214553,0.37058464,0.9200189,12
ENSG00000168961,2.0577776,0.0,12
ENSG00000283538,-0.0088927075,0.0,12
ENSG00000136826,1.6302207,1.4107267,12
ENSG00000222760,0.2821946,0.0,12
ENSG00000291075_1,0.46913978,1.0765349,12
ENSG00000198740,2.449437,2.2113342,12
ENSG00000154945,2.4256027,1.8742557,12
ENSG00000171298,2.0028572,1.6509968,12
ENSG00000291209,1.3911319,1.3024608,12
ENSG00000186868,1.6374799,1.5066403,12
ENSG00000188895,2.330855,2.3841813,12
ENSG00000154240,0.0038835183,0.0,12
ENSG00000141562_1,2.4880276,2.5050619,12
ENSG00000174326,0.63805616,1.7115281,12
ENSG00000160401,0.35778478,0.0,12
ENSG00000185298,2.5609145,2.446441,12
ENSG00000180447,1.3759816,1.5548767,12
ENSG00000197579,2.3217177,2.4111314,12
ENSG00000158955,1.460402,1.4405155,12
ENSG00000186407,0.07614942,0.0,12
ENSG00000136451,2.272629,2.767957,12
ENSG00000172159_1,1.374831,1.2013316,12
ENSG00000183914,0.7587165,0.8224296,12
ENSG00000136450,1.634763,0.0,12
ENSG00000251752,0.010990351,0.0,12
ENSG00000132507_1,3.0661888,4.0913787,12
ENSG00000132470,1.6324623,1.7648633,12
ENSG00000181778,0.2610523,0.0,12
ENSG00000006059,0.49031958,0.0,12
ENSG00000141696,1.645412,2.1542108,12
ENSG00000233901_1,0.22915825,0.0,12
ENSG00000197063_1,2.1300335,2.2031744,12
ENSG00000165699,2.1818068,2.3659856,12
ENSG00000196730,0.35346672,0.0,12
ENSG00000136487_1,0.2412647,0.0,12
ENSG00000160325,2.1215563,1.5596553,12
ENSG00000273702,2.7587318,2.0932815,12
ENSG00000148400,2.469681,2.5666025,12
ENSG00000106853,0.13300216,0.0,12
ENSG00000230013_1,1.27286,0.0,12
ENSG00000136950_1,2.8288198,2.9535992,12
ENSG00000165181,0.029825144,0.0,12
ENSG00000141570,2.2346683,1.9907871,12
ENSG00000141068_1,0.43901825,0.0,12
ENSG00000167881,0.11873646,0.0,12
ENSG00000108556,0.4359406,0.0,12
ENSG00000130558_1,1.6684859,1.7665913,12
ENSG00000160404,2.155233,2.203824,12
ENSG00000205899,1.0408505,1.633842,12
ENSG00000198720,1.5519428,2.2845662,12
ENSG00000106976_1,1.50109,1.4437479,12
ENSG00000184060_2,0.12952277,0.0,12
ENSG00000164985,0.18212293,2.148618,12
ENSG00000122756,1.6108328,0.0,12
ENSG00000220205,2.5699947,2.8212626,12
ENSG00000275722,0.11873839,0.0,12
ENSG00000173077,0.008791406,0.0,12
ENSG00000136828,2.0414453,1.8704507,12
ENSG00000184709,1.2256081,1.969318,12
ENSG00000176248,2.3809717,2.2200844,12
ENSG00000184619,1.7777176,1.0136545,12
ENSG00000197969,2.2776022,2.8180676,12
ENSG00000178445,0.21389052,0.0,12
ENSG00000196739,1.182611,1.4592869,12
ENSG00000197816,0.62677646,0.67582417,12
ENSG00000108375,0.8165997,1.9395243,12
ENSG00000176155,1.936094,2.0055108,12
ENSG00000141551_2,2.5231006,2.481417,12
ENSG00000188554,1.9316566,1.9333,12
ENSG00000087191,2.551375,3.0238736,12
ENSG00000270765,0.7395,1.2022431,12
ENSG00000136875,2.3271534,0.0,12
ENSG00000215041,2.7294507,1.8698299,12
ENSG00000186566,2.3531694,2.3916302,12
ENSG00000198963,0.8706291,0.93013364,12
ENSG00000108622,0.14486352,0.0,12
ENSG00000167840,2.2023058,2.024383,12
ENSG00000188394,0.20153272,0.0,12
ENSG00000185963,2.4015634,2.0392952,12
ENSG00000159842_3,2.0013256,1.7589421,12
ENSG00000082641,2.8728147,2.5962188,12
ENSG00000011028,1.5277705,1.326008,12
ENSG00000136931,0.63430744,1.220631,12
ENSG00000196859,0.058060262,0.0,12
ENSG00000173821,2.470129,1.9838653,12
ENSG00000148384,1.486347,2.1548347,12
ENSG00000136811_2,2.3764725,1.1876616,12
ENSG00000235106,2.1376572,1.9846263,12
ENSG00000092871,2.060543,0.0,12
ENSG00000214941,2.4181442,0.0,12
ENSG00000129250,2.4266965,2.6920693,12
ENSG00000182628,0.10587259,0.0,12
ENSG00000225551,0.032057203,0.0,12
ENSG00000054148,2.1611257,2.3716404,12
ENSG00000196169,1.4304885,0.0,12
ENSG00000171403,0.80660915,0.89535624,12
ENSG00000188959,0.25858438,0.0,12
ENSG00000065325_1,0.07286644,0.5933636,12
ENSG00000133027_2,2.3591752,2.5189862,12
ENSG00000108551,1.4810098,1.2462991,12
ENSG00000135070,2.3659263,2.568848,12
ENSG00000169925,0.4817975,0.0,12
ENSG00000108559,2.7213225,2.8540583,12
ENSG00000161544,1.6493647,2.041669,12
ENSG00000129657_1,0.30007496,0.0,12
ENSG00000186919,0.5347726,1.223937,12
ENSG00000108443,2.5239666,2.9369206,12
ENSG00000141504,1.5626307,1.4662075,12
ENSG00000108639,2.7078376,3.153882,12
ENSG00000165272_1,1.4947582,2.044128,12
ENSG00000181523_1,0.9295732,1.206691,12
ENSG00000188747,2.017427,1.3807899,12
ENSG00000171448,1.6034167,0.0,12
ENSG00000262730,0.18426383,1.6100348,12
ENSG00000148229_1,2.2341385,2.9017932,12
ENSG00000188566,2.3500497,2.561154,12
ENSG00000136895_2,2.1028948,0.0,12
ENSG00000186765,0.8869678,1.2232103,12
ENSG00000148019,2.0436199,2.6381598,12
ENSG00000125484_1,2.4474454,2.1764905,12
ENSG00000262814,2.5507145,3.1280406,12
ENSG00000004660_1,2.0979881,1.2662082,12
ENSG00000197694,2.4059727,2.9618719,12
ENSG00000204316_1,2.0150547,2.9683287,12
ENSG00000184060,1.6566956,1.3232727,12
ENSG00000136449,1.8817627,0.0,12
ENSG00000188878,1.7528088,1.6281201,12
ENSG00000131669,2.146925,2.4390056,12
ENSG00000265688,2.0070796,1.7699456,12
ENSG00000196730_2,2.3246417,2.3631868,12
ENSG00000108771,2.2591562,2.5328944,12
ENSG00000180901,0.33106476,0.0,12
ENSG00000148396,2.3704278,1.7143046,12
ENSG00000136895,1.5205218,1.0789279,12
ENSG00000167118,2.2466915,3.0180385,12
ENSG00000178502,2.3173857,2.450189,12
ENSG00000196730_1,2.1596484,2.625017,12
ENSG00000063015,0.56648874,0.9497948,12
ENSG00000167543,1.6103432,1.3993968,12
ENSG00000108849,0.13107401,0.8003734,12
ENSG00000107147_2,1.468048,1.2880032,12
ENSG00000293440,2.3542836,1.6493835,12
ENSG00000136807,2.5045488,2.1486304,12
ENSG00000182853,0.68128693,0.0,12
ENSG00000198920_1,1.7677171,2.326426,12
ENSG00000157303,1.6849482,2.809316,12
ENSG00000170296,0.86106884,1.1499884,12
ENSG00000119396,2.6365645,3.102228,12
ENSG00000148337_2,0.79784423,1.0456046,12
ENSG00000095397,1.2256131,2.5493257,12
ENSG00000108947,1.2030591,0.0,12
ENSG00000155876,2.5863957,2.7201931,12
ENSG00000227531,0.08902684,0.0,12
ENSG00000147869,0.21587873,0.0,12
ENSG00000167914_1,0.2495636,0.0,12
ENSG00000128422,0.4632866,0.0,12
ENSG00000141579,0.51190495,0.0,12
ENSG00000204706_1,2.334888,1.4874918,12
ENSG00000288701,2.1735024,2.700855,12
ENSG00000141314,1.8002198,1.762626,12
ENSG00000264589,1.2079172,1.4333217,12
ENSG00000267123,0.9324638,0.0,12
ENSG00000165025,2.119186,2.0447946,12
ENSG00000136492,2.0024848,2.2755947,12
ENSG00000002919,2.2652454,2.2790964,12
ENSG00000094796,0.5359609,0.8898617,12
ENSG00000173065_1,2.1570582,2.506092,12
ENSG00000108798_1,2.5867512,3.1918113,12
ENSG00000005238,1.900884,1.4400901,12
ENSG00000221880,0.6503314,1.3663483,12
ENSG00000056558,0.32466522,0.815976,12
ENSG00000182575_1,1.3620356,1.3024392,12
ENSG00000141480,2.3648643,2.9453657,12
ENSG00000108932,1.6965995,1.3634051,12
ENSG00000109103,1.9182913,3.1509836,12
ENSG00000108679,0.55637157,0.0,12
ENSG00000273559,2.4918518,2.513504,12
ENSG00000275718,0.12458693,0.0,12
ENSG00000198909,2.306379,2.2661612,12
ENSG00000108479,1.4900382,2.166513,12
ENSG00000070731_1,1.520385,1.3988597,12
ENSG00000119383,1.9663594,0.0,12
ENSG00000148341,2.2223234,2.122029,12
ENSG00000293514,2.6072087,2.0524669,12
ENSG00000108828,1.4650966,2.1997004,12
ENSG00000121057_3,0.55179596,1.6613393,12
ENSG00000129255,2.4208472,2.777869,12
ENSG00000171345,1.1252145,1.3925738,12
ENSG00000130558_2,0.8911851,0.8224035,12
ENSG00000108669_2,1.2819693,1.7183688,12
ENSG00000107187_1,1.3371649,1.2257227,12
ENSG00000154258,-0.029283248,0.0,12
ENSG00000160339,0.4096131,0.0,12
ENSG00000166292,0.09678608,0.0,12
ENSG00000119446,2.4460907,2.81716,12
ENSG00000094804,2.278068,2.4999304,12
ENSG00000072778,1.9582117,2.718137,12
ENSG00000188825,2.2592351,0.0,12
ENSG00000005884_1,1.9540477,1.9047372,12
ENSG00000137145,2.6098099,2.3978028,12
ENSG00000109107,1.6086247,2.7651088,12
ENSG00000177369,0.26959622,0.0,12
ENSG00000228278,0.22258586,0.66058093,12
ENSG00000107140,2.2047715,2.1874728,12
ENSG00000141371,0.3739097,0.71875906,12
ENSG00000173812,2.795881,4.0395174,12
ENSG00000178852,2.4065702,2.05367,12
ENSG00000142494,1.4353428,1.3832946,12
ENSG00000160602,2.1851285,1.7031194,12
ENSG00000132475,2.7474985,3.5421455,12
ENSG00000167699,2.324009,3.0246415,12
ENSG00000141456,0.2602838,1.7463772,12
ENSG00000181090,2.58638,2.5028229,12
ENSG00000175155,1.8955455,1.596124,12
ENSG00000107331,0.92486614,0.0,12
ENSG00000157653,2.3228993,1.4696158,12
ENSG00000204148,0.061319716,0.0,12
ENSG00000231256,0.24533549,0.0,12
ENSG00000228714,0.010116637,0.0,12
ENSG00000070601,1.6945275,1.2221961,12
ENSG00000072849_1,2.6299682,2.3985302,12
ENSG00000056558_1,1.3053175,1.9768542,12
ENSG00000261371,0.19599816,0.65739053,12
ENSG00000286685,1.1746774,0.0,12
ENSG00000073584_1,1.4563698,1.8310695,12
ENSG00000236024,0.13748586,0.0,12
ENSG00000262879_1,2.054894,2.2541394,12
ENSG00000181885_1,0.40718922,1.0801103,12
ENSG00000215183,0.48775396,0.9670469,12
ENSG00000198435,1.9147048,2.0717237,12
ENSG00000010438_1,0.15142724,0.8805506,12
ENSG00000198920,0.09005748,0.0,12
ENSG00000141279_2,2.4864435,2.1973302,12
ENSG00000168610,0.13019502,0.0,12
ENSG00000136925,2.7452261,2.320651,12
ENSG00000126883_3,0.33194336,0.0,12
ENSG00000141279_1,2.4579825,3.0063806,12
ENSG00000141552_1,2.2559905,0.0,12
ENSG00000011295,2.536574,2.3867486,12
ENSG00000187272,0.66635865,0.0,12
ENSG00000165181_2,0.07847296,0.0,12
ENSG00000108468_1,2.4693146,3.1489203,12
ENSG00000178445_1,0.40059727,1.2776574,12
ENSG00000177427,2.2354689,1.5697951,12
ENSG00000169727,1.7541288,2.2108533,12
ENSG00000006025,1.6734354,2.2995508,12
ENSG00000197566,1.6279263,1.7034031,12
ENSG00000135046,-0.012865216,0.0,12
ENSG00000161955_1,1.3044184,1.4662446,12
ENSG00000169155,2.463912,2.3546212,12
ENSG00000107249,0.86709976,1.2646998,12
ENSG00000182224,2.0991726,1.9653429,12
ENSG00000108641,1.4283841,1.4384474,12
ENSG00000252542,0.22588256,0.0,12
ENSG00000148334_2,2.1132936,1.9083134,12
ENSG00000260369,2.7332706,1.962535,12
ENSG00000184451_1,1.5176038,1.2924776,12
ENSG00000263718,0.8626496,0.72149736,12
ENSG00000137075_2,2.196056,2.115677,12
ENSG00000223551,0.26419482,4.694259,12
ENSG00000119487,0.072482005,0.0,12
ENSG00000187607,2.1914134,2.126891,12
ENSG00000224738,2.6330743,1.6742088,12
ENSG00000070159,1.5472975,1.409595,12
ENSG00000148308,1.9069612,2.8723323,12
ENSG00000185359,2.3123856,2.3557465,12
ENSG00000189152,1.5567553,2.2715628,12
ENSG00000170832,2.5538378,1.3016809,12
ENSG00000141574,0.83153695,0.85946256,12
ENSG00000225472,0.1051012,0.0,12
ENSG00000141337_1,2.6801443,1.963599,12
ENSG00000159182,0.42428133,0.55543303,12
ENSG00000232283,0.0974219,0.0,12
ENSG00000141252_2,2.197897,2.621171,12
ENSG00000012048_3,2.1241152,1.7702185,12
ENSG00000119414,2.4911857,2.9107604,12
ENSG00000275329,2.506342,1.6871006,12
ENSG00000236924,2.0102541,2.082875,12
ENSG00000161647,1.5856164,1.3602525,12
ENSG00000141564,1.5931436,2.5905833,12
ENSG00000141316,0.6621517,0.0,12
ENSG00000106993,2.4770744,2.4738955,12
ENSG00000124422,2.8541243,3.1496162,12
ENSG00000188554_1,2.7791927,2.4388444,12
ENSG00000235448_1,0.1817804,0.0,12
ENSG00000264666,1.961438,2.5215003,12
ENSG00000278540,2.335866,2.5910947,12
ENSG00000128482,0.54052794,0.7187175,12
ENSG00000238227,2.5199049,2.2586133,12
ENSG00000108298,2.651699,3.7774696,12
ENSG00000136861,2.2792199,1.3607525,12
ENSG00000259349,1.8432755,0.0,12
ENSG00000167851,1.8021584,2.8951461,12
ENSG00000120235,0.20117849,0.0,12
ENSG00000034152_1,1.6857679,1.7357968,12
ENSG00000187003,0.20114774,0.0,12
ENSG00000171595,0.3773921,0.0,12
ENSG00000177731,2.1229165,2.3684375,12
ENSG00000273706,1.2016282,1.2677583,12
ENSG00000168591_1,2.1572375,0.0,12
ENSG00000198000_1,2.5010576,2.929659,12
ENSG00000004939,0.13466091,0.0,12
ENSG00000182481,2.353251,3.8842294,12
ENSG00000188523,1.2109367,1.3246117,12
ENSG00000189159,1.3098694,1.0789133,12
ENSG00000107099,2.0148778,1.5579882,12
ENSG00000108946_3,0.09589329,0.0,12
ENSG00000174038,0.1468629,0.0,12
ENSG00000120211,0.08268293,0.0,12
ENSG00000278619,2.1427426,2.2311382,12
ENSG00000136448,2.5881763,3.6734595,12
ENSG00000180616,1.6675594,2.309945,12
ENSG00000148335_1,2.1609504,2.5637076,12
ENSG00000267207,0.7681934,0.0,12
ENSG00000108786,0.5386609,0.6215398,12
ENSG00000198242,2.6121287,4.01598,12
ENSG00000108654_4,2.6851964,2.3712895,12
ENSG00000267221,1.3772051,0.0,12
ENSG00000188379,0.5411899,1.0325664,12
ENSG00000181523,2.212977,2.2638135,12
ENSG00000136866,0.85836756,0.0,12
ENSG00000120162,1.6830504,2.1247551,12
ENSG00000148120_1,0.1875351,0.0,12
ENSG00000167123_2,0.50372714,0.0,12
ENSG00000248871,1.5722728,0.0,12
ENSG00000132535_3,0.78933525,1.6068755,12
ENSG00000136938_1,0.13490334,0.0,12
ENSG00000147883,1.4159279,1.4269664,12
ENSG00000148248,2.4771185,2.7425547,12
ENSG00000271605,0.5866979,0.83925176,12
ENSG00000188825_1,1.4552884,1.18489,12
ENSG00000135002_1,2.2020073,2.5098515,12
ENSG00000108924,1.2700837,1.258302,12
ENSG00000141505_1,0.27017802,0.6877251,12
ENSG00000286322,0.67906386,0.0,12
ENSG00000083290,1.6104568,1.592532,12
ENSG00000187688,2.4116602,2.7478707,12
ENSG00000161405_1,2.6118488,3.0980654,12
ENSG00000236680,0.12326065,0.0,12
ENSG00000276070_1,1.2137903,3.4797409,12
ENSG00000276070,0.5059411,3.518481,12
ENSG00000119139_2,2.359129,2.5263896,12
ENSG00000173762,0.48928234,1.3664416,12
ENSG00000125319,2.0717735,2.3572066,12
ENSG00000129194,0.18991199,0.8181599,12
ENSG00000141255_1,0.3510698,0.97317404,12
ENSG00000261924,0.38150802,0.0,12
ENSG00000005238_2,1.0115902,0.0,12
ENSG00000129195,1.9050734,1.9749389,12
ENSG00000281649,2.6311162,2.843002,12
ENSG00000168610_1,0.38983008,0.0,12
ENSG00000087111,0.2173596,0.0,12
ENSG00000265749,0.1383654,0.0,12
ENSG00000197958,2.4076827,4.1704173,12
ENSG00000281000,3.0235288,3.6678338,12
ENSG00000168591,2.4706323,2.1112626,12
ENSG00000007237_4,1.4824628,0.0,12
ENSG00000132507,1.9802861,2.286479,12
ENSG00000119139_4,0.045469914,0.8515091,12
ENSG00000174292_1,1.4116002,0.8652817,12
ENSG00000233098_1,0.019727968,0.0,12
ENSG00000167874,0.80033827,0.0,12
ENSG00000171843_2,2.2072034,3.0195773,12
ENSG00000008283,1.8779593,1.4866854,12
ENSG00000173714,0.73993057,1.7574719,12
ENSG00000108821,0.5302093,1.0544828,12
ENSG00000267288,0.2016635,1.0080974,12
ENSG00000277631,0.24910453,0.0,12
ENSG00000196544,2.5197537,0.0,12
ENSG00000227036,2.5461698,1.6763552,12
ENSG00000125445,2.355842,2.7857106,12
ENSG00000087157,2.301938,2.3707387,12
ENSG00000265000,1.1282629,0.0,12
ENSG00000041982,0.53960305,0.0,12
ENSG00000283439,0.19456735,0.73223287,12
ENSG00000148123_1,0.42499647,0.60765874,12
ENSG00000008294_1,2.5403185,2.8292072,12
ENSG00000172992_1,2.7842836,2.4241235,12
ENSG00000186395,0.26568985,1.0519625,12
ENSG00000189050,1.9025689,1.8294183,12
ENSG00000169733,1.4284387,1.0404046,12
ENSG00000261371_1,0.2948153,1.5328435,12
ENSG00000182612,0.24914137,0.0,12
ENSG00000137033,0.021822724,0.0,12
ENSG00000270332,0.417461,0.0,12
ENSG00000164970,1.5589068,2.0175843,12
ENSG00000119318,2.7007606,3.7422183,12
ENSG00000246640,1.0812962,0.992421,12
ENSG00000182327,0.78638434,1.173565,12
ENSG00000237560,0.16634718,0.0,12
ENSG00000181222_2,0.28623185,1.321184,12
ENSG00000180071,1.1308887,1.0519239,12
ENSG00000006042,1.606452,1.3976793,12
ENSG00000131668,1.6549323,1.6663682,12
ENSG00000136930,1.4819582,3.4456913,12
ENSG00000159640_1,1.354197,0.9880236,12
ENSG00000238423,1.5509038,2.0463,12
ENSG00000141526_2,2.3584423,2.3973837,12
ENSG00000170296_1,2.3645585,3.0458822,12
ENSG00000132530_1,0.96104085,1.31575,12
ENSG00000264044,0.14845017,0.0,12
ENSG00000160606,2.3908834,1.6966621,12
ENSG00000108669,0.1915828,0.0,12
ENSG00000277258_2,1.6830586,2.2544997,12
ENSG00000167363,1.2757528,1.8431082,12
ENSG00000169696,2.2796519,2.193709,12
ENSG00000167112,1.5256803,2.7726693,12
ENSG00000172889_2,1.782008,1.608205,12
ENSG00000185681,1.491023,0.0,12
ENSG00000095319,2.3786333,2.6160731,12
ENSG00000107099_1,1.9413097,1.1428741,12
ENSG00000148110,2.4847999,2.5803776,12
ENSG00000178999_1,2.466988,2.93884,12
ENSG00000131473_1,1.5129642,1.790081,12
ENSG00000153944,2.0622907,1.8210547,12
ENSG00000277161_1,2.3172095,1.805086,12
ENSG00000187922,0.5919751,0.0,12
ENSG00000196156,0.8277914,1.6093168,12
ENSG00000233175,1.495403,1.5968609,12
ENSG00000108825_1,0.95933175,0.0,12
ENSG00000169992,1.6914295,1.4193774,12
ENSG00000198265,2.1448653,2.7139306,12
ENSG00000164967,1.9025946,0.0,12
ENSG00000188921,1.7783957,2.4388254,12
ENSG00000196363_1,2.2629983,2.9306715,12
ENSG00000238007,0.10598053,0.0,12
ENSG00000271086_1,2.5527558,1.7822576,12
ENSG00000148153,2.1368284,2.5018013,12
ENSG00000185504_1,1.5250046,2.0044332,12
ENSG00000148187,2.4753363,0.0,12
ENSG00000107331_1,1.8917189,1.6471579,12
ENSG00000291063,1.5840801,1.6887757,12
ENSG00000187186,0.64405185,0.0,12
ENSG00000181481,2.4955654,2.1712582,12
ENSG00000169696_1,0.50644046,0.9060655,12
ENSG00000238804,0.10036586,0.0,12
ENSG00000136895_3,0.22348559,0.0,12
ENSG00000170175_1,0.66784513,0.96240246,12
ENSG00000277370,1.6112243,1.3143308,12
ENSG00000070366,2.6766162,2.572674,12
ENSG00000120160,0.06075632,0.0,12
ENSG00000176208,2.062429,2.5211356,12
ENSG00000175866_3,0.44733244,0.8434197,12
ENSG00000108244_1,0.086126305,0.6348399,12
ENSG00000119487_2,2.3396502,3.258321,12
ENSG00000136935,2.6797976,2.2261796,12
ENSG00000108255,0.17791083,0.0,12
ENSG00000238058,2.2672386,1.689371,12
ENSG00000147862_3,1.0852709,1.2959847,12
ENSG00000068137_1,2.0282195,2.4684167,12
ENSG00000147955,2.2338762,2.5075119,12
ENSG00000154263,0.053974546,0.0,12
ENSG00000106723,2.0693784,2.0953088,12
ENSG00000129657_2,2.6090288,2.1918924,12
ENSG00000129219,1.7707579,1.8187536,12
ENSG00000160445,2.2700062,2.1108422,12
ENSG00000167862,2.0924993,2.9727304,12
ENSG00000130045,1.2472022,1.0847907,12
ENSG00000129197,2.2318645,2.814161,12
ENSG00000095321,2.2053494,1.6050678,12
ENSG00000141499,1.5902449,0.0,12
ENSG00000176390,2.312043,2.4094293,12
ENSG00000131759_1,2.3369286,2.814121,12
ENSG00000265055,1.678623,0.84336984,12
ENSG00000108465,2.381836,2.3524778,12
ENSG00000181409_1,1.3914237,1.3457462,12
ENSG00000204889,0.14867848,0.0,12
ENSG00000260019,0.06191986,0.0,12
ENSG00000186594,2.6656127,1.3627651,12
ENSG00000159111,1.7879306,2.7895067,12
ENSG00000107317,0.65577066,1.1905278,12
ENSG00000237886,0.58259094,0.85746515,12
ENSG00000136869,0.39815894,2.1091294,12
ENSG00000108556_1,0.7717638,0.0,12
ENSG00000126878,1.5758247,1.2821461,12
ENSG00000213424,0.27563682,0.0,12
ENSG00000107159,0.65667516,1.4348499,12
ENSG00000214978,0.66208977,1.1197177,12
ENSG00000120094,0.4933337,1.2049065,12
ENSG00000119326,2.1112695,2.288607,12
ENSG00000167914,0.24634656,0.8786941,12
ENSG00000176919,0.81444055,0.0,12
ENSG00000185527,0.42656943,0.0,12
ENSG00000132581_1,2.64322,2.5435092,12
ENSG00000055483,2.5774965,2.5871046,12
ENSG00000006282_1,0.39915222,0.0,12
ENSG00000196712_1,1.3720014,1.312262,12
ENSG00000126368,1.204979,1.7342557,12
ENSG00000235296,0.5471508,0.9216865,12
ENSG00000133020,0.0035983995,0.0,12
ENSG00000178921,1.9791242,1.4805387,12
ENSG00000197879,2.4021783,2.2493231,12
ENSG00000159640,1.7180209,1.6455795,12
ENSG00000108528,2.8017716,2.577508,12
ENSG00000136877_1,1.8574806,0.0,12
ENSG00000124422_1,2.3425667,2.2790895,12
ENSG00000181513,1.8572536,1.159988,12
ENSG00000176101,2.5895658,2.3874254,12
ENSG00000157637_1,2.4098778,2.3144908,12
ENSG00000087995,1.9317629,2.7964473,12
ENSG00000120068,1.1755145,1.5829833,12
ENSG00000169583,0.71173584,1.0986714,12
ENSG00000161649,0.22580433,0.5932971,12
ENSG00000119314,2.2458498,0.0,12
ENSG00000106772_1,0.032560393,0.6728365,12
ENSG00000181856,0.9592098,1.0218506,12
ENSG00000213859,2.3600903,1.9773211,12
ENSG00000108654_2,2.7067425,4.17879,12
ENSG00000267278_1,0.32624462,0.83925176,12
ENSG00000120071,0.11854008,1.0741249,12
ENSG00000272763,1.4849782,1.1207713,12
ENSG00000186193,1.970467,2.2810743,12
ENSG00000235448,0.009852372,0.0,12
ENSG00000131747,2.1669083,3.4290218,12
ENSG00000165092,-0.0071099326,0.0,12
ENSG00000122711,0.63802606,0.7132637,12
ENSG00000108523_2,1.8306137,1.1949304,12
ENSG00000278505,0.2637087,0.90427184,12
ENSG00000158079,0.32346895,1.2282643,12
ENSG00000137077,0.38614932,0.0,12
ENSG00000126561,2.395615,2.5214167,12
ENSG00000186074,0.26436293,0.0,12
ENSG00000138835_4,0.83104205,0.0,12
ENSG00000125485,2.3116803,1.9818412,12
ENSG00000141506,2.4113889,2.6400926,12
ENSG00000087152,2.5189614,2.2913244,12
ENSG00000108518,2.6554098,4.5606213,12
ENSG00000127774,2.3331509,2.800454,12
ENSG00000154025,0.42507777,0.0,12
ENSG00000265359,0.01867234,0.0,12
ENSG00000182575,1.6194134,1.4557886,12
ENSG00000106991_1,1.1683638,1.5312105,12
ENSG00000136929,0.17387147,0.0,12
ENSG00000173253,0.84826624,2.661131,12
ENSG00000133030,2.3165193,2.6897082,12
ENSG00000109113_2,0.6914635,1.6855626,12
ENSG00000125447_1,1.3968194,1.2776756,12
ENSG00000147854,2.6651669,2.651741,12
ENSG00000092871_1,2.0317338,2.077197,12
ENSG00000242616,1.8549752,2.4625223,12
ENSG00000108813,1.0442735,1.967164,12
ENSG00000131473,2.4118,2.4808488,12
ENSG00000166484_1,2.2014108,1.7005999,12
ENSG00000141337,2.042996,1.6236937,12
ENSG00000108788_1,2.3725638,1.4321994,12
ENSG00000215548,1.3109999,2.0409186,12
ENSG00000048828,2.4873786,3.1984124,12
ENSG00000234789,0.5656623,1.0443045,12
ENSG00000135063,1.6637138,1.8172348,12
ENSG00000286194,1.0105923,1.2056509,12
ENSG00000166263,2.2777984,2.1585042,12
ENSG00000006047,1.5761932,1.2273982,12
ENSG00000173065,2.1091824,1.4709556,12
ENSG00000233223_1,2.7667675,1.7917047,12
ENSG00000148180_3,0.27818134,0.0,12
ENSG00000287431,2.254875,1.5303662,12
ENSG00000291084,0.25687653,1.8396038,12
ENSG00000161653_1,1.3195724,1.1716679,12
ENSG00000265222,2.494011,1.192297,12
ENSG00000207955,1.3673573,1.4889172,12
ENSG00000137103,1.961829,2.2461538,12
ENSG00000108924_1,0.5566895,0.0,12
ENSG00000108389,2.059514,2.5438955,12
ENSG00000161513,0.3058252,0.0,12
ENSG00000137101,0.33205935,0.0,12
ENSG00000198113,1.2642393,2.2235687,12
ENSG00000132535_1,0.48354062,0.77487445,12
ENSG00000196535,1.5404663,2.2720737,12
ENSG00000136478,2.1779659,1.6820818,12
ENSG00000167543_1,1.8493716,1.5777675,12
ENSG00000181323,0.3684854,0.8245814,12
ENSG00000128422_2,0.97711873,1.3313463,12
ENSG00000007237_1,0.23195025,1.0052663,12
ENSG00000167081_1,2.1896586,1.7178785,12
ENSG00000095261,2.4089394,2.19757,12
ENSG00000225376_1,0.17150167,0.0,12
ENSG00000108262,2.2567322,2.4404383,12
ENSG00000267128,0.7525842,1.1479576,12
ENSG00000176927,2.479634,2.8700643,12
ENSG00000261156,0.059934024,0.0,12
ENSG00000267568,0.5558281,0.0,12
ENSG00000186860,0.7892386,1.6397852,12
ENSG00000070214,2.0677636,2.546571,12
ENSG00000137073_1,2.8319268,2.9054344,12
ENSG00000233901_2,0.9554524,0.9113707,12
ENSG00000096872,2.0670273,0.0,12
ENSG00000171401,0.15663537,0.8309157,12
ENSG00000008838,1.1819553,0.0,12
ENSG00000197063,0.6200162,1.1764357,12
ENSG00000148296,2.2467098,2.8167362,12
ENSG00000147874,0.13817403,0.0,12
ENSG00000081377,1.1449596,1.7422851,12
ENSG00000119402,2.441506,2.5534897,12
ENSG00000158169_1,2.3490295,2.433765,12
ENSG00000108592,2.0217829,2.4259725,12
ENSG00000109099_1,0.7410995,0.0,12
ENSG00000290928,2.6412492,2.5203342,12
ENSG00000148337_1,2.1535344,2.9088066,12
ENSG00000095303_1,1.209622,1.8961734,12
ENSG00000074660_1,0.6599206,0.0,12
ENSG00000132361,2.4071271,3.0646527,12
ENSG00000011260,2.7822804,2.9473112,12
ENSG00000185561,1.2514226,1.228272,12
ENSG00000107338,2.0934722,1.7227491,12
ENSG00000180901_1,2.4253087,2.177112,12
ENSG00000129657_3,0.25216162,0.84743756,12
ENSG00000148057,2.1382196,1.8064513,12
ENSG00000168792,1.9388286,1.7830957,12
ENSG00000106689,1.7553219,2.290313,12
ENSG00000169750,1.9568399,1.7437919,12
ENSG00000214087,2.283921,2.0567791,12
ENSG00000137040,1.6042931,0.0,12
ENSG00000122696_1,2.2490897,2.613588,12
ENSG00000184811,0.2847578,1.08361,12
ENSG00000274808,0.6279084,0.0,12
ENSG00000181634,0.46633285,0.0,12
ENSG00000080298_1,2.5292385,2.8335576,12
ENSG00000107371,2.4444451,2.8232589,12
ENSG00000212195,1.5702448,3.129545,12
ENSG00000161955,1.5524235,2.2182467,12
ENSG00000165119_1,2.6046696,3.8426342,12
ENSG00000204054,0.95336276,0.0,12
ENSG00000148356,2.3161416,2.4846685,12
ENSG00000198876,2.398696,2.832943,12
ENSG00000184650,0.1725215,0.0,12
ENSG00000007237_6,1.6193194,1.3589622,12
ENSG00000108604,2.4305937,0.0,12
ENSG00000108557,2.219279,2.6038802,12
ENSG00000185245,0.36919227,1.0998291,12
ENSG00000213213_1,1.1149666,0.8372095,12
ENSG00000108700,0.13629478,0.0,12
ENSG00000182271,0.07177356,0.0,12
ENSG00000233223_2,2.3172576,2.806058,12
ENSG00000040531,2.273878,1.9400232,12
ENSG00000108669_3,0.75365865,1.740982,12
ENSG00000141736,2.018577,1.8211138,12
ENSG00000107036,2.9807096,2.7122252,12
ENSG00000181396,2.1329339,2.3820133,12
ENSG00000108349,2.7090597,2.707681,12
ENSG00000129255_1,2.7479315,2.7443557,12
ENSG00000107372,2.6038048,3.1219077,12
ENSG00000130713,2.0400527,0.0,12
ENSG00000225194,1.1403333,1.2332754,12
ENSG00000090054,2.1995504,2.79719,12
ENSG00000107104,1.3992213,0.0,12
ENSG00000173908,0.034179855,0.0,12
ENSG00000119383_3,1.8915994,1.6217059,12
ENSG00000225434,0.20309106,0.0,12
ENSG00000070495,2.673553,2.4274828,12
ENSG00000198887,2.3804507,2.5934865,12
ENSG00000070444,2.4257345,2.3233964,12
ENSG00000284526,0.22803795,0.0,12
ENSG00000138835,0.96467984,0.0,12
ENSG00000161664,0.9218973,1.0352296,12
ENSG00000183077,2.1215131,0.0,12
ENSG00000199753,2.7528014,1.9683895,12
ENSG00000187531,1.9414889,2.2742386,12
ENSG00000148180_1,1.4518917,1.5564412,12
ENSG00000128487_2,2.4659472,2.5577478,12
ENSG00000198496,2.087431,0.0,12
ENSG00000269929,2.828555,2.1442192,12
ENSG00000136449_1,1.9294157,0.0,12
ENSG00000108439,2.3638484,2.6894393,12
ENSG00000108244,0.11389009,0.0,12
ENSG00000243678,2.5821698,3.6365602,12
ENSG00000275066,2.4193077,2.55734,12
ENSG00000172809,1.8482928,4.117066,12
ENSG00000167100,1.5256923,0.0,12
ENSG00000204815,1.7252026,1.0163856,12
ENSG00000267364,0.23044771,0.0,12
ENSG00000275532,1.1647223,1.0824622,12
ENSG00000108961,2.083173,2.8715935,12
ENSG00000136811_3,1.9825599,1.1142772,12
ENSG00000141232,2.4467072,2.2690692,12
ENSG00000133028,2.3065958,2.7398088,12
ENSG00000119487_1,1.9950497,1.7877438,12
ENSG00000108523_3,1.4477427,2.2829413,12
ENSG00000109062,2.2891304,2.5724418,12
ENSG00000067191_1,0.5672823,0.0,12
ENSG00000123453_1,0.8230965,0.0,12
ENSG00000278834,2.4877667,2.127623,12
ENSG00000291110_1,0.28640193,0.0,12
ENSG00000165802,2.1793394,2.4927282,12
ENSG00000173801_1,1.1903069,1.9961263,12
ENSG00000136827,2.0525568,2.6415484,12
ENSG00000165684,2.1284318,2.1248822,12
ENSG00000132530,0.38080928,0.0,12
ENSG00000161509_1,1.493489,1.4452305,12
ENSG00000263412,2.5936463,1.6751364,12
ENSG00000148399,2.1951232,1.9750594,12
ENSG00000108823,0.44034365,0.68477356,12
ENSG00000148344,0.8462472,1.1848617,12
ENSG00000185829,2.0094156,2.2627926,12
ENSG00000148291,2.0543616,2.2987397,12
ENSG00000141562,2.2651763,2.3283591,12
ENSG00000184451,1.4053552,2.3245046,12
ENSG00000176927_1,0.054924786,0.0,12
ENSG00000277972,2.3253229,1.7232914,12
ENSG00000167107_1,0.6814321,0.7676011,12
ENSG00000108523_1,2.4104524,1.7803173,12
ENSG00000072778_1,1.8553557,0.90955603,12
ENSG00000185624,0.36887258,1.4380294,12
ENSG00000034152,2.2873623,2.8180609,12
ENSG00000168259,2.408993,1.5509129,12
ENSG00000230537,0.19518158,0.0,12
ENSG00000165118,1.5476426,2.5760279,12
ENSG00000179673,1.4863353,1.3372995,12
ENSG00000291169,0.09921166,0.0,12
ENSG00000170043,2.3949008,3.1485348,12
ENSG00000073536,2.0281975,2.3854687,12
ENSG00000228072,0.9523236,0.0,12
ENSG00000119421,1.765453,2.7845516,12
ENSG00000006740,1.444286,1.6717743,12
ENSG00000182446_1,0.38415214,0.0,12
ENSG00000095303,0.37234268,1.2472857,12
ENSG00000141198,1.3741511,1.5600382,12
ENSG00000234494,1.8643645,0.0,12
ENSG00000212721,0.78042954,0.0,12
ENSG00000067191_2,1.9953996,1.9612597,12
ENSG00000119408_3,2.3762677,2.4287825,12
ENSG00000173065_2,1.6894767,0.0,12
ENSG00000148362,1.925586,0.0,12
ENSG00000167106_1,2.525897,1.9582819,12
ENSG00000253506,0.25253755,3.64242,12
ENSG00000233098_2,0.25679946,0.60056996,12
ENSG00000165661,1.9602886,2.7085738,12
ENSG00000106952,0.546061,1.0544522,12
ENSG00000119508,1.7577369,1.9058229,12
ENSG00000188647_1,2.4194217,2.3722067,12
ENSG00000177469,1.1049308,1.5799893,12
ENSG00000223510,0.22956651,0.0,12
ENSG00000006042_1,1.5958114,1.0594801,12
ENSG00000013306,2.5088956,3.1522913,12
ENSG00000177076,1.9062481,1.6832272,12
ENSG00000141556,2.2532256,2.454479,12
ENSG00000178031,0.19323972,0.0,12
ENSG00000141510,0.15115339,0.0,12
ENSG00000258315,2.9155064,3.2875016,12
ENSG00000141569,2.3044074,2.044383,12
ENSG00000167920,2.2304673,1.9075956,12
ENSG00000005961,0.4031521,0.75278574,12
ENSG00000275143,0.7253302,0.89713204,12
ENSG00000204952,0.57371515,0.0,12
ENSG00000267532_1,0.24463147,0.0,12
ENSG00000132470_1,1.6733581,1.6200527,12
ENSG00000167840_1,1.4185116,1.0544598,12
ENSG00000136859,1.0357912,1.0644093,12
ENSG00000062716,2.3942838,2.6695297,12
ENSG00000002834_1,2.5804033,3.3016355,12
ENSG00000261978,0.6418061,0.9334873,12
ENSG00000175931,2.263839,2.2172759,12
ENSG00000185168,0.19978496,0.0,12
ENSG00000108309,0.75472736,0.936775,12
ENSG00000182473,0.40328577,1.3801931,12
ENSG00000065325,0.49401557,1.0325704,12
ENSG00000086065_1,2.0262053,3.0389378,12
ENSG00000141232_1,1.4414178,1.3198345,12
ENSG00000182473_1,1.9827834,1.3417708,12
ENSG00000283526,1.3250507,1.2996162,12
ENSG00000198271,0.9881879,1.8294003,12
ENSG00000108387_2,1.6307921,1.5341277,12
ENSG00000119471,2.4682994,2.5193357,12
ENSG00000119321_1,2.3292658,2.7108574,12
ENSG00000108387_3,0.13053524,0.0,12
ENSG00000130717,2.1233394,1.6858402,12
ENSG00000178445_2,2.3410225,2.8856106,12
ENSG00000108702,0.27581447,1.5669663,12
ENSG00000227619,0.10738417,0.0,12
ENSG00000168646,1.7177894,1.5855509,12
ENSG00000177728_1,0.73840654,0.91828257,12
ENSG00000167695,2.1430807,2.0190997,12
ENSG00000005882,1.7657058,0.0,12
ENSG00000165233,2.133425,1.9223621,12
ENSG00000130560,2.3961177,2.0255556,12
ENSG00000108424,2.666729,3.682637,12
ENSG00000168256,1.9196132,2.3175724,12
ENSG00000137133,2.6656513,2.3493009,12
ENSG00000141526,0.43426254,0.0,12
ENSG00000248714,2.3188224,1.3879128,12
ENSG00000279886,0.8310365,0.8115549,12
ENSG00000213977,2.3195946,1.8622924,12
ENSG00000078687,2.3148422,2.4048166,12
ENSG00000148297,2.4602861,2.295844,12
ENSG00000167117,0.2024616,0.8824107,12
ENSG00000159842,1.1654295,1.1164417,12
ENSG00000261408,2.6894338,2.2986784,12
ENSG00000181284,1.1052575,1.9074436,12
ENSG00000263843,2.549112,1.4364806,12
ENSG00000157654_1,2.0668342,2.9745715,12
ENSG00000260328,0.24643326,0.0,12
ENSG00000266677,1.8126271,1.8725642,12
ENSG00000182224_2,1.6878283,1.0417163,12
ENSG00000153944_2,0.44663116,0.0,12
ENSG00000136854,1.6834652,1.5265719,12
ENSG00000137070,1.0864764,1.2677816,12
ENSG00000270379,0.1542032,0.0,12
ENSG00000181045_1,2.090309,1.3212463,12
ENSG00000135048,1.9213936,1.3718803,12
ENSG00000183691,1.6311638,1.6182469,12
ENSG00000178919,1.2061857,1.0245677,12
ENSG00000288989,2.044004,1.5423896,12
ENSG00000170037,2.3120763,2.0670598,12
ENSG00000170222,2.3041103,2.0606337,12
ENSG00000148288,1.1323922,1.1449476,12
ENSG00000121057_1,2.1010153,0.0,12
ENSG00000254876,1.1902183,2.1206496,12
ENSG00000265702,0.078488775,0.0,12
ENSG00000107187,1.5464454,1.7098718,12
ENSG00000160606_1,2.094702,0.0,12
ENSG00000108256,2.6597142,3.5216806,12
ENSG00000265148_1,2.5292425,2.193959,12
ENSG00000196422_1,1.769695,1.9173532,12
ENSG00000198467_1,0.60678375,0.0,12
ENSG00000002834,2.6010168,3.3541641,12
ENSG00000181408,1.4827056,1.3682683,12
ENSG00000179477_1,0.46620587,0.0,12
ENSG00000126883_4,0.11040686,0.0,12
ENSG00000244649,1.6058538,2.0832088,12
ENSG00000165219,2.6703665,2.5506282,12
ENSG00000086062,2.8043253,2.89095,12
ENSG00000159224,0.19887468,0.0,12
ENSG00000073605,0.3031094,0.0,12
ENSG00000136936,2.4592602,2.5852656,12
ENSG00000161542_1,2.5871205,2.607616,12
ENSG00000141499_1,1.9717278,1.9385548,12
ENSG00000119335,2.5920415,4.0064316,12
ENSG00000056586,2.6289527,1.946177,12
ENSG00000106819,0.025348265,0.0,12
ENSG00000148339_2,0.38939333,0.0,12
ENSG00000136490_1,2.5833206,3.2411828,12
ENSG00000252942,0.10983288,0.0,12
ENSG00000108395,2.6415849,1.7752608,12
ENSG00000050555,1.3920074,1.6234044,12
ENSG00000106976,2.191007,2.2468014,12
ENSG00000044459,1.1853707,2.33102,12
ENSG00000080503,2.5763056,3.25685,12
ENSG00000270885,1.3165749,1.4227047,12
ENSG00000179477,1.1289992,1.140841,12
ENSG00000226197,-0.02082301,0.0,12
ENSG00000290585,0.41271558,0.0,12
ENSG00000108381,0.010796614,0.0,12
ENSG00000108774,2.411583,0.0,12
ENSG00000175832_1,1.424304,2.2388988,12
ENSG00000227543,2.2550857,1.4517711,12
ENSG00000173812_1,1.0298132,1.3977836,12
ENSG00000068097,1.5823692,2.328946,12
ENSG00000092931,2.866084,2.2716324,12
ENSG00000142484,0.20188215,0.6005046,12
ENSG00000136485,2.6611743,2.938166,12
ENSG00000165028,1.8048508,1.6159395,12
ENSG00000161547,2.6670973,3.766241,12
ENSG00000256525,2.3171117,2.326301,12
ENSG00000181885,0.64364433,0.0,12
ENSG00000165113,2.0662057,1.7646618,12
ENSG00000136436,1.7428436,3.0923803,12
ENSG00000040633_2,2.4984238,2.2001607,12
ENSG00000197506,0.11444317,1.0986818,12
ENSG00000183018,0.68038297,0.66366327,12
ENSG00000174282_1,2.3631544,1.7519255,12
ENSG00000204277,0.49197975,0.0,12
ENSG00000176994,2.454699,2.4344077,12
ENSG00000287333,0.09188123,0.68774295,12
ENSG00000171097_1,2.4115782,2.009162,12
ENSG00000184557,2.1511145,2.3723578,12
ENSG00000108587,2.0395105,2.7672925,12
ENSG00000165138,1.8279817,1.7597283,12
ENSG00000171431,0.47737804,0.49596038,12
ENSG00000154262_1,0.4586495,0.0,12
ENSG00000267280_1,1.589566,1.47201,12
ENSG00000169925_2,1.7236931,1.1530217,12
ENSG00000147905_1,0.26753333,0.0,12
ENSG00000172057_1,2.2914624,2.79199,12
ENSG00000182896,0.45956638,0.6637386,12
ENSG00000091592_1,0.32437125,1.2331738,12
ENSG00000234327,2.2391942,2.571025,12
ENSG00000264424,0.021966439,0.0,12
ENSG00000266402,2.6319113,3.1907685,12
ENSG00000185504,2.37695,2.1175961,12
ENSG00000233101,0.19875288,0.0,12
ENSG00000148411,2.0932922,2.2878308,12
ENSG00000136928,1.8728759,2.4408147,12
ENSG00000148362_1,1.7088846,1.050689,12
ENSG00000285822,0.7501882,0.7269064,12
ENSG00000055483_1,1.8385116,1.7014644,12
ENSG00000108688,0.19702476,1.4100329,12
ENSG00000119335_1,2.4329734,1.8568255,12
ENSG00000085265,0.080122225,0.0,12
ENSG00000176658,2.337217,2.4375603,12
ENSG00000109099_2,0.08912239,0.0,12
ENSG00000125449,1.2628506,2.2280974,12
ENSG00000177303,0.1758272,0.67584246,12
ENSG00000277632,1.67468,3.968902,12
ENSG00000108591,2.2462072,2.3101685,12
ENSG00000262050,2.0006192,1.2752883,12
ENSG00000175711,2.0269802,2.049501,12
ENSG00000284976,0.5153116,0.0,12
ENSG00000108439_1,0.33420888,1.0883133,12
ENSG00000230148_1,0.3081225,0.9716469,12
ENSG00000177992,0.1270049,0.0,12
ENSG00000175768,2.2666202,3.4920855,12
ENSG00000125686,2.1631474,2.5995982,12
ENSG00000270647,2.8157792,3.4987254,12
ENSG00000147872,2.4195945,2.6815624,12
ENSG00000277791,2.1712062,3.2962549,12
ENSG00000176058,2.386553,2.3686402,12
ENSG00000160602_1,2.6464796,1.6690657,12
ENSG00000172057,1.292042,0.9880682,12
ENSG00000108509,1.2324613,0.0,12
ENSG00000175164,1.5125604,1.0365092,12
ENSG00000178307,2.3026886,2.715614,12
ENSG00000185332,0.39792612,0.60405314,12
ENSG00000165271,1.0501461,2.6241646,12
ENSG00000068137,2.106008,1.4426365,12
ENSG00000126337,0.5619322,0.82245576,12
ENSG00000172123,1.3760486,1.3552331,12
ENSG00000185863,0.40210843,0.0,12
ENSG00000276085,0.83515966,3.2149339,12
ENSG00000137094,2.3614407,1.7417581,12
ENSG00000170412,0.83027077,0.0,12
ENSG00000291110,1.1874495,1.7440675,12
ENSG00000261192,1.0818357,1.1867586,12
ENSG00000007237,0.11148106,0.0,12
ENSG00000169071,0.6182104,0.0,12
ENSG00000107263,1.9122556,0.81372106,12
ENSG00000160349,0.20994529,0.0,12
ENSG00000166596,0.44752488,0.0,12
ENSG00000175866_5,0.4579319,1.5140561,12
ENSG00000125691,2.3684864,3.966287,12
ENSG00000136856_1,1.3412025,0.0,12
ENSG00000167741,0.57800347,0.0,12
ENSG00000167182,3.0152338,2.57193,12
ENSG00000175287,0.167645,0.0,12
ENSG00000076382,2.0604932,2.8588643,12
ENSG00000132507_3,2.0375493,1.9675947,12
ENSG00000179314,0.44204327,0.0,12
ENSG00000108852_1,0.6979096,0.940073,12
ENSG00000197694_1,1.7087142,0.5632437,12
ENSG00000189159_1,2.6321812,3.5974538,12
ENSG00000204054_1,0.110502616,0.65739053,12
ENSG00000230303,0.019395933,0.0,12
ENSG00000183011,2.6581264,2.8249273,12
ENSG00000205045,1.1005507,0.0,12
ENSG00000147874_1,2.2647548,2.5467868,12
ENSG00000108830,1.3572521,0.0,12
ENSG00000005243,1.5780147,1.4390326,12
ENSG00000080298,0.2061224,0.0,12
ENSG00000132383,2.3471193,2.8294132,12
ENSG00000154240_1,1.3047659,0.9761665,12
ENSG00000073584,2.581235,3.129158,12
ENSG00000219200,1.4380772,3.5211382,12
ENSG00000264364,2.3922844,2.733068,12
ENSG00000264672,0.1977466,0.0,12
ENSG00000136867,1.6790168,1.3312045,12
ENSG00000141068,2.2524107,2.8623402,12
ENSG00000278845,2.226666,0.0,12
ENSG00000130714,1.5613639,1.9058607,12
ENSG00000125458,2.3407383,2.2862632,12
ENSG00000158169,0.68921244,0.0,12
ENSG00000227355,1.4753835,0.0,12
ENSG00000160446,2.3625126,2.675541,12
ENSG00000153982,1.9849207,0.0,12
ENSG00000173757,2.2659361,2.2660222,12
ENSG00000136810,2.6091335,3.5798407,12
ENSG00000177602,2.3732057,2.3434086,12
ENSG00000204193,0.06948072,0.0,12
ENSG00000161542,2.5504355,1.7037555,12
ENSG00000120063,2.7349846,2.4279566,12
ENSG00000275410,1.0305151,2.8511972,12
ENSG00000167740,2.3538427,0.0,12
ENSG00000167705,1.0258675,0.0,12
ENSG00000177302,2.542997,2.464658,12
ENSG00000293515,0.32954726,0.7160284,12
ENSG00000125457,1.8384545,1.1120685,12
ENSG00000132589,2.2246983,2.8727272,12
ENSG00000132535,1.3997703,0.7820137,12
ENSG00000169718_1,1.9543526,2.6080241,12
ENSG00000137075,1.8734417,1.1755756,12
ENSG00000175832_2,1.3959627,2.483289,12
ENSG00000065320,1.8056407,1.9931275,12
ENSG00000169710,2.2780848,3.282441,12
ENSG00000161542_2,1.6550798,2.5742397,12
ENSG00000091622,1.6098248,1.5949888,12
ENSG00000185972,0.21664241,0.0,12
ENSG00000035862,0.26974303,0.76522136,12
ENSG00000174238,2.3467393,2.7132754,12
ENSG00000153822_1,0.04917285,0.0,12
ENSG00000063015_1,1.4720206,1.670895,12
ENSG00000125414,0.11192332,0.0,12
ENSG00000274512,0.54931617,0.0,12
ENSG00000265313,0.13832548,0.0,12
ENSG00000007216,0.34040967,0.0,12
ENSG00000109113_1,1.0385346,1.4247347,12
ENSG00000148154,2.6430826,2.9908447,12
ENSG00000141068_2,0.2303083,0.9716469,12
ENSG00000167419_1,0.19266641,0.5933082,12
ENSG00000246731,1.6871023,1.341108,12
ENSG00000204054_2,0.7166498,0.0,12
ENSG00000185269,1.4475949,1.3552983,12
ENSG00000131899,1.9096332,1.6853117,12
ENSG00000125398,1.0904969,3.0768516,12
ENSG00000184640_1,0.5021989,0.0,12
ENSG00000262768,0.592189,0.0,12
ENSG00000023318,2.4234943,3.12197,12
ENSG00000183010_1,1.9176936,2.405044,12
ENSG00000229637,0.27589148,0.0,12
ENSG00000204278,0.772402,0.0,12
ENSG00000005238_1,0.1969809,0.0,12
ENSG00000167880,0.56564033,1.0606978,12
ENSG00000178789,0.23588616,0.0,12
ENSG00000183153,0.16276804,0.0,12
ENSG00000182628_1,2.6252286,0.0,12
ENSG00000035862_2,1.6873312,1.733117,12
ENSG00000203364,0.08170628,0.0,12
ENSG00000108387,0.26726082,0.0,12
ENSG00000262049,2.4695485,2.0243626,12
ENSG00000175283,2.3828397,1.8042076,12
ENSG00000148339,2.8451781,2.1628928,12
ENSG00000108852,0.8325764,0.8267225,12
ENSG00000167291,0.35666618,1.0404046,12
ENSG00000276409,0.1528147,0.0,12
ENSG00000175787,1.386492,1.5697297,12
ENSG00000170004,2.026323,2.5701692,12
ENSG00000170291,2.6281004,2.8074675,12
ENSG00000136816,2.2891264,2.0734985,12
ENSG00000148200,2.4927635,1.9657519,12
ENSG00000233670,0.28835008,0.0,12
ENSG00000108669_1,1.6823624,0.0,12
ENSG00000278774,2.3812504,0.0,12
ENSG00000122741,2.1288815,2.3156576,12
ENSG00000065559,2.2383194,2.3858762,12
ENSG00000181090_1,0.17284916,0.0,12
ENSG00000179314_1,1.6006879,1.5411922,12
ENSG00000087095,2.5488229,2.0770879,12
ENSG00000168517,1.7323754,1.4363853,12
ENSG00000005381,0.9828335,1.1913671,12
ENSG00000286799,1.6206827,1.0094678,12
ENSG00000108823_1,0.38777107,0.0,12
ENSG00000185624_1,2.5257316,3.390384,12
ENSG00000158169_2,1.782476,0.0,12
ENSG00000263293_1,1.8365514,0.0,12
ENSG00000171475,2.4217925,2.4904823,12
ENSG00000099219,2.3301535,2.4215546,12
ENSG00000167842,2.7563527,2.400253,12
ENSG00000182040,0.6776817,1.1904438,12
ENSG00000107105,0.08832078,0.0,12
ENSG00000141179,1.836862,1.9112855,12
ENSG00000164972,0.4502188,0.0,12
ENSG00000169733_1,1.9484223,2.1502345,12
ENSG00000171532,0.5146408,0.88430816,12
ENSG00000187742,2.7503662,2.470134,12
ENSG00000164985_2,2.8801725,3.5806742,12
ENSG00000167711,0.29852858,0.0,12
ENSG00000212719_1,0.55403876,0.0,12
ENSG00000119408,2.5477865,3.0709202,12
ENSG00000267002,2.716311,1.3365117,12
ENSG00000198121,0.12496165,0.0,12
ENSG00000266469,2.3220325,1.4963622,12
ENSG00000106992,0.3829637,0.0,12
ENSG00000159069,2.2979338,2.4764316,12
ENSG00000148346,0.17244151,0.0,12
ENSG00000182173,2.0578089,2.198855,12
ENSG00000141255,0.45069528,0.72414476,12
ENSG00000107186,0.0006817579,0.0,12
ENSG00000186638,2.6773605,2.1518264,12
ENSG00000187922_1,0.75879395,1.6065286,12
ENSG00000241322,0.19085345,0.0,12
ENSG00000166484,2.0703635,1.836729,12
ENSG00000141551_3,2.3255324,2.871888,12
ENSG00000120068_1,0.40667203,0.0,12
ENSG00000153982_1,1.8594298,0.0,12
ENSG00000175611_1,2.650489,2.2107973,12
ENSG00000278259_2,2.3585296,2.1373858,12
ENSG00000290770,2.4633024,2.2631838,12
ENSG00000137124,2.1662676,2.7542274,12
ENSG00000167720,2.5411973,1.9990044,12
ENSG00000131471,0.3580212,0.0,12
ENSG00000196305,2.4915948,3.2612486,12
ENSG00000119514_1,0.16359109,0.0,12
ENSG00000148120_2,2.0449514,1.6972294,12
ENSG00000011052,2.560436,3.1637008,12
ENSG00000167525,1.3782535,0.0,12
ENSG00000167130,2.2584498,2.424947,12
ENSG00000277363,1.0791764,1.1734486,12
ENSG00000167916,0.48473725,0.89348435,12
ENSG00000132507_2,2.861905,2.8332975,12
ENSG00000185527_1,0.3642691,0.5433478,12
ENSG00000165304,2.195892,2.8560445,12
ENSG00000182742,1.8467907,1.9951524,12
ENSG00000125492,1.3756214,1.449216,12
ENSG00000141376_2,0.22263488,1.0136334,12
ENSG00000095380,2.4971385,2.1380563,12
ENSG00000165689,2.5917306,2.5791626,12
ENSG00000293669,2.4877217,2.530288,12
ENSG00000136811_1,2.3299685,2.865383,12
ENSG00000136840,2.3188353,2.4012265,12
ENSG00000108509_1,0.45383462,1.4462264,12
ENSG00000188986,2.3098497,2.31982,12
ENSG00000184640,1.8327994,2.4018984,12
ENSG00000119397,2.5250537,2.771509,12
ENSG00000222293,0.14839418,0.0,12
ENSG00000287553,2.4361768,1.1479853,12
ENSG00000184361,2.074063,1.1479853,12
ENSG00000175866_2,0.16885385,0.0,12
ENSG00000132471,2.0364022,3.0628564,12
ENSG00000198844_1,0.28541175,0.0,12
ENSG00000178852_1,2.5304875,0.0,12
ENSG00000161692,1.1997802,2.301438,12
ENSG00000108671,2.4581563,3.0438259,12
ENSG00000108950,1.3361255,1.288808,12
ENSG00000171302,2.3471425,2.52423,12
ENSG00000262074,2.8048918,4.0664153,12
ENSG00000136872,0.094626874,0.0,12
ENSG00000215126,1.8804828,3.068301,12
ENSG00000172159,0.036436893,0.0,12
ENSG00000167525_3,1.2190745,1.4921875,12
ENSG00000175826,2.4777744,2.9577558,12
ENSG00000167723_1,1.4251437,2.5559065,12
ENSG00000107331_2,0.7567398,0.9234098,12
ENSG00000185920,1.9224969,2.0204442,12
ENSG00000030304_1,0.124951236,0.0,12
ENSG00000148334,2.4812949,2.482888,12
ENSG00000167280,2.2261124,2.3004541,12
ENSG00000159842_1,2.0617352,1.9689777,12
ENSG00000231991,0.61030495,1.6033208,12
ENSG00000160360,1.3810451,1.2197417,12
ENSG00000160539_1,0.63678896,1.0067227,12
ENSG00000005102,0.47807646,2.0702152,12
ENSG00000277084,0.30026475,0.0,12
ENSG00000095370_2,0.3750748,0.0,12
ENSG00000238898,0.080560386,0.0,12
ENSG00000148123,1.239603,1.4274698,12
ENSG00000198853_1,0.49986014,0.0,12
ENSG00000040633_1,2.2164183,2.010003,12
ENSG00000276293,2.5890646,2.1150377,12
ENSG00000167549,1.6583475,1.3993795,12
ENSG00000141376_1,0.008659642,0.0,12
ENSG00000121104,2.2073405,2.1040874,12
ENSG00000165152,0.54161555,1.0619423,12
ENSG00000002919_1,2.310973,1.7589611,12
ENSG00000137038,1.9402026,3.0236886,12
ENSG00000054179,1.4829156,1.4903238,12
ENSG00000291074,0.26669687,1.0391364,12
ENSG00000154330,0.78161883,1.2730476,12
ENSG00000108602_1,0.14727604,0.0,12
ENSG00000091640,2.3273134,3.0489388,12
ENSG00000136490,1.7942771,2.9032772,12
ENSG00000141485,1.1503811,0.9791385,12
ENSG00000165060,1.860972,2.8146138,12
ENSG00000154957,2.3311186,1.9606372,12
ENSG00000196873,2.1499982,0.0,12
ENSG00000159202,2.864452,2.7020686,12
ENSG00000286190,1.3620877,0.0,12
ENSG00000179761,0.42482907,0.0,12
ENSG00000165181_3,0.29890984,0.0,12
ENSG00000293325,0.8442731,0.0,12
ENSG00000107165,-0.014865644,0.0,12
ENSG00000180626,2.350319,2.0982664,12
ENSG00000185722,0.17043754,0.0,12
ENSG00000108821_2,0.57812434,1.0122508,12
ENSG00000122735,1.0178097,0.41629094,12
ENSG00000141027,0.13579434,0.0,12
ENSG00000108984_1,0.78203213,1.7448092,12
ENSG00000147872_1,0.2567507,0.0,12
ENSG00000273604,1.9639045,2.264544,12
ENSG00000130935,2.5379796,3.1360989,12
ENSG00000277268,1.1983751,1.1658584,12
ENSG00000171396,0.71844566,1.4964037,12
ENSG00000266446,1.9946154,1.2356547,12
ENSG00000165699_1,0.47367993,0.84538335,12
ENSG00000138835_5,0.6994202,0.0,12
ENSG00000108798,2.4119222,3.2763515,12
ENSG00000147894,2.5912964,1.868944,12
ENSG00000239705,2.4076037,1.6224524,12
ENSG00000250850,2.0241134,1.9556348,12
ENSG00000185862,0.8252296,0.0,12
ENSG00000156052,1.7091372,2.2364113,12
ENSG00000184640_9,1.2613462,0.76029426,12
ENSG00000119125,0.11439522,0.0,12
ENSG00000157693,2.858509,2.0436294,12
ENSG00000160271,2.3079526,1.5031476,12
ENSG00000106733,2.5643032,1.8086498,12
ENSG00000180549,0.3703323,1.0404204,12
ENSG00000131771_1,0.39713934,0.0,12
ENSG00000277363_1,1.7385828,1.556833,12
ENSG00000109084,2.4164727,2.8426511,12
ENSG00000119408_2,1.5763359,0.0,12
ENSG00000121101,0.5024893,0.6214671,12
ENSG00000278259_1,2.4179401,2.533308,12
ENSG00000123453,0.20552999,0.7603245,12
ENSG00000236320,0.14501855,0.0,12
ENSG00000121053,0.37006903,0.83301955,12
ENSG00000108523,2.856327,2.7997746,12
ENSG00000107021,2.026144,1.5866402,12
ENSG00000070601_1,0.14753585,0.0,12
ENSG00000080503_3,0.1625407,0.0,12
ENSG00000126353,1.9058446,3.955719,12
ENSG00000160345,1.286321,0.89713204,12
ENSG00000135018,2.751741,3.0881538,12
ENSG00000029725,2.4387596,3.0451117,12
ENSG00000203993,2.488827,2.3107357,12
ENSG00000170310,1.2969035,2.4583492,12
ENSG00000048828_1,2.4020267,1.9260336,12
ENSG00000132530_2,1.8079796,2.7140949,12
ENSG00000109101_1,0.6015829,1.473846,12
ENSG00000122140,1.9669036,3.3163815,12
ENSG00000171962,1.0133924,0.0,12
ENSG00000228083,0.20087469,0.0,12
ENSG00000108733,2.1271462,2.0058281,12
ENSG00000136436_1,0.15640369,0.0,12
ENSG00000108342,0.4141948,1.4347924,12
ENSG00000119333,2.7787828,0.0,12
ENSG00000228392,0.32122347,1.2119744,12
ENSG00000177374,1.9388783,2.4573429,12
ENSG00000186393,0.07753961,0.0,12
ENSG00000159842_4,0.92610294,1.121888,12
ENSG00000238212,0.3582325,1.1043096,12
ENSG00000108691,0.19647473,0.0,12
ENSG00000230013,0.43132332,0.0,12
ENSG00000108312,2.3084002,2.3009648,12
ENSG00000136463,1.8232969,2.4495678,12
ENSG00000231902,0.100973845,0.0,12
ENSG00000141034,2.5015147,1.9912261,12
ENSG00000177239,2.4995184,2.3336084,12
ENSG00000167113,1.8356986,2.77432,12
ENSG00000266473,1.6380148,2.8312213,12
ENSG00000225564,0.025944851,0.0,12
ENSG00000141200,0.16407818,0.8224296,12
ENSG00000204873,0.5425003,1.2924798,12
ENSG00000277688,0.38862574,0.6041504,12
ENSG00000130957,0.37162128,0.49596038,12
ENSG00000267750,0.9976022,1.3204163,12
ENSG00000205808,2.0818713,1.8070545,12
ENSG00000141219,2.1679592,1.9779521,12
ENSG00000271447,1.4498632,1.9548694,12
ENSG00000187616,0.47569767,0.0,12
ENSG00000287782,0.40678927,0.0,12
ENSG00000068120,1.7502571,2.997319,12
ENSG00000132376,2.4628758,1.8283763,12
ENSG00000228395,2.3638737,1.5701108,12
ENSG00000275832_2,1.6014742,1.5537132,12
ENSG00000127083,0.05340188,0.0,12
ENSG00000260027,0.869435,2.1187937,12
ENSG00000131097,0.15655881,0.0,12
ENSG00000188647,-0.011234447,1.0929346,12
ENSG00000141543,2.5860286,3.1959136,12
ENSG00000176978,1.7431693,2.84564,12
ENSG00000119321,0.12870973,0.7399677,12
ENSG00000125430,1.4213843,1.8408586,12
ENSG00000286435,0.22968706,1.0164065,12
ENSG00000121073_1,2.5990958,2.6069186,12
ENSG00000123975,2.7938046,3.529153,12
ENSG00000160539,0.7716315,0.940068,12
ENSG00000166685,2.4610283,2.117712,12
ENSG00000169727_1,1.9761661,2.806119,12
ENSG00000167291_1,1.4679184,1.5088124,12
ENSG00000212901,0.21725914,1.1031741,12
ENSG00000233198,0.54864144,0.7843391,12
ENSG00000187239,2.649118,3.3720832,12
ENSG00000236819,0.3464492,0.0,12
ENSG00000108666,1.9523993,1.3749169,12
ENSG00000170689,1.2288606,1.4226719,12
ENSG00000106686,0.5785134,0.0,12
ENSG00000185158_1,0.17154297,0.0,12
ENSG00000108312_2,1.3612938,2.2508223,12
ENSG00000107104_2,0.08502887,0.0,12
ENSG00000169696_2,0.61633444,0.0,12
ENSG00000082641_2,1.2613189,1.0883133,12
ENSG00000186665,2.2464578,1.8402379,12
ENSG00000198844,0.2153678,0.0,12
ENSG00000004139,1.8217266,0.0,12
ENSG00000186075,2.6474857,0.88799965,12
ENSG00000080503_1,2.5753455,3.147005,12
ENSG00000132386_1,0.8508727,0.77963257,12
ENSG00000106804,0.037404172,0.0,12
ENSG00000180638,0.6207068,0.0,12
ENSG00000137106,2.5319853,2.9037302,12
ENSG00000135049,2.266622,2.488999,12
ENSG00000173068_2,1.2028106,1.7606878,12
ENSG00000286718,2.3440604,2.2676528,12
ENSG00000169583_1,0.5848913,0.0,12
ENSG00000213246_1,0.9471667,1.2306533,12
ENSG00000007312,1.8254046,2.6291301,12
ENSG00000155875_1,2.6218975,0.0,12
ENSG00000012048_2,1.7598251,2.6788552,12
ENSG00000187595,0.5102088,0.0,12
ENSG00000168913,1.6014819,1.2676879,12
ENSG00000106692,2.0058908,2.140027,12
ENSG00000136842,2.1853113,2.1968613,12
ENSG00000095303_2,0.4855456,0.0,12
ENSG00000141252,0.15916085,0.0,12
ENSG00000276170,0.67746854,0.0,12
ENSG00000131095_1,0.807569,1.4384791,12
ENSG00000172785,1.9103765,2.8400748,12
ENSG00000187624,2.2957878,1.2607152,12
ENSG00000175106,1.9778357,1.758753,12
ENSG00000171861,2.2330482,2.5481904,12
ENSG00000108561,2.4932353,3.7122195,12
ENSG00000121057_2,0.56907237,1.4627588,12
ENSG00000147862,0.21478385,0.0,12
ENSG00000156049,0.734519,1.0177426,12
ENSG00000175061_1,2.6182141,2.927021,12
ENSG00000228696,2.081109,0.0,12
ENSG00000122729,1.5336018,1.7564938,12
ENSG00000207277,1.9455241,1.4155409,12
ENSG00000176386,2.3105698,2.6898034,12
ENSG00000073350,1.8668733,1.6608237,12
ENSG00000073861,1.813421,2.55398,12
ENSG00000108684,1.3252997,1.533734,12
ENSG00000161958,1.0211518,2.1181457,12
ENSG00000176170,0.113900065,0.80040085,12
ENSG00000106686_1,0.69003487,0.0,12
ENSG00000136872_1,0.5866183,0.0,12
ENSG00000279069,2.0128155,1.7609123,12
ENSG00000186130,2.367411,2.5201166,12
ENSG00000266934,0.1908851,0.7159616,12
ENSG00000132359,0.5517942,0.8554889,12
ENSG00000141580,2.2506912,2.7797003,12
ENSG00000135047_1,0.07168205,0.0,12
ENSG00000154803,1.9744446,2.107783,12
ENSG00000165282,2.479225,2.1510327,12
ENSG00000273611_1,0.2877937,0.72414476,12
ENSG00000108924_3,0.17918693,0.0,12
ENSG00000108878,0.5506597,0.949829,12
ENSG00000167183,0.46518475,0.0,12
ENSG00000156345_1,1.0330074,1.5210726,12
ENSG00000232859,2.0764103,1.8238978,12
ENSG00000154914,1.5000024,1.5106388,12
ENSG00000278053,1.8132902,2.9384818,12
ENSG00000200903,0.09177205,0.0,12
ENSG00000185262,2.8464925,3.5660012,12
ENSG00000107295,1.426355,1.4280375,12
ENSG00000080608,2.3611999,0.0,12
ENSG00000230601,0.28290147,0.0,12
ENSG00000221926_1,0.8591265,0.0,12
ENSG00000180336,1.2095041,1.232437,12
ENSG00000141503,2.4502301,2.281456,12
ENSG00000196358,1.636673,1.289522,12
ENSG00000223125,0.12563023,1.8296099,12
ENSG00000132382,2.2950048,2.9696274,12
ENSG00000266357,0.14769161,0.38806742,12
ENSG00000187764_1,0.40180457,0.0,12
ENSG00000183979,1.4725165,1.3519509,12
ENSG00000204323,0.48654434,0.8202606,12
ENSG00000170190_1,1.8554751,1.2865462,12
ENSG00000106829,1.9609349,2.9726837,12
ENSG00000107147,1.0782537,0.91307175,12
