,Pred,actual,fold_idx
ENSG00000074181,1.2525743,0.0,10
ENSG00000034239,0.92639476,0.9623693,10
ENSG00000278611,1.5788084,0.0,10
ENSG00000108107,2.701722,4.532539,10
ENSG00000104983,1.8894835,2.0886285,10
ENSG00000105372,3.0837414,3.5721986,10
ENSG00000204839_1,0.554931,0.79363674,10
ENSG00000099795,2.097627,3.0523553,10
ENSG00000178685,1.5508137,2.4908752,10
ENSG00000179751,0.85051227,1.2945764,10
ENSG00000267201,1.3622874,0.0,10
ENSG00000167637,0.7586091,1.4533795,10
ENSG00000130175,2.4465368,3.3440835,10
ENSG00000104450_1,1.2163599,0.0,10
ENSG00000177380,1.4442539,1.2902795,10
ENSG00000253819,0.118388504,0.0,10
ENSG00000078674,3.0216067,3.099076,10
ENSG00000196757,2.8615177,2.2559788,10
ENSG00000267467,0.37686273,0.0,10
ENSG00000032444_2,1.9411621,2.1250353,10
ENSG00000256771,2.127711,1.5946908,10
ENSG00000083845,2.435074,4.138154,10
ENSG00000042832_1,0.1386677,0.0,10
ENSG00000130304_1,2.1991065,1.7178369,10
ENSG00000142528,2.2989395,0.0,10
ENSG00000147588,0.08574508,0.0,10
ENSG00000186020,2.5510898,0.0,10
ENSG00000147669,1.8746287,3.273344,10
ENSG00000188321,2.0088432,1.6687958,10
ENSG00000134014,0.1558268,0.0,10
ENSG00000196724,1.0420299,1.0417242,10
ENSG00000239039,2.1940093,3.1664894,10
ENSG00000171711,0.1383983,0.90778744,10
ENSG00000129437,0.19091707,0.0,10
ENSG00000105186,2.0642533,2.4568288,10
ENSG00000154188,0.10908224,0.0,10
ENSG00000105677,2.3991063,2.3151052,10
ENSG00000253619,0.119981885,1.3326203,10
ENSG00000155970,1.5044928,1.4022614,10
ENSG00000167632,0.326473,0.7242021,10
ENSG00000012061_2,1.5890819,0.9924046,10
ENSG00000261949,0.30988097,0.0,10
ENSG00000132017,2.272661,2.2682362,10
ENSG00000197863,1.9903641,1.5035046,10
ENSG00000171320_1,2.3384516,2.861369,10
ENSG00000012232,1.6423063,1.1941534,10
ENSG00000088002,0.6861767,0.0,10
ENSG00000204524,2.2658012,1.7597207,10
ENSG00000121022_1,2.01494,3.0277612,10
ENSG00000284280,0.36083716,0.9880548,10
ENSG00000291049,2.4343565,1.6835604,10
ENSG00000099308_1,1.9495752,1.5395151,10
ENSG00000088256,1.8156161,2.1728423,10
ENSG00000156802_1,1.7640209,0.0,10
ENSG00000130164,1.8744242,2.4556608,10
ENSG00000164749,0.14232874,2.321671,10
ENSG00000068903,2.55501,2.5293367,10
ENSG00000185800,2.3560889,2.21288,10
ENSG00000125746_2,1.3475997,1.3109481,10
ENSG00000254119,0.11532165,0.0,10
ENSG00000130734,1.8897905,2.157481,10
ENSG00000132554_1,1.1968918,0.96547455,10
ENSG00000228887,0.42935452,2.3247762,10
ENSG00000161082_1,1.0696057,0.9529715,10
ENSG00000156011,0.20878994,0.0,10
ENSG00000167766,2.020145,2.3831239,10
ENSG00000213096_1,1.9124497,0.0,10
ENSG00000166704,2.2515295,1.9503648,10
ENSG00000129951,1.3366997,1.3533776,10
ENSG00000188785,2.337492,0.0,10
ENSG00000197928,0.58165294,1.0245514,10
ENSG00000249816,0.23253596,0.0,10
ENSG00000060558,0.93091375,2.7298448,10
ENSG00000253474,0.17163256,1.3456482,10
ENSG00000079102_3,1.3669739,1.8337843,10
ENSG00000105676,2.7007337,2.5470974,10
ENSG00000172164,1.2397878,2.1383343,10
ENSG00000171443,2.8357582,1.9923944,10
ENSG00000172270,1.8584037,1.8468318,10
ENSG00000204839,1.5658424,1.5595475,10
ENSG00000268595_1,0.3528097,1.072937,10
ENSG00000120533,2.2283459,3.4048388,10
ENSG00000267757,2.3131917,1.785458,10
ENSG00000129422_4,0.12409592,0.0,10
ENSG00000167759_1,0.6298234,0.0,10
ENSG00000105366,0.22061527,0.0,10
ENSG00000104412,2.3806784,3.061113,10
ENSG00000104894,2.0944476,3.6047616,10
ENSG00000147481_1,0.4065703,0.0,10
ENSG00000167468,2.6383507,3.7622447,10
ENSG00000205882,0.09266877,0.0,10
ENSG00000133265_1,1.7885385,2.7568932,10
ENSG00000188629,0.7362026,1.1904438,10
ENSG00000072958,2.6983554,2.7579682,10
ENSG00000160570_1,2.2643688,1.7661101,10
ENSG00000205784,0.22897819,0.0,10
ENSG00000105447,2.3920617,2.733686,10
ENSG00000142235_1,0.97280306,1.0765312,10
ENSG00000104341,1.2776344,1.5899831,10
ENSG00000104884,2.037821,2.2820394,10
ENSG00000198816,1.5074365,1.6140953,10
ENSG00000142227,1.5486808,0.0,10
ENSG00000167460_4,0.40722582,0.0,10
ENSG00000174917,2.129275,0.0,10
ENSG00000104936,0.93772835,1.0164232,10
ENSG00000213638,2.9074154,2.7223213,10
ENSG00000133243,1.7148752,2.1381133,10
ENSG00000130545,0.7544649,1.0531937,10
ENSG00000254266,0.15598187,0.0,10
ENSG00000284505,0.2274152,0.0,10
ENSG00000183850_1,0.83557636,1.1109599,10
ENSG00000168081_1,0.41315445,0.0,10
ENSG00000197933,2.1033456,2.1470916,10
ENSG00000105227_2,0.3995777,0.0,10
ENSG00000165046_1,1.9968103,1.6573523,10
ENSG00000160111_1,1.3048778,1.5349014,10
ENSG00000105492_1,0.6024913,1.0312266,10
ENSG00000153902,0.7558996,0.800449,10
ENSG00000126583,0.8968207,1.0391086,10
ENSG00000154328,2.1995535,2.2328615,10
ENSG00000167380,2.1911705,2.3037834,10
ENSG00000181027,2.1459858,2.4837785,10
ENSG00000125726_1,1.4397225,0.0,10
ENSG00000105202_1,0.717151,1.4547687,10
ENSG00000205883,0.1349567,0.0,10
ENSG00000064932_2,0.44267964,0.8093509,10
ENSG00000205076,0.20198968,0.0,10
ENSG00000171606,2.4169948,1.97488,10
ENSG00000287134,0.15897353,0.6876894,10
ENSG00000198440,2.2365077,0.0,10
ENSG00000090659,0.26364788,0.5969378,10
ENSG00000183668,0.31673044,0.0,10
ENSG00000197016,1.2130297,1.4221135,10
ENSG00000204949,0.23205177,0.0,10
ENSG00000178209,1.2504376,1.6879658,10
ENSG00000104365,2.6666968,2.6064975,10
ENSG00000168476,2.1158097,2.6929412,10
ENSG00000147647,0.7529312,0.97464985,10
ENSG00000197405,0.3595042,1.4890158,10
ENSG00000079462_1,1.3796635,2.5097804,10
ENSG00000082556,0.9924268,1.2448212,10
ENSG00000168575_2,2.509101,2.0305593,10
ENSG00000104976,2.2241583,2.6595454,10
ENSG00000198723_1,0.31359905,0.0,10
ENSG00000213096,1.7024705,2.2693238,10
ENSG00000008853_1,1.923769,2.5847383,10
ENSG00000120896_6,1.498286,1.4562597,10
ENSG00000131115_1,1.6320508,2.1845496,10
ENSG00000105204_1,1.9470687,1.6110932,10
ENSG00000215114,2.129841,0.0,10
ENSG00000164756,0.1636711,0.0,10
ENSG00000167656,0.6748039,1.1175364,10
ENSG00000039987_1,0.23710075,0.0,10
ENSG00000105131_1,0.8514057,1.0164065,10
ENSG00000196365,2.8547223,2.9578466,10
ENSG00000087074,2.6783383,2.8598034,10
ENSG00000105771,3.0019982,2.8046913,10
ENSG00000105519,0.3206902,0.88434213,10
ENSG00000164949,1.7378238,1.720027,10
ENSG00000291231,0.2976642,1.001041,10
ENSG00000184156,1.5356135,2.011951,10
ENSG00000169154,0.2051673,0.0,10
ENSG00000079462,1.9275074,2.085469,10
ENSG00000254687,0.124224305,0.0,10
ENSG00000077782,0.15136512,0.0,10
ENSG00000142544,2.1367815,2.1991599,10
ENSG00000131116,2.7631276,2.5868144,10
ENSG00000198791,2.1288397,0.9182925,10
ENSG00000035681_1,0.16866916,0.0,10
ENSG00000254092_1,0.29693082,0.0,10
ENSG00000136574_1,0.8159582,0.0,10
ENSG00000131773,1.6075726,1.9974214,10
ENSG00000164934_1,2.45996,0.0,10
ENSG00000147606,0.1527487,0.0,10
ENSG00000269858_1,1.6393079,1.3489276,10
ENSG00000105483,2.392451,0.0,10
ENSG00000249859_5,0.50180835,0.895312,10
ENSG00000104413,0.29800797,0.6963739,10
ENSG00000120885_1,0.15920344,0.5933082,10
ENSG00000255491,0.24583149,0.0,10
ENSG00000187955_1,1.0289443,0.0,10
ENSG00000267898,2.151968,1.9083027,10
ENSG00000178764,1.8670094,2.2231636,10
ENSG00000099330_1,2.4241211,1.7697501,10
ENSG00000169398_2,0.11390516,0.55928767,10
ENSG00000165061,0.7050664,1.1417413,10
ENSG00000169035_1,0.79151124,0.60765874,10
ENSG00000176909_1,0.3232142,0.0,10
ENSG00000221878,0.20223427,0.0,10
ENSG00000196267,1.514953,0.0,10
ENSG00000105402_2,2.9684563,2.9007516,10
ENSG00000147316,2.4601767,2.7334692,10
ENSG00000156006,0.09698726,0.0,10
ENSG00000179913,0.5329159,1.2206049,10
ENSG00000164764,1.4232578,1.1783149,10
ENSG00000253661,0.20748828,0.6479333,10
ENSG00000105483_2,1.7169683,2.5116053,10
ENSG00000104549,2.5260253,2.8570006,10
ENSG00000253154,0.11554159,0.0,10
ENSG00000105568_1,0.54748565,1.4305749,10
ENSG00000105664,0.8701379,0.92337877,10
ENSG00000123146_1,2.1072354,3.2208922,10
ENSG00000130813_2,1.4466066,1.1250907,10
ENSG00000105355,2.030405,0.0,10
ENSG00000185803,1.0926056,0.0,10
ENSG00000132002_2,0.42951104,1.4353027,10
ENSG00000176782,0.18200044,0.65421504,10
ENSG00000204882,0.4327415,0.7700637,10
ENSG00000159871,0.18801466,1.1560158,10
ENSG00000267100,2.8461726,2.1005015,10
ENSG00000196109,0.33758557,0.9821355,10
ENSG00000167671,0.52541846,1.3468965,10
ENSG00000099338,1.7041194,0.0,10
ENSG00000166289,2.287084,2.125224,10
ENSG00000099337,1.24015,1.6135459,10
ENSG00000177202,0.35472378,1.1031878,10
ENSG00000198182_1,1.3633487,1.2257227,10
ENSG00000167595,2.477539,2.2628376,10
ENSG00000104218,1.9265983,2.3523831,10
ENSG00000089327_1,1.9694169,2.539653,10
ENSG00000129968,2.0296688,2.4208894,10
ENSG00000126458,2.3031566,1.8595766,10
ENSG00000116014,1.3699818,1.6014733,10
ENSG00000069206,0.121257976,0.0,10
ENSG00000164879,0.50516593,0.0,10
ENSG00000269343_1,0.31827495,0.0,10
ENSG00000253438_2,0.5984418,0.0,10
ENSG00000267680,1.4563316,2.0636635,10
ENSG00000104957,1.69446,0.0,10
ENSG00000156011_2,0.1208054,0.0,10
ENSG00000104960,1.9293398,1.8658203,10
ENSG00000164808,2.2578518,2.3942835,10
ENSG00000167034,1.4952738,1.6523721,10
ENSG00000131355,0.21860144,0.0,10
ENSG00000238650,1.3160279,1.3093959,10
ENSG00000196417,1.7635632,2.2219121,10
ENSG00000174788,0.31196538,0.68481845,10
ENSG00000105220_1,2.131049,3.80297,10
ENSG00000158856_1,0.20047213,0.6348801,10
ENSG00000160396,0.37967142,0.0,10
ENSG00000105204,2.1925051,1.4123429,10
ENSG00000167491_2,0.3816462,0.0,10
ENSG00000179855,1.0382851,1.4880146,10
ENSG00000179820_2,0.7733147,0.0,10
ENSG00000104964_2,0.65171665,2.3398092,10
ENSG00000155099,2.2897928,3.0076838,10
ENSG00000147689,0.23219222,0.0,10
ENSG00000176956_1,1.2094955,1.3143518,10
ENSG00000286125,0.6474101,0.0,10
ENSG00000130529_1,0.39904037,0.959299,10
ENSG00000196437,2.016259,2.2253094,10
ENSG00000282164,0.68221384,1.0668885,10
ENSG00000105662,1.9990602,1.8492228,10
ENSG00000008441_3,1.0143704,0.86917305,10
ENSG00000171649,1.1403986,0.0,10
ENSG00000104833,0.9073462,0.7425759,10
ENSG00000141933,2.7674532,2.1527958,10
ENSG00000104863,1.4418095,1.4976897,10
ENSG00000168077,1.3374968,1.4880569,10
ENSG00000285744,1.7828563,0.0,10
ENSG00000283674,1.1689398,0.36410052,10
ENSG00000104447_1,0.85861,0.0,10
ENSG00000130175_1,0.62377137,1.0094806,10
ENSG00000133872_1,2.7684486,2.9405818,10
ENSG00000127511,1.7899756,2.5545242,10
ENSG00000147485_1,0.7343265,0.0,10
ENSG00000161265_1,2.2767031,2.0887632,10
ENSG00000170956,0.22658494,0.0,10
ENSG00000090924,1.8470333,1.1387668,10
ENSG00000076554,0.23151699,0.0,10
ENSG00000233493,2.1619627,2.2272182,10
ENSG00000167680,0.2093981,0.0,10
ENSG00000229140_4,0.17809984,0.0,10
ENSG00000254153,0.21298301,0.0,10
ENSG00000161016,2.6121972,2.5771239,10
ENSG00000188227_1,0.5763195,0.8330132,10
ENSG00000184672_1,1.4303383,1.602635,10
ENSG00000268621,0.16359174,0.0,10
ENSG00000105492,0.68637997,0.0,10
ENSG00000125731,2.2279928,1.7175956,10
ENSG00000099864_1,1.5592822,1.6068219,10
ENSG00000185728_1,2.3593776,1.3163059,10
ENSG00000177051,2.2327797,2.548328,10
ENSG00000268895,1.7797322,0.0,10
ENSG00000204920,1.2888179,2.0355418,10
ENSG00000247081,1.7260056,0.0,10
ENSG00000130529,0.8843747,1.0378327,10
ENSG00000267796,1.5235841,2.0643082,10
ENSG00000178860,1.8027956,1.5007578,10
ENSG00000185236,2.9082558,2.784774,10
ENSG00000253161_4,0.114534214,0.0,10
ENSG00000267767,0.899743,1.3558537,10
ENSG00000155897,1.1195816,1.3073249,10
ENSG00000121406,1.6276281,1.9372169,10
ENSG00000248538_4,0.29126155,0.0,10
ENSG00000178719,2.1719842,3.456785,10
ENSG00000283992,0.5734137,0.7676011,10
ENSG00000105497,1.2471929,0.0,10
ENSG00000066827_1,0.34888762,0.0,10
ENSG00000265817,1.1827807,2.5968542,10
ENSG00000176840,0.25110582,0.0,10
ENSG00000104964,1.6093413,1.8798009,10
ENSG00000253250,1.8785098,2.305433,10
ENSG00000266964,0.49134,0.0,10
ENSG00000008382,2.4067857,2.1255138,10
ENSG00000188505,1.1226625,1.6919651,10
ENSG00000124449,0.28455216,0.0,10
ENSG00000170323,0.09121786,0.0,10
ENSG00000267751,1.2992859,2.0063376,10
ENSG00000187954,1.7931001,2.1611283,10
ENSG00000164924_4,2.4836652,2.6902316,10
ENSG00000245149,2.9442532,1.8950742,10
ENSG00000070423,2.4955964,2.76636,10
ENSG00000221983_2,0.47139856,2.624476,10
ENSG00000268061,2.4107518,1.9460247,10
ENSG00000178078,0.70799965,1.6835027,10
ENSG00000065268,2.3889422,2.5197334,10
ENSG00000250305_1,1.4408283,1.4194435,10
ENSG00000105364_1,2.776244,3.3118873,10
ENSG00000105289,0.30871582,0.0,10
ENSG00000125755,2.613741,2.8169072,10
ENSG00000234906,0.3095262,0.0,10
ENSG00000130724,2.361565,2.4186823,10
ENSG00000205744_1,2.1336653,2.780411,10
ENSG00000197766,0.41198877,0.8350942,10
ENSG00000132024,1.969786,2.3790643,10
ENSG00000104427,2.1720116,2.3379662,10
ENSG00000279847,0.12014787,0.0,10
ENSG00000171124,0.19212694,0.0,10
ENSG00000130193,2.409753,2.4868977,10
ENSG00000085719,1.6893517,3.0923731,10
ENSG00000160410,1.4528322,2.9320383,10
ENSG00000105374,1.6011897,1.1896138,10
ENSG00000011485,2.4369538,2.7917588,10
ENSG00000160886_1,0.9805855,1.0813041,10
ENSG00000120885_2,1.0211279,1.3896267,10
ENSG00000198346,1.4234926,0.0,10
ENSG00000243137,0.27292767,0.69357747,10
ENSG00000185000,2.3060791,2.2909245,10
ENSG00000228801,2.505919,1.8185163,10
ENSG00000164823_1,2.5722837,2.82069,10
ENSG00000130312,0.70599896,0.0,10
ENSG00000258405_1,0.53866434,1.0800996,10
ENSG00000168672_1,0.9616924,1.3983567,10
ENSG00000167670,2.8510096,0.0,10
ENSG00000076928,2.472307,2.5750065,10
ENSG00000173928,2.5384252,1.7008507,10
ENSG00000120896_1,1.3217669,1.0024555,10
ENSG00000072062,0.27826464,0.0,10
ENSG00000105672,1.0029047,0.0,10
ENSG00000197363,2.258733,1.6200736,10
ENSG00000205133_1,1.2752148,2.108528,10
ENSG00000253729,0.20338795,1.0680745,10
ENSG00000186599,0.09900285,0.0,10
ENSG00000253490,0.15446445,0.0,10
ENSG00000164920,1.8514421,0.9967524,10
ENSG00000156802,2.7595365,2.9859562,10
ENSG00000142002_2,2.532081,2.8010316,10
ENSG00000167733_1,2.035886,1.0765312,10
ENSG00000105220,2.4550383,0.0,10
ENSG00000158856_3,0.38173035,0.0,10
ENSG00000104447,0.12500791,0.62155324,10
ENSG00000134815,2.1961365,2.2021258,10
ENSG00000213988,0.70380527,1.2520614,10
ENSG00000254377_1,0.2931292,0.8672907,10
ENSG00000105428,0.53882474,1.1142772,10
ENSG00000095932,0.28653085,0.0,10
ENSG00000175445,0.4692208,1.0532322,10
ENSG00000126456_2,2.320648,2.7557833,10
ENSG00000283103_1,2.0728753,2.3696425,10
ENSG00000124299,1.429391,2.3438869,10
ENSG00000078579,0.34457034,0.0,10
ENSG00000182759,1.5824223,1.2040114,10
ENSG00000147509,2.0101635,1.1009216,10
ENSG00000176797,0.14326973,0.0,10
ENSG00000127903,0.8791699,1.1208042,10
ENSG00000079102,0.27333158,0.60055906,10
ENSG00000120896_4,0.4642416,0.0,10
ENSG00000157110_3,0.5247217,0.53089094,10
ENSG00000147813_1,1.2698765,0.0,10
ENSG00000105486,2.5956836,3.0564475,10
ENSG00000286798,0.096519485,0.0,10
ENSG00000129354_1,0.66761416,0.7502306,10
ENSG00000105223,2.3786342,2.432878,10
ENSG00000131944,1.9573435,2.1857517,10
ENSG00000105373,2.4138665,3.1272311,10
ENSG00000169398,0.31320804,0.0,10
ENSG00000185988,1.453863,1.5768595,10
ENSG00000293376,0.57231057,0.0,10
ENSG00000185189,1.7483892,1.4958633,10
ENSG00000178297,0.32240412,0.0,10
ENSG00000167601,0.35700876,0.84342587,10
ENSG00000130299_1,1.250737,1.3620487,10
ENSG00000197217,1.957904,2.3254213,10
ENSG00000186806,1.3590634,0.0,10
ENSG00000171574_1,2.262092,1.7562404,10
ENSG00000198363_1,0.14023563,0.0,10
ENSG00000152443,1.476745,2.2360003,10
ENSG00000268964,0.16320413,0.0,10
ENSG00000105671,2.3904996,2.5360532,10
ENSG00000104904_1,2.0846646,1.3588862,10
ENSG00000167748,0.23540449,0.0,10
ENSG00000172172,1.7632699,3.1916494,10
ENSG00000186994,0.96994454,2.599288,10
ENSG00000167658,0.6049797,2.5542116,10
ENSG00000141837_1,1.400603,1.085968,10
ENSG00000155096_1,0.2743159,0.0,10
ENSG00000147654_1,2.5811164,2.2503345,10
ENSG00000105643,2.152513,1.9533731,10
ENSG00000196466,1.954614,2.0407486,10
ENSG00000204653,0.54524535,1.18489,10
ENSG00000156509,1.6691524,1.9632919,10
ENSG00000187244,0.8625314,0.0,10
ENSG00000267383_1,0.11834735,0.0,10
ENSG00000104472_1,2.8578384,2.0220695,10
ENSG00000173809,0.748317,1.174525,10
ENSG00000115266,1.146696,1.2350231,10
ENSG00000121410,1.7613019,1.7219424,10
ENSG00000147697,0.15224835,0.0,10
ENSG00000105609,0.22920647,0.70767236,10
ENSG00000105717,2.1046832,2.188425,10
ENSG00000099800,2.7149677,3.1072474,10
ENSG00000251136_1,2.1751237,1.6959804,10
ENSG00000004777,1.9340034,1.8424976,10
ENSG00000168081,0.29621693,0.0,10
ENSG00000147613,0.7311987,0.0,10
ENSG00000213996,1.1962367,1.3109694,10
ENSG00000134013,1.0009013,0.97010547,10
ENSG00000168575,0.18298422,0.0,10
ENSG00000290720,1.2942345,0.0,10
ENSG00000131351,2.7152383,1.9575355,10
ENSG00000178386,0.565059,1.4800788,10
ENSG00000237440,1.3521684,1.7471787,10
ENSG00000167769,0.582284,0.9367801,10
ENSG00000253507,0.07422997,0.0,10
ENSG00000179950_1,2.512233,2.7744346,10
ENSG00000104723,1.148326,1.4719368,10
ENSG00000198342,1.8316991,1.1250907,10
ENSG00000249859_6,0.40060255,0.0,10
ENSG00000104231,1.9931606,2.631049,10
ENSG00000147689_2,0.43054056,0.0,10
ENSG00000258724,2.3753064,2.4007192,10
ENSG00000253557,0.105978236,0.0,10
ENSG00000133742,0.0868388,0.0,10
ENSG00000160633,3.0030925,3.3090913,10
ENSG00000213023_1,1.2101552,1.9617552,10
ENSG00000105323_3,1.4175885,0.0,10
ENSG00000126247_3,1.6165386,0.0,10
ENSG00000104522,2.4414718,2.5320904,10
ENSG00000141971_2,2.4647706,2.1652029,10
ENSG00000176401,2.0871255,1.8158897,10
ENSG00000253553,0.9651594,0.84333247,10
ENSG00000253363,0.15110064,0.0,10
ENSG00000290427,0.19366285,0.0,10
ENSG00000104237_1,0.10552415,0.0,10
ENSG00000130254,2.930527,2.899185,10
ENSG00000156103,0.7884235,0.9670329,10
ENSG00000253716,1.8154646,2.3409812,10
ENSG00000254202,0.15097268,0.0,10
ENSG00000184489_1,0.33617127,0.0,10
ENSG00000035681,0.8973227,0.0,10
ENSG00000104907,1.9692209,2.4719515,10
ENSG00000130749_1,1.8786937,2.1679256,10
ENSG00000147649,2.7765548,3.2503614,10
ENSG00000251136_2,2.552233,2.1316893,10
ENSG00000161618,2.9511535,2.4377189,10
ENSG00000012124_1,1.2442329,3.0301096,10
ENSG00000136997_3,1.4877733,1.7034547,10
ENSG00000183638,0.23015377,0.0,10
ENSG00000224910_1,0.4306899,0.6479206,10
ENSG00000169169,0.3112066,0.0,10
ENSG00000184672_2,0.6431438,0.0,10
ENSG00000105397_1,0.63507926,1.3638752,10
ENSG00000070756_3,2.3338258,4.5039105,10
ENSG00000108106,2.9194157,3.3240106,10
ENSG00000105516,2.2473404,1.9856402,10
ENSG00000105321_1,1.6535946,0.0,10
ENSG00000161847,2.5038514,3.0395806,10
ENSG00000142235,0.48865265,1.1293676,10
ENSG00000130813_1,2.4478915,2.493936,10
ENSG00000170631,1.4934134,1.8114946,10
ENSG00000253666,2.2004602,2.3378086,10
ENSG00000283632,0.2932345,0.74770695,10
ENSG00000125912,2.7224681,2.6570625,10
ENSG00000141905_3,0.377321,0.0,10
ENSG00000118160,0.62227464,0.9880236,10
ENSG00000245598,1.3378747,0.0,10
ENSG00000256683,1.0124413,2.013907,10
ENSG00000095066_2,2.6524436,2.2025428,10
ENSG00000179922,1.4755511,1.3982074,10
ENSG00000167562_1,1.8964841,1.3456677,10
ENSG00000091656_1,0.13064179,0.0,10
ENSG00000105122,2.1735594,2.5679986,10
ENSG00000175806,1.9030522,2.056192,10
ENSG00000167646,0.51772445,0.0,10
ENSG00000105726,3.0490258,2.7976594,10
ENSG00000214049,0.17939073,0.8916824,10
ENSG00000104313_1,0.13250463,0.0,10
ENSG00000081665,2.1315339,0.0,10
ENSG00000105289_1,0.6921107,0.80270535,10
ENSG00000267508,0.29750958,0.0,10
ENSG00000129422,0.19723967,0.0,10
ENSG00000229140_2,0.20547605,0.0,10
ENSG00000104388,2.579325,2.4292855,10
ENSG00000105479,0.46959427,0.707766,10
ENSG00000105767,1.5751889,1.6374197,10
ENSG00000130477,0.21808383,0.0,10
ENSG00000178896,2.6446993,2.435172,10
ENSG00000291089,0.61858994,1.3232521,10
ENSG00000164816,0.18564115,0.0,10
ENSG00000105221_2,2.8145504,2.72534,10
ENSG00000077009,0.3434517,0.0,10
ENSG00000224420,0.6642564,0.7077575,10
ENSG00000120925,2.3712533,2.0645328,10
ENSG00000253958,1.6285,0.8805278,10
ENSG00000171428,0.81109935,2.0149908,10
ENSG00000226686,0.7227879,0.0,10
ENSG00000178904_1,2.2669513,1.7596754,10
ENSG00000181781,0.26995298,0.8494808,10
ENSG00000105223_1,0.7424025,0.0,10
ENSG00000105383,0.44799554,1.8957992,10
ENSG00000105427,0.22846352,0.0,10
ENSG00000130433,0.8818494,1.30103,10
ENSG00000070756,0.3670901,0.0,10
ENSG00000105287,0.63365525,0.0,10
ENSG00000152475,2.6412842,1.5822906,10
ENSG00000070404_1,1.8557868,0.98214453,10
ENSG00000104812,2.4848099,2.6050107,10
ENSG00000291145,2.8246233,0.0,10
ENSG00000099785,1.813828,1.836903,10
ENSG00000104879,0.20677352,0.0,10
ENSG00000268536,2.1309505,0.0,10
ENSG00000099817,2.568696,3.003383,10
ENSG00000160882,0.29087856,0.0,10
ENSG00000125741,2.8568594,2.6122348,10
ENSG00000165102,2.4908597,1.9135754,10
ENSG00000196684,2.5588763,3.1757843,10
ENSG00000105088,0.25357026,0.9417102,10
ENSG00000161558,2.7789462,2.0946631,10
ENSG00000168078,1.9270613,2.8126488,10
ENSG00000160460,1.4976379,1.7737864,10
ENSG00000132004,2.2256052,1.9282781,10
ENSG00000011590,0.56527764,0.0,10
ENSG00000197863_2,1.464989,1.334695,10
ENSG00000105701,2.3291566,3.094583,10
ENSG00000178860_1,2.5891259,2.845842,10
ENSG00000076641,2.008874,2.3526127,10
ENSG00000198597_1,0.12509003,0.0,10
ENSG00000261667,0.61361814,0.8880109,10
ENSG00000126259,0.58355635,0.9131036,10
ENSG00000181195,0.79998744,0.0,10
ENSG00000034677,2.712729,2.8528159,10
ENSG00000104728_1,0.085565925,0.0,10
ENSG00000105640,2.782911,4.295052,10
ENSG00000169427_1,1.5792412,1.1559552,10
ENSG00000129932,0.4566329,0.0,10
ENSG00000137573,0.15052517,0.0,10
ENSG00000153317,0.21940193,0.0,10
ENSG00000253438_1,0.13546075,0.0,10
ENSG00000253105,0.09480028,0.0,10
ENSG00000157110_2,0.5874095,0.0,10
ENSG00000066855_1,0.17227086,0.0,10
ENSG00000127452_1,1.9063857,1.4762228,10
ENSG00000130844_1,2.3379,1.8475789,10
ENSG00000188868,2.1418474,2.0497837,10
ENSG00000293380,0.6734416,0.0,10
ENSG00000169495,1.3492678,1.5628042,10
ENSG00000022567,1.7315578,1.8769622,10
ENSG00000165046,1.3327016,1.9995568,10
ENSG00000204851,0.98149973,1.5057738,10
ENSG00000121297,1.5560164,1.6582023,10
ENSG00000105559_1,0.3054676,0.0,10
ENSG00000124467,0.28174415,0.0,10
ENSG00000125746_4,1.1363137,0.0,10
ENSG00000070756_4,2.351929,1.6891134,10
ENSG00000269729,0.19260132,0.0,10
ENSG00000089351_1,2.3814242,2.5461328,10
ENSG00000169398_3,1.8798807,1.7762362,10
ENSG00000177669,0.121445596,0.0,10
ENSG00000179134,2.365088,2.3106573,10
ENSG00000168995,0.24455196,0.9165434,10
ENSG00000172006_1,1.597625,1.3507015,10
ENSG00000200259,0.8540271,1.3171332,10
ENSG00000167657,2.385208,2.2611797,10
ENSG00000090006,1.1640497,0.0,10
ENSG00000063177_1,2.8808997,4.0687017,10
ENSG00000131037_1,0.9563843,1.0052835,10
ENSG00000147601,2.1958063,2.6777356,10
ENSG00000201231,0.10909709,0.0,10
ENSG00000099330,2.245455,2.072992,10
ENSG00000104219,1.9596381,2.0261655,10
ENSG00000164823,1.3480759,1.7453325,10
ENSG00000064961,2.104166,2.640033,10
ENSG00000171223,2.6430528,3.773986,10
ENSG00000136960,0.6384329,0.0,10
ENSG00000188766,0.78597945,1.335177,10
ENSG00000007255,2.2086456,1.7668737,10
ENSG00000270164_3,1.0169973,0.0,10
ENSG00000167476,0.49555483,0.0,10
ENSG00000172006,1.6012243,1.6261761,10
ENSG00000104964_1,2.1589427,3.1814034,10
ENSG00000181392,0.22513755,0.8392894,10
ENSG00000213999,1.0151366,2.4867535,10
ENSG00000164934,2.3431354,2.8196096,10
ENSG00000160505,0.22840062,0.681829,10
ENSG00000261437,0.5098406,1.0053092,10
ENSG00000130511,2.204632,2.4422915,10
ENSG00000104415,0.21002029,0.0,10
ENSG00000160014,2.8054874,3.616321,10
ENSG00000168300_1,2.5147288,2.4515193,10
ENSG00000171469,2.3361828,2.277609,10
ENSG00000105732,2.8472753,2.3942416,10
ENSG00000087086,2.3784106,4.1823406,10
ENSG00000126233,0.3452182,0.0,10
ENSG00000142530_1,2.2054608,2.8053174,10
ENSG00000185697_1,0.70858437,0.8534853,10
ENSG00000131042,0.3331755,0.0,10
ENSG00000104635_1,2.0205977,0.0,10
ENSG00000105202_2,0.73271435,2.1700857,10
ENSG00000161249_1,1.4870524,1.6180062,10
ENSG00000042753_2,1.9096508,2.8044932,10
ENSG00000179213,0.838721,0.0,10
ENSG00000105227_1,0.38828734,0.0,10
ENSG00000105136,1.7474862,0.0,10
ENSG00000181786,0.31054622,0.6041396,10
ENSG00000249816_2,0.16099466,0.0,10
ENSG00000164821,0.10960373,0.85349745,10
ENSG00000293178,1.5700035,1.5910312,10
ENSG00000077312_1,2.905526,3.6589925,10
ENSG00000176619,0.4319452,0.0,10
ENSG00000285675,0.2343227,0.7552649,10
ENSG00000123815_1,2.5839512,2.1283863,10
ENSG00000133265,1.5000005,1.1754596,10
ENSG00000121413,0.9789192,1.4767302,10
ENSG00000147526_3,1.8345013,0.0,10
ENSG00000254024,0.70695597,1.2180626,10
ENSG00000229676,0.6807419,0.9836353,10
ENSG00000104524_1,2.6112835,2.1158268,10
ENSG00000156735,2.4336934,2.510093,10
ENSG00000269439,2.6315448,0.0,10
ENSG00000167554,1.1738071,0.0,10
ENSG00000076662,0.6429318,1.1293354,10
ENSG00000249859_1,1.1398752,1.7590027,10
ENSG00000038945_1,0.09167893,0.0,10
ENSG00000254377_3,0.38010082,0.5748181,10
ENSG00000164944,2.3933818,0.0,10
ENSG00000074842,1.7622768,2.9135056,10
ENSG00000218891,1.0616025,1.623456,10
ENSG00000147408_3,0.099293545,0.0,10
ENSG00000004776,1.0376639,0.0,10
ENSG00000104872_1,3.12129,2.3998468,10
ENSG00000104611,1.1376991,1.1377022,10
ENSG00000170608,1.0229605,1.1830134,10
ENSG00000090006_2,0.55288446,0.8843138,10
ENSG00000147592,1.935771,2.495314,10
ENSG00000245281,2.2069886,0.0,10
ENSG00000147526_1,1.4103245,1.8026028,10
ENSG00000287325,0.3000249,0.89169353,10
ENSG00000161082,1.5353317,1.8879491,10
ENSG00000067167,2.4999692,3.04254,10
ENSG00000105479_1,2.9308565,1.333286,10
ENSG00000168672,0.6394426,0.0,10
ENSG00000164687,2.1218336,3.8423314,10
ENSG00000129292,2.1685262,2.5317597,10
ENSG00000176566,0.44711164,0.82026714,10
ENSG00000160570,2.3229334,2.1243541,10
ENSG00000123159,1.9300092,2.0779018,10
ENSG00000147526,0.36598846,0.5433602,10
ENSG00000104853_1,2.7228014,2.7964542,10
ENSG00000249859_4,0.5823311,1.227321,10
ENSG00000196967,1.2497294,0.0,10
ENSG00000158856_6,1.2817148,1.5665789,10
ENSG00000104361,2.1708102,2.0839932,10
ENSG00000083168,2.319917,2.6699953,10
ENSG00000147526_2,2.7940705,2.746237,10
ENSG00000198363,0.11048435,0.0,10
ENSG00000039650_1,2.5544865,1.9006621,10
ENSG00000176209,1.9802694,2.0503025,10
ENSG00000048392,2.990736,2.3328424,10
ENSG00000267107_1,0.20692322,0.0,10
ENSG00000171033_1,0.14286986,0.0,10
ENSG00000242221,0.18932554,0.84538954,10
ENSG00000008441_2,0.67658633,1.0532129,10
ENSG00000053501_1,2.048271,1.1449289,10
ENSG00000254349,0.14016995,0.0,10
ENSG00000186026,0.89029795,1.6586124,10
ENSG00000104859_1,2.0269654,0.95454156,10
ENSG00000105329,2.426223,2.4763968,10
ENSG00000137571,1.7563777,1.8375632,10
ENSG00000130167,0.20865442,0.5785934,10
ENSG00000167578,3.3293293,2.2147193,10
ENSG00000267858,2.9321568,1.8095396,10
ENSG00000011132,2.3174055,2.1377306,10
ENSG00000089847_1,1.1795833,0.0,10
ENSG00000076650,1.7600222,2.0951903,10
ENSG00000174898,2.6159518,1.1377338,10
ENSG00000156486,1.6046364,1.915827,10
ENSG00000167653,1.3520603,0.0,10
ENSG00000183154,1.5642177,0.0,10
ENSG00000120913_2,0.75967056,1.7006172,10
ENSG00000160161,0.68813735,1.6785092,10
ENSG00000147533,2.2966826,2.8420916,10
ENSG00000172733,1.8157086,1.901747,10
ENSG00000120963,2.667895,3.15171,10
ENSG00000275074,2.6123774,1.9091922,10
ENSG00000213889_1,0.6728921,1.5559888,10
ENSG00000121005,1.0726823,1.2886739,10
ENSG00000099203,2.7456853,1.592887,10
ENSG00000105053_1,2.716562,0.0,10
ENSG00000269720,0.8378102,1.152013,10
ENSG00000120784,2.2208712,2.0617766,10
ENSG00000130287,0.6899037,0.0,10
ENSG00000078668,2.8126671,3.1441631,10
ENSG00000293495,2.8518827,2.9673665,10
ENSG00000132026_1,0.5276163,1.0378247,10
ENSG00000286034,0.17938659,0.0,10
ENSG00000167733_2,1.673751,1.025879,10
ENSG00000123908,2.0482035,2.3281634,10
ENSG00000161016_1,2.5424175,4.0462728,10
ENSG00000229140_3,0.27193078,0.0,10
ENSG00000268038,0.43313655,0.0,10
ENSG00000164932,1.4184084,1.905094,10
ENSG00000198551_1,2.6258657,1.8541845,10
ENSG00000012061,2.4347136,0.0,10
ENSG00000046889,1.4281764,1.6733527,10
ENSG00000125741_1,1.0324087,1.3682572,10
ENSG00000104853_2,0.35118175,0.6697723,10
ENSG00000189013,0.16891092,0.0,10
ENSG00000293317,0.5658085,0.0,10
ENSG00000161249,0.5643901,1.2214664,10
ENSG00000167632_2,2.221637,2.3028264,10
ENSG00000155926_2,0.20147522,0.0,10
ENSG00000178719_1,0.63193756,2.0577042,10
ENSG00000147689_1,0.24197628,0.0,10
ENSG00000233270,0.29370084,0.0,10
ENSG00000105388,0.11126824,0.0,10
ENSG00000131931,2.7197514,2.6010273,10
ENSG00000130203,0.30805922,1.2119478,10
ENSG00000251396,2.3303854,0.0,10
ENSG00000307772,0.21708846,0.0,10
ENSG00000182310_1,2.1150303,1.0997945,10
ENSG00000105048,0.69040245,1.1629525,10
ENSG00000012232_1,2.2673793,2.2279844,10
ENSG00000292997,0.11276479,3.1001775,10
ENSG00000185803_2,1.6393609,1.1560006,10
ENSG00000105197,2.5627506,3.0356538,10
ENSG00000290829,1.0676593,0.85144794,10
ENSG00000179820,0.22493207,0.0,10
ENSG00000177045,2.1512964,1.7736402,10
ENSG00000105393,2.4964478,0.0,10
ENSG00000161609,0.8433313,0.0,10
ENSG00000119574,2.7518833,2.4537601,10
ENSG00000253339,0.15592773,0.0,10
ENSG00000168079,0.5921033,0.0,10
ENSG00000164924_1,2.5755231,1.514999,10
ENSG00000020181,1.5104232,1.6654966,10
ENSG00000104824,3.0670354,3.7588446,10
ENSG00000104853,1.6159738,0.0,10
ENSG00000155926,0.45069018,0.0,10
ENSG00000175324,2.5560791,2.781116,10
ENSG00000105176_2,0.18011361,0.0,10
ENSG00000105392,0.270914,0.0,10
ENSG00000125744,1.2184037,0.0,10
ENSG00000124466,0.6103899,0.0,10
ENSG00000234616_1,0.66536635,0.67582417,10
ENSG00000120899_1,1.2952452,2.7535937,10
ENSG00000255974,0.22170463,0.0,10
ENSG00000269058,1.7895712,0.0,10
ENSG00000253161_3,0.124811485,0.0,10
ENSG00000175221,2.3300717,2.501444,10
ENSG00000132561_1,0.16109702,0.0,10
ENSG00000105699,2.015183,2.3493202,10
ENSG00000185198,0.40440422,0.7187507,10
ENSG00000130307,0.26837718,0.0,10
ENSG00000065989_1,0.30095473,1.2684844,10
ENSG00000104522_1,2.0144296,1.20044,10
ENSG00000267779,0.21176869,0.0,10
ENSG00000133275,2.449862,2.7336009,10
ENSG00000186567,0.15963957,0.0,10
ENSG00000125733,2.1310923,2.3956146,10
ENSG00000253438,0.76983255,1.4931372,10
ENSG00000160957_1,2.328225,2.4448564,10
ENSG00000161249_2,1.0825118,2.7963314,10
ENSG00000142444,2.252248,2.1837537,10
ENSG00000232677,0.5594811,1.1792932,10
ENSG00000014164,2.4694138,2.1408975,10
ENSG00000239839,0.08791891,0.58232474,10
ENSG00000236827,1.726841,2.082527,10
ENSG00000167491_1,2.7845678,2.3639464,10
ENSG00000130479,1.9678446,2.7445629,10
ENSG00000171049,0.11319457,0.0,10
ENSG00000180739,1.0236101,0.84331375,10
ENSG00000157168_4,0.11787443,0.0,10
ENSG00000104870_2,1.0127797,1.2188767,10
ENSG00000156011_4,1.5619861,0.0,10
ENSG00000142065,1.9039048,1.771425,10
ENSG00000173273_2,0.8515268,0.0,10
ENSG00000105198,0.1442216,0.0,10
ENSG00000204673,2.996884,2.1248171,10
ENSG00000205268,2.7395217,2.6581259,10
ENSG00000188032,0.84462273,1.1109565,10
ENSG00000105379,2.4437296,0.0,10
ENSG00000187187,2.3848903,0.0,10
ENSG00000283108,0.42247275,0.6667613,10
ENSG00000147687,2.3877668,0.0,10
ENSG00000088053,0.21159741,0.0,10
ENSG00000188425,0.2797174,0.0,10
ENSG00000063245_1,0.93506646,1.1754017,10
ENSG00000099624,2.3350937,3.604633,10
ENSG00000141867_2,2.460027,3.0590065,10
ENSG00000105612,2.2327135,2.574692,10
ENSG00000198538,1.5584176,2.0948658,10
ENSG00000104332,1.4317331,1.6341043,10
ENSG00000188227,0.8292884,0.9465505,10
ENSG00000187266,0.6018005,0.0,10
ENSG00000147434,1.2136923,1.1142772,10
ENSG00000137563,2.0858629,2.8061094,10
ENSG00000130377,0.1811715,0.5266752,10
ENSG00000212429,0.13301054,0.0,10
ENSG00000268182,1.0702801,1.3184599,10
ENSG00000080511,0.38580295,0.0,10
ENSG00000006016,1.5642391,2.0398502,10
ENSG00000132294,2.4005659,2.5606418,10
ENSG00000164930,1.8273818,1.3045552,10
ENSG00000006015,2.487313,2.2732096,10
ENSG00000205155,2.2352688,0.0,10
ENSG00000105642,1.2235677,0.0,10
ENSG00000076924,2.3406215,2.5991852,10
ENSG00000221923,1.7723308,2.2518766,10
ENSG00000120889,2.4387383,2.9689972,10
ENSG00000183401,0.5780937,0.0,10
ENSG00000254415,0.7324204,1.5149726,10
ENSG00000247317,2.1956003,1.2031145,10
ENSG00000204936,0.2600323,0.7528241,10
ENSG00000244165,1.2167395,0.0,10
ENSG00000104848,1.537171,1.8467699,10
ENSG00000105419,0.969,1.2030873,10
ENSG00000188293,0.1511772,0.0,10
ENSG00000104979,2.032256,3.0388982,10
ENSG00000161249_3,0.39069027,1.0929661,10
ENSG00000105472,0.25330046,0.6315655,10
ENSG00000253598,0.14323385,0.0,10
ENSG00000253230_2,1.0274277,1.2938265,10
ENSG00000141971,2.146784,2.4900568,10
ENSG00000126467,0.20608464,0.8494317,10
ENSG00000128016,2.8089433,3.4949696,10
ENSG00000071894,2.4408844,2.5431898,10
ENSG00000158856_4,0.27082497,0.0,10
ENSG00000170889,2.7499382,3.4861498,10
ENSG00000178460,0.9242074,0.0,10
ENSG00000167608,0.27345538,0.0,10
ENSG00000189042,2.2210567,1.8044162,10
ENSG00000155096,2.7102416,3.6282408,10
ENSG00000089335,2.6868548,2.3531966,10
ENSG00000105397_2,2.871599,2.8134089,10
ENSG00000176406,1.1251085,1.3178962,10
ENSG00000104852,2.692203,3.37581,10
ENSG00000176956_2,0.7641933,1.027268,10
ENSG00000105697,0.43778345,0.88982815,10
ENSG00000104497,1.9265265,1.3339106,10
ENSG00000214050,1.3086498,0.0,10
ENSG00000074219_2,0.54704523,1.4302042,10
ENSG00000079435,0.1904757,0.7020943,10
ENSG00000104866,2.2530596,1.2820939,10
ENSG00000179950,2.4775884,0.9952709,10
ENSG00000253123,0.10987167,0.0,10
ENSG00000189377,0.21795875,0.0,10
ENSG00000063127,0.6555155,0.0,10
ENSG00000159905,1.0074313,1.8050997,10
ENSG00000186300,2.2645378,1.7971914,10
ENSG00000186838,0.53916425,0.89167124,10
ENSG00000197372,2.0561662,0.0,10
ENSG00000310521,1.8835094,0.0,10
ENSG00000164830,1.6584821,1.592521,10
ENSG00000176182,2.1538818,2.2305384,10
ENSG00000051128,0.19105126,0.76275355,10
ENSG00000125746,1.6094515,0.0,10
ENSG00000198363_3,0.15957749,0.0,10
ENSG00000180543,1.5113451,1.2917461,10
ENSG00000253230_1,0.64513725,1.2144464,10
ENSG00000129354,0.4164026,0.0,10
ENSG00000197275,2.2699246,2.5902967,10
ENSG00000169122,1.1588336,1.4034637,10
ENSG00000290933,0.7849005,1.5549129,10
ENSG00000197013,1.126751,1.43802,10
ENSG00000266976,0.1236573,2.105609,10
ENSG00000267606,0.9947695,0.93013364,10
ENSG00000089327,1.8683406,3.479997,10
ENSG00000197961,2.0426393,2.8008318,10
ENSG00000213024,0.8072471,0.78905165,10
ENSG00000104886_1,2.714311,2.3360393,10
ENSG00000186818,0.828317,0.0,10
ENSG00000123143_1,2.0517342,0.0,10
ENSG00000196705,2.1639156,2.751674,10
ENSG00000178125,0.6848647,0.0,10
ENSG00000011243,0.30352622,0.8898617,10
ENSG00000105568,3.0411112,3.2327013,10
ENSG00000121005_1,1.1893107,0.8137744,10
ENSG00000130818,1.5411614,1.7076179,10
ENSG00000166398,2.1828148,2.040634,10
ENSG00000167785,1.6470635,1.2333008,10
ENSG00000130475,1.977264,1.9774767,10
ENSG00000104689,1.5747564,2.5089874,10
ENSG00000147650_1,2.3993251,2.2631152,10
ENSG00000105376_1,1.1154778,1.278342,10
ENSG00000104885,2.5604212,3.0503025,10
ENSG00000185453,2.307514,1.4940432,10
ENSG00000104888_1,0.9597726,1.0824622,10
ENSG00000105613,1.539048,0.0,10
ENSG00000120992,2.536573,2.8134582,10
ENSG00000188343,1.6284606,2.4697824,10
ENSG00000213904_1,1.0237607,1.0150243,10
ENSG00000291101,0.92282623,1.2850394,10
ENSG00000156172,2.3997738,1.8535948,10
ENSG00000131115,1.4796271,0.88618606,10
ENSG00000104419_4,1.8168957,2.0431342,10
ENSG00000172164_1,0.18182139,0.0,10
ENSG00000105063_1,2.685678,2.8515825,10
ENSG00000176293,1.0158865,1.3482465,10
ENSG00000104320_2,2.402126,3.1225533,10
ENSG00000142046_2,0.79998094,1.1087679,10
ENSG00000204611,1.4719162,0.0,10
ENSG00000233927,2.4466908,0.0,10
ENSG00000167671_1,0.30888364,0.0,10
ENSG00000240694,1.2588034,0.9465996,10
ENSG00000121417,1.4900615,1.9434649,10
ENSG00000201763,0.25209227,0.0,10
ENSG00000104973,2.5690234,2.8266706,10
ENSG00000175606,2.1956682,2.9268808,10
ENSG00000179698_1,1.6202505,1.6604575,10
ENSG00000105639,2.342798,2.7082355,10
ENSG00000197838,0.16945109,0.0,10
ENSG00000012124,0.29897192,0.0,10
ENSG00000267577,0.20954102,0.0,10
ENSG00000142046,1.4864184,0.8137544,10
ENSG00000290859,0.4803964,0.0,10
ENSG00000083807,2.2417269,2.1068807,10
ENSG00000254618,0.25198436,1.7648976,10
ENSG00000104951_1,3.0765955,3.875264,10
ENSG00000167755_2,0.7416783,0.8494194,10
ENSG00000065989,1.6816556,1.886265,10
ENSG00000183207,2.1833286,2.870505,10
ENSG00000121022,2.355482,2.9866097,10
ENSG00000245164,0.1500265,0.0,10
ENSG00000267107,0.22935615,0.0,10
ENSG00000083807_1,0.7784712,1.229221,10
ENSG00000178719_2,0.47937584,1.5873629,10
ENSG00000249861,0.15656132,0.0,10
ENSG00000105426,0.82542473,0.0,10
ENSG00000267575,1.5682569,2.0173047,10
ENSG00000105467,2.6335242,1.4167403,10
ENSG00000197863_1,1.723927,1.6903201,10
ENSG00000066827,1.0776488,1.8369125,10
ENSG00000164924_5,1.6790298,3.2756705,10
ENSG00000269858_2,0.78204983,0.855501,10
ENSG00000245910_1,0.37560526,0.0,10
ENSG00000104518,2.1400795,2.5166688,10
ENSG00000198042,2.563517,3.0327678,10
ENSG00000293247,0.3285248,0.0,10
ENSG00000080031,0.22348863,0.0,10
ENSG00000198169,2.3987155,1.794258,10
ENSG00000254777_1,2.541668,1.1783149,10
ENSG00000291131,1.4716442,1.1356382,10
ENSG00000136997_2,1.5389091,1.7621231,10
ENSG00000158856_5,0.23782432,0.67288256,10
ENSG00000083812,2.2340386,1.9279295,10
ENSG00000102575,0.4213953,0.98511195,10
ENSG00000147536,2.4514675,0.0,10
ENSG00000104320_1,2.909871,1.6308345,10
ENSG00000137573_3,0.101118594,0.0,10
ENSG00000184672,0.5821331,0.0,10
ENSG00000063169,2.1017144,2.2754266,10
ENSG00000105576,2.4298165,0.0,10
ENSG00000172081_1,2.700633,2.4418397,10
ENSG00000189144,1.4203564,1.4061313,10
ENSG00000105556,1.6318905,1.9067336,10
ENSG00000073050,2.3243454,0.0,10
ENSG00000126262,0.32455525,0.0,10
ENSG00000142534,2.762544,0.0,10
ENSG00000167733,2.4319122,0.9909601,10
ENSG00000173530,1.5707244,2.5742025,10
ENSG00000154319_1,0.18136817,0.0,10
ENSG00000186115,0.12969479,0.84539574,10
ENSG00000283555,0.09230234,0.8433449,10
ENSG00000171773,0.5117268,1.1490189,10
ENSG00000269043,0.2541171,0.0,10
ENSG00000213339,1.5683708,2.3330703,10
ENSG00000253138,0.13944589,0.0,10
ENSG00000160392,2.467369,0.0,10
ENSG00000253773,2.1813326,1.8599545,10
ENSG00000008853,0.14713567,0.0,10
ENSG00000177191,0.8408173,0.0,10
ENSG00000269343,2.4139276,2.5751936,10
ENSG00000225975,2.0871418,1.8562381,10
ENSG00000105321,2.311639,2.4232721,10
ENSG00000164743,0.50901675,0.0,10
ENSG00000198846,1.1592162,0.0,10
ENSG00000167642,1.4584732,1.4447316,10
ENSG00000105696,1.3468926,1.6374197,10
ENSG00000290587,0.62325937,0.0,10
ENSG00000123136_1,2.7142763,3.0075471,10
ENSG00000164935_1,0.15684067,0.0,10
ENSG00000171044,2.377361,1.958946,10
ENSG00000170619,2.319658,2.205456,10
ENSG00000142273,0.6838981,1.6040207,10
ENSG00000176623_1,1.4307312,0.0,10
ENSG00000130475_1,2.1766167,2.329052,10
ENSG00000287001,0.5529589,0.85545856,10
ENSG00000090661_1,2.4311755,1.7663385,10
ENSG00000104979_1,2.0322022,0.0,10
ENSG00000167904,2.6635373,2.5201964,10
ENSG00000176490,1.4147527,1.2768981,10
ENSG00000181240,0.38425124,0.0,10
ENSG00000118620,2.3155577,2.6386719,10
ENSG00000183647,1.2488515,1.785707,10
ENSG00000178934,0.2980853,0.6963739,10
ENSG00000133878,0.5763893,1.3009431,10
ENSG00000156162,2.2305648,2.091178,10
ENSG00000125746_3,0.8758359,0.0,10
ENSG00000147642_2,1.941653,2.1861281,10
ENSG00000104408_1,2.2791111,1.4010575,10
ENSG00000158863,1.6605091,2.0270967,10
ENSG00000268655,0.882782,0.0,10
ENSG00000005206,2.5010574,2.274802,10
ENSG00000164751,2.6263158,2.5252547,10
ENSG00000134028,0.12747781,1.069335,10
ENSG00000123119,1.1747077,1.0163647,10
ENSG00000125734,2.7483404,1.666031,10
ENSG00000156735_1,0.16363876,0.0,10
ENSG00000167487,2.1038873,1.7641836,10
ENSG00000187994,1.7668461,1.9319458,10
ENSG00000104903,1.6269648,0.0,10
ENSG00000226696,2.7853487,1.6311991,10
ENSG00000173480,2.2125595,0.0,10
ENSG00000248538_2,0.25012037,0.0,10
ENSG00000105699_1,2.2156532,2.9869509,10
ENSG00000291130,0.8808561,1.7468443,10
ENSG00000105711,1.5683882,1.2608582,10
ENSG00000253161_5,0.14163715,0.77010053,10
ENSG00000229833,2.1143582,0.0,10
ENSG00000253394,0.1107216,0.0,10
ENSG00000269404,1.944037,3.229623,10
ENSG00000237452,0.6259536,0.0,10
ENSG00000197561,0.34712055,0.0,10
ENSG00000105679,0.5831545,1.0232112,10
ENSG00000141985,2.4884887,2.7044027,10
ENSG00000173535,0.8461916,1.474362,10
ENSG00000104205,1.6751251,1.5739502,10
ENSG00000173137,2.3545346,0.0,10
ENSG00000147408_2,0.13045853,0.0,10
ENSG00000160961,2.498316,2.2560222,10
ENSG00000105708,1.5730104,2.0565772,10
ENSG00000171295,2.0485148,1.622442,10
ENSG00000164736,1.0205187,1.1589954,10
ENSG00000167775,2.4775774,2.7377808,10
ENSG00000105281_1,1.5748101,0.0,10
ENSG00000187994_1,1.5468609,2.382588,10
ENSG00000129691,2.8087473,2.2827353,10
ENSG00000275591,1.2409427,1.6644332,10
ENSG00000022556_1,0.44442824,0.0,10
ENSG00000167815_1,2.0780313,2.8252509,10
ENSG00000104490_1,2.2120688,2.0271988,10
ENSG00000171954,0.93999195,1.8167714,10
ENSG00000215262,0.08345221,0.0,10
ENSG00000076826,1.5533177,2.0016904,10
ENSG00000105143_2,0.34142205,0.0,10
ENSG00000104880,1.9924843,1.3907938,10
ENSG00000176472,2.4317565,1.9073038,10
ENSG00000064687,2.1835907,0.0,10
ENSG00000196110,2.1667035,0.0,10
ENSG00000039650_3,1.7078369,1.9915229,10
ENSG00000130733,2.1058695,2.152817,10
ENSG00000140396_1,2.2621074,2.1881688,10
ENSG00000130844,1.3966491,1.6387378,10
ENSG00000189376,2.0080624,2.2916198,10
ENSG00000177182_1,0.45672062,0.88244486,10
ENSG00000080031_1,0.4981251,1.6315076,10
ENSG00000178951,1.829154,2.2061698,10
ENSG00000155090,2.614364,2.6639664,10
ENSG00000196646,2.3349721,2.347615,10
ENSG00000137558,0.09125389,0.0,10
ENSG00000128000,1.9115491,2.2616792,10
ENSG00000177182,0.18144913,0.0,10
ENSG00000121289,1.9620714,0.0,10
ENSG00000267519,2.2725186,1.9126577,10
ENSG00000291317,1.7784374,1.6354938,10
ENSG00000130300,0.7050964,1.1131743,10
ENSG00000129422_2,0.07832034,0.0,10
ENSG00000196378,2.2499125,1.6954029,10
ENSG00000160336,2.088814,2.577532,10
ENSG00000196605,2.3507106,1.3814075,10
ENSG00000064547,1.8493345,2.1695216,10
ENSG00000074855,1.9543359,1.5476886,10
ENSG00000090006_4,1.2666842,1.1819865,10
ENSG00000064545,1.4408382,2.2251775,10
ENSG00000197892,0.11882739,0.0,10
ENSG00000160886,0.46815172,1.3258849,10
ENSG00000105281_2,1.7230151,2.986004,10
ENSG00000249859,1.927227,0.0,10
ENSG00000099625,1.6123383,1.711824,10
ENSG00000105649,2.3148997,2.3197637,10
ENSG00000133874,1.8302419,2.4036865,10
ENSG00000270164_2,1.127286,1.7552649,10
ENSG00000286701,0.15772054,0.0,10
ENSG00000221946,0.9528578,1.432809,10
ENSG00000188171,0.46535242,1.4847836,10
ENSG00000031823,2.6400516,2.6970453,10
ENSG00000105176_1,2.1914022,2.7802453,10
ENSG00000156469,2.518433,2.5115852,10
ENSG00000070756_2,0.18306908,0.0,10
ENSG00000022556,0.48452577,0.0,10
ENSG00000130758,2.283097,1.5735446,10
ENSG00000253554,0.13585085,0.0,10
ENSG00000156482,2.2541788,4.054337,10
ENSG00000104936_1,0.47753248,1.0557222,10
ENSG00000104435,0.3642297,0.0,10
ENSG00000188778,0.37332824,1.0494119,10
ENSG00000130811,2.1052415,3.4535325,10
ENSG00000167815,0.29402688,1.1648879,10
ENSG00000105258_1,2.5839689,3.017701,10
ENSG00000188051,0.97191334,1.9904677,10
ENSG00000164953_1,0.18299212,0.0,10
ENSG00000267530,0.23664725,0.0,10
ENSG00000131203,0.1374369,0.0,10
ENSG00000254402,1.5204008,1.1609784,10
ENSG00000186526,0.18582651,0.0,10
ENSG00000164830_4,0.49267635,0.0,10
ENSG00000064547_1,1.6517322,2.1978867,10
ENSG00000229140_1,0.095522076,0.0,10
ENSG00000155792,1.3479543,1.6397852,10
ENSG00000125657,2.8315125,3.0709684,10
ENSG00000104881,0.89693254,0.0,10
ENSG00000099875,2.6925023,2.3760493,10
ENSG00000130812,2.3298836,1.4931093,10
ENSG00000072071,1.4805778,1.2872641,10
ENSG00000167614,1.3353078,1.4588342,10
ENSG00000267710,0.17932633,0.0,10
ENSG00000197714,2.8802307,2.2786622,10
ENSG00000129696,1.9721465,2.2539604,10
ENSG00000267041,2.1744187,1.9628427,10
ENSG00000196357_1,2.5692518,1.951726,10
ENSG00000105048_1,0.22919056,0.68477356,10
ENSG00000158941,2.5556896,2.9145532,10
ENSG00000147642,0.23728319,0.0,10
ENSG00000105135,2.3000343,1.827886,10
ENSG00000132016,2.0120323,0.0,10
ENSG00000179832,2.332792,2.0079226,10
ENSG00000161640,0.5150191,0.0,10
ENSG00000083307,0.8909387,1.3066823,10
ENSG00000142556,2.3253977,1.7660706,10
ENSG00000126243_1,1.2504468,1.3045552,10
ENSG00000183019,0.31168383,0.0,10
ENSG00000141968,2.490289,2.5879433,10
ENSG00000197020,1.9284651,2.474123,10
ENSG00000198129,0.11053467,0.0,10
ENSG00000130544,2.7057393,2.302872,10
ENSG00000205186,0.119752154,0.0,10
ENSG00000253764,0.7526483,1.0544598,10
ENSG00000253853,0.32311413,0.0,10
ENSG00000105058,2.0331233,3.1204488,10
ENSG00000253408,2.0313857,0.0,10
ENSG00000160229,1.9035475,2.422854,10
ENSG00000248099,0.5904893,1.1950135,10
ENSG00000168575_4,2.5178945,2.777963,10
ENSG00000178904,2.662351,2.1701736,10
ENSG00000120915,1.6102599,2.6973505,10
ENSG00000167613_1,0.26387465,0.0,10
ENSG00000198466,2.1429296,2.0046954,10
ENSG00000105429,2.1893785,1.8514112,10
ENSG00000127220,1.7652137,0.0,10
ENSG00000245080,1.3877091,0.93841964,10
ENSG00000104872,2.2165601,2.605585,10
ENSG00000120925_1,2.213231,2.6709135,10
ENSG00000147457_1,2.589676,2.0614412,10
ENSG00000183617,2.4483697,2.2072842,10
ENSG00000133246,0.52624005,0.92675906,10
ENSG00000159917,1.2817644,1.9297764,10
ENSG00000105676_1,2.3802612,1.7068458,10
ENSG00000010361_1,2.0303628,1.3292148,10
ENSG00000168495,2.4992557,2.625878,10
ENSG00000157168_2,1.4297533,1.12827,10
ENSG00000078668_1,0.20332533,0.0,10
ENSG00000168619,0.36853945,0.0,10
ENSG00000184162,1.6212801,1.7972267,10
ENSG00000213889,1.1126851,1.1812546,10
ENSG00000142408,0.9219505,1.3346145,10
ENSG00000089356,0.2286006,0.0,10
ENSG00000090674,1.7202715,1.8350389,10
ENSG00000205209,1.6761129,0.0,10
ENSG00000126934,0.46709427,0.0,10
ENSG00000003989,1.4842143,1.4405313,10
ENSG00000130528,0.4378532,0.86911434,10
ENSG00000261824_1,2.0225859,2.3715482,10
ENSG00000076944_1,0.9807139,1.316308,10
ENSG00000201966,0.093803465,0.0,10
ENSG00000104450_2,1.9030704,1.9235083,10
ENSG00000131408_1,1.6254396,1.431219,10
ENSG00000156675,1.9871435,2.614239,10
ENSG00000117877,2.054617,2.2419548,10
ENSG00000104885_1,2.452956,2.0630143,10
ENSG00000182087,2.8401082,2.9476836,10
ENSG00000269235,0.28747305,0.0,10
ENSG00000179698,0.78078395,0.0,10
ENSG00000142252,2.4531157,2.3935192,10
ENSG00000287301,0.36430994,0.0,10
ENSG00000251136,1.9329388,0.0,10
ENSG00000130726,2.5019085,2.9851992,10
ENSG00000267470,0.7685631,0.0,10
ENSG00000185730,2.198015,0.0,10
ENSG00000160953,2.0769777,2.1458766,10
ENSG00000172728_1,2.3304229,2.2084198,10
ENSG00000167615,2.909804,2.9268363,10
ENSG00000167459_1,0.12655571,0.0,10
ENSG00000167634,0.13883081,0.5180794,10
ENSG00000006638,1.0525395,1.3101833,10
ENSG00000176853,2.3404043,2.680602,10
ENSG00000243130,0.24585977,0.0,10
ENSG00000141934,1.1841931,1.0108509,10
ENSG00000178150,0.28126237,0.0,10
ENSG00000090006_5,1.0524627,1.1658672,10
ENSG00000105205,0.182711,0.0,10
ENSG00000267879,0.21069261,0.8494194,10
ENSG00000293495_1,2.536094,3.020469,10
ENSG00000213015_1,2.2012117,2.6432197,10
ENSG00000178287,0.0957706,0.0,10
ENSG00000176406_2,0.12148349,0.80265063,10
ENSG00000104880_1,2.2755916,2.1838646,10
ENSG00000269416,0.51692003,1.1303982,10
ENSG00000083814,2.108062,2.083911,10
ENSG00000130726_1,2.8759599,2.9859786,10
ENSG00000235173,2.3638546,2.169786,10
ENSG00000176533,1.8169627,1.685585,10
ENSG00000256229,0.73463005,0.0,10
ENSG00000105221,0.39438623,1.0123014,10
ENSG00000142347_1,0.467934,0.0,10
ENSG00000164733_1,0.19370493,0.940068,10
ENSG00000187116,0.23088673,0.0,10
ENSG00000104213,0.9781356,0.95455605,10
ENSG00000196150_1,2.15084,1.592521,10
ENSG00000205038,0.5987486,1.5975525,10
ENSG00000248538,1.045758,0.0,10
ENSG00000126254,2.5209959,2.6273627,10
ENSG00000202360,0.86519784,0.0,10
ENSG00000167384,2.3291714,2.2560558,10
ENSG00000170873_1,1.4778836,0.0,10
ENSG00000169139,2.4147904,3.141779,10
ENSG00000214248,2.4690316,1.2249835,10
ENSG00000291177,2.3743165,2.1941895,10
ENSG00000141867_1,2.4519653,1.7059321,10
ENSG00000168522_1,2.7678854,2.1676717,10
ENSG00000104783,2.0671902,2.8886309,10
ENSG00000160959,2.2803469,1.8717772,10
ENSG00000136573,2.0552323,2.713204,10
ENSG00000177257,0.12245551,0.0,10
ENSG00000062822,2.412786,2.591671,10
ENSG00000142396,2.5306313,0.0,10
ENSG00000128011,1.4528859,1.5361164,10
ENSG00000105327,2.48383,2.3740551,10
ENSG00000164684_1,0.35375878,1.0338619,10
ENSG00000180043,0.23467769,0.0,10
ENSG00000105538,0.26676607,0.0,10
ENSG00000104312,2.4998908,2.9340792,10
ENSG00000105229,2.3691313,2.2720158,10
ENSG00000179526_1,2.3174515,1.9412181,10
ENSG00000099864_2,0.21384612,0.0,10
ENSG00000088247,1.9976648,0.0,10
ENSG00000129991,0.7300708,1.5747048,10
ENSG00000142552,0.8674838,0.914819,10
ENSG00000129451_2,0.1385765,0.5747487,10
ENSG00000104221,2.093456,2.2765653,10
ENSG00000241852,1.5247717,1.3462747,10
ENSG00000160352,1.720582,0.0,10
ENSG00000077782_1,1.2725384,1.2789822,10
ENSG00000198791_1,2.411039,3.0226016,10
ENSG00000104763,2.4327319,2.8941255,10
ENSG00000164938,2.1418366,2.157807,10
ENSG00000183808,2.5377834,2.6575816,10
ENSG00000213762,1.8032479,2.0621154,10
ENSG00000129991_1,0.5906708,0.50048345,10
ENSG00000130202,1.153088,1.4757844,10
ENSG00000197181,0.5436914,1.0245677,10
ENSG00000064490,2.5112164,1.809724,10
ENSG00000104835,2.8596761,2.4145856,10
ENSG00000142347,0.19840628,0.0,10
ENSG00000181790,1.5544186,1.9255854,10
ENSG00000253339_1,0.14121851,0.0,10
ENSG00000147465,0.88440293,1.4607956,10
ENSG00000196235,2.5742521,0.0,10
ENSG00000254087,2.5722134,3.1450286,10
ENSG00000029534_3,0.85887736,1.3645698,10
ENSG00000225885,1.1725929,0.0,10
ENSG00000158815,0.51605076,0.9400979,10
ENSG00000279619,0.42728865,0.6414741,10
ENSG00000104921,2.2611494,3.3144045,10
ENSG00000099622,2.4567707,1.4005034,10
ENSG00000003987,1.2601936,1.0494119,10
ENSG00000083307_1,0.5880633,0.0,10
ENSG00000189114,2.1222436,2.1575687,10
ENSG00000167749,0.55564797,0.0,10
ENSG00000205038_1,1.5020446,0.0,10
ENSG00000252067,0.13149641,0.0,10
ENSG00000253972,0.0971089,0.0,10
ENSG00000167604,1.6709003,0.0,10
ENSG00000038945,0.107295394,0.0,10
ENSG00000267339_1,0.10101649,0.0,10
ENSG00000164919,2.0823421,3.7274373,10
ENSG00000159882,1.9404681,1.7115254,10
ENSG00000105438,1.7409697,1.3449422,10
ENSG00000213015,2.366265,2.1860263,10
ENSG00000105700,2.5678303,3.2312734,10
ENSG00000104756,2.195153,1.9835857,10
ENSG00000169490_1,2.6569142,2.49764,10
ENSG00000199985,0.08836219,0.0,10
ENSG00000268081,0.35723245,1.0952531,10
ENSG00000167646_1,0.66627413,1.187673,10
ENSG00000104980,2.5462432,2.8976617,10
ENSG00000104375_1,0.7438031,0.0,10
ENSG00000171777,0.5990801,0.0,10
ENSG00000069399,1.622169,1.7709771,10
ENSG00000198363_2,0.11016677,0.0,10
ENSG00000271171,0.94589573,1.0532322,10
ENSG00000147586_1,2.4299457,1.3919579,10
ENSG00000125733_1,2.0232818,1.1303982,10
ENSG00000099797_1,0.8130155,1.2316225,10
ENSG00000182141,2.038532,0.0,10
ENSG00000130208_1,0.30639574,0.35789675,10
ENSG00000243207,3.0440376,2.675595,10
ENSG00000180061,0.30613506,0.0,10
ENSG00000261824,1.2620794,1.8064717,10
ENSG00000105617,2.8870118,2.300839,10
ENSG00000261526,2.5405452,2.0140374,10
ENSG00000183709,0.23840132,0.6605619,10
ENSG00000254008,0.73827916,1.0894812,10
ENSG00000125651,2.5156364,3.276795,10
ENSG00000130227_1,0.14553621,0.0,10
ENSG00000147548,2.4964187,2.5267913,10
ENSG00000169169_1,0.20901604,0.8245814,10
ENSG00000105549,0.40056267,0.9351393,10
ENSG00000029534_4,1.5709381,1.1142772,10
ENSG00000130382,0.4089859,0.0,10
ENSG00000131849,2.0285823,1.1923165,10
ENSG00000104856,2.5281122,2.3905466,10
ENSG00000105605,1.203918,1.4296069,10
ENSG00000180884,1.5369248,1.5328817,10
ENSG00000105323_1,3.261195,3.3229136,10
ENSG00000198003,1.7415686,0.0,10
ENSG00000246089,1.998332,1.3312653,10
ENSG00000170892_1,2.704375,1.6526524,10
ENSG00000127533,1.7708175,1.3312268,10
ENSG00000104888,0.22581379,0.0,10
ENSG00000126264,0.95311373,0.0,10
ENSG00000267605,0.5849351,0.65742016,10
ENSG00000157168_1,1.3443799,1.6592505,10
ENSG00000129422_1,0.37105006,0.0,10
ENSG00000185361,2.332085,1.623394,10
ENSG00000131126,0.23925117,0.0,10
ENSG00000130725,2.8975892,2.628348,10
ENSG00000236144,2.390089,0.0,10
ENSG00000142230,2.6873875,2.8756566,10
ENSG00000167468_1,1.1961683,1.8004009,10
ENSG00000267213,2.6658742,1.7101512,10
ENSG00000261236,2.3262615,2.9625084,10
ENSG00000222501,0.17361584,4.8369756,10
ENSG00000254251_1,0.13259296,0.0,10
ENSG00000105323_2,2.3286333,2.477541,10
ENSG00000197140,0.7624597,0.0,10
ENSG00000104613,2.402988,2.652199,10
ENSG00000167701,0.5127754,1.1261638,10
ENSG00000105550,0.15640518,0.0,10
ENSG00000185728,2.6148274,2.7993999,10
ENSG00000105127,2.6786218,2.5921767,10
ENSG00000233527,2.2496412,2.4173455,10
ENSG00000198633,0.393693,0.0,10
ENSG00000199631,1.2698194,1.6928998,10
ENSG00000167460_5,0.24428707,0.0,10
ENSG00000104313,0.09603234,0.0,10
ENSG00000290606,0.115806475,0.0,10
ENSG00000047249,2.5064905,2.279037,10
ENSG00000120903,0.20329195,0.0,10
ENSG00000167625,2.4627202,2.3160334,10
ENSG00000105254,2.5905392,2.8976107,10
ENSG00000005007,2.4504225,2.8522177,10
ENSG00000227392,0.5526069,0.0,10
ENSG00000226763,0.2913388,1.1131843,10
ENSG00000147604,1.9668031,2.691307,10
ENSG00000253702,0.17737822,0.0,10
ENSG00000291080,2.0204568,1.6526331,10
ENSG00000196961,2.6320693,2.694298,10
ENSG00000269190,1.2094835,2.0112574,10
ENSG00000130208,0.23051994,0.6877251,10
ENSG00000126247_2,1.7829807,0.0,10
ENSG00000104687,2.2523465,2.9012992,10
ENSG00000134830,0.16337344,0.0,10
ENSG00000161558_1,2.9453273,2.1689303,10
ENSG00000104833_1,1.2484454,1.7629111,10
ENSG00000121410_1,0.25179276,0.0,10
ENSG00000105219,0.47531188,1.1109935,10
ENSG00000134020,0.21668717,0.0,10
ENSG00000269439_1,2.8254623,2.7755594,10
ENSG00000278129,2.412658,2.0164943,10
ENSG00000147676,1.4917858,1.9246927,10
ENSG00000167232,0.2206581,0.0,10
ENSG00000275342,2.1309788,2.525045,10
ENSG00000184661_1,0.22974467,0.0,10
ENSG00000123144,2.7380772,3.2156982,10
ENSG00000154589,1.4617474,1.3306978,10
ENSG00000184661,2.7265084,2.7719328,10
ENSG00000123815,1.9434059,1.6294911,10
ENSG00000189001,0.21105295,0.0,10
ENSG00000104870,0.34487087,0.8412969,10
ENSG00000121022_2,0.19856814,0.0,10
ENSG00000127666,2.4386332,2.9838648,10
ENSG00000104331,1.6613464,2.6614208,10
ENSG00000164871,0.100069165,0.0,10
ENSG00000130751_1,0.2534862,0.0,10
ENSG00000228862,1.1266477,1.0668476,10
ENSG00000129422_5,0.08413671,0.0,10
ENSG00000266903,0.59426343,0.79588,10
ENSG00000147457,0.32449093,0.0,10
ENSG00000126457,2.7977002,3.2518935,10
ENSG00000201782,0.17581049,0.0,10
ENSG00000142409,2.5285032,2.4556365,10
ENSG00000087903,0.20947477,0.7425445,10
ENSG00000226807,0.32090747,0.0,10
ENSG00000104941,0.511541,0.7214726,10
ENSG00000186017,2.6056416,1.8278924,10
ENSG00000105143_1,1.1942234,1.624086,10
ENSG00000130513_2,0.62599826,2.2735777,10
ENSG00000064932_1,0.44755116,1.0150243,10
ENSG00000155097,2.5026162,2.5791671,10
ENSG00000197540,0.5338667,0.75531065,10
ENSG00000183665,1.99509,1.9177129,10
ENSG00000155087,0.24183705,0.0,10
ENSG00000285982,0.39166632,1.6554458,10
ENSG00000178982,2.7314527,3.4049773,10
ENSG00000178814_1,1.0955071,1.2349726,10
ENSG00000062370,0.41068354,0.9060655,10
ENSG00000167470_1,2.417722,2.8124661,10
ENSG00000127507_1,0.21936041,0.92337877,10
ENSG00000291235,0.28365275,0.0,10
ENSG00000253161_1,0.12270254,0.0,10
ENSG00000147677,1.9547437,0.0,10
ENSG00000131401,2.0282948,3.3604817,10
ENSG00000104324,1.3548186,1.2040548,10
ENSG00000182315,0.16678864,0.0,10
ENSG00000152433,2.410927,0.0,10
ENSG00000164761,1.2604204,2.1382902,10
ENSG00000196214,2.5291476,2.3956113,10
ENSG00000179526,2.363117,2.0703557,10
ENSG00000258405,0.563086,0.0,10
ENSG00000293171,1.3168039,0.0,10
ENSG00000063177,0.6135154,0.0,10
ENSG00000254377_4,0.5217549,0.7819707,10
ENSG00000267277,2.4948945,1.8119167,10
ENSG00000288041,0.15386769,0.0,10
ENSG00000181588,1.6652036,2.1222813,10
ENSG00000105402_1,0.6180878,0.895312,10
ENSG00000156011_3,0.24842888,0.0,10
ENSG00000156170,1.5521877,1.1687626,10
ENSG00000104974,0.22194055,0.97617567,10
ENSG00000188039,0.5789383,0.0,10
ENSG00000147606_1,0.13341667,0.0,10
ENSG00000065000,2.846893,2.8548112,10
ENSG00000124444_1,2.533478,2.2161343,10
ENSG00000125746_1,1.662592,2.231816,10
ENSG00000008441_1,0.21637952,0.0,10
ENSG00000261787,1.1266626,1.4762982,10
ENSG00000105507,0.37783995,0.0,10
ENSG00000201675,1.6017544,1.847992,10
ENSG00000168615,2.655347,2.3462884,10
ENSG00000136982,1.9772196,2.621014,10
ENSG00000142546_1,1.7974762,2.5817244,10
ENSG00000169436,0.4648911,0.8880109,10
ENSG00000186106,2.1165144,2.5515232,10
ENSG00000141994,2.504369,2.466001,10
ENSG00000257704,2.2986424,2.312685,10
ENSG00000196081,1.990294,2.4589565,10
ENSG00000171425,2.174207,2.3217785,10
ENSG00000124469,0.23496114,0.4479081,10
ENSG00000287952,2.2487092,3.73707,10
ENSG00000171747,0.47432992,1.408469,10
ENSG00000051128_1,0.37542662,0.0,10
ENSG00000272333,2.5328891,2.4558098,10
ENSG00000104695,1.8869145,2.1178014,10
ENSG00000104760_1,0.24753043,0.0,10
ENSG00000292979,2.516215,2.1372876,10
ENSG00000105619_1,2.3031046,2.2902572,10
ENSG00000266559,2.3026664,1.2952812,10
ENSG00000197782,2.0959036,2.1953905,10
ENSG00000168522,2.7497866,2.8684094,10
ENSG00000104643,2.4051473,1.9761298,10
ENSG00000079102_1,0.3598033,0.8494194,10
ENSG00000105278,1.2939765,1.3539547,10
ENSG00000184428,1.3097476,2.23262,10
ENSG00000267260,1.8724442,1.0975107,10
ENSG00000160410_2,0.4217541,0.0,10
ENSG00000164808_1,0.35750595,0.0,10
ENSG00000269086,0.93117696,0.8787515,10
ENSG00000104957_1,2.565891,0.0,10
ENSG00000153885,1.5022523,1.4129307,10
ENSG00000104375_2,0.39219016,0.0,10
ENSG00000095932_1,0.5402462,0.9006948,10
ENSG00000253729_2,2.263552,3.2790072,10
ENSG00000129295,0.6356437,0.75273967,10
ENSG00000104804,0.30375,0.0,10
ENSG00000105131,0.9093227,1.7976483,10
ENSG00000064313,1.9066646,2.695892,10
ENSG00000105143,1.4453635,1.6882418,10
ENSG00000105258,2.3957312,2.6031108,10
ENSG00000255491_2,0.14736426,0.0,10
ENSG00000105397,0.95035124,1.469925,10
ENSG00000127452,2.5523922,2.3727648,10
ENSG00000095066,1.4989586,0.0,10
ENSG00000253361,0.36295098,0.0,10
ENSG00000167460,0.2810707,0.0,10
ENSG00000167772,0.9520223,1.7687713,10
ENSG00000268460,0.15749642,0.0,10
ENSG00000137573_2,0.1033054,0.0,10
ENSG00000223547,1.7573429,1.0859823,10
ENSG00000104517,2.7013857,2.950579,10
ENSG00000160460_2,1.057445,0.0,10
ENSG00000196415,0.20201601,0.70772344,10
ENSG00000125744_1,1.6022623,1.8266383,10
ENSG00000104299,2.2413988,0.0,10
ENSG00000141837_3,0.24989039,0.59697074,10
ENSG00000164741_1,1.0720985,1.0299152,10
ENSG00000147408_4,0.24173845,1.1668148,10
ENSG00000287296,2.3728492,0.8554707,10
ENSG00000105520,0.9450037,1.3178335,10
ENSG00000187840,2.22502,2.4797537,10
ENSG00000269054,2.3582222,1.5362301,10
ENSG00000105341,1.9476221,0.0,10
ENSG00000011243_1,2.6003044,2.714608,10
ENSG00000177599,1.4652904,0.84738755,10
ENSG00000060566,0.36199325,1.9019077,10
ENSG00000131142,0.68960017,0.0,10
ENSG00000291231_1,0.19554949,1.0272517,10
ENSG00000253824,0.34948418,0.0,10
ENSG00000023287,2.4210167,2.1009355,10
ENSG00000183401_1,2.3213964,1.9303019,10
ENSG00000186562,0.08698368,0.0,10
ENSG00000253665,0.111696646,0.0,10
ENSG00000277586,1.0061816,1.7435803,10
ENSG00000095059,2.6700165,2.7496645,10
ENSG00000164683,0.17780033,0.60405314,10
ENSG00000166398_1,0.26011622,0.0,10
ENSG00000198028,0.21513885,0.0,10
ENSG00000147654_2,1.3480337,0.0,10
ENSG00000142459,2.1497443,1.699725,10
ENSG00000182986,0.15869802,0.0,10
ENSG00000196263,0.94843704,1.3907338,10
ENSG00000130816_1,2.7159445,3.2875264,10
ENSG00000174951,1.1151794,0.0,10
ENSG00000167470,2.0703924,2.0669742,10
ENSG00000267673_1,1.0396237,2.3476422,10
ENSG00000245680,1.2524009,0.0,10
ENSG00000170786,0.9643063,1.0777311,10
ENSG00000246263,2.9091766,1.8710531,10
ENSG00000156413,0.26304978,0.0,10
ENSG00000090013,2.363999,0.0,10
ENSG00000168661,1.2707192,1.5520717,10
ENSG00000174886,2.7332146,0.0,10
ENSG00000141867,0.24111024,0.0,10
ENSG00000213023,0.89993083,0.0,10
ENSG00000011590_1,1.85853,2.784988,10
ENSG00000104969,2.5738564,2.8907316,10
ENSG00000129347,2.6739218,2.6372294,10
ENSG00000221826,0.21773191,0.5392016,10
ENSG00000142025,0.5151586,0.9096095,10
ENSG00000039650,2.0296383,0.0,10
ENSG00000293438,2.1494486,1.1397847,10
ENSG00000142002,0.3392063,0.8181137,10
ENSG00000178538,1.1102867,1.4833233,10
ENSG00000006712,3.0119827,2.8065937,10
ENSG00000184428_1,1.1398532,0.9200189,10
ENSG00000172232,0.61938924,0.89348435,10
ENSG00000147437,0.19878441,0.0,10
ENSG00000142453,2.4425337,3.1698124,10
ENSG00000185761,1.0873411,0.0,10
ENSG00000165392_1,0.09205513,0.559308,10
ENSG00000040341_2,1.6056377,1.8964105,10
ENSG00000172687,1.8734019,2.4199228,10
ENSG00000133275_1,1.7670264,1.2945764,10
ENSG00000115255,1.7016706,1.1940979,10
ENSG00000167912,1.2744293,1.4156243,10
ENSG00000105357,0.15128317,0.0,10
ENSG00000232098,2.350199,1.5918323,10
ENSG00000168546_1,1.2011032,0.0,10
ENSG00000261150,1.4570482,1.118645,10
ENSG00000063244_1,2.9305189,2.5744364,10
ENSG00000167460_2,2.896287,3.724493,10
ENSG00000105339,2.4867954,2.6125147,10
ENSG00000253301,0.7393638,0.0,10
ENSG00000156804,1.4378799,1.252853,10
ENSG00000012061_1,2.6681602,2.734599,10
ENSG00000131943,2.4190578,2.1647513,10
ENSG00000008513,0.26932794,0.94333124,10
ENSG00000130545_1,0.70096487,1.2179837,10
ENSG00000253457,0.16557181,0.0,10
ENSG00000161281,0.3970898,0.0,10
ENSG00000165071,0.19361642,0.0,10
ENSG00000171291,1.2736063,0.0,10
ENSG00000198258,1.9519495,3.0157118,10
ENSG00000268480_1,0.4027432,1.2981541,10
ENSG00000042753,0.54193765,0.58604693,10
ENSG00000099783,2.6658053,3.7399676,10
ENSG00000293175,1.9516222,1.3595129,10
ENSG00000104886,2.67235,2.3616352,10
ENSG00000196214_1,0.21070033,0.0,10
ENSG00000105552_1,2.1274972,2.6511579,10
ENSG00000130299,1.6329055,0.88982254,10
ENSG00000173281_1,1.2252804,1.0531937,10
ENSG00000123143,1.9270408,2.409057,10
ENSG00000099341,2.7432594,3.5277872,10
ENSG00000175895,2.538049,2.7263033,10
ENSG00000099622_1,2.7131855,3.4108987,10
ENSG00000104313_3,1.3052948,0.99960893,10
ENSG00000228300,2.8023348,3.0504959,10
ENSG00000184672_3,0.09727368,0.0,10
ENSG00000253161_2,0.17241962,0.0,10
ENSG00000155100,2.4696589,2.5568137,10
ENSG00000124444,2.6720884,2.3285222,10
ENSG00000090339,2.37344,3.522486,10
ENSG00000090971,1.7253202,1.730233,10
ENSG00000186918,1.7888559,2.3791242,10
ENSG00000087903_1,1.9588618,1.6654637,10
ENSG00000290988,0.734875,1.025879,10
ENSG00000161652,0.7456991,0.9592895,10
ENSG00000165046_3,0.28623995,0.0,10
ENSG00000064932_3,2.1803029,2.6750953,10
ENSG00000221914_2,0.62441355,0.0,10
ENSG00000184489,2.2352746,2.0753133,10
ENSG00000181007,1.9337765,1.658883,10
ENSG00000231412,0.25503397,0.0,10
ENSG00000063244,2.914127,2.3408267,10
ENSG00000161298,2.0733857,1.5394776,10
ENSG00000164758,1.9809694,1.5943892,10
ENSG00000196337,0.6719238,0.90605474,10
ENSG00000131400,1.1686819,0.0,10
ENSG00000269696,1.2390051,1.0443045,10
ENSG00000269091,0.86271805,0.9182401,10
ENSG00000118162,2.4323857,1.5958267,10
ENSG00000179820_1,0.67451274,1.4532877,10
ENSG00000184635,1.929795,1.972499,10
ENSG00000147649_1,0.13939777,0.0,10
ENSG00000137547,1.9243543,0.0,10
ENSG00000130255,2.642341,3.8876865,10
ENSG00000126934_1,2.305671,3.2166197,10
ENSG00000168495_1,2.021161,0.0,10
ENSG00000130332,2.468928,0.0,10
ENSG00000161091_1,1.0666249,1.0569811,10
ENSG00000181894,1.2333214,1.8135142,10
ENSG00000253893_2,0.31336907,0.0,10
ENSG00000284491,1.8310227,1.5282815,10
ENSG00000007129_1,0.4364241,0.0,10
ENSG00000289037,2.0731347,1.5647016,10
ENSG00000137561,1.3675332,1.7082679,10
ENSG00000105248,2.3300462,2.6195545,10
ENSG00000175305,1.5802841,2.1187177,10
ENSG00000147684,2.315231,3.452752,10
ENSG00000267308,0.22436608,0.0,10
ENSG00000167671_2,1.7787144,2.2460995,10
ENSG00000179041,2.1487162,3.1064358,10
ENSG00000104267,1.4990988,1.3184807,10
ENSG00000130158,1.4385855,1.5611134,10
ENSG00000198521_1,0.72169083,0.992421,10
ENSG00000123136,2.7179935,1.3417708,10
ENSG00000126261,2.3547862,3.2817717,10
ENSG00000130173,0.24985036,0.58964807,10
ENSG00000251247,1.5845996,1.4795321,10
ENSG00000166770,0.63920116,1.0619423,10
ENSG00000180448_1,2.4226263,2.287421,10
ENSG00000167459,0.14195007,0.0,10
ENSG00000147421,2.4894364,2.5096111,10
ENSG00000160972,1.604953,1.9324585,10
ENSG00000142549,1.2014356,1.5758227,10
ENSG00000167613,0.30169338,0.0,10
ENSG00000182307,2.2673476,2.6523712,10
ENSG00000147576,1.5241082,1.2821167,10
ENSG00000245848,1.6152253,1.3856242,10
ENSG00000147443,1.3935847,0.0,10
ENSG00000099308,2.1174219,2.1526766,10
ENSG00000099783_1,0.21047741,0.0,10
ENSG00000182013,1.2378607,1.5858779,10
ENSG00000104408,2.226071,3.9508805,10
ENSG00000104537_1,0.08400205,0.0,10
ENSG00000104866_1,2.6698954,2.1944616,10
ENSG00000127616,2.679734,3.104009,10
ENSG00000155926_1,0.1855883,0.0,10
ENSG00000180938,0.58056927,0.0,10
ENSG00000181638,1.4590139,1.7830527,10
ENSG00000236814,0.2142896,0.0,10
ENSG00000132005,2.2782753,2.3883178,10
ENSG00000186526_1,0.24864148,0.41629094,10
ENSG00000268001,1.6982167,2.5499713,10
ENSG00000213020,1.9416033,2.3252242,10
ENSG00000129991_2,0.15723392,0.5267398,10
ENSG00000104765,2.3889687,3.1764472,10
ENSG00000042980,0.21321967,0.0,10
ENSG00000213999_1,2.3110802,2.2727232,10
ENSG00000170881,3.147555,2.300465,10
ENSG00000283959_1,2.2913356,0.0,10
ENSG00000253696,0.14742741,0.0,10
ENSG00000186020_1,2.055189,1.3920107,10
ENSG00000090661,2.252156,2.5097132,10
ENSG00000142303,1.2027552,1.6440021,10
ENSG00000157110_1,0.11144622,0.0,10
ENSG00000246662,1.5480926,1.4998795,10
ENSG00000090372,2.1673682,2.5126045,10
ENSG00000029534_1,0.63979447,0.9776779,10
ENSG00000123146_2,2.2641976,3.0116677,10
ENSG00000006659,1.1868161,1.4627572,10
ENSG00000253267,0.09928703,0.0,10
ENSG00000127507,0.9411753,1.4488454,10
ENSG00000104938,0.2529215,0.58232474,10
ENSG00000035681_2,2.4816096,2.367654,10
ENSG00000268516,2.4144795,1.9491118,10
ENSG00000147655,0.6142245,1.2332754,10
ENSG00000170791,2.4132884,2.962519,10
ENSG00000169021,2.1752996,3.3047123,10
ENSG00000179168,0.5860966,0.88058496,10
ENSG00000040341,0.08147158,0.0,10
ENSG00000154319,2.2180939,1.9492778,10
ENSG00000171119,1.4427354,1.4709835,10
ENSG00000141965,2.9139621,2.1611223,10
ENSG00000229140,0.10014753,0.0,10
ENSG00000142546,0.34690487,0.0,10
ENSG00000212473,0.15366508,0.0,10
ENSG00000104972,0.39089713,0.0,10
ENSG00000164684,1.4808376,1.8367164,10
ENSG00000234616,2.1820114,2.2189555,10
ENSG00000104679,1.7596822,2.1575656,10
ENSG00000288596,2.1780019,1.6217619,10
ENSG00000176571,0.11557567,0.0,10
ENSG00000254092,0.18335114,0.0,10
ENSG00000290722,0.09800659,0.0,10
ENSG00000125735,2.2940633,2.6993477,10
ENSG00000007264,1.360301,1.3164107,10
ENSG00000010310,2.3285816,2.0647237,10
ENSG00000164933,2.8751924,2.9104698,10
ENSG00000256087_1,1.3699133,0.0,10
ENSG00000063176_1,0.4109247,0.0,10
ENSG00000121413_1,1.1432579,1.2988749,10
ENSG00000257446,1.7398316,1.9132097,10
ENSG00000064490_1,2.2516253,2.5913217,10
ENSG00000267106,2.2964592,1.7008767,10
ENSG00000130165,2.3611977,2.8096418,10
ENSG00000166770_1,0.47276166,0.87297744,10
ENSG00000165046_2,1.229763,0.0,10
ENSG00000104998,2.3172772,3.1569004,10
ENSG00000131398,2.0867116,0.85545856,10
ENSG00000126461,2.77622,2.5505304,10
ENSG00000147454,2.261119,2.6318576,10
ENSG00000066855,2.2955868,2.3879626,10
ENSG00000099840,2.3066063,2.248929,10
ENSG00000147488,0.12532353,0.0,10
ENSG00000164751_1,2.7499564,2.7999501,10
ENSG00000239382,2.0933595,2.2529185,10
ENSG00000164924,1.9782667,1.5283381,10
ENSG00000029534_2,0.22413087,0.0,10
ENSG00000161860,1.883563,1.2004128,10
ENSG00000104953,2.0480769,1.8702575,10
ENSG00000219665,2.0502524,0.0,10
ENSG00000253230_3,1.2856507,0.97011435,10
ENSG00000147439,2.260563,2.5383675,10
ENSG00000155975,2.4289656,2.6398847,10
ENSG00000181894_1,1.3115748,1.130366,10
ENSG00000105053,2.5328343,0.60762656,10
ENSG00000104419_1,0.10883795,0.0,10
ENSG00000105722,2.1397898,2.0045364,10
ENSG00000133742_1,0.120672554,0.704948,10
ENSG00000254277,0.10230783,0.0,10
ENSG00000253877,0.091704845,0.82241654,10
ENSG00000105698_1,2.131442,1.790067,10
ENSG00000179943,2.6474812,2.063386,10
ENSG00000171827,1.7790203,1.7297155,10
ENSG00000277531,0.7607401,0.9024924,10
ENSG00000253868,2.4136772,0.855398,10
ENSG00000126456_1,2.2460182,1.8255495,10
ENSG00000063322,2.944986,2.6713655,10
ENSG00000197813,1.3818235,1.7331972,10
ENSG00000104343,2.3050764,2.2575874,10
ENSG00000147724_1,1.4853535,1.7264909,10
ENSG00000167632_1,0.38579074,1.0272313,10
ENSG00000028277,1.1549413,2.554965,10
ENSG00000253161,0.21844873,1.288761,10
ENSG00000269386,2.64422,1.5167732,10
ENSG00000179115,2.2559114,3.0832052,10
ENSG00000261824_2,2.208451,2.0144575,10
ENSG00000147419,2.1612613,2.8900642,10
ENSG00000105705,2.231749,2.4512243,10
ENSG00000147804_1,0.82885164,1.2623324,10
ENSG00000147408_1,0.1474092,0.0,10
ENSG00000249859_7,0.1742699,0.0,10
ENSG00000090006_3,1.4147005,1.83774,10
ENSG00000147416,2.1768942,2.714495,10
ENSG00000137573_1,0.697941,0.0,10
ENSG00000007306,0.17509969,0.71874243,10
ENSG00000176623,2.2551363,3.0275617,10
ENSG00000141905_2,2.207913,2.6599076,10
ENSG00000283103,2.3117874,1.9726517,10
ENSG00000105063,1.4047569,0.0,10
ENSG00000105755,1.3601327,0.0,10
ENSG00000105552,2.1505322,1.7601736,10
ENSG00000130511_1,2.1394575,2.107617,10
ENSG00000096996,1.7171166,2.0510328,10
ENSG00000170954,0.22045442,0.0,10
ENSG00000104951,2.4895065,3.1592934,10
ENSG00000156471,2.576451,3.1752305,10
ENSG00000253374,0.13105148,1.0150158,10
ENSG00000178935,2.0193303,1.9860817,10
ENSG00000176920,0.3292486,0.8309285,10
ENSG00000089351,0.25583315,0.0,10
ENSG00000255364,0.082344875,0.0,10
ENSG00000213563,1.5262847,1.871386,10
ENSG00000105607,2.161379,2.6417477,10
ENSG00000126246,2.305713,1.3918945,10
ENSG00000185869,1.6502663,0.0,10
ENSG00000181896,2.6339285,2.1715598,10
ENSG00000072954,2.2727768,1.9620756,10
ENSG00000197937,0.87333786,0.0,10
ENSG00000167461,2.7347085,3.471167,10
ENSG00000267454,1.7120311,0.0,10
ENSG00000131408,1.2257677,0.0,10
ENSG00000171970,2.2366352,1.9121939,10
ENSG00000176619_1,2.5487006,3.0287786,10
ENSG00000130881,1.5753314,1.6220481,10
ENSG00000104967,1.2549944,1.1132078,10
ENSG00000130813,2.2727897,2.656242,10
ENSG00000099812,0.5103115,0.86338234,10
ENSG00000120899_2,1.6641635,2.8402748,10
ENSG00000105655,1.2291737,1.5712545,10
ENSG00000105750,2.0064845,2.245695,10
ENSG00000161914,2.4157054,1.8722029,10
ENSG00000089847,2.4473798,0.0,10
ENSG00000264515,1.2238505,1.7323697,10
ENSG00000173581,1.9525931,2.276255,10
ENSG00000270164,0.34500238,0.0,10
ENSG00000205744,0.3640899,0.0,10
ENSG00000131408_2,2.506581,2.6384714,10
ENSG00000036448,0.16729054,0.93841964,10
ENSG00000133863,0.35729662,0.0,10
ENSG00000168333,0.23854172,0.0,10
ENSG00000120913_3,0.85629404,1.6258472,10
ENSG00000197841,2.3693717,1.7123466,10
ENSG00000160460_1,1.2998462,1.2798266,10
ENSG00000228300_1,2.6114929,0.0,10
ENSG00000078674_1,3.0489147,3.0267007,10
ENSG00000167604_1,2.207952,1.9989791,10
ENSG00000178229,2.4418018,2.1396303,10
ENSG00000198131,2.282358,2.4328442,10
ENSG00000188368,1.6586866,2.0960057,10
ENSG00000011422,1.2043462,0.79591477,10
ENSG00000257103,2.9274743,3.169745,10
ENSG00000156011_1,0.14337248,0.0,10
ENSG00000008513_1,2.2699568,2.3590534,10
ENSG00000115268,2.451732,2.9640026,10
ENSG00000104320,1.0960498,2.5205019,10
ENSG00000125505_1,2.5578804,2.2427301,10
ENSG00000188283,2.2205985,1.8576038,10
ENSG00000130159,2.0950153,2.5915098,10
ENSG00000105202,0.16840015,0.0,10
ENSG00000240247,0.10936086,0.0,10
ENSG00000130303,2.1468406,2.9192874,10
ENSG00000246145_1,1.4543777,0.0,10
ENSG00000175489,0.90905136,0.0,10
ENSG00000134028_1,0.12743905,0.0,10
ENSG00000248098,2.6783576,0.0,10
ENSG00000130313,2.7371926,2.6927059,10
ENSG00000132549,2.569841,2.1940174,10
ENSG00000104774_1,1.9564134,3.0373907,10
ENSG00000293314,2.2976067,1.575003,10
ENSG00000104892,0.8912142,1.2233038,10
ENSG00000179526_2,1.0589365,0.0,10
ENSG00000252179,0.07356048,0.0,10
ENSG00000105695,0.34176582,0.0,10
ENSG00000069399_1,2.38391,2.8881178,10
ENSG00000168481,1.4620625,1.3292961,10
ENSG00000142046_1,0.521029,1.1802262,10
ENSG00000204514,1.6176941,2.5658395,10
ENSG00000125648,2.349602,3.2679598,10
ENSG00000161888,2.3614028,0.0,10
ENSG00000198356,2.3326428,2.5774884,10
ENSG00000169499,2.090662,2.3810627,10
ENSG00000205138,2.5085094,2.412427,10
ENSG00000221983_1,2.6129327,3.4695938,10
ENSG00000168172,2.467025,2.4740996,10
ENSG00000253210,2.4478447,1.4995221,10
ENSG00000286113,2.0259073,0.99821573,10
ENSG00000286138,2.2316425,1.2708232,10
ENSG00000108107_1,2.3467886,2.596817,10
ENSG00000180448,2.3279147,2.6769953,10
ENSG00000186272,1.6634638,1.9001049,10
ENSG00000130520,2.7967987,2.9594574,10
ENSG00000286122,0.14453843,0.0,10
ENSG00000253314,0.11819954,0.0,10
ENSG00000164733,0.32838908,0.0,10
ENSG00000205002,1.0692229,1.6805984,10
ENSG00000133247,2.6225455,2.2223263,10
ENSG00000105642_1,1.1688894,1.4953222,10
ENSG00000254377,0.2978276,0.9318645,10
ENSG00000147471,2.4001937,2.773527,10
ENSG00000105281,1.3234729,1.586675,10
ENSG00000079313,0.6418084,0.0,10
ENSG00000164924_2,2.906896,3.6657038,10
ENSG00000142512,1.6007384,0.0,10
ENSG00000142039,2.5104525,2.5656354,10
ENSG00000196350,0.6640181,0.0,10
ENSG00000086967,0.66841084,1.4005708,10
ENSG00000182472,0.7467429,0.0,10
ENSG00000104205_1,1.8840041,1.6604481,10
ENSG00000105227,1.1577632,1.0705439,10
ENSG00000188039_1,0.32909447,1.0391364,10
ENSG00000104490,0.8321108,0.0,10
ENSG00000079459,0.13401859,0.0,10
ENSG00000246145,2.1234927,1.4200053,10
ENSG00000127445,2.4448493,2.6721506,10
ENSG00000205189,0.8700345,1.3559302,10
ENSG00000186579,0.11819801,0.0,10
ENSG00000116017,2.3925648,2.7485757,10
ENSG00000207166,0.60040534,0.0,10
ENSG00000240403,0.3453394,0.0,10
ENSG00000085788,2.503553,2.0580463,10
ENSG00000184374,0.09815098,0.0,10
ENSG00000196218,0.5290629,0.92844707,10
ENSG00000156787,1.786402,2.1055613,10
ENSG00000179820_3,0.6427892,0.0,10
ENSG00000172009,2.5252666,2.738656,10
ENSG00000127616_2,0.76256406,1.6971421,10
ENSG00000167700,2.4243064,1.8034639,10
ENSG00000283567,0.25958046,0.0,10
ENSG00000130204,2.75867,3.1462893,10
ENSG00000147654,2.7272613,2.4523997,10
ENSG00000086548,0.100514084,0.0,10
ENSG00000168300,0.14313424,0.0,10
ENSG00000105246,2.168543,3.9184194,10
ENSG00000153310_1,1.9661059,2.2698958,10
ENSG00000260428,1.4483249,1.5840937,10
ENSG00000253745,0.13863543,0.0,10
ENSG00000104691,2.1350884,1.8488109,10
ENSG00000196172,1.0627754,1.3988597,10
ENSG00000243772,0.31002995,0.0,10
ENSG00000008853_3,0.5897719,0.0,10
ENSG00000171903,0.25257397,0.0,10
ENSG00000007264_1,0.7991783,0.0,10
ENSG00000152439,2.1707106,1.8334085,10
ENSG00000076984,2.7049906,2.5263884,10
ENSG00000104660_1,2.2388206,1.0836459,10
ENSG00000147642_1,0.274942,0.0,10
ENSG00000105290,1.3259361,2.0887737,10
ENSG00000105443,2.3115911,2.406467,10
ENSG00000179873,0.13414717,0.72952116,10
ENSG00000130669_1,0.53228205,0.0,10
ENSG00000131845,1.6979316,1.6043903,10
ENSG00000105610,0.3649127,0.0,10
ENSG00000291086,2.1371481,2.077037,10
ENSG00000137575,1.8567206,2.5114315,10
ENSG00000172270_1,2.6320765,3.431838,10
ENSG00000167910,0.11871955,0.0,10
ENSG00000187650,2.331704,1.952119,10
ENSG00000079459_2,0.32117835,0.0,10
ENSG00000105171,2.5161846,2.7313952,10
ENSG00000167619,1.2678626,2.077346,10
ENSG00000131142_1,0.659355,0.0,10
ENSG00000176472_1,2.43769,0.0,10
ENSG00000158941_1,2.5321553,1.9822487,10
ENSG00000179909,0.71949166,0.0,10
ENSG00000130283,1.6410029,2.5834255,10
ENSG00000213799,1.697008,0.0,10
ENSG00000154188_1,0.20861116,0.0,10
ENSG00000104883_1,0.16615793,0.0,10
ENSG00000169427,0.2555049,0.0,10
ENSG00000124440_1,0.2824625,0.0,10
ENSG00000129932_1,2.6014354,0.0,10
ENSG00000180855,2.0442889,2.101283,10
ENSG00000276043_1,2.140588,2.2184253,10
ENSG00000248801,0.3665398,1.0067014,10
ENSG00000147642_3,1.182511,1.458819,10
ENSG00000267673,1.1572531,1.4140202,10
ENSG00000253408_1,2.6081588,1.671839,10
ENSG00000253582,1.2447062,0.0,10
ENSG00000090006_1,0.36757696,0.87301236,10
ENSG00000170906,2.4474366,3.2425737,10
ENSG00000115257,1.1943798,1.0312388,10
ENSG00000248858,0.12813868,0.42709643,10
ENSG00000266916,0.7198963,0.0,10
ENSG00000214456,0.7356825,1.1886191,10
ENSG00000267448,0.25827986,0.0,10
ENSG00000188493,2.4540296,2.8037574,10
ENSG00000175691,2.242059,1.2813289,10
ENSG00000204866,0.12860912,0.0,10
ENSG00000120899,2.1439102,1.585112,10
ENSG00000197353,0.3899201,0.9806396,10
ENSG00000147535,2.4721599,2.2741163,10
ENSG00000235531,2.909102,3.0133514,10
ENSG00000105370,0.26787803,0.9938329,10
ENSG00000187474,0.11990346,0.0,10
ENSG00000198576,1.4144855,1.4156743,10
ENSG00000104660,2.3048499,2.716705,10
ENSG00000186583_1,0.85037744,1.2715327,10
ENSG00000249115,2.0870988,0.0,10
ENSG00000120913_4,0.8137712,0.8843025,10
ENSG00000198521,0.89952725,1.4739101,10
ENSG00000181781_1,0.50261754,0.89713204,10
ENSG00000105576_3,1.1790847,2.7383509,10
ENSG00000178209_3,2.291559,2.0510135,10
ENSG00000104946_1,2.1497622,0.0,10
ENSG00000105219_1,0.88446075,1.6367687,10
ENSG00000174837,0.31073067,0.0,10
ENSG00000105398,0.123161554,0.0,10
ENSG00000253230,0.20711659,0.0,10
ENSG00000115286,2.3998444,2.9815001,10
ENSG00000074219_1,0.17600715,0.0,10
ENSG00000053501,2.405679,1.803505,10
ENSG00000160117_1,1.5589117,2.1759408,10
ENSG00000185900,2.38784,2.383566,10
ENSG00000262874,0.38292798,0.0,10
ENSG00000105738,2.5274248,2.8120506,10
ENSG00000066827_2,2.7945888,1.8808993,10
ENSG00000197497,0.42924097,1.0163647,10
ENSG00000171606_1,2.6452954,0.0,10
ENSG00000076554_2,0.26313433,1.276048,10
ENSG00000216490,1.2571396,1.7169794,10
ENSG00000253741,2.4213264,1.2729734,10
ENSG00000253944,1.431567,1.5375043,10
ENSG00000164983,2.1098182,1.9339527,10
ENSG00000131142_2,0.2797895,0.0,10
ENSG00000104722,1.3143628,1.072948,10
ENSG00000130176,0.31005484,0.0,10
ENSG00000147804,1.4886872,2.5704975,10
ENSG00000268751,0.93954426,1.7526937,10
ENSG00000293246,1.3363563,2.1288707,10
ENSG00000253168,0.0900154,0.0,10
ENSG00000147408,0.4220719,1.0519509,10
ENSG00000253643,0.11663553,0.0,10
ENSG00000129455,0.3314245,0.0,10
ENSG00000008988,2.244513,1.4172558,10
ENSG00000171574,1.7808328,1.5034639,10
ENSG00000196357,2.4344122,1.4962237,10
ENSG00000096996_1,2.2326798,1.9056464,10
ENSG00000066044,2.464265,3.082412,10
ENSG00000167664,0.31258172,0.0,10
ENSG00000140396,0.286946,1.0557605,10
ENSG00000180190_1,1.0532918,0.0,10
ENSG00000182393,0.3317005,1.1931803,10
ENSG00000126247,2.660476,3.1139867,10
ENSG00000216588,0.18369931,0.0,10
ENSG00000168081_2,1.8886654,2.490836,10
ENSG00000147481,0.65545064,1.0894847,10
ENSG00000187912,1.4688599,0.0,10
ENSG00000132561_2,0.14065143,0.0,10
ENSG00000168487,1.5074122,1.537038,10
ENSG00000019549,0.7862448,0.9592847,10
ENSG00000037757,1.8862448,2.4211102,10
ENSG00000198597,0.89375293,1.3185433,10
ENSG00000170889_1,2.7845495,1.7776805,10
ENSG00000105193,2.7868998,4.1377435,10
ENSG00000011451,2.3489072,2.619886,10
ENSG00000180479,1.5625336,1.3102046,10
ENSG00000071655_1,2.452071,2.5167997,10
ENSG00000141854,1.7418214,1.9635706,10
ENSG00000104881_1,2.1866913,1.6462665,10
ENSG00000104419,0.17221856,0.0,10
ENSG00000105357_1,1.2439303,1.1065309,10
ENSG00000172081,2.5049956,0.0,10
ENSG00000124440,0.66473037,1.304497,10
ENSG00000134014_1,2.1955707,2.745831,10
ENSG00000181035,2.436144,1.7549596,10
ENSG00000171017,0.8116159,0.0,10
ENSG00000131037,0.331044,0.0,10
ENSG00000185122,2.4333634,3.0450256,10
ENSG00000105707,0.4334263,0.0,10
ENSG00000204653_1,0.637251,0.0,10
ENSG00000099866_1,0.7848887,0.88245624,10
ENSG00000008988_1,2.43179,4.032522,10
ENSG00000104375,2.3707235,1.9382294,10
ENSG00000125910,1.9984574,1.7634654,10
ENSG00000104529_2,2.5188155,3.490721,10
ENSG00000285791,0.20972942,0.6511617,10
ENSG00000173581_1,2.228915,2.3330925,10
ENSG00000179913_1,0.7313671,0.0,10
ENSG00000160111,0.77774733,0.9042826,10
ENSG00000182372,0.2213912,0.0,10
ENSG00000104918,0.35101524,1.1469958,10
ENSG00000085872_1,2.6494613,3.124993,10
ENSG00000160505_1,0.40326142,1.3379861,10
ENSG00000130309,2.4105222,2.70293,10
ENSG00000156103_1,1.3614289,1.3306572,10
ENSG00000129451_1,0.29427543,1.088324,10
ENSG00000160951,0.6294016,0.0,10
ENSG00000169946_1,0.63507414,1.2591636,10
ENSG00000292982,2.0820417,2.5799687,10
ENSG00000251247_2,0.47709996,0.0,10
ENSG00000092964,0.8605711,1.0443045,10
ENSG00000089356_1,0.24558908,0.0,10
ENSG00000161265,1.4070857,1.9178939,10
ENSG00000147614,0.09414521,0.0,10
ENSG00000289906,0.21004447,0.0,10
ENSG00000197265,2.8505428,1.8208777,10
ENSG00000253190,2.5397072,1.4401217,10
ENSG00000147789,2.3916435,1.9405464,10
ENSG00000105559_2,0.79505485,1.0232112,10
ENSG00000204978,0.28098318,0.6788187,10
ENSG00000104967_1,1.1719723,1.3024608,10
ENSG00000167378,2.822827,0.0,10
ENSG00000136986_2,2.4383404,2.834511,10
ENSG00000173281,1.641887,1.7048023,10
ENSG00000256087,2.0709217,1.8655955,10
ENSG00000254858,2.5912755,2.535718,10
ENSG00000095752,0.6112084,1.0668848,10
ENSG00000164953,1.3893445,0.0,10
ENSG00000090554,1.6327559,1.8909014,10
ENSG00000104883,1.3562791,1.2945544,10
ENSG00000179284,0.2660254,0.96085113,10
ENSG00000268095,0.59200495,0.0,10
ENSG00000132002,2.75948,2.4281235,10
ENSG00000178531,1.462643,1.7626486,10
ENSG00000205517,0.8072925,0.687734,10
ENSG00000225877,0.10910018,0.6758791,10
ENSG00000170949,2.12367,2.716856,10
ENSG00000072062_1,2.3243506,2.963755,10
ENSG00000070718,2.5972958,2.5653589,10
ENSG00000115266_1,0.73267883,1.0569811,10
ENSG00000198858,2.0499165,2.7189374,10
ENSG00000223573,1.4392612,1.7668588,10
ENSG00000171817,1.0945809,0.9182873,10
ENSG00000184608,0.19538304,0.0,10
ENSG00000127527,2.4760892,2.5788786,10
ENSG00000007047,1.7421975,2.1459544,10
ENSG00000141858,1.8382674,2.741569,10
ENSG00000180257,2.0726292,2.0145626,10
ENSG00000105352,0.33700898,0.0,10
ENSG00000204941,0.3095701,0.0,10
ENSG00000165392,1.741837,2.5867076,10
ENSG00000160932,2.3871458,3.2253094,10
ENSG00000105325,2.5852964,1.5982542,10
ENSG00000187735,2.4352963,2.9881482,10
ENSG00000089351_2,2.3125913,0.9836218,10
ENSG00000198077,0.17368089,0.0,10
ENSG00000291114,0.5949472,0.0,10
ENSG00000126249,2.1042948,2.2706742,10
ENSG00000104824_1,2.4395874,2.2453127,10
ENSG00000131848,2.5823267,2.0560622,10
ENSG00000142530,1.9899249,0.9996307,10
ENSG00000171903_1,0.12856755,0.0,10
ENSG00000250799,0.20310509,0.7399914,10
ENSG00000133243_1,0.6728917,0.0,10
ENSG00000198482_1,2.1069033,1.875206,10
ENSG00000133872,1.8381484,0.99818087,10
ENSG00000130518,0.2497462,0.0,10
ENSG00000157168_3,0.6607761,1.7164909,10
ENSG00000130304,0.55674744,0.6145914,10
ENSG00000170604,2.465944,2.0726027,10
ENSG00000248538_3,0.1872536,0.0,10
ENSG00000251369,1.4257967,1.8824106,10
ENSG00000165156,2.3309357,2.219967,10
ENSG00000183186,1.2791884,1.517605,10
ENSG00000176593,2.273832,0.0,10
ENSG00000042832_2,0.16947702,0.0,10
ENSG00000164695,0.5289205,1.8132674,10
ENSG00000249859_3,1.4908924,2.7186985,10
ENSG00000155189,2.940253,3.1209784,10
ENSG00000174521,1.2658246,1.6986312,10
ENSG00000249898_1,2.7469535,1.8577726,10
ENSG00000225950,0.72062725,0.0,10
ENSG00000130803,1.88345,2.5550945,10
ENSG00000126243,0.30151147,0.0,10
ENSG00000105675,0.30858365,0.80712897,10
ENSG00000197050,2.0758169,1.7788528,10
ENSG00000255491_1,0.2543721,0.0,10
ENSG00000179388,1.6020081,2.6589725,10
ENSG00000169122_1,0.28342313,0.0,10
ENSG00000120896_5,1.190583,1.2137568,10
ENSG00000130517,1.9756823,2.615766,10
ENSG00000174652,2.042263,2.4576504,10
ENSG00000104960_2,2.3905604,2.3062942,10
ENSG00000167491,2.7756755,2.7125907,10
ENSG00000223802,0.5259998,0.0,10
ENSG00000176731,1.9133728,3.3339427,10
ENSG00000245910,2.388746,3.28533,10
ENSG00000253593,0.080900475,0.5747834,10
ENSG00000130755,1.8730202,2.5786438,10
ENSG00000267534,2.483825,2.6794052,10
ENSG00000176396,1.9021589,2.1115785,10
ENSG00000105011,2.5109274,2.7909098,10
ENSG00000186017_1,2.424513,1.884206,10
ENSG00000129353,2.1904662,2.4521868,10
ENSG00000104825,2.5115445,2.7963037,10
ENSG00000088038,2.790737,2.7584577,10
ENSG00000254775,0.14271143,0.0,10
ENSG00000130812_1,2.6843908,1.7283537,10
ENSG00000160321,0.40562063,0.0,10
ENSG00000104870_1,0.80859876,1.2575825,10
ENSG00000104808,0.98406655,0.0,10
ENSG00000129351,2.95504,3.4559877,10
ENSG00000186567_1,0.22045201,0.7795965,10
ENSG00000126460,0.31030086,0.0,10
ENSG00000189144_1,0.711693,0.0,10
ENSG00000064961_1,2.2565095,2.048605,10
ENSG00000249816_1,0.19093166,0.0,10
ENSG00000104321,1.134254,0.0,10
ENSG00000168487_1,1.4728498,1.290978,10
ENSG00000269954,0.9275313,1.1408222,10
ENSG00000120913,0.91051286,1.3171018,10
ENSG00000169136,2.9755409,3.8643153,10
ENSG00000267159,0.2988142,0.0,10
ENSG00000214212,0.47699052,0.0,10
ENSG00000242852_1,0.6188487,1.0038481,10
ENSG00000263002,1.1657928,2.0396242,10
ENSG00000171466,1.7906268,2.2758777,10
ENSG00000104714,2.1423557,2.8471894,10
ENSG00000180900,1.9746026,2.3003912,10
ENSG00000267058,0.76610535,0.0,10
ENSG00000147596,0.7447186,0.8861522,10
ENSG00000104774,0.47973868,0.851454,10
ENSG00000164941,2.2231221,2.6149194,10
ENSG00000237807,0.3532668,0.0,10
ENSG00000133739,1.878612,1.9932554,10
ENSG00000171817_1,1.5868754,1.6700045,10
ENSG00000269386_1,2.556682,3.0971322,10
ENSG00000183850,0.73762745,1.2623324,10
ENSG00000176406_3,0.1081765,0.0,10
ENSG00000105514_1,2.3823822,2.2757995,10
ENSG00000011451_1,0.83174574,1.3694199,10
ENSG00000164796,0.5920148,0.9700864,10
ENSG00000189190,1.3967302,2.5371501,10
ENSG00000083828,1.9545803,2.309545,10
ENSG00000268500,0.673482,0.0,10
ENSG00000189430,0.54690665,1.0871422,10
ENSG00000104228,2.544832,2.3070037,10
ENSG00000253227,0.095877916,0.0,10
ENSG00000123154_1,2.3831778,1.6018689,10
ENSG00000064607,2.7450283,2.616629,10
ENSG00000261857,0.36952218,0.0,10
ENSG00000203499,1.0854008,0.0,10
ENSG00000099326,3.1067774,1.6075836,10
ENSG00000248531,0.19608459,0.0,10
ENSG00000266904,2.3643382,1.5026592,10
ENSG00000253796,0.12657812,0.0,10
ENSG00000171051_1,0.1297792,0.0,10
ENSG00000172728,0.117469266,0.0,10
ENSG00000182324,0.32355615,0.7959217,10
ENSG00000293484,0.5321784,0.95298606,10
ENSG00000269858,2.620588,2.471714,10
ENSG00000091656,0.60888845,0.0,10
ENSG00000186010,2.206385,3.1607895,10
ENSG00000028277_1,1.4954193,2.119589,10
ENSG00000175073,2.9346747,2.2589724,10
ENSG00000186326,1.0797983,1.3908116,10
ENSG00000160471,0.60130805,0.0,10
ENSG00000105176,0.13847157,0.0,10
ENSG00000079102_2,0.2543707,0.0,10
ENSG00000099875_1,2.6880581,3.855679,10
ENSG00000076662_1,1.433511,0.0,10
ENSG00000167645,2.2516015,2.5005972,10
ENSG00000167600,1.2513928,1.7724391,10
ENSG00000160973,0.44550896,0.81153476,10
ENSG00000120913_1,1.4242713,1.7186594,10
ENSG00000183309,2.4522846,1.860332,10
ENSG00000178814,1.3021021,1.2240407,10
ENSG00000168813,1.9857094,2.3482425,10
ENSG00000123143_2,1.3892164,0.0,10
ENSG00000147475,2.5326464,2.3327796,10
ENSG00000185053,0.13153012,0.34519723,10
ENSG00000164825,0.22110014,0.0,10
ENSG00000079385,0.68490875,0.0,10
ENSG00000105483_1,1.7034967,2.4512029,10
ENSG00000253948,2.5267518,1.7619729,10
ENSG00000125656,2.2443693,2.7981532,10
ENSG00000167555,1.1309254,1.3346709,10
ENSG00000153879,2.4549186,2.569313,10
ENSG00000036565,0.10671051,0.0,10
ENSG00000233527_1,2.5311394,2.1501238,10
ENSG00000105699_2,2.5105116,2.8949432,10
ENSG00000171033,2.1310856,0.0,10
ENSG00000198046,1.0378473,1.0191163,10
ENSG00000231924,0.30152893,0.0,10
ENSG00000104728,1.2062664,0.92681044,10
ENSG00000157110,1.4739501,1.3494718,10
ENSG00000253642,0.15198421,0.0,10
ENSG00000254254,0.13284187,0.0,10
ENSG00000129911,2.1938267,2.7580106,10
ENSG00000116017_1,2.3351533,2.6451097,10
ENSG00000167554_1,0.16415371,0.0,10
ENSG00000099326_1,2.7207253,2.0305188,10
ENSG00000147571,0.65117246,1.2240407,10
ENSG00000130669,2.070417,2.2595747,10
ENSG00000090554_1,0.97105545,1.071698,10
ENSG00000132000,0.43037543,0.5350788,10
ENSG00000141873,2.1538005,2.1100845,10
ENSG00000168546,0.53500295,1.3831688,10
ENSG00000042753_1,1.1460044,0.0,10
ENSG00000250067,0.9125866,0.8767892,10
ENSG00000251191,0.11375533,0.0,10
ENSG00000254006,0.4120425,0.0,10
ENSG00000254027,1.4105055,1.3437433,10
ENSG00000099864,1.5623845,1.8078055,10
ENSG00000269392,1.5657825,0.0,10
ENSG00000153896,1.3601551,1.6351016,10
ENSG00000032444_3,0.82048434,0.99239886,10
ENSG00000130005,1.4102962,1.4123765,10
ENSG00000169085,0.13202852,0.0,10
ENSG00000261678,1.4699919,1.2197417,10
ENSG00000187902,0.56056863,1.008089,10
ENSG00000253395,1.5001607,1.322674,10
ENSG00000104290,2.3418958,2.255393,10
ENSG00000132561,1.3885965,1.5223268,10
ENSG00000063245,2.6489651,2.4399638,10
ENSG00000070404,1.4145174,2.2788177,10
ENSG00000161671,2.3222291,2.7319553,10
ENSG00000186431,0.10395728,0.0,10
ENSG00000064687_1,1.200264,0.0,10
ENSG00000141837_2,1.1437539,1.5521326,10
ENSG00000128626,2.570758,2.962898,10
ENSG00000290812,1.1944697,0.7981415,10
ENSG00000160877_1,2.358744,2.7085423,10
ENSG00000154188_2,0.161917,0.0,10
ENSG00000184647,0.27341336,0.0,10
ENSG00000167635,2.6196687,3.004605,10
ENSG00000167644,0.52646226,0.0,10
ENSG00000018869,1.8843955,0.0,10
ENSG00000167460_3,2.5953305,1.3743451,10
ENSG00000141837,1.2553549,0.87297165,10
ENSG00000071564,2.7132497,3.2234077,10
ENSG00000182318,2.3642876,2.2918127,10
ENSG00000253893,1.3689083,0.0,10
ENSG00000011422_1,1.0990759,1.9685483,10
ENSG00000182310,0.31580922,0.0,10
ENSG00000104903_2,1.6358085,1.8242886,10
ENSG00000099797,2.5391028,2.750314,10
ENSG00000125740,0.8783967,1.2730314,10
ENSG00000123810,3.0771186,2.3723116,10
ENSG00000180089,0.21738073,0.0,10
ENSG00000187955,0.14159569,0.0,10
ENSG00000196150,2.5007865,2.1738474,10
ENSG00000153310,2.5473247,2.4411025,10
ENSG00000186019,1.2005253,0.0,10
ENSG00000253661_1,0.20633262,0.8671987,10
ENSG00000164741_3,0.09698686,0.0,10
ENSG00000239998,0.37610582,0.0,10
ENSG00000087903_2,2.5863106,1.825984,10
ENSG00000136997_1,1.8945905,3.6918354,10
ENSG00000161681,1.4235337,1.6227216,10
ENSG00000197647,1.558397,0.98511195,10
ENSG00000168484,0.1321214,0.69060624,10
ENSG00000167759,0.45302823,1.1725124,10
ENSG00000130244,2.3001573,2.0389378,10
ENSG00000164754,2.5163517,1.8342363,10
ENSG00000124302,1.5381804,1.3232727,10
ENSG00000197332,1.3172135,1.1449476,10
ENSG00000125753,2.3931034,3.3671694,10
ENSG00000220201,0.31581903,0.65428245,10
ENSG00000073008,1.2651236,1.7016716,10
ENSG00000189164,2.4280107,1.6401036,10
ENSG00000104946,2.8502524,1.8868177,10
ENSG00000015592,0.3021743,1.1185954,10
ENSG00000180739_1,0.5981576,0.0,10
ENSG00000099785_1,0.29772297,1.1229692,10
ENSG00000130816,0.25291467,0.0,10
ENSG00000167751,0.25307232,0.0,10
ENSG00000167674,2.5167172,2.1522822,10
ENSG00000105364,2.498334,3.4813852,10
ENSG00000278374,0.23932098,0.0,10
ENSG00000104450,2.0847633,2.27591,10
ENSG00000179886,2.5175364,1.6128474,10
ENSG00000032444_1,0.5298891,1.0532014,10
ENSG00000104313_2,0.705145,1.317129,10
ENSG00000125503,2.3312442,2.2209184,10
ENSG00000129691_1,2.296986,0.0,10
ENSG00000105245,2.15052,1.7034547,10
ENSG00000273111,0.35473937,0.50943106,10
ENSG00000165084,1.1844945,1.285062,10
ENSG00000160013,1.2687175,2.081405,10
ENSG00000141905_1,2.2503188,2.7301102,10
ENSG00000221869,1.6083896,1.4532877,10
ENSG00000147813,2.0720718,2.305676,10
ENSG00000253678,0.34643012,0.0,10
ENSG00000164830_1,0.15056889,0.0,10
ENSG00000213297,1.8306998,1.2495164,10
ENSG00000164935,0.16302857,0.0,10
ENSG00000253704,2.286626,1.6452965,10
ENSG00000104419_3,1.7679975,1.9844958,10
ENSG00000105287_1,2.157039,3.0668995,10
ENSG00000085872,2.4692068,1.613493,10
ENSG00000267169,2.6582549,1.7560028,10
ENSG00000099331,2.7388253,2.6670914,10
ENSG00000132000_1,0.49512422,0.6214463,10
ENSG00000284268,2.3445623,3.3386078,10
ENSG00000197124_1,0.8156064,0.87678343,10
ENSG00000131941,1.5295873,1.653849,10
ENSG00000164951,1.9081764,1.3564657,10
ENSG00000169398_1,0.09673503,0.0,10
ENSG00000164822,0.32201633,0.992421,10
ENSG00000089327_2,0.4032103,0.0,10
ENSG00000099822,1.6263014,1.8943715,10
ENSG00000183779,1.5115789,1.6864575,10
ENSG00000188624,0.10410178,0.0,10
ENSG00000158856_2,0.45410225,0.0,10
ENSG00000127528,1.8919272,1.9516871,10
ENSG00000253799,0.49419925,0.0,10
ENSG00000178980,2.0058792,2.4160511,10
ENSG00000126247_1,1.9773121,2.2343907,10
ENSG00000164796_1,0.42669114,0.0,10
ENSG00000147573,0.26795942,0.7241636,10
ENSG00000077782_2,1.5935427,1.3920107,10
ENSG00000127526,2.7268417,2.6313524,10
ENSG00000118046,2.4642193,2.3681753,10
ENSG00000120910,2.7839804,2.3724148,10
ENSG00000129455_1,0.2293269,0.0,10
ENSG00000176907,0.113462836,0.0,10
ENSG00000105641,0.46463263,1.4676229,10
ENSG00000076554_4,2.6034157,3.0675693,10
ENSG00000104635,1.9113872,2.2972527,10
ENSG00000105559,0.5672787,0.0,10
ENSG00000167617,0.35645372,0.0,10
ENSG00000237807_1,0.17300828,0.0,10
ENSG00000178209_1,1.3331287,1.0081315,10
ENSG00000253557_1,0.10598029,0.0,10
ENSG00000179262,2.6438768,3.5121732,10
ENSG00000186529_1,0.33627638,0.6214982,10
ENSG00000249859_2,1.2526288,1.6465703,10
ENSG00000167755,0.30015913,0.8824221,10
ENSG00000161243,1.0723716,2.01976,10
ENSG00000177025,0.13977338,0.0,10
ENSG00000076928_1,2.3995516,1.7328873,10
ENSG00000221818_1,0.64721745,1.0391364,10
ENSG00000170892,2.6983364,1.784767,10
ENSG00000228323,0.9608438,1.0299112,10
ENSG00000197619,1.4822618,0.0,10
ENSG00000104231_1,0.61478984,1.0177885,10
ENSG00000105698,2.0221133,2.7025347,10
ENSG00000284638,0.91697747,0.0,10
ENSG00000174586,2.388726,1.7003316,10
ENSG00000185697,2.330166,1.4095442,10
ENSG00000105701_1,1.2516313,2.0875614,10
ENSG00000293317_1,0.27550933,0.5473439,10
ENSG00000267191,0.90261126,1.2952812,10
ENSG00000099804,2.3380716,2.1637247,10
ENSG00000130312_1,2.6466835,3.0951762,10
ENSG00000079805,2.9240112,2.8480265,10
ENSG00000160948,0.4401748,0.0,10
ENSG00000070756_1,0.13050191,1.2707092,10
ENSG00000147586,2.2908149,1.0404046,10
ENSG00000172817,1.9549198,2.5854495,10
ENSG00000180155,0.9876746,1.1418384,10
ENSG00000167685_1,0.74620974,0.0,10
ENSG00000178150_1,1.116814,0.9880727,10
ENSG00000186583,0.69883746,0.8749165,10
ENSG00000132002_1,2.3409703,0.0,10
ENSG00000147570,0.20211391,0.0,10
ENSG00000267348,2.2381966,1.0906459,10
ENSG00000169035,0.46450523,0.0,10
ENSG00000188283_1,2.3765965,1.8564208,10
ENSG00000125652,2.5198872,2.7493203,10
ENSG00000164961,2.1480033,2.386811,10
ENSG00000275183,2.4326618,1.3902284,10
ENSG00000152454,1.7435664,1.7445745,10
ENSG00000267106_1,2.1976929,1.3755538,10
ENSG00000160117,1.5841959,2.1502867,10
ENSG00000156162_1,2.338381,1.9030194,10
ENSG00000104825_1,2.5866184,2.6828027,10
ENSG00000120526,2.2468903,2.761639,10
ENSG00000198453_2,0.6775746,0.0,10
ENSG00000164951_1,1.112996,0.0,10
ENSG00000167641_1,1.3040977,1.4269177,10
ENSG00000051128_2,1.342488,1.9594069,10
ENSG00000127663,2.3684974,2.6229959,10
ENSG00000254340,0.19142571,0.0,10
ENSG00000104960_1,2.3494365,2.7963593,10
ENSG00000104889,2.1339734,2.7315493,10
ENSG00000099797_2,0.4553989,1.1335708,10
ENSG00000160888,2.1990707,1.7397084,10
ENSG00000171051,0.10783686,0.0,10
ENSG00000105185,2.2924216,3.6543498,10
ENSG00000087076,1.1637726,0.97312784,10
ENSG00000189052,0.2670299,0.0,10
ENSG00000260001,1.0308766,1.2223262,10
ENSG00000267133,0.1753299,0.0,10
ENSG00000179632,2.5412416,2.5387006,10
ENSG00000105221_1,0.4773794,0.0,10
ENSG00000105643_1,0.82193923,0.0,10
ENSG00000168615_1,0.32881948,0.0,10
ENSG00000254377_2,0.46533012,0.0,10
ENSG00000133250,2.5464823,2.4237208,10
ENSG00000099804_1,0.50003505,0.0,10
ENSG00000156467,2.0136166,3.5435963,10
ENSG00000119559,2.1801355,2.2715025,10
ENSG00000142541,2.9192708,0.0,10
ENSG00000134013_1,0.29950237,0.6479206,10
ENSG00000181085,0.679897,1.0952392,10
ENSG00000176024,1.7353065,1.5508372,10
ENSG00000186111,1.8751154,2.4042177,10
ENSG00000070501,1.860366,2.3940153,10
ENSG00000120963_1,2.4654326,1.9500726,10
ENSG00000249859_8,1.1250243,1.5093101,10
ENSG00000171316,2.303473,2.4585924,10
ENSG00000105137,1.010777,0.95773655,10
ENSG00000179632_1,1.9596882,0.0,10
ENSG00000159871_1,0.1971603,0.0,10
ENSG00000279529,2.6652057,1.6942892,10
ENSG00000105298,2.5574296,2.3138926,10
ENSG00000147488_1,0.17748371,0.0,10
ENSG00000167565,2.429249,2.3882823,10
ENSG00000034677_1,0.19069612,0.8371969,10
ENSG00000089639,2.499615,2.5583017,10
ENSG00000156466,1.32201,1.1913644,10
ENSG00000206579,1.4638945,1.965766,10
ENSG00000147324,1.7801313,2.0779853,10
ENSG00000179954,0.6397863,0.71883374,10
ENSG00000198010,1.5990008,1.2316225,10
ENSG00000221803,0.57956463,0.0,10
ENSG00000216490_1,2.5675113,3.7345414,10
ENSG00000172172_1,1.5898144,3.210519,10
ENSG00000130475_2,0.5592567,0.9200189,10
ENSG00000104419_2,0.1846947,0.0,10
ENSG00000198093,1.1506491,2.0421224,10
ENSG00000197265_1,2.7003448,2.9743598,10
ENSG00000060566_1,0.42718506,0.0,10
ENSG00000171044_1,1.1545982,1.9942292,10
ENSG00000104814_1,2.1883862,3.3699985,10
ENSG00000197808,1.2581522,1.73075,10
ENSG00000176209_1,2.5267775,2.683974,10
ENSG00000104755,0.06368825,0.0,10
ENSG00000248599,0.31678584,0.0,10
ENSG00000132026,0.3101041,0.8843365,10
ENSG00000172167,1.5959634,0.0,10
ENSG00000075702_1,0.24113968,1.0245677,10
ENSG00000197360,0.59179825,0.0,10
ENSG00000204604,1.7148526,2.3636966,10
ENSG00000130208_2,0.38604882,0.0,10
ENSG00000104537,0.12766576,0.0,10
ENSG00000079313_1,2.6896539,2.2879987,10
ENSG00000129933,2.7265193,2.5448368,10
ENSG00000188305,0.5719807,0.0,10
ENSG00000198482,2.2354257,0.0,10
ENSG00000164741_2,0.13265973,0.0,10
ENSG00000133731,1.9081657,2.8458035,10
ENSG00000253926,0.53262824,0.7076894,10
ENSG00000105641_1,0.22166581,0.66363496,10
ENSG00000197446,0.3460176,1.2214925,10
ENSG00000167685,2.0489285,2.2882156,10
ENSG00000267296,1.4502978,1.0813113,10
ENSG00000275901,0.3633351,0.0,10
ENSG00000205517_1,0.692844,1.1031878,10
ENSG00000181666_1,1.9643469,0.0,10
ENSG00000267855,2.5251665,3.3099663,10
ENSG00000102575_1,1.7663975,2.188045,10
ENSG00000105523_1,0.3696241,0.0,10
ENSG00000167702,1.3605298,1.4993846,10
ENSG00000169515,0.7361527,1.1669095,10
ENSG00000269825,2.0056121,2.6423585,10
ENSG00000254777,2.0154655,1.7969904,10
ENSG00000105707_1,0.3531544,1.0231961,10
ENSG00000083844,1.8822665,2.195706,10
ENSG00000105647,2.695565,2.5337758,10
ENSG00000253893_1,0.30709642,0.0,10
ENSG00000245281_1,1.1583662,0.0,10
ENSG00000250571,1.9888551,1.8488078,10
ENSG00000181690,2.328983,2.0583236,10
ENSG00000120875,2.2765768,3.2067423,10
ENSG00000130522,2.6857853,3.0749152,10
ENSG00000171804,2.0699332,0.0,10
ENSG00000213967,1.0066983,1.8589821,10
ENSG00000181666,2.1319072,0.0,10
ENSG00000183397,0.2818559,0.83308333,10
ENSG00000242852,1.8572786,1.5277973,10
ENSG00000254101_1,0.23546278,0.0,10
ENSG00000104671,1.8643789,2.844622,10
ENSG00000197892_1,1.9332442,2.3405473,10
ENSG00000221916,2.2927067,1.743047,10
ENSG00000130227,2.2336874,2.435588,10
ENSG00000147434_1,1.2366595,1.530315,10
ENSG00000077782_3,1.4972801,1.943638,10
ENSG00000165078,0.3504608,1.1197275,10
ENSG00000141971_1,1.9838895,1.2880837,10
ENSG00000008438,0.74665123,1.285062,10
ENSG00000104442,2.1838403,0.0,10
ENSG00000099860,2.5817657,3.270595,10
ENSG00000167460_1,0.77079815,1.4067615,10
ENSG00000253434,0.13850112,0.0,10
ENSG00000167757,0.6776381,1.3589622,10
ENSG00000021488,0.18909022,0.0,10
ENSG00000172748,2.5647068,1.50974,10
ENSG00000177045_1,1.9806738,1.6757417,10
ENSG00000169393,0.10409941,0.0,10
ENSG00000104827,0.23793823,0.0,10
ENSG00000160472,0.21282324,0.96396714,10
ENSG00000207215,0.10275358,0.0,10
ENSG00000161277,2.696837,1.8896546,10
ENSG00000267777,0.08542806,0.0,10
ENSG00000079459_1,2.6178381,3.4291706,10
ENSG00000130382_1,2.1900225,2.5581083,10
ENSG00000169490,2.682388,2.3754404,10
ENSG00000173875,2.6905725,2.712595,10
ENSG00000253877_1,0.05733042,0.74778455,10
ENSG00000011332_1,1.2209492,1.3483243,10
ENSG00000104763_1,1.189631,0.0,10
ENSG00000204869,0.21983224,0.0,10
ENSG00000075702,2.681658,2.3546827,10
ENSG00000254251,0.11473735,0.62823564,10
ENSG00000105643_2,1.7151961,1.6767119,10
ENSG00000079999,2.1866796,2.0223458,10
ENSG00000286010,0.25598115,0.0,10
ENSG00000164830_2,0.18874912,0.0,10
ENSG00000182986_1,1.4803116,2.1926036,10
ENSG00000011304,2.6938531,3.4382908,10
ENSG00000104901,0.3048828,0.0,10
ENSG00000160392_1,2.4782064,0.0,10
ENSG00000105202_3,2.4183352,3.387854,10
ENSG00000159871_2,0.49156845,0.876795,10
ENSG00000179218,2.7144053,4.1576443,10
ENSG00000077312,3.0589235,0.0,10
ENSG00000104626,2.3073032,2.8037438,10
ENSG00000042832,0.14189434,0.0,10
ENSG00000105576_2,2.514818,1.9245635,10
ENSG00000104368,0.3606015,0.0,10
ENSG00000126464,2.1654074,2.854154,10
ENSG00000253117,0.14796731,0.0,10
ENSG00000104738,2.583998,3.3962743,10
ENSG00000105255,1.1784649,1.1009183,10
ENSG00000253196,0.22588283,0.0,10
ENSG00000188033,2.6172595,0.0,10
ENSG00000177335,0.53374296,0.5747718,10
ENSG00000105371,1.1499517,1.5972234,10
ENSG00000270164_1,1.0234476,1.7565068,10
ENSG00000253133,2.41659,2.474867,10
ENSG00000198453_1,0.8810769,1.3305761,10
ENSG00000011600,0.56587267,0.79817396,10
ENSG00000250305,0.70292205,1.6844863,10
ENSG00000249898,0.31599164,0.80048543,10
ENSG00000079112,0.14089671,0.0,10
ENSG00000130751,1.0574481,1.1734223,10
ENSG00000142405,0.35421476,0.0,10
ENSG00000147586_2,2.4070995,2.7372086,10
ENSG00000156831,2.1539576,2.5163305,10
ENSG00000207110,0.22038633,3.479869,10
ENSG00000008513_2,1.8511,1.7582228,10
ENSG00000160994,0.58019835,1.2967091,10
ENSG00000177570,2.2686746,2.5069797,10
ENSG00000160957,2.231929,1.6911346,10
ENSG00000105583,1.942544,2.708274,10
ENSG00000269793,1.4195409,1.6257856,10
ENSG00000254166,0.4295983,0.8672317,10
ENSG00000171236,0.45997038,1.8189309,10
ENSG00000040341_1,2.3374286,2.8198175,10
ENSG00000008441,1.7023606,2.371991,10
ENSG00000182472_1,1.0694215,1.3657687,10
ENSG00000089351_3,1.526015,1.4493086,10
ENSG00000164733_2,1.7958534,2.4584854,10
ENSG00000267575_1,2.1231844,1.6974647,10
ENSG00000197124,0.8194396,0.67883694,10
ENSG00000254004,2.3238604,2.3342245,10
ENSG00000105523,0.5007516,0.98065776,10
ENSG00000142515,0.35051027,0.6511132,10
ENSG00000213904,2.0316274,0.0,10
ENSG00000154359,2.5435836,2.1343684,10
ENSG00000105619,2.294182,0.0,10
ENSG00000039987,0.21802916,0.0,10
ENSG00000291317_1,1.5373093,1.7762071,10
ENSG00000171060,0.28169456,0.0,10
ENSG00000251003,0.15112379,0.8710823,10
ENSG00000160007,2.5100548,2.1449351,10
ENSG00000253679,0.45175007,0.0,10
ENSG00000267339,0.3459797,0.0,10
ENSG00000105329_1,2.0826356,3.4421346,10
ENSG00000198464,2.3456519,0.0,10
ENSG00000105376,1.5450394,1.3791023,10
ENSG00000158669,2.4179466,2.388657,10
ENSG00000267014,0.12858099,0.0,10
ENSG00000253926_1,0.63735604,0.6381097,10
ENSG00000198182,0.8691929,0.0,10
ENSG00000011478,2.811054,2.220108,10
ENSG00000167653_1,0.2268574,0.0,10
ENSG00000187550,0.6594717,1.0443045,10
ENSG00000160949,2.2939136,2.3051965,10
ENSG00000104859,2.411175,2.4848506,10
ENSG00000123124,2.3001738,1.4073128,10
ENSG00000126457_1,2.9334514,3.017976,10
ENSG00000130513_1,0.26186,0.69064784,10
ENSG00000105072,1.9563501,0.0,10
ENSG00000245857,1.2389498,0.0,10
ENSG00000136997,1.2572534,2.2217531,10
ENSG00000253138_2,0.20623443,0.0,10
ENSG00000077463,2.4966755,2.4272182,10
ENSG00000147481_2,0.5238023,0.0,10
ENSG00000010361,0.797757,0.0,10
ENSG00000130311,2.5289276,2.9025755,10
ENSG00000160959_1,2.5586689,1.7153347,10
ENSG00000074219,0.218285,0.6574861,10
ENSG00000125730,0.37620243,0.0,10
ENSG00000136986_1,0.32257023,0.0,10
ENSG00000105618_1,0.36559954,0.0,10
ENSG00000125498,0.36554405,0.0,10
ENSG00000125726,2.9307334,3.4009178,10
ENSG00000153317_1,1.4149117,1.4762954,10
ENSG00000186230,2.150946,2.1819608,10
ENSG00000147642_4,0.91131955,1.5345718,10
ENSG00000064932,2.0856006,1.955452,10
ENSG00000198363_4,2.0519764,2.6354134,10
ENSG00000209702,0.33335587,1.3658248,10
ENSG00000156413_1,0.21290213,0.0,10
ENSG00000125734_1,3.066788,2.319283,10
ENSG00000167755_1,0.1658296,0.0,10
ENSG00000173273,2.4347394,2.2714188,10
ENSG00000178719_3,0.38243595,1.7745754,10
ENSG00000287467,0.1653704,0.0,10
ENSG00000171827_1,1.6520532,0.0,10
ENSG00000168575_3,2.6033182,2.7970104,10
ENSG00000126267,1.9000667,3.7442617,10
ENSG00000164683_1,1.8776386,1.9407157,10
ENSG00000278318,0.39747918,0.9716052,10
ENSG00000276980,0.4058945,1.7312664,10
ENSG00000266983,2.54236,1.9146129,10
ENSG00000129455_2,0.17805426,0.0,10
ENSG00000167641,0.34784147,0.7676604,10
ENSG00000105341_1,2.2300923,2.4724288,10
ENSG00000267383,0.5286273,0.0,10
ENSG00000288704,2.489552,1.3365998,10
ENSG00000083817,2.0977123,1.7912273,10
ENSG00000269699,0.9155838,1.3287057,10
ENSG00000104529_1,2.4495585,3.4648798,10
ENSG00000132554,0.4812587,0.0,10
ENSG00000105618,2.3288176,0.0,10
ENSG00000205133,1.6174841,0.9685903,10
ENSG00000011332,1.2042133,1.2215968,10
ENSG00000170909,0.23853433,0.8071628,10
ENSG00000126456,2.0323446,0.0,10
ENSG00000147364,1.802692,0.0,10
ENSG00000277494,0.41194817,0.0,10
ENSG00000104325,2.2829926,3.0645478,10
ENSG00000176956,1.2505558,1.368231,10
ENSG00000064666,2.4551227,3.1285188,10
ENSG00000170848,0.1577791,0.7627393,10
ENSG00000104381,1.1807007,2.4891016,10
ENSG00000152467,1.2154702,1.1009216,10
ENSG00000205396,0.35205534,0.0,10
ENSG00000104760,0.17543381,0.0,10
ENSG00000129990,1.0474329,0.0,10
ENSG00000164924_3,2.5806892,2.1640851,10
ENSG00000246430,0.4740103,0.0,10
ENSG00000160439_1,0.33291677,0.9530006,10
ENSG00000197857,2.1896434,2.2346869,10
ENSG00000127540,2.3703055,3.2777283,10
ENSG00000254777_2,1.4562321,1.121888,10
ENSG00000132010,1.6672764,1.7878075,10
ENSG00000286449,0.680432,0.0,10
ENSG00000268318,0.33312717,0.0,10
ENSG00000198723,0.16278481,0.0,10
ENSG00000170956_1,0.1855591,0.0,10
ENSG00000008853_2,2.0239515,1.7788961,10
ENSG00000267498,1.9594461,0.0,10
ENSG00000161091,2.306438,2.5287406,10
ENSG00000154582,2.6479645,3.052671,10
ENSG00000181135,1.8186079,1.8806741,10
ENSG00000105576_1,2.4600217,1.2128798,10
ENSG00000175305_1,1.4074001,1.4205663,10
ENSG00000105499,1.4260628,1.623394,10
ENSG00000105270,0.7695529,1.1773922,10
ENSG00000105656,2.7417676,2.60707,10
ENSG00000105402,0.6677167,1.4215546,10
ENSG00000007080,2.4457889,2.7511797,10
ENSG00000160877,1.7404828,1.9390697,10
ENSG00000267858_1,2.5634053,2.1243086,10
ENSG00000120896_2,0.5087338,0.84540814,10
ENSG00000104371,0.3618646,0.8824335,10
ENSG00000083838_1,2.5030217,1.1490035,10
ENSG00000105438_1,2.046636,2.659414,10
ENSG00000129990_1,1.0530937,1.0232112,10
ENSG00000268595,0.75002533,1.0975349,10
ENSG00000120896,0.1655077,0.0,10
ENSG00000269243,1.2536876,0.0,10
ENSG00000180921,1.593815,1.2559958,10
ENSG00000269855,0.36990184,0.8266837,10
ENSG00000083838,2.5893633,1.5052178,10
ENSG00000011451_2,1.8665762,1.6977522,10
ENSG00000130876,1.2356118,1.3157605,10
ENSG00000254367,0.18109654,0.0,10
ENSG00000130725_1,2.996528,2.6363375,10
ENSG00000129451,0.7909964,0.0,10
ENSG00000185015_1,1.3868253,1.1658672,10
ENSG00000063241,2.5683744,2.8562515,10
ENSG00000130402,2.536741,3.1424582,10
ENSG00000007129,1.1274768,2.5076265,10
ENSG00000105723,2.83861,2.7042105,10
ENSG00000124459,2.0348177,2.2192047,10
ENSG00000204519,1.7296476,2.0459173,10
ENSG00000086544,2.683275,1.7084744,10
ENSG00000104356,2.2754445,2.837461,10
ENSG00000105443_1,2.5273898,2.1675477,10
ENSG00000104814,0.23478444,0.0,10
ENSG00000013275,2.5124652,3.2409134,10
ENSG00000196268,1.8151617,2.0651276,10
ENSG00000213793,1.3332291,1.9837481,10
ENSG00000227500,1.1747307,1.3184807,10
ENSG00000125743,2.250702,2.9055262,10
ENSG00000141905,1.866813,1.9221627,10
ENSG00000127616_1,2.52819,1.7291648,10
ENSG00000214046,2.466677,0.0,10
ENSG00000276043,2.0595675,2.97806,10
ENSG00000179832_1,0.9257154,0.0,10
ENSG00000248538_1,0.15416948,0.61803764,10
ENSG00000160439,1.8512828,2.4419606,10
ENSG00000136574,0.27786675,0.0,10
ENSG00000160113,1.9498454,1.9849322,10
ENSG00000267254,1.564389,0.0,10
ENSG00000159167,1.1203783,2.3371816,10
ENSG00000130513,1.908131,0.0,10
ENSG00000104915,2.2213278,2.162415,10
ENSG00000105514,1.655528,1.9500775,10
ENSG00000253138_1,0.17127293,0.0,10
ENSG00000160318,0.4719182,0.0,10
ENSG00000129353_1,1.0854715,1.124028,10
ENSG00000171105,2.371484,1.4537463,10
ENSG00000185015,2.0373464,1.4106592,10
ENSG00000171045,2.1779552,2.0744982,10
ENSG00000176406_1,1.1995417,1.1197177,10
ENSG00000176531,1.4433385,1.0917724,10
ENSG00000104823,2.5868082,3.24235,10
ENSG00000173334,2.12791,2.540188,10
ENSG00000182372_1,1.9821911,1.6656841,10
ENSG00000126453,2.214897,2.5683966,10
ENSG00000099821,2.1073773,2.074608,10
ENSG00000123154,1.8661978,0.0,10
ENSG00000166359,1.067055,0.79130036,10
ENSG00000221947,1.7135329,0.0,10
ENSG00000272138,1.3898494,1.1408222,10
ENSG00000164794,0.6876629,0.0,10
ENSG00000224910,0.97433734,0.0,10
ENSG00000104529,2.173713,1.2448286,10
ENSG00000105223_2,0.7544408,0.0,10
ENSG00000147421_1,2.1253407,1.2392119,10
ENSG00000105722_1,2.1477103,2.6905506,10
ENSG00000132541,2.2463264,0.0,10
ENSG00000104755_1,0.33971092,0.0,10
ENSG00000199652,0.11041576,2.327179,10
ENSG00000167680_1,1.357276,1.6274068,10
ENSG00000158806,0.90124625,1.2342186,10
ENSG00000179091,2.2321537,3.1595461,10
ENSG00000130208_3,0.467244,0.8786832,10
ENSG00000196235_1,3.0146334,3.1921492,10
ENSG00000197019,2.6739333,2.0747068,10
ENSG00000164893,0.10300629,0.0,10
ENSG00000185803_1,2.1319005,2.1125045,10
ENSG00000283959,2.5686705,1.6298375,10
ENSG00000076554_3,0.21600538,0.0,10
ENSG00000129355,2.6120205,1.9151359,10
ENSG00000178209_2,1.6544765,1.5851334,10
ENSG00000187664,0.47631553,0.0,10
ENSG00000164741,1.1601534,1.3411574,10
ENSG00000063180,1.3729391,1.0352296,10
ENSG00000038945_2,0.11364733,0.0,10
ENSG00000147650,2.4727986,1.9216344,10
ENSG00000130270,1.7917737,1.4814426,10
ENSG00000091879,0.29327822,0.5709747,10
ENSG00000196361,1.3197598,1.5021812,10
ENSG00000129422_3,0.20683981,0.0,10
ENSG00000161677,2.2820933,1.1677927,10
ENSG00000105404,1.7533627,1.9001273,10
ENSG00000160948_1,2.1595857,2.5793216,10
ENSG00000186529,0.1893092,0.0,10
ENSG00000105366_1,0.47237203,0.97312784,10
ENSG00000130748,1.9790363,2.337968,10
ENSG00000197483,2.2648935,1.5697308,10
ENSG00000203326,1.9569033,0.0,10
ENSG00000160439_2,0.1788452,0.48206282,10
ENSG00000125505,2.6216102,0.0,10
ENSG00000104826,0.2146664,0.0,10
ENSG00000104368_1,0.3501068,0.0,10
ENSG00000174917_1,2.3921711,0.0,10
ENSG00000159885,0.74952406,0.0,10
ENSG00000137574,2.603727,2.7633755,10
ENSG00000179271,2.2889082,3.24814,10
ENSG00000120885,0.27026424,0.0,10
ENSG00000147481_3,0.65304285,0.90608174,10
ENSG00000147432,0.14936158,0.0,10
ENSG00000130477_1,1.2085671,1.0777457,10
ENSG00000158856,1.0805471,1.2669134,10
ENSG00000136999,0.7458967,1.8870093,10
ENSG00000105372_1,3.0291283,1.8662224,10
ENSG00000099866,2.3001544,1.1868716,10
ENSG00000156170_1,2.5959802,2.2143352,10
ENSG00000267265,0.43679082,1.1609784,10
ENSG00000125656_1,0.8382858,0.0,10
ENSG00000167658_1,2.6070344,4.29064,10
ENSG00000198551,2.2834399,1.5307887,10
ENSG00000123146,0.54471576,1.1904157,10
ENSG00000159915,0.8084673,1.3333404,10
ENSG00000249709,2.710471,1.8786137,10
ENSG00000090006_6,1.7832396,1.7795964,10
ENSG00000105323,1.5829761,0.0,10
ENSG00000168575_1,1.6230483,0.49590495,10
ENSG00000187556,0.24954587,0.0,10
ENSG00000176909,0.70690197,0.0,10
ENSG00000180155_1,1.1693223,0.0,10
ENSG00000178093,1.2474116,0.83307695,10
ENSG00000291128,0.27768332,0.5180662,10
ENSG00000161551,0.7319127,1.3601767,10
ENSG00000254101_2,1.0737436,0.0,10
ENSG00000268480,0.16385576,0.6636727,10
ENSG00000253880,0.14702033,0.0,10
ENSG00000254521,0.3347464,1.5394524,10
ENSG00000171320,0.53630334,0.0,10
ENSG00000256294,1.6791476,1.9336036,10
ENSG00000121005_2,0.06347917,0.6414939,10
ENSG00000182566,0.32590353,0.0,10
ENSG00000186204,0.22704598,0.0,10
ENSG00000012061_3,2.2760847,1.6018536,10
ENSG00000279300,0.23768076,0.0,10
ENSG00000189068,0.4314662,0.77490366,10
ENSG00000080573,0.94489795,1.5222225,10
ENSG00000167702_1,1.7248813,1.1087679,10
ENSG00000032444,1.0191361,0.0,10
ENSG00000029534,1.2667232,1.2909268,10
ENSG00000105409,1.2640729,0.0,10
ENSG00000167483,0.82836825,0.0,10
ENSG00000104903_1,1.9206789,1.5016754,10
ENSG00000171056,1.2333814,1.2479978,10
ENSG00000173273_1,0.19203353,0.0,10
ENSG00000088247_1,2.7125566,3.3964295,10
ENSG00000197858,2.207174,2.2789454,10
ENSG00000198429,0.9268333,0.72684944,10
ENSG00000071655,2.550269,1.627847,10
ENSG00000077348,2.7990165,2.8217428,10
ENSG00000104472,2.6849484,2.7915714,10
ENSG00000076554_1,0.2054545,1.0164065,10
ENSG00000064490_2,2.099437,2.5506148,10
ENSG00000221914_1,1.8742979,1.0812752,10
ENSG00000039650_2,2.43016,2.2530665,10
ENSG00000104904,2.4933157,3.8710992,10
ENSG00000156795,2.4996023,2.3724148,10
ENSG00000170873,0.20741445,0.5632912,10
ENSG00000130749,2.803435,2.7276852,10
ENSG00000130299_2,2.0394733,2.1674297,10
ENSG00000104897,2.6475272,0.0,10
ENSG00000160410_1,1.5898033,1.2022158,10
ENSG00000253711,0.14699222,0.0,10
ENSG00000197256,1.817759,1.9020993,10
ENSG00000268889,2.5448778,2.0716095,10
ENSG00000147679,2.4481735,2.5826156,10
ENSG00000221983,2.5180337,3.7148845,10
ENSG00000005007_1,0.44796667,0.0,10
ENSG00000071626,2.6632192,2.2681637,10
ENSG00000090006_7,2.0025609,1.5163106,10
ENSG00000168490,0.716661,1.6206669,10
ENSG00000104805,1.6159265,2.537353,10
ENSG00000197054,2.3394775,1.2938485,10
ENSG00000249471,2.147936,1.894172,10
ENSG00000024422,0.926482,1.3748217,10
ENSG00000105669,2.651583,3.263108,10
ENSG00000268027,0.24790111,0.0,10
ENSG00000087088,2.7041194,2.7509563,10
ENSG00000269834,1.0263145,0.0,10
ENSG00000104432,1.0008961,0.0,10
ENSG00000104237,0.1418024,0.0,10
ENSG00000197380,2.0423048,1.4907448,10
ENSG00000205189_1,1.9768999,1.8778894,10
ENSG00000197134,0.34546944,1.3165154,10
ENSG00000221914,2.351343,2.9209368,10
ENSG00000104524,0.96085244,0.0,10
ENSG00000174429,0.34247544,0.76275355,10
ENSG00000142002_1,0.7471829,0.0,10
ENSG00000197128,1.0473014,1.8182787,10
ENSG00000076944,1.9409089,2.5674627,10
ENSG00000136986,0.3495585,0.0,10
ENSG00000130810,2.8043683,0.0,10
ENSG00000254288,0.25940678,0.8181401,10
ENSG00000198453,1.7096424,0.0,10
ENSG00000105173,1.9750358,2.2683089,10
ENSG00000105509,0.3369999,0.0,10
ENSG00000169946,1.4441501,1.6506766,10
ENSG00000120896_3,0.41040766,0.7935809,10
ENSG00000126266,1.7168168,0.0,10
ENSG00000182325,2.2705228,2.365705,10
ENSG00000126246_1,1.7813412,0.0,10
ENSG00000167654,1.0226185,1.4548448,10
ENSG00000164830_3,2.377094,1.8381687,10
ENSG00000251247_1,1.4605154,0.0,10
ENSG00000066777,2.3946953,2.4155376,10
ENSG00000253729_1,0.18253696,0.0,10
ENSG00000105369,2.5462532,3.6056552,10
ENSG00000104976_1,1.4327282,1.5043757,10
ENSG00000063176,2.7391431,2.3294427,10
ENSG00000205922,1.5616293,1.928447,10
ENSG00000095066_1,2.0895925,1.6628805,10
ENSG00000167232_1,1.9360404,2.2851927,10
ENSG00000188508,0.17862417,0.0,10
ENSG00000167562,2.0501797,2.2730012,10
ENSG00000180190,1.1633835,1.3878701,10
ENSG00000253658,0.09142758,0.0,10
ENSG00000104327,0.55481344,0.0,10
ENSG00000232024,0.34742445,2.349394,10
ENSG00000269289,0.14543597,0.0,10
