,Pred,actual,fold_idx
ENSG00000230285,0.18384951,0.95927995,1
ENSG00000169885,0.2709092,0.0,1
ENSG00000186197_1,1.4795616,1.7344638,1
ENSG00000116273,2.251474,2.153763,1
ENSG00000122224,1.4550294,0.0,1
ENSG00000229989_1,1.1337733,0.0,1
ENSG00000158887_2,0.32843518,0.8613552,1
ENSG00000126698,2.1516116,0.0,1
ENSG00000131910,0.63636035,0.0,1
ENSG00000143196,0.343997,0.0,1
ENSG00000154358,0.73092043,0.70205986,1
ENSG00000291158,0.53225535,0.0,1
ENSG00000132854,1.0916005,1.4685541,1
ENSG00000189171,0.29830825,0.0,1
ENSG00000127463,2.4694574,0.0,1
ENSG00000157978_1,0.32330436,0.0,1
ENSG00000162735,0.4059528,0.0,1
ENSG00000117152,0.14093095,0.0,1
ENSG00000142945,2.5904353,3.0206761,1
ENSG00000162551,1.323781,1.5975306,1
ENSG00000162896,0.5601577,1.0052663,1
ENSG00000130695,2.4624302,2.2866967,1
ENSG00000178096,1.1340072,0.0,1
ENSG00000198793,2.1779704,0.0,1
ENSG00000121905_2,0.886786,0.0,1
ENSG00000116721,0.07079757,0.0,1
ENSG00000117385,2.4857852,2.018301,1
ENSG00000180875,0.6220126,0.0,1
ENSG00000232480,1.3880048,0.0,1
ENSG00000133069,1.3858951,1.4671491,1
ENSG00000171824,2.0026937,3.0030985,1
ENSG00000235933,0.26560158,0.0,1
ENSG00000196878_1,0.26660168,0.0,1
ENSG00000197747,0.35307443,0.0,1
ENSG00000162913,1.1853027,1.0299112,1
ENSG00000092969,0.4683321,0.0,1
ENSG00000187048,0.27201504,0.0,1
ENSG00000182004,2.147597,3.5859118,1
ENSG00000185842,1.0082216,2.3393242,1
ENSG00000121940,2.3566065,2.5778134,1
ENSG00000160838,0.97253555,1.2653131,1
ENSG00000097021,0.5102645,0.0,1
ENSG00000130768,0.39072022,0.9284793,1
ENSG00000196352_1,2.6209395,2.73464,1
ENSG00000143390_2,2.777899,2.6576676,1
ENSG00000162493_2,0.17160282,0.75276273,1
ENSG00000207349,0.58597463,0.0,1
ENSG00000184292,1.467241,1.6620586,1
ENSG00000155380_1,2.53522,3.106806,1
ENSG00000188739,2.584109,2.7828379,1
ENSG00000168528_1,1.1831293,1.8106155,1
ENSG00000127481,0.22682759,0.0,1
ENSG00000097046,2.1649094,2.5916166,1
ENSG00000162630,0.36125436,0.70208573,1
ENSG00000285280,0.15696248,0.0,1
ENSG00000206828,2.296334,0.0,1
ENSG00000099260,0.33963507,0.0,1
ENSG00000158246,1.3013544,1.1408222,1
ENSG00000229956,1.987658,0.0,1
ENSG00000120333,0.31123778,1.0494041,1
ENSG00000183853,0.7333201,0.90955603,1
ENSG00000067606_1,0.43269265,0.0,1
ENSG00000116199,2.2280116,2.193959,1
ENSG00000118733_1,0.7839477,0.0,1
ENSG00000169991,2.0249631,1.9011912,1
ENSG00000176393,2.202906,2.5899272,1
ENSG00000177000_2,2.5505154,1.8597505,1
ENSG00000143514_1,0.14042863,0.92510575,1
ENSG00000143753,2.6333668,2.7327476,1
ENSG00000226919,0.15052232,0.0,1
ENSG00000159479,2.4393604,2.6366293,1
ENSG00000174059,0.9027437,1.1668266,1
ENSG00000273338,1.9025185,0.0,1
ENSG00000126709,1.8142014,0.0,1
ENSG00000116521_1,2.3464367,2.922014,1
ENSG00000171786,0.43471268,0.0,1
ENSG00000117616_1,2.4544215,2.7379348,1
ENSG00000237853,0.11744509,0.0,1
ENSG00000287808,2.0150583,0.0,1
ENSG00000116497,2.5310962,2.2168517,1
ENSG00000230489,0.73449624,1.0066799,1
ENSG00000159173_1,0.42837417,0.0,1
ENSG00000187801_1,2.230942,0.9368152,1
ENSG00000075151,2.2639096,2.3004932,1
ENSG00000117091,2.3027203,3.7228699,1
ENSG00000143384,2.7988126,3.1606336,1
ENSG00000137944,2.3947723,1.8375254,1
ENSG00000142698,0.8344834,1.4072889,1
ENSG00000127483_2,2.4808385,2.8525739,1
ENSG00000142676,2.4547336,0.0,1
ENSG00000116691,2.5729964,0.0,1
ENSG00000143793,2.1215112,2.2260945,1
ENSG00000185946,2.0813458,2.6608882,1
ENSG00000117594,0.25473252,0.8026438,1
ENSG00000175707,1.01149,1.3299468,1
ENSG00000154380,0.078643166,0.0,1
ENSG00000066136_2,1.7933545,0.0,1
ENSG00000142910_1,0.29988056,0.0,1
ENSG00000143337_1,2.8257468,1.8259451,1
ENSG00000156150,0.49601462,0.0,1
ENSG00000132681,0.3189595,0.0,1
ENSG00000143217,0.669516,0.0,1
ENSG00000266472,1.3195913,3.0421462,1
ENSG00000137947,2.2676618,3.0050046,1
ENSG00000171492,2.4184513,2.1830478,1
ENSG00000197769,0.32890582,0.0,1
ENSG00000196182,2.7820399,2.01127,1
ENSG00000281406_1,1.3801837,1.5176576,1
ENSG00000123684,2.2911882,2.4811988,1
ENSG00000215835,0.2171196,2.687536,1
ENSG00000143157,2.452238,2.5409422,1
ENSG00000189339,2.739844,2.0950997,1
ENSG00000075945,2.344177,3.1910455,1
ENSG00000189171_1,2.711365,3.1648405,1
ENSG00000117523,2.4286547,3.354888,1
ENSG00000234694,2.3207018,1.5119195,1
ENSG00000171960,1.982938,2.7005825,1
ENSG00000185155,1.4953637,1.3430736,1
ENSG00000227634,0.112655796,0.0,1
ENSG00000231252,0.10074008,0.3938734,1
ENSG00000158195,2.6740074,3.055768,1
ENSG00000137965,0.98087156,3.319333,1
ENSG00000295836,1.4414935,1.1782861,1
ENSG00000223382,0.6010675,0.0,1
ENSG00000134748,2.2827208,2.8818774,1
ENSG00000153363,2.356175,2.5497265,1
ENSG00000127124,2.207301,2.4892664,1
ENSG00000286109,0.25358447,0.0,1
ENSG00000171680,1.0499635,0.0,1
ENSG00000252826,0.36156073,0.73212826,1
ENSG00000053372,2.562866,2.3059316,1
ENSG00000163564,0.18258852,0.0,1
ENSG00000131591,1.6862597,1.8474,1
ENSG00000152763,0.14216262,0.0,1
ENSG00000152061_3,0.33152357,0.0,1
ENSG00000117009,1.1094761,0.0,1
ENSG00000242252,0.70393836,0.0,1
ENSG00000284668,0.29498032,0.70488805,1
ENSG00000241794,0.1542117,0.0,1
ENSG00000163202,0.112966515,0.0,1
ENSG00000179403,1.6984522,1.8648409,1
ENSG00000162753,0.107027896,0.0,1
ENSG00000160785,2.4857714,2.572932,1
ENSG00000036549_1,1.9512769,2.24968,1
ENSG00000198746,2.1297443,1.9996959,1
ENSG00000127129,0.98161507,1.2814356,1
ENSG00000157933_1,0.5404456,0.0,1
ENSG00000116833_1,0.7441701,0.6697816,1
ENSG00000180198_1,2.22401,2.460206,1
ENSG00000152061_2,0.08926394,0.0,1
ENSG00000228382,0.6796476,0.0,1
ENSG00000116750_1,1.7689764,1.7409229,1
ENSG00000162639,2.2684455,0.0,1
ENSG00000274265_1,1.8004936,1.6331148,1
ENSG00000142686,2.3190815,2.0684717,1
ENSG00000143106,2.5539312,3.3466816,1
ENSG00000160753_1,2.0649505,1.6288486,1
ENSG00000134644,2.4530709,0.0,1
ENSG00000197880,0.5340217,0.0,1
ENSG00000117139_1,1.5541544,1.0765312,1
ENSG00000117054_1,2.5970156,3.2407913,1
ENSG00000174606_1,2.0569837,2.412679,1
ENSG00000142864,2.648666,3.8623426,1
ENSG00000203709_1,2.2579973,1.7922025,1
ENSG00000160678,0.36475238,0.6005852,1
ENSG00000154429_2,1.1848096,1.8021817,1
ENSG00000143194,0.7726768,0.6818741,1
ENSG00000143507,0.5110921,0.0,1
ENSG00000143768,0.7138937,1.668521,1
ENSG00000169218,1.1490748,1.1894903,1
ENSG00000265241,2.5461795,3.0358257,1
ENSG00000143819,1.4363346,1.3123255,1
ENSG00000186063_1,1.9184549,0.0,1
ENSG00000162645,0.43216708,1.7474234,1
ENSG00000162923_1,0.18401897,0.0,1
ENSG00000162409,1.420681,1.7399598,1
ENSG00000160685,2.2044592,1.9938328,1
ENSG00000169972,2.0964286,1.9973034,1
ENSG00000156171,1.437897,2.5639472,1
ENSG00000198734,0.9332893,0.0,1
ENSG00000212144,0.18251234,0.0,1
ENSG00000173218,1.7250974,1.8426716,1
ENSG00000189433,0.32120267,0.0,1
ENSG00000288867,0.22714376,0.0,1
ENSG00000143842_1,0.115884505,0.0,1
ENSG00000184677,2.108355,2.4428654,1
ENSG00000168765,2.0070393,2.5133908,1
ENSG00000168264_2,2.6573722,3.2787879,1
ENSG00000207205,2.3078716,2.8987975,1
ENSG00000162694,1.0681274,0.0,1
ENSG00000196482,0.17042735,0.0,1
ENSG00000117594_1,0.16187483,0.0,1
ENSG00000120656,2.8168828,2.6915095,1
ENSG00000117115,0.3292101,0.0,1
ENSG00000171735,2.31445,1.8829285,1
ENSG00000116668,2.1031158,1.4729465,1
ENSG00000073756,0.82881695,1.5712312,1
ENSG00000163154,1.1795158,0.0,1
ENSG00000058804,2.5476465,2.9215217,1
ENSG00000179546,1.4147699,1.264629,1
ENSG00000092621,1.0426692,2.608739,1
ENSG00000182866,2.3819067,2.527894,1
ENSG00000143155,2.5634086,1.824939,1
ENSG00000236963_1,0.2681625,0.86335856,1
ENSG00000082512_1,2.4542444,2.3146024,1
ENSG00000203857,0.099087976,0.0,1
ENSG00000143552,0.4821161,0.0,1
ENSG00000143390_1,2.200312,1.5188297,1
ENSG00000092850,0.79124606,1.008089,1
ENSG00000132688,0.57701105,1.1867586,1
ENSG00000158786,0.22425398,0.0,1
ENSG00000242485,2.5632367,3.3341298,1
ENSG00000231507,2.859727,1.5560576,1
ENSG00000142937,2.5939257,3.3731768,1
ENSG00000177272,1.8466113,1.6200423,1
ENSG00000123689,1.1961172,2.2534542,1
ENSG00000143621,2.5276313,0.0,1
ENSG00000043514,2.1043432,2.6999044,1
ENSG00000122481,2.054288,2.3671284,1
ENSG00000185519,1.4469497,1.4166905,1
ENSG00000143845_1,1.444036,1.3212255,1
ENSG00000169598,2.1614194,2.0622735,1
ENSG00000081026,1.9114857,1.480998,1
ENSG00000171722,0.05527886,0.0,1
ENSG00000116688_2,2.4796453,0.0,1
ENSG00000116871_1,2.6400573,2.3509765,1
ENSG00000116741,1.5721388,0.0,1
ENSG00000174175,0.086848624,0.0,1
ENSG00000233791_1,2.776799,1.932631,1
ENSG00000011007,2.5802858,2.844392,1
ENSG00000224174,0.5513135,0.0,1
ENSG00000009307,2.7163866,3.8464768,1
ENSG00000162711,0.5297006,1.6542189,1
ENSG00000057252,2.1868193,2.951259,1
ENSG00000142632,1.3327711,1.080085,1
ENSG00000162909,0.3220815,0.0,1
ENSG00000116171,1.1491448,1.7946972,1
ENSG00000142973_1,0.1668779,0.0,1
ENSG00000223745,2.550791,2.3663595,1
ENSG00000135773,0.3782398,0.0,1
ENSG00000230623,0.33489516,1.3265673,1
ENSG00000134371_1,1.8579807,1.3971053,1
ENSG00000143850_1,0.55678815,1.0351815,1
ENSG00000076321,2.0812387,2.187374,1
ENSG00000143337_4,1.0317802,0.0,1
ENSG00000137936_3,0.23135963,0.0,1
ENSG00000160767,0.43591186,1.0218092,1
ENSG00000072694,1.2096413,0.0,1
ENSG00000235358,2.273762,1.2901905,1
ENSG00000197959,1.6962817,1.5034775,1
ENSG00000117450,2.5327709,3.76979,1
ENSG00000134243_1,1.7330031,2.0278957,1
ENSG00000163157,0.2854849,0.0,1
ENSG00000142677,0.29994977,0.0,1
ENSG00000076864_2,1.4079802,1.611075,1
ENSG00000160789_7,1.001689,0.0,1
ENSG00000227043,0.06365424,0.0,1
ENSG00000237928,0.1911524,0.0,1
ENSG00000162745_1,1.2400993,0.9821808,1
ENSG00000282221,1.2346988,1.4577684,1
ENSG00000291156,1.3973651,0.0,1
ENSG00000228126,1.9256334,0.0,1
ENSG00000120370,2.4496315,2.4617987,1
ENSG00000143376,2.0238285,2.3296216,1
ENSG00000085832_1,2.3888323,2.7181554,1
ENSG00000233290,0.11635988,0.0,1
ENSG00000227811,1.3091044,0.8898617,1
ENSG00000117625_1,1.8105991,1.1570244,1
ENSG00000156869_1,1.1034598,0.0,1
ENSG00000143185,0.15863669,3.9153345,1
ENSG00000117697,2.449036,2.6652489,1
ENSG00000143776,1.5176361,1.8366911,1
ENSG00000117419,0.15273497,0.0,1
ENSG00000162385,2.1470342,0.0,1
ENSG00000163431,0.6956156,0.67886424,1
ENSG00000162757,2.3248255,1.7539529,1
ENSG00000011009,1.8996528,2.279546,1
ENSG00000117054,2.485039,3.2445939,1
ENSG00000162851,2.3625884,2.734479,1
ENSG00000186063,2.451449,2.5148225,1
ENSG00000117475_1,1.7868314,1.7344813,1
ENSG00000116747_1,2.6479785,2.828642,1
ENSG00000116288_1,2.4766662,1.2894998,1
ENSG00000121769,0.56605273,0.0,1
ENSG00000117481,2.4116895,2.363311,1
ENSG00000171612,2.4388018,2.406506,1
ENSG00000174151,2.0676236,1.8135009,1
ENSG00000159208_1,0.6123219,0.0,1
ENSG00000132692,1.3355424,1.7712493,1
ENSG00000078808,2.5375752,2.8134768,1
ENSG00000230461_1,0.90909475,0.67585164,1
ENSG00000162522,1.6603363,1.323314,1
ENSG00000162923,2.048659,2.9410243,1
ENSG00000122180,0.6079761,0.0,1
ENSG00000154309,1.5626738,0.0,1
ENSG00000158769,2.1754797,2.5891764,1
ENSG00000189409,0.865864,0.0,1
ENSG00000125703,2.351051,0.0,1
ENSG00000272031,2.0982301,1.4582449,1
ENSG00000162437,1.604996,1.6500452,1
ENSG00000189410,0.64858925,1.1020218,1
ENSG00000188859,1.890943,2.2659023,1
ENSG00000189337_1,1.766011,2.0686646,1
ENSG00000274210,2.7509904,3.1989264,1
ENSG00000176256,0.1567559,0.59328604,1
ENSG00000162511,2.4649165,3.5840778,1
ENSG00000168765_1,1.8595698,1.8154781,1
ENSG00000133069_2,0.35236186,0.0,1
ENSG00000130762,1.5820405,1.4045259,1
ENSG00000162551_1,0.20176376,0.7076553,1
ENSG00000227907,0.17868915,0.0,1
ENSG00000117450_1,0.28242016,0.0,1
ENSG00000163479_1,1.5195465,3.0602672,1
ENSG00000225767,0.47971338,0.78899515,1
ENSG00000076356,1.4963682,1.4527521,1
ENSG00000143147,1.5169282,1.2850394,1
ENSG00000243062,0.08965968,0.0,1
ENSG00000163221,0.16261566,0.0,1
ENSG00000204219,0.9706372,1.0940937,1
ENSG00000176022,2.654843,2.0126686,1
ENSG00000227066,0.17957237,0.0,1
ENSG00000285053_1,0.41507924,0.0,1
ENSG00000117118_1,2.3205855,3.2154815,1
ENSG00000154305,2.010329,2.4238863,1
ENSG00000184588_2,0.09121657,0.0,1
ENSG00000143569,2.7181184,2.9303172,1
ENSG00000143318,0.42814854,0.0,1
ENSG00000198912,2.6513932,2.665246,1
ENSG00000162438,0.2544165,0.0,1
ENSG00000079739,2.0940995,2.5995884,1
ENSG00000081692,2.364331,0.0,1
ENSG00000188822,1.5857129,0.0,1
ENSG00000228526_1,1.0378406,0.0,1
ENSG00000162771,0.24687234,0.0,1
ENSG00000143622,0.9678483,1.3185225,1
ENSG00000163041,2.6831913,3.7494226,1
ENSG00000154027,1.4272481,1.5097132,1
ENSG00000143543,2.513778,2.8182523,1
ENSG00000116761,2.090851,2.2642794,1
ENSG00000238260,1.9144626,0.0,1
ENSG00000162413,2.4393005,2.0805542,1
ENSG00000176320,0.10030591,0.0,1
ENSG00000116337,2.2124684,2.289531,1
ENSG00000180758,2.2423265,1.5659304,1
ENSG00000188984,0.2803359,0.0,1
ENSG00000064703_2,2.4391816,2.5381362,1
ENSG00000116698,2.6189928,2.570718,1
ENSG00000187513,0.7948546,0.92510575,1
ENSG00000058453,0.28434128,0.9284696,1
ENSG00000186283,2.4406588,2.6561422,1
ENSG00000143353,2.3179991,2.6832263,1
ENSG00000171357,0.8514574,0.9716469,1
ENSG00000174371,2.2591274,2.291775,1
ENSG00000160741,0.29471996,0.0,1
ENSG00000179397,1.7490449,0.0,1
ENSG00000284719,1.611758,0.0,1
ENSG00000117448,2.4454792,2.959089,1
ENSG00000136628,2.5219984,3.3037682,1
ENSG00000143315,1.7091626,2.09072,1
ENSG00000233008,0.65522915,0.0,1
ENSG00000085831_1,1.245785,0.0,1
ENSG00000116745,0.19840154,0.0,1
ENSG00000121905,0.6917963,0.0,1
ENSG00000117009_1,0.90696573,0.0,1
ENSG00000133067,1.0879471,1.3814942,1
ENSG00000143119,0.949445,2.525199,1
ENSG00000162461,0.79802835,0.0,1
ENSG00000196188,0.34764883,0.0,1
ENSG00000162522_1,1.2327081,1.1839528,1
ENSG00000117479,2.3978357,2.0131617,1
ENSG00000187554,1.6055608,1.8559963,1
ENSG00000187583,1.0358707,1.2074647,1
ENSG00000223075,0.14481035,0.0,1
ENSG00000117152_1,0.2702417,0.0,1
ENSG00000240386,0.14401191,0.0,1
ENSG00000117602,0.87498486,1.2938728,1
ENSG00000143549_1,2.6186764,3.8593628,1
ENSG00000116750,2.5880976,2.961849,1
ENSG00000233730,0.5052699,0.0,1
ENSG00000163873,1.6581606,1.6116596,1
ENSG00000064703_1,2.409085,2.656491,1
ENSG00000118729,0.15209827,0.0,1
ENSG00000265491,2.4607308,2.833195,1
ENSG00000118473,0.5864457,0.0,1
ENSG00000189280,0.23673216,0.0,1
ENSG00000162735_1,1.7469234,2.62893,1
ENSG00000143452,0.3778759,0.0,1
ENSG00000163393,1.3451912,1.2615246,1
ENSG00000143630,1.6008902,1.4379566,1
ENSG00000162377,2.0589924,2.294197,1
ENSG00000186197,0.15048033,0.0,1
ENSG00000116584_2,2.4797614,2.8546824,1
ENSG00000164007,0.91632414,0.0,1
ENSG00000163467,2.4684165,0.0,1
ENSG00000184005,1.1508424,0.0,1
ENSG00000082497,1.5092511,1.4369097,1
ENSG00000134215_1,1.7325547,1.9230107,1
ENSG00000133019_2,0.096726246,0.0,1
ENSG00000204084_1,1.5009573,0.0,1
ENSG00000116138,2.339577,2.0989861,1
ENSG00000134259,0.81733096,1.3494252,1
ENSG00000157064,0.7638572,0.0,1
ENSG00000180198,2.2571452,4.0805798,1
ENSG00000284657,2.438368,1.8990705,1
ENSG00000118194_1,0.26272297,0.0,1
ENSG00000143337_2,2.9317155,2.9037952,1
ENSG00000131686,0.15765244,0.0,1
ENSG00000116954,2.4918776,2.2117424,1
ENSG00000117480,1.3573579,1.3588862,1
ENSG00000203852,2.670337,3.7737339,1
ENSG00000207340,0.57331324,0.0,1
ENSG00000143365_1,0.37884066,0.0,1
ENSG00000117308,0.77222645,0.0,1
ENSG00000117139,0.098428465,0.47259557,1
ENSG00000183317,0.9455223,1.2851295,1
ENSG00000116685,2.3763773,2.6026404,1
ENSG00000133063,0.26324016,0.0,1
ENSG00000014914_2,0.33390597,0.0,1
ENSG00000149527_1,0.42260498,0.0,1
ENSG00000199879,0.8154314,1.9382274,1
ENSG00000119535,0.23599482,0.0,1
ENSG00000054116,2.674929,2.690699,1
ENSG00000001461,1.5148916,0.0,1
ENSG00000158006,1.3911562,0.0,1
ENSG00000224965,1.5005413,0.0,1
ENSG00000117528,2.2164586,2.601295,1
ENSG00000143226_1,0.24157798,0.0,1
ENSG00000162365,0.2471532,0.0,1
ENSG00000272106,2.5179403,1.6691308,1
ENSG00000066136,2.558161,2.932286,1
ENSG00000188396,1.815046,0.0,1
ENSG00000117472,0.24268663,0.0,1
ENSG00000117601,0.17248166,0.0,1
ENSG00000116701_1,2.460438,3.019158,1
ENSG00000085831,0.64596546,0.8633645,1
ENSG00000117360,2.3732183,2.7807896,1
ENSG00000116205,2.5127866,2.3582356,1
ENSG00000293279,2.3534017,0.0,1
ENSG00000026751,1.5590651,3.2565253,1
ENSG00000286391,1.0822158,0.5180662,1
ENSG00000183814,2.4867127,2.3473125,1
ENSG00000121905_1,1.1583427,1.0656544,1
ENSG00000134369_2,0.13313156,0.0,1
ENSG00000117395,2.1804059,3.229999,1
ENSG00000181218,2.0451443,2.4421644,1
ENSG00000162817,1.2746227,1.5755111,1
ENSG00000197472,1.3364054,0.6381597,1
ENSG00000134184,1.4017985,2.5584314,1
ENSG00000187017_1,1.3588513,1.334494,1
ENSG00000134201,0.8243319,1.1399388,1
ENSG00000219073,0.1586408,0.0,1
ENSG00000234546,2.2104137,2.2907023,1
ENSG00000250719,0.25221336,0.0,1
ENSG00000276600,0.44355968,0.9880236,1
ENSG00000162419,2.7050211,2.2378705,1
ENSG00000027869,0.962675,2.136971,1
ENSG00000159423,2.2905486,2.08152,1
ENSG00000174574,2.487961,2.9102812,1
ENSG00000168118,1.7730241,2.281129,1
ENSG00000203782,0.17399424,0.0,1
ENSG00000143322,0.15837285,0.0,1
ENSG00000228606,0.91739917,1.3023525,1
ENSG00000132693,0.12506816,0.0,1
ENSG00000135828,1.5142992,0.0,1
ENSG00000117400,0.24883905,0.0,1
ENSG00000048707,1.4832187,0.0,1
ENSG00000131791,2.3819406,1.9750594,1
ENSG00000169962,0.68514955,0.0,1
ENSG00000159166_1,1.2111981,1.0094934,1
ENSG00000134222,1.7622046,1.446767,1
ENSG00000198715_1,0.5202117,0.0,1
ENSG00000233514,0.26150662,2.0888658,1
ENSG00000120942,2.3500292,2.7220478,1
ENSG00000117602_1,1.6900215,1.2423675,1
ENSG00000134193,0.09929646,0.0,1
ENSG00000228526_2,1.18487,1.6676135,1
ENSG00000132773,2.6696765,2.3646336,1
ENSG00000162434,2.3207476,2.5316067,1
ENSG00000172155,0.16438103,0.0,1
ENSG00000181036,0.41960752,0.0,1
ENSG00000228192,1.6837196,1.8268778,1
ENSG00000159189,0.2679658,0.0,1
ENSG00000014914_1,0.339734,0.8071493,1
ENSG00000162383,0.54464966,1.218903,1
ENSG00000244094,0.090330444,0.0,1
ENSG00000020129,2.6130388,2.3779416,1
ENSG00000163346,1.5066993,0.0,1
ENSG00000143669_1,1.0722067,1.1985168,1
ENSG00000158481,0.3506512,1.8215135,1
ENSG00000186226,0.21001267,0.0,1
ENSG00000162396,2.33858,0.0,1
ENSG00000065243,2.5046225,2.571596,1
ENSG00000162641,0.1626085,0.71598667,1
ENSG00000143847,1.6414025,1.9408699,1
ENSG00000117133,1.7451411,2.962863,1
ENSG00000169905,1.1592352,2.7762935,1
ENSG00000198492_1,2.7927258,3.1109633,1
ENSG00000077522,1.4957894,1.3826113,1
ENSG00000049245,2.1737998,2.30656,1
ENSG00000187180,0.15730095,0.0,1
ENSG00000143443,1.1317694,1.3150252,1
ENSG00000117597,1.6739506,2.6951277,1
ENSG00000134243,0.21212718,0.0,1
ENSG00000130939,2.4933372,2.4635198,1
ENSG00000049089_2,1.2167434,1.0390967,1
ENSG00000143341,0.84147507,0.0,1
ENSG00000263961,1.8686903,1.0632057,1
ENSG00000117632_1,1.741246,1.8063991,1
ENSG00000213047_2,1.5615425,1.5114822,1
ENSG00000160712,1.9143167,1.9521141,1
ENSG00000163877,1.9037265,2.5015864,1
ENSG00000142583_3,0.25222304,0.0,1
ENSG00000231365,2.5873234,2.8946095,1
ENSG00000162688_1,0.2978634,0.7936249,1
ENSG00000009709,0.8818538,1.4432019,1
ENSG00000160049,2.3964689,0.0,1
ENSG00000222009_1,0.99396276,0.0,1
ENSG00000162897,0.30684084,0.0,1
ENSG00000143751,2.639837,0.0,1
ENSG00000143514_2,2.2376697,2.1310313,1
ENSG00000133056,2.5867274,2.5034912,1
ENSG00000160714,2.8003519,2.445682,1
ENSG00000121931,2.7530382,2.646538,1
ENSG00000116212,2.2593,2.5334797,1
ENSG00000198570,0.57719564,0.64466506,1
ENSG00000069702,1.8185401,1.77938,1
ENSG00000143195,1.723244,1.5463872,1
ENSG00000173728,0.36045048,0.0,1
ENSG00000163565_1,1.6809353,2.8200483,1
ENSG00000079277,2.165802,0.0,1
ENSG00000186517,2.6654534,2.4862235,1
ENSG00000177000,0.18147829,0.0,1
ENSG00000120333_1,2.4431503,2.8492498,1
ENSG00000162490,1.4757867,1.2488312,1
ENSG00000142657_1,1.8766582,1.1356541,1
ENSG00000163867,2.0060787,2.2785707,1
ENSG00000117335,2.5617697,3.181512,1
ENSG00000065978,2.643677,4.078283,1
ENSG00000053371,2.4178398,2.5411272,1
ENSG00000197520,0.1938535,0.0,1
ENSG00000163874,2.4463413,2.35858,1
ENSG00000125462_4,0.21176648,0.0,1
ENSG00000097096,1.824322,1.3564657,1
ENSG00000198892_1,1.1462543,0.0,1
ENSG00000157978,1.7706611,2.308639,1
ENSG00000117751,2.453246,2.4356964,1
ENSG00000066056,0.20178252,0.0,1
ENSG00000154429,2.149218,2.1678548,1
ENSG00000158793,2.4622817,2.1180828,1
ENSG00000197921,1.46384,1.7552801,1
ENSG00000036549,0.20414576,0.0,1
ENSG00000120334_1,2.438483,2.9142585,1
ENSG00000117054_2,2.5589359,3.2250843,1
ENSG00000163362,0.54271007,0.0,1
ENSG00000184007_2,2.9689953,3.5611086,1
ENSG00000117151,2.5920331,2.4953458,1
ENSG00000134242,1.789506,2.6933486,1
ENSG00000122435,2.345915,2.4945483,1
ENSG00000225206_2,0.0960438,0.0,1
ENSG00000215906,0.24450925,0.0,1
ENSG00000127481_1,2.7783763,2.9878852,1
ENSG00000252501,0.13220075,1.4452274,1
ENSG00000171488,2.4188764,2.3139937,1
ENSG00000237413,0.08482178,0.0,1
ENSG00000232671,2.6848,1.3663296,1
ENSG00000155380,0.18985522,0.0,1
ENSG00000277610,1.6610191,0.0,1
ENSG00000291123,1.5292603,1.7729082,1
ENSG00000274020,0.10915377,0.0,1
ENSG00000282718,0.49856737,0.6478923,1
ENSG00000132677,0.86042404,0.0,1
ENSG00000229258,0.42989284,0.6478718,1
ENSG00000143367,1.4431447,1.2496141,1
ENSG00000116731,2.4444847,2.2842028,1
ENSG00000097021_1,0.4344683,0.0,1
ENSG00000162909_1,1.8371414,2.0049744,1
ENSG00000287452,0.1948953,0.0,1
ENSG00000185420,0.4422394,0.0,1
ENSG00000024526,2.0577605,2.5965598,1
ENSG00000178104_1,0.9572318,0.0,1
ENSG00000174307,2.2638552,2.1232145,1
ENSG00000159409,0.5892196,1.1357018,1
ENSG00000162813_1,1.2010438,0.90607095,1
ENSG00000156097,0.32635418,0.0,1
ENSG00000162616_1,2.076523,0.0,1
ENSG00000291138,0.2182844,0.0,1
ENSG00000173662,0.55134124,0.0,1
ENSG00000173641,0.65529203,0.9561684,1
ENSG00000157193,1.7527316,1.1098821,1
ENSG00000143319,2.5575325,2.738366,1
ENSG00000143774,2.7911754,3.0628188,1
ENSG00000172456_2,2.2109046,1.3326,1
ENSG00000116337_3,2.0524416,0.0,1
ENSG00000212916,1.9931407,1.9221387,1
ENSG00000126106,2.2700865,2.1177485,1
ENSG00000162441_1,2.4159272,2.1647394,1
ENSG00000117682,1.9945838,2.047045,1
ENSG00000011021,2.484214,2.0253305,1
ENSG00000231663_1,2.623717,3.0051377,1
ENSG00000215808,0.13483316,0.0,1
ENSG00000116754_1,2.4674244,3.0253263,1
ENSG00000121903,1.7160969,1.6919916,1
ENSG00000007341,1.0659645,0.0,1
ENSG00000135750_1,0.1776635,0.0,1
ENSG00000117245_1,1.4037974,1.3960074,1
ENSG00000162892,0.21199003,0.0,1
ENSG00000116489,2.6098483,3.7534306,1
ENSG00000116690,0.12678695,0.0,1
ENSG00000143839,0.22833696,0.0,1
ENSG00000142583_1,1.0815828,0.0,1
ENSG00000143320_1,0.8387434,0.7105151,1
ENSG00000143641,2.5849717,2.163239,1
ENSG00000185842_1,0.07846706,0.0,1
ENSG00000230138,0.7490911,0.0,1
ENSG00000048707_2,0.13140109,0.0,1
ENSG00000162373,0.90846455,0.96238357,1
ENSG00000066322,2.410759,2.7537355,1
ENSG00000284543,0.6694897,2.407357,1
ENSG00000174514_2,1.066073,2.211094,1
ENSG00000158714,0.556409,0.0,1
ENSG00000162415,1.5646434,1.380356,1
ENSG00000090273,2.5249336,3.4186046,1
ENSG00000157216_2,0.1971338,0.0,1
ENSG00000233461_1,2.4028556,1.3937296,1
ENSG00000163565,0.29885727,0.0,1
ENSG00000225206,0.59911895,0.5474301,1
ENSG00000143353_1,2.2707222,1.2014599,1
ENSG00000184163,1.4326847,1.2463754,1
ENSG00000142700,0.8397436,1.3101813,1
ENSG00000230630_1,0.27936372,0.0,1
ENSG00000142949_1,1.507627,1.5769055,1
ENSG00000134376,0.1886574,0.0,1
ENSG00000085433,2.0110211,1.9954202,1
ENSG00000196189_1,1.413816,0.97160053,1
ENSG00000121774,2.9887412,3.6362872,1
ENSG00000143437_1,2.4711416,2.300791,1
ENSG00000171729,0.82445735,0.76520646,1
ENSG00000188672,0.38015088,0.0,1
ENSG00000290735,1.1493464,2.9276063,1
ENSG00000116266,2.489679,2.6209114,1
ENSG00000130766,2.1009142,2.2074673,1
ENSG00000143442,1.8416936,2.1207714,1
ENSG00000117016,1.0417606,0.0,1
ENSG00000243480,0.20012492,0.6574479,1
ENSG00000143457,1.3799834,2.5204115,1
ENSG00000224051_1,1.4802415,0.0,1
ENSG00000177414,0.25067678,0.0,1
ENSG00000070785,1.9764154,0.0,1
ENSG00000064886,0.39998934,0.0,1
ENSG00000143153,1.930441,2.683038,1
ENSG00000163159,2.244175,2.4270866,1
ENSG00000157870,2.0835803,1.6721256,1
ENSG00000162676,1.4123592,1.9313053,1
ENSG00000203814,2.0095446,4.2237372,1
ENSG00000143119_1,2.0746071,3.1615837,1
ENSG00000117280,1.3376721,2.5083008,1
ENSG00000213085,0.67123175,0.70212024,1
ENSG00000269113,1.449338,1.156034,1
ENSG00000240021,0.32305634,0.0,1
ENSG00000288905,0.8736025,0.0,1
ENSG00000133226,2.6963475,3.306099,1
ENSG00000153187_2,1.8380051,2.2858272,1
ENSG00000130775,2.1360867,2.765459,1
ENSG00000127603,2.3274567,1.8028557,1
ENSG00000116337_1,1.3112509,1.0789279,1
ENSG00000163374,2.6569135,2.2032778,1
ENSG00000282048,0.11940492,0.0,1
ENSG00000143702_2,2.5552566,2.5948012,1
ENSG00000143499,2.3256598,2.0640085,1
ENSG00000198049,0.9811356,0.0,1
ENSG00000143850,0.34041432,0.0,1
ENSG00000215845,2.0561576,2.3745835,1
ENSG00000054392,0.31012663,0.0,1
ENSG00000198744,2.6436398,3.5870147,1
ENSG00000131778,2.2682326,2.6230104,1
ENSG00000077585,2.2135615,2.9887862,1
ENSG00000171680_3,1.450846,1.3286242,1
ENSG00000228794_1,2.4837153,2.37289,1
ENSG00000188404,0.23150393,0.0,1
ENSG00000197721,1.0997379,1.0894458,1
ENSG00000131779,2.341142,2.6325555,1
ENSG00000197568,2.5428627,2.1178775,1
ENSG00000231666,0.14493924,0.0,1
ENSG00000158859,0.33621395,1.1345915,1
ENSG00000117298,0.53849155,1.2224563,1
ENSG00000090621,1.8967054,0.0,1
ENSG00000135821_1,2.2925475,0.0,1
ENSG00000162836_1,1.3915548,1.3325273,1
ENSG00000184678,2.5569975,4.452651,1
ENSG00000162813,1.67171,0.0,1
ENSG00000185483,1.3914741,1.3443923,1
ENSG00000162594,0.47069028,0.0,1
ENSG00000233290_1,0.09896385,0.0,1
ENSG00000135824,0.5779216,0.0,1
ENSG00000162402,2.5450675,2.3900921,1
ENSG00000092978,1.7982401,0.0,1
ENSG00000260088,2.502631,2.2207355,1
ENSG00000142621_1,1.2041423,0.75277036,1
ENSG00000123091,2.5092852,2.0511525,1
ENSG00000291137,0.30546996,0.0,1
ENSG00000143379,1.7931628,1.9195853,1
ENSG00000142694,1.6239111,1.3601085,1
ENSG00000117707,1.0551811,1.5921879,1
ENSG00000055732,1.5110489,1.1540282,1
ENSG00000117411,2.0015001,2.2170758,1
ENSG00000116882,0.09622943,0.0,1
ENSG00000162613,2.9821951,3.722029,1
ENSG00000186150,0.38975894,0.0,1
ENSG00000143322_1,1.9324743,1.936755,1
ENSG00000001460,0.93670774,1.4184008,1
ENSG00000236963,0.14431071,0.0,1
ENSG00000157184,2.408387,2.598983,1
ENSG00000198626,1.515152,1.526559,1
ENSG00000162493_1,0.9270389,0.0,1
ENSG00000173947,1.217843,0.0,1
ENSG00000009709_1,1.0885302,0.8652935,1
ENSG00000143006,0.9534734,1.2075806,1
ENSG00000074964,1.606508,1.7735816,1
ENSG00000285873,1.8877102,1.7755085,1
ENSG00000143162,2.0727499,2.542458,1
ENSG00000116218,1.1124299,1.4856917,1
ENSG00000132122,0.12445872,0.0,1
ENSG00000162739,1.5337672,2.9052534,1
ENSG00000187889,0.34290528,0.0,1
ENSG00000169242,1.1952388,1.3319938,1
ENSG00000250734,0.3508076,0.8898617,1
ENSG00000097033,2.5450165,0.0,1
ENSG00000183155,2.575514,2.5343091,1
ENSG00000143416,0.3653297,0.0,1
ENSG00000134668_1,0.2764458,0.0,1
ENSG00000009780,2.5899124,1.6966271,1
ENSG00000117525,1.234867,1.1510326,1
ENSG00000143669,2.6561506,1.892929,1
ENSG00000143164,2.4784567,2.7528012,1
ENSG00000236021_1,2.236283,0.0,1
ENSG00000186056,2.6391208,1.7264909,1
ENSG00000198842,0.13405618,0.0,1
ENSG00000142615,0.13532874,0.0,1
ENSG00000291158_2,1.8552144,2.4165573,1
ENSG00000236021,2.472902,1.7983744,1
ENSG00000274428,0.78641677,0.0,1
ENSG00000158874,0.23956135,1.1142439,1
ENSG00000117305,2.2731235,0.0,1
ENSG00000116985,1.8698435,2.0785294,1
ENSG00000058673,2.2682302,2.8827345,1
ENSG00000025800,2.240095,2.7999005,1
ENSG00000067334,2.03136,2.6503289,1
ENSG00000116584_3,1.9512125,1.7587606,1
ENSG00000131788,2.372024,2.0136082,1
ENSG00000170075,0.8123152,0.0,1
ENSG00000197780,2.2221878,2.8179445,1
ENSG00000132906,2.4762745,0.0,1
ENSG00000163348,2.7914815,2.6190233,1
ENSG00000238287,2.0294805,0.0,1
ENSG00000117632,0.9006707,0.0,1
ENSG00000158062,2.189668,2.1494007,1
ENSG00000135842,1.6776377,2.7458732,1
ENSG00000185668,1.821037,2.386142,1
ENSG00000088280,0.69964844,0.0,1
ENSG00000086015,2.1263678,0.0,1
ENSG00000233621,2.199783,0.0,1
ENSG00000234741_1,2.3255985,3.0702116,1
ENSG00000143862,2.311261,2.6354938,1
ENSG00000134717,2.5087802,3.0656283,1
ENSG00000081248,0.37719366,0.0,1
ENSG00000162576,0.5958827,0.0,1
ENSG00000229989,0.33663228,0.0,1
ENSG00000117411_1,0.92712486,1.2753482,1
ENSG00000143376_1,2.306686,1.8191885,1
ENSG00000116525,1.3946071,2.0569239,1
ENSG00000127124_1,0.29753727,0.63813967,1
ENSG00000160097,1.4987266,1.578536,1
ENSG00000142599_1,1.0115769,0.0,1
ENSG00000116990,1.8450384,1.3645698,1
ENSG00000081019_1,2.563927,2.5041173,1
ENSG00000164011,2.3850005,2.1043437,1
ENSG00000007908_1,0.13812968,0.0,1
ENSG00000143498,1.6330237,2.329644,1
ENSG00000232093,1.8850443,1.3589243,1
ENSG00000197956,1.2581387,0.0,1
ENSG00000121900,1.4074339,1.3191268,1
ENSG00000153187_1,0.56807643,0.0,1
ENSG00000203859,0.08707858,0.0,1
ENSG00000287453,0.18343475,0.0,1
ENSG00000119280_1,0.7755101,0.81600255,1
ENSG00000196187_1,0.45399332,0.0,1
ENSG00000117154,1.5024376,1.7173376,1
ENSG00000130940,1.2263653,1.5193028,1
ENSG00000183520,2.4353006,3.064368,1
ENSG00000224968,0.12732944,0.86136115,1
ENSG00000117713,2.5953462,2.5148,1
ENSG00000143363,1.9868361,0.0,1
ENSG00000226419,2.5193207,2.3839588,1
ENSG00000117122,0.3170577,0.6636538,1
ENSG00000143228,2.3085892,2.9369025,1
ENSG00000126088,1.4819944,0.0,1
ENSG00000143398,2.252757,2.6851737,1
ENSG00000168389,2.2161794,2.541222,1
ENSG00000082482_1,1.2630224,1.6224109,1
ENSG00000143183,2.3853853,3.129764,1
ENSG00000160783,2.5037782,2.9131248,1
ENSG00000159214_1,1.7860484,1.2552484,1
ENSG00000160752,2.7408729,0.0,1
ENSG00000287217,0.28282693,0.0,1
ENSG00000285554,2.4556258,2.385474,1
ENSG00000176393_1,1.1877083,0.0,1
ENSG00000240563,0.31235674,0.47259557,1
ENSG00000134369_1,1.1979935,1.2599521,1
ENSG00000185104,2.6193159,2.5609105,1
ENSG00000153936,2.6156073,2.3597975,1
ENSG00000162704,2.765405,3.732504,1
ENSG00000078618_2,2.735761,2.8462567,1
ENSG00000135870,2.4626105,2.411788,1
ENSG00000227733_1,0.26238713,0.5671323,1
ENSG00000118733,0.22043985,0.0,1
ENSG00000122417_1,1.8778594,2.051307,1
ENSG00000178395,1.0832927,0.96085113,1
ENSG00000137936,0.29334065,0.0,1
ENSG00000184588_5,0.26189017,0.67584246,1
ENSG00000278274,0.8107463,1.1783149,1
ENSG00000163220,0.27934837,0.0,1
ENSG00000243364,1.4901543,2.2154896,1
ENSG00000184007_1,2.1979473,1.4107097,1
ENSG00000226067,1.8918011,0.0,1
ENSG00000143373,2.8413167,2.1879435,1
ENSG00000134369_3,0.49445626,0.0,1
ENSG00000213047,2.0420036,1.6130909,1
ENSG00000117560,0.6220279,1.3018327,1
ENSG00000054267,2.483535,1.0122339,1
ENSG00000174332_1,1.6397384,1.4358603,1
ENSG00000004487,2.4233491,3.0676138,1
ENSG00000142627,1.0364848,1.2240822,1
ENSG00000188910,0.6306263,0.0,1
ENSG00000143546,0.18589059,0.0,1
ENSG00000171793_1,2.4834054,1.5521204,1
ENSG00000132702,0.1329996,0.0,1
ENSG00000158828,1.4676896,1.7958522,1
ENSG00000188786,2.1999655,2.042284,1
ENSG00000123838,0.10365694,0.0,1
ENSG00000133059,2.202132,1.674264,1
ENSG00000155761,0.30078214,0.0,1
ENSG00000163344,2.8389516,2.278477,1
ENSG00000142856,2.2119358,2.6022477,1
ENSG00000132122_1,1.1255263,0.8805735,1
ENSG00000171793,2.359073,2.9075403,1
ENSG00000066557,2.3250227,2.8301926,1
ENSG00000163218,0.2470983,0.6818741,1
ENSG00000086619,2.5854356,2.6061566,1
ENSG00000117500,2.6956499,2.8508434,1
ENSG00000290592_1,0.58135086,0.0,1
ENSG00000214193,1.4266391,1.1609485,1
ENSG00000116209,2.5276024,2.7272582,1
ENSG00000143761,2.7567513,3.47242,1
ENSG00000287587,1.709386,1.078906,1
ENSG00000186973,0.46979812,0.0,1
ENSG00000235200,0.21013758,0.0,1
ENSG00000117523_1,0.11638007,0.0,1
ENSG00000159592,2.5318885,0.0,1
ENSG00000188800,0.20057735,0.0,1
ENSG00000188910_1,0.334245,0.0,1
ENSG00000014914,0.34828746,0.8672317,1
ENSG00000203666,1.3108021,1.4680666,1
ENSG00000117620_1,1.5967032,0.0,1
ENSG00000142657_2,1.5221298,0.0,1
ENSG00000196189_3,0.55665845,0.0,1
ENSG00000291234_1,0.7691926,0.0,1
ENSG00000116679,2.6251953,2.865981,1
ENSG00000188257,0.16451892,0.0,1
ENSG00000155363,2.374406,1.1995083,1
ENSG00000157916,2.586778,2.9718852,1
ENSG00000181773,1.4970986,1.5114743,1
ENSG00000133048,0.4004816,0.0,1
ENSG00000018625,0.31551325,0.0,1
ENSG00000143256,2.5372555,3.0129426,1
ENSG00000175262,0.27281654,0.0,1
ENSG00000081019,2.6356015,2.5047154,1
ENSG00000132128,2.404589,2.5851493,1
ENSG00000092847,0.25814462,0.0,1
ENSG00000134258,0.44626218,0.0,1
ENSG00000149527,0.8124401,0.9060925,1
ENSG00000162733,0.30119607,0.0,1
ENSG00000160075,2.6443102,2.0343757,1
ENSG00000143436,2.1806877,2.997733,1
ENSG00000201609,0.22356239,0.0,1
ENSG00000067606,1.8645978,1.4333377,1
ENSG00000271736,0.1066835,0.0,1
ENSG00000137959,1.8554394,3.6577163,1
ENSG00000163463_1,2.0826523,2.9653814,1
ENSG00000116213,2.056299,2.161811,1
ENSG00000178104_2,0.44231611,0.0,1
ENSG00000152332,2.0485606,2.8821783,1
ENSG00000200972,0.73760295,2.2653463,1
ENSG00000007968,2.3048956,2.5830173,1
ENSG00000173627,0.46454248,0.0,1
ENSG00000158816,0.63276994,0.0,1
ENSG00000143314,2.486678,2.6150322,1
ENSG00000204178,1.9639982,2.0222428,1
ENSG00000266094,2.4424298,2.8937674,1
ENSG00000142609,0.5508842,0.0,1
ENSG00000134207_1,0.9849624,1.2607628,1
ENSG00000121775,2.6076066,2.437657,1
ENSG00000168710,2.374934,2.7881117,1
ENSG00000188290,1.4953256,1.4898179,1
ENSG00000143469,0.15425,0.0,1
ENSG00000179456,0.41352212,0.0,1
ENSG00000203747_1,0.23563653,0.0,1
ENSG00000176261,1.9827533,0.0,1
ENSG00000202031,0.5400734,1.5291479,1
ENSG00000159214,1.590404,1.5132443,1
ENSG00000197245,0.20683625,0.0,1
ENSG00000116183_1,0.14124167,0.0,1
ENSG00000117010,1.9039772,1.945237,1
ENSG00000163485_1,0.6241073,1.1904718,1
ENSG00000143603_1,1.246707,2.5669687,1
ENSG00000021852,0.16338861,0.0,1
ENSG00000152061,2.5108354,1.1540098,1
ENSG00000117408,2.5505457,2.3300524,1
ENSG00000154370,2.207554,2.529158,1
ENSG00000154511,2.653625,2.2734065,1
ENSG00000290842,2.1243098,1.5149195,1
ENSG00000163444,2.4941595,2.4938498,1
ENSG00000143153_1,1.9398221,2.4354987,1
ENSG00000174567,0.659433,1.2959583,1
ENSG00000069275,2.40653,2.9657927,1
ENSG00000117592,2.638635,3.265596,1
ENSG00000234807,1.3552217,0.0,1
ENSG00000198756,1.0604552,1.5920657,1
ENSG00000143515_1,1.6190217,1.0871636,1
ENSG00000173673,0.3972462,0.0,1
ENSG00000219481,1.8901064,1.6138735,1
ENSG00000116337_4,1.011622,0.7913116,1
ENSG00000049249,0.26850626,0.0,1
ENSG00000159339,0.23235026,0.68185604,1
ENSG00000231246,0.25296026,0.0,1
ENSG00000116161,2.4630277,2.2452657,1
ENSG00000225265,1.6241219,1.6607801,1
ENSG00000197915,0.10815249,0.60762656,1
ENSG00000223956,0.10197539,0.0,1
ENSG00000158796,2.764035,2.4977214,1
ENSG00000287338,0.20753023,0.7320961,1
ENSG00000238164,1.6259102,1.9388849,1
ENSG00000122483_1,2.4634352,2.3961155,1
ENSG00000213281,2.2290876,3.0425715,1
ENSG00000231163,0.10657171,0.0,1
ENSG00000142684,2.1165156,2.917471,1
ENSG00000163531_1,0.27164587,0.0,1
ENSG00000044012,0.49933523,0.0,1
ENSG00000122218,2.8432724,2.9426231,1
ENSG00000136636,1.8800143,2.4317658,1
ENSG00000066185,1.7001685,0.0,1
ENSG00000143653,1.9575031,2.340666,1
ENSG00000070886,1.5729924,1.6400838,1
ENSG00000171819,0.41502285,0.0,1
ENSG00000224870,2.4394653,2.1965299,1
ENSG00000232265,0.93688935,1.0204815,1
ENSG00000134262_1,2.7148798,2.5698419,1
ENSG00000226486,0.06895503,0.0,1
ENSG00000143674,1.5768571,1.0430084,1
ENSG00000162616,2.9153037,1.9645425,1
ENSG00000160716,1.0783787,1.2472365,1
ENSG00000143799_1,2.478346,3.3798835,1
ENSG00000163207,0.46472144,0.0,1
ENSG00000065135,2.4848793,3.0203116,1
ENSG00000182901,1.5363214,1.5062072,1
ENSG00000143393_1,2.417799,2.5734982,1
ENSG00000121933_1,0.15796003,0.0,1
ENSG00000162496_2,0.36870745,0.7399993,1
ENSG00000162517,2.5183485,2.9104066,1
ENSG00000118194_2,0.28830802,0.0,1
ENSG00000203865,2.3365953,0.0,1
ENSG00000081985,1.2982832,1.0481309,1
ENSG00000280670,2.2977784,0.0,1
ENSG00000168509,0.1919601,0.0,1
ENSG00000274978,2.537213,3.0892727,1
ENSG00000134389,0.058051758,0.0,1
ENSG00000198160,2.5955513,2.6253545,1
ENSG00000293264,0.5989782,0.0,1
ENSG00000143028,1.3929225,1.5039405,1
ENSG00000116675_2,0.22347805,0.0,1
ENSG00000281406,0.8712496,0.73481584,1
ENSG00000077157,2.206185,2.04159,1
ENSG00000162736_1,0.2647982,0.7912695,1
ENSG00000008130,2.5435832,2.0934882,1
ENSG00000169231,0.42004606,0.0,1
ENSG00000183856,1.0058417,1.6814493,1
ENSG00000160691_3,2.7628677,2.3868787,1
ENSG00000171729_1,1.5339098,2.066773,1
ENSG00000236528,2.283653,0.0,1
ENSG00000162946,1.3217423,0.96085113,1
ENSG00000162643,1.0387571,0.0,1
ENSG00000154027_2,0.31004295,0.0,1
ENSG00000286219,1.7352977,2.2373176,1
ENSG00000162374_1,0.21448603,0.0,1
ENSG00000235169,1.4833004,0.9639766,1
ENSG00000143158_2,2.4991589,2.7161453,1
ENSG00000293505,2.1349013,0.0,1
ENSG00000197323,2.6826177,2.7900176,1
ENSG00000227579,0.14093757,0.0,1
ENSG00000121634,0.18116897,0.0,1
ENSG00000156150_1,1.0645329,1.248836,1
ENSG00000085832,0.13287112,0.9545802,1
ENSG00000196482_4,0.83215475,0.0,1
ENSG00000286619,1.5688517,1.47201,1
ENSG00000176444,2.6180825,2.6468446,1
ENSG00000196517,0.61795795,0.0,1
ENSG00000143409,0.9350523,0.0,1
ENSG00000184330,0.0828621,0.0,1
ENSG00000143815,2.4789617,3.0412347,1
ENSG00000137941,1.2892926,0.93349236,1
ENSG00000177000_1,1.2790349,1.2323531,1
ENSG00000236546,0.5519473,0.0,1
ENSG00000277918,2.4477887,2.8575628,1
ENSG00000163875,2.4400675,2.921663,1
ENSG00000067704,2.1071248,2.9384112,1
ENSG00000160710,2.6367402,3.0776985,1
ENSG00000143627,0.23170906,0.0,1
ENSG00000203804,2.5063818,0.8159561,1
ENSG00000143199,0.25553927,0.0,1
ENSG00000120948_1,0.15523061,0.0,1
ENSG00000127603_3,0.96564364,1.6186202,1
ENSG00000157131,0.05721245,0.0,1
ENSG00000236358,1.4972465,0.0,1
ENSG00000197530,2.3507974,1.7852159,1
ENSG00000184908_2,0.35826662,0.0,1
ENSG00000186891,0.9607183,1.9023075,1
ENSG00000142867,2.7039292,2.7817626,1
ENSG00000228536,0.116842665,0.0,1
ENSG00000197147,2.4428747,2.2418702,1
ENSG00000179085,1.4314367,0.0,1
ENSG00000187017_2,0.55378383,1.155014,1
ENSG00000231057,1.8292792,1.0417005,1
ENSG00000142661_1,0.1958716,0.0,1
ENSG00000143740_1,2.303967,2.2662716,1
ENSG00000203965,2.4576507,2.3145204,1
ENSG00000153187_4,2.568862,3.0035036,1
ENSG00000143570,2.6044333,2.2729018,1
ENSG00000121310_1,1.1344032,1.6651024,1
ENSG00000159658,2.56193,2.6299586,1
ENSG00000228288,1.5764718,0.0,1
ENSG00000142748,0.111269675,0.0,1
ENSG00000173614,2.2350724,0.0,1
ENSG00000187815,1.9725697,1.7604451,1
ENSG00000117461_1,2.7077835,2.4460135,1
ENSG00000137975,0.18806407,0.0,1
ENSG00000291129,0.90139675,1.6268226,1
ENSG00000162687,0.4323825,0.0,1
ENSG00000280587_1,0.5513587,0.8224296,1
ENSG00000143418_1,2.44443,1.3719356,1
ENSG00000291141_1,1.070145,1.4548296,1
ENSG00000116675_3,1.1587344,1.0177426,1
ENSG00000171502,0.5668524,1.1705551,1
ENSG00000184454,0.9480543,1.3873364,1
ENSG00000000938_2,1.5018275,1.6207293,1
ENSG00000075151_1,1.5958054,1.4781479,1
ENSG00000048707_1,0.4761271,0.0,1
ENSG00000131584,2.4217634,1.6374497,1
ENSG00000131697,2.1916115,2.006102,1
ENSG00000155366,2.2351472,0.0,1
ENSG00000207475,0.3172647,0.0,1
ENSG00000143412,0.32371482,1.4166987,1
ENSG00000134262,2.46077,2.0238407,1
ENSG00000198860,2.235028,2.2713444,1
ENSG00000269934,1.0234165,0.8071425,1
ENSG00000293477,1.0394051,0.0,1
ENSG00000123472,0.121611856,0.0,1
ENSG00000168159,2.6921146,2.837355,1
ENSG00000162745,0.29013577,0.0,1
ENSG00000188157,2.0945997,2.2368066,1
ENSG00000237429,1.5203884,1.3508487,1
ENSG00000143476,2.7061918,3.0521436,1
ENSG00000196407,0.3766042,0.0,1
ENSG00000201699,0.9422312,0.9639341,1
ENSG00000117298_1,1.6914631,1.8312937,1
ENSG00000183386_1,1.5846702,1.8483801,1
ENSG00000226026,1.7725408,0.0,1
ENSG00000162618_2,0.116583504,0.0,1
ENSG00000235527,1.6635361,0.75281644,1
ENSG00000076864_1,1.4730763,1.3938208,1
ENSG00000227070,1.2050383,1.7011628,1
ENSG00000123836,0.09884704,0.0,1
ENSG00000157193_1,2.4423568,2.7676752,1
ENSG00000092847_1,1.9396467,0.0,1
ENSG00000143418_2,2.2024145,2.4164724,1
ENSG00000168243,1.4007695,1.3701243,1
ENSG00000163463,1.5452862,0.6381597,1
ENSG00000143786_1,1.4128108,1.6896551,1
ENSG00000121481,1.9774902,2.420807,1
ENSG00000158747,0.645789,0.86917305,1
ENSG00000143493,2.6769054,2.4881048,1
ENSG00000134200,0.119340576,0.0,1
ENSG00000236810,2.2527947,1.8333766,1
ENSG00000158864_1,2.523532,3.0928996,1
ENSG00000184371_2,2.175295,1.9562645,1
ENSG00000162599_1,1.5077631,1.5855848,1
ENSG00000142657,2.342747,3.119945,1
ENSG00000175137,2.175538,1.4044368,1
ENSG00000116748,0.18454349,0.0,1
ENSG00000258082,2.8772376,1.6820999,1
ENSG00000117139_2,1.1699584,2.6470678,1
ENSG00000142583_2,0.7797126,1.0024685,1
ENSG00000197106,1.3232667,1.3595889,1
ENSG00000231663,2.5665362,0.0,1
ENSG00000049247,0.09483404,0.0,1
ENSG00000118194,0.24931383,0.0,1
ENSG00000223764,1.1190994,1.3657312,1
ENSG00000225880,2.4548442,2.0101302,1
ENSG00000137948,0.48379898,0.0,1
ENSG00000196352,2.5663795,2.7482114,1
ENSG00000143374,2.1884615,2.778364,1
ENSG00000272426,2.322027,0.0,1
ENSG00000160062,1.3242002,1.512284,1
ENSG00000143401,2.1998188,0.0,1
ENSG00000162595,0.5249755,1.0765203,1
ENSG00000142583,2.2340136,0.0,1
ENSG00000074800,0.46313062,1.6535888,1
ENSG00000162723,0.29958573,0.0,1
ENSG00000224536,2.2801764,0.0,1
ENSG00000174514_1,0.3034519,0.0,1
ENSG00000284882_1,2.4555638,0.0,1
ENSG00000116455,2.5453887,2.7925646,1
ENSG00000197989,2.6899612,3.2623348,1
ENSG00000158764,0.25287196,0.0,1
ENSG00000067533,1.5235354,1.8563784,1
ENSG00000226758,0.11029596,0.0,1
ENSG00000232679,0.7911185,0.0,1
ENSG00000116288,2.5806231,3.096385,1
ENSG00000036549_2,2.6255744,2.4279613,1
ENSG00000133216,1.8291211,1.884053,1
ENSG00000269713,1.8598205,2.0044074,1
ENSG00000230630,0.22040886,0.0,1
ENSG00000008128,2.5900502,2.4441557,1
ENSG00000134250,1.8836244,1.546925,1
ENSG00000123473,2.4793992,2.5672886,1
ENSG00000162526,0.81266224,0.75024605,1
ENSG00000142875,2.0716174,1.7352715,1
ENSG00000232284,0.40959564,0.0,1
ENSG00000248333,2.577971,2.890132,1
ENSG00000159592_2,2.0412369,0.0,1
ENSG00000123836_1,1.6904628,0.0,1
ENSG00000069812,1.403933,1.2745734,1
ENSG00000188976,2.0788639,2.8732252,1
ENSG00000197530_2,0.66489685,1.1250842,1
ENSG00000134375,2.385147,0.0,1
ENSG00000143248,0.17802519,0.0,1
ENSG00000181873,2.6911423,2.0706363,1
ENSG00000143458,2.2966764,1.8702283,1
ENSG00000116641,2.388392,2.08743,1
ENSG00000132781,2.6479976,2.241671,1
ENSG00000214193_1,2.0624137,1.9410118,1
ENSG00000000460,2.2493856,0.0,1
ENSG00000162444,1.2374438,1.1764386,1
ENSG00000136634,1.649071,1.5002776,1
ENSG00000287445,1.4247265,1.0717385,1
ENSG00000230426,0.49967635,0.0,1
ENSG00000127125,2.6374876,2.6505377,1
ENSG00000132781_2,2.5053694,2.4555757,1
ENSG00000023572_1,0.27133018,0.0,1
ENSG00000173369,0.34522635,1.0258995,1
ENSG00000116922,1.562262,0.0,1
ENSG00000085831_3,1.1736997,1.4327321,1
ENSG00000116649,2.5623107,3.056783,1
ENSG00000143171,0.90603083,0.0,1
ENSG00000143702,0.24258295,0.0,1
ENSG00000162545_1,1.0942829,1.2231584,1
ENSG00000200169,2.268993,2.054701,1
ENSG00000241563,0.46353203,0.92683613,1
ENSG00000117691,1.8533013,2.4653025,1
ENSG00000070759,2.1950662,2.3017027,1
ENSG00000162782,1.0372438,1.0777311,1
ENSG00000274266,1.2239416,2.0818512,1
ENSG00000059588,1.9781003,2.3185432,1
ENSG00000132849,1.6054646,1.6760714,1
ENSG00000162692,0.44896388,0.0,1
ENSG00000177674,1.6924913,1.7849886,1
ENSG00000227959,0.6736444,0.7502692,1
ENSG00000176083,0.17800394,0.0,1
ENSG00000284882,2.3925192,2.5763068,1
ENSG00000143184,0.12915906,0.0,1
ENSG00000183726,2.5971148,3.253849,1
ENSG00000160710_3,2.0622776,2.9571617,1
ENSG00000184260,2.6700857,4.0823545,1
ENSG00000143549_2,0.3534307,0.0,1
ENSG00000181450,2.0333219,2.2023385,1
ENSG00000236427,0.84373057,0.0,1
ENSG00000162894,2.0353608,2.9897332,1
ENSG00000202027,0.22890687,0.0,1
ENSG00000007923,2.1667855,2.7432353,1
ENSG00000117155_1,2.3722107,2.2776322,1
ENSG00000162650,2.2565446,2.2526639,1
ENSG00000143278,0.12956932,0.0,1
ENSG00000174348,1.2673548,1.1629227,1
ENSG00000084070_1,2.4467607,3.1704142,1
ENSG00000023902,2.5756972,2.688829,1
ENSG00000117859_1,2.4437282,2.84367,1
ENSG00000196418,0.14600378,0.0,1
ENSG00000159023,1.4269693,2.7494695,1
ENSG00000228794_2,0.18065682,0.0,1
ENSG00000130770,2.7166715,3.704522,1
ENSG00000203747,0.24239159,0.0,1
ENSG00000224977,2.291867,0.0,1
ENSG00000120334,2.12653,1.8158765,1
ENSG00000284188,1.221312,1.7211261,1
ENSG00000156171_1,2.9571583,3.007351,1
ENSG00000171790,0.43157387,0.7451451,1
ENSG00000271723,0.12844533,0.0,1
ENSG00000143632,0.80747384,0.9217021,1
ENSG00000118298_1,0.53800637,1.0163772,1
ENSG00000228971_1,0.07787811,0.0,1
ENSG00000143420_1,2.6508124,3.3279757,1
ENSG00000268043,1.7427473,2.0617917,1
ENSG00000157933,1.9882426,1.3825933,1
ENSG00000175087_1,2.4297798,0.0,1
ENSG00000162458,0.41881782,0.0,1
ENSG00000248485,1.0866117,1.6068648,1
ENSG00000162670,0.22574663,0.0,1
ENSG00000158286,2.2560596,2.0263944,1
ENSG00000158850,2.194486,2.5067904,1
ENSG00000291234,0.8394809,0.0,1
ENSG00000196505,2.2552326,2.0749261,1
ENSG00000196754_1,0.52036566,0.0,1
ENSG00000175087,2.390279,1.4368144,1
ENSG00000229960,0.1965724,0.0,1
ENSG00000156869,0.6014916,0.0,1
ENSG00000143502,1.5509279,0.0,1
ENSG00000041988_1,2.3752458,2.1406872,1
ENSG00000132768,1.5492252,2.5376077,1
ENSG00000155816_1,0.2761651,0.0,1
ENSG00000244020,0.48244083,0.9113281,1
ENSG00000228536_2,0.26743352,0.0,1
ENSG00000117748_1,2.721936,3.0108383,1
ENSG00000188643,0.34110168,0.0,1
ENSG00000118873,2.5702512,2.3920865,1
ENSG00000198771,2.6860359,2.7140472,1
ENSG00000163485,0.7414282,0.8433574,1
ENSG00000116151,2.4013932,1.8332045,1
ENSG00000182898,0.10746182,0.0,1
ENSG00000228794,1.0004296,0.98365337,1
ENSG00000243725,1.8202728,2.7086995,1
ENSG00000228044,0.29648003,0.0,1
ENSG00000163399,2.4415033,3.2527585,1
ENSG00000060656,1.3676456,1.3790697,1
ENSG00000134697,2.1842463,2.9414582,1
ENSG00000116539_1,2.6556585,2.363969,1
ENSG00000159592_1,2.8404648,2.721508,1
ENSG00000185860,0.13049722,0.0,1
ENSG00000154027_1,0.7660022,0.80270535,1
ENSG00000143450,0.9063183,1.1570032,1
ENSG00000304119,1.5261862,1.3292453,1
ENSG00000143257_1,0.18752417,0.0,1
ENSG00000169914,2.3012705,2.2873313,1
ENSG00000132704,0.21414211,2.118906,1
ENSG00000116221,1.8594847,3.3776085,1
ENSG00000143851_1,2.3327534,3.2685406,1
ENSG00000143756,2.1886408,2.5825984,1
ENSG00000162407,0.91563785,2.6576962,1
ENSG00000203739,2.509843,1.8636796,1
ENSG00000198830,2.485494,3.5167732,1
ENSG00000184007,0.2174725,0.0,1
ENSG00000143740,1.2095413,0.9199824,1
ENSG00000231768,0.4956911,0.6574001,1
ENSG00000143337,1.9581859,1.3538586,1
ENSG00000271576,1.9904063,1.0929661,1
ENSG00000117616,0.17418247,0.0,1
ENSG00000116161_1,2.8333766,3.5379148,1
ENSG00000047410_1,2.2504363,2.1167405,1
ENSG00000233482,0.10065482,0.0,1
ENSG00000159363,1.5625219,2.0602634,1
ENSG00000251503,2.3804147,2.4844992,1
ENSG00000173436_1,2.6270304,3.1414466,1
ENSG00000117153,2.390802,2.3819358,1
ENSG00000117308_1,2.3518107,2.2125604,1
ENSG00000237976,2.5930276,2.7431726,1
ENSG00000178104,1.0379424,1.0351895,1
ENSG00000198700,2.3529053,2.6528747,1
ENSG00000077549,2.6160772,3.3442626,1
ENSG00000143158_1,2.4782772,2.8082852,1
ENSG00000162896_1,0.27279338,0.0,1
ENSG00000186007_1,0.44737232,0.0,1
ENSG00000188004,1.4889834,0.0,1
ENSG00000142765,0.98824924,1.9995655,1
ENSG00000234222,1.6439993,1.0906107,1
ENSG00000170382,1.0937124,1.5946356,1
ENSG00000263956,1.89831,1.6224524,1
ENSG00000182795,0.19376427,0.0,1
ENSG00000162433_1,1.770525,1.9880285,1
ENSG00000162496,0.75984865,1.171785,1
ENSG00000174021,2.6318657,2.6349406,1
ENSG00000034971,0.41298845,0.0,1
ENSG00000143786,0.22273669,0.0,1
ENSG00000163545,1.263087,1.999722,1
ENSG00000116717,2.1860774,2.9312508,1
ENSG00000198892,1.050434,1.1087679,1
ENSG00000116663,2.0788267,1.8417035,1
ENSG00000143442_1,0.9180212,2.5801983,1
ENSG00000097021_2,2.4285913,2.7547488,1
ENSG00000204084,2.3399436,2.4504185,1
ENSG00000211452,0.24222517,1.1397815,1
ENSG00000142875_4,0.15408608,0.0,1
ENSG00000168710_2,0.8113982,0.0,1
ENSG00000143622_1,2.1404688,2.2213542,1
ENSG00000143167,0.41684583,0.0,1
ENSG00000168528_2,0.9553634,1.0986784,1
ENSG00000186094,0.8241048,0.0,1
ENSG00000183598,2.1729777,3.6603446,1
ENSG00000118200,2.4446957,2.1607566,1
ENSG00000162592,0.28703743,0.0,1
ENSG00000137955,2.4128406,3.2579257,1
ENSG00000143036,1.3588814,1.0456007,1
ENSG00000162891,0.2709161,0.7374153,1
ENSG00000214114,2.3704631,2.8116915,1
ENSG00000177628,0.44293487,0.96553093,1
ENSG00000182827,2.5050666,3.0735571,1
ENSG00000183682,1.7929455,1.4907448,1
ENSG00000135829,2.4403498,3.4323325,1
ENSG00000290592,0.5369592,0.8392894,1
ENSG00000271380,2.808244,1.560815,1
ENSG00000172456,2.4809194,2.0222633,1
ENSG00000116584_1,2.594576,1.5021812,1
ENSG00000081026_1,1.4703746,1.0656544,1
ENSG00000122482,2.4126031,1.5735736,1
ENSG00000060642,2.774182,1.5219092,1
ENSG00000131236_1,2.705314,2.8637552,1
ENSG00000184371_1,1.5587356,2.3222399,1
ENSG00000233791,1.0391237,0.0,1
ENSG00000136630,1.1146147,1.4737934,1
ENSG00000016602,0.07215177,0.0,1
ENSG00000198929_1,0.36276415,0.9685763,1
ENSG00000162607,2.6024163,2.8188195,1
ENSG00000116521,1.5975101,1.0259078,1
ENSG00000122223,0.6923536,1.4949279,1
ENSG00000079335_2,2.2874525,1.8128065,1
ENSG00000156876,2.3994572,2.679417,1
ENSG00000117020_1,1.7664881,1.0594877,1
ENSG00000137996,2.196343,3.0976112,1
ENSG00000287033,2.436557,0.0,1
ENSG00000162775,2.6715453,2.743396,1
ENSG00000169174,1.0266697,0.75776035,1
ENSG00000188060,1.2845597,0.0,1
ENSG00000201801,1.4886385,2.8608391,1
ENSG00000239887,0.18335676,0.0,1
ENSG00000163239_1,1.1957841,0.0,1
ENSG00000116809,1.9424195,2.4759035,1
ENSG00000162636,2.3038843,2.1945698,1
ENSG00000186141,2.4925826,2.7768986,1
ENSG00000143158,2.6228895,2.8129294,1
ENSG00000117020_3,1.3434192,1.0232112,1
ENSG00000226067_1,2.0708332,1.1499884,1
ENSG00000197241,0.2993128,0.52671397,1
ENSG00000177614,1.7825699,1.87616,1
ENSG00000273002,1.8336139,1.9567398,1
ENSG00000057757,2.3983605,2.6192853,1
ENSG00000117262,2.0838387,1.6100317,1
ENSG00000126088_1,0.72562635,1.0631832,1
ENSG00000077157_1,0.14843544,0.0,1
ENSG00000142794,1.5761927,1.8468008,1
ENSG00000202408,1.5700526,1.827895,1
ENSG00000233079,0.09804534,0.0,1
ENSG00000273004,2.5897157,1.481987,1
ENSG00000116584_4,0.6986254,0.0,1
ENSG00000237728,0.41940275,0.0,1
ENSG00000142875_5,0.08554343,0.0,1
ENSG00000185278,2.487254,1.8569704,1
ENSG00000127483,0.1960634,1.9647055,1
ENSG00000203985,0.32613352,0.0,1
ENSG00000132849_1,0.10155033,0.0,1
ENSG00000273727,1.1718268,0.0,1
ENSG00000169403,1.3893964,3.066341,1
ENSG00000127603_2,1.4052546,2.5661192,1
ENSG00000143702_3,2.1172533,1.7087556,1
ENSG00000162493,0.9086118,0.9096095,1
ENSG00000163874_1,1.6683266,0.0,1
ENSG00000121957,1.9747303,2.1887681,1
ENSG00000066185_1,1.9970734,1.3450207,1
ENSG00000132718,2.3544073,2.4315455,1
ENSG00000178821,1.8070071,1.5052856,1
ENSG00000184588_3,0.21174648,0.0,1
ENSG00000197785,2.632588,2.8766997,1
ENSG00000187010,0.21877551,0.0,1
ENSG00000171621,1.6927037,1.6234767,1
ENSG00000163468_1,2.4221218,3.7028673,1
ENSG00000065183,2.184414,2.5392218,1
ENSG00000078369_1,2.315183,3.3206697,1
ENSG00000162885,2.5603616,2.0326672,1
ENSG00000160789_2,0.3287534,0.0,1
ENSG00000171680_5,1.4548764,1.2415042,1
ENSG00000287684,0.77240175,1.001041,1
ENSG00000085465_1,0.25378442,0.0,1
ENSG00000066279,2.2113345,2.7841907,1
ENSG00000235501,1.472563,1.3942783,1
ENSG00000143036_1,0.97883105,0.0,1
ENSG00000117595,0.67541707,0.0,1
ENSG00000162694_1,1.240226,2.5721395,1
ENSG00000171806,2.2281559,2.1855054,1
ENSG00000287627,0.17752239,0.0,1
ENSG00000135801,2.5226266,2.322426,1
ENSG00000225675,2.2380195,1.4410506,1
ENSG00000198483,0.83434,0.0,1
ENSG00000197530_1,2.469832,1.3919402,1
ENSG00000135824_1,0.17434898,0.7724684,1
ENSG00000116771,1.4434168,2.1968832,1
ENSG00000117614,2.544995,3.1899364,1
ENSG00000204362,0.08673432,0.0,1
ENSG00000143365,0.39235678,0.7399756,1
ENSG00000235098,0.4161452,0.0,1
ENSG00000117318,2.5092056,3.5266325,1
ENSG00000153187,0.2201266,2.3270645,1
ENSG00000160691,0.29209435,0.0,1
ENSG00000252135,0.16354147,0.7502306,1
ENSG00000204160,2.4205425,3.1107445,1
ENSG00000291068,2.5015852,1.9559474,1
ENSG00000137962,1.3877871,1.4390167,1
ENSG00000187017,1.543339,1.7453558,1
ENSG00000091483,2.254375,3.1660094,1
ENSG00000133019_1,1.4093546,1.1408222,1
ENSG00000162430,1.6397947,1.5476542,1
ENSG00000027644,0.8568869,1.1164616,1
ENSG00000284693,1.9415244,0.0,1
ENSG00000163531,1.143673,0.0,1
ENSG00000228971,0.07323513,0.0,1
ENSG00000143252,2.0342875,0.0,1
ENSG00000134253,1.6239805,1.3266021,1
ENSG00000186501,2.5091105,2.439647,1
ENSG00000169504,2.6100338,3.0671601,1
ENSG00000188404_1,1.1150203,3.3267577,1
ENSG00000040487,2.3773406,1.9033668,1
ENSG00000116584_5,0.54048324,0.0,1
ENSG00000213064,2.4986002,2.7868054,1
ENSG00000143375,1.2893102,1.0801103,1
ENSG00000186603,2.087277,2.1789596,1
ENSG00000186364,2.0039725,1.4205333,1
ENSG00000290683,2.1933305,2.8724248,1
ENSG00000143079,2.103172,2.3286037,1
ENSG00000162543,0.8958702,0.0,1
ENSG00000143190,2.3916452,2.5049098,1
ENSG00000162441,1.3320999,0.0,1
ENSG00000198574,0.1154061,0.6447241,1
ENSG00000160741_1,2.686045,2.7108238,1
ENSG00000162366,0.5562764,1.2291185,1
ENSG00000117222,2.6001177,2.4664643,1
ENSG00000169213,1.0931879,0.9267539,1
ENSG00000154380_1,1.6395032,1.3700614,1
ENSG00000231648,0.07605515,0.0,1
ENSG00000158773,2.7906382,2.4154208,1
ENSG00000158869,0.46320847,0.88244486,1
ENSG00000163239,1.5331154,1.1530523,1
ENSG00000271601,2.10377,2.6852937,1
ENSG00000187980,0.46933722,0.0,1
ENSG00000162783,2.4029891,2.9743965,1
ENSG00000143355,0.3070063,0.0,1
ENSG00000162873_1,0.421039,0.7321363,1
ENSG00000084652,2.456837,2.9105935,1
ENSG00000132122_2,1.1638273,1.256785,1
ENSG00000170989,2.309874,1.689986,1
ENSG00000186007,0.09791312,0.3821972,1
ENSG00000159208,0.6702577,0.7241693,1
ENSG00000117475,2.012023,2.351835,1
ENSG00000143772,1.010561,2.2266128,1
ENSG00000132780,2.5418203,3.592088,1
ENSG00000143319_1,2.6759045,3.034897,1
ENSG00000132781_1,2.649881,2.2770128,1
ENSG00000159516,0.10399295,0.0,1
ENSG00000187800,0.82542396,0.0,1
ENSG00000160679,2.6833086,3.1503541,1
ENSG00000143575,2.5056088,3.0526402,1
ENSG00000134186,2.5277045,2.9747374,1
ENSG00000052723,2.2484338,2.9333618,1
ENSG00000150681,0.051997356,0.0,1
ENSG00000116793_1,2.556988,0.0,1
ENSG00000117419_1,1.9974635,0.0,1
ENSG00000253304,1.1996648,0.94657016,1
ENSG00000143013,2.3921037,2.5784993,1
ENSG00000117395_1,0.08431142,0.0,1
ENSG00000137936_2,1.4433151,2.0462103,1
ENSG00000116251,2.4751294,3.2212029,1
ENSG00000134709,1.9004624,1.5784558,1
ENSG00000151414_1,0.1329931,0.0,1
ENSG00000163866,1.9577278,0.0,1
ENSG00000057468,0.7001611,1.339193,1
ENSG00000206680,0.20106459,2.178577,1
ENSG00000155816,1.4534059,0.0,1
ENSG00000186160,0.06441004,0.0,1
ENSG00000198797,0.946815,1.7232931,1
ENSG00000162894_1,2.341058,2.161476,1
ENSG00000287064,0.37682927,0.0,1
ENSG00000143382,1.441383,0.0,1
ENSG00000236963_2,0.2627408,0.0,1
ENSG00000116237,2.502127,2.6061814,1
ENSG00000154309_1,0.26512757,0.0,1
ENSG00000132680,2.6798756,0.0,1
ENSG00000116544,1.6915523,1.4301234,1
ENSG00000118292,0.4747418,0.0,1
ENSG00000152078,1.4706798,1.4101189,1
ENSG00000227496,0.2030575,0.0,1
ENSG00000082497_1,0.2823613,0.0,1
ENSG00000116783,0.14858404,0.0,1
ENSG00000133055,0.37890607,0.63491035,1
ENSG00000117600_1,0.7772955,0.0,1
ENSG00000142875_2,0.17845614,0.0,1
ENSG00000171492_2,2.242894,2.1349099,1
ENSG00000198890,1.8932893,2.7071552,1
ENSG00000282143,0.9389228,1.1995633,1
ENSG00000162512,1.8170445,1.9628427,1
ENSG00000116212_1,2.2814233,2.3796318,1
ENSG00000117625,2.544267,2.5953639,1
ENSG00000143178,0.21559188,0.70205986,1
ENSG00000088035,2.1394722,0.0,1
ENSG00000122417,0.3592782,0.0,1
ENSG00000127124_3,2.1052725,2.058183,1
ENSG00000131788_1,1.5722705,2.1652918,1
ENSG00000116514,2.477167,2.381945,1
ENSG00000197982,2.422087,2.4505877,1
ENSG00000226835,1.4220494,0.0,1
ENSG00000291158_3,2.2340465,1.8041872,1
ENSG00000160075_1,2.59464,3.1067348,1
ENSG00000078618,0.22120938,1.7517439,1
ENSG00000143107,0.1619305,0.0,1
ENSG00000177888,2.4814706,0.0,1
ENSG00000132716,2.8623233,2.7524402,1
ENSG00000158014,1.5397918,1.3564408,1
ENSG00000094963,0.14038959,0.0,1
ENSG00000117069,0.6533637,1.4066764,1
ENSG00000116977_1,0.8840034,0.0,1
ENSG00000180098,2.14581,0.0,1
ENSG00000183615,0.3069903,0.0,1
ENSG00000224459,0.23652717,0.0,1
ENSG00000084623_1,2.0172474,3.3595605,1
ENSG00000123080_1,0.8117229,0.0,1
ENSG00000143514,0.17856261,0.0,1
ENSG00000160789_5,1.3780706,1.3177083,1
ENSG00000143344_1,1.9643571,2.0336006,1
ENSG00000116478,2.5682385,3.1298027,1
ENSG00000119280_2,0.059207447,0.0,1
ENSG00000169469,0.10577006,0.0,1
ENSG00000116852,1.9864975,2.5824633,1
ENSG00000265107,0.28838736,0.0,1
ENSG00000290989,2.5653222,2.2591374,1
ENSG00000203739_1,2.634734,1.8406079,1
ENSG00000162598,0.34978637,0.55932,1
ENSG00000244038,2.3794477,2.9782107,1
ENSG00000143702_1,1.2718861,0.0,1
ENSG00000196805,0.106394686,0.0,1
ENSG00000142611,1.4438605,1.3748583,1
ENSG00000204138_1,0.48711318,0.0,1
ENSG00000162777,2.8653138,2.9370463,1
ENSG00000287516,0.1613177,0.0,1
ENSG00000142632_1,2.1071901,1.5436336,1
ENSG00000083444,2.4259012,2.3708608,1
ENSG00000122420,0.7885896,1.270003,1
ENSG00000188529,2.9272945,3.3788865,1
ENSG00000184908_1,0.66790205,0.0,1
ENSG00000116183,0.10811954,0.0,1
ENSG00000162819,2.460905,2.4892833,1
ENSG00000135744_1,0.051822983,0.0,1
ENSG00000228309,0.08989275,0.0,1
ENSG00000125462_2,1.3361139,0.0,1
ENSG00000134686_1,1.4524703,1.4636691,1
ENSG00000117174,2.1249197,3.013709,1
ENSG00000162889,2.0057924,2.4791577,1
ENSG00000131233,0.09631366,0.0,1
ENSG00000126107,1.8129463,2.1146777,1
ENSG00000196754,0.42326406,0.0,1
ENSG00000174332,0.12949318,0.0,1
ENSG00000142920,1.3101923,0.9865478,1
ENSG00000162571,0.725628,0.8672317,1
ENSG00000162714,2.2269523,2.022222,1
ENSG00000186205,1.4026572,1.5026183,1
ENSG00000270276,2.7621567,3.3913746,1
ENSG00000143624_1,0.26066476,1.0163814,1
ENSG00000153187_3,2.4131906,2.026288,1
ENSG00000158292,1.77668,1.818892,1
ENSG00000230615,2.0865521,1.3190852,1
ENSG00000116157,1.7040615,1.7455978,1
ENSG00000126091_1,0.21078521,0.0,1
ENSG00000293455,0.64280856,0.0,1
ENSG00000116793,2.4242074,1.3045552,1
ENSG00000143179_2,0.17947179,0.0,1
ENSG00000184588_1,0.07863376,0.5553605,1
ENSG00000224259,0.12966558,0.0,1
ENSG00000162614,1.3057181,1.482955,1
ENSG00000285041,0.092340045,0.678846,1
ENSG00000069424,2.351044,2.1910121,1
ENSG00000116983,1.0996913,0.0,1
ENSG00000163216,0.102760695,0.0,1
ENSG00000175984,1.4230888,0.77246106,1
ENSG00000231999,2.2772875,1.9245894,1
ENSG00000168653,2.5110393,3.6784976,1
ENSG00000060688,2.5275633,3.1672375,1
ENSG00000178922,2.0210567,1.6436007,1
ENSG00000185499,0.60389286,0.0,1
ENSG00000238107,1.639811,1.5378971,1
ENSG00000202444,2.2150104,0.0,1
ENSG00000116171_1,0.8633254,0.0,1
ENSG00000196878,0.20679393,1.6231252,1
ENSG00000116584,0.63644624,0.0,1
ENSG00000169241,1.5156764,1.6611205,1
ENSG00000169291,1.523163,1.0975002,1
ENSG00000123472_1,2.372043,2.4061823,1
ENSG00000122477,0.14239681,0.0,1
ENSG00000183347,0.2018653,0.0,1
ENSG00000243284,0.33595365,0.0,1
ENSG00000054277,2.146445,1.9671359,1
ENSG00000010165,2.3336627,2.1504679,1
ENSG00000157181,2.1712115,2.277788,1
ENSG00000143515,1.720767,1.8559914,1
ENSG00000162664,2.4522212,2.6375058,1
ENSG00000224209,1.2070916,0.0,1
ENSG00000143224,2.0840735,1.838978,1
ENSG00000159348,1.9482884,1.9294547,1
ENSG00000116824,0.14656466,0.0,1
ENSG00000159352,2.1656783,2.702675,1
ENSG00000183508,1.4897361,1.0404441,1
ENSG00000122406,2.4648247,4.19076,1
ENSG00000116785,0.10016426,0.0,1
ENSG00000116754,2.3540633,2.82122,1
ENSG00000162585,2.206271,2.5376956,1
ENSG00000198841,2.3218496,2.5035114,1
ENSG00000197965,2.5299323,2.551995,1
ENSG00000007933,0.072477736,0.0,1
ENSG00000117298_2,0.1841856,0.9894943,1
ENSG00000203783,0.14666614,0.0,1
ENSG00000213047_1,2.0344987,1.6539358,1
ENSG00000163554,0.05617369,0.0,1
ENSG00000171680_4,0.36383376,0.8048887,1
ENSG00000158748,1.5646858,1.5192293,1
ENSG00000134240,0.2974581,0.0,1
ENSG00000160058,2.1443284,2.261082,1
ENSG00000203685,1.518803,1.3849982,1
ENSG00000134198,1.2072194,1.2040114,1
ENSG00000188783,0.2757867,0.0,1
ENSG00000215717,2.3797138,2.3821216,1
ENSG00000253368,1.4452994,1.5439688,1
ENSG00000116678,1.3866372,0.9716469,1
ENSG00000143549,0.33580577,0.0,1
ENSG00000132676_1,2.2345278,3.0551107,1
ENSG00000188672_1,2.0153313,1.3603017,1
ENSG00000203601,0.27505136,0.45295116,1
ENSG00000198520_1,0.85295475,0.0,1
ENSG00000143369,0.2734201,0.0,1
ENSG00000116898,2.266616,3.066829,1
ENSG00000203721,0.16774637,0.604118,1
ENSG00000215784,2.3381197,2.7531157,1
ENSG00000135750,2.3416846,2.656558,1
ENSG00000160050,1.3686852,2.7737865,1
ENSG00000198837,2.3738482,2.141732,1
ENSG00000240038,0.20668012,0.0,1
ENSG00000116906,2.4003193,2.9138985,1
ENSG00000142599_2,2.4492598,2.2144015,1
ENSG00000143333,2.2560933,2.963951,1
ENSG00000116459_1,2.46368,3.5720568,1
ENSG00000116857,1.9384342,2.0012836,1
ENSG00000171161,2.6231048,2.5978706,1
ENSG00000205116,0.9619328,1.460221,1
ENSG00000182004_1,1.9919167,1.5821543,1
ENSG00000117586,0.41240874,2.6348197,1
ENSG00000081721,2.5289586,2.6394835,1
ENSG00000197852,1.8815929,1.8182985,1
ENSG00000143479,2.3993843,1.9178782,1
ENSG00000174827,0.3832077,0.5553726,1
ENSG00000228526,2.4608998,2.2995944,1
ENSG00000118473_1,0.63568383,0.51814526,1
ENSG00000116198,2.2177303,2.2125924,1
ENSG00000142798_1,1.8250349,2.1941507,1
ENSG00000173372,0.16772968,0.0,1
ENSG00000186409,1.4682474,0.0,1
ENSG00000143479_1,2.3473215,0.0,1
ENSG00000174842,2.3289983,2.3838584,1
ENSG00000159388,2.8493328,3.3426418,1
ENSG00000203666_2,2.3893952,1.749968,1
ENSG00000070831,2.3514202,3.5604541,1
ENSG00000116459,2.154169,2.7433412,1
ENSG00000116661,1.5162737,1.3747886,1
ENSG00000198815,2.5709941,1.1142772,1
ENSG00000183780,1.2821463,1.7078255,1
ENSG00000143179_1,2.5580585,2.5938075,1
ENSG00000233203,1.998915,3.1328325,1
ENSG00000132855,0.15583256,0.0,1
ENSG00000237950,2.484609,0.0,1
ENSG00000079335,0.11286586,0.0,1
ENSG00000060656_1,0.40046716,0.0,1
ENSG00000203666_1,1.8851182,1.3724701,1
ENSG00000073754,0.12782481,0.0,1
ENSG00000181036_1,0.24070695,0.0,1
ENSG00000227421,0.080954514,0.0,1
ENSG00000116586,2.3664114,2.9099307,1
ENSG00000244057,0.28347006,0.0,1
ENSG00000236719_1,0.11598418,0.0,1
ENSG00000130762_1,0.6301346,0.0,1
ENSG00000116141,1.4131942,1.5145743,1
ENSG00000143401_1,2.2570136,3.523174,1
ENSG00000143390,0.37844932,0.0,1
ENSG00000163354,0.39352578,0.61806905,1
ENSG00000274265_2,2.0335042,1.4416213,1
ENSG00000117115_1,1.1724381,1.82217,1
ENSG00000136636_1,0.20346862,0.0,1
ENSG00000177301,0.42600468,0.0,1
ENSG00000117266,0.9316715,1.7270367,1
ENSG00000135775,2.2541068,2.350597,1
ENSG00000180287_1,1.5551053,1.4981037,1
ENSG00000118197,2.7134573,2.2799177,1
ENSG00000075391,1.6336334,1.2528287,1
ENSG00000116580,2.0523453,2.4530935,1
ENSG00000226167,2.2168112,0.0,1
ENSG00000163468,0.1676578,0.0,1
ENSG00000235750,2.0675535,2.442345,1
ENSG00000007341_2,2.5233567,1.775756,1
ENSG00000107404,2.2180643,1.9770099,1
ENSG00000117593,2.6662948,2.9188688,1
ENSG00000204160_1,0.651022,1.3918874,1
ENSG00000135823,2.3338287,2.4704075,1
ENSG00000117394,0.93246394,1.0417085,1
ENSG00000162769,2.580784,2.4394748,1
ENSG00000037637,2.5992806,2.5652301,1
ENSG00000160818,1.7349567,0.0,1
ENSG00000143612,2.6603656,3.0090513,1
ENSG00000116151_1,2.5662365,1.9289639,1
ENSG00000235782,0.11369746,0.0,1
ENSG00000143742,2.5061486,3.5264375,1
ENSG00000137936_1,1.5320563,0.8824335,1
ENSG00000142621,0.22781557,0.0,1
ENSG00000227181,0.12689558,0.0,1
ENSG00000160710_2,2.5931494,0.8989116,1
ENSG00000117477,0.56225973,0.87868834,1
ENSG00000117862,2.2057889,0.0,1
ENSG00000179163,2.3185632,1.9735574,1
ENSG00000121644,2.4682033,2.318011,1
ENSG00000237973,2.644214,2.7108364,1
ENSG00000020633,2.6428635,3.2122517,1
ENSG00000229344,2.018228,3.9164224,1
ENSG00000289881,1.4495912,0.9791385,1
ENSG00000230426_1,0.096781425,0.0,1
ENSG00000049089_1,1.3654976,1.2020876,1
ENSG00000163362_1,0.34707403,1.3463138,1
ENSG00000168148,0.8738022,1.1570032,1
ENSG00000035687,2.5997717,2.9707508,1
ENSG00000185090,1.6617242,2.0045793,1
ENSG00000200087,1.0944471,1.610394,1
ENSG00000143013_1,1.8618323,1.2723151,1
ENSG00000137968,0.09383256,0.0,1
ENSG00000142623_1,0.16771805,0.0,1
ENSG00000116981,1.2840846,1.465704,1
ENSG00000117505,2.6183114,2.8261461,1
ENSG00000198929,1.6958289,1.3743083,1
ENSG00000286071_1,0.1372883,0.0,1
ENSG00000143324,2.1089349,2.3833396,1
ENSG00000143520,0.11002735,0.0,1
ENSG00000160691_1,0.5839026,0.0,1
ENSG00000164002,2.0994902,1.756487,1
ENSG00000222222,0.801321,0.0,1
ENSG00000198952,2.5956433,2.8562272,1
ENSG00000275538,2.359959,2.9155924,1
ENSG00000180287,0.23933399,0.0,1
ENSG00000117676_1,1.7318974,1.3031528,1
ENSG00000116406,2.4789805,2.233359,1
ENSG00000134202,1.1834091,0.0,1
ENSG00000285728,2.1667774,0.0,1
ENSG00000160094,2.2366292,2.1052716,1
ENSG00000198468,2.4548194,0.0,1
ENSG00000117533,2.439081,2.2455819,1
ENSG00000121851,2.0949266,2.6537614,1
ENSG00000160688,1.965585,0.0,1
ENSG00000197622,2.544241,3.018276,1
ENSG00000222650,0.15378246,2.0581753,1
ENSG00000119280,1.5315907,1.6563761,1
ENSG00000162399,0.3759931,0.0,1
ENSG00000137960,2.718529,0.0,1
ENSG00000081870,2.225321,0.0,1
ENSG00000143207,2.481389,2.463333,1
ENSG00000118193,2.1409562,2.3984382,1
ENSG00000177606,1.9509777,1.871573,1
ENSG00000171608,2.2925522,3.2364566,1
ENSG00000116670,2.1816442,2.225348,1
ENSG00000058799,2.2912586,2.1021523,1
ENSG00000235942,0.14865822,0.0,1
ENSG00000158825,0.42809632,0.0,1
ENSG00000119285,2.1140854,0.0,1
ENSG00000236423,2.4290242,1.075328,1
ENSG00000121310,1.5321159,1.0443437,1
ENSG00000074800_3,2.813457,2.7467275,1
ENSG00000158887_1,0.3464098,1.4879793,1
ENSG00000169717,0.3755142,0.0,1
ENSG00000085465,0.38989317,0.0,1
ENSG00000090686,2.942178,2.8254325,1
ENSG00000154358_1,0.6880868,0.0,1
ENSG00000169224,0.094083644,0.0,1
ENSG00000133059_1,1.9401562,1.8480042,1
ENSG00000238142_1,0.6208144,0.7425759,1
ENSG00000274020_1,2.3295188,2.2021122,1
ENSG00000183386,0.6824026,0.0,1
ENSG00000117148,0.2940399,1.393066,1
ENSG00000125462,0.28186348,0.82241,1
ENSG00000117707_2,0.31898603,0.0,1
ENSG00000097021_3,2.43001,2.3336487,1
ENSG00000142599,1.482276,2.2135708,1
ENSG00000116133,2.435778,3.1143107,1
ENSG00000224445,0.09453871,0.0,1
ENSG00000142655,1.9630306,2.6824753,1
ENSG00000158864,0.3094884,0.0,1
ENSG00000221986,0.44641507,0.0,1
ENSG00000173660,1.8744338,0.0,1
ENSG00000215915,1.1032906,1.7633755,1
ENSG00000116774,0.34270716,0.0,1
ENSG00000177301_2,1.5615451,1.7227162,1
ENSG00000221040,0.25428137,0.0,1
ENSG00000224699,2.3632712,0.0,1
ENSG00000152092,1.0319214,1.1418573,1
ENSG00000300262,2.567859,1.6004502,1
ENSG00000117215,0.41428798,0.0,1
ENSG00000196517_1,0.8759833,1.3925738,1
ENSG00000273544,1.0155603,1.2638348,1
ENSG00000116670_1,1.5247718,1.4038923,1
ENSG00000007908,0.17858908,0.0,1
ENSG00000162482,1.2171255,1.2646054,1
ENSG00000054523,2.429572,2.2401671,1
ENSG00000172380,1.381126,2.6199954,1
ENSG00000162542,2.3356059,1.9969798,1
ENSG00000267272,1.1713693,1.1550535,1
ENSG00000121764,1.1629395,0.0,1
ENSG00000142798,0.18285325,0.5180926,1
ENSG00000122483,2.3151395,1.7396514,1
ENSG00000116863,2.4805825,2.3627012,1
ENSG00000049089,0.9915938,0.8843138,1
ENSG00000171492_1,1.3668782,1.1630002,1
ENSG00000236975,0.26586786,0.80716956,1
ENSG00000160753,0.9803027,1.208315,1
ENSG00000266094_1,0.4451337,0.0,1
ENSG00000162520,1.2528926,0.0,1
ENSG00000142623,0.2564673,0.0,1
ENSG00000187608,1.8305893,3.3426318,1
ENSG00000163462,0.55465627,1.0765276,1
ENSG00000160781,0.6564579,0.0,1
ENSG00000163125_1,2.5595427,1.9664046,1
ENSG00000127054,2.4422858,2.8996181,1
ENSG00000159445,2.2966492,2.5668063,1
ENSG00000232077,0.0964502,0.0,1
ENSG00000227290,0.18534943,0.0,1
ENSG00000186510,0.46476746,0.0,1
ENSG00000228063,2.2202506,1.4095274,1
ENSG00000069424_1,1.7373953,3.0223749,1
ENSG00000117519,1.4558513,1.9830035,1
ENSG00000134690,2.2951486,3.0314085,1
ENSG00000136643,1.9795835,2.3331912,1
ENSG00000162772,2.4039834,2.6469955,1
ENSG00000231789,1.8804786,1.7227656,1
ENSG00000263528,1.3499613,2.3836772,1
ENSG00000116147,0.36907536,0.0,1
ENSG00000116254,1.6895225,1.3645885,1
ENSG00000232265_1,0.29741195,0.0,1
ENSG00000227764,0.10843422,0.0,1
ENSG00000230424,2.7289603,2.2548718,1
ENSG00000286389,1.3402388,0.9761206,1
ENSG00000116141_1,1.5731418,1.2084414,1
ENSG00000162654,0.8486825,2.7025702,1
ENSG00000163462_1,0.8091492,0.9384697,1
ENSG00000116560,2.4245348,4.041199,1
ENSG00000132763,2.1805074,0.0,1
ENSG00000162779,2.0520718,1.0052878,1
ENSG00000009790,1.4271021,0.0,1
ENSG00000076258,0.6842809,0.0,1
ENSG00000154342,1.63574,1.5365584,1
ENSG00000168275,2.5292475,3.0227458,1
ENSG00000133065_1,0.86212504,1.3700132,1
ENSG00000163395,0.40786448,0.0,1
ENSG00000160097_1,0.7224244,0.0,1
ENSG00000198198,2.4871242,2.1833751,1
ENSG00000054118,2.853127,3.2161288,1
ENSG00000121933,0.37596285,0.0,1
ENSG00000160712_1,1.9978993,1.73943,1
ENSG00000203705,2.5158503,2.5443497,1
ENSG00000185966,0.08830608,0.0,1
ENSG00000233008_1,0.68685675,0.0,1
ENSG00000253313,0.4535242,0.0,1
ENSG00000054282,2.369703,0.0,1
ENSG00000162836,1.6034279,1.3424128,1
ENSG00000291157,0.23997536,0.0,1
ENSG00000236782,0.40791774,0.0,1
ENSG00000121486,2.3478754,2.2896068,1
ENSG00000126705,1.5328209,2.3421462,1
ENSG00000054392_2,1.9571257,0.0,1
ENSG00000162604,2.287638,2.612771,1
ENSG00000203667,2.5396607,3.1821206,1
ENSG00000143418,0.6564497,0.0,1
ENSG00000230798_1,1.7031078,1.3488382,1
ENSG00000162843,0.12439806,0.0,1
ENSG00000234754,0.06778174,0.0,1
ENSG00000081237,1.1187077,0.0,1
ENSG00000162391,0.44602042,0.7772702,1
ENSG00000120937,0.9103271,0.0,1
ENSG00000116688,2.4413803,2.8368871,1
ENSG00000162873,0.35947877,0.0,1
ENSG00000273694,0.11113293,0.0,1
ENSG00000116991,1.7464767,1.4284264,1
ENSG00000121766,2.5277898,2.8148215,1
ENSG00000125462_3,0.39352167,0.63820964,1
ENSG00000116791_1,2.298487,3.202916,1
ENSG00000159173,0.24758342,0.0,1
ENSG00000198815_2,0.85940886,0.9545802,1
ENSG00000196660,1.1192521,1.1726321,1
ENSG00000135747,1.9767962,1.9024429,1
ENSG00000151418,0.13073835,0.0,1
ENSG00000252947,0.20642602,0.85938454,1
ENSG00000143590,1.089149,1.8367734,1
ENSG00000273213,1.385668,3.2965577,1
ENSG00000197959_1,0.064043574,0.0,1
ENSG00000293271,1.336957,0.65747654,1
ENSG00000207501,2.3427997,3.3327978,1
ENSG00000232596,0.11560326,0.0,1
ENSG00000162408,2.4165602,2.7258823,1
ENSG00000162736,2.847772,2.8681917,1
ENSG00000116688_1,2.489698,2.8048472,1
ENSG00000171735_1,1.5978189,1.7017579,1
ENSG00000077254,1.954759,2.4914892,1
ENSG00000162571_1,0.45353454,0.0,1
ENSG00000229953,1.7074894,2.5567644,1
ENSG00000196660_1,1.0255729,1.1031878,1
ENSG00000142632_2,0.41252214,0.0,1
ENSG00000187730,1.6439657,1.8057644,1
ENSG00000188770,0.18266508,0.0,1
ENSG00000162510,0.72332937,1.4720027,1
ENSG00000233461,2.280841,0.64794993,1
ENSG00000143198,2.1691968,0.0,1
ENSG00000079335_3,0.23011136,0.0,1
ENSG00000097046_1,2.4419494,2.1167538,1
ENSG00000025800_1,0.25318953,0.0,1
ENSG00000122188,1.2365766,0.0,1
ENSG00000116251_2,1.6589683,1.4911796,1
ENSG00000121904,1.2785047,1.612116,1
ENSG00000158109,1.9661515,1.6778805,1
ENSG00000163563,1.2814364,3.0261817,1
ENSG00000162496_1,1.0913985,1.839214,1
ENSG00000180667,1.5860763,2.0492568,1
ENSG00000233602,0.19548383,0.0,1
ENSG00000291135,0.16712993,0.0,1
ENSG00000179862,1.435291,1.4016935,1
ENSG00000116329,1.4768203,1.38144,1
ENSG00000162734,2.4304402,3.000976,1
ENSG00000058085,0.8453479,0.0,1
ENSG00000117461,2.596585,2.3986585,1
ENSG00000076864,1.3366313,1.0729077,1
ENSG00000160803,2.4501212,2.1557245,1
ENSG00000170128,1.2537773,1.4210113,1
ENSG00000227733,0.47852898,0.0,1
ENSG00000137960_1,1.172791,1.38144,1
ENSG00000159166,1.0199546,0.0,1
ENSG00000196890,1.4801618,2.553378,1
ENSG00000243709,0.6680274,1.3502151,1
ENSG00000187862,0.2881679,0.0,1
ENSG00000227712,0.62108505,0.82885313,1
ENSG00000135845,1.870437,2.0870285,1
ENSG00000160072,2.4128788,2.6790426,1
ENSG00000041988,1.1455166,2.1392996,1
ENSG00000158485,0.16487873,0.0,1
ENSG00000142661,0.5174557,0.0,1
ENSG00000117155,2.2537308,1.9250696,1
ENSG00000143179,2.400376,2.9899347,1
ENSG00000117298_3,2.263242,2.8309093,1
ENSG00000287839,0.41384998,0.0,1
ENSG00000143303_1,2.4479399,1.2110671,1
ENSG00000285629,0.26318473,0.0,1
ENSG00000163374_1,2.528031,2.508112,1
ENSG00000143631,0.09133794,0.43239197,1
ENSG00000117859,1.0100275,2.4150386,1
ENSG00000173171_1,1.969516,2.5587914,1
ENSG00000162618_1,0.11125433,0.0,1
ENSG00000237491,2.6488035,1.8708485,1
ENSG00000134376_1,0.080522485,0.0,1
ENSG00000143793_1,1.8832393,2.4042861,1
ENSG00000066136_1,2.8211038,1.9872863,1
ENSG00000169224_1,0.1245768,0.0,1
ENSG00000143545,0.8334977,1.896708,1
ENSG00000162676_2,1.304723,1.9909158,1
ENSG00000116260,2.4096682,2.773507,1
ENSG00000119283,1.2604647,1.4628022,1
ENSG00000223175,0.14545283,0.0,1
ENSG00000230424_1,2.6833723,0.0,1
ENSG00000132676,1.5840888,1.9291021,1
ENSG00000132906_1,2.5611405,2.1248596,1
ENSG00000060642_1,2.9596064,1.7344158,1
ENSG00000122482_2,2.2212384,2.539578,1
ENSG00000134256,0.67501235,0.0,1
ENSG00000173846,2.69572,2.2667208,1
ENSG00000152061_1,0.16424084,0.0,1
ENSG00000172339,2.19289,2.2958858,1
ENSG00000132128_1,2.0214462,2.525063,1
ENSG00000162670_1,0.14008188,0.0,1
ENSG00000132485,2.3636272,0.0,1
ENSG00000163050,2.4949942,1.9958282,1
ENSG00000290569,2.1119273,0.0,1
ENSG00000116670_2,1.4769005,1.4647131,1
ENSG00000134216,0.21993682,0.0,1
ENSG00000143320,0.817649,0.0,1
ENSG00000162676_1,1.4784579,2.299747,1
ENSG00000207181,0.83162814,0.0,1
ENSG00000162623,2.200939,2.9327426,1
ENSG00000163518,0.5639703,0.0,1
ENSG00000162669,0.8672506,1.2275525,1
ENSG00000183114,1.1509776,1.1418573,1
ENSG00000135824_2,0.78644514,0.0,1
ENSG00000116251_1,0.37881103,0.68181086,1
ENSG00000118217,1.9307203,2.760197,1
ENSG00000179051,2.2022188,3.124501,1
ENSG00000143125,0.1650033,0.0,1
ENSG00000155367,1.8111532,1.260739,1
ENSG00000183431,2.3075302,3.231291,1
ENSG00000225206_1,0.89341927,2.0290468,1
ENSG00000186790,1.3713092,1.5591762,1
ENSG00000134215,0.07187069,0.0,1
ENSG00000143799,0.24919829,0.0,1
ENSG00000134684,2.5415752,3.2860386,1
ENSG00000171812,1.4230316,0.0,1
ENSG00000291242,0.9277974,0.0,1
ENSG00000159377,2.1301668,2.9886026,1
ENSG00000120948,2.4061923,3.2081563,1
ENSG00000131238,1.6640255,2.8998358,1
ENSG00000120341,0.21664158,0.0,1
ENSG00000198400,0.43861908,0.0,1
ENSG00000213512,0.14647618,0.0,1
ENSG00000233079_2,0.12635499,0.53921413,1
ENSG00000050628,1.1191413,1.373096,1
ENSG00000092853,0.14740631,0.0,1
ENSG00000273274,0.95401627,1.0191579,1
ENSG00000240409,2.2372618,4.2366633,1
ENSG00000143554,1.5371356,1.5994354,1
ENSG00000078900,2.3734868,2.3812559,1
ENSG00000122482_1,2.5915866,2.451172,1
ENSG00000158473,0.8714662,1.6277856,1
ENSG00000231605,0.26574716,0.0,1
ENSG00000143627_1,0.20804742,0.0,1
ENSG00000157873_2,2.3582857,2.1590073,1
ENSG00000120332,0.2800159,0.0,1
ENSG00000047410,2.5481918,3.101977,1
ENSG00000143556,0.13312292,0.0,1
ENSG00000198815_1,2.63428,2.8209977,1
ENSG00000235358_1,1.676071,0.0,1
ENSG00000230628,0.95717835,0.0,1
ENSG00000074964_1,0.63471293,0.0,1
ENSG00000127074,0.17261839,0.0,1
ENSG00000287756,0.080954544,0.0,1
ENSG00000181817,2.4066727,2.3698168,1
ENSG00000116350,2.8521736,2.9971542,1
ENSG00000143816,1.7418091,1.5891786,1
ENSG00000233593,0.7367791,0.70773196,1
ENSG00000143753_1,2.4228804,1.2568139,1
ENSG00000132881,2.1833818,0.0,1
ENSG00000159588,0.3063229,0.0,1
ENSG00000235545,2.2765427,0.0,1
ENSG00000125462_1,1.2681441,1.0544828,1
ENSG00000225632,0.2189753,0.0,1
ENSG00000143811,2.506923,2.477989,1
ENSG00000235750_1,1.9681193,2.534937,1
ENSG00000137944_1,2.4219806,2.4595237,1
ENSG00000178104_3,0.45959422,0.7981532,1
ENSG00000177628_2,2.664345,0.0,1
ENSG00000000457,2.7802577,2.3725235,1
ENSG00000196240,0.19925117,0.0,1
ENSG00000197429,2.8370137,1.9100852,1
ENSG00000162460,0.41450208,0.0,1
ENSG00000163879,0.43285862,0.0,1
ENSG00000163472_1,0.40146804,0.0,1
ENSG00000201317,0.10795849,4.3497515,1
ENSG00000116984,2.3968375,2.7247329,1
ENSG00000127124_2,0.19110039,0.0,1
ENSG00000122176,0.29332548,0.0,1
ENSG00000179914,0.19314203,0.0,1
ENSG00000171385_1,1.7667583,1.5837314,1
ENSG00000134668,0.33949664,0.0,1
ENSG00000143486,2.350941,0.0,1
ENSG00000130764,2.3290813,2.5874302,1
ENSG00000156875,2.562351,2.8393824,1
ENSG00000159346,2.2886586,2.564549,1
ENSG00000175130,1.945548,3.3151157,1
ENSG00000196352_2,0.21148393,0.0,1
ENSG00000228536_1,0.27222714,0.0,1
ENSG00000143858,1.0387386,0.0,1
ENSG00000227533,1.8021026,0.0,1
ENSG00000264294,2.6647184,2.0977397,1
ENSG00000157191,2.4215834,2.7100124,1
ENSG00000084072,1.7328873,2.5969388,1
ENSG00000134698,1.6158088,1.9503648,1
ENSG00000162909_2,0.34967402,0.0,1
ENSG00000203740,0.1938189,0.0,1
ENSG00000126091,2.5599768,2.172016,1
ENSG00000152904,2.2438338,2.471966,1
ENSG00000116198_1,1.9389324,2.2838256,1
ENSG00000008118,0.17626223,0.0,1
ENSG00000177868,2.332369,1.7971983,1
ENSG00000143473,1.2358332,0.99677426,1
ENSG00000143321,1.6199179,1.8048683,1
ENSG00000143127,0.14588201,0.0,1
ENSG00000069248,2.378114,2.683708,1
ENSG00000188015,0.23167402,0.0,1
ENSG00000143434,1.462154,1.238989,1
ENSG00000272145,2.8004336,2.9404666,1
ENSG00000213190,0.47429392,1.9156584,1
ENSG00000090621_1,2.0200596,3.3206406,1
ENSG00000196189,0.48357692,0.0,1
ENSG00000117036,2.4348423,2.131686,1
ENSG00000174514,1.5008743,1.2722826,1
ENSG00000213057,2.1308863,1.1580005,1
ENSG00000184588,1.0439385,1.523187,1
ENSG00000172456_1,2.4611304,1.85083,1
ENSG00000187223,0.09275774,0.0,1
ENSG00000042781,0.1409997,0.63816965,1
ENSG00000272205,2.382136,1.6934631,1
ENSG00000117640,2.3288944,1.979143,1
ENSG00000162702,2.4003208,2.456817,1
ENSG00000163485_2,0.23463538,0.0,1
ENSG00000198830_1,2.2965662,1.3966004,1
ENSG00000180488,1.3741767,2.3700948,1
ENSG00000134255,1.710401,2.460883,1
ENSG00000171680_2,0.5594528,0.0,1
ENSG00000134369,1.3884358,1.4083927,1
ENSG00000203785,0.11044518,0.0,1
ENSG00000184588_4,1.2666907,2.2391994,1
ENSG00000189337,1.5136664,1.5399413,1
ENSG00000116521_2,2.1634018,3.0820885,1
ENSG00000184908,0.43957385,0.91826314,1
ENSG00000172031,1.1584401,1.5843538,1
ENSG00000291199,0.43795985,0.9078358,1
ENSG00000163382,2.2151997,2.0676472,1
ENSG00000116703,0.19032119,0.0,1
ENSG00000117640_1,2.4007773,1.1510142,1
ENSG00000048707_3,0.33118927,0.0,1
ENSG00000135763,2.3986144,2.094062,1
ENSG00000116774_1,0.33967924,0.0,1
ENSG00000228436,2.006986,0.0,1
ENSG00000117676,1.9980302,2.3816042,1
ENSG00000162599,0.9163913,0.0,1
ENSG00000116833,0.101605915,0.0,1
ENSG00000286071,0.1398525,0.0,1
ENSG00000117155_2,2.1652186,2.344058,1
ENSG00000273004_1,1.7420683,1.2961034,1
ENSG00000154429_1,1.7811823,2.0156488,1
ENSG00000143624,2.7937968,2.8077028,1
ENSG00000158615,2.8937037,2.8071568,1
ENSG00000067208,0.12867638,0.0,1
ENSG00000162641_1,0.12795511,0.0,1
ENSG00000224093,0.6826316,0.9639294,1
ENSG00000174502,0.15768003,1.0150453,1
ENSG00000187634_2,1.6397636,1.0494312,1
ENSG00000253097,0.10889203,0.0,1
ENSG00000143032,1.148247,0.8786539,1
ENSG00000143512,0.41036806,0.0,1
ENSG00000163041_1,1.5469109,1.351487,1
ENSG00000142621_2,0.24955747,0.0,1
ENSG00000282881,0.19912323,0.42709643,1
ENSG00000134248,2.3855562,3.0744836,1
ENSG00000000938,2.3286855,2.6490388,1
ENSG00000175206,0.38081586,0.604118,1
ENSG00000198691_1,0.21947938,0.0,1
ENSG00000224535,0.11686214,0.0,1
ENSG00000236719,0.38317832,0.0,1
ENSG00000286106,1.7612886,1.4117712,1
ENSG00000142875_1,0.24537659,0.0,1
ENSG00000179051_1,1.9017236,2.6812701,1
ENSG00000189195,0.7728082,1.0871422,1
ENSG00000224259_1,0.09661492,0.0,1
ENSG00000117362,2.4856546,2.5379574,1
ENSG00000287396,0.17824385,0.0,1
ENSG00000142789,0.2578173,0.0,1
ENSG00000158887,1.3197505,0.0,1
ENSG00000162695,2.40762,2.793895,1
ENSG00000197520_1,0.1801753,0.0,1
ENSG00000198520,2.3288102,0.0,1
ENSG00000230937,0.16407064,2.436282,1
ENSG00000173436,1.4790677,1.4880004,1
ENSG00000142949,0.3723456,0.0,1
ENSG00000152382,2.4981644,2.3862562,1
ENSG00000231365_1,2.5296588,0.0,1
ENSG00000142959,0.35754922,0.0,1
ENSG00000272438,1.6379685,1.2908356,1
ENSG00000187801,2.5328574,1.9609462,1
ENSG00000143819_1,0.25019878,0.0,1
ENSG00000131781_2,2.3048542,2.6291015,1
ENSG00000135835,1.5819427,1.5158473,1
ENSG00000207056,0.10188728,0.0,1
ENSG00000143368,2.6718743,3.2990057,1
ENSG00000116285,1.9368385,1.8174398,1
ENSG00000135776,2.5084574,2.2706254,1
ENSG00000237330,0.78607285,0.0,1
ENSG00000116791,2.0700972,3.2052667,1
ENSG00000290867,1.8883607,1.6622856,1
ENSG00000134255_1,2.9383612,2.8750439,1
ENSG00000117724,2.2167368,3.1278722,1
ENSG00000085840,2.4566908,2.654032,1
ENSG00000151414,2.3642335,2.7609122,1
ENSG00000162763,0.28000987,0.63162637,1
ENSG00000285053,2.2785933,1.8774866,1
ENSG00000123685,1.909723,1.8812306,1
ENSG00000143294,2.5129473,2.969374,1
ENSG00000157873,1.9388632,2.1184003,1
ENSG00000162642,1.8789647,2.328149,1
ENSG00000163191,1.0289983,0.0,1
ENSG00000196187_2,2.0281053,2.3410347,1
ENSG00000160753_2,1.8174832,2.105166,1
ENSG00000243710,2.1395438,1.0569962,1
ENSG00000234476,0.3519651,0.0,1
ENSG00000284770,1.9339381,0.0,1
ENSG00000120337,0.06379653,0.0,1
ENSG00000153904,1.4321371,1.7772093,1
ENSG00000237505,2.1977475,1.820648,1
ENSG00000094975,2.6654525,2.1060889,1
ENSG00000135838,1.5163335,0.0,1
ENSG00000143633,2.3646152,0.0,1
ENSG00000291137_1,2.6507301,0.0,1
ENSG00000116574,1.5461742,1.4117038,1
ENSG00000230461,0.09304277,0.0,1
ENSG00000135837,2.8560178,2.5089066,1
ENSG00000009790_1,1.8642266,0.0,1
ENSG00000284686,0.27783847,0.0,1
ENSG00000010072,2.3290854,1.7106842,1
ENSG00000261595,1.4436722,0.0,1
ENSG00000203963,0.3085241,0.715995,1
ENSG00000132681_1,0.23467374,0.0,1
ENSG00000223944,0.50202066,0.0,1
ENSG00000271252,0.2893149,0.0,1
ENSG00000143126,1.4991812,1.4072549,1
ENSG00000198492,2.15859,3.0996876,1
ENSG00000282564,1.5656998,1.2894552,1
ENSG00000185220,2.3010323,1.9834414,1
ENSG00000230798,1.1504323,0.0,1
ENSG00000160789,1.111493,1.3101621,1
ENSG00000023572,2.0013661,2.6082542,1
ENSG00000116830,2.3992107,2.7618835,1
ENSG00000158022,0.18237144,0.7772767,1
ENSG00000131236,2.6319227,1.5669675,1
ENSG00000143222,2.0004148,3.0145876,1
ENSG00000157216_1,2.3155315,2.538018,1
ENSG00000116922_1,2.3498147,1.6308142,1
ENSG00000143761_2,0.40809613,0.0,1
ENSG00000162599_2,1.500783,1.3693643,1
ENSG00000283227,0.15328169,0.56321996,1
ENSG00000173409,2.1239607,0.0,1
ENSG00000238279,0.36748722,0.0,1
ENSG00000143033,2.3613229,2.4895394,1
ENSG00000237980,1.126875,1.0245677,1
ENSG00000118454,2.6390817,2.5618203,1
ENSG00000162877,0.5613842,0.81372106,1
ENSG00000157330,0.23770666,0.0,1
ENSG00000284738,2.5564644,1.845749,1
ENSG00000143578_2,1.2225157,0.5670852,1
ENSG00000117676_2,2.3166773,0.0,1
ENSG00000121753_1,1.8774221,1.8632932,1
ENSG00000196482_1,0.18373194,0.99387693,1
ENSG00000162910,2.1368167,2.5459685,1
ENSG00000286383,0.20919573,0.0,1
ENSG00000162458_1,1.3181186,1.0481699,1
ENSG00000116874_1,2.533726,2.855713,1
ENSG00000082512,1.9309593,2.5277717,1
ENSG00000085998,2.2526617,2.2451794,1
ENSG00000143851_2,0.98572576,1.5350155,1
ENSG00000163131,1.0005299,0.0,1
ENSG00000117020,0.20612526,0.0,1
ENSG00000259030,1.603799,2.3636703,1
ENSG00000160789_6,1.7975074,0.92510575,1
ENSG00000198765,0.4931888,0.9561204,1
ENSG00000157881,2.0576425,2.5152512,1
ENSG00000162819_1,2.2031467,1.9744458,1
ENSG00000143570_1,2.4323938,1.8465846,1
ENSG00000265972,1.9189987,2.3401744,1
ENSG00000270106,2.4693496,0.0,1
ENSG00000116747,2.6987693,2.9595752,1
ENSG00000160055,2.3613775,1.6724396,1
ENSG00000290867_1,2.3201878,1.6790279,1
ENSG00000131781,0.69964844,0.0,1
ENSG00000184144,0.6769103,1.4295585,1
ENSG00000118194_3,0.4582944,0.6697816,1
ENSG00000143156,1.61657,0.0,1
ENSG00000116353,1.9304078,2.482675,1
ENSG00000168710_1,2.5550482,1.3640254,1
ENSG00000117650,2.2081115,2.6254802,1
ENSG00000162825,1.8990278,0.0,1
ENSG00000202056,0.6722666,0.0,1
ENSG00000143257,0.20496306,0.0,1
ENSG00000272865,0.16021863,0.0,1
ENSG00000163874_2,0.55606955,1.118526,1
ENSG00000265961,0.17307866,0.0,1
ENSG00000158711,2.7048419,2.2383723,1
ENSG00000198160_1,2.5141242,2.5351372,1
ENSG00000162368,2.575332,2.7607315,1
ENSG00000159173_2,0.61812,0.0,1
ENSG00000143801,1.7695398,1.871059,1
ENSG00000197312,2.613694,2.6453536,1
ENSG00000142751,2.362026,2.6940768,1
ENSG00000203710,1.3892546,2.0166073,1
ENSG00000183291,2.2773716,2.8740938,1
ENSG00000054392_3,0.14619058,0.0,1
ENSG00000291158_1,2.2605832,2.4979932,1
ENSG00000237463,0.11945721,0.0,1
ENSG00000086015_1,0.2235995,0.0,1
ENSG00000164010,2.3044374,2.3437827,1
ENSG00000203784,0.08028839,0.0,1
ENSG00000142875_3,0.1758658,0.8613552,1
ENSG00000143507_1,2.41315,3.11585,1
ENSG00000054267_1,2.2427363,2.5470617,1
ENSG00000157911,2.4557636,1.869281,1
ENSG00000203943,0.39385426,0.0,1
ENSG00000163565_3,1.141655,2.2467446,1
ENSG00000117090,2.7823117,3.7894156,1
ENSG00000142910,0.53259754,0.8266578,1
ENSG00000117245,0.5173251,0.8027395,1
ENSG00000153187_5,2.7182586,4.0270557,1
ENSG00000173372_1,0.25233045,0.0,1
ENSG00000232113,0.10384188,0.0,1
ENSG00000178028,1.8479339,2.1447082,1
ENSG00000143845,0.24854916,0.0,1
ENSG00000189266,2.9449053,3.0614676,1
ENSG00000132698,0.3417459,0.0,1
ENSG00000064886_1,1.235376,2.3225315,1
ENSG00000123843_1,0.22086439,0.0,1
ENSG00000282843,0.14055187,0.0,1
ENSG00000162601,1.815449,0.0,1
ENSG00000122432,2.7489843,2.3999054,1
ENSG00000163141,0.15693772,0.0,1
ENSG00000153898,2.5205045,3.0880723,1
ENSG00000154007,0.08092696,0.0,1
ENSG00000122484,2.3526404,2.5335991,1
ENSG00000143409_1,0.80851984,1.7960885,1
ENSG00000004455,2.49379,3.1483219,1
ENSG00000188092,1.9705522,2.6620255,1
ENSG00000157077,1.9272935,1.8381877,1
ENSG00000162433,1.8879178,2.0194902,1
ENSG00000222046,0.47148418,0.0,1
ENSG00000143437,2.4689884,2.1734195,1
ENSG00000206585,2.013949,2.9060915,1
ENSG00000203697,0.18637437,0.0,1
ENSG00000123080,2.1538289,1.8482014,1
ENSG00000078900_1,0.4539716,0.8824107,1
ENSG00000170498,0.28998092,0.0,1
ENSG00000160685_1,1.4631269,1.3832767,1
ENSG00000162747,0.2893037,0.78197783,1
ENSG00000153207,2.346442,2.6136453,1
ENSG00000177301_1,1.1602687,0.0,1
ENSG00000230124,2.4935539,2.468628,1
ENSG00000085831_2,1.5334032,1.1239822,1
ENSG00000234593,0.2890516,0.0,1
ENSG00000134716,0.84872264,0.0,1
ENSG00000159164,0.71519077,0.0,1
ENSG00000184270,2.7224774,3.5729365,1
ENSG00000143409_2,1.8386469,0.68181086,1
ENSG00000198216,2.095609,2.6748428,1
ENSG00000188807,2.3856554,2.0634835,1
ENSG00000293478,1.4097416,1.8899568,1
ENSG00000142945_1,0.31033072,0.0,1
ENSG00000187634_1,0.73966855,0.0,1
ENSG00000117399,2.3823717,2.7891011,1
ENSG00000074800_1,2.2699273,0.0,1
ENSG00000154305_1,2.45213,0.0,1
ENSG00000204624,1.737406,1.4597241,1
ENSG00000162814,1.4481857,0.0,1
ENSG00000197747_1,1.2045344,1.3942765,1
ENSG00000179639,0.07608385,0.0,1
ENSG00000116752,2.0398555,3.0675023,1
ENSG00000158488,0.25762922,0.0,1
ENSG00000142621_3,0.36205816,0.0,1
ENSG00000143393,2.6449158,2.4374192,1
ENSG00000163479,0.7336658,0.0,1
ENSG00000198715,0.8380012,0.0,1
ENSG00000297423,2.6376584,1.5044165,1
ENSG00000163352,0.5024269,0.8861578,1
ENSG00000143248_1,2.192168,2.30659,1
ENSG00000117543,2.0592244,0.0,1
ENSG00000231563,1.2451282,1.3178817,1
ENSG00000170989_1,2.0738018,0.0,1
ENSG00000186827,0.6866887,2.0231743,1
ENSG00000199347,2.2396693,3.1786864,1
ENSG00000116874,0.17574447,0.0,1
ENSG00000177807,0.91876376,0.0,1
ENSG00000118298,0.37825558,0.0,1
ENSG00000163156,2.1878104,2.6624339,1
ENSG00000224616,2.207825,1.2583115,1
ENSG00000137955_1,1.4558852,2.6396358,1
ENSG00000078369,2.4425285,1.9102187,1
ENSG00000116819,1.2881267,0.0,1
ENSG00000285910,0.35870662,1.156034,1
ENSG00000127483_1,2.5952144,2.383803,1
ENSG00000133067_1,0.11741302,0.50498706,1
ENSG00000090020,2.4977653,2.37212,1
ENSG00000182134,1.9666486,1.5269334,1
ENSG00000171163,2.4148042,2.350248,1
ENSG00000157216,0.22739628,0.6110964,1
ENSG00000116885,2.0239892,0.0,1
ENSG00000136631_1,2.3774965,0.0,1
ENSG00000067606_3,0.22814122,0.0,1
ENSG00000162374_2,0.21010906,0.72419393,1
ENSG00000090104,1.6489469,3.9547546,1
ENSG00000171385,1.0811464,0.0,1
ENSG00000117707_1,0.66558087,0.0,1
ENSG00000143494,2.2427728,2.686632,1
ENSG00000203965_1,2.3447425,0.0,1
ENSG00000134183_1,1.6933486,0.0,1
ENSG00000162374,0.12782559,0.0,1
ENSG00000171603,2.092686,3.019216,1
ENSG00000134183,0.21426675,0.0,1
ENSG00000197056,1.8358912,1.7644153,1
ENSG00000183888,0.3141251,0.0,1
ENSG00000088280_1,1.4376906,1.1153775,1
ENSG00000223883,0.14139387,0.0,1
ENSG00000143153_2,0.24578142,0.0,1
ENSG00000160710_1,2.132238,1.4290252,1
ENSG00000168528,0.10497863,0.0,1
ENSG00000177181,1.6908097,1.513191,1
ENSG00000142675,0.51657534,0.0,1
ENSG00000226251,2.405964,1.3966004,1
ENSG00000117143,2.4726512,1.6803129,1
ENSG00000182118,1.5606236,1.4436853,1
ENSG00000162728,0.2690328,0.0,1
ENSG00000168679,0.16965556,0.0,1
ENSG00000159596,2.0639243,3.0242803,1
ENSG00000143578_1,1.7978661,0.0,1
ENSG00000143226,0.26208577,0.0,1
ENSG00000126070,2.5317361,2.4328122,1
ENSG00000133069_1,0.27067015,0.0,1
ENSG00000203325,1.4206145,1.0519625,1
ENSG00000233593_1,1.1134874,1.4563661,1
ENSG00000117748,2.8146522,2.9455996,1
ENSG00000163156_1,1.2813727,0.6666958,1
ENSG00000143643,2.620414,2.3434618,1
ENSG00000173207,2.898461,3.0630443,1
ENSG00000049239,2.4965506,2.104726,1
ENSG00000132185,1.8243442,2.8650613,1
ENSG00000142871,1.1764108,1.3583156,1
ENSG00000134249,0.30970496,0.0,1
ENSG00000162873_2,0.43689403,0.0,1
ENSG00000175756,2.5875332,2.7613144,1
ENSG00000204859,2.1621182,1.9928229,1
ENSG00000182866_1,0.3516546,0.0,1
ENSG00000116337_2,1.9482869,1.8725584,1
ENSG00000186564,2.3071063,1.7170627,1
ENSG00000232537,0.25491416,0.0,1
ENSG00000162755,2.0626564,1.2953031,1
ENSG00000004455_1,1.17772,0.0,1
ENSG00000158710_1,2.0355766,0.0,1
ENSG00000203737,0.16980931,0.0,1
ENSG00000230550,0.22667906,0.0,1
ENSG00000117394_1,2.3837883,3.0360777,1
ENSG00000159176,2.34394,2.980223,1
ENSG00000116299,1.1432595,0.0,1
ENSG00000081277,1.1241562,1.4215447,1
ENSG00000116539,2.7604284,2.3948894,1
ENSG00000135766,2.4092615,2.5720232,1
ENSG00000230623_1,0.35000607,0.0,1
ENSG00000000971,0.07832252,0.0,1
ENSG00000142892,1.0874095,0.0,1
ENSG00000137992,1.9001539,2.2677934,1
ENSG00000196420,0.262869,0.86911434,1
ENSG00000133019,1.0888877,0.0,1
ENSG00000171517,1.322728,1.0594498,1
ENSG00000143337_3,2.9136124,1.3783925,1
ENSG00000188295,2.1485615,1.9872845,1
ENSG00000135778,1.9313546,2.529651,1
ENSG00000196154,0.47964415,2.5169213,1
ENSG00000142669,2.4684246,0.0,1
ENSG00000185420_1,1.5651954,2.2990975,1
ENSG00000116786,2.4111557,2.3707333,1
ENSG00000143553,2.2238145,0.0,1
ENSG00000168264,1.7455609,2.399248,1
ENSG00000078618_1,0.9171492,0.0,1
ENSG00000188931,0.4055614,0.5513524,1
ENSG00000121454,1.2551306,1.2206049,1
ENSG00000163435,0.9388001,2.1271663,1
ENSG00000116675_1,1.6914957,1.6560886,1
ENSG00000142687,2.635552,2.5494263,1
ENSG00000143303,2.6245348,2.690639,1
ENSG00000282849,0.43908003,0.0,1
ENSG00000275291,1.3749156,0.0,1
ENSG00000169641,1.4544775,2.4298153,1
ENSG00000067606_2,0.23577309,0.8224296,1
ENSG00000164008,2.4814804,2.1006668,1
ENSG00000085491,1.8410892,2.365516,1
ENSG00000163155,2.0412185,0.0,1
ENSG00000163534,0.21600857,0.0,1
ENSG00000185630,0.7477983,0.9670516,1
ENSG00000274265,2.245633,1.8414596,1
ENSG00000117000,2.434659,2.3443804,1
ENSG00000116675,0.15918064,0.0,1
ENSG00000198400_1,1.4247603,1.301811,1
ENSG00000116396_1,1.3097317,1.4291626,1
ENSG00000146463,2.4675715,1.4890158,1
ENSG00000143842,1.063678,1.5158871,1
ENSG00000189195_1,0.041619174,0.0,1
ENSG00000259823,0.27798167,0.99674803,1
ENSG00000249087,2.3130665,1.359642,1
ENSG00000031698,2.126549,2.2854314,1
ENSG00000236427_1,0.1603002,0.0,1
ENSG00000198162,2.4891415,2.3980546,1
ENSG00000227868,0.13511395,0.0,1
ENSG00000162545,1.155705,1.2995727,1
ENSG00000224609,1.4901409,0.0,1
ENSG00000159166_2,0.7103281,1.4665859,1
ENSG00000090432,1.6550078,1.8551798,1
ENSG00000178796,1.1173376,1.5298793,1
ENSG00000183780_1,1.5746869,1.576157,1
ENSG00000135749,1.4422,2.230178,1
ENSG00000215704,0.10302902,0.0,1
ENSG00000135835_2,0.5237614,1.0378247,1
ENSG00000226891,0.85799575,0.0,1
ENSG00000177788,1.7294741,0.0,1
ENSG00000074800_2,2.6724813,4.4529743,1
ENSG00000152763_1,2.4070976,0.0,1
ENSG00000130772,2.0642898,0.0,1
ENSG00000137955_2,0.545818,2.4905288,1
ENSG00000203709,2.1145055,2.0497568,1
ENSG00000160087,2.357482,2.8196795,1
ENSG00000142619,0.2514437,0.8633645,1
ENSG00000223635,2.389015,1.1142772,1
ENSG00000207241,0.46130064,1.2075536,1
ENSG00000152061_4,0.35851827,0.0,1
ENSG00000203811,2.5841844,3.0841758,1
ENSG00000143093,2.198488,2.2772698,1
ENSG00000177954,2.573666,4.2551613,1
ENSG00000157873_1,2.2356412,2.4287226,1
ENSG00000228594,1.8578222,1.7186677,1
ENSG00000134686,2.4806216,1.7333739,1
ENSG00000162434_1,1.2688116,1.5460242,1
ENSG00000134744,2.1588304,2.3713782,1
ENSG00000259788,2.1505554,0.0,1
ENSG00000158008,0.5204972,0.9368152,1
ENSG00000188782,0.34546524,0.89164895,1
ENSG00000016490,0.09827327,0.0,1
ENSG00000117118,0.5876102,0.0,1
ENSG00000158710,2.1734102,1.0494196,1
ENSG00000233396,1.5408533,0.0,1
ENSG00000175793,0.9071075,1.0066799,1
ENSG00000142609_1,0.84350896,0.7132225,1
ENSG00000143595,0.3384696,0.0,1
ENSG00000116748_1,0.1669397,0.0,1
ENSG00000265808,2.0261545,3.1880336,1
ENSG00000158156,1.8649313,1.684944,1
ENSG00000204138,2.3257747,2.2486057,1
ENSG00000134371,2.5877888,2.8388875,1
ENSG00000023909,2.1607292,2.0250435,1
ENSG00000196418_1,2.229113,2.1185193,1
ENSG00000189334,0.6015468,0.0,1
ENSG00000224051,2.411781,2.3897648,1
ENSG00000198758,0.52190965,0.0,1
ENSG00000162600,2.2600448,2.5933568,1
ENSG00000225556,1.1635202,1.7013867,1
ENSG00000187147_1,2.739917,2.682506,1
ENSG00000198625,2.832348,2.9215438,1
ENSG00000143578,2.6532495,2.0046651,1
ENSG00000160856,0.18206275,1.0443045,1
ENSG00000116815,2.6192296,3.3584375,1
ENSG00000163472,2.3899052,1.5516342,1
ENSG00000127423,2.3893569,0.0,1
ENSG00000160691_2,1.1189039,1.6410873,1
ENSG00000221978,2.6957524,2.5680866,1
ENSG00000117834,0.30887556,0.0,1
ENSG00000009724,0.37031078,0.0,1
ENSG00000007341_1,2.5645254,2.0060978,1
ENSG00000116711,0.36949068,0.0,1
ENSG00000143258,2.0207617,2.10598,1
ENSG00000181656,0.4696335,0.0,1
ENSG00000116871,2.537841,2.8908064,1
ENSG00000158716,1.701267,1.5061667,1
ENSG00000223694,0.16959897,0.0,1
ENSG00000116729,0.6527787,0.8861522,1
ENSG00000077152,2.1135836,0.0,1
ENSG00000182749,1.8932126,1.9838517,1
ENSG00000143149,2.3959305,2.2212813,1
ENSG00000187642,0.62938917,0.0,1
ENSG00000085552,1.0061219,0.0,1
ENSG00000162378,1.75877,2.3225956,1
ENSG00000162383_1,0.3271379,0.802678,1
ENSG00000249087_1,2.073156,0.5860019,1
ENSG00000177628_1,0.5340064,2.0624766,1
ENSG00000117758,2.7113411,2.3386736,1
ENSG00000199377,2.0797408,4.507385,1
ENSG00000196449,2.5216467,2.4722152,1
ENSG00000142634,2.2533782,3.1755002,1
ENSG00000082482,0.14406535,0.0,1
ENSG00000279430,1.5703003,0.96703756,1
ENSG00000203786,0.119694255,0.0,1
ENSG00000213088,0.32865545,0.0,1
ENSG00000010932,0.09580848,0.0,1
ENSG00000154222,2.5735877,2.0615127,1
ENSG00000158715,1.4169338,1.6934104,1
ENSG00000157870_1,1.6498449,1.5030957,1
ENSG00000158161,2.5677202,2.9254472,1
ENSG00000131781_1,0.51611614,1.1377338,1
ENSG00000176092,0.35768753,0.0,1
ENSG00000157060,1.3480718,1.2544272,1
ENSG00000120949,0.4980514,1.1459419,1
ENSG00000163209,0.11720278,0.0,1
ENSG00000117122_1,1.0803087,1.1491082,1
ENSG00000117481_1,1.8947363,0.0,1
ENSG00000178715,0.5873405,1.8119702,1
ENSG00000143297,0.5175747,2.4006622,1
ENSG00000264522,2.184539,2.0359738,1
ENSG00000117600,0.78178316,1.4395679,1
ENSG00000171680_1,1.1595595,1.1876616,1
ENSG00000116396,1.8927929,1.7251681,1
ENSG00000116962,2.3591802,1.8075148,1
ENSG00000229588,0.78164685,1.1764386,1
ENSG00000066027_1,0.19511014,0.0,1
ENSG00000178585,2.5639427,2.205356,1
ENSG00000187634,1.1448147,0.0,1
ENSG00000125944,2.5371406,3.3358288,1
ENSG00000203910,0.60879356,0.91305053,1
ENSG00000117410,2.479398,2.5421567,1
ENSG00000198216_1,0.96914995,1.9925358,1
ENSG00000181754,1.4887338,1.3730224,1
ENSG00000143614,2.799332,2.9605682,1
ENSG00000134247,1.2960029,2.1041796,1
ENSG00000203288,1.6153469,0.0,1
ENSG00000162706,1.1032382,1.1802692,1
ENSG00000168275_1,2.5981386,2.2056482,1
ENSG00000218510,2.46991,2.1046202,1
ENSG00000291141,1.0399431,1.6110538,1
ENSG00000143469_1,1.3896788,1.285062,1
ENSG00000133065,1.4757588,1.3437827,1
ENSG00000162729,2.110244,2.3904953,1
ENSG00000162745_2,1.3723495,1.413903,1
ENSG00000163909,1.3519578,0.9449266,1
ENSG00000160789_4,1.9345524,3.0029647,1
ENSG00000168264_1,2.5119736,2.2081456,1
ENSG00000228697,0.17484802,0.0,1
ENSG00000123843,0.15029356,0.0,1
ENSG00000079335_1,2.4033036,2.1197968,1
ENSG00000184144_1,1.0023512,1.2828645,1
ENSG00000066135,2.561362,0.0,1
ENSG00000178828,0.3952966,0.7104643,1
ENSG00000135862,2.2032068,2.3926091,1
ENSG00000169442,1.8656945,3.5553665,1
ENSG00000277344,0.49375597,0.0,1
ENSG00000158874_1,0.27200058,1.2206049,1
ENSG00000049246,1.7465422,0.0,1
ENSG00000215866,1.0101516,1.0024685,1
ENSG00000184371,1.253912,2.3030448,1
ENSG00000117281,0.18883881,0.0,1
ENSG00000142784,2.239157,2.1681378,1
ENSG00000143748,2.01396,0.0,1
ENSG00000116667,1.5770037,1.6227009,1
ENSG00000162852,2.5307224,2.3421462,1
ENSG00000117632_2,2.0185025,3.525199,1
ENSG00000186118,0.13582456,0.8115616,1
ENSG00000286600,0.26355797,0.0,1
ENSG00000234741,0.54717946,1.5248374,1
ENSG00000160051,1.6997182,1.690243,1
ENSG00000199666,0.15383941,0.0,1
ENSG00000197084,0.17662582,0.0,1
ENSG00000222009,2.0624936,1.4285235,1
ENSG00000116191,1.829304,1.8536191,1
ENSG00000162521,2.7013254,3.3034682,1
ENSG00000237463_1,0.107276864,0.0,1
ENSG00000116701,2.4550083,3.3167899,1
ENSG00000118655,2.6324654,2.5604663,1
ENSG00000162849,1.0912085,0.6728734,1
ENSG00000196187,0.3878231,0.67886513,1
ENSG00000258673,0.19024092,0.0,1
ENSG00000288859,2.9034724,4.430246,1
ENSG00000084073,2.33762,0.0,1
ENSG00000183831,0.6883693,0.7268657,1
ENSG00000121753,0.5220157,0.58971506,1
ENSG00000163206,0.16978845,0.0,1
ENSG00000173110,1.9238172,0.0,1
ENSG00000065600,2.3425205,2.5642812,1
ENSG00000135821,1.9735209,0.0,1
ENSG00000162946_1,0.12059351,0.5969268,1
ENSG00000290525,0.108204104,0.0,1
ENSG00000084623,0.4621574,0.70489657,1
ENSG00000136631,2.4633162,1.7668291,1
ENSG00000079277_1,2.0015914,1.7384158,1
ENSG00000206620,0.75320923,1.2615246,1
ENSG00000173726,2.7944217,3.1998894,1
ENSG00000263513,2.3831015,0.0,1
ENSG00000028137,2.1067736,3.3581767,1
ENSG00000117016_1,1.2600259,1.9109604,1
ENSG00000178965,1.0073469,1.1387635,1
ENSG00000116604,2.6349924,2.7847884,1
ENSG00000163565_2,1.9579654,3.6110847,1
ENSG00000185630_1,0.24339646,0.0,1
ENSG00000163349,2.0317926,2.5565317,1
ENSG00000160789_3,0.19766447,0.0,1
ENSG00000143450_1,0.122982286,0.0,1
ENSG00000213366,0.90512586,1.5692885,1
ENSG00000153029,1.8757229,0.0,1
ENSG00000162591,1.4810176,1.3966352,1
ENSG00000174950,0.8556818,0.0,1
ENSG00000187147,0.77734154,2.0575633,1
ENSG00000143387,0.14815205,0.0,1
ENSG00000280587,0.46404576,0.0,1
ENSG00000117791,1.2550735,1.6268123,1
ENSG00000064703,1.9609137,1.8499658,1
ENSG00000186207,0.09901149,0.0,1
ENSG00000084070,0.3059123,0.0,1
ENSG00000117593_1,2.0339336,2.0360897,1
ENSG00000134744_1,1.9102105,2.1110642,1
ENSG00000160789_1,1.2019963,0.8748759,1
ENSG00000159023_1,2.152984,2.1205344,1
ENSG00000132694,2.1345756,2.0536776,1
ENSG00000143344,2.542266,2.2744582,1
ENSG00000135744,0.341065,0.0,1
ENSG00000143603,1.6148158,0.0,1
ENSG00000162599_3,0.19251332,0.0,1
ENSG00000168243_1,0.734061,0.8392266,1
ENSG00000084652_1,2.4871917,2.49545,1
ENSG00000143761_1,2.3418195,1.290969,1
ENSG00000180999,0.1525993,0.0,1
ENSG00000117226,0.5467969,1.722206,1
ENSG00000117322,1.3537786,1.3982526,1
ENSG00000154027_3,1.0381156,0.0,1
ENSG00000143537,1.8286777,0.0,1
ENSG00000270722,2.052791,3.4158745,1
ENSG00000227006,0.18937448,0.0,1
ENSG00000135835_1,0.40903783,0.0,1
ENSG00000116977,1.603517,2.7782228,1
ENSG00000162594_1,0.09614598,0.0,1
ENSG00000224000,0.11575434,0.0,1
ENSG00000137948_1,0.15293542,0.0,1
ENSG00000185436,1.4640858,0.0,1
ENSG00000188643_1,0.37562177,0.9113228,1
ENSG00000152760,0.87445784,1.1263165,1
ENSG00000173171,1.960911,1.396025,1
ENSG00000143110,0.37497413,0.0,1
ENSG00000162384,2.5245802,2.1672554,1
ENSG00000285184,2.3561575,1.7985609,1
ENSG00000198799,2.336348,1.9815286,1
ENSG00000121957_1,2.0722673,1.3989291,1
ENSG00000158315,0.5287978,0.0,1
ENSG00000238142,0.7702055,0.75528014,1
ENSG00000215883,1.6954826,2.036461,1
ENSG00000066027,2.4482095,2.6722827,1
ENSG00000058668,0.78887916,1.3675982,1
ENSG00000065978_1,2.4547203,2.2016702,1
ENSG00000152104,1.252026,1.8905329,1
ENSG00000169598_1,1.7718294,1.9180409,1
ENSG00000162620,1.4315327,1.4000024,1
ENSG00000162522_2,0.5918703,0.0,1
ENSG00000260971,0.13307667,0.0,1
ENSG00000169241_1,2.4610162,2.4791808,1
ENSG00000085999,2.0882814,2.8026848,1
ENSG00000184148,0.11780635,0.0,1
ENSG00000143355_1,0.3197367,0.0,1
ENSG00000178104_4,1.9732151,2.0230465,1
ENSG00000117020_2,1.8009048,1.1109599,1
ENSG00000201558,1.8167672,2.3559875,1
ENSG00000286172,1.6575822,2.380441,1
ENSG00000169509,0.15749127,0.0,1
ENSG00000230426_2,0.11653573,0.0,1
ENSG00000142973,0.36150473,0.0,1
ENSG00000066294,0.9725497,2.4229558,1
ENSG00000213625,2.401262,2.3214328,1
ENSG00000158882,1.6566919,0.0,1
ENSG00000163125,2.296233,2.8028147,1
ENSG00000234222_1,2.5131423,1.9726586,1
ENSG00000163263,0.19553009,0.0,1
ENSG00000266338,1.9042736,2.0999222,1
ENSG00000143420,2.3658,0.0,1
ENSG00000187961,1.7787662,2.1310601,1
ENSG00000021852_1,0.13851425,0.0,1
ENSG00000291132,1.0951118,1.2197417,1
ENSG00000196189_2,0.97096086,0.0,1
ENSG00000198691,0.07817673,0.0,1
ENSG00000230337,1.8326095,1.769067,1
ENSG00000288825,2.6631973,3.8223243,1
ENSG00000310526,2.1193488,0.0,1
ENSG00000215853,0.12726218,0.0,1
ENSG00000233079_1,0.08356089,0.0,1
ENSG00000291072,2.7843072,1.8387798,1
ENSG00000227963,2.4928358,1.6823256,1
ENSG00000225630,2.483686,3.2055833,1
ENSG00000143851,1.7715336,1.7752753,1
ENSG00000270882,2.622327,3.733414,1
ENSG00000137942,1.3344123,1.3748399,1
ENSG00000203724,1.9454749,1.6022879,1
ENSG00000198821,0.6084395,1.0557222,1
ENSG00000180667_1,1.2668108,0.0,1
ENSG00000134207,1.354255,1.3773427,1
ENSG00000121446,0.13909927,0.0,1
ENSG00000000938_1,2.0355332,2.9644623,1
ENSG00000162390,0.62344897,0.0,1
ENSG00000055070,2.7462618,3.2444725,1
ENSG00000132879,1.3838176,1.6403124,1
ENSG00000116704,2.2142255,1.9985427,1
ENSG00000126067,2.2912624,0.0,1
ENSG00000136634_1,0.54624516,1.3754076,1
ENSG00000143771,1.4804006,2.6070774,1
ENSG00000203730,0.15263084,0.0,1
ENSG00000236069,1.433996,1.6301328,1
ENSG00000065243_1,2.4829652,1.3023742,1
ENSG00000174606,2.5085046,2.1736379,1
ENSG00000117620,2.352187,2.4263763,1
ENSG00000127603_1,0.80203265,1.5715947,1
ENSG00000054392_1,2.2100434,1.7747797,1
ENSG00000134245,1.5713954,1.005262,1
ENSG00000162688,1.9329538,0.0,1
