,Pred,actual,fold_idx
ENSG00000225472,0.17846113,0.0,12
ENSG00000180336,1.0561888,1.232437,12
ENSG00000227543,2.093653,1.4517711,12
ENSG00000187796,0.7075072,1.8883076,12
ENSG00000180329,1.8121294,2.74687,12
ENSG00000171097,2.474185,1.7871175,12
ENSG00000196730_1,2.1754425,2.625017,12
ENSG00000198496,1.9032338,0.0,12
ENSG00000277161_1,2.2452707,1.805086,12
ENSG00000119508,1.9346126,1.9058229,12
ENSG00000184988,2.2969887,2.543892,12
ENSG00000182628_1,2.4964445,0.0,12
ENSG00000065325,0.2869251,1.0325704,12
ENSG00000212900,0.16541055,0.747738,12
ENSG00000108387_3,0.17447034,0.0,12
ENSG00000165283,1.9395045,3.3147497,12
ENSG00000266677,2.037576,1.8725642,12
ENSG00000276170,0.42757967,0.0,12
ENSG00000182938,0.6855269,1.1240149,12
ENSG00000291172,0.08642637,0.0,12
ENSG00000141526_1,1.8753366,1.7142962,12
ENSG00000266714,0.67355806,1.2240407,12
ENSG00000185379,2.11701,2.0192575,12
ENSG00000283526,1.248662,1.2996162,12
ENSG00000158169_2,1.6919369,0.0,12
ENSG00000240498_1,0.1010248,0.0,12
ENSG00000080503_4,1.1051683,0.0,12
ENSG00000155875_1,2.6168048,0.0,12
ENSG00000248714,2.1263788,1.3879128,12
ENSG00000278834,2.59015,2.127623,12
ENSG00000276231,1.2342564,3.3892121,12
ENSG00000108523_3,1.4055649,2.2829413,12
ENSG00000148362_1,1.1751564,1.050689,12
ENSG00000154957,2.3133137,1.9606372,12
ENSG00000166579_1,2.5373433,2.3967154,12
ENSG00000267288,0.452192,1.0080974,12
ENSG00000136878,2.556033,2.0305917,12
ENSG00000167123,0.42806903,0.71870923,12
ENSG00000154262_1,0.87951726,0.0,12
ENSG00000109072,0.3859399,1.585147,12
ENSG00000175866_2,0.29533997,0.0,12
ENSG00000175787,1.31774,1.5697297,12
ENSG00000108255,0.29203403,0.0,12
ENSG00000126368,1.4571339,1.7342557,12
ENSG00000167291_1,1.4627998,1.5088124,12
ENSG00000160271_2,1.0151743,1.379097,12
ENSG00000148337,2.1298735,2.8408568,12
ENSG00000273061,2.4976356,0.0,12
ENSG00000073350_1,0.40562558,0.0,12
ENSG00000267023,0.48897868,0.73745507,12
ENSG00000120068,1.1103489,1.5829833,12
ENSG00000235641_1,0.36317432,1.0455576,12
ENSG00000107282,1.5897782,1.6805531,12
ENSG00000154914,1.424118,1.5106388,12
ENSG00000172716,0.6251407,0.0,12
ENSG00000141279,0.162729,0.0,12
ENSG00000136929,0.2667503,0.0,12
ENSG00000006125,2.167553,2.8548512,12
ENSG00000184640_1,0.33448505,0.0,12
ENSG00000213930,1.9232113,1.6826143,12
ENSG00000033627_1,0.26910618,0.0,12
ENSG00000161509,1.0177364,1.0417242,12
ENSG00000160293,2.267278,2.317913,12
ENSG00000136854,1.6904287,1.5265719,12
ENSG00000187764,0.48864222,0.8309734,12
ENSG00000222465,0.22857276,0.0,12
ENSG00000185527_1,0.4026432,0.5433478,12
ENSG00000062725,2.3872874,1.392609,12
ENSG00000183684,2.528023,3.4185069,12
ENSG00000188647_1,2.4501045,2.3722067,12
ENSG00000278535,1.8489662,2.1185756,12
ENSG00000290919,0.6090204,1.3633751,12
ENSG00000070731,1.4545283,1.1599671,12
ENSG00000225194,0.9716118,1.2332754,12
ENSG00000167434,1.2815235,1.451725,12
ENSG00000007168,2.3813164,2.9389298,12
ENSG00000278259,1.3339291,1.2240407,12
ENSG00000109099_1,0.59562963,0.0,12
ENSG00000165113,2.0856082,1.7646618,12
ENSG00000147955,2.1528213,2.5075119,12
ENSG00000176994,2.3420713,2.4344077,12
ENSG00000228392,0.42062077,1.2119744,12
ENSG00000178999_1,2.5519674,2.93884,12
ENSG00000122705,2.6866367,3.4414327,12
ENSG00000108771,2.3533068,2.5328944,12
ENSG00000284976,0.6876537,0.0,12
ENSG00000006059,0.32561293,0.0,12
ENSG00000119403_1,2.5376446,2.5954895,12
ENSG00000165272,0.25944385,0.8971155,12
ENSG00000238423,1.545424,2.0463,12
ENSG00000173894,1.8107486,1.6663214,12
ENSG00000119392,2.189987,2.6303964,12
ENSG00000165025,2.0571082,2.0447946,12
ENSG00000170832,2.475496,1.3016809,12
ENSG00000107331_2,0.8335306,0.9234098,12
ENSG00000165028,1.6915991,1.6159395,12
ENSG00000176101,2.5060897,2.3874254,12
ENSG00000182742,1.754513,1.9951524,12
ENSG00000095383,2.2545073,1.001041,12
ENSG00000141522,0.7662885,2.5868347,12
ENSG00000267568_1,0.5845273,0.9924386,12
ENSG00000273706,1.151137,1.2677583,12
ENSG00000141699,2.788287,2.5638323,12
ENSG00000132517,0.50688696,0.0,12
ENSG00000184361,1.8726208,1.1479853,12
ENSG00000251752,0.13054469,0.0,12
ENSG00000169992,1.3378574,1.4193774,12
ENSG00000107262,2.6654184,2.7407022,12
ENSG00000169710,2.281747,3.282441,12
ENSG00000170190,1.1674291,1.5282738,12
ENSG00000161654_1,2.4502332,3.328561,12
ENSG00000165181_3,0.38656202,0.0,12
ENSG00000171595,0.5484472,0.0,12
ENSG00000169696_1,0.599147,0.9060655,12
ENSG00000107147_2,1.4844494,1.2880032,12
ENSG00000126883_1,1.1895696,0.0,12
ENSG00000136877_1,2.0439398,0.0,12
ENSG00000214946,0.31195652,0.0,12
ENSG00000148344,0.71028495,1.1848617,12
ENSG00000182040,0.79303795,1.1904438,12
ENSG00000136895,1.640671,1.0789279,12
ENSG00000119396,2.5638862,3.102228,12
ENSG00000086065,2.5079129,3.1865468,12
ENSG00000086062,2.7954078,2.89095,12
ENSG00000121060,2.6384504,3.1812174,12
ENSG00000276234,2.4501584,2.6054883,12
ENSG00000172782,1.0796793,0.0,12
ENSG00000119383_1,2.3994408,2.5695226,12
ENSG00000173253,0.6424909,2.661131,12
ENSG00000107186,0.085586496,0.0,12
ENSG00000106976_1,1.434638,1.4437479,12
ENSG00000141068_2,0.26004738,0.9716469,12
ENSG00000141748,0.37826627,0.0,12
ENSG00000204952,0.30023208,0.0,12
ENSG00000121075,1.2191085,0.97468203,12
ENSG00000169925_2,1.5541482,1.1530217,12
ENSG00000108389_1,2.6787722,2.1053433,12
ENSG00000141527,0.24996334,0.5897039,12
ENSG00000160606,2.1903715,1.6966621,12
ENSG00000108797,1.6988492,2.2034218,12
ENSG00000169733_1,1.9602487,2.1502345,12
ENSG00000107099,1.8893787,1.5579882,12
ENSG00000285634,0.11701401,0.0,12
ENSG00000178927,2.5518281,2.2802777,12
ENSG00000109084,2.3539228,2.8426511,12
ENSG00000273604,1.5367205,2.264544,12
ENSG00000095303_1,1.1539091,1.8961734,12
ENSG00000283329,0.1890215,0.0,12
ENSG00000064300,1.4976733,1.7656462,12
ENSG00000136448,2.7278993,3.6734595,12
ENSG00000167123_1,1.4571764,1.9922485,12
ENSG00000198242,2.7103865,4.01598,12
ENSG00000234860,0.09179605,0.0,12
ENSG00000260230,1.174155,1.5370001,12
ENSG00000141569,2.328584,2.044383,12
ENSG00000132518,0.79266465,0.0,12
ENSG00000107201,1.5606768,0.0,12
ENSG00000175854_1,1.9346259,0.0,12
ENSG00000075429,1.244026,1.4016762,12
ENSG00000107263,1.3683342,0.81372106,12
ENSG00000073670_1,1.5938755,1.595044,12
ENSG00000148291,2.167071,2.2987397,12
ENSG00000171843_1,2.3292248,1.7221912,12
ENSG00000108639,2.7944477,3.153882,12
ENSG00000048828_2,0.2129313,0.0,12
ENSG00000164972_1,0.20143217,0.0,12
ENSG00000227531,0.16823676,0.0,12
ENSG00000078725,1.30602,1.5758342,12
ENSG00000141556,2.2147377,2.454479,12
ENSG00000141568_1,0.44092628,0.0,12
ENSG00000185561,1.0970564,1.228272,12
ENSG00000186832,0.7126284,1.1153442,12
ENSG00000267278,2.5699825,1.871243,12
ENSG00000141526_3,0.7224931,1.0681117,12
ENSG00000266469,2.1455724,1.4963622,12
ENSG00000157654,1.3158218,1.5488412,12
ENSG00000165119,0.5010874,2.089665,12
ENSG00000173801_1,0.978206,1.9961263,12
ENSG00000214226,1.9156489,2.1323879,12
ENSG00000168517,1.5277548,1.4363853,12
ENSG00000198113,1.8661551,2.2235687,12
ENSG00000095261,2.5501506,2.19757,12
ENSG00000129250,2.3406992,2.6920693,12
ENSG00000147874,0.20723459,0.0,12
ENSG00000108883_1,2.4902635,3.0843046,12
ENSG00000179604,1.8951881,2.072588,12
ENSG00000148296,2.1194708,2.8167362,12
ENSG00000237560,0.25690678,0.0,12
ENSG00000291140,2.9282525,1.7460891,12
ENSG00000137101,0.5924561,0.0,12
ENSG00000176927,2.5732691,2.8700643,12
ENSG00000159899,1.262996,1.3731512,12
ENSG00000108387_1,0.17842302,0.0,12
ENSG00000119408_3,2.5598261,2.4287825,12
ENSG00000184009,2.594148,4.8447704,12
ENSG00000005884_1,1.7999158,1.9047372,12
ENSG00000141034,2.4708304,1.9912261,12
ENSG00000167881,0.20539021,0.0,12
ENSG00000129667,2.3952358,1.2083338,12
ENSG00000266357,0.32615143,0.38806742,12
ENSG00000130956,1.9319265,2.0496445,12
ENSG00000171448,1.7648678,0.0,12
ENSG00000136436_1,0.22016138,0.0,12
ENSG00000244649,1.7116399,2.0832088,12
ENSG00000160445,2.3501058,2.1108422,12
ENSG00000197694,2.413147,2.9618719,12
ENSG00000107147_1,1.4108698,1.5412047,12
ENSG00000167840_1,1.3392496,1.0544598,12
ENSG00000131737,0.4400008,0.0,12
ENSG00000167851_1,2.3473039,2.1224616,12
ENSG00000200538,0.17113861,0.0,12
ENSG00000109079,2.2475867,2.3190415,12
ENSG00000130560,2.3597043,2.0255556,12
ENSG00000106799,2.3814318,2.2248955,12
ENSG00000136811,0.38434386,0.0,12
ENSG00000198000,1.8562534,2.868254,12
ENSG00000167083,0.49655282,0.0,12
ENSG00000186074,0.28694826,0.0,12
ENSG00000164976,1.1727933,1.3742038,12
ENSG00000108669_3,0.6744531,1.740982,12
ENSG00000119139_3,0.2264548,0.0,12
ENSG00000165699_1,0.90292454,0.84538335,12
ENSG00000267042,2.6143687,1.731629,12
ENSG00000182224,2.3544023,1.9653429,12
ENSG00000167106,0.40403864,0.0,12
ENSG00000148090,1.6523489,2.1446147,12
ENSG00000213927,0.3336435,0.9716469,12
ENSG00000233223_1,2.7363636,1.7917047,12
ENSG00000153944,1.8096827,1.8210547,12
ENSG00000136811_2,2.2474968,1.1876616,12
ENSG00000087111,0.2965633,0.0,12
ENSG00000133027_1,0.2576238,0.0,12
ENSG00000154025,0.3268335,0.0,12
ENSG00000265749,0.21337366,0.0,12
ENSG00000198121_1,1.310304,1.9614496,12
ENSG00000235183,0.308109,1.8408523,12
ENSG00000187609,1.9399824,1.725985,12
ENSG00000262814,2.6439023,3.1280406,12
ENSG00000011454,2.493039,2.2595747,12
ENSG00000204815,1.4839339,1.0163856,12
ENSG00000170296,1.018629,1.1499884,12
ENSG00000062716_1,2.7404678,3.1426241,12
ENSG00000235453,2.3264499,2.3509648,12
ENSG00000136950_1,2.7972739,2.9535992,12
ENSG00000167081_1,2.136006,1.7178785,12
ENSG00000198265_1,1.526149,0.0,12
ENSG00000157653,2.4005725,1.4696158,12
ENSG00000125450,2.5744016,2.392618,12
ENSG00000173826,1.0167204,0.9368102,12
ENSG00000161905,0.3916029,0.55928403,12
ENSG00000198265,1.8527583,2.7139306,12
ENSG00000161653_1,1.220642,1.1716679,12
ENSG00000095370_3,1.4112091,1.749914,12
ENSG00000167107_1,0.9259499,0.7676011,12
ENSG00000221852,0.44640332,1.77938,12
ENSG00000136938,2.5439975,3.7388575,12
ENSG00000148346,0.22274765,0.0,12
ENSG00000185156,0.938142,1.0656544,12
ENSG00000169738_1,2.397257,1.7203412,12
ENSG00000230148_1,0.38580644,0.9716469,12
ENSG00000108244_1,0.09682221,0.6348399,12
ENSG00000170222,2.3644571,2.0606337,12
ENSG00000174326,0.6846568,1.7115281,12
ENSG00000180787,2.3949904,1.9695929,12
ENSG00000161664,0.7171622,1.0352296,12
ENSG00000141314,1.7453413,1.762626,12
ENSG00000184451,1.1940964,2.3245046,12
ENSG00000233670,0.17219698,0.0,12
ENSG00000108666_2,2.2300866,1.5484754,12
ENSG00000177984,0.34617427,0.9465947,12
ENSG00000147889_2,1.6563523,1.5188823,12
ENSG00000168259_2,2.5140545,3.24312,12
ENSG00000179593,0.6126929,0.87681806,12
ENSG00000189159,1.5985637,1.0789133,12
ENSG00000184811,0.3684833,1.08361,12
ENSG00000200903,0.21024477,0.0,12
ENSG00000138835_6,1.1090914,1.2639437,12
ENSG00000011143,1.8968841,2.355756,12
ENSG00000188938,2.46087,2.2006974,12
ENSG00000108947,1.1935647,0.0,12
ENSG00000159884,2.5627277,2.0666838,12
ENSG00000167862,2.2317293,2.9727304,12
ENSG00000184925,0.5760016,0.95616364,12
ENSG00000141127,1.8275237,0.0,12
ENSG00000184640_9,1.0340966,0.76029426,12
ENSG00000141258_1,2.2976515,1.4724493,12
ENSG00000161958_1,1.4650127,2.0195317,12
ENSG00000136932,2.7151582,2.2843337,12
ENSG00000136490_1,2.4392707,3.2411828,12
ENSG00000182154,2.2178912,2.7608256,12
ENSG00000185722_1,2.2137854,2.1490588,12
ENSG00000141510_1,1.8052621,3.1896474,12
ENSG00000204136,1.3079035,1.5403545,12
ENSG00000186185,2.0910912,2.590572,12
ENSG00000087191_1,2.4762979,1.0906354,12
ENSG00000173917,0.5461075,0.0,12
ENSG00000091640,2.6884935,3.0489388,12
ENSG00000092931_2,0.28382283,0.0,12
ENSG00000108883,0.20043433,0.8071628,12
ENSG00000070610_1,2.4088342,2.441145,12
ENSG00000198785,0.793777,1.6377498,12
ENSG00000187997,0.8314171,0.8613791,12
ENSG00000126878,1.3895237,1.2821461,12
ENSG00000182224_2,1.667404,1.0417163,12
ENSG00000177885,1.1131569,1.7939858,12
ENSG00000176358,0.27549726,0.0,12
ENSG00000291074,0.4578699,1.0391364,12
ENSG00000177294,1.064205,1.2512074,12
ENSG00000187866,2.4113793,2.2184043,12
ENSG00000166484_1,2.3379443,1.7005999,12
ENSG00000065325_1,0.12862346,0.5933636,12
ENSG00000106829_3,1.9043859,1.5632437,12
ENSG00000221676,1.7955991,0.0,12
ENSG00000119509,2.437637,2.0243955,12
ENSG00000153714,0.2679118,0.0,12
ENSG00000175287,0.3221223,0.0,12
ENSG00000148154_1,2.417783,1.778889,12
ENSG00000224738_1,2.3887832,1.5201297,12
ENSG00000108511,0.2529415,0.83298767,12
ENSG00000290585_1,0.59892267,0.0,12
ENSG00000030582,2.0495985,3.0865414,12
ENSG00000091622,1.5389411,1.5949888,12
ENSG00000239697,1.1422575,1.9702306,12
ENSG00000213416,0.82362807,1.3122239,12
ENSG00000197816,0.5260108,0.67582417,12
ENSG00000108417,0.17932525,0.0,12
ENSG00000108691,0.17163673,0.0,12
ENSG00000267321,1.745718,1.9958237,12
ENSG00000179111,0.40859216,0.0,12
ENSG00000064218,1.4771811,1.1820749,12
ENSG00000141293,2.2728956,2.6811762,12
ENSG00000214929,0.10540681,0.0,12
ENSG00000108688,0.0720525,1.4100329,12
ENSG00000169071,0.6914669,0.0,12
ENSG00000147912,2.0667477,1.2652897,12
ENSG00000141753,1.6460263,2.1876702,12
ENSG00000108244_2,0.10482589,0.53087944,12
ENSG00000148396,2.3467913,1.7143046,12
ENSG00000068137,1.9845436,1.4426365,12
ENSG00000136802_1,0.43192527,0.67889154,12
ENSG00000172301,1.3969469,0.0,12
ENSG00000094804,2.345547,2.4999304,12
ENSG00000213213,0.31592685,0.0,12
ENSG00000131759_2,1.0773456,1.1922886,12
ENSG00000281000,2.8492365,3.6678338,12
ENSG00000148335,0.43397233,0.0,12
ENSG00000275385,0.12819457,0.0,12
ENSG00000132376,2.5270102,1.8283763,12
ENSG00000132530_3,1.7678559,2.6960678,12
ENSG00000279602,2.6027045,2.332099,12
ENSG00000141499_1,1.6692213,1.9385548,12
ENSG00000141568,2.4844291,2.8773944,12
ENSG00000172889_1,0.43336183,0.96082264,12
ENSG00000107105_2,0.31796136,0.0,12
ENSG00000263843,2.4073737,1.4364806,12
ENSG00000212195,1.8402115,3.129545,12
ENSG00000080298_1,2.5875115,2.8335576,12
ENSG00000126861,0.15215176,0.0,12
ENSG00000136488,0.24837941,0.0,12
ENSG00000207277,1.9601486,1.4155409,12
ENSG00000290924,1.9536078,1.2257485,12
ENSG00000198000_1,2.6624734,2.929659,12
ENSG00000291022,0.44336003,0.0,12
ENSG00000109118,2.6249814,1.7297397,12
ENSG00000167536,2.1652567,2.195346,12
ENSG00000171431,0.19887489,0.49596038,12
ENSG00000212719,0.85503596,0.9895032,12
ENSG00000004975,2.1333418,2.2006042,12
ENSG00000136869,0.28929538,2.1091294,12
ENSG00000141564,1.3597878,2.5905833,12
ENSG00000182459,0.27156067,0.0,12
ENSG00000136872,0.12908319,0.0,12
ENSG00000188833,0.58145034,0.0,12
ENSG00000173065_2,1.3800296,0.0,12
ENSG00000212719_1,0.51768255,0.0,12
ENSG00000108924_1,0.6368937,0.0,12
ENSG00000096968,2.6777875,2.3441172,12
ENSG00000135069,2.146358,2.715984,12
ENSG00000278619,2.3346584,2.2311382,12
ENSG00000129214_1,0.3830247,0.0,12
ENSG00000059769,2.5154517,2.17843,12
ENSG00000095209,1.7378509,2.4840221,12
ENSG00000188566,2.2797997,2.561154,12
ENSG00000188312,2.55819,2.5280137,12
ENSG00000197919,0.117530815,0.0,12
ENSG00000181038,2.6789026,2.3669083,12
ENSG00000196712_1,1.4618347,1.312262,12
ENSG00000108654,0.41270435,1.0871422,12
ENSG00000148334_2,1.9806588,1.9083134,12
ENSG00000108946_3,0.20813191,0.0,12
ENSG00000235979,0.25113967,0.0,12
ENSG00000187742,2.8277824,2.470134,12
ENSG00000181408,1.4169533,1.3682683,12
ENSG00000168795,3.0528767,2.1922941,12
ENSG00000108861,1.5164108,2.1941173,12
ENSG00000131477,0.8484139,1.2584697,12
ENSG00000132530,0.7396261,0.0,12
ENSG00000172123,1.1557828,1.3552331,12
ENSG00000167920,2.1265574,1.9075956,12
ENSG00000109083,2.346413,2.5727112,12
ENSG00000270647,2.832761,3.4987254,12
ENSG00000161654,0.28336868,1.48051,12
ENSG00000123975,2.7451627,3.529153,12
ENSG00000137124,2.2315695,2.7542274,12
ENSG00000226237,0.46849698,0.9006948,12
ENSG00000148308,2.0394943,2.8723323,12
ENSG00000125445,2.5708263,2.7857106,12
ENSG00000081386,1.5046909,2.1722293,12
ENSG00000120242,0.17388222,0.0,12
ENSG00000136450,1.8180201,0.0,12
ENSG00000108510,2.2801058,1.4704692,12
ENSG00000067191_1,0.48716563,0.0,12
ENSG00000108639_1,1.8832595,0.0,12
ENSG00000007202,2.6462884,2.8678045,12
ENSG00000278023,0.7955603,0.0,12
ENSG00000012048,0.16972288,0.0,12
ENSG00000261192,0.87609386,1.1867586,12
ENSG00000121057_3,0.3657707,1.6613393,12
ENSG00000141298,2.481991,2.85891,12
ENSG00000158122,1.4970363,1.7443243,12
ENSG00000263766,2.4897156,1.4573216,12
ENSG00000165219,2.712608,2.5506282,12
ENSG00000291209,1.1138722,1.3024608,12
ENSG00000125482,1.5614895,0.0,12
ENSG00000261408,2.6451757,2.2986784,12
ENSG00000165059,1.1627645,0.0,12
ENSG00000232283,0.09381261,0.0,12
ENSG00000272975_2,0.29913974,0.0,12
ENSG00000023318,2.5427256,3.12197,12
ENSG00000125430,1.2476227,1.8408586,12
ENSG00000142484,0.25257403,0.6005046,12
ENSG00000087995,1.9276145,2.7964473,12
ENSG00000108840,2.4823267,2.416712,12
ENSG00000182687,1.297728,1.5096729,12
ENSG00000136895_1,1.8855901,1.2316123,12
ENSG00000171916,0.7512223,0.0,12
ENSG00000006042_1,1.4270189,1.0594801,12
ENSG00000136856,2.34434,1.7612059,12
ENSG00000155158,1.0236858,1.9815468,12
ENSG00000136810,2.5535512,3.5798407,12
ENSG00000096968_1,2.6080928,2.1593688,12
ENSG00000073350,1.7224097,1.6608237,12
ENSG00000196704,2.8584695,2.8428183,12
ENSG00000136856_1,0.97120506,0.0,12
ENSG00000131096,0.48360306,0.0,12
ENSG00000204237,2.795863,2.091927,12
ENSG00000154330,0.85779464,1.2730476,12
ENSG00000215183,0.3003353,0.9670469,12
ENSG00000178691,2.5698187,2.287309,12
ENSG00000087191,2.6829236,3.0238736,12
ENSG00000187595,0.4077709,0.0,12
ENSG00000165282,2.3879561,2.1510327,12
ENSG00000108846,1.3476391,1.2316225,12
ENSG00000167183,0.36535114,0.0,12
ENSG00000137073_1,2.7997606,2.9054344,12
ENSG00000153822_2,0.14636695,0.0,12
ENSG00000132581,2.6859689,0.0,12
ENSG00000267280,0.90786374,1.2873538,12
ENSG00000196152,2.4842956,2.2185802,12
ENSG00000233098_2,0.28159463,0.60056996,12
ENSG00000165304,1.9477713,2.8560445,12
ENSG00000131094,1.7389737,2.0116508,12
ENSG00000197170,2.125054,3.0216522,12
ENSG00000070601,1.5320588,1.2221961,12
ENSG00000169750,1.8669695,1.7437919,12
ENSG00000223510,0.30422288,0.0,12
ENSG00000188895,2.0853174,2.3841813,12
ENSG00000172785,2.00532,2.8400748,12
ENSG00000153944_2,0.509288,0.0,12
ENSG00000120156_1,0.16049132,0.0,12
ENSG00000107104_2,0.11120539,0.0,12
ENSG00000108561,2.5083482,3.7122195,12
ENSG00000141506,2.450556,2.6400926,12
ENSG00000187775,0.20675603,0.0,12
ENSG00000141738_1,0.46589762,0.0,12
ENSG00000108312_1,2.1907747,2.5413496,12
ENSG00000136881,0.109893106,0.0,12
ENSG00000107295,1.3295949,1.4280375,12
ENSG00000148248,2.5141213,2.7425547,12
ENSG00000070444,2.4608958,2.3233964,12
ENSG00000182853,0.56449234,0.0,12
ENSG00000172794,0.6185456,1.1541013,12
ENSG00000267121,1.82929,2.6511714,12
ENSG00000283439,0.2753059,0.73223287,12
ENSG00000135040,2.4953644,2.421538,12
ENSG00000187922,0.7197582,0.0,12
ENSG00000265118,1.5038419,1.3456677,12
ENSG00000175866_3,0.46224695,0.8434197,12
ENSG00000234789,0.4036726,1.0443045,12
ENSG00000130948,0.14756805,0.8330323,12
ENSG00000136463,1.6580696,2.4495678,12
ENSG00000073536,1.8752354,2.3854687,12
ENSG00000267278_2,1.7341369,1.2638466,12
ENSG00000136881_1,0.12407624,0.0,12
ENSG00000262664,2.4873488,2.564646,12
ENSG00000141456,0.50560087,1.7463772,12
ENSG00000181513,1.8201668,1.159988,12
ENSG00000106853_2,0.6240637,0.0,12
ENSG00000233901_1,0.37253177,0.0,12
ENSG00000108622_1,2.4598436,2.654831,12
ENSG00000161542,2.5274394,1.7037555,12
ENSG00000176058,2.306852,2.3686402,12
ENSG00000186665,2.254995,1.8402379,12
ENSG00000225564,0.08726569,0.0,12
ENSG00000141376_2,0.12015908,1.0136334,12
ENSG00000074370,2.1715872,2.45992,12
ENSG00000080503_5,0.09780843,0.0,12
ENSG00000108773,1.7130418,1.4061824,12
ENSG00000119321_1,2.4237862,2.7108574,12
ENSG00000120068_1,0.60118437,0.0,12
ENSG00000122729,1.3677182,1.7564938,12
ENSG00000122741,2.0985563,2.3156576,12
ENSG00000108384,2.3104613,3.0039299,12
ENSG00000120063,2.7160773,2.4279566,12
ENSG00000097007,2.3619232,1.7524941,12
ENSG00000166579,0.2127124,0.0,12
ENSG00000182473,0.28984994,1.3801931,12
ENSG00000167716_1,2.5542083,2.0087278,12
ENSG00000119321,0.25474203,0.7399677,12
ENSG00000141255,0.5603167,0.72414476,12
ENSG00000170291_1,2.2367618,2.4878182,12
ENSG00000155621,1.6187044,2.4869602,12
ENSG00000160602,2.0368993,1.7031194,12
ENSG00000185624,0.29789504,1.4380294,12
ENSG00000107099_1,1.7772874,1.1428741,12
ENSG00000177427,2.1841028,1.5697951,12
ENSG00000260027,0.93296057,2.1187937,12
ENSG00000005238_2,0.9893516,0.0,12
ENSG00000165702,0.31936875,0.0,12
ENSG00000070495,2.7167678,2.4274828,12
ENSG00000137101_1,1.2661114,1.2274753,12
ENSG00000174282,2.0687842,2.081495,12
ENSG00000262879_1,2.1700923,2.2541394,12
ENSG00000267750,0.84689873,1.3204163,12
ENSG00000035862_2,1.5707717,1.733117,12
ENSG00000108424,2.6136239,3.682637,12
ENSG00000275023,2.5366976,2.526184,12
ENSG00000141026,1.9792964,0.0,12
ENSG00000234323,0.09761541,0.0,12
ENSG00000221926,0.23231128,0.0,12
ENSG00000176658,2.321966,2.4375603,12
ENSG00000107338,1.8689287,1.7227491,12
ENSG00000147883,1.2284755,1.4269664,12
ENSG00000184640_2,1.4852839,2.5223465,12
ENSG00000141198,1.0986867,1.5600382,12
ENSG00000173068,0.12697086,0.0,12
ENSG00000187764_2,2.1155465,2.7645862,12
ENSG00000240813,0.246162,1.4749181,12
ENSG00000286322_1,0.32288137,0.50046974,12
ENSG00000129667_1,2.4277058,2.3304949,12
ENSG00000066697,1.9656112,2.3971229,12
ENSG00000141526_2,2.3217099,2.3973837,12
ENSG00000165244,2.1744592,2.184802,12
ENSG00000178307,2.4669755,2.715614,12
ENSG00000185262,2.7728746,3.5660012,12
ENSG00000048828_1,2.4189417,1.9260336,12
ENSG00000006744,2.264044,0.0,12
ENSG00000006025,1.1409538,2.2995508,12
ENSG00000120071_2,2.5947397,1.5079759,12
ENSG00000276085,1.2543155,3.2149339,12
ENSG00000160326,2.3920705,2.096566,12
ENSG00000129657_1,0.34827316,0.0,12
ENSG00000157303,1.6952868,2.809316,12
ENSG00000284977,0.10767173,0.9368152,12
ENSG00000133027,0.32803002,0.8613552,12
ENSG00000204706_1,2.3265529,1.4874918,12
ENSG00000108961,2.259824,2.8715935,12
ENSG00000177728,1.9945495,0.0,12
ENSG00000167740,2.2911232,0.0,12
ENSG00000187210,1.3580352,1.3074105,12
ENSG00000228696,2.048464,0.0,12
ENSG00000132518_1,0.685036,0.9806396,12
ENSG00000128422_2,0.7888996,1.3313463,12
ENSG00000178852,2.4601924,2.05367,12
ENSG00000136444,2.241544,0.0,12
ENSG00000054148,2.2301347,2.3716404,12
ENSG00000132535_2,0.5932788,0.0,12
ENSG00000167100,1.4553101,0.0,12
ENSG00000166292,0.1525966,0.0,12
ENSG00000237339,0.47221822,0.0,12
ENSG00000141736,1.9393543,1.8211138,12
ENSG00000056558_1,1.7984256,1.9768542,12
ENSG00000274736,0.10665359,1.32789,12
ENSG00000196535,1.7575021,2.2720737,12
ENSG00000080503_2,2.0157554,1.379106,12
ENSG00000161955,1.6685603,2.2182467,12
ENSG00000132510,1.4191123,1.3687423,12
ENSG00000181409_1,1.4447949,1.3457462,12
ENSG00000131668,1.542108,1.6663682,12
ENSG00000173762,0.6615165,1.3664416,12
ENSG00000171401,0.13953105,0.8309157,12
ENSG00000177076,1.7513456,1.6832272,12
ENSG00000262049,2.6039045,2.0243626,12
ENSG00000132591,1.3690438,2.888828,12
ENSG00000107290,2.7543864,2.6898324,12
ENSG00000132359,0.57808816,0.8554889,12
ENSG00000106829,1.9727871,2.9726837,12
ENSG00000132507,2.2370317,2.286479,12
ENSG00000136492,1.8352284,2.2755947,12
ENSG00000091583,0.19063318,0.0,12
ENSG00000120162,1.4772336,2.1247551,12
ENSG00000293514,2.6844976,2.0524669,12
ENSG00000148180_1,1.2044041,1.5564412,12
ENSG00000136848_2,0.4178544,0.0,12
ENSG00000167113_1,2.5415785,2.5286481,12
ENSG00000187272,0.3971519,0.0,12
ENSG00000262050,1.6883848,1.2752883,12
ENSG00000177731,2.0759394,2.3684375,12
ENSG00000293499,2.3377473,1.8033205,12
ENSG00000177374,2.1761343,2.4573429,12
ENSG00000011258,2.271961,1.7644078,12
ENSG00000130717,1.978723,1.6858402,12
ENSG00000148288,1.1928942,1.1449476,12
ENSG00000181885,0.6297335,0.0,12
ENSG00000230054,0.3250183,0.0,12
ENSG00000133028,2.3610227,2.7398088,12
ENSG00000070366,2.7227845,2.572674,12
ENSG00000126860,0.7711127,0.0,12
ENSG00000266962,2.4796054,2.3023698,12
ENSG00000277258,0.74932307,2.002555,12
ENSG00000288701,2.1359131,2.700855,12
ENSG00000291063,1.3160565,1.6887757,12
ENSG00000265688,2.039721,1.7699456,12
ENSG00000106701,2.2902558,1.8295867,12
ENSG00000119397_1,1.7200599,2.1678045,12
ENSG00000161381,0.49165732,0.0,12
ENSG00000086065_1,2.0321176,3.0389378,12
ENSG00000108599,2.4471242,2.5179029,12
ENSG00000164985_1,0.29134193,2.342973,12
ENSG00000082641,2.9137237,2.5962188,12
ENSG00000212721,0.7792017,0.0,12
ENSG00000221829_1,2.1094368,2.099439,12
ENSG00000275329,2.4856615,1.6871006,12
ENSG00000188163,0.43610778,1.0052663,12
ENSG00000182752,0.7693746,0.0,12
ENSG00000187024,1.232089,1.6715255,12
ENSG00000171855,0.14670926,0.6818741,12
ENSG00000005961_1,1.1318039,0.78668046,12
ENSG00000187753,0.30796042,0.0,12
ENSG00000119139_2,2.4129303,2.5263896,12
ENSG00000136935,2.691499,2.2261796,12
ENSG00000107281,1.6079895,1.8812705,12
ENSG00000108669_2,0.91180557,1.7183688,12
ENSG00000277027,2.580609,0.0,12
ENSG00000108821,0.49957514,1.0544828,12
ENSG00000172992_1,2.721842,2.4241235,12
ENSG00000173918,1.0931828,1.5444525,12
ENSG00000148303,2.549204,3.4981313,12
ENSG00000106868,1.641597,0.0,12
ENSG00000109089,1.2699646,1.5052178,12
ENSG00000119333,2.798737,0.0,12
ENSG00000234327,2.1191952,2.571025,12
ENSG00000181481,2.51653,2.1712582,12
ENSG00000119401,2.2828,2.0465732,12
ENSG00000154975,1.1691661,1.415591,12
ENSG00000041982,0.51542485,0.0,12
ENSG00000179094_2,2.467707,2.099539,12
ENSG00000130957,0.29344395,0.49596038,12
ENSG00000128422,0.3632682,0.0,12
ENSG00000141696,1.6705366,2.1542108,12
ENSG00000204889,0.115156375,0.0,12
ENSG00000196535_1,1.5782018,1.9696069,12
ENSG00000222581,0.09467802,0.0,12
ENSG00000167291,0.5067932,1.0404046,12
ENSG00000166484,1.8645898,1.836729,12
ENSG00000164946,0.09956866,0.0,12
ENSG00000178971,2.6969092,2.4020686,12
ENSG00000200889,0.16854191,0.0,12
ENSG00000172057,1.3905749,0.9880682,12
ENSG00000224877,2.2845473,3.087998,12
ENSG00000002919,2.3970666,2.2790964,12
ENSG00000130714,1.4507272,1.9058607,12
ENSG00000161594,0.22618777,0.65431136,12
ENSG00000007237_5,0.27440143,0.0,12
ENSG00000106853_1,0.5635525,0.9924475,12
ENSG00000196305,2.5742586,3.2612486,12
ENSG00000182896,0.43778116,0.6637386,12
ENSG00000106803,2.4134676,3.1824431,12
ENSG00000165029,0.6603657,0.84538335,12
ENSG00000161513_1,2.474356,2.6595187,12
ENSG00000278910,0.17947274,0.0,12
ENSG00000148123_1,0.21218306,0.60765874,12
ENSG00000004660,0.28219903,0.0,12
ENSG00000127080,2.6045363,2.3370616,12
ENSG00000132522_1,2.4817712,2.4067905,12
ENSG00000169583_1,0.5666123,0.0,12
ENSG00000165280,2.8653104,3.3423753,12
ENSG00000171634,2.3725963,2.7783322,12
ENSG00000159640_2,0.48194605,1.2592354,12
ENSG00000092871,2.4113905,0.0,12
ENSG00000107186_2,0.09556072,0.0,12
ENSG00000161547,2.52858,3.766241,12
ENSG00000197958,2.3213227,4.1704173,12
ENSG00000137075_2,1.619375,2.115677,12
ENSG00000148225,0.86102587,0.0,12
ENSG00000073584,2.5381854,3.129158,12
ENSG00000182963,1.6776464,2.010003,12
ENSG00000187764_1,0.39117345,0.0,12
ENSG00000161970,1.9178241,4.265278,12
ENSG00000221926_1,0.61687297,0.0,12
ENSG00000179477_1,0.55699515,0.0,12
ENSG00000183018,0.77178735,0.66366327,12
ENSG00000170703_1,0.803621,1.1540037,12
ENSG00000160404,2.0113661,2.203824,12
ENSG00000264424,0.06655484,0.0,12
ENSG00000172724,0.33089343,0.0,12
ENSG00000136861_1,2.13038,2.650256,12
ENSG00000099810,1.4524133,2.7208207,12
ENSG00000136830,1.529624,1.2752422,12
ENSG00000127191,1.5545641,0.0,12
ENSG00000196712,1.8165734,2.5404735,12
ENSG00000141503,2.4376047,2.281456,12
ENSG00000171159,2.4668188,2.6652675,12
ENSG00000106852,1.2304764,1.331326,12
ENSG00000132507_1,3.0410428,4.0913787,12
ENSG00000290858,0.23581058,0.0,12
ENSG00000006744_1,2.4542012,3.0367646,12
ENSG00000129235,2.5646374,3.1821692,12
ENSG00000136490,2.0309665,2.9032772,12
ENSG00000107021,1.933487,1.5866402,12
ENSG00000267166,0.51521176,0.0,12
ENSG00000265148_1,2.767981,2.193959,12
ENSG00000266970,1.7448766,0.811575,12
ENSG00000136842,2.0449884,2.1968613,12
ENSG00000157637,1.4733459,1.523135,12
ENSG00000171475,2.446514,2.4904823,12
ENSG00000167741,0.43899378,0.0,12
ENSG00000224738,2.690925,1.6742088,12
ENSG00000168610,0.27765405,0.0,12
ENSG00000291169,0.13298833,0.0,12
ENSG00000270547,0.09060644,0.0,12
ENSG00000129244,0.77374774,1.2684375,12
ENSG00000213859,2.1416676,1.9773211,12
ENSG00000137040,1.7982057,0.0,12
ENSG00000264985,0.13837105,0.0,12
ENSG00000132386_1,0.6537156,0.77963257,12
ENSG00000272975_1,0.3347562,0.0,12
ENSG00000108821_2,0.5472283,1.0122508,12
ENSG00000184185,1.6150272,1.4597994,12
ENSG00000220205,2.5623193,2.8212626,12
ENSG00000230537_1,0.4031951,1.1218551,12
ENSG00000135048,1.7967536,1.3718803,12
ENSG00000055483_1,1.8147123,1.7014644,12
ENSG00000165152,0.5325702,1.0619423,12
ENSG00000263567,0.23482883,0.0,12
ENSG00000138835_3,0.44483316,1.214579,12
ENSG00000004939,0.28700936,0.0,12
ENSG00000181885_1,0.45192236,1.0801103,12
ENSG00000136478,2.029983,1.6820818,12
ENSG00000108469_1,1.9802725,0.0,12
ENSG00000119383_2,1.9002073,1.6456089,12
ENSG00000141540,1.750335,0.0,12
ENSG00000141744,1.533829,0.0,12
ENSG00000212724,0.8776059,0.0,12
ENSG00000167723_1,1.780984,2.5559065,12
ENSG00000092931,2.6619756,2.2716324,12
ENSG00000106993,2.397001,2.4738955,12
ENSG00000125319,2.1414425,2.3572066,12
ENSG00000005243,1.1877508,1.4390326,12
ENSG00000184988_1,0.92357796,0.0,12
ENSG00000165264,2.117152,3.0083191,12
ENSG00000275302,1.1353638,3.9778109,12
ENSG00000179029,2.0824392,2.0393388,12
ENSG00000184557,2.0911448,2.3723578,12
ENSG00000010244,2.6386423,3.588796,12
ENSG00000070061,2.2473269,2.5839093,12
ENSG00000161939,2.3209035,0.0,12
ENSG00000136867,1.5351549,1.3312045,12
ENSG00000235641,0.12053343,0.6381197,12
ENSG00000178789,0.20942721,0.0,12
ENSG00000081377_1,1.2484496,1.7064618,12
ENSG00000169696,2.4223456,2.193709,12
ENSG00000129214,1.1936798,0.0,12
ENSG00000135063,1.5923033,1.8172348,12
ENSG00000182534,1.4923785,1.6176188,12
ENSG00000129654,1.0529695,0.87297165,12
ENSG00000107187_1,0.9251182,1.2257227,12
ENSG00000107331_1,1.8412688,1.6471579,12
ENSG00000187838,1.8929282,2.588918,12
ENSG00000109103,1.7252846,3.1509836,12
ENSG00000070731_2,0.3578151,0.0,12
ENSG00000006788,0.120898195,0.0,12
ENSG00000167106_1,2.478408,1.9582819,12
ENSG00000182557,0.52300644,0.8412969,12
ENSG00000197724_1,2.0369103,1.8746557,12
ENSG00000086102,2.8979828,2.8655334,12
ENSG00000171448_1,2.2624629,1.8428843,12
ENSG00000170043,2.580528,3.1485348,12
ENSG00000108950,1.3379834,1.288808,12
ENSG00000137145,2.548776,2.3978028,12
ENSG00000170296_1,2.3998828,3.0458822,12
ENSG00000132481,1.3311541,1.5118834,12
ENSG00000261978,0.5958578,0.9334873,12
ENSG00000108556,0.5235925,0.0,12
ENSG00000132507_2,2.8539212,2.8332975,12
ENSG00000276234_1,2.1931183,1.6230425,12
ENSG00000277258_1,1.2777841,2.853927,12
ENSG00000125686,2.01838,2.5995982,12
ENSG00000148180_3,0.2511422,0.0,12
ENSG00000180071,0.9354806,1.0519239,12
ENSG00000073598,0.18740726,0.0,12
ENSG00000123700,1.1980755,1.8234482,12
ENSG00000130558_2,0.34268773,0.8224035,12
ENSG00000167525_2,1.226094,1.5128177,12
ENSG00000108813_1,0.71467584,0.0,12
ENSG00000186834,3.0174387,2.4783745,12
ENSG00000233101,0.27049363,0.0,12
ENSG00000198231,2.7759507,2.6674006,12
ENSG00000262188,0.5833097,0.85743505,12
ENSG00000272975,0.19267744,1.1366888,12
ENSG00000091542,2.3099062,2.019378,12
ENSG00000137076,2.6276472,3.0259855,12
ENSG00000182473_1,1.8232716,1.3417708,12
ENSG00000181090,2.58979,2.5028229,12
ENSG00000132383,2.419511,2.8294132,12
ENSG00000204054_1,0.17539552,0.65739053,12
ENSG00000184502,0.2313543,0.0,12
ENSG00000137033,0.09868,0.0,12
ENSG00000234323_2,0.12888697,0.0,12
ENSG00000293480,1.044394,1.5411422,12
ENSG00000198467_2,0.29397368,0.0,12
ENSG00000137142,1.6276138,2.0425756,12
ENSG00000154945,2.3959997,1.8742557,12
ENSG00000267280_1,1.6129222,1.47201,12
ENSG00000183979,1.4991981,1.3519509,12
ENSG00000261156,0.08674496,0.0,12
ENSG00000165209,2.4744544,2.7579045,12
ENSG00000160271,2.3643546,1.5031476,12
ENSG00000136930,1.5983567,3.4456913,12
ENSG00000156345,0.99703056,0.0,12
ENSG00000122711,0.28907573,0.7132637,12
ENSG00000108468,2.4420874,1.5489174,12
ENSG00000109111,2.9312336,3.0053265,12
ENSG00000183011_1,2.59049,2.9334316,12
ENSG00000279069,2.0502484,1.7609123,12
ENSG00000252942,0.19146758,0.0,12
ENSG00000261924,0.46859956,0.0,12
ENSG00000213213_1,1.1853471,0.8372095,12
ENSG00000182481,2.1838698,3.8842294,12
ENSG00000108702,0.16684717,1.5669663,12
ENSG00000179673,1.2309004,1.3372995,12
ENSG00000186638,2.6064425,2.1518264,12
ENSG00000072310,1.6408479,1.5235918,12
ENSG00000136918,1.1215389,0.87488174,12
ENSG00000005102,0.74079937,2.0702152,12
ENSG00000267532_1,0.29473385,0.0,12
ENSG00000271086,2.5487118,1.7360218,12
ENSG00000182224_1,2.087943,1.7339191,12
ENSG00000266473,1.7219281,2.8312213,12
ENSG00000106804,0.19378582,0.0,12
ENSG00000236404,1.609884,1.4401058,12
ENSG00000159184,0.7477707,0.93843967,12
ENSG00000074356_1,2.086601,2.707467,12
ENSG00000167842,2.7854588,2.400253,12
ENSG00000262074,2.6218216,4.0664153,12
ENSG00000108509_2,2.594712,2.2582061,12
ENSG00000158169_1,2.3463542,2.433765,12
ENSG00000132514,0.22452056,0.0,12
ENSG00000182150,2.8024602,2.1480532,12
ENSG00000260454,0.07820245,0.0,12
ENSG00000175611_1,2.8789577,2.2107973,12
ENSG00000225190,0.24042854,0.0,12
ENSG00000119402,2.4482508,2.5534897,12
ENSG00000291075_1,0.4887355,1.0765349,12
ENSG00000170037,2.506335,2.0670598,12
ENSG00000007237_2,0.32121655,1.2049065,12
ENSG00000040633,1.4592767,0.0,12
ENSG00000147862_2,0.98866075,0.0,12
ENSG00000173757,2.2103884,2.2660222,12
ENSG00000188554,1.9139203,1.9333,12
ENSG00000123453,0.3604613,0.7603245,12
ENSG00000012048_1,2.3055708,2.6250737,12
ENSG00000165181,0.1407027,0.0,12
ENSG00000185963,2.4331224,2.0392952,12
ENSG00000196739,0.9707609,1.4592869,12
ENSG00000119314_1,2.625624,3.0888445,12
ENSG00000147862_3,0.9349519,1.2959847,12
ENSG00000141551_3,2.350375,2.871888,12
ENSG00000136937,2.8173459,2.661894,12
ENSG00000006282,1.6529505,2.1229692,12
ENSG00000213694,1.1440793,1.0801212,12
ENSG00000160563,1.0965958,2.1571,12
ENSG00000278505,0.1841901,0.90427184,12
ENSG00000236024,0.33635947,0.0,12
ENSG00000172809,2.2396061,4.117066,12
ENSG00000131242,2.0862455,2.1757987,12
ENSG00000204897,0.15039206,0.0,12
ENSG00000141505_1,0.23347011,0.6877251,12
ENSG00000273702,3.024495,2.0932815,12
ENSG00000274996,0.3499178,0.0,12
ENSG00000108654_2,2.6635892,4.17879,12
ENSG00000136485,2.6789782,2.938166,12
ENSG00000228395,2.33888,1.5701108,12
ENSG00000148384,1.4798149,2.1548347,12
ENSG00000153822_1,0.14034551,0.0,12
ENSG00000165060,1.8355308,2.8146138,12
ENSG00000119335,2.5927486,4.0064316,12
ENSG00000065559,2.1370776,2.3858762,12
ENSG00000108963,1.3772235,2.5012016,12
ENSG00000125691,2.4545481,3.966287,12
ENSG00000132535_4,1.8385684,0.0,12
ENSG00000168259_3,0.47096014,0.0,12
ENSG00000197191,0.57650036,0.0,12
ENSG00000108819,1.7088972,1.8471776,12
ENSG00000129245,2.7259805,2.228734,12
ENSG00000240498,1.5764117,1.6588506,12
ENSG00000238212,0.14573827,1.1043096,12
ENSG00000006125_1,0.1613214,0.7700268,12
ENSG00000227619,0.23733309,0.0,12
ENSG00000236819,0.38857198,0.0,12
ENSG00000262481,1.5121562,2.7377794,12
ENSG00000125454,2.8153753,2.6476958,12
ENSG00000107175,2.2502131,1.6554939,12
ENSG00000167695_1,2.06658,1.650958,12
ENSG00000141232,2.4239547,2.2690692,12
ENSG00000128487_1,0.60470426,0.0,12
ENSG00000171446,0.22602305,0.4107941,12
ENSG00000265542,0.17659757,1.0024685,12
ENSG00000196363_1,2.2616308,2.9306715,12
ENSG00000265000,0.8593531,0.0,12
ENSG00000148300,2.3333862,2.6519222,12
ENSG00000179409,2.3864415,2.0456164,12
ENSG00000230013_1,1.1433778,0.0,12
ENSG00000008838,0.9717606,0.0,12
ENSG00000276293,2.5461218,2.1150377,12
ENSG00000120094,0.49038315,1.2049065,12
ENSG00000119139_4,0.17726517,0.8515091,12
ENSG00000136802,2.4602525,2.243058,12
ENSG00000230148,2.063495,2.2516139,12
ENSG00000141698,1.267632,2.2463164,12
ENSG00000106789,1.6137071,1.5536404,12
ENSG00000197291,1.5984844,1.1283411,12
ENSG00000290656,0.6706124,1.5788397,12
ENSG00000165140,1.0934529,1.2938265,12
ENSG00000170175_1,1.0576314,0.96240246,12
ENSG00000198876,2.5266566,2.832943,12
ENSG00000142494,1.3223714,1.3832946,12
ENSG00000108852_2,0.44984132,1.1490035,12
ENSG00000167840,2.0918272,2.024383,12
ENSG00000230013,0.51882845,0.0,12
ENSG00000108506,1.9276657,2.4546635,12
ENSG00000249406,0.73878616,1.8520467,12
ENSG00000265702,0.14527452,0.0,12
ENSG00000235387,0.24368945,0.0,12
ENSG00000185504,2.4909775,2.1175961,12
ENSG00000160401,0.30125672,0.0,12
ENSG00000225434,0.30890867,0.0,12
ENSG00000124422_1,2.4911041,2.2790895,12
ENSG00000277268,1.2651033,1.1658584,12
ENSG00000107140,1.9812977,2.1874728,12
ENSG00000082641_2,1.1732523,1.0883133,12
ENSG00000154016,1.4240967,2.1115515,12
ENSG00000271605,0.6869557,0.83925176,12
ENSG00000007237_6,1.5577683,1.3589622,12
ENSG00000106772_2,1.1322511,0.0,12
ENSG00000141027,0.16289946,0.0,12
ENSG00000136888,2.6062636,3.1246445,12
ENSG00000183354,1.7866318,2.0211189,12
ENSG00000273611,2.2578926,2.5759969,12
ENSG00000174292_1,1.4095612,0.8652817,12
ENSG00000095370_1,0.2511983,0.0,12
ENSG00000148123,0.9553121,1.4274698,12
ENSG00000160345,0.93984157,0.89713204,12
ENSG00000148290,2.066328,1.8528105,12
ENSG00000238058,1.8669482,1.689371,12
ENSG00000198121,0.18675244,0.0,12
ENSG00000109016,2.3705592,2.2123713,12
ENSG00000185158_1,0.24834341,0.0,12
ENSG00000167895,1.9243109,2.8665502,12
ENSG00000119125_1,1.128653,1.672735,12
ENSG00000141252_1,0.2058008,0.0,12
ENSG00000233098_1,0.16228348,0.0,12
ENSG00000148175,2.171755,1.4284426,12
ENSG00000185158,1.9703991,2.1309445,12
ENSG00000107263_1,2.0625966,2.6331553,12
ENSG00000286190,1.327343,0.0,12
ENSG00000171169,2.1616366,0.0,12
ENSG00000167914_1,0.2679553,0.0,12
ENSG00000175826_1,2.4960182,3.4672232,12
ENSG00000267207,0.56378126,0.0,12
ENSG00000147874_1,2.2956238,2.5467868,12
ENSG00000171298,2.0135264,1.6509968,12
ENSG00000132470,1.5514665,1.7648633,12
ENSG00000277791,2.5134847,3.2962549,12
ENSG00000108375_1,1.582258,2.3769417,12
ENSG00000107372,2.6423006,3.1219077,12
ENSG00000125414,0.12837723,0.0,12
ENSG00000108528,2.8952425,2.577508,12
ENSG00000186395,0.23620439,1.0519625,12
ENSG00000157693,2.8174846,2.0436294,12
ENSG00000083223_1,2.3896985,2.4123178,12
ENSG00000286435,0.52389187,1.0164065,12
ENSG00000135070,2.3520753,2.568848,12
ENSG00000239705,2.264874,1.6224524,12
ENSG00000273559,2.3841302,2.513504,12
ENSG00000122707,1.4677625,1.6401434,12
ENSG00000050555,1.5787288,1.6234044,12
ENSG00000167419,0.18470913,0.0,12
ENSG00000267278_1,0.37313855,0.83925176,12
ENSG00000108825,1.0494008,0.0,12
ENSG00000196092,1.8707736,1.7347358,12
ENSG00000147894,2.5270612,1.868944,12
ENSG00000072778_1,1.5617912,0.90955603,12
ENSG00000074660_1,0.74366415,0.0,12
ENSG00000196873,2.1305177,0.0,12
ENSG00000181090_1,0.28799242,0.0,12
ENSG00000154240_2,1.3725555,1.6733896,12
ENSG00000203987,0.48594338,0.0,12
ENSG00000165698,0.7935894,0.6788551,12
ENSG00000168591_1,2.0531318,0.0,12
ENSG00000108306,2.2861857,1.6790552,12
ENSG00000198853,1.2658291,1.5356991,12
ENSG00000196730_2,2.293112,2.3631868,12
ENSG00000106771,2.0220087,2.271772,12
ENSG00000204291,1.3723657,1.1031809,12
ENSG00000129197_1,1.8722999,2.5039675,12
ENSG00000108924_2,0.13871181,0.6111283,12
ENSG00000159842,0.8674513,1.1164417,12
ENSG00000236849,0.099953376,0.0,12
ENSG00000136816,2.258198,2.0734985,12
ENSG00000153930_1,0.116008036,0.0,12
ENSG00000177885_1,2.5401897,3.3567522,12
ENSG00000168913,1.5132506,1.2676879,12
ENSG00000107317_1,0.3791079,0.0,12
ENSG00000180549,0.46901017,1.0404204,12
ENSG00000153930,0.09108899,0.0,12
ENSG00000185862,1.0609145,0.0,12
ENSG00000204316_1,1.8793533,2.9683287,12
ENSG00000197417,2.4658067,2.1797757,12
ENSG00000175893,1.941349,2.338293,12
ENSG00000153822,0.14767376,0.0,12
ENSG00000141279_2,2.3483095,2.1973302,12
ENSG00000268996,2.6356313,1.9070888,12
ENSG00000165688,2.6369264,2.936275,12
ENSG00000235448_1,0.14120147,0.0,12
ENSG00000178607_1,1.817132,1.4200085,12
ENSG00000132475,2.775377,3.5421455,12
ENSG00000198783,2.3175151,2.1077864,12
ENSG00000128487,1.6541381,1.4349041,12
ENSG00000165006,2.4445102,2.7114277,12
ENSG00000167941,0.24126732,0.0,12
ENSG00000174038_1,0.35255116,0.96861833,12
ENSG00000234705,2.047272,2.1939285,12
ENSG00000262730,0.32127059,1.6100348,12
ENSG00000225050,0.15990701,0.0,12
ENSG00000011052,2.6850727,3.1637008,12
ENSG00000133026_1,1.4453851,1.5910312,12
ENSG00000167543_3,1.941509,1.6529132,12
ENSG00000175764,1.6220304,2.0025418,12
ENSG00000137135,2.2874758,2.2240694,12
ENSG00000275718,0.12781206,0.0,12
ENSG00000141562_1,2.5892866,2.5050619,12
ENSG00000147862_1,0.15826225,0.0,12
ENSG00000007237,0.2039221,0.0,12
ENSG00000280496,0.50815994,0.66058093,12
ENSG00000178445_1,0.50659305,1.2776574,12
ENSG00000187713,2.1746025,2.2182202,12
ENSG00000141179,1.6019487,1.9112855,12
ENSG00000188895_1,2.1587913,1.4452149,12
ENSG00000263718,0.7686289,0.72149736,12
ENSG00000141378,2.6232316,2.7338655,12
ENSG00000141576_1,1.9631097,1.6403621,12
ENSG00000005882_1,0.26624745,0.7890163,12
ENSG00000181513_1,1.5681171,1.695472,12
ENSG00000287431,2.0918055,1.5303662,12
ENSG00000241322,0.23888451,0.0,12
ENSG00000173258,0.974101,1.9332554,12
ENSG00000122696,2.4579158,2.3249345,12
ENSG00000262165,0.27936715,0.0,12
ENSG00000107147,0.7297484,0.91307175,12
ENSG00000197355,2.2305334,2.2458038,12
ENSG00000148219_1,1.5754476,1.8321894,12
ENSG00000056558,0.33571768,0.815976,12
ENSG00000130222,1.1393185,1.2101847,12
ENSG00000108946,2.6579773,2.0482125,12
ENSG00000161542_1,2.5256176,2.607616,12
ENSG00000131462,2.6370661,3.3163626,12
ENSG00000108443,2.7352853,2.9369206,12
ENSG00000185504_1,1.6433483,2.0044332,12
ENSG00000231107,0.13710055,0.0,12
ENSG00000167925,1.3279352,2.084165,12
ENSG00000275722,0.11594155,0.0,12
ENSG00000148110,2.50262,2.5803776,12
ENSG00000172156,0.10919099,0.86142087,12
ENSG00000068137_1,2.1495469,2.4684167,12
ENSG00000136813,2.3332875,2.2956111,12
ENSG00000033627,2.1738899,2.6296818,12
ENSG00000147852,1.678668,1.8925009,12
ENSG00000132530_2,1.8572304,2.7140949,12
ENSG00000132535,1.0023096,0.7820137,12
ENSG00000148143,1.088722,1.8484108,12
ENSG00000012048_3,2.2513444,1.7702185,12
ENSG00000107164,2.5221303,2.7183938,12
ENSG00000198435,1.8980889,2.0717237,12
ENSG00000277200,1.4548895,1.4145389,12
ENSG00000109061,0.07889407,0.0,12
ENSG00000160446,2.3553526,2.675541,12
ENSG00000108984,0.7421425,2.1190643,12
ENSG00000287750,0.62884635,1.1377338,12
ENSG00000136824,2.492099,2.9062057,12
ENSG00000266947,1.2946131,1.1098585,12
ENSG00000181031_1,0.38931003,0.85546464,12
ENSG00000168961,1.7737758,0.0,12
ENSG00000199753,2.735504,1.9683895,12
ENSG00000233223,2.7240112,1.3948717,12
ENSG00000198853_1,0.4063251,0.0,12
ENSG00000180901_1,2.428163,2.177112,12
ENSG00000108387_2,1.3844879,1.5341277,12
ENSG00000213424,0.24116278,0.0,12
ENSG00000141295_1,1.3122082,1.6610645,12
ENSG00000108576,1.4754603,1.0164065,12
ENSG00000109113_2,0.7675893,1.6855626,12
ENSG00000165138,1.816417,1.7597283,12
ENSG00000178966,2.7813418,2.3897488,12
ENSG00000198917,1.970525,0.0,12
ENSG00000167085,1.8415307,0.0,12
ENSG00000287553,2.47175,1.1479853,12
ENSG00000136457,1.2634981,0.0,12
ENSG00000283160,2.3674057,0.0,12
ENSG00000196169,1.4363616,0.0,12
ENSG00000141582,2.1378324,2.7148912,12
ENSG00000170004_1,0.6754065,0.0,12
ENSG00000175854,1.4993813,1.0378128,12
ENSG00000184640_5,0.7585888,0.0,12
ENSG00000108592,1.9435332,2.4259725,12
ENSG00000214654,2.4434872,1.8754085,12
ENSG00000119523,2.9648004,2.6083014,12
ENSG00000165092_1,0.09201264,0.0,12
ENSG00000005238,1.4861703,1.4400901,12
ENSG00000141504,1.3746692,1.4662075,12
ENSG00000229637,0.5487329,0.0,12
ENSG00000177302,2.5903325,2.464658,12
ENSG00000183011,2.8025305,2.8249273,12
ENSG00000147889_1,1.8665423,2.5610058,12
ENSG00000108423,2.461021,1.958313,12
ENSG00000108641,1.3388505,1.4384474,12
ENSG00000171532,0.6138271,0.88430816,12
ENSG00000185920,1.7672579,2.0204442,12
ENSG00000106772,0.15691403,0.0,12
ENSG00000205045,1.0708556,0.0,12
ENSG00000219200,2.1898928,3.5211382,12
ENSG00000049283_1,0.4434895,0.60408556,12
ENSG00000148218,1.6433764,2.1141105,12
ENSG00000197070,2.238961,1.31775,12
ENSG00000136925,2.777418,2.320651,12
ENSG00000197879,2.3240106,2.2493231,12
ENSG00000274755,0.09383508,0.0,12
ENSG00000196642,2.4153152,2.7652512,12
ENSG00000065559_1,0.2167052,0.0,12
ENSG00000161647,1.5771701,1.3602525,12
ENSG00000119487,0.09742775,0.0,12
ENSG00000106976,2.201052,2.2468014,12
ENSG00000163597,2.4081056,3.4870138,12
ENSG00000120215,0.15865836,0.47735283,12
ENSG00000172794_1,1.269175,1.5057156,12
ENSG00000198863,2.39763,2.5413046,12
ENSG00000107105_1,1.4908868,1.8298181,12
ENSG00000136828,1.9350185,1.8704507,12
ENSG00000132507_3,1.9743919,1.9675947,12
ENSG00000002919_1,2.4771316,1.7589611,12
ENSG00000132361,2.3379185,3.0646527,12
ENSG00000135047_1,0.12601286,0.0,12
ENSG00000265458,2.64689,2.3349843,12
ENSG00000174292,0.7522063,0.940073,12
ENSG00000170004,1.9997368,2.5701692,12
ENSG00000108813,0.920952,1.967164,12
ENSG00000141337_1,2.7521973,1.963599,12
ENSG00000161940,0.54794276,0.0,12
ENSG00000238227,2.4325068,2.2586133,12
ENSG00000108829,2.2399373,3.096044,12
ENSG00000175061_1,2.8217611,2.927021,12
ENSG00000040633_2,2.454207,2.2001607,12
ENSG00000120217,2.621218,2.9500375,12
ENSG00000135045,2.189829,2.5209496,12
ENSG00000168610_1,0.47817963,0.0,12
ENSG00000269929,2.7970302,2.1442192,12
ENSG00000223478,2.3269665,2.2025237,12
ENSG00000233098,0.71263117,0.0,12
ENSG00000176978,1.6563666,2.84564,12
ENSG00000005381,1.0712954,1.1913671,12
ENSG00000160339,0.31458578,0.0,12
ENSG00000183914,0.9143359,0.8224296,12
ENSG00000074755,2.6238704,2.2214196,12
ENSG00000141741,2.1048925,2.425575,12
ENSG00000177992,0.19866496,0.0,12
ENSG00000092871_2,2.628164,2.3041673,12
ENSG00000141497,0.8097464,0.0,12
ENSG00000120158,2.5120814,2.082997,12
ENSG00000167881_1,2.5400941,3.1611283,12
ENSG00000108352,1.5185344,1.9156584,12
ENSG00000262165_1,1.8024,1.5754995,12
ENSG00000137100,1.1499975,0.0,12
ENSG00000204323,0.62422335,0.8202606,12
ENSG00000108582,2.1347678,2.419442,12
ENSG00000181045,1.0815417,0.73737556,12
ENSG00000172992,2.6165416,2.8614058,12
ENSG00000179859_1,1.7323841,1.8417035,12
ENSG00000277511,2.0079074,0.0,12
ENSG00000148386,0.45752418,0.9334873,12
ENSG00000136870,2.2556598,2.1026156,12
ENSG00000108784,2.5270817,2.207365,12
ENSG00000007237_3,0.17222124,0.0,12
ENSG00000238007,0.19069406,0.0,12
ENSG00000159224,0.24647096,0.0,12
ENSG00000137077,0.3101753,0.0,12
ENSG00000170703,0.7719451,1.2004948,12
ENSG00000197579,2.2606623,2.4111314,12
ENSG00000161692,1.6098101,2.301438,12
ENSG00000148120_1,0.19086435,0.0,12
ENSG00000267364,0.3961311,0.0,12
ENSG00000012048_2,1.8835826,2.6788552,12
ENSG00000006695,1.948746,2.3939102,12
ENSG00000165684,2.0542307,2.1248822,12
ENSG00000196358,1.5022293,1.289522,12
ENSG00000106723,1.9499829,2.0953088,12
ENSG00000266402,2.654408,3.1907685,12
ENSG00000167136,2.3812509,2.0029433,12
ENSG00000108439,2.294429,2.6894393,12
ENSG00000168259_1,2.7145557,3.1326215,12
ENSG00000187838_1,1.9666808,2.5509129,12
ENSG00000131759_1,1.9298519,2.814121,12
ENSG00000197506,0.1548014,1.0986818,12
ENSG00000108587,2.148725,2.7672925,12
ENSG00000148343,2.2753763,2.016348,12
ENSG00000171346,0.1419304,0.0,12
ENSG00000184640_6,1.4664481,1.8323684,12
ENSG00000267123,1.1508131,0.0,12
ENSG00000004897,2.6417773,2.8092122,12
ENSG00000107020,2.8983905,2.5764427,12
ENSG00000141376_3,0.11878108,1.3959777,12
ENSG00000154229,1.7024902,2.4392378,12
ENSG00000226549,0.6033621,2.1020906,12
ENSG00000106785,2.382943,2.534535,12
ENSG00000108557,2.1302512,2.6038802,12
ENSG00000141570,2.2103267,1.9907871,12
ENSG00000171403,0.46320277,0.89535624,12
ENSG00000160606_1,2.260674,0.0,12
ENSG00000263293,2.5387144,1.5291094,12
ENSG00000148358,2.6995976,2.417392,12
ENSG00000055483,2.6268528,2.5871046,12
ENSG00000173611,1.8980261,2.1062896,12
ENSG00000148229_1,2.37043,2.9017932,12
ENSG00000108671,2.4964411,3.0438259,12
ENSG00000136875,2.5024683,0.0,12
ENSG00000108433,2.4834154,2.437535,12
ENSG00000170190_1,1.431565,1.2865462,12
ENSG00000108654_4,2.7954175,2.3712895,12
ENSG00000165140_1,0.34500176,0.0,12
ENSG00000161542_2,1.7446407,2.5742397,12
ENSG00000132386_2,0.48153836,0.6906213,12
ENSG00000184060,2.0615613,1.3232727,12
ENSG00000274512,0.29911453,0.0,12
ENSG00000044459,1.001677,2.33102,12
ENSG00000291094,0.21750939,0.0,12
ENSG00000004939_1,0.22964358,0.0,12
ENSG00000121057,2.6604679,2.625549,12
ENSG00000164989,2.2697167,1.7259687,12
ENSG00000178999,2.5866754,1.5277716,12
ENSG00000188176,1.4256508,1.9732202,12
ENSG00000067191_2,1.659064,1.9612597,12
ENSG00000166685,2.498554,2.117712,12
ENSG00000188938_1,1.5953606,2.0031054,12
ENSG00000109101_1,0.6458903,1.473846,12
ENSG00000167740_1,2.5033276,1.8994156,12
ENSG00000137106,2.6275506,2.9037302,12
ENSG00000215644,1.3295493,1.323953,12
ENSG00000198443,0.6522389,1.4034122,12
ENSG00000129226,1.5292261,1.9912127,12
ENSG00000137074,2.4068003,2.611259,12
ENSG00000179598,2.1645844,2.2148702,12
ENSG00000108256,2.6463454,3.5216806,12
ENSG00000187607,2.235894,2.126891,12
ENSG00000087157,2.310056,2.3707387,12
ENSG00000136811_3,1.1547034,1.1142772,12
ENSG00000187824,1.0370722,1.2622849,12
ENSG00000148308_1,2.390341,2.5068662,12
ENSG00000135046,0.1332373,0.0,12
ENSG00000276409,0.12208348,0.0,12
ENSG00000130935,2.6953876,3.1360989,12
ENSG00000137054,2.6087937,2.8259509,12
ENSG00000260220,0.4663756,0.80046964,12
ENSG00000107317_2,0.35491937,0.0,12
ENSG00000171843_2,2.075001,3.0195773,12
ENSG00000092929,1.7267334,0.88058496,12
ENSG00000141376_1,0.09666925,0.0,12
ENSG00000159199,2.4175038,2.7704287,12
ENSG00000166582,2.1507564,2.574899,12
ENSG00000167543_2,1.4729316,2.2451375,12
ENSG00000187024_1,0.6345731,0.8824505,12
ENSG00000108559,2.835155,2.8540583,12
ENSG00000134996,2.456552,2.8854218,12
ENSG00000119328,2.0362287,1.9144225,12
ENSG00000291075,3.2770908,2.9980106,12
ENSG00000129657_3,0.27372962,0.84743756,12
ENSG00000159842_2,0.58121145,0.0,12
ENSG00000119411,1.2647703,1.3114996,12
ENSG00000169718_1,1.9266497,2.6080241,12
ENSG00000240445,1.7700647,1.7312986,12
ENSG00000148200,2.4264634,1.9657519,12
ENSG00000198933,1.6345768,1.3378385,12
ENSG00000197816_1,0.30872434,0.0,12
ENSG00000188959,0.36058497,0.0,12
ENSG00000236130,0.82064027,0.50494635,12
ENSG00000087152_1,2.548631,2.3406227,12
ENSG00000130707,1.2752438,1.4306232,12
ENSG00000267432,1.9274904,0.36410052,12
ENSG00000196544,2.483936,0.0,12
ENSG00000188554_1,2.859757,2.4388444,12
ENSG00000185294,0.47317153,0.0,12
ENSG00000228083,0.20085233,0.0,12
ENSG00000063015,0.37980455,0.9497948,12
ENSG00000137075,2.1611915,1.1755756,12
ENSG00000203993,2.5667548,2.3107357,12
ENSG00000183048,2.1116211,2.030531,12
ENSG00000147869,0.21364406,0.0,12
ENSG00000277972,2.240657,1.7232914,12
ENSG00000167916,0.27084917,0.89348435,12
ENSG00000147852_1,1.4288596,1.940855,12
ENSG00000196730,0.60581034,0.0,12
ENSG00000180901,0.40507197,0.0,12
ENSG00000147872_1,0.20269707,0.0,12
ENSG00000108379_1,0.3137408,0.0,12
ENSG00000285634_1,0.103214435,0.0,12
ENSG00000083454,1.735772,1.5588285,12
ENSG00000171302,2.2871215,2.52423,12
ENSG00000054179,1.4120893,1.4903238,12
ENSG00000278774,2.4129019,0.0,12
ENSG00000173068_2,0.8897582,1.7606878,12
ENSG00000173812,2.967831,4.0395174,12
ENSG00000138835_4,0.7176128,0.0,12
ENSG00000273018,1.0835949,1.596828,12
ENSG00000148356,2.1767883,2.4846685,12
ENSG00000233223_2,2.4099615,2.806058,12
ENSG00000197646,2.1834233,2.2583356,12
ENSG00000267128,0.7980228,1.1479576,12
ENSG00000148334,2.4519746,2.482888,12
ENSG00000070540,2.3318553,1.9679129,12
ENSG00000126882,1.9012728,1.5516452,12
ENSG00000224505,2.6798718,1.9962971,12
ENSG00000131097,0.38876307,0.0,12
ENSG00000080503,2.6646035,3.25685,12
ENSG00000119514,1.7505227,1.8251729,12
ENSG00000005884,1.7617992,2.040377,12
ENSG00000165181_2,0.1350908,0.0,12
ENSG00000186665_1,0.28444448,0.0,12
ENSG00000267532,1.9391141,0.0,12
ENSG00000136436,2.1645744,3.0923803,12
ENSG00000062725_1,2.1960294,2.5727253,12
ENSG00000177370,2.5427735,2.5946434,12
ENSG00000175768,2.2879846,3.4920855,12
ENSG00000076604,2.6663158,2.713938,12
ENSG00000109046,2.4345787,3.2113636,12
ENSG00000181222,2.9117453,3.365044,12
ENSG00000089685,1.3733892,2.9766476,12
ENSG00000176160,1.0632495,1.5520229,12
ENSG00000226197,0.09621253,0.0,12
ENSG00000107249,0.9693931,1.2646998,12
ENSG00000176974,1.8610079,2.3069866,12
ENSG00000287333,0.24427462,0.68774295,12
ENSG00000095203,1.5024328,1.845718,12
ENSG00000124422,2.7851193,3.1496162,12
ENSG00000167114,2.1951003,2.1817923,12
ENSG00000004142,2.38494,2.7249374,12
ENSG00000167721,2.164171,0.0,12
ENSG00000153976,1.1167114,1.5980022,12
ENSG00000141316,0.5293775,0.0,12
ENSG00000125449,1.338453,2.2280974,12
ENSG00000136487,0.36918366,0.0,12
ENSG00000159210,2.2377985,2.4818265,12
ENSG00000159069,2.3982873,2.4764316,12
ENSG00000068489,2.0154972,3.0159461,12
ENSG00000002834_1,2.5320327,3.3016355,12
ENSG00000161960,2.8865035,3.7687838,12
ENSG00000263489,0.5884424,0.876795,12
ENSG00000204054,0.94070387,0.0,12
ENSG00000154760,2.1140687,2.4913616,12
ENSG00000141560,1.8711069,2.2967682,12
ENSG00000132589,1.8779933,2.8727272,12
ENSG00000198720,1.3072951,2.2845662,12
ENSG00000131470,2.3350933,2.2917573,12
ENSG00000161405,1.1388552,2.5421405,12
ENSG00000179094,0.51991695,1.2813516,12
ENSG00000153944_1,1.2079136,1.4100649,12
ENSG00000167258,1.8738198,2.6951637,12
ENSG00000154920,2.3374376,2.0747032,12
ENSG00000171097_1,2.4694216,2.009162,12
ENSG00000167112,1.9588284,2.7726693,12
ENSG00000161958_2,1.2553277,1.8122447,12
ENSG00000138835,0.7102211,0.0,12
ENSG00000136872_1,0.28125736,0.0,12
ENSG00000167100_1,1.6420592,1.8053173,12
ENSG00000198642,2.4944885,2.4453707,12
ENSG00000141367,2.9674342,3.3404758,12
ENSG00000240505,2.3108928,3.573708,12
ENSG00000141252_2,1.866619,2.621171,12
ENSG00000142507,2.0696428,3.229116,12
ENSG00000161513,0.25445905,0.0,12
ENSG00000108389,1.7214671,2.5438955,12
ENSG00000169727,1.7807789,2.2108533,12
ENSG00000108604_1,2.6056573,1.8714094,12
ENSG00000262920,0.74967897,1.1345915,12
ENSG00000165181_1,0.112568595,0.0,12
ENSG00000250850,1.8910711,1.9556348,12
ENSG00000130558_1,1.5920305,1.7665913,12
ENSG00000125457,2.0311246,1.1120685,12
ENSG00000188352,2.4646254,2.3694181,12
ENSG00000132471,1.9539354,3.0628564,12
ENSG00000108953,2.5732121,3.7648485,12
ENSG00000131473_1,1.6758577,1.790081,12
ENSG00000176248,2.4595168,2.2200844,12
ENSG00000147853,2.307679,2.9989808,12
ENSG00000127083,0.17207032,0.0,12
ENSG00000148158,2.07399,1.5799836,12
ENSG00000233016,2.3833025,2.593792,12
ENSG00000136450_1,2.8509862,3.5255086,12
ENSG00000176108,2.0232549,2.13007,12
ENSG00000108826,2.2127557,2.944547,12
ENSG00000007312,1.7723687,2.6291301,12
ENSG00000170836,2.7087212,2.4388855,12
ENSG00000227036_1,2.349119,2.029749,12
ENSG00000136861,2.1129186,1.3607525,12
ENSG00000148180_2,0.23120835,0.0,12
ENSG00000179094_1,2.251564,2.372227,12
ENSG00000091947,1.953038,0.0,12
ENSG00000108700,0.10516784,0.0,12
ENSG00000165275,2.0334847,1.6969126,12
ENSG00000034152_1,2.1362371,1.7357968,12
ENSG00000175061,2.892666,3.6171556,12
ENSG00000270765,0.52124053,1.2022431,12
ENSG00000141756,0.52136093,0.9880236,12
ENSG00000204711,0.43404076,0.0,12
ENSG00000238898,0.19271195,0.0,12
ENSG00000010438_1,0.13047668,0.8805506,12
ENSG00000108984_1,0.7547762,1.7448092,12
ENSG00000108666_1,1.9450386,2.401004,12
ENSG00000119383_5,1.5796984,0.0,12
ENSG00000243678,2.499029,3.6365602,12
ENSG00000108773_1,1.3568809,2.6065211,12
ENSG00000277161,2.7689846,2.137164,12
ENSG00000302531,0.46880472,0.9821808,12
ENSG00000132388,2.5665903,3.132061,12
ENSG00000161381_1,0.69250184,0.0,12
ENSG00000266088,0.5298453,2.6052814,12
ENSG00000182446_1,0.3246576,0.0,12
ENSG00000248871,1.3896124,0.0,12
ENSG00000185269,1.3358395,1.3552983,12
ENSG00000183153,0.32612413,0.0,12
ENSG00000165238,1.4004676,1.7230203,12
ENSG00000107223,2.392686,3.5232053,12
ENSG00000119318,2.6938992,3.7422183,12
ENSG00000121101,0.6260274,0.6214671,12
ENSG00000176208,2.1614861,2.5211356,12
ENSG00000237886,0.55540097,0.85746515,12
ENSG00000132581_1,2.9192219,2.5435092,12
ENSG00000246731,1.8375195,1.341108,12
ENSG00000169738_2,2.1548402,2.8791316,12
ENSG00000136487_1,0.2619536,0.0,12
ENSG00000156017,2.6630294,2.3527997,12
ENSG00000107014,0.42792672,0.0,12
ENSG00000278311_1,0.18271896,0.0,12
ENSG00000174038,0.24466005,0.0,12
ENSG00000107036,2.9537246,2.7122252,12
ENSG00000106829_1,1.8266838,2.9662933,12
ENSG00000226609,1.8633459,0.0,12
ENSG00000168610_3,2.8930824,2.729628,12
ENSG00000132535_1,0.29845285,0.77487445,12
ENSG00000167123_2,0.4108635,0.0,12
ENSG00000175175,1.2349944,1.3052653,12
ENSG00000196196,0.8217979,1.1469958,12
ENSG00000278845,2.0869193,0.0,12
ENSG00000223125,0.16405195,1.8296099,12
ENSG00000108788_1,2.3797786,1.4321994,12
ENSG00000175283,2.1980789,1.8042076,12
ENSG00000136807,2.4872854,2.1486304,12
ENSG00000119431,1.7650754,2.108186,12
ENSG00000108849,0.2439104,0.8003734,12
ENSG00000166596,0.41846377,0.0,12
ENSG00000083457_2,0.5922231,1.1774211,12
ENSG00000212901,0.19458535,1.1031741,12
ENSG00000107105_3,0.39664584,0.0,12
ENSG00000181396,2.1360564,2.3820133,12
ENSG00000068120,2.2359328,2.997319,12
ENSG00000176170_1,1.8302001,1.4442478,12
ENSG00000141258,2.3356373,2.1774962,12
ENSG00000204930,0.93534267,0.0,12
ENSG00000176809,2.852623,2.4025364,12
ENSG00000108823,0.4759155,0.68477356,12
ENSG00000136874,1.7030462,2.27521,12
ENSG00000161682,1.325479,1.7724171,12
ENSG00000169718,1.7687926,0.93018466,12
ENSG00000271447,1.1759856,1.9548694,12
ENSG00000293515,0.35660064,0.7160284,12
ENSG00000136826,1.5799793,1.4107267,12
ENSG00000173821,2.5136633,1.9838653,12
ENSG00000141349,2.399791,2.5872507,12
ENSG00000234506,1.0721393,0.0,12
ENSG00000160323,0.79523873,0.0,12
ENSG00000198920_1,1.9029598,2.326426,12
ENSG00000108474,1.6025429,2.5778203,12
ENSG00000173838,0.13805655,0.669763,12
ENSG00000178921_1,2.7921095,2.8753803,12
ENSG00000169660,1.8344508,2.437608,12
ENSG00000184640_3,1.258375,0.0,12
ENSG00000108852,0.55716896,0.8267225,12
ENSG00000166482,0.47333914,0.85545856,12
ENSG00000136895_2,2.058098,0.0,12
ENSG00000132470_1,1.4766634,1.6200527,12
ENSG00000106772_1,0.08967682,0.6728365,12
ENSG00000261371,0.30039155,0.65739053,12
ENSG00000160408,0.47726148,0.6964263,12
ENSG00000164985_2,2.8358831,3.5806742,12
ENSG00000264364,2.3326468,2.733068,12
ENSG00000126562,1.2880421,1.3143518,12
ENSG00000119408_2,1.3392975,0.0,12
ENSG00000136928,1.9172161,2.4408147,12
ENSG00000264044,0.23041257,0.0,12
ENSG00000169692,1.9913809,2.1120384,12
ENSG00000275143,1.079869,0.89713204,12
ENSG00000073605,0.40531927,0.0,12
ENSG00000167302,2.171889,1.9051101,12
ENSG00000106733,2.5224075,1.8086498,12
ENSG00000141337,1.9746609,1.6236937,12
ENSG00000188394,0.2930398,0.0,12
ENSG00000205309,2.0026844,1.8625131,12
ENSG00000106991,0.27863315,0.0,12
ENSG00000284526,0.5368238,0.0,12
ENSG00000200463,2.4052474,3.1051593,12
ENSG00000148204,0.8146811,1.6114153,12
ENSG00000277363,1.3182926,1.1734486,12
ENSG00000083457_1,0.36689088,0.0,12
ENSG00000095370,1.2334778,1.4411136,12
ENSG00000035862_1,0.26377732,0.70491374,12
ENSG00000167543,1.4843161,1.3993968,12
ENSG00000166263,2.0633695,2.1585042,12
ENSG00000205108,0.1903789,0.0,12
ENSG00000129673,0.3221455,0.0,12
ENSG00000141252,0.1817047,0.0,12
ENSG00000153982,1.8411369,0.0,12
ENSG00000167880,0.6271199,1.0606978,12
ENSG00000120075,0.78170156,0.0,12
ENSG00000244187,2.1305878,1.5110005,12
ENSG00000095321,2.1044567,1.6050678,12
ENSG00000182963_1,0.721954,1.2197678,12
ENSG00000030304,0.1572682,0.0,12
ENSG00000133193,2.4433525,3.0057294,12
ENSG00000188379,0.5024591,1.0325664,12
ENSG00000107159,0.39433363,1.4348499,12
ENSG00000108654_1,2.282678,0.0,12
ENSG00000147872,2.4049914,2.6815624,12
ENSG00000244537,0.5892411,1.8052969,12
ENSG00000123453_1,0.72815704,0.0,12
ENSG00000227036,2.361276,1.6763552,12
ENSG00000129657,2.3245237,2.395286,12
ENSG00000148339_2,0.3246926,0.0,12
ENSG00000158955,1.4489422,1.4405155,12
ENSG00000183010_1,1.7834599,2.405044,12
ENSG00000131095,0.34674507,1.010868,12
ENSG00000008283,1.8344183,1.4866854,12
ENSG00000119446,2.5407047,2.81716,12
ENSG00000007237_1,0.26903966,1.0052663,12
ENSG00000161921_1,1.2210174,1.4680666,12
ENSG00000213218,0.31478962,0.0,12
ENSG00000137073,2.899062,2.8165727,12
ENSG00000209582,0.48765188,0.0,12
ENSG00000161509_1,1.2264946,1.4452305,12
ENSG00000171861,2.2255566,2.5481904,12
ENSG00000096872,1.9633749,0.0,12
ENSG00000260369,2.7801583,1.962535,12
ENSG00000159842_1,1.9717512,1.9689777,12
ENSG00000221882,1.2707336,0.0,12
ENSG00000148400,2.4864461,2.5666025,12
ENSG00000108465,2.5333195,2.3524778,12
ENSG00000087111_2,2.4568489,2.997589,12
ENSG00000167157,1.6164118,1.590619,12
ENSG00000201920,0.22703889,1.3706056,12
ENSG00000188825,2.2932787,0.0,12
ENSG00000107165,0.07072664,0.0,12
ENSG00000215126,1.8080735,3.068301,12
ENSG00000233901_2,0.87865347,0.9113707,12
ENSG00000141551,0.30457002,1.344353,12
ENSG00000133027_2,2.3120565,2.5189862,12
ENSG00000186075,2.6592095,0.88799965,12
ENSG00000197879_2,0.38726434,1.0717348,12
ENSG00000267394,1.929563,1.0285916,12
ENSG00000070610,2.1632123,1.5646542,12
ENSG00000085265,0.1448066,0.0,12
ENSG00000141556_1,0.7504137,0.0,12
ENSG00000141576,0.16954923,0.0,12
ENSG00000132510_1,0.46039122,0.0,12
ENSG00000167914,0.25922918,0.8786941,12
ENSG00000135052_1,0.8009818,0.0,12
ENSG00000215041,2.793986,1.8698299,12
ENSG00000170175,0.74162257,1.258278,12
ENSG00000234899,0.21758544,0.0,12
ENSG00000148219,1.9737852,0.0,12
ENSG00000170291,2.5652673,2.8074675,12
ENSG00000002834,2.6627033,3.3541641,12
ENSG00000225376_1,0.1724917,0.0,12
ENSG00000165689,2.6229675,2.5791626,12
ENSG00000270332,0.45383358,0.0,12
ENSG00000277688,0.5686789,0.6041504,12
ENSG00000158169,0.81508297,0.0,12
ENSG00000106689,1.5552709,2.290313,12
ENSG00000161649,0.29511476,0.5932971,12
ENSG00000167525_1,1.7624825,1.1377275,12
ENSG00000092871_1,2.2735152,2.077197,12
ENSG00000232859,1.9034224,1.8238978,12
ENSG00000167105,0.4908651,1.4523845,12
ENSG00000235448,0.102302425,0.0,12
ENSG00000159202,2.7679389,2.7020686,12
ENSG00000136504,2.7235506,2.873754,12
ENSG00000108774,2.5218832,0.0,12
ENSG00000108830,1.3845136,0.0,12
ENSG00000131759,0.52910733,0.0,12
ENSG00000122692,2.2871351,3.0406222,12
ENSG00000187242,0.13721627,0.0,12
ENSG00000121064,1.5159528,2.479319,12
ENSG00000290567,0.3963145,0.0,12
ENSG00000131771,0.66159415,1.5791317,12
ENSG00000148120,2.253988,2.048768,12
ENSG00000197879_1,1.8523195,1.7427565,12
ENSG00000221829,2.293564,0.0,12
ENSG00000177239,2.6702914,2.3336084,12
ENSG00000264666,2.012717,2.5215003,12
ENSG00000154263,0.227983,0.0,12
ENSG00000108509_1,0.5329309,1.4462264,12
ENSG00000187003,0.22726455,0.0,12
ENSG00000160408_2,1.2155533,0.0,12
ENSG00000204054_3,1.1271048,0.6414543,12
ENSG00000154258,0.12886748,0.0,12
ENSG00000095380,2.5233433,2.1380563,12
ENSG00000006740,1.461862,1.6717743,12
ENSG00000119457,0.9367101,1.290869,12
ENSG00000128482,0.3336896,0.7187175,12
ENSG00000170835,0.38879165,0.0,12
ENSG00000154262,0.7400428,0.0,12
ENSG00000081377,0.95544535,1.7422851,12
ENSG00000108946_1,2.637744,3.2276502,12
ENSG00000131467,2.4892786,2.9268084,12
ENSG00000160349,0.34047806,0.0,12
ENSG00000141738,0.4346745,0.0,12
ENSG00000147896,0.17492011,0.0,12
ENSG00000198271,0.9196896,1.8294003,12
ENSG00000049283,0.6054285,1.2646054,12
ENSG00000176390,2.340717,2.4094293,12
ENSG00000264589,0.9067509,1.4333217,12
ENSG00000167699,2.3483584,3.0246415,12
ENSG00000070526,0.18439695,0.0,12
ENSG00000196116,2.0686486,2.2239914,12
ENSG00000119326,1.8854278,2.288607,12
ENSG00000198963,0.4219116,0.93013364,12
ENSG00000120071_4,2.1615999,1.9416704,12
ENSG00000184640,1.8378528,2.4018984,12
ENSG00000130045,1.3015442,1.0847907,12
ENSG00000175832_2,1.0222715,2.483289,12
ENSG00000083457,2.4008348,0.0,12
ENSG00000159202_1,2.743121,2.2027063,12
ENSG00000072849,2.5092344,0.0,12
ENSG00000177303,0.46025866,0.67584246,12
ENSG00000107187,1.3042569,1.7098718,12
ENSG00000188483,1.4366263,2.179724,12
ENSG00000196092_2,2.480016,2.2724915,12
ENSG00000266173,2.9925807,2.446315,12
ENSG00000196422_1,1.7700531,1.9173532,12
ENSG00000135018,2.6501844,3.0881538,12
ENSG00000167103,0.38282794,0.793555,12
ENSG00000108798_1,2.7164137,3.1918113,12
ENSG00000148362,1.6918025,0.0,12
ENSG00000108733,2.1493533,2.0058281,12
ENSG00000263429,0.38012713,0.9465849,12
ENSG00000170412_1,1.2281959,1.2358061,12
ENSG00000189050,1.6686311,1.8294183,12
ENSG00000074356,0.15459216,0.8071425,12
ENSG00000167900,2.1389596,2.6056314,12
ENSG00000196814,1.8330882,1.5608269,12
ENSG00000119403,1.2257969,0.7132805,12
ENSG00000174282_1,2.6699245,1.7519255,12
ENSG00000119383_4,1.6498849,1.9090209,12
ENSG00000175832_1,1.2616143,2.2388988,12
ENSG00000224307,0.2625252,0.0,12
ENSG00000231806,0.65536124,1.2528772,12
ENSG00000004660_1,1.9138825,1.2662082,12
ENSG00000119121,0.36007592,0.0,12
ENSG00000125492,1.1070637,1.449216,12
ENSG00000178607,2.6949842,2.3021967,12
ENSG00000205808,2.0019486,1.8070545,12
ENSG00000185527,0.5020661,0.0,12
ENSG00000148120_2,2.0709257,1.6972294,12
ENSG00000168517_2,1.9909735,0.0,12
ENSG00000167723,0.40437183,0.0,12
ENSG00000159182,0.25867352,0.55543303,12
ENSG00000141068,2.2127707,2.8623402,12
ENSG00000180638,0.4829784,0.0,12
ENSG00000136938_1,0.26591104,0.0,12
ENSG00000106686,0.56333554,0.0,12
ENSG00000106853,0.17355299,0.0,12
ENSG00000198844_1,0.29438543,0.0,12
ENSG00000267568,0.7571306,0.0,12
ENSG00000148399,1.9932523,1.9750594,12
ENSG00000198844,0.26607403,0.0,12
ENSG00000176919,0.9843665,0.0,12
ENSG00000119383,2.1713974,0.0,12
ENSG00000228278,0.23580164,0.66058093,12
ENSG00000259207,1.9681461,1.9738618,12
ENSG00000204316,2.2656057,2.7069771,12
ENSG00000141371,0.50772583,0.71875906,12
ENSG00000141485,1.0043542,0.9791385,12
ENSG00000108375,0.66933614,1.9395243,12
ENSG00000108387,0.34518865,0.0,12
ENSG00000186350,2.0503097,1.6145598,12
ENSG00000165716,1.6597074,1.27614,12
ENSG00000165269_1,0.3422311,0.0,12
ENSG00000291110,0.9008226,1.7440675,12
ENSG00000123453_2,0.22302896,0.0,12
ENSG00000165661,1.7760969,2.7085738,12
ENSG00000165699,2.3176742,2.3659856,12
ENSG00000171345,0.9789459,1.3925738,12
ENSG00000106688,2.602936,1.807738,12
ENSG00000285822,0.6267767,0.7269064,12
ENSG00000129657_2,2.447461,2.1918924,12
ENSG00000087095_1,0.51661557,1.7272158,12
ENSG00000204001,0.5582651,0.5093504,12
ENSG00000108387_4,0.19936854,0.0,12
ENSG00000167543_1,1.6899807,1.5777675,12
ENSG00000264672,0.1962989,0.0,12
ENSG00000120071_1,0.64398664,0.0,12
ENSG00000198242_1,2.6451514,2.2466216,12
ENSG00000167081,2.1584837,2.7201014,12
ENSG00000275532,1.426575,1.0824622,12
ENSG00000188581,0.41587245,1.913888,12
ENSG00000265222,2.7109065,1.192297,12
ENSG00000141232_1,1.5777125,1.3198345,12
ENSG00000108813_2,1.1414506,1.5489051,12
ENSG00000181031,0.17189255,0.0,12
ENSG00000172889_2,1.8059208,1.608205,12
ENSG00000238804,0.18252108,0.0,12
ENSG00000119408_1,2.6097116,2.1607056,12
ENSG00000125485,2.314794,1.9818412,12
ENSG00000107104,1.8233846,0.0,12
ENSG00000165118,1.0128015,2.5760279,12
ENSG00000277887,2.6088767,1.551633,12
ENSG00000160408_1,1.7334763,2.1166973,12
ENSG00000076351_1,0.7866133,0.0,12
ENSG00000137078,1.3593825,2.6068542,12
ENSG00000168517_1,2.679445,1.214579,12
ENSG00000148187,2.580348,0.0,12
ENSG00000168610_2,0.26762745,0.9200189,12
ENSG00000131748,2.5204017,2.7312543,12
ENSG00000165233,2.117746,1.9223621,12
ENSG00000167107,1.6903208,0.0,12
ENSG00000108556_1,0.6215938,0.0,12
ENSG00000106780,1.9870393,1.8112733,12
ENSG00000108946_2,2.0721147,1.2479683,12
ENSG00000187688,2.3133857,2.7478707,12
ENSG00000137075_1,2.3624568,1.8980228,12
ENSG00000204278,0.77039486,0.0,12
ENSG00000108244,0.24072212,0.0,12
ENSG00000181856,0.8344448,1.0218506,12
ENSG00000236924,1.7819542,2.082875,12
ENSG00000126337,0.22501612,0.82245576,12
ENSG00000011260,2.7004855,2.9473112,12
ENSG00000184640_7,1.7001565,2.8363006,12
ENSG00000185722,0.2367529,0.0,12
ENSG00000141127_1,2.3401415,3.0769062,12
ENSG00000219200_1,1.7121127,2.379378,12
ENSG00000179477,0.8623125,1.140841,12
ENSG00000056586,2.7156627,1.946177,12
ENSG00000167280,2.1989803,2.3004541,12
ENSG00000188523,1.0277741,1.3246117,12
ENSG00000148297,2.4676006,2.295844,12
ENSG00000131477_1,1.529414,1.38616,12
ENSG00000259120,0.781125,1.6203183,12
ENSG00000184650,0.23898822,0.0,12
ENSG00000159111,1.944056,2.7895067,12
ENSG00000183010,1.2205667,1.648116,12
ENSG00000125484,2.4349363,1.9483005,12
ENSG00000185920_1,0.78606766,0.83715266,12
ENSG00000286194,0.8844537,1.2056509,12
ENSG00000275832_2,1.4615734,1.5537132,12
ENSG00000182446_2,2.0416265,2.7927678,12
ENSG00000276070_1,0.7283268,3.4797409,12
ENSG00000127191_1,2.756338,2.209826,12
ENSG00000228639,0.26909664,0.6728549,12
ENSG00000197969,2.3035057,2.8180676,12
ENSG00000125457_1,2.5512702,2.3532043,12
ENSG00000121067,2.2519214,2.7660134,12
ENSG00000198920,0.18658903,0.0,12
ENSG00000267104,0.24854583,0.0,12
ENSG00000275832,1.2872846,1.3589622,12
ENSG00000136828_1,1.459852,0.9545898,12
ENSG00000264808,2.332184,1.8548523,12
ENSG00000108786,0.5464921,0.6215398,12
ENSG00000126581,2.248376,2.9092286,12
ENSG00000274180,1.7099857,1.7752463,12
ENSG00000278259_1,2.6476688,2.533308,12
ENSG00000167182,3.0676796,2.57193,12
ENSG00000174238,2.3548121,2.7132754,12
ENSG00000068079,1.6844715,2.5488536,12
ENSG00000141255_1,0.25539014,0.97317404,12
ENSG00000186868,1.464009,1.5066403,12
ENSG00000229109,0.24350005,0.0,12
ENSG00000076351,1.6260662,2.0730288,12
ENSG00000171931,0.15921691,0.0,12
ENSG00000275410,1.1652237,2.8511972,12
ENSG00000159842_3,1.9077139,1.7589421,12
ENSG00000087111_1,0.27389842,0.0,12
ENSG00000170310,1.1381953,2.4583492,12
ENSG00000108852_1,0.65941983,0.940073,12
ENSG00000035862,0.23905042,0.76522136,12
ENSG00000225190_1,2.4481838,2.3250208,12
ENSG00000260328,0.27407292,0.0,12
ENSG00000214978,0.4773788,1.1197177,12
ENSG00000198336_1,0.40432137,0.93180865,12
ENSG00000136783,2.1438816,2.4492161,12
ENSG00000265096,0.40275633,1.0136545,12
ENSG00000067596,2.2503538,2.7070606,12
ENSG00000108523,2.925845,2.7997746,12
ENSG00000136897,2.1926641,2.9164777,12
ENSG00000095397,1.3352729,2.5493257,12
ENSG00000230074,1.2567769,0.0,12
ENSG00000108590,1.7672861,0.0,12
ENSG00000198336,0.28794885,0.0,12
ENSG00000141027_1,2.6513743,2.8503633,12
ENSG00000108839,1.1688784,1.5954411,12
ENSG00000121104_1,2.7700002,1.3843248,12
ENSG00000204414,0.3012726,0.6005264,12
ENSG00000122733_1,1.6504381,0.0,12
ENSG00000185332,0.40712616,0.60405314,12
ENSG00000136942,2.6953375,4.3490114,12
ENSG00000127081,1.9983017,2.1754682,12
ENSG00000184709,1.0263441,1.969318,12
ENSG00000173077,0.14342627,0.0,12
ENSG00000176386,2.3614304,2.6898034,12
ENSG00000281769,0.64150023,1.0631682,12
ENSG00000120158_1,0.19101602,0.0,12
ENSG00000108958,0.23544326,2.2719135,12
ENSG00000197768,0.6383614,0.89164895,12
ENSG00000126883,2.4504967,2.7426183,12
ENSG00000005100,2.1185343,2.6180596,12
ENSG00000108788,2.3084822,2.720151,12
ENSG00000231991,0.20308405,1.6033208,12
ENSG00000136929_1,0.15151444,0.0,12
ENSG00000174327,2.3872726,1.9678942,12
ENSG00000125398,1.3325422,3.0768516,12
ENSG00000156017_1,2.4500802,2.622587,12
ENSG00000136866,0.7748416,0.0,12
ENSG00000129646,0.75282526,1.1895183,12
ENSG00000146872,0.8921287,0.0,12
ENSG00000242616,1.8168519,2.4625223,12
ENSG00000141030,2.2214057,2.8813555,12
ENSG00000005381_2,0.25327593,0.0,12
ENSG00000132386,0.50686395,0.86332285,12
ENSG00000141580,2.3226607,2.7797003,12
ENSG00000165724,2.1962771,2.46933,12
ENSG00000177369,0.30430457,0.0,12
ENSG00000122756,1.3701761,0.0,12
ENSG00000136859,0.935995,1.0644093,12
ENSG00000108298,2.8142545,3.7774696,12
ENSG00000157637_1,2.4759748,2.3144908,12
ENSG00000120159_1,2.558496,2.7533991,12
ENSG00000126351,1.5554742,0.0,12
ENSG00000131475,1.5338035,2.8762681,12
ENSG00000197724,1.9923403,2.0533473,12
ENSG00000179314_1,1.7236512,1.5411922,12
ENSG00000099219,2.2910366,2.4215546,12
ENSG00000141349_1,2.2764947,2.3374333,12
ENSG00000204669,0.12812993,0.0,12
ENSG00000233901,1.0502205,0.940068,12
ENSG00000122696_1,2.1930993,2.613588,12
ENSG00000262879,1.3092794,2.1275,12
ENSG00000154240_1,1.2802958,0.9761665,12
ENSG00000165272_1,1.4768019,2.044128,12
ENSG00000147905_1,0.3497892,0.0,12
ENSG00000136819,2.5808904,2.994296,12
ENSG00000160447,1.5843436,1.276117,12
ENSG00000132141,2.44903,1.5993229,12
ENSG00000167113,2.4227376,2.77432,12
ENSG00000196363,1.6677566,1.6551385,12
ENSG00000090054,2.2215834,2.79719,12
ENSG00000199313,0.357113,4.6832614,12
ENSG00000063015_1,1.3388265,1.670895,12
ENSG00000127084,0.8123822,0.0,12
ENSG00000233101_1,0.7684083,1.0122465,12
ENSG00000167549,1.4390548,1.3993795,12
ENSG00000174231,1.9561255,3.1257088,12
ENSG00000029725,2.4046652,3.0451117,12
ENSG00000122140,1.812257,3.3163815,12
ENSG00000175662,2.0367484,2.0171752,12
ENSG00000141068_1,0.51775503,0.0,12
ENSG00000183077,1.7803375,0.0,12
ENSG00000108960,2.5581946,1.7401977,12
ENSG00000154240,0.103489615,0.0,12
ENSG00000092931_1,2.3275845,1.0204856,12
ENSG00000170049,0.99762374,1.2358061,12
ENSG00000108854,2.0502608,1.8793367,12
ENSG00000127804,2.2384794,2.6935334,12
ENSG00000137133,2.7781,2.3493009,12
ENSG00000141524,1.9675767,2.5391364,12
ENSG00000167118,2.20662,3.0180385,12
ENSG00000278311,2.3418486,2.66272,12
ENSG00000072210,2.287774,2.324262,12
ENSG00000108604,2.4002962,0.0,12
ENSG00000159842_4,0.76826745,1.121888,12
ENSG00000173068_1,0.13770798,2.3179588,12
ENSG00000290366,1.2791406,1.3226534,12
ENSG00000107331,0.850346,0.0,12
ENSG00000186860,0.4928736,1.6397852,12
ENSG00000170315,2.7757428,3.5568607,12
ENSG00000141551_1,0.6426729,1.1325158,12
ENSG00000204054_2,0.6186283,0.0,12
ENSG00000235601,1.2711177,1.0272273,12
ENSG00000073861,1.6983116,2.55398,12
ENSG00000278910_1,0.15818116,0.6414741,12
ENSG00000040531,2.34882,1.9400232,12
ENSG00000263412,2.8047607,1.6751364,12
ENSG00000131473,2.3722303,2.4808488,12
ENSG00000070214,2.1833103,2.546571,12
ENSG00000204277,0.4832607,0.0,12
ENSG00000080298,0.18848687,0.0,12
ENSG00000180616,1.4525168,2.309945,12
ENSG00000266967,2.117988,2.710417,12
ENSG00000165119_1,2.7280533,3.8426342,12
ENSG00000198467_3,1.3749411,1.8736984,12
ENSG00000040531_1,1.9940574,1.666939,12
ENSG00000148204_1,0.25945988,0.0,12
ENSG00000082641_3,1.2365454,0.0,12
ENSG00000141279_1,2.2621672,3.0063806,12
ENSG00000148143_1,0.2775876,0.0,12
ENSG00000186350_1,0.82928526,1.373721,12
ENSG00000141756_1,0.61803,1.0205022,12
ENSG00000293440,2.4011552,1.6493835,12
ENSG00000094796,0.4075438,0.8898617,12
ENSG00000172159_1,1.12288,1.2013316,12
ENSG00000176927_1,0.16658738,0.0,12
ENSG00000188895_2,0.1988109,0.0,12
ENSG00000108924,1.1236153,1.258302,12
ENSG00000275066,2.3903713,2.55734,12
ENSG00000011295,2.5523667,2.3867486,12
ENSG00000138835_5,1.0455258,0.0,12
ENSG00000212899,0.22339499,0.4479019,12
ENSG00000108669_1,1.2752911,0.0,12
ENSG00000181090_2,0.9889372,1.0204649,12
ENSG00000107105,0.15537664,0.0,12
ENSG00000188878,1.4626172,1.6281201,12
ENSG00000119408,2.5684512,3.0709202,12
ENSG00000108518,2.4235773,4.5606213,12
ENSG00000170412,0.8729798,0.0,12
ENSG00000261879,2.3466651,0.0,12
ENSG00000175866_4,0.48864633,0.0,12
ENSG00000131480,0.31818017,0.0,12
ENSG00000233175,1.1720827,1.5968609,12
ENSG00000107077,3.149374,2.3949068,12
ENSG00000167858,0.43817726,0.0,12
ENSG00000167874,0.6735704,0.0,12
ENSG00000141542,1.2888905,1.5021539,12
ENSG00000225194_1,0.70076615,0.9368303,12
ENSG00000006740_1,0.17137611,0.0,12
ENSG00000175866_1,0.58070385,0.6349204,12
ENSG00000133030,2.3118517,2.6897082,12
ENSG00000132522,2.4505494,1.4284588,12
ENSG00000136840,2.3950775,2.4012265,12
ENSG00000122735,0.93818873,0.41629094,12
ENSG00000178445,0.1753436,0.0,12
ENSG00000260019,0.121893786,0.0,12
ENSG00000148335_1,2.11926,2.5637076,12
ENSG00000175711,2.1259084,2.049501,12
ENSG00000130558,1.1598344,1.4572762,12
ENSG00000176155,1.9624813,2.0055108,12
ENSG00000091542_1,2.612452,2.9143696,12
ENSG00000178852_1,2.5689309,0.0,12
ENSG00000121104,2.0194075,2.1040874,12
ENSG00000106829_2,2.2357478,1.6308447,12
ENSG00000277399,0.44009972,0.9865926,12
ENSG00000290810,0.20482469,0.0,12
ENSG00000120210,0.4197874,0.0,12
ENSG00000175164,1.1800741,1.0365092,12
ENSG00000108666,2.0012934,1.3749169,12
ENSG00000175866_5,0.6253588,1.5140561,12
ENSG00000290770,2.4479039,2.2631838,12
ENSG00000221880,0.5739227,1.3663483,12
ENSG00000154262_2,0.14195085,0.76523626,12
ENSG00000108578,1.9939632,2.7637208,12
ENSG00000122694,1.5189817,1.6206981,12
ENSG00000214553,0.48821652,0.9200189,12
ENSG00000172057_1,2.12437,2.79199,12
ENSG00000177728_1,0.40604886,0.91828257,12
ENSG00000235106,1.8863152,1.9846263,12
ENSG00000119414,2.5075185,2.9107604,12
ENSG00000278540,2.3129036,2.5910947,12
ENSG00000213977,1.9063625,1.8622924,12
ENSG00000148411,2.0623348,2.2878308,12
ENSG00000160602_1,2.8447194,1.6690657,12
ENSG00000168591,2.4589674,2.1112626,12
ENSG00000265313,0.1844064,0.0,12
ENSG00000108515,0.8021122,1.064443,12
ENSG00000173714,0.6719938,1.7574719,12
ENSG00000234494,2.2006657,0.0,12
ENSG00000135002_1,2.2251055,2.5098515,12
ENSG00000129255,2.6870885,2.777869,12
ENSG00000136848_1,1.2090776,1.3646166,12
ENSG00000153944_3,0.20865938,0.0,12
ENSG00000167525_3,1.1532733,1.4921875,12
ENSG00000160360,1.401172,1.2197417,12
ENSG00000267221,1.4104767,0.0,12
ENSG00000119421,1.7287796,2.7845516,12
ENSG00000131738,0.3511289,0.0,12
ENSG00000164972,0.47968465,0.0,12
ENSG00000236088,1.9991934,2.328614,12
ENSG00000108878,0.3907358,0.949829,12
ENSG00000185863,0.4816085,0.0,12
ENSG00000159217,1.0494968,2.5938475,12
ENSG00000228072,0.5558291,0.0,12
ENSG00000159640_1,1.2467573,0.9880236,12
ENSG00000166260,2.360468,2.6881127,12
ENSG00000183978,1.2584307,2.409216,12
ENSG00000070159,1.439808,1.409595,12
ENSG00000119487_2,2.4468122,3.258321,12
ENSG00000072818,1.9137623,1.9006511,12
ENSG00000062716,2.6758993,2.6695297,12
ENSG00000108312,2.1095784,2.3009648,12
ENSG00000287355,0.17147318,0.0,12
ENSG00000199744,0.5117429,1.400469,12
ENSG00000266934,0.2714985,0.7159616,12
ENSG00000126353,2.0129583,3.955719,12
ENSG00000161381_2,0.6189991,1.4921316,12
ENSG00000167693,1.5720289,1.9962927,12
ENSG00000007237_4,0.98117167,0.0,12
ENSG00000106692,2.1124902,2.140027,12
ENSG00000109101,0.52859354,1.4617326,12
ENSG00000181222_2,0.29546428,1.321184,12
ENSG00000109065,2.250511,2.1205804,12
ENSG00000072849_1,2.6392968,2.3985302,12
ENSG00000283538,0.107758306,0.0,12
ENSG00000186765,0.9755073,1.2232103,12
ENSG00000161921,0.781054,0.8093711,12
ENSG00000127774,2.147775,2.800454,12
ENSG00000196156,0.7904394,1.6093168,12
ENSG00000141040,1.5589451,1.7443165,12
ENSG00000178502,2.1905692,2.450189,12
ENSG00000182271,0.20827597,0.0,12
ENSG00000184451_1,1.5972929,1.2924776,12
ENSG00000080608,2.3905313,0.0,12
ENSG00000121073_2,0.40570462,0.74261516,12
ENSG00000225376,0.16454676,0.0,12
ENSG00000286322,0.39269328,0.0,12
ENSG00000106952,0.46972662,1.0544522,12
ENSG00000181523_1,0.89803475,1.206691,12
ENSG00000131747,1.9176874,3.4290218,12
ENSG00000171843,0.16658348,0.0,12
ENSG00000167193,2.6477497,2.324994,12
ENSG00000119522,1.890647,2.5440457,12
ENSG00000285947,0.96790534,0.0,12
ENSG00000133026,0.96530825,1.5643346,12
ENSG00000197063,0.7797474,1.1764357,12
ENSG00000107371,2.384176,2.8232589,12
ENSG00000265359,0.104639344,0.0,12
ENSG00000293325,0.5366369,0.0,12
ENSG00000233198,0.66137,0.7843391,12
ENSG00000186393,0.12295037,0.0,12
ENSG00000182575,1.6473353,1.4557886,12
ENSG00000181045_1,1.8988705,1.3212463,12
ENSG00000065320,1.6915535,1.9931275,12
ENSG00000273611_1,0.25705677,0.72414476,12
ENSG00000106852_2,1.0335071,1.7073061,12
ENSG00000141499,2.0844538,0.0,12
ENSG00000164970,1.5101008,2.0175843,12
ENSG00000086061,2.623173,3.4714062,12
ENSG00000121068,1.1497705,1.3713449,12
ENSG00000156052,1.5426997,2.2364113,12
ENSG00000173801,0.8558022,1.0443437,12
ENSG00000108344,2.7799118,3.150695,12
ENSG00000175155,1.7667302,1.596124,12
ENSG00000148229,2.7109108,2.765072,12
ENSG00000108602_1,0.28868282,0.0,12
ENSG00000157654_2,0.59949404,1.008089,12
ENSG00000164978,2.5948234,2.4358094,12
ENSG00000119139_1,1.3367069,1.8447318,12
ENSG00000125458,2.4189868,2.2862632,12
ENSG00000231902,0.09217905,0.0,12
ENSG00000148057,2.3205738,1.8064513,12
ENSG00000165695,1.3922207,1.4671936,12
ENSG00000095319,2.4178588,2.6160731,12
ENSG00000198909,2.3774416,2.2661612,12
ENSG00000172421,0.16931054,0.0,12
ENSG00000129221,0.3740306,0.0,12
ENSG00000196422,1.6704214,2.0049658,12
ENSG00000290928,2.6518118,2.5203342,12
ENSG00000040633_1,1.8051126,2.010003,12
ENSG00000121053,0.44187826,0.83301955,12
ENSG00000167130,2.227183,2.424947,12
ENSG00000107099_2,1.4125005,0.0,12
ENSG00000121057_2,0.3735178,1.4627588,12
ENSG00000141219,2.3232796,1.9779521,12
ENSG00000231806_1,0.780296,0.0,12
ENSG00000091592,1.8182905,2.5706213,12
ENSG00000276023,2.007768,2.3113873,12
ENSG00000121073,2.7591956,2.6025872,12
ENSG00000169727_1,2.0384052,2.806119,12
ENSG00000215548,1.363666,2.0409186,12
ENSG00000130958,1.1549507,1.4518555,12
ENSG00000131899,1.8176727,1.6853117,12
ENSG00000131748_1,0.58536404,1.1031535,12
ENSG00000165124,0.8339962,1.3476032,12
ENSG00000188229,2.5685244,3.896513,12
ENSG00000188986,2.2800345,2.31982,12
ENSG00000214401,2.8223596,1.5592362,12
ENSG00000158079,0.30773008,1.2282643,12
ENSG00000161929,2.813009,3.4002461,12
ENSG00000109099_3,0.20818219,0.0,12
ENSG00000167716,2.9546568,1.3954138,12
ENSG00000187595_1,0.52804613,1.0894706,12
ENSG00000230303,0.14944568,0.0,12
ENSG00000276070,0.70505357,3.518481,12
ENSG00000141579,0.4369215,0.0,12
ENSG00000155827,2.1716025,2.1318336,12
ENSG00000108622,0.2836043,0.0,12
ENSG00000260785,0.11323983,0.0,12
ENSG00000171396,0.78786856,1.4964037,12
ENSG00000286799,1.6518726,1.0094678,12
ENSG00000141519,0.8420368,1.0024685,12
ENSG00000224848,0.72705775,0.97766465,12
ENSG00000179761,0.48155826,0.0,12
ENSG00000146872_1,2.0813797,2.4437792,12
ENSG00000275152,0.30590305,1.1619546,12
ENSG00000148331,2.1616914,1.9700538,12
ENSG00000129197,2.4786444,2.814161,12
ENSG00000178031,0.16249785,0.0,12
ENSG00000148180,0.7489395,0.0,12
ENSG00000185813_1,1.7017677,2.3111453,12
ENSG00000108424_1,2.4394014,1.6739328,12
ENSG00000125447,2.8630965,2.4275186,12
ENSG00000161714,1.7864344,1.6767211,12
ENSG00000277258_2,1.2913646,2.2544997,12
ENSG00000187531,1.8645234,2.2742386,12
ENSG00000136943,1.0425224,0.0,12
ENSG00000213373,0.1826421,0.0,12
ENSG00000267080,2.4606774,2.2369905,12
ENSG00000187922_1,0.6159875,1.6065286,12
ENSG00000120160,0.08781055,0.0,12
ENSG00000074660,1.3020468,0.0,12
ENSG00000107104_1,1.6231694,1.5472577,12
ENSG00000006042,1.5166488,1.3976793,12
ENSG00000262223,0.383761,0.88242775,12
ENSG00000224383,1.142436,0.0,12
ENSG00000129226_1,0.5913259,0.0,12
ENSG00000185359_1,0.68972135,0.99530166,12
ENSG00000169733,1.3926634,1.0404046,12
ENSG00000161533,2.705925,2.2752514,12
ENSG00000120159,2.6262991,1.9218425,12
ENSG00000108651,1.891078,2.9790587,12
ENSG00000108798,2.5235536,3.2763515,12
ENSG00000129204,0.9025313,1.3924859,12
ENSG00000197063_1,2.155635,2.2031744,12
ENSG00000095370_2,0.25973114,0.0,12
ENSG00000258890,2.7245996,2.2584002,12
ENSG00000196739_1,0.27226305,0.93843466,12
ENSG00000136895_3,0.21706536,0.0,12
ENSG00000108799,1.3774484,2.2253609,12
ENSG00000175826,2.5721414,2.9577558,12
ENSG00000167720,2.5373201,1.9990044,12
ENSG00000030304_1,0.16978356,0.0,12
ENSG00000198887,2.4299767,2.5934865,12
ENSG00000196597,1.6636875,2.1051252,12
ENSG00000225626,0.41490176,0.0,12
ENSG00000181610,2.3285873,0.0,12
ENSG00000267206,0.37093475,0.0,12
ENSG00000165115,1.9449418,1.6946052,12
ENSG00000091592_1,0.4155281,1.2331738,12
ENSG00000165119_2,2.791303,3.7054935,12
ENSG00000293440_1,0.28217393,0.0,12
ENSG00000126561,2.3721642,2.5214167,12
ENSG00000232104,2.9421716,2.0902581,12
ENSG00000288989,1.8636948,1.5423896,12
ENSG00000131771_1,0.51497513,0.0,12
ENSG00000131746,0.24818528,0.0,12
ENSG00000108602,0.52224976,1.0680745,12
ENSG00000148153,2.1232624,2.5018013,12
ENSG00000087152,2.2847097,2.2913244,12
ENSG00000119397,2.591684,2.771509,12
ENSG00000010438,0.89454377,0.8413282,12
ENSG00000141736_1,0.97580105,1.0378247,12
ENSG00000266446,1.9559104,1.2356547,12
ENSG00000170315_1,2.3213212,1.0918076,12
ENSG00000263400,1.0323157,1.3080946,12
ENSG00000147862,0.13513851,0.0,12
ENSG00000141574,0.9802335,0.85946256,12
ENSG00000137038,1.7967784,3.0236886,12
ENSG00000135052,1.7401686,1.519316,12
ENSG00000274808,0.29832503,0.0,12
ENSG00000175832,1.5514318,2.254403,12
ENSG00000011028,1.2444522,1.326008,12
ENSG00000083290,1.6057212,1.592532,12
ENSG00000108479,1.334447,2.166513,12
ENSG00000181409,0.5142379,0.92849827,12
ENSG00000108509,1.0380588,0.0,12
ENSG00000178445_2,2.2726812,2.8856106,12
ENSG00000072134,1.6394565,0.0,12
ENSG00000164975,2.3940666,2.7778544,12
ENSG00000107186_1,0.08820843,0.0,12
ENSG00000108312_2,1.421896,2.2508223,12
ENSG00000172171,1.9038891,0.0,12
ENSG00000240871,0.71519953,1.4177871,12
ENSG00000130713,2.0451891,0.0,12
ENSG00000262768,0.6194283,0.0,12
ENSG00000235296,0.73285687,0.9216865,12
ENSG00000015532,2.2545125,2.3160124,12
ENSG00000254876,0.9215245,2.1206496,12
ENSG00000215237,0.75120336,1.8925309,12
ENSG00000136950,2.571564,1.7365558,12
ENSG00000181323,0.38920885,0.8245814,12
ENSG00000128422_1,0.8458587,0.50046974,12
ENSG00000120093,0.21522579,0.0,12
ENSG00000278259_2,2.6918705,2.1373858,12
ENSG00000148337_1,2.0733473,2.9088066,12
ENSG00000130635,1.4203575,1.4842429,12
ENSG00000196859,0.08546307,0.0,12
ENSG00000197079,0.2743714,1.1904438,12
ENSG00000130560_1,2.0136724,2.462299,12
ENSG00000106992,0.30928668,0.0,12
ENSG00000171962,0.81439024,0.0,12
ENSG00000048828,2.4674573,3.1984124,12
ENSG00000165185,2.3185363,2.2198882,12
ENSG00000226364,0.09994086,0.0,12
ENSG00000138835_1,0.36228448,0.0,12
ENSG00000267432_1,0.22458851,0.0,12
ENSG00000141295,0.40853786,0.0,12
ENSG00000108684,1.1235943,1.533734,12
ENSG00000171346_1,0.25784168,0.0,12
ENSG00000287193,2.2818205,0.0,12
ENSG00000141200,0.1410465,0.8224296,12
ENSG00000141552_1,2.2541177,0.0,12
ENSG00000167861,1.2291819,0.0,12
ENSG00000148341,2.1761518,2.122029,12
ENSG00000172301_1,1.520189,2.4838724,12
ENSG00000122133,0.28428072,0.0,12
ENSG00000188612_1,2.7203984,3.8358445,12
ENSG00000135002,1.8775584,0.0,12
ENSG00000167711,0.4086949,0.0,12
ENSG00000187239,2.5608485,3.3720832,12
ENSG00000092929_1,1.890955,2.1463482,12
ENSG00000198740,2.4081411,2.2113342,12
ENSG00000262061,0.4976247,0.90784115,12
ENSG00000108654_3,2.73016,4.1733613,12
ENSG00000275832_1,1.4029715,0.0,12
ENSG00000167117,0.30826864,0.8824107,12
ENSG00000141294,1.7222867,1.4353027,12
ENSG00000235530,2.5599854,1.913708,12
ENSG00000236320,0.15562034,0.0,12
ENSG00000179409_1,1.444616,1.3351569,12
ENSG00000287782,0.24354273,0.0,12
ENSG00000226604,0.0858283,0.6040964,12
ENSG00000075461,1.6467472,1.6849889,12
ENSG00000141480,2.4372485,2.9453657,12
ENSG00000108641_1,2.3896127,1.6788096,12
ENSG00000184434,0.14762196,0.0,12
ENSG00000141551_2,2.4892604,2.481417,12
ENSG00000131669,2.1369326,2.4390056,12
ENSG00000164985,0.2141172,2.148618,12
ENSG00000167447,1.637001,2.2938905,12
ENSG00000108823_1,0.4730137,0.0,12
ENSG00000078687,2.1850934,2.4048166,12
ENSG00000126561_1,0.337361,1.0443045,12
ENSG00000160325,2.015049,1.5596553,12
ENSG00000167363,1.3023559,1.8431082,12
ENSG00000108592_1,2.5971553,3.2553039,12
ENSG00000180340,1.8002882,1.7856857,12
ENSG00000108469,0.80009377,0.0,12
ENSG00000148019,2.179772,2.6381598,12
ENSG00000186594,2.745559,1.3627651,12
ENSG00000007171,0.17087394,0.0,12
ENSG00000126653,2.035722,2.8373737,12
ENSG00000230601,0.39682087,0.0,12
ENSG00000234494_1,2.029208,1.7965466,12
ENSG00000277631,0.7193489,0.0,12
ENSG00000108468_1,2.4908948,3.1489203,12
ENSG00000171953,2.3213797,2.3771367,12
ENSG00000154975_1,0.36398715,1.0729296,12
ENSG00000165271,1.5222764,2.6241646,12
ENSG00000007168_2,1.8809865,1.7937834,12
ENSG00000188352_1,0.26791447,0.0,12
ENSG00000070601_1,0.28270942,0.0,12
ENSG00000189152,1.5664508,2.2715628,12
ENSG00000108848,2.6023786,3.343046,12
ENSG00000213246_1,0.9932218,1.2306533,12
ENSG00000173065,2.009249,1.4709556,12
ENSG00000179314,0.602627,0.0,12
ENSG00000122756_1,0.9768601,1.1867304,12
ENSG00000108591,2.1273205,2.3101685,12
ENSG00000007216,0.3298627,0.0,12
ENSG00000137074_1,2.6032958,0.0,12
ENSG00000108262,2.175783,2.4404383,12
ENSG00000126883_2,0.18450806,0.84534615,12
ENSG00000172889,0.5307099,0.0,12
ENSG00000185624_1,2.6687243,3.390384,12
ENSG00000182446,0.94409543,0.0,12
ENSG00000137094,2.378746,1.7417581,12
ENSG00000205899,1.1468505,1.633842,12
ENSG00000095303_2,0.44821376,0.0,12
ENSG00000239704,0.13541192,0.0,12
ENSG00000233516,0.14123681,0.0,12
ENSG00000129255_1,2.782235,2.7443557,12
ENSG00000291110_1,0.20553815,0.0,12
ENSG00000237626,0.14359623,0.0,12
ENSG00000172159,0.16078505,0.0,12
ENSG00000070731_1,1.4321449,1.3988597,12
ENSG00000157654_1,2.216898,2.9745715,12
ENSG00000198722,1.3019049,1.4011074,12
ENSG00000108523_2,1.5511799,1.1949304,12
ENSG00000222760,0.2319198,0.0,12
ENSG00000291084,0.40463364,1.8396038,12
ENSG00000106823,0.12175178,0.0,12
ENSG00000267206_1,0.29387787,0.0,12
ENSG00000187186,0.7941823,0.0,12
ENSG00000277084,0.31272534,0.0,12
ENSG00000228714,0.118711494,0.0,12
ENSG00000137098,2.3967717,2.784015,12
ENSG00000225361,0.7016184,1.4477315,12
ENSG00000279668,0.13274702,0.0,12
ENSG00000154265,2.4308956,2.0313318,12
ENSG00000107130,1.7415214,1.6966097,12
ENSG00000198467_1,0.56754136,0.0,12
ENSG00000108821_1,0.30822617,0.6697296,12
ENSG00000200997,0.68785626,0.0,12
ENSG00000275465,0.1433934,0.0,12
ENSG00000007168_1,2.4090621,2.2050283,12
ENSG00000169925_1,2.2921174,2.344058,12
ENSG00000265206,3.139758,3.694204,12
ENSG00000290657,0.621429,0.0,12
ENSG00000141376,2.1322603,0.0,12
ENSG00000185681,1.2192383,0.0,12
ENSG00000187791,0.20218575,0.4958772,12
ENSG00000189159_1,2.4749591,3.5974538,12
ENSG00000136848,0.34564334,0.0,12
ENSG00000228317,1.9797571,2.286115,12
ENSG00000004139,1.6902009,0.0,12
ENSG00000119125,0.20797232,0.0,12
ENSG00000173838_1,1.1232004,1.2472365,12
ENSG00000148357,1.4319061,1.5796121,12
ENSG00000286685,1.0766189,0.0,12
ENSG00000128487_2,2.5133727,2.5577478,12
ENSG00000109113,1.2824924,1.1687626,12
ENSG00000227355,1.5972614,0.0,12
ENSG00000006047,1.4441522,1.2273982,12
ENSG00000156049,0.9061106,1.0177426,12
ENSG00000187624,2.3519287,1.2607152,12
ENSG00000279561,2.1660407,0.0,12
ENSG00000169689,2.0282638,2.5478964,12
ENSG00000108825_1,1.2571378,0.0,12
ENSG00000137055,2.5256145,2.6752439,12
ENSG00000137103,1.81014,2.2461538,12
ENSG00000167705,1.0297475,0.0,12
ENSG00000170777,0.23020184,0.0,12
ENSG00000108669,0.1938375,0.0,12
ENSG00000258315,2.9015756,3.2875016,12
ENSG00000184619,1.413994,1.0136545,12
ENSG00000141543,2.6698577,3.1959136,12
ENSG00000108379,0.82065815,1.1283023,12
ENSG00000136931,0.657054,1.220631,12
ENSG00000271086_1,2.5507386,1.7822576,12
ENSG00000083223,0.23587129,0.0,12
ENSG00000109062,2.2454035,2.5724418,12
ENSG00000161955_1,1.0683106,1.4662446,12
ENSG00000281491,1.9955909,0.9095988,12
ENSG00000153982_1,1.9292748,0.0,12
ENSG00000157657,1.7350799,1.1304302,12
ENSG00000168259,2.5684755,1.5509129,12
ENSG00000108846_1,0.46552908,0.0,12
ENSG00000184060_1,1.2812009,1.4210771,12
ENSG00000108349,2.748499,2.707681,12
ENSG00000230537,0.10759305,0.0,12
ENSG00000182327,0.6347097,1.173565,12
ENSG00000148154,2.575639,2.9908447,12
ENSG00000136936,2.4271543,2.5852656,12
ENSG00000175106,1.958499,1.758753,12
ENSG00000148156,0.5497375,0.0,12
ENSG00000188647,0.12888187,1.0929346,12
ENSG00000161526,2.130767,2.4977255,12
ENSG00000170160,0.9736144,0.9165434,12
ENSG00000121057_1,1.7098749,0.0,12
ENSG00000044574,2.8711576,3.7641866,12
ENSG00000187616,0.4154572,0.0,12
ENSG00000272636,1.5168074,1.4016246,12
ENSG00000108679,0.3964323,0.0,12
ENSG00000129219,1.7288164,1.8187536,12
ENSG00000159314,1.8619628,0.0,12
ENSG00000204278_1,1.1435705,1.5444897,12
ENSG00000106686_1,0.49388528,0.0,12
ENSG00000286718,2.491546,2.2676528,12
ENSG00000196388,1.992862,1.2835047,12
ENSG00000034152,2.3226519,2.8180609,12
ENSG00000108370,1.9815295,1.0177844,12
ENSG00000181374,0.110203914,0.0,12
ENSG00000293669,2.469424,2.530288,12
ENSG00000270806,0.19231409,0.0,12
ENSG00000160271_1,0.5471664,0.9576552,12
ENSG00000235361,2.0112283,0.9182925,12
ENSG00000107317,0.57458776,1.1905278,12
ENSG00000131471,0.2681536,0.0,12
ENSG00000204873,0.3852506,1.2924798,12
ENSG00000137070,1.1067089,1.2677816,12
ENSG00000068097,1.4275851,2.328946,12
ENSG00000108924_3,0.15396056,0.0,12
ENSG00000159921_1,0.19869548,0.647862,12
ENSG00000161544,1.5057296,2.041669,12
ENSG00000186919,0.8256709,1.223937,12
ENSG00000136449_1,1.7059461,0.0,12
ENSG00000160539,0.55092734,0.940068,12
ENSG00000179859,2.2264073,1.8327643,12
ENSG00000119383_3,1.8476957,1.6217059,12
ENSG00000171928,2.261277,2.2814243,12
ENSG00000264399,2.4521477,2.4744158,12
ENSG00000204148,0.11062109,0.0,12
ENSG00000278540_1,2.402163,1.2939368,12
ENSG00000119471,2.5203207,2.5193357,12
ENSG00000037042,1.4989396,1.6253844,12
ENSG00000261371_1,0.49059778,1.5328435,12
ENSG00000125409,0.60074705,0.0,12
ENSG00000164967,1.7285168,0.0,12
ENSG00000109099_2,0.17293179,0.0,12
ENSG00000170425,1.4620295,1.1153775,12
ENSG00000237159,0.24071515,0.0,12
ENSG00000107077_1,2.9192362,1.8992404,12
ENSG00000141456_1,2.4007137,2.6650863,12
ENSG00000173818_1,2.0291526,1.3136774,12
ENSG00000230601_1,0.3816909,0.0,12
ENSG00000121073_1,2.7921188,2.6069186,12
ENSG00000181284,1.7661291,1.9074436,12
ENSG00000185168,0.42626426,0.0,12
ENSG00000291185,0.7315008,0.0,12
ENSG00000256806,1.8236184,1.28201,12
ENSG00000177602,2.3893106,2.3434086,12
ENSG00000120071_3,2.7918162,2.3298452,12
ENSG00000169683,1.9411309,1.8362608,12
ENSG00000136824_1,2.2719052,2.349664,12
ENSG00000214087,2.2436774,2.0567791,12
ENSG00000148339,2.850495,2.1628928,12
ENSG00000275700,2.58579,2.4164908,12
ENSG00000119314,2.4063647,0.0,12
ENSG00000182156,0.34988052,0.0,12
ENSG00000155875,0.30087015,0.0,12
ENSG00000188612,2.6675751,1.7098972,12
ENSG00000185245,0.674962,1.0998291,12
ENSG00000125447_1,1.4607618,1.2776756,12
ENSG00000185298,2.715927,2.446441,12
ENSG00000182575_1,1.4838616,1.3024392,12
ENSG00000169738,0.55886596,0.8267225,12
ENSG00000064195,0.6625244,0.0,12
ENSG00000185829,2.0437074,2.2627926,12
ENSG00000169155,2.3947651,2.3546212,12
ENSG00000222293,0.26215658,0.0,12
ENSG00000132530_1,1.1736699,1.31575,12
ENSG00000246640,1.1312413,0.992421,12
ENSG00000007174_1,0.08586004,0.0,12
ENSG00000141052,0.8496455,0.0,12
ENSG00000133020,0.07122203,0.0,12
ENSG00000167525,1.4425758,0.0,12
ENSG00000136908,1.7578365,2.517407,12
ENSG00000181523,2.1711214,2.2638135,12
ENSG00000168646,1.5386634,1.5855509,12
ENSG00000005156,2.515845,2.608526,12
ENSG00000136449,1.6958925,0.0,12
ENSG00000005238_1,0.37050384,0.0,12
ENSG00000006282_1,0.50820714,0.0,12
ENSG00000080503_1,2.4982755,3.147005,12
ENSG00000108309,0.88375,0.936775,12
ENSG00000148334_1,1.9062178,1.9065721,12
ENSG00000178921,2.5672853,1.4805387,12
ENSG00000119514_1,0.18596569,0.0,12
ENSG00000126858,2.2905703,2.4216976,12
ENSG00000230647,0.19178322,0.0,12
ENSG00000136813_1,1.8015568,2.8847048,12
ENSG00000109066,2.3038096,2.3029258,12
ENSG00000270379,0.21032256,0.0,12
ENSG00000199426,0.16173467,0.8652462,12
ENSG00000263069,2.1265047,1.2567418,12
ENSG00000132478,3.178689,2.5619595,12
ENSG00000122136,0.41977298,0.0,12
ENSG00000186193,1.8743091,2.2810743,12
ENSG00000072310_1,1.9153353,2.761206,12
ENSG00000136877,2.548968,2.3154035,12
ENSG00000223551,0.32949778,4.694259,12
ENSG00000199483,0.18023622,1.2953845,12
ENSG00000167103_1,1.2879472,0.98213094,12
ENSG00000109099,0.88970333,0.78670883,12
ENSG00000225937,0.08100983,0.74772245,12
ENSG00000197566,1.4822308,1.7034031,12
ENSG00000207955,0.8814172,1.4889172,12
ENSG00000120156,0.15119499,1.2383171,12
ENSG00000169925,0.6294183,0.0,12
ENSG00000181634,0.29090828,0.0,12
ENSG00000204706,1.4501946,0.83925176,12
ENSG00000109113_1,1.0006771,1.4247347,12
ENSG00000131471_1,0.26030856,0.0,12
ENSG00000013306,2.520494,3.1522913,12
ENSG00000244045,2.3535635,0.0,12
ENSG00000259384,0.33214977,0.96241194,12
ENSG00000265055,1.4445007,0.84336984,12
ENSG00000132535_3,0.8899275,1.6068755,12
ENSG00000138835_2,0.28813446,0.0,12
ENSG00000122733,0.80875134,0.9130452,12
ENSG00000132382,2.2829134,2.9696274,12
ENSG00000214941,2.4466872,0.0,12
ENSG00000108588,2.5137036,0.0,12
ENSG00000279886,0.58755594,0.8115549,12
ENSG00000231256,0.1787512,0.0,12
ENSG00000005379,2.1662195,2.1854289,12
ENSG00000106992_1,0.86005765,0.0,12
ENSG00000179148,0.77951974,1.1262906,12
ENSG00000204001_1,0.72087616,0.8861409,12
ENSG00000168792,1.8153467,1.7830957,12
ENSG00000263293_1,2.1947768,0.0,12
ENSG00000236680,0.20598531,0.0,12
ENSG00000108395,2.731685,1.7752608,12
ENSG00000198467,0.39713484,1.0777311,12
ENSG00000141505,0.31933782,0.0,12
ENSG00000280177,0.6745729,1.0204856,12
ENSG00000161405_1,2.6198556,3.0980654,12
ENSG00000175931,2.2146244,2.2172759,12
ENSG00000170689,0.9692946,1.4226719,12
ENSG00000173812_1,1.3782254,1.3977836,12
ENSG00000277363_1,1.6857512,1.556833,12
ENSG00000159921,2.3711748,2.1456003,12
ENSG00000082641_1,2.4702992,2.6558037,12
ENSG00000188386,0.5467873,0.0,12
ENSG00000133195,1.5452676,2.175033,12
ENSG00000136451,2.2087846,2.767957,12
ENSG00000141526,0.606973,0.0,12
ENSG00000253506,0.3861622,3.64242,12
ENSG00000136827,1.9611304,2.6415484,12
ENSG00000185359,2.3327053,2.3557465,12
ENSG00000184060_2,0.28348932,0.0,12
ENSG00000005882,1.9410725,0.0,12
ENSG00000160539_1,0.7319835,1.0067227,12
ENSG00000136933,2.0371583,2.7481105,12
ENSG00000173786,2.3643694,2.1954458,12
ENSG00000204913,1.9377723,0.0,12
ENSG00000135047,1.2463593,1.2676879,12
ENSG00000277108,2.5272725,1.7544783,12
ENSG00000197694_1,1.2332692,0.5632437,12
ENSG00000108406,1.9429171,2.4547687,12
ENSG00000130653,0.8823668,0.0,12
ENSG00000258315_1,2.7407916,0.0,12
ENSG00000141522_1,2.4434903,3.3234892,12
ENSG00000107185,2.3343349,2.3662305,12
ENSG00000141524_1,1.9523067,2.048131,12
ENSG00000148339_1,0.51373357,1.1469958,12
ENSG00000184544,0.16931239,0.0,12
ENSG00000189051,0.28674582,1.1608286,12
ENSG00000131482,0.17524338,0.0,12
ENSG00000290585,0.38308936,0.0,12
ENSG00000182628,0.2674127,0.0,12
ENSG00000159640,1.6568847,1.6455795,12
ENSG00000006062,2.848661,2.5487688,12
ENSG00000141161,0.32534963,0.0,12
ENSG00000073584_1,1.0178252,1.8310695,12
ENSG00000204880,0.7531895,1.8750635,12
ENSG00000172123_1,1.1380903,1.5386817,12
ENSG00000185813,1.7574914,1.1356732,12
ENSG00000121058,1.666956,2.740098,12
ENSG00000136891,2.1760957,2.8245482,12
ENSG00000277370,1.4966352,1.3143308,12
ENSG00000188825_1,1.53066,1.18489,12
ENSG00000214860,0.40573823,0.0,12
ENSG00000137101_2,2.3952677,0.8224231,12
ENSG00000076382,2.1523077,2.8588643,12
ENSG00000167695,2.0529964,2.0190997,12
ENSG00000168256,2.0198834,2.3175724,12
ENSG00000291074_1,0.9587566,1.0191163,12
ENSG00000167850,0.30231094,1.0404441,12
ENSG00000180626,2.5151126,2.0982664,12
ENSG00000184640_8,1.4808718,2.192428,12
ENSG00000281649,2.7280307,2.843002,12
ENSG00000147854,2.5087621,2.651741,12
ENSG00000173908,0.12695837,0.0,12
ENSG00000181222_1,2.778966,2.0726616,12
ENSG00000120235,0.19388255,0.0,12
ENSG00000087095,2.5178545,2.0770879,12
ENSG00000169992_1,0.5094256,0.7374312,12
ENSG00000005961,0.36877665,0.75278574,12
ENSG00000106852_1,1.1116425,0.90254676,12
ENSG00000186566,2.5094702,2.3916302,12
ENSG00000188747,1.9512751,1.3807899,12
ENSG00000008294,0.2966412,1.4122252,12
ENSG00000153933,1.910372,2.142646,12
ENSG00000167851,2.0361266,2.8951461,12
ENSG00000108523_1,2.3866422,1.7803173,12
ENSG00000137154,2.537093,3.7964196,12
ENSG00000135049,2.3678477,2.488999,12
ENSG00000176170,0.27648196,0.80040085,12
ENSG00000156345_1,0.7747566,1.5210726,12
ENSG00000287737,2.156117,0.0,12
ENSG00000161920,2.2274983,2.4219575,12
ENSG00000108381,0.17679644,0.0,12
ENSG00000072778,1.9138069,2.718137,12
ENSG00000125434,2.2839987,1.9907782,12
ENSG00000277632,2.308376,3.968902,12
ENSG00000107018,0.54193807,1.1239692,12
ENSG00000175611,2.6930075,1.8357033,12
ENSG00000227517,0.09560529,0.0,12
ENSG00000141510,0.2443653,0.0,12
ENSG00000173991,0.5589315,1.0122887,12
ENSG00000136940,2.3936803,2.5032609,12
ENSG00000119335_1,2.1974547,1.8568255,12
ENSG00000108439_1,0.4995976,1.0883133,12
ENSG00000169696_2,0.60103136,0.0,12
ENSG00000256525,2.4162424,2.326301,12
ENSG00000270885,1.0577031,1.4227047,12
ENSG00000129194,0.4556797,0.8181599,12
ENSG00000131469,2.617863,3.6705632,12
ENSG00000165269,0.37198588,0.0,12
ENSG00000126883_3,0.16964242,0.0,12
ENSG00000213221,2.4199903,2.1366572,12
ENSG00000109047,0.53423494,0.0,12
ENSG00000184640_4,1.9710946,2.3201609,12
ENSG00000108932,1.9990506,1.3634051,12
ENSG00000108669_4,2.2497442,2.5861268,12
ENSG00000167842_1,2.7830575,2.2236516,12
ENSG00000213246,2.680868,2.966704,12
ENSG00000171401_1,0.17227924,0.0,12
ENSG00000155876,2.6259956,2.7201931,12
ENSG00000252542,0.4110549,0.0,12
ENSG00000259349,2.152044,0.0,12
ENSG00000178919,0.91942483,1.0245677,12
ENSG00000173805,1.2036347,1.1849184,12
ENSG00000183034,0.8957687,0.0,12
ENSG00000136868,2.390205,2.0304093,12
ENSG00000186130,2.30695,2.5201166,12
ENSG00000005381_1,0.2683988,0.784389,12
ENSG00000148337_2,0.9050602,1.0456046,12
ENSG00000109107,1.9999712,2.7651088,12
ENSG00000161958,0.8254886,2.1181457,12
ENSG00000186407,0.09742632,0.0,12
ENSG00000225663,2.1986902,2.4884365,12
ENSG00000272763,1.3600183,1.1207713,12
ENSG00000136811_1,2.206022,2.865383,12
ENSG00000120071,0.21720195,1.0741249,12
ENSG00000108342,0.65286297,1.4347924,12
ENSG00000173818,2.294574,1.6264635,12
ENSG00000119139,1.0924954,1.9279346,12
ENSG00000161653,1.1290325,1.7836034,12
ENSG00000161395,1.9829733,1.9785137,12
ENSG00000167863,2.4205499,3.3577235,12
ENSG00000108828,1.4751182,2.1997004,12
ENSG00000106991_1,0.9793653,1.5312105,12
ENSG00000188921,1.8439711,2.4388254,12
ENSG00000169583,0.7237783,1.0986714,12
ENSG00000129195,1.859592,1.9749389,12
ENSG00000175866,1.6050413,1.4395221,12
ENSG00000008294_1,2.6090436,2.8292072,12
ENSG00000181778,0.108748086,0.0,12
ENSG00000204193,0.1788969,0.0,12
ENSG00000147889,0.8736307,1.4088994,12
ENSG00000180447,1.2787843,1.5548767,12
ENSG00000278053,1.4086685,2.9384818,12
ENSG00000167889,1.6559603,1.7268087,12
ENSG00000183691,1.6880293,1.6182469,12
ENSG00000204347,0.38869753,0.0,12
ENSG00000185972,0.23745218,0.0,12
ENSG00000106829_4,0.21296784,0.0,12
ENSG00000265148,2.1197536,1.230883,12
ENSG00000173065_1,2.1910436,2.506092,12
ENSG00000125484_1,2.3666623,2.1764905,12
ENSG00000225551,0.120277904,0.0,12
ENSG00000154217,2.188856,2.8959692,12
ENSG00000293460,1.8733962,2.4703062,12
ENSG00000165802,1.8926806,2.4927282,12
ENSG00000167419_1,0.18636727,0.5933082,12
ENSG00000165092,0.11660578,0.0,12
ENSG00000166750,1.1271303,1.3658248,12
ENSG00000175906,1.1196867,0.0,12
ENSG00000182173,2.0550535,2.198855,12
ENSG00000182612,0.43048137,0.0,12
ENSG00000067191,0.31130916,0.9497802,12
ENSG00000106819,0.082437925,0.0,12
ENSG00000073670,1.655638,1.5784215,12
ENSG00000147905,2.7262447,2.7359827,12
ENSG00000141562,2.4172447,2.3283591,12
ENSG00000108405,0.9239113,0.9639577,12
ENSG00000119487_1,2.0692542,1.7877438,12
ENSG00000271503,1.2586492,3.6270523,12
ENSG00000227036_2,0.9801665,1.5750642,12
ENSG00000154803,2.2406232,2.107783,12
ENSG00000095303,0.4855749,1.2472857,12
ENSG00000131095_1,0.5977879,1.4384791,12
ENSG00000196092_1,1.1409049,2.2522023,12
ENSG00000120211,0.1719499,0.0,12
ENSG00000167703,2.3662217,1.9057118,12
ENSG00000108551,1.3791182,1.2462991,12
ENSG00000177469,0.9644616,1.5799893,12
ENSG00000126883_4,0.16677725,0.0,12
ENSG00000141552,2.4565861,2.927355,12
ENSG00000154945_1,2.214663,2.3552983,12
ENSG00000176170_2,1.0864428,1.188591,12
ENSG00000267002,2.6868534,1.3365117,12
ENSG00000203364,0.24560565,0.0,12
ENSG00000167524,0.3275283,0.0,12
ENSG00000189375,0.23591042,0.66981876,12
ENSG00000080503_3,0.1991781,0.0,12
ENSG00000171246,1.6947725,2.17745,12
ENSG00000186532,2.385444,0.0,12
