,Pred,actual,fold_idx
ENSG00000158488,0.16201547,0.0,1
ENSG00000215717,2.1859803,2.3821216,1
ENSG00000265972,1.8822,2.3401744,1
ENSG00000069248,2.2366984,2.683708,1
ENSG00000134697,2.1686594,2.9414582,1
ENSG00000116237,2.4715736,2.6061814,1
ENSG00000116954,2.3940077,2.2117424,1
ENSG00000058668,1.0295504,1.3675982,1
ENSG00000162374,0.12548669,0.0,1
ENSG00000172155,0.11536887,0.0,1
ENSG00000174514_1,0.2691167,0.0,1
ENSG00000118200,2.4454186,2.1607566,1
ENSG00000143303,2.6256578,2.690639,1
ENSG00000179163,2.2321603,1.9735574,1
ENSG00000180287_1,1.6802961,1.4981037,1
ENSG00000117016,1.1819746,0.0,1
ENSG00000162771,0.122198835,0.0,1
ENSG00000174151,2.1853302,1.8135009,1
ENSG00000049089_1,1.2200937,1.2020876,1
ENSG00000130775,2.0601742,2.765459,1
ENSG00000119280_1,0.40832448,0.81600255,1
ENSG00000184908,0.30200142,0.91826314,1
ENSG00000162670,0.22719091,0.0,1
ENSG00000274266,1.2498047,2.0818512,1
ENSG00000163218,0.18919206,0.6818741,1
ENSG00000185104,2.51596,2.5609105,1
ENSG00000206585,2.1028035,2.9060915,1
ENSG00000116703,0.13087198,0.0,1
ENSG00000182866,2.1204689,2.527894,1
ENSG00000162399,0.4331187,0.0,1
ENSG00000116668,2.0064056,1.4729465,1
ENSG00000126709,1.5702056,0.0,1
ENSG00000048707_2,0.0888187,0.0,1
ENSG00000143545,0.7499841,1.896708,1
ENSG00000287338,0.21517828,0.7320961,1
ENSG00000154358,0.52452666,0.70205986,1
ENSG00000135766,2.4403312,2.5720232,1
ENSG00000174827,0.16851869,0.5553726,1
ENSG00000215853,0.07629347,0.0,1
ENSG00000007968,2.304046,2.5830173,1
ENSG00000187634_1,0.59363055,0.0,1
ENSG00000158828,1.610687,1.7958522,1
ENSG00000185946,2.2196164,2.6608882,1
ENSG00000284719,1.5216424,0.0,1
ENSG00000117322,1.5169737,1.3982526,1
ENSG00000237413,0.105647475,0.0,1
ENSG00000168528,0.08977455,0.0,1
ENSG00000143575,2.387437,3.0526402,1
ENSG00000286172,1.4696064,2.380441,1
ENSG00000116521_1,2.3871446,2.922014,1
ENSG00000116151_1,2.504461,1.9289639,1
ENSG00000116747,2.7071817,2.9595752,1
ENSG00000116793_1,2.4667962,0.0,1
ENSG00000286071,0.08850908,0.0,1
ENSG00000143786_1,1.3912299,1.6896551,1
ENSG00000117481,2.2804475,2.363311,1
ENSG00000116337_4,0.92848015,0.7913116,1
ENSG00000182898,0.11543217,0.0,1
ENSG00000116663,2.0273721,1.8417035,1
ENSG00000077152,1.9526942,0.0,1
ENSG00000162599_1,1.5969201,1.5855848,1
ENSG00000158882,1.6175101,0.0,1
ENSG00000143171,1.0505052,0.0,1
ENSG00000231605,0.22104979,0.0,1
ENSG00000160789_4,1.9887311,3.0029647,1
ENSG00000178395,0.96499896,0.96085113,1
ENSG00000143556,0.1510485,0.0,1
ENSG00000159516,0.08914724,0.0,1
ENSG00000054118,2.9113739,3.2161288,1
ENSG00000116745,0.12044193,0.0,1
ENSG00000143153,1.9427049,2.683038,1
ENSG00000162676,1.3212669,1.9313053,1
ENSG00000223764,1.1996043,1.3657312,1
ENSG00000196660,1.0470201,1.1726321,1
ENSG00000240038,0.15762064,0.0,1
ENSG00000242485,2.5208085,3.3341298,1
ENSG00000117614,2.5269425,3.1899364,1
ENSG00000196154,0.4465531,2.5169213,1
ENSG00000158710_1,2.254424,0.0,1
ENSG00000009790_1,1.5345924,0.0,1
ENSG00000142609,0.40448722,0.0,1
ENSG00000160072,2.3782685,2.6790426,1
ENSG00000226026,1.7028091,0.0,1
ENSG00000286619,1.2936583,1.47201,1
ENSG00000116747_1,2.6942732,2.828642,1
ENSG00000290735,1.4944527,2.9276063,1
ENSG00000065135,2.5284631,3.0203116,1
ENSG00000116688_2,2.3731663,0.0,1
ENSG00000169641,1.0579691,2.4298153,1
ENSG00000186150,0.26702476,0.0,1
ENSG00000206620,0.709222,1.2615246,1
ENSG00000272426,2.2603152,0.0,1
ENSG00000143458,2.5510938,1.8702283,1
ENSG00000155816,1.5798059,0.0,1
ENSG00000142583_3,0.2820891,0.0,1
ENSG00000162813,1.3267299,0.0,1
ENSG00000233461_1,2.3995337,1.3937296,1
ENSG00000225206_2,0.17890169,0.0,1
ENSG00000122477,0.112672254,0.0,1
ENSG00000154007,0.054806016,0.0,1
ENSG00000160767,0.42583275,1.0218092,1
ENSG00000131781,0.44302493,0.0,1
ENSG00000143252,1.8447566,0.0,1
ENSG00000171603,2.124278,3.019216,1
ENSG00000121766,2.6193998,2.8148215,1
ENSG00000143079,2.0174875,2.3286037,1
ENSG00000084070_1,2.2352011,3.1704142,1
ENSG00000159479,2.4721751,2.6366293,1
ENSG00000142677,0.37866735,0.0,1
ENSG00000078369_1,2.4006112,3.3206697,1
ENSG00000117707_1,0.569649,0.0,1
ENSG00000288867,0.16547754,0.0,1
ENSG00000233290_1,0.08331293,0.0,1
ENSG00000131791,2.473983,1.9750594,1
ENSG00000143365_1,0.15499645,0.0,1
ENSG00000203747_1,0.1617226,0.0,1
ENSG00000259788,2.2990344,0.0,1
ENSG00000078900_1,0.20146012,0.8824107,1
ENSG00000118298,0.36748892,0.0,1
ENSG00000176261,2.000346,0.0,1
ENSG00000227290,0.099109516,0.0,1
ENSG00000230489,0.64848995,1.0066799,1
ENSG00000134369_2,0.1033365,0.0,1
ENSG00000179639,0.17267948,0.0,1
ENSG00000143183,2.0504966,3.129764,1
ENSG00000157131,0.07776666,0.0,1
ENSG00000184454,0.97517717,1.3873364,1
ENSG00000196189_1,0.94902635,0.97160053,1
ENSG00000243480,0.12589556,0.6574479,1
ENSG00000223694,0.095199674,0.0,1
ENSG00000024526,1.9293768,2.5965598,1
ENSG00000160714,2.6688316,2.445682,1
ENSG00000215784,2.2915094,2.7531157,1
ENSG00000282881,0.13947612,0.42709643,1
ENSG00000116922,1.547688,0.0,1
ENSG00000160752,2.9424999,0.0,1
ENSG00000132716,2.960331,2.7524402,1
ENSG00000116678,1.3780982,0.9716469,1
ENSG00000162511,2.3306096,3.5840778,1
ENSG00000231768,0.44198132,0.6574001,1
ENSG00000143337_4,0.8928772,0.0,1
ENSG00000157216_2,0.14460501,0.0,1
ENSG00000143179_2,0.12215662,0.0,1
ENSG00000134371_1,2.0484524,1.3971053,1
ENSG00000273004_1,1.4894161,1.2961034,1
ENSG00000163565_1,1.6850097,2.8200483,1
ENSG00000092969,0.2861424,0.0,1
ENSG00000162614,1.412431,1.482955,1
ENSG00000282564,1.6025772,1.2894552,1
ENSG00000066135,2.5624747,0.0,1
ENSG00000162383_1,0.1398873,0.802678,1
ENSG00000160097_1,0.77435756,0.0,1
ENSG00000078618_2,2.879741,2.8462567,1
ENSG00000169218,1.2317127,1.1894903,1
ENSG00000137960,2.406428,0.0,1
ENSG00000143344_1,2.1380963,2.0336006,1
ENSG00000225206,0.46206117,0.5474301,1
ENSG00000117399,2.310942,2.7891011,1
ENSG00000162714,2.2455914,2.022222,1
ENSG00000116819,1.0742661,0.0,1
ENSG00000171680_2,0.52845633,0.0,1
ENSG00000081248,0.26844713,0.0,1
ENSG00000235942,0.18370199,0.0,1
ENSG00000233079_2,0.11083181,0.53921413,1
ENSG00000289881,1.4836401,0.9791385,1
ENSG00000199666,0.14383201,0.0,1
ENSG00000230424,2.8199556,2.2548718,1
ENSG00000204160,2.4192793,3.1107445,1
ENSG00000133069_1,0.15113057,0.0,1
ENSG00000134183,0.12954706,0.0,1
ENSG00000014914_1,0.26351684,0.8071493,1
ENSG00000184371,1.0891685,2.3030448,1
ENSG00000186501,2.5592206,2.439647,1
ENSG00000082482,0.13215455,0.0,1
ENSG00000070759,2.2932718,2.3017027,1
ENSG00000186510,0.23239303,0.0,1
ENSG00000203784,0.1358774,0.0,1
ENSG00000162373,0.9485488,0.96238357,1
ENSG00000169509,0.10935141,0.0,1
ENSG00000067533,1.4195588,1.8563784,1
ENSG00000116885,1.9930129,0.0,1
ENSG00000160058,2.3131845,2.261082,1
ENSG00000198758,0.4003022,0.0,1
ENSG00000132773,2.7490056,2.3646336,1
ENSG00000142875,2.0948088,1.7352715,1
ENSG00000203737,0.23117432,0.0,1
ENSG00000116791_1,1.8987014,3.202916,1
ENSG00000120332,0.1842207,0.0,1
ENSG00000196449,2.4645689,2.4722152,1
ENSG00000171735,2.3279042,1.8829285,1
ENSG00000168389,2.0141225,2.541222,1
ENSG00000163125_1,2.5706027,1.9664046,1
ENSG00000048707,1.4951237,0.0,1
ENSG00000181873,2.7950432,2.0706363,1
ENSG00000173947,1.1722682,0.0,1
ENSG00000187730,1.6178643,1.8057644,1
ENSG00000143643,2.594704,2.3434618,1
ENSG00000116489,2.5624352,3.7534306,1
ENSG00000117533,2.4527771,2.2455819,1
ENSG00000188404,0.20705962,0.0,1
ENSG00000171680_4,0.24428356,0.8048887,1
ENSG00000283227,0.111169815,0.56321996,1
ENSG00000067606,1.890142,1.4333377,1
ENSG00000169242,1.1713581,1.3319938,1
ENSG00000185436,1.5552831,0.0,1
ENSG00000084073,2.173055,0.0,1
ENSG00000157077,1.9906662,1.8381877,1
ENSG00000284693,1.6683503,0.0,1
ENSG00000197530,2.4280922,1.7852159,1
ENSG00000232265_1,0.38855806,0.0,1
ENSG00000117298_2,0.1462483,0.9894943,1
ENSG00000162711,0.5571729,1.6542189,1
ENSG00000162407,1.0089197,2.6576962,1
ENSG00000157064,0.33484364,0.0,1
ENSG00000116604,2.5649245,2.7847884,1
ENSG00000136631_1,2.2220364,0.0,1
ENSG00000077157_1,0.12777504,0.0,1
ENSG00000160688,1.9318821,0.0,1
ENSG00000293271,1.4310206,0.65747654,1
ENSG00000172456_2,2.0511272,1.3326,1
ENSG00000162692,0.4954645,0.0,1
ENSG00000153363,2.4839847,2.5497265,1
ENSG00000007933,0.049721733,0.0,1
ENSG00000142875_2,0.06712812,0.0,1
ENSG00000160710_1,2.17008,1.4290252,1
ENSG00000181036,0.2572196,0.0,1
ENSG00000187180,0.11898795,0.0,1
ENSG00000266094_1,0.3949831,0.0,1
ENSG00000226167,2.348592,0.0,1
ENSG00000162894_1,2.3270886,2.161476,1
ENSG00000135821_1,2.1635122,0.0,1
ENSG00000117308,0.57253355,0.0,1
ENSG00000137992,1.6102529,2.2677934,1
ENSG00000155380,0.21186304,0.0,1
ENSG00000091483,2.3296406,3.1660094,1
ENSG00000162897,0.24001762,0.0,1
ENSG00000125462_3,0.5232353,0.63820964,1
ENSG00000065978,2.5048375,4.078283,1
ENSG00000282843,0.19202268,0.0,1
ENSG00000026751,1.6923234,3.2565253,1
ENSG00000231507,2.7917502,1.5560576,1
ENSG00000162604,2.2564652,2.612771,1
ENSG00000123836,0.09928945,0.0,1
ENSG00000143761,2.7300713,3.47242,1
ENSG00000163874,2.3605566,2.35858,1
ENSG00000169598_1,1.6744326,1.9180409,1
ENSG00000184260,2.7205763,4.0823545,1
ENSG00000162669,0.9554697,1.2275525,1
ENSG00000162542,2.306433,1.9969798,1
ENSG00000169469,0.11728513,0.0,1
ENSG00000143740,1.4978838,0.9199824,1
ENSG00000181036_1,0.18952441,0.0,1
ENSG00000197921,1.447536,1.7552801,1
ENSG00000132781,2.751444,2.241671,1
ENSG00000198160_1,2.4655278,2.5351372,1
ENSG00000125462,0.33086288,0.82241,1
ENSG00000152061_1,0.13660808,0.0,1
ENSG00000231163,0.06868233,0.0,1
ENSG00000116906,2.4138095,2.9138985,1
ENSG00000187147_1,2.737653,2.682506,1
ENSG00000196187_1,0.23675597,0.0,1
ENSG00000284668,0.27453503,0.70488805,1
ENSG00000143486,2.0392747,0.0,1
ENSG00000143815,2.4724467,3.0412347,1
ENSG00000143393_1,2.360966,2.5734982,1
ENSG00000009709,1.046066,1.4432019,1
ENSG00000116731,2.4674575,2.2842028,1
ENSG00000228382,0.71843,0.0,1
ENSG00000160789_7,0.99021614,0.0,1
ENSG00000215866,1.0464298,1.0024685,1
ENSG00000163463,1.7086327,0.6381597,1
ENSG00000116824,0.080016404,0.0,1
ENSG00000132185,1.9712138,2.8650613,1
ENSG00000160691,0.28511882,0.0,1
ENSG00000064703_1,2.560208,2.656491,1
ENSG00000143409_2,1.4179329,0.68181086,1
ENSG00000189171,0.20584688,0.0,1
ENSG00000048707_3,0.16481093,0.0,1
ENSG00000116254,1.6542945,1.3645885,1
ENSG00000004455_1,0.9290445,0.0,1
ENSG00000196878_1,0.27230734,0.0,1
ENSG00000158869,0.3257678,0.88244486,1
ENSG00000132681_1,0.20672902,0.0,1
ENSG00000238142,0.750003,0.75528014,1
ENSG00000049246,1.6801615,0.0,1
ENSG00000162396,2.350726,0.0,1
ENSG00000143469_1,1.4507163,1.285062,1
ENSG00000231057,2.0827594,1.0417005,1
ENSG00000159352,2.15464,2.702675,1
ENSG00000137947,2.3717422,3.0050046,1
ENSG00000196890,1.796839,2.553378,1
ENSG00000123838,0.091492474,0.0,1
ENSG00000162374_2,0.2290959,0.72419393,1
ENSG00000086015,2.116394,0.0,1
ENSG00000176256,0.13220625,0.59328604,1
ENSG00000117523,2.6988723,3.354888,1
ENSG00000224259_1,0.10542527,0.0,1
ENSG00000116584_3,2.1047738,1.7587606,1
ENSG00000222009_1,1.1600217,0.0,1
ENSG00000097033,2.5709958,0.0,1
ENSG00000160753,1.0690722,1.208315,1
ENSG00000271576,2.026426,1.0929661,1
ENSG00000286071_1,0.1164321,0.0,1
ENSG00000163382,2.1222947,2.0676472,1
ENSG00000163909,1.1939585,0.9449266,1
ENSG00000054267_1,2.6274035,2.5470617,1
ENSG00000158796,2.7098317,2.4977214,1
ENSG00000143476,2.861171,3.0521436,1
ENSG00000228536,0.09959644,0.0,1
ENSG00000117472,0.27039167,0.0,1
ENSG00000143436,2.1427548,2.997733,1
ENSG00000116874_1,2.5691006,2.855713,1
ENSG00000142657_2,1.2743165,0.0,1
ENSG00000085831_3,1.1120192,1.4327321,1
ENSG00000070831,2.4576633,3.5604541,1
ENSG00000143839,0.18600076,0.0,1
ENSG00000162571,0.5648608,0.8672317,1
ENSG00000229989_1,1.111165,0.0,1
ENSG00000170382,1.0464655,1.5946356,1
ENSG00000007341_2,2.5132492,1.775756,1
ENSG00000008118,0.09252077,0.0,1
ENSG00000162755,1.8961067,1.2953031,1
ENSG00000182901,1.5986807,1.5062072,1
ENSG00000131781_2,2.3076575,2.6291015,1
ENSG00000196517_1,0.6148037,1.3925738,1
ENSG00000282221,1.0858934,1.4577684,1
ENSG00000116752,1.8813508,3.0675023,1
ENSG00000116584_2,2.572593,2.8546824,1
ENSG00000201801,1.7612987,2.8608391,1
ENSG00000173436,1.1823883,1.4880004,1
ENSG00000116350,2.9060354,2.9971542,1
ENSG00000153207,2.51587,2.6136453,1
ENSG00000049239,2.4649208,2.104726,1
ENSG00000184007,0.17388785,0.0,1
ENSG00000189266,2.9797854,3.0614676,1
ENSG00000119535,0.28560328,0.0,1
ENSG00000117151,2.572942,2.4953458,1
ENSG00000117152,0.1778245,0.0,1
ENSG00000133056,2.4941025,2.5034912,1
ENSG00000117676_2,2.1476345,0.0,1
ENSG00000154027,1.5843275,1.5097132,1
ENSG00000081277,1.119243,1.4215447,1
ENSG00000142627,0.931419,1.2240822,1
ENSG00000143320_1,0.81061614,0.7105151,1
ENSG00000290592,0.44789398,0.8392894,1
ENSG00000237491,2.7301123,1.8708485,1
ENSG00000184005,1.1254833,0.0,1
ENSG00000160087,2.3210654,2.8196795,1
ENSG00000034971,0.33872816,0.0,1
ENSG00000160789_2,0.371584,0.0,1
ENSG00000203747,0.16718683,0.0,1
ENSG00000274265_1,2.016455,1.6331148,1
ENSG00000121310_1,0.8906635,1.6651024,1
ENSG00000162873,0.16604184,0.0,1
ENSG00000116990,1.8281028,1.3645698,1
ENSG00000143742,2.621578,3.5264375,1
ENSG00000085433,1.9051402,1.9954202,1
ENSG00000235200,0.11731097,0.0,1
ENSG00000230138,0.71373564,0.0,1
ENSG00000228309,0.067439884,0.0,1
ENSG00000143570,2.5542748,2.2729018,1
ENSG00000158315,0.46113932,0.0,1
ENSG00000188672,0.16743746,0.0,1
ENSG00000118194,0.41505623,0.0,1
ENSG00000163463_1,2.1800098,2.9653814,1
ENSG00000143633,2.3653214,0.0,1
ENSG00000157978,1.7180169,2.308639,1
ENSG00000009709_1,1.1336498,0.8652935,1
ENSG00000186056,2.6333766,1.7264909,1
ENSG00000228697,0.15305266,0.0,1
ENSG00000117408,2.4568055,2.3300524,1
ENSG00000132692,1.4383599,1.7712493,1
ENSG00000266338,1.7990414,2.0999222,1
ENSG00000137955_2,0.48561853,2.4905288,1
ENSG00000142661_1,0.20274568,0.0,1
ENSG00000204859,2.1144426,1.9928229,1
ENSG00000286600,0.18096161,0.0,1
ENSG00000286219,1.8663838,2.2373176,1
ENSG00000186207,0.08762503,0.0,1
ENSG00000160818,1.9014533,0.0,1
ENSG00000232077,0.110444546,0.0,1
ENSG00000163263,0.17875451,0.0,1
ENSG00000117335,2.4494007,3.181512,1
ENSG00000264522,2.1469684,2.0359738,1
ENSG00000150681,0.026217416,0.0,1
ENSG00000118473_1,0.48507893,0.51814526,1
ENSG00000223075,0.03745845,0.0,1
ENSG00000163877,2.0279458,2.5015864,1
ENSG00000023572_1,0.2636424,0.0,1
ENSG00000117751,2.32122,2.4356964,1
ENSG00000228044,0.20144108,0.0,1
ENSG00000143190,2.2256734,2.5049098,1
ENSG00000290989,2.7073112,2.2591374,1
ENSG00000163479_1,1.7125963,3.0602672,1
ENSG00000196407,0.2437455,0.0,1
ENSG00000121764,1.0317595,0.0,1
ENSG00000135829,2.4862635,3.4323325,1
ENSG00000116741,1.584126,0.0,1
ENSG00000187634_2,1.6938727,1.0494312,1
ENSG00000224093,0.5080458,0.9639294,1
ENSG00000143409_1,0.8431539,1.7960885,1
ENSG00000136634,1.600038,1.5002776,1
ENSG00000236423,2.6980834,1.075328,1
ENSG00000122483,2.138407,1.7396514,1
ENSG00000274428,0.62554073,0.0,1
ENSG00000081721,2.3848982,2.6394835,1
ENSG00000118733,0.21666175,0.0,1
ENSG00000116748,0.14067122,0.0,1
ENSG00000042781,0.11759102,0.63816965,1
ENSG00000077549,2.6366727,3.3442626,1
ENSG00000116396_1,1.3818748,1.4291626,1
ENSG00000116711,0.41492376,0.0,1
ENSG00000010932,0.12082672,0.0,1
ENSG00000116704,2.192498,1.9985427,1
ENSG00000223635,2.3044622,1.1142772,1
ENSG00000143157,2.3818119,2.5409422,1
ENSG00000142700,1.0381237,1.3101813,1
ENSG00000157060,1.3260062,1.2544272,1
ENSG00000187017_1,1.253076,1.334494,1
ENSG00000121644,2.4175646,2.318011,1
ENSG00000118217,1.9212258,2.760197,1
ENSG00000159189,0.1613543,0.0,1
ENSG00000230798_1,1.8271362,1.3488382,1
ENSG00000066185,1.3319267,0.0,1
ENSG00000143578_2,1.3419056,0.5670852,1
ENSG00000182827,2.5383408,3.0735571,1
ENSG00000116698,2.6481733,2.570718,1
ENSG00000127603,2.259241,1.8028557,1
ENSG00000134183_1,1.5250621,0.0,1
ENSG00000287064,0.22999033,0.0,1
ENSG00000168275,2.6755862,3.0227458,1
ENSG00000143799_1,2.3936791,3.3798835,1
ENSG00000143322_1,1.9067625,1.936755,1
ENSG00000154511,2.6242454,2.2734065,1
ENSG00000127483,0.106630325,1.9647055,1
ENSG00000230424_1,2.6399245,0.0,1
ENSG00000189339,2.6669385,2.0950997,1
ENSG00000188807,2.3089123,2.0634835,1
ENSG00000228126,1.911116,0.0,1
ENSG00000162735_1,1.805658,2.62893,1
ENSG00000163239,1.4225594,1.1530523,1
ENSG00000186226,0.19171098,0.0,1
ENSG00000203601,0.36219594,0.45295116,1
ENSG00000134215_1,1.7632941,1.9230107,1
ENSG00000159166,1.0048234,0.0,1
ENSG00000116871,2.3304348,2.8908064,1
ENSG00000151414,2.3889415,2.7609122,1
ENSG00000181656,0.4125712,0.0,1
ENSG00000238260,1.8037126,0.0,1
ENSG00000162694,1.3509543,0.0,1
ENSG00000132854,0.97206783,1.4685541,1
ENSG00000284738,2.649293,1.845749,1
ENSG00000036549,0.09714624,0.0,1
ENSG00000135750,2.302475,2.656558,1
ENSG00000123685,1.9488869,1.8812306,1
ENSG00000197965,2.4144022,2.551995,1
ENSG00000143862,2.1273382,2.6354938,1
ENSG00000230630_1,0.19216827,0.0,1
ENSG00000117215,0.46443653,0.0,1
ENSG00000163348,2.7077153,2.6190233,1
ENSG00000234807,1.4679255,0.0,1
ENSG00000116761,2.0829604,2.2642794,1
ENSG00000082482_1,1.5279437,1.6224109,1
ENSG00000159445,2.2885315,2.5668063,1
ENSG00000117020,0.13058235,0.0,1
ENSG00000117139_2,1.0298934,2.6470678,1
ENSG00000162592,0.17156836,0.0,1
ENSG00000198797,0.7082722,1.7232931,1
ENSG00000235501,1.439691,1.3942783,1
ENSG00000097021,0.41161835,0.0,1
ENSG00000116459_1,2.5168495,3.5720568,1
ENSG00000142599,1.5310472,2.2135708,1
ENSG00000162595,0.57889855,1.0765203,1
ENSG00000188984,0.3640102,0.0,1
ENSG00000116459,2.0825307,2.7433412,1
ENSG00000160789_5,1.1986365,1.3177083,1
ENSG00000116857,1.6237483,2.0012836,1
ENSG00000183508,1.4247272,1.0404441,1
ENSG00000203709_1,2.242442,1.7922025,1
ENSG00000143776,1.5791585,1.8366911,1
ENSG00000132681,0.29661882,0.0,1
ENSG00000143107,0.096824214,0.0,1
ENSG00000160685_1,1.7247798,1.3832767,1
ENSG00000143013_1,2.1392198,1.2723151,1
ENSG00000162819,2.430538,2.4892833,1
ENSG00000173846,2.6030614,2.2667208,1
ENSG00000163462,0.42368504,1.0765276,1
ENSG00000269713,1.7260325,2.0044074,1
ENSG00000142621_2,0.21909744,0.0,1
ENSG00000127124_1,0.28626344,0.63813967,1
ENSG00000153187_2,1.6025684,2.2858272,1
ENSG00000142583_2,0.48574823,1.0024685,1
ENSG00000188295,2.1692948,1.9872845,1
ENSG00000196352_1,2.7301645,2.73464,1
ENSG00000117395,2.1842923,3.229999,1
ENSG00000163207,0.40782937,0.0,1
ENSG00000196189_3,0.48612034,0.0,1
ENSG00000143373,2.7666867,2.1879435,1
ENSG00000203697,0.10449754,0.0,1
ENSG00000142599_1,1.0473044,0.0,1
ENSG00000188910,0.4300186,0.0,1
ENSG00000185220,2.3647535,1.9834414,1
ENSG00000162676_2,1.4617958,1.9909158,1
ENSG00000227043,0.06600802,0.0,1
ENSG00000116754,2.2395232,2.82122,1
ENSG00000171163,2.3532305,2.350248,1
ENSG00000287627,0.13645418,0.0,1
ENSG00000121905,0.44914132,0.0,1
ENSG00000135870,2.4394138,2.411788,1
ENSG00000143409,0.97750163,0.0,1
ENSG00000176393_1,1.4982872,0.0,1
ENSG00000197520_1,0.10865255,0.0,1
ENSG00000067606_2,0.22794545,0.8224296,1
ENSG00000160685,1.863607,1.9938328,1
ENSG00000198929,1.770534,1.3743083,1
ENSG00000066322,2.2651005,2.7537355,1
ENSG00000162777,2.904,2.9370463,1
ENSG00000198765,0.38078603,0.9561204,1
ENSG00000117308_1,2.2504492,2.2125604,1
ENSG00000203288,1.755186,0.0,1
ENSG00000236963_1,0.25436872,0.86335856,1
ENSG00000181773,1.3657429,1.5114743,1
ENSG00000134202,0.93335986,0.0,1
ENSG00000004455,2.406558,3.1483219,1
ENSG00000134207_1,0.7486646,1.2607628,1
ENSG00000143106,2.5570943,3.3466816,1
ENSG00000090686,3.0362673,2.8254325,1
ENSG00000132676,1.5272901,1.9291021,1
ENSG00000097021_1,0.32028145,0.0,1
ENSG00000230461_1,1.30477,0.67585164,1
ENSG00000227764,0.11123493,0.0,1
ENSG00000157216_1,2.331193,2.538018,1
ENSG00000287756,0.088941544,0.0,1
ENSG00000143418,0.37800837,0.0,1
ENSG00000230550,0.091683224,0.0,1
ENSG00000135835_1,0.19645715,0.0,1
ENSG00000168710_2,0.9361141,0.0,1
ENSG00000287839,0.33676022,0.0,1
ENSG00000185966,0.12793103,0.0,1
ENSG00000196189_2,0.9185441,0.0,1
ENSG00000162753,0.10260968,0.0,1
ENSG00000237463,0.07789332,0.0,1
ENSG00000116337_2,1.9113123,1.8725584,1
ENSG00000159173_1,0.22352403,0.0,1
ENSG00000231666,0.121276364,0.0,1
ENSG00000265241,2.6618912,3.0358257,1
ENSG00000007341_1,2.522499,2.0060978,1
ENSG00000081026_1,1.4666883,1.0656544,1
ENSG00000142784,2.2186801,2.1681378,1
ENSG00000197245,0.10468775,0.0,1
ENSG00000116209,2.6337683,2.7272582,1
ENSG00000116218,1.1415906,1.4856917,1
ENSG00000182866_1,0.30651033,0.0,1
ENSG00000233602,0.16627705,0.0,1
ENSG00000152763,0.084496796,0.0,1
ENSG00000116221,1.9899776,3.3776085,1
ENSG00000134247,1.266283,2.1041796,1
ENSG00000143507,0.40196493,0.0,1
ENSG00000156171,1.4482493,2.5639472,1
ENSG00000135744,0.4077946,0.0,1
ENSG00000163468,0.16839907,0.0,1
ENSG00000182749,1.6937191,1.9838517,1
ENSG00000291138,0.322465,0.0,1
ENSG00000162490,1.6231577,1.2488312,1
ENSG00000180098,2.1637092,0.0,1
ENSG00000241563,0.4619888,0.92683613,1
ENSG00000152061_3,0.39176875,0.0,1
ENSG00000168679,0.10986403,0.0,1
ENSG00000234546,2.1636207,2.2907023,1
ENSG00000157873_1,2.0209877,2.4287226,1
ENSG00000162909,0.13061479,0.0,1
ENSG00000213366,1.019764,1.5692885,1
ENSG00000054392_3,0.16114022,0.0,1
ENSG00000157933_1,0.7203025,0.0,1
ENSG00000152092,1.0014378,1.1418573,1
ENSG00000143514,0.08950995,0.0,1
ENSG00000185519,1.313947,1.4166905,1
ENSG00000169504,2.6522107,3.0671601,1
ENSG00000060642,2.9377315,1.5219092,1
ENSG00000171385,1.0535842,0.0,1
ENSG00000118194_3,0.20719182,0.6697816,1
ENSG00000126088,1.1704206,0.0,1
ENSG00000054282,2.275349,0.0,1
ENSG00000132780,2.2771509,3.592088,1
ENSG00000009790,1.2944975,0.0,1
ENSG00000163395,0.27428347,0.0,1
ENSG00000196352,2.73154,2.7482114,1
ENSG00000118473,0.21389648,0.0,1
ENSG00000189334,0.45286405,0.0,1
ENSG00000189337,1.6501448,1.5399413,1
ENSG00000116584_4,0.651261,0.0,1
ENSG00000143033,2.3760464,2.4895394,1
ENSG00000011009,1.8336923,2.279546,1
ENSG00000169972,2.2982814,1.9973034,1
ENSG00000142619,0.3353905,0.8633645,1
ENSG00000203814,2.2397702,4.2237372,1
ENSG00000159339,0.46627247,0.68185604,1
ENSG00000226251,2.6337686,1.3966004,1
ENSG00000117143,2.3895726,1.6803129,1
ENSG00000197241,0.30483612,0.52671397,1
ENSG00000127124_2,0.2174466,0.0,1
ENSG00000173662,0.39653236,0.0,1
ENSG00000279430,1.4626807,0.96703756,1
ENSG00000134376,0.12695572,0.0,1
ENSG00000284188,1.2891535,1.7211261,1
ENSG00000178104_4,2.1549065,2.0230465,1
ENSG00000228288,1.4325137,0.0,1
ENSG00000252501,0.11263302,1.4452274,1
ENSG00000162885,2.584249,2.0326672,1
ENSG00000159592,2.5325203,0.0,1
ENSG00000291137,0.28829083,0.0,1
ENSG00000196240,0.22936687,0.0,1
ENSG00000143498,1.7157037,2.329644,1
ENSG00000122188,1.1606822,0.0,1
ENSG00000162702,2.2890193,2.456817,1
ENSG00000230285,0.15031089,0.95927995,1
ENSG00000233593,0.85149235,0.70773196,1
ENSG00000188290,1.5331643,1.4898179,1
ENSG00000116396,1.6388301,1.7251681,1
ENSG00000143341,0.8218762,0.0,1
ENSG00000117400,0.17650747,0.0,1
ENSG00000197530_2,0.4945395,1.1250842,1
ENSG00000132122,0.035587236,0.0,1
ENSG00000233514,0.21093997,2.0888658,1
ENSG00000066279,2.2205312,2.7841907,1
ENSG00000171824,2.2141087,3.0030985,1
ENSG00000176393,2.149975,2.5899272,1
ENSG00000187608,1.7898638,3.3426318,1
ENSG00000116521_2,2.1190484,3.0820885,1
ENSG00000162645,0.41882837,1.7474234,1
ENSG00000132849,1.6846898,1.6760714,1
ENSG00000170989,2.2371862,1.689986,1
ENSG00000252135,0.16470492,0.7502306,1
ENSG00000223944,0.3794068,0.0,1
ENSG00000054523,2.3634422,2.2401671,1
ENSG00000233079,0.13638198,0.0,1
ENSG00000047410_1,2.4131172,2.1167405,1
ENSG00000117602_1,1.635701,1.2423675,1
ENSG00000285629,0.2687434,0.0,1
ENSG00000162430,1.7621598,1.5476542,1
ENSG00000197982,2.2800405,2.4505877,1
ENSG00000121634,0.08957893,0.0,1
ENSG00000143578,2.6821902,2.0046651,1
ENSG00000132906_1,2.469244,2.1248596,1
ENSG00000212916,2.0149565,1.9221387,1
ENSG00000143318,0.47635442,0.0,1
ENSG00000187223,0.07655187,0.0,1
ENSG00000188643,0.21359146,0.0,1
ENSG00000284543,0.7326155,2.407357,1
ENSG00000157911,2.4109097,1.869281,1
ENSG00000117676,2.1140916,2.3816042,1
ENSG00000153904,1.5412945,1.7772093,1
ENSG00000159346,2.148883,2.564549,1
ENSG00000222046,0.31777903,0.0,1
ENSG00000169403,1.3089352,3.066341,1
ENSG00000170128,1.0835059,1.4210113,1
ENSG00000117593_1,2.3420331,2.0360897,1
ENSG00000069275,2.4235048,2.9657927,1
ENSG00000126705,1.7492474,2.3421462,1
ENSG00000285184,2.0511997,1.7985609,1
ENSG00000117000,2.3601427,2.3443804,1
ENSG00000225556,1.2297852,1.7013867,1
ENSG00000004487,2.440532,3.0676138,1
ENSG00000143653,1.9999466,2.340666,1
ENSG00000066557,2.236523,2.8301926,1
ENSG00000133065,1.3089143,1.3437827,1
ENSG00000206680,0.16245274,2.178577,1
ENSG00000158710,1.5742271,1.0494196,1
ENSG00000132704,0.21349376,2.118906,1
ENSG00000132855,0.0887177,0.0,1
ENSG00000142910_1,0.18480778,0.0,1
ENSG00000027644,1.0018923,1.1164616,1
ENSG00000188060,1.1878852,0.0,1
ENSG00000121454,0.85917944,1.2206049,1
ENSG00000223956,0.0782246,0.0,1
ENSG00000184678,2.8951485,4.452651,1
ENSG00000171612,2.3997228,2.406506,1
ENSG00000081026,1.9220514,1.480998,1
ENSG00000143515_1,1.5502727,1.0871636,1
ENSG00000196517,0.424621,0.0,1
ENSG00000225206_1,1.1457434,2.0290468,1
ENSG00000286109,0.16026561,0.0,1
ENSG00000060688,2.6234963,3.1672375,1
ENSG00000176083,0.12179053,0.0,1
ENSG00000178821,1.6973401,1.5052856,1
ENSG00000203325,1.6006501,1.0519625,1
ENSG00000131910,0.71778786,0.0,1
ENSG00000235933,0.10164021,0.0,1
ENSG00000160691_1,0.6208751,0.0,1
ENSG00000120656,2.7681048,2.6915095,1
ENSG00000143179,2.3418748,2.9899347,1
ENSG00000117592,2.5629566,3.265596,1
ENSG00000152763_1,2.5154088,0.0,1
ENSG00000143036,1.4643216,1.0456007,1
ENSG00000090104,1.5238795,3.9547546,1
ENSG00000168509,0.18847016,0.0,1
ENSG00000228192,1.9752307,1.8268778,1
ENSG00000117597,1.4828819,2.6951277,1
ENSG00000143178,0.13720426,0.70205986,1
ENSG00000154358_1,0.31877908,0.0,1
ENSG00000116273,2.347895,2.153763,1
ENSG00000175206,0.21569046,0.604118,1
ENSG00000136643,1.972918,2.3331912,1
ENSG00000290842,1.9978011,1.5149195,1
ENSG00000163545,1.3217659,1.999722,1
ENSG00000231365_1,2.4938612,0.0,1
ENSG00000215835,0.16708072,2.687536,1
ENSG00000163518,0.48477602,0.0,1
ENSG00000122224,1.4933393,0.0,1
ENSG00000116205,2.5172262,2.3582356,1
ENSG00000158764,0.24571663,0.0,1
ENSG00000175130,1.9008615,3.3151157,1
ENSG00000131779,2.0846364,2.6325555,1
ENSG00000236719_1,0.10442062,0.0,1
ENSG00000135842,1.8159183,2.7458732,1
ENSG00000215883,2.142421,2.036461,1
ENSG00000000971,0.10315032,0.0,1
ENSG00000223745,2.7561758,2.3663595,1
ENSG00000172456,2.476251,2.0222633,1
ENSG00000000457,2.8754656,2.3725235,1
ENSG00000175793,0.71573764,1.0066799,1
ENSG00000116985,1.7208078,2.0785294,1
ENSG00000207241,0.4086064,1.2075536,1
ENSG00000134243,0.096436724,0.0,1
ENSG00000094963,0.09457041,0.0,1
ENSG00000180667_1,1.3500074,0.0,1
ENSG00000158473,0.78637993,1.6277856,1
ENSG00000185630_1,0.27181843,0.0,1
ENSG00000117595,0.5045693,0.0,1
ENSG00000157330,0.11339177,0.0,1
ENSG00000163352,0.44434184,0.8861578,1
ENSG00000158014,1.5499628,1.3564408,1
ENSG00000133059,2.1084933,1.674264,1
ENSG00000159173_2,0.33780682,0.0,1
ENSG00000181450,2.1827786,2.2023385,1
ENSG00000117448,2.5506523,2.959089,1
ENSG00000162851,2.524984,2.734479,1
ENSG00000118194_1,0.11373973,0.0,1
ENSG00000236528,2.3487012,0.0,1
ENSG00000269934,0.69303876,0.8071425,1
ENSG00000174021,2.441005,2.6349406,1
ENSG00000187634,0.9416547,0.0,1
ENSG00000203943,0.3887173,0.0,1
ENSG00000159596,1.9969585,3.0242803,1
ENSG00000236546,0.42145246,0.0,1
ENSG00000186603,2.051346,2.1789596,1
ENSG00000159363,1.5843492,2.0602634,1
ENSG00000183780,1.6050283,1.7078255,1
ENSG00000120948_1,0.11202386,0.0,1
ENSG00000117298_1,1.5432405,1.8312937,1
ENSG00000143119,0.8673688,2.525199,1
ENSG00000280587_1,0.462884,0.8224296,1
ENSG00000230623_1,0.3251843,0.0,1
ENSG00000198570,0.5295104,0.64466506,1
ENSG00000117480,1.4774786,1.3588862,1
ENSG00000142875_1,0.12725806,0.0,1
ENSG00000125462_2,1.1368214,0.0,1
ENSG00000162896,0.5009029,1.0052663,1
ENSG00000143278,0.07586387,0.0,1
ENSG00000143217,0.68856,0.0,1
ENSG00000286389,1.0292605,0.9761206,1
ENSG00000265961,0.112466335,0.0,1
ENSG00000117505,2.771631,2.8261461,1
ENSG00000009724,0.41340327,0.0,1
ENSG00000137962,1.5025398,1.4390167,1
ENSG00000224445,0.033963844,0.0,1
ENSG00000277918,2.2789328,2.8575628,1
ENSG00000183291,2.356932,2.8740938,1
ENSG00000142798_1,1.8845603,2.1941507,1
ENSG00000159023,1.298206,2.7494695,1
ENSG00000116141_1,1.7258663,1.2084414,1
ENSG00000143546,0.29806507,0.0,1
ENSG00000143774,2.8236988,3.0628188,1
ENSG00000084072,1.4506571,2.5969388,1
ENSG00000188910_1,0.19714689,0.0,1
ENSG00000188976,2.2201126,2.8732252,1
ENSG00000202444,2.5139022,0.0,1
ENSG00000293264,0.41351444,0.0,1
ENSG00000090621,2.0267234,0.0,1
ENSG00000188529,3.0354497,3.3788865,1
ENSG00000230937,0.12955788,2.436282,1
ENSG00000121940,2.3761413,2.5778134,1
ENSG00000143761_1,2.375675,1.290969,1
ENSG00000116584_5,0.46237767,0.0,1
ENSG00000186063_1,1.7486668,0.0,1
ENSG00000143093,2.0656836,2.2772698,1
ENSG00000154380,0.037890956,0.0,1
ENSG00000116690,0.08127637,0.0,1
ENSG00000159208_1,0.50550294,0.0,1
ENSG00000160741,0.2187796,0.0,1
ENSG00000162783,2.266358,2.9743965,1
ENSG00000122482_2,2.4169273,2.539578,1
ENSG00000198626,1.7350562,1.526559,1
ENSG00000127481,0.1703603,0.0,1
ENSG00000182134,2.087882,1.5269334,1
ENSG00000201317,0.14524269,4.3497515,1
ENSG00000132694,2.2099319,2.0536776,1
ENSG00000116898,2.2842896,3.066829,1
ENSG00000226067,1.8967366,0.0,1
ENSG00000143761_2,0.27164584,0.0,1
ENSG00000225675,2.2094882,1.4410506,1
ENSG00000162643,1.0470307,0.0,1
ENSG00000230623,0.24823472,1.3265673,1
ENSG00000134255_1,2.8863697,2.8750439,1
ENSG00000160679,2.4408815,3.1503541,1
ENSG00000127481_1,2.8287446,2.9878852,1
ENSG00000203739,2.5039768,1.8636796,1
ENSG00000162616,3.0237195,1.9645425,1
ENSG00000116685,2.2337291,2.6026404,1
ENSG00000074964_1,0.42111942,0.0,1
ENSG00000162438,0.21844143,0.0,1
ENSG00000180287,0.08200666,0.0,1
ENSG00000158286,2.1536195,2.0263944,1
ENSG00000231563,1.3497577,1.3178817,1
ENSG00000117682,2.187058,2.047045,1
ENSG00000158481,0.2611604,1.8215135,1
ENSG00000117281,0.158884,0.0,1
ENSG00000158292,1.8207074,1.818892,1
ENSG00000163531_1,0.20631164,0.0,1
ENSG00000240021,0.17304558,0.0,1
ENSG00000174332,0.14637367,0.0,1
ENSG00000204084_1,1.1922275,0.0,1
ENSG00000117594,0.117225274,0.8026438,1
ENSG00000163444,2.5043025,2.4938498,1
ENSG00000224699,2.3142369,0.0,1
ENSG00000133067,1.398998,1.3814942,1
ENSG00000117298_3,2.1532638,2.8309093,1
ENSG00000185842,1.0950342,2.3393242,1
ENSG00000197530_1,2.4640167,1.3919402,1
ENSG00000075945,2.186215,3.1910455,1
ENSG00000118292,0.474006,0.0,1
ENSG00000116661,1.4843273,1.3747886,1
ENSG00000186197,0.1491085,0.0,1
ENSG00000021852_1,0.115217075,0.0,1
ENSG00000198574,0.1895025,0.6447241,1
ENSG00000163435,0.5652783,2.1271663,1
ENSG00000293455,0.69101083,0.0,1
ENSG00000232284,0.22784907,0.0,1
ENSG00000162433,2.0036452,2.0194902,1
ENSG00000143355_1,0.18017787,0.0,1
ENSG00000273694,0.051371247,0.0,1
ENSG00000162745_2,1.2581081,1.413903,1
ENSG00000134243_1,1.7685455,2.0278957,1
ENSG00000055070,2.6340892,3.2444725,1
ENSG00000183386,0.6751154,0.0,1
ENSG00000116922_1,2.099705,1.6308142,1
ENSG00000233203,2.089843,3.1328325,1
ENSG00000143363,1.6855073,0.0,1
ENSG00000202031,0.48706836,1.5291479,1
ENSG00000237330,0.6829382,0.0,1
ENSG00000097021_3,2.5003707,2.3336487,1
ENSG00000291132,0.79023015,1.2197417,1
ENSG00000143162,2.028715,2.542458,1
ENSG00000027869,1.0888569,2.136971,1
ENSG00000075151,2.31903,2.3004932,1
ENSG00000120337,0.07193114,0.0,1
ENSG00000134698,1.785783,1.9503648,1
ENSG00000162642,1.9851501,2.328149,1
ENSG00000160710_3,2.0097246,2.9571617,1
ENSG00000035687,2.627967,2.9707508,1
ENSG00000057252,2.175656,2.951259,1
ENSG00000011021,2.5747116,2.0253305,1
ENSG00000196805,0.124348536,0.0,1
ENSG00000135838,1.5394533,0.0,1
ENSG00000162641_1,0.053809755,0.0,1
ENSG00000169885,0.097258806,0.0,1
ENSG00000143549_1,2.6134489,3.8593628,1
ENSG00000174606_1,2.12692,2.412679,1
ENSG00000184007_2,2.834934,3.5611086,1
ENSG00000188783,0.3330375,0.0,1
ENSG00000067606_1,0.30230787,0.0,1
ENSG00000143850,0.25555944,0.0,1
ENSG00000276600,0.4147024,0.9880236,1
ENSG00000085465_1,0.18606499,0.0,1
ENSG00000243364,1.2041069,2.2154896,1
ENSG00000163374,2.735873,2.2032778,1
ENSG00000224459,0.34373367,0.0,1
ENSG00000163125,2.5669413,2.8028147,1
ENSG00000132485,2.334364,0.0,1
ENSG00000143314,2.480827,2.6150322,1
ENSG00000014914,0.3219447,0.8672317,1
ENSG00000160741_1,2.5417745,2.7108238,1
ENSG00000134716,1.0989182,0.0,1
ENSG00000130766,1.6467841,2.2074673,1
ENSG00000184588_4,1.5341384,2.2391994,1
ENSG00000117020_1,1.7436345,1.0594877,1
ENSG00000143753_1,2.3303807,1.2568139,1
ENSG00000142632_1,2.1176198,1.5436336,1
ENSG00000183726,2.599628,3.253849,1
ENSG00000143702_1,1.1357372,0.0,1
ENSG00000097046_1,2.563481,2.1167538,1
ENSG00000287396,0.15175934,0.0,1
ENSG00000213190,0.44586283,1.9156584,1
ENSG00000162600,2.2899017,2.5933568,1
ENSG00000162434_1,1.4920905,1.5460242,1
ENSG00000020129,2.3866003,2.3779416,1
ENSG00000117625_1,2.2114766,1.1570244,1
ENSG00000143569,2.7575428,2.9303172,1
ENSG00000198400_1,1.3355273,1.301811,1
ENSG00000221040,0.11454454,0.0,1
ENSG00000272865,0.17708048,0.0,1
ENSG00000132768,1.3472024,2.5376077,1
ENSG00000158715,1.3228556,1.6934104,1
ENSG00000143630,1.5972974,1.4379566,1
ENSG00000163374_1,2.475649,2.508112,1
ENSG00000120333,0.22371185,1.0494041,1
ENSG00000143819,1.5059711,1.3123255,1
ENSG00000175984,1.1426294,0.77246106,1
ENSG00000134184,1.2857941,2.5584314,1
ENSG00000152904,2.2091732,2.471966,1
ENSG00000174567,0.84137136,1.2959583,1
ENSG00000143851_1,2.4726007,3.2685406,1
ENSG00000180198_1,2.2367377,2.460206,1
ENSG00000143398,2.2407877,2.6851737,1
ENSG00000156150_1,0.93881965,1.248836,1
ENSG00000183317,0.7553066,1.2851295,1
ENSG00000203709,2.2914126,2.0497568,1
ENSG00000143842,1.2460748,1.5158871,1
ENSG00000066185_1,1.9679842,1.3450207,1
ENSG00000171502,0.43393993,1.1705551,1
ENSG00000203724,1.9550266,1.6022879,1
ENSG00000116791,1.65779,3.2052667,1
ENSG00000187010,0.16493146,0.0,1
ENSG00000235098,0.44687742,0.0,1
ENSG00000117691,2.0688105,2.4653025,1
ENSG00000158006,1.7320191,0.0,1
ENSG00000227712,0.4467913,0.82885313,1
ENSG00000172339,2.1890454,2.2958858,1
ENSG00000219481,1.8866403,1.6138735,1
ENSG00000018625,0.2728965,0.0,1
ENSG00000117280,1.3079541,2.5083008,1
ENSG00000069424_1,1.8946735,3.0223749,1
ENSG00000196187,0.24891677,0.67886513,1
ENSG00000169291,1.4647615,1.0975002,1
ENSG00000116151,2.4499886,1.8332045,1
ENSG00000214193,1.4582248,1.1609485,1
ENSG00000234222,1.779979,1.0906107,1
ENSG00000117461_1,2.8668544,2.4460135,1
ENSG00000142675,0.40752518,0.0,1
ENSG00000116183,0.106473625,0.0,1
ENSG00000156171_1,2.890365,3.007351,1
ENSG00000186118,0.12563127,0.8115616,1
ENSG00000186973,0.38135773,0.0,1
ENSG00000142609_1,0.6064159,0.7132225,1
ENSG00000143442,1.9636505,2.1207714,1
ENSG00000060656_1,0.3787672,0.0,1
ENSG00000066136_2,1.589173,0.0,1
ENSG00000143641,2.499478,2.163239,1
ENSG00000127124,2.113174,2.4892664,1
ENSG00000120333_1,2.1721044,2.8492498,1
ENSG00000134744,2.2509177,2.3713782,1
ENSG00000168528_1,1.34122,1.8106155,1
ENSG00000065243,2.6582663,2.571596,1
ENSG00000203730,0.15619418,0.0,1
ENSG00000238142_1,0.4414037,0.7425759,1
ENSG00000188739,2.5494936,2.7828379,1
ENSG00000173110,1.7987576,0.0,1
ENSG00000057757,2.442799,2.6192853,1
ENSG00000143353_1,2.473329,1.2014599,1
ENSG00000205116,0.8937142,1.460221,1
ENSG00000123843_1,0.19956607,0.0,1
ENSG00000132688,0.579851,1.1867586,1
ENSG00000133048,0.67776877,0.0,1
ENSG00000143420_1,2.6469061,3.3279757,1
ENSG00000173171_1,1.9287438,2.5587914,1
ENSG00000092847_1,1.9847109,0.0,1
ENSG00000162368,2.5617154,2.7607315,1
ENSG00000142583,2.3074193,0.0,1
ENSG00000143632,0.74666953,0.9217021,1
ENSG00000235358_1,1.8571277,0.0,1
ENSG00000134248,2.2297513,3.0744836,1
ENSG00000054277,2.1350667,1.9671359,1
ENSG00000143845_1,1.5972259,1.3212255,1
ENSG00000157870_1,1.4175595,1.5030957,1
ENSG00000116138,2.3496609,2.0989861,1
ENSG00000198625,3.0348964,2.9215438,1
ENSG00000169991,2.0957072,1.9011912,1
ENSG00000163159,2.274727,2.4270866,1
ENSG00000116251,2.4895675,3.2212029,1
ENSG00000143337_1,2.8713565,1.8259451,1
ENSG00000162409,1.5690482,1.7399598,1
ENSG00000116183_1,0.0962618,0.0,1
ENSG00000203859,0.10728857,0.0,1
ENSG00000272106,2.5050862,1.6691308,1
ENSG00000143382,1.1062394,0.0,1
ENSG00000117222,2.6529706,2.4664643,1
ENSG00000265491,2.4815137,2.833195,1
ENSG00000160075_1,2.5319588,3.1067348,1
ENSG00000162458_1,1.2033275,1.0481699,1
ENSG00000142621_1,1.2295707,0.75277036,1
ENSG00000143622,1.2993776,1.3185225,1
ENSG00000154429_1,1.6985008,2.0156488,1
ENSG00000238279,0.31495252,0.0,1
ENSG00000116514,2.3700416,2.381945,1
ENSG00000177807,0.7100765,0.0,1
ENSG00000130939,2.388221,2.4635198,1
ENSG00000130940,1.1886324,1.5193028,1
ENSG00000158747,0.3741926,0.86917305,1
ENSG00000036549_1,1.6293505,2.24968,1
ENSG00000078618,0.24875757,1.7517439,1
ENSG00000163155,1.7049998,0.0,1
ENSG00000187554,1.4036418,1.8559963,1
ENSG00000184007_1,2.2107465,1.4107097,1
ENSG00000135828,1.1409699,0.0,1
ENSG00000230426_1,0.063117355,0.0,1
ENSG00000117475,1.6380873,2.351835,1
ENSG00000134369,1.3748853,1.4083927,1
ENSG00000234741,0.53130215,1.5248374,1
ENSG00000143621,2.503176,0.0,1
ENSG00000000938_1,2.144823,2.9644623,1
ENSG00000036549_2,2.6438303,2.4279613,1
ENSG00000157193_1,2.3941643,2.7676752,1
ENSG00000122417,0.27280584,0.0,1
ENSG00000162706,1.1613292,1.1802692,1
ENSG00000160789_6,1.979809,0.92510575,1
ENSG00000121486,2.4445066,2.2896068,1
ENSG00000025800_1,0.18100938,0.0,1
ENSG00000253313,0.29411593,0.0,1
ENSG00000066027,2.5101743,2.6722827,1
ENSG00000132906,2.3193998,0.0,1
ENSG00000282718,0.4048603,0.6478923,1
ENSG00000188157,2.1459699,2.2368066,1
ENSG00000174307,2.271837,2.1232145,1
ENSG00000162545,1.0731757,1.2995727,1
ENSG00000162551,1.273382,1.5975306,1
ENSG00000175262,0.18577221,0.0,1
ENSG00000041988,1.1686985,2.1392996,1
ENSG00000142973_1,0.151196,0.0,1
ENSG00000225632,0.17499234,0.0,1
ENSG00000159409,0.6840904,1.1357018,1
ENSG00000188643_1,0.44517523,0.9113228,1
ENSG00000143622_1,1.9158372,2.2213542,1
ENSG00000177606,2.3726127,1.871573,1
ENSG00000233290,0.108193085,0.0,1
ENSG00000180667,1.564438,2.0492568,1
ENSG00000117748,2.8378344,2.9455996,1
ENSG00000162576,0.32710722,0.0,1
ENSG00000143390,0.35034335,0.0,1
ENSG00000117394,0.5917236,1.0417085,1
ENSG00000134216,0.25695264,0.0,1
ENSG00000285053,2.3404882,1.8774866,1
ENSG00000186827,0.5498525,2.0231743,1
ENSG00000142698,0.86254156,1.4072889,1
ENSG00000143624_1,0.23454598,1.0163814,1
ENSG00000158109,1.8111744,1.6778805,1
ENSG00000229344,2.2015963,3.9164224,1
ENSG00000203666_2,2.435339,1.749968,1
ENSG00000081019_1,2.5125854,2.5041173,1
ENSG00000143494,2.2122178,2.686632,1
ENSG00000135801,2.5109603,2.322426,1
ENSG00000162877,0.530441,0.81372106,1
ENSG00000143819_1,0.13312131,0.0,1
ENSG00000001461,1.6067157,0.0,1
ENSG00000162493,0.7340115,0.9096095,1
ENSG00000117174,2.1947231,3.013709,1
ENSG00000213064,2.447251,2.7868054,1
ENSG00000143337_3,2.817532,1.3783925,1
ENSG00000143507_1,2.4277248,3.11585,1
ENSG00000000938_2,1.0393391,1.6207293,1
ENSG00000237973,2.9849226,2.7108364,1
ENSG00000177868,2.2370074,1.7971983,1
ENSG00000162729,2.1242368,2.3904953,1
ENSG00000099260,0.43671602,0.0,1
ENSG00000232596,0.1011097,0.0,1
ENSG00000134242,1.8015547,2.6933486,1
ENSG00000162688_1,0.3303916,0.7936249,1
ENSG00000158769,1.9982436,2.5891764,1
ENSG00000234593,0.14767435,0.0,1
ENSG00000142875_4,0.037098095,0.0,1
ENSG00000231999,2.3422496,1.9245894,1
ENSG00000175756,2.653633,2.7613144,1
ENSG00000177614,1.8320272,1.87616,1
ENSG00000169224,0.08454327,0.0,1
ENSG00000076321,2.062059,2.187374,1
ENSG00000163875,2.3925009,2.921663,1
ENSG00000133065_1,0.5934064,1.3700132,1
ENSG00000228594,1.9263637,1.7186677,1
ENSG00000160856,0.293459,1.0443045,1
ENSG00000177000_1,1.269387,1.2323531,1
ENSG00000237463_1,0.05654341,0.0,1
ENSG00000143674,1.6037273,1.0430084,1
ENSG00000287587,1.7555196,1.078906,1
ENSG00000125703,2.1862893,0.0,1
ENSG00000169717,0.32829654,0.0,1
ENSG00000272145,2.7868712,2.9404666,1
ENSG00000243062,0.20481646,0.0,1
ENSG00000236358,1.4224316,0.0,1
ENSG00000213047,1.978975,1.6130909,1
ENSG00000162545_1,0.9891522,1.2231584,1
ENSG00000152382,2.4652727,2.3862562,1
ENSG00000290867_1,2.3068998,1.6790279,1
ENSG00000117477,0.55982614,0.87868834,1
ENSG00000116266,2.4162862,2.6209114,1
ENSG00000117118_1,2.26562,3.2154815,1
ENSG00000143153_2,0.1479017,0.0,1
ENSG00000082497_1,0.33233044,0.0,1
ENSG00000085832_1,2.3371727,2.7181554,1
ENSG00000159423,2.336122,2.08152,1
ENSG00000179914,0.16029654,0.0,1
ENSG00000121900,1.6186244,1.3191268,1
ENSG00000162374_1,0.18450886,0.0,1
ENSG00000131236,3.0543993,1.5669675,1
ENSG00000079739,2.1829367,2.5995884,1
ENSG00000116675_3,1.2544911,1.0177426,1
ENSG00000224209,1.3165195,0.0,1
ENSG00000134371,2.6290066,2.8388875,1
ENSG00000162433_1,1.9824691,1.9880285,1
ENSG00000142621,0.13083808,0.0,1
ENSG00000116337,2.0511677,2.289531,1
ENSG00000143845,0.06982994,0.0,1
ENSG00000117154,1.6985301,1.7173376,1
ENSG00000163874_2,0.36340404,1.118526,1
ENSG00000198793,2.3352818,0.0,1
ENSG00000159214_1,1.5996673,1.2552484,1
ENSG00000168148,0.84357864,1.1570032,1
ENSG00000196482_1,0.19478893,0.99387693,1
ENSG00000199347,2.2953196,3.1786864,1
ENSG00000158008,0.29204965,0.9368152,1
ENSG00000184588_2,0.12147026,0.0,1
ENSG00000157193,1.2719103,1.1098821,1
ENSG00000135823,2.4547884,2.4704075,1
ENSG00000275291,1.447667,0.0,1
ENSG00000162733,0.2847628,0.0,1
ENSG00000079335_2,2.2513402,1.8128065,1
ENSG00000143258,2.0464487,2.10598,1
ENSG00000168765_1,1.4841515,1.8154781,1
ENSG00000153187_3,2.408211,2.026288,1
ENSG00000118729,0.08393502,0.0,1
ENSG00000288859,2.7788293,4.430246,1
ENSG00000230630,0.20828861,0.0,1
ENSG00000134259,0.99877167,1.3494252,1
ENSG00000177674,1.6590829,1.7849886,1
ENSG00000143155,2.6118424,1.824939,1
ENSG00000163485_2,0.1553408,0.0,1
ENSG00000171722,0.12112568,0.0,1
ENSG00000163041,2.6569922,3.7494226,1
ENSG00000143367,1.4466047,1.2496141,1
ENSG00000231663_1,2.6447208,3.0051377,1
ENSG00000158246,1.2205842,1.1408222,1
ENSG00000077585,2.0294397,2.9887862,1
ENSG00000224968,0.11997464,0.86136115,1
ENSG00000134258,0.23458707,0.0,1
ENSG00000184588,1.0459145,1.523187,1
ENSG00000154027_2,0.27018672,0.0,1
ENSG00000117586,0.64249456,2.6348197,1
ENSG00000143337,1.7209932,1.3538586,1
ENSG00000143553,2.2908876,0.0,1
ENSG00000203783,0.16775286,0.0,1
ENSG00000272031,1.9384148,1.4582449,1
ENSG00000188782,0.29320845,0.89164895,1
ENSG00000120370,2.503132,2.4617987,1
ENSG00000142657_1,2.009099,1.1356541,1
ENSG00000037637,2.50265,2.5652301,1
ENSG00000116688_1,2.3224962,2.8048472,1
ENSG00000134369_1,0.90223455,1.2599521,1
ENSG00000117394_1,2.1765187,3.0360777,1
ENSG00000293505,2.034108,0.0,1
ENSG00000084652_1,2.550838,2.49545,1
ENSG00000116141,1.6250429,1.5145743,1
ENSG00000143401,1.9565523,0.0,1
ENSG00000178028,1.5019971,2.1447082,1
ENSG00000157881,2.1836894,2.5152512,1
ENSG00000183682,1.711078,1.4907448,1
ENSG00000282143,1.1592665,1.1995633,1
ENSG00000131236_1,2.703336,2.8637552,1
ENSG00000116198,2.2511468,2.2125924,1
ENSG00000162889,2.0636954,2.4791577,1
ENSG00000176320,0.090609476,0.0,1
ENSG00000119280_2,0.090837836,0.0,1
ENSG00000136631,2.4292274,1.7668291,1
ENSG00000162594_1,0.12027322,0.0,1
ENSG00000162419,2.596441,2.2378705,1
ENSG00000287684,0.63565016,1.001041,1
ENSG00000160710_2,2.4711535,0.8989116,1
ENSG00000198691_1,0.1308785,0.0,1
ENSG00000163209,0.07612148,0.0,1
ENSG00000134255,1.739013,2.460883,1
ENSG00000142973,0.25308612,0.0,1
ENSG00000163157,0.21035391,0.0,1
ENSG00000135763,2.3846164,2.094062,1
ENSG00000183431,2.3724914,3.231291,1
ENSG00000143702,0.21583652,0.0,1
ENSG00000198815_1,2.5959628,2.8209977,1
ENSG00000218510,2.3961623,2.1046202,1
ENSG00000162620,1.5201764,1.4000024,1
ENSG00000310526,2.1060762,0.0,1
ENSG00000143198,2.0527084,0.0,1
ENSG00000134375,2.3955522,0.0,1
ENSG00000142748,0.12084401,0.0,1
ENSG00000189337_1,1.7279997,2.0686646,1
ENSG00000173409,2.322119,0.0,1
ENSG00000143036_1,1.0293636,0.0,1
ENSG00000204624,1.6970943,1.4597241,1
ENSG00000178922,1.8019912,1.6436007,1
ENSG00000184371_2,2.175309,1.9562645,1
ENSG00000116288_1,2.5003827,1.2894998,1
ENSG00000183386_1,1.4854454,1.8483801,1
ENSG00000162517,2.7068048,2.9104066,1
ENSG00000135750_1,0.14319462,0.0,1
ENSG00000143194,0.8778707,0.6818741,1
ENSG00000116786,2.4179997,2.3707333,1
ENSG00000152061_2,0.06968194,0.0,1
ENSG00000117133,1.5301384,2.962863,1
ENSG00000163866,2.0111008,0.0,1
ENSG00000050628,1.1260265,1.373096,1
ENSG00000287453,0.14063825,0.0,1
ENSG00000227733,0.5377609,0.0,1
ENSG00000117461,2.5732367,2.3986585,1
ENSG00000231789,1.6366754,1.7227656,1
ENSG00000116212,2.387235,2.5334797,1
ENSG00000177301_1,1.3638253,0.0,1
ENSG00000226919,0.19262186,0.0,1
ENSG00000132676_1,2.4844928,3.0551107,1
ENSG00000086619,2.60411,2.6061566,1
ENSG00000163206,0.120511994,0.0,1
ENSG00000117713,2.5660322,2.5148,1
ENSG00000023572,1.9329448,2.6082542,1
ENSG00000173641,0.50033104,0.9561684,1
ENSG00000074964,1.6599281,1.7735816,1
ENSG00000158062,2.0674498,2.1494007,1
ENSG00000176444,2.473831,2.6468446,1
ENSG00000178828,0.31891266,0.7104643,1
ENSG00000162599,1.0371333,0.0,1
ENSG00000275538,2.34541,2.9155924,1
ENSG00000065183,2.0454895,2.5392218,1
ENSG00000170075,0.7196725,0.0,1
ENSG00000162695,2.4631069,2.793895,1
ENSG00000159377,1.9475195,2.9886026,1
ENSG00000158887_2,0.3024344,0.8613552,1
ENSG00000133059_1,2.0895212,1.8480042,1
ENSG00000116574,1.4876847,1.4117038,1
ENSG00000131778,2.2806969,2.6230104,1
ENSG00000097046,2.453303,2.5916166,1
ENSG00000163431,0.6584235,0.67886424,1
ENSG00000179051_1,1.9450824,2.6812701,1
ENSG00000116586,2.0853164,2.9099307,1
ENSG00000117395_1,0.112443656,0.0,1
ENSG00000116871_1,2.5068674,2.3509765,1
ENSG00000143512,0.20104855,0.0,1
ENSG00000162461,0.7527042,0.0,1
ENSG00000121905_1,1.1276197,1.0656544,1
ENSG00000143756,2.1036184,2.5825984,1
ENSG00000171793,2.35303,2.9075403,1
ENSG00000228794_1,2.5327466,2.37289,1
ENSG00000163531,1.2378978,0.0,1
ENSG00000291141,1.2680751,1.6110538,1
ENSG00000168243_1,0.40194625,0.8392266,1
ENSG00000117226,0.5156561,1.722206,1
ENSG00000163467,2.4213135,0.0,1
ENSG00000121481,2.1002734,2.420807,1
ENSG00000116991,1.6831706,1.4284264,1
ENSG00000171819,0.15506741,0.0,1
ENSG00000159208,0.45103294,0.7241693,1
ENSG00000025800,2.0007122,2.7999005,1
ENSG00000162894,2.148339,2.9897332,1
ENSG00000169174,0.581715,0.75776035,1
ENSG00000143590,1.2574601,1.8367734,1
ENSG00000162510,0.7964202,1.4720027,1
ENSG00000183831,0.62961584,0.7268657,1
ENSG00000198162,2.435313,2.3980546,1
ENSG00000178965,1.0483086,1.1387635,1
ENSG00000127483_1,2.5079896,2.383803,1
ENSG00000171488,2.4082837,2.3139937,1
ENSG00000197780,1.9369602,2.8179445,1
ENSG00000182795,0.11850886,0.0,1
ENSG00000067334,1.9974716,2.6503289,1
ENSG00000142949,0.27652657,0.0,1
ENSG00000183814,2.4016125,2.3473125,1
ENSG00000184371_1,1.5424964,2.3222399,1
ENSG00000196187_2,2.0750563,2.3410347,1
ENSG00000224965,1.2258754,0.0,1
ENSG00000117360,2.0604725,2.7807896,1
ENSG00000134690,2.4274483,3.0314085,1
ENSG00000132128,2.4616086,2.5851493,1
ENSG00000228436,2.1520903,0.0,1
ENSG00000117318,2.4365299,3.5266325,1
ENSG00000116815,2.4453382,3.3584375,1
ENSG00000142856,2.207733,2.6022477,1
ENSG00000162437,1.6841104,1.6500452,1
ENSG00000291242,1.0995083,0.0,1
ENSG00000189433,0.20167151,0.0,1
ENSG00000116455,2.540374,2.7925646,1
ENSG00000227579,0.10563433,0.0,1
ENSG00000169962,0.41076896,0.0,1
ENSG00000163564,0.15707141,0.0,1
ENSG00000121904,1.4042107,1.612116,1
ENSG00000143549_2,0.21763518,0.0,1
ENSG00000177272,1.9189343,1.6200423,1
ENSG00000227811,0.7319734,0.8898617,1
ENSG00000143167,0.38307333,0.0,1
ENSG00000224000,0.09728347,0.0,1
ENSG00000249087_1,2.212879,0.5860019,1
ENSG00000142945_1,0.31758875,0.0,1
ENSG00000196420,0.2134876,0.86911434,1
ENSG00000116691,2.45594,0.0,1
ENSG00000136628,2.5470355,3.3037682,1
ENSG00000183615,0.167305,0.0,1
ENSG00000158161,2.4508588,2.9254472,1
ENSG00000162408,2.3430395,2.7258823,1
ENSG00000282849,0.4069381,0.0,1
ENSG00000143319_1,2.6819675,3.034897,1
ENSG00000043514,1.9945397,2.6999044,1
ENSG00000162639,2.2592535,0.0,1
ENSG00000135824,0.4493053,0.0,1
ENSG00000133055,0.22411695,0.63491035,1
ENSG00000240409,2.3917463,4.2366633,1
ENSG00000054392_2,1.8166286,0.0,1
ENSG00000236427_1,0.17926992,0.0,1
ENSG00000143450,0.81635183,1.1570032,1
ENSG00000076864_1,1.5373887,1.3938208,1
ENSG00000132128_1,2.3366764,2.525063,1
ENSG00000163485,0.85429645,0.8433574,1
ENSG00000131788,2.3264668,2.0136082,1
ENSG00000280587,0.3416055,0.0,1
ENSG00000171729_1,1.6570501,2.066773,1
ENSG00000143418_1,2.4171717,1.3719356,1
ENSG00000082497,1.6130779,1.4369097,1
ENSG00000117009,1.0061647,0.0,1
ENSG00000143158_1,2.645274,2.8082852,1
ENSG00000196188,0.14543098,0.0,1
ENSG00000117707_2,0.24917158,0.0,1
ENSG00000237928,0.16152458,0.0,1
ENSG00000271252,0.16600385,0.0,1
ENSG00000117036,2.3661344,2.131686,1
ENSG00000135776,2.5294075,2.2706254,1
ENSG00000270106,2.4112482,0.0,1
ENSG00000142687,2.6219761,2.5494263,1
ENSG00000169914,2.3889806,2.2873313,1
ENSG00000197106,1.4196503,1.3595889,1
ENSG00000137936_2,1.4881117,2.0462103,1
ENSG00000116406,2.5763304,2.233359,1
ENSG00000117419,0.08131465,0.0,1
ENSG00000267272,1.1397232,1.1550535,1
ENSG00000117791,1.2540102,1.6268123,1
ENSG00000117115,0.3521755,0.0,1
ENSG00000162782,1.0557401,1.0777311,1
ENSG00000142920,1.1032386,0.9865478,1
ENSG00000188822,1.5557896,0.0,1
ENSG00000236719,0.264997,0.0,1
ENSG00000116688,2.1046655,2.8368871,1
ENSG00000117152_1,0.14945814,0.0,1
ENSG00000143479_1,2.3008235,0.0,1
ENSG00000143631,0.11123195,0.43239197,1
ENSG00000198691,0.08340651,0.0,1
ENSG00000227733_1,0.22379822,0.5671323,1
ENSG00000134253,1.5110564,1.3266021,1
ENSG00000171621,1.6473683,1.6234767,1
ENSG00000186007,0.107313186,0.3821972,1
ENSG00000059588,2.0861394,2.3185432,1
ENSG00000137975,0.12534636,0.0,1
ENSG00000186063,2.4547932,2.5148225,1
ENSG00000130764,2.2557352,2.5874302,1
ENSG00000130772,2.3141732,0.0,1
ENSG00000000938,2.4269602,2.6490388,1
ENSG00000184908_2,0.36697963,0.0,1
ENSG00000241794,0.09757699,0.0,1
ENSG00000117139,0.13834928,0.47259557,1
ENSG00000173171,2.0626976,1.396025,1
ENSG00000227070,1.2255638,1.7011628,1
ENSG00000162377,1.8917598,2.294197,1
ENSG00000076864_2,1.4830389,1.611075,1
ENSG00000158748,1.7866201,1.5192293,1
ENSG00000224536,2.2919993,0.0,1
ENSG00000198929_1,0.37157315,0.9685763,1
ENSG00000235527,1.4824836,0.75281644,1
ENSG00000157873,1.8512914,2.1184003,1
ENSG00000127603_2,1.7421564,2.5661192,1
ENSG00000081019,2.6273887,2.5047154,1
ENSG00000198912,2.5832002,2.665246,1
ENSG00000273338,1.6676888,0.0,1
ENSG00000143479,2.418044,1.9178782,1
ENSG00000238287,1.9280922,0.0,1
ENSG00000271601,2.1357825,2.6852937,1
ENSG00000143801,1.7498236,1.871059,1
ENSG00000187017_2,0.5184682,1.155014,1
ENSG00000117600_1,0.9301472,0.0,1
ENSG00000162736_1,0.22020075,0.7912695,1
ENSG00000058799,1.9925878,2.1021523,1
ENSG00000143457,1.1450034,2.5204115,1
ENSG00000121957,2.0164702,2.1887681,1
ENSG00000151414_1,0.102856115,0.0,1
ENSG00000143543,2.5163796,2.8182523,1
ENSG00000149527,0.49005264,0.9060925,1
ENSG00000235750,2.1900861,2.442345,1
ENSG00000126070,2.5007465,2.4328122,1
ENSG00000184148,0.080897436,0.0,1
ENSG00000143390_2,2.7750933,2.6576676,1
ENSG00000117450,2.5804107,3.76979,1
ENSG00000158825,0.47243696,0.0,1
ENSG00000162390,0.46423364,0.0,1
ENSG00000171806,2.2765489,2.1855054,1
ENSG00000126088_1,0.6517541,1.0631832,1
ENSG00000162616_1,1.9144948,0.0,1
ENSG00000162873_1,0.36214405,0.7321363,1
ENSG00000162607,2.708825,2.8188195,1
ENSG00000154305_1,2.4194787,0.0,1
ENSG00000274265,2.1825025,1.8414596,1
ENSG00000232679,0.6300801,0.0,1
ENSG00000227634,0.12088436,0.0,1
ENSG00000231246,0.14515688,0.0,1
ENSG00000085831,0.50351095,0.8633645,1
ENSG00000117593,2.6446164,2.9188688,1
ENSG00000142615,0.10360971,0.0,1
ENSG00000143248_1,2.20466,2.30659,1
ENSG00000132781_1,2.7165613,2.2770128,1
ENSG00000162460,0.2707817,0.0,1
ENSG00000162526,0.45931995,0.75024605,1
ENSG00000162852,2.599262,2.3421462,1
ENSG00000134200,0.026490837,0.0,1
ENSG00000162630,0.26874456,0.70208573,1
ENSG00000204084,2.3692656,2.4504185,1
ENSG00000137959,2.0906785,3.6577163,1
ENSG00000228526_2,1.0253229,1.6676135,1
ENSG00000163462_1,0.57303387,0.9384697,1
ENSG00000162728,0.20743993,0.0,1
ENSG00000079335_3,0.16908991,0.0,1
ENSG00000158874_1,0.28615898,1.2206049,1
ENSG00000079335_1,2.4040134,2.1197968,1
ENSG00000123472,0.10107602,0.0,1
ENSG00000049245,2.225831,2.30656,1
ENSG00000009780,2.5221553,1.6966271,1
ENSG00000171729,0.8397553,0.76520646,1
ENSG00000142661,0.6931833,0.0,1
ENSG00000232265,0.90787655,1.0204815,1
ENSG00000273274,1.0654466,1.0191579,1
ENSG00000094975,2.7940156,2.1060889,1
ENSG00000179397,1.7969885,0.0,1
ENSG00000300262,2.5020053,1.6004502,1
ENSG00000198890,1.8653536,2.7071552,1
ENSG00000174514_2,1.1026025,2.211094,1
ENSG00000130768,0.29471868,0.9284793,1
ENSG00000058085,0.78965724,0.0,1
ENSG00000073756,0.9637189,1.5712312,1
ENSG00000162772,2.4486141,2.6469955,1
ENSG00000130695,2.4194024,2.2866967,1
ENSG00000204362,0.08965255,0.0,1
ENSG00000116771,1.4728637,2.1968832,1
ENSG00000163472,2.522673,1.5516342,1
ENSG00000162747,0.16329578,0.78197783,1
ENSG00000142599_2,2.4310737,2.2144015,1
ENSG00000153898,2.419727,3.0880723,1
ENSG00000162543,0.8302696,0.0,1
ENSG00000198892_1,0.98358583,0.0,1
ENSG00000174175,0.13301452,0.0,1
ENSG00000162618_2,0.071401596,0.0,1
ENSG00000116774,0.4181743,0.0,1
ENSG00000143437,2.4073703,2.1734195,1
ENSG00000083444,2.28385,2.3708608,1
ENSG00000228971,0.047913857,0.0,1
ENSG00000023902,2.5008612,2.688829,1
ENSG00000263961,1.732756,1.0632057,1
ENSG00000236021_1,2.2438166,0.0,1
ENSG00000077157,2.2919462,2.04159,1
ENSG00000064886_1,1.254053,2.3225315,1
ENSG00000162641,0.18579355,0.71598667,1
ENSG00000290592_1,0.5916836,0.0,1
ENSG00000117525,1.3452003,1.1510326,1
ENSG00000084652,2.4332943,2.9105935,1
ENSG00000132677,0.6659726,0.0,1
ENSG00000181754,1.4642766,1.3730224,1
ENSG00000123080_1,0.6608187,0.0,1
ENSG00000163479,0.66420645,0.0,1
ENSG00000134207,1.4022907,1.3773427,1
ENSG00000116649,2.5039108,3.056783,1
ENSG00000228971_1,0.1074799,0.0,1
ENSG00000156097,0.24994761,0.0,1
ENSG00000215915,0.83546644,1.7633755,1
ENSG00000116157,1.8007417,1.7455978,1
ENSG00000156869,0.46035087,0.0,1
ENSG00000197747,0.2844719,0.0,1
ENSG00000143603,2.0134294,0.0,1
ENSG00000160716,1.0727842,1.2472365,1
ENSG00000116833,0.055664882,0.0,1
ENSG00000067606_3,0.10603359,0.0,1
ENSG00000135835,1.6418028,1.5158473,1
ENSG00000285053_1,0.32842475,0.0,1
ENSG00000163354,0.24351278,0.61806905,1
ENSG00000235545,2.2298532,0.0,1
ENSG00000143627,0.21523252,0.0,1
ENSG00000162493_2,0.22491437,0.75276273,1
ENSG00000184908_1,0.5756879,0.0,1
ENSG00000143319,2.437545,2.738366,1
ENSG00000116560,2.5015447,4.041199,1
ENSG00000116977_1,1.0098815,0.0,1
ENSG00000134369_3,0.40971893,0.0,1
ENSG00000270722,2.2208178,3.4158745,1
ENSG00000123836_1,1.5224601,0.0,1
ENSG00000088035,2.1609437,0.0,1
ENSG00000233461,2.235782,0.64794993,1
ENSG00000007923,2.1309922,2.7432353,1
ENSG00000132693,0.08379057,0.0,1
ENSG00000155816_1,0.30917454,0.0,1
ENSG00000135775,2.1480944,2.350597,1
ENSG00000122482_1,2.6995447,2.451172,1
ENSG00000118194_2,0.21351883,0.0,1
ENSG00000160783,2.302252,2.9131248,1
ENSG00000085831_2,1.6366507,1.1239822,1
ENSG00000133069_2,0.21246058,0.0,1
ENSG00000137936_3,0.1889031,0.0,1
ENSG00000224174,0.37211272,0.0,1
ENSG00000162745_1,1.1616318,0.9821808,1
ENSG00000180999,0.13770369,0.0,1
ENSG00000168159,2.608908,2.837355,1
ENSG00000202408,1.3838384,1.827895,1
ENSG00000122483_1,2.5164485,2.3961155,1
ENSG00000159176,2.2672884,2.980223,1
ENSG00000162913,0.83364916,1.0299112,1
ENSG00000291137_1,2.4872797,0.0,1
ENSG00000134644,2.581867,0.0,1
ENSG00000143353,2.3282588,2.6832263,1
ENSG00000158786,0.16265889,0.0,1
ENSG00000134245,1.4935005,1.005262,1
ENSG00000162496_1,1.3081815,1.839214,1
ENSG00000232671,2.5494893,1.3663296,1
ENSG00000285041,0.06508264,0.678846,1
ENSG00000143416,0.31519738,0.0,1
ENSG00000187801,2.4781797,1.9609462,1
ENSG00000259823,0.17046526,0.99674803,1
ENSG00000184163,1.265063,1.2463754,1
ENSG00000202056,0.54637796,0.0,1
ENSG00000198892,0.9981234,1.1087679,1
ENSG00000143344,2.3909705,2.2744582,1
ENSG00000123689,1.3709059,2.2534542,1
ENSG00000252947,0.14718261,0.85938454,1
ENSG00000054267,2.6051688,1.0122339,1
ENSG00000198799,2.3987842,1.9815286,1
ENSG00000117020_2,1.9972513,1.1109599,1
ENSG00000188786,2.2967088,2.042284,1
ENSG00000118454,2.4848208,2.5618203,1
ENSG00000287217,0.15702781,0.0,1
ENSG00000142676,2.4566073,0.0,1
ENSG00000090621_1,2.0717618,3.3206406,1
ENSG00000178104_2,0.36453152,0.0,1
ENSG00000230615,2.039242,1.3190852,1
ENSG00000164010,2.3549416,2.3437827,1
ENSG00000127423,2.359956,0.0,1
ENSG00000122420,0.9460443,1.270003,1
ENSG00000158816,0.28336975,0.0,1
ENSG00000183780_1,1.7694583,1.576157,1
ENSG00000117069,1.0828139,1.4066764,1
ENSG00000251503,2.3421242,2.4844992,1
ENSG00000155761,0.1823298,0.0,1
ENSG00000117362,2.2757406,2.5379574,1
ENSG00000215845,2.125362,2.3745835,1
ENSG00000200087,0.945935,1.610394,1
ENSG00000078808,2.6134953,2.8134768,1
ENSG00000198049,0.99484134,0.0,1
ENSG00000143147,1.5794765,1.2850394,1
ENSG00000143294,2.5853822,2.969374,1
ENSG00000143374,1.787586,2.778364,1
ENSG00000143256,2.5700305,3.0129426,1
ENSG00000198198,2.37754,2.1833751,1
ENSG00000171680,0.87298167,0.0,1
ENSG00000092850,0.7129532,1.008089,1
ENSG00000119285,2.1602974,0.0,1
ENSG00000142875_3,0.082520574,0.8613552,1
ENSG00000162892,0.14271775,0.0,1
ENSG00000185420,0.24908257,0.0,1
ENSG00000126106,2.4691463,2.1177485,1
ENSG00000198520,2.248235,0.0,1
ENSG00000238107,1.6548779,1.5378971,1
ENSG00000162413,2.4188347,2.0805542,1
ENSG00000285280,0.077511385,0.0,1
ENSG00000157978_1,0.19108629,0.0,1
ENSG00000143799,0.21525583,0.0,1
ENSG00000213085,0.623476,0.70212024,1
ENSG00000135862,2.2231872,2.3926091,1
ENSG00000163873,1.6696965,1.6116596,1
ENSG00000229953,1.507595,2.5567644,1
ENSG00000226486,0.108732134,0.0,1
ENSG00000162521,2.8265889,3.3034682,1
ENSG00000163565_3,1.0538707,2.2467446,1
ENSG00000186094,0.79728866,0.0,1
ENSG00000086015_1,0.27447957,0.0,1
ENSG00000153187_4,2.731087,3.0035036,1
ENSG00000162688,2.12458,0.0,1
ENSG00000225767,0.33810225,0.78899515,1
ENSG00000163344,2.7628355,2.278477,1
ENSG00000130762,1.4040625,1.4045259,1
ENSG00000184588_1,0.08158916,0.5553605,1
ENSG00000160050,1.1515645,2.7737865,1
ENSG00000219073,0.14750463,0.0,1
ENSG00000158793,2.4656415,2.1180828,1
ENSG00000231648,0.09545788,0.0,1
ENSG00000143365,0.38348928,0.7399756,1
ENSG00000143376,1.9722829,2.3296216,1
ENSG00000120948,2.5515862,3.2081563,1
ENSG00000134240,0.20820999,0.0,1
ENSG00000207056,0.1414277,0.0,1
ENSG00000120334_1,2.4758706,2.9142585,1
ENSG00000214114,2.3057775,2.8116915,1
ENSG00000238164,1.7347131,1.9388849,1
ENSG00000134376_1,0.0652003,0.0,1
ENSG00000085999,2.4414866,2.8026848,1
ENSG00000260088,2.6332524,2.2207355,1
ENSG00000117632_2,2.0184183,3.525199,1
ENSG00000137960_1,1.2098603,1.38144,1
ENSG00000163393,1.4579359,1.2615246,1
ENSG00000215704,0.097773895,0.0,1
ENSG00000182004_1,1.8812865,1.5821543,1
ENSG00000120937,0.8161577,0.0,1
ENSG00000304119,1.5359616,1.3292453,1
ENSG00000197323,2.6819139,2.7900176,1
ENSG00000253304,1.1664233,0.94657016,1
ENSG00000133019,1.073966,0.0,1
ENSG00000271380,2.72912,1.560815,1
ENSG00000143434,1.4376826,1.238989,1
ENSG00000118733_1,1.1958768,0.0,1
ENSG00000225630,2.645492,3.2055833,1
ENSG00000272205,2.566788,1.6934631,1
ENSG00000227959,0.5564982,0.7502692,1
ENSG00000203721,0.055725634,0.604118,1
ENSG00000134684,2.6187072,3.2860386,1
ENSG00000290569,2.1274261,0.0,1
ENSG00000183598,2.1562178,3.6603446,1
ENSG00000010072,2.4336643,1.7106842,1
ENSG00000179546,1.3211985,1.264629,1
ENSG00000183155,2.450788,2.5343091,1
ENSG00000160691_3,2.6661267,2.3868787,1
ENSG00000197747_1,1.2838254,1.3942765,1
ENSG00000054392,0.2292381,0.0,1
ENSG00000135821,2.0582082,0.0,1
ENSG00000186409,1.4032578,0.0,1
ENSG00000118193,2.2207696,2.3984382,1
ENSG00000143369,0.1438957,0.0,1
ENSG00000242252,0.6553935,0.0,1
ENSG00000092847,0.08121185,0.0,1
ENSG00000154309,1.5597414,0.0,1
ENSG00000163156,2.002649,2.6624339,1
ENSG00000198492_1,2.7667296,3.1109633,1
ENSG00000293477,1.0926958,0.0,1
ENSG00000021852,0.12585104,0.0,1
ENSG00000132698,0.4335391,0.0,1
ENSG00000117862,2.0652845,0.0,1
ENSG00000159166_1,1.1082888,1.0094934,1
ENSG00000142910,0.43399012,0.8266578,1
ENSG00000117090,2.7688816,3.7894156,1
ENSG00000223382,0.44897348,0.0,1
ENSG00000142945,2.3916302,3.0206761,1
ENSG00000152061_4,0.34764424,0.0,1
ENSG00000162896_1,0.21405318,0.0,1
ENSG00000117479,2.365164,2.0131617,1
ENSG00000116539_1,2.6471512,2.363969,1
ENSG00000137948_1,0.065318614,0.0,1
ENSG00000207181,0.6965349,0.0,1
ENSG00000121753_1,1.9135593,1.8632932,1
ENSG00000179862,0.9837049,1.4016935,1
ENSG00000197084,0.22792447,0.0,1
ENSG00000053372,2.5495977,2.3059316,1
ENSG00000159348,1.9373877,1.9294547,1
ENSG00000143156,0.9621836,0.0,1
ENSG00000117650,1.9075997,2.6254802,1
ENSG00000198520_1,0.8271961,0.0,1
ENSG00000160781,0.5630437,0.0,1
ENSG00000137944,2.3756783,1.8375254,1
ENSG00000171608,2.2597833,3.2364566,1
ENSG00000233482,0.041547187,0.0,1
ENSG00000196182,2.726323,2.01127,1
ENSG00000285910,0.12841721,1.156034,1
ENSG00000121905_2,0.6601315,0.0,1
ENSG00000143158_2,2.534642,2.7161453,1
ENSG00000159214,1.5918896,1.5132443,1
ENSG00000122223,0.48441243,1.4949279,1
ENSG00000117155,2.21562,1.9250696,1
ENSG00000244057,0.14336653,0.0,1
ENSG00000016490,0.080484495,0.0,1
ENSG00000197959,1.7041173,1.5034775,1
ENSG00000177628,0.40534475,0.96553093,1
ENSG00000157184,2.3916767,2.598983,1
ENSG00000158773,2.8777664,2.4154208,1
ENSG00000162618_1,0.06365451,0.0,1
ENSG00000132680,2.6741557,0.0,1
ENSG00000171960,1.7754879,2.7005825,1
ENSG00000127483_2,2.4865186,2.8525739,1
ENSG00000116962,2.2648952,1.8075148,1
ENSG00000177181,1.7584276,1.513191,1
ENSG00000177628_2,2.5316503,0.0,1
ENSG00000203857,0.07591236,0.0,1
ENSG00000143514_1,0.091076046,0.92510575,1
ENSG00000135773,0.2640664,0.0,1
ENSG00000074800_2,2.6022084,4.4529743,1
ENSG00000187642,0.44782615,0.0,1
ENSG00000092621,0.8274529,2.608739,1
ENSG00000290525,0.13388236,0.0,1
ENSG00000162623,2.016335,2.9327426,1
ENSG00000077522,1.6162759,1.3826113,1
ENSG00000154309_1,0.19240156,0.0,1
ENSG00000143032,1.2987481,0.8786539,1
ENSG00000116584,0.5976833,0.0,1
ENSG00000224535,0.10472548,0.0,1
ENSG00000187801_1,2.3653872,0.9368152,1
ENSG00000258082,2.8930168,1.6820999,1
ENSG00000146463,2.3618884,1.4890158,1
ENSG00000081985,1.1891701,1.0481309,1
ENSG00000189410,0.5230328,1.1020218,1
ENSG00000162734,2.363957,3.000976,1
ENSG00000116721,0.06214319,0.0,1
ENSG00000057468,0.71512985,1.339193,1
ENSG00000187862,0.16924554,0.0,1
ENSG00000143702_2,2.649362,2.5948012,1
ENSG00000085552,1.2308428,0.0,1
ENSG00000198715_1,0.35102543,0.0,1
ENSG00000203667,2.5033514,3.1821206,1
ENSG00000162520,1.2247571,0.0,1
ENSG00000067704,2.129244,2.9384112,1
ENSG00000143537,1.5145049,0.0,1
ENSG00000198700,2.4289882,2.6528747,1
ENSG00000164008,2.397448,2.1006668,1
ENSG00000203739_1,2.5810921,1.8406079,1
ENSG00000233008,0.31222883,0.0,1
ENSG00000281406_1,1.3133526,1.5176576,1
ENSG00000058673,2.183834,2.8827345,1
ENSG00000237429,1.5640668,1.3508487,1
ENSG00000196754,0.4739511,0.0,1
ENSG00000134262,2.4439673,2.0238407,1
ENSG00000117620,2.2015789,2.4263763,1
ENSG00000134668_1,0.29406914,0.0,1
ENSG00000126107,2.1103237,2.1146777,1
ENSG00000120949,0.6429628,1.1459419,1
ENSG00000188004,1.4339838,0.0,1
ENSG00000137968,0.07954702,0.0,1
ENSG00000197721,1.0763227,1.0894458,1
ENSG00000223175,0.04059866,0.0,1
ENSG00000117625,2.5340145,2.5953639,1
ENSG00000137944_1,2.438102,2.4595237,1
ENSG00000178104_1,1.0991727,0.0,1
ENSG00000143127,0.13998155,0.0,1
ENSG00000248485,1.3921423,1.6068648,1
ENSG00000143514_2,2.224675,2.1310313,1
ENSG00000162366,0.49879152,1.2291185,1
ENSG00000174514,1.53192,1.2722826,1
ENSG00000085998,2.3130538,2.2451794,1
ENSG00000162664,2.5112586,2.6375058,1
ENSG00000116701_1,2.340123,3.019158,1
ENSG00000162670_1,0.099141136,0.0,1
ENSG00000143375,1.2665832,1.0801103,1
ENSG00000280670,2.3082812,0.0,1
ENSG00000116754_1,2.5137632,3.0253263,1
ENSG00000163041_1,1.8788447,1.351487,1
ENSG00000131788_1,1.5896145,2.1652918,1
ENSG00000117601,0.1490777,0.0,1
ENSG00000143614,2.7315295,2.9605682,1
ENSG00000162636,2.3609865,2.1945698,1
ENSG00000132718,1.4375947,2.4315455,1
ENSG00000198771,2.6198175,2.7140472,1
ENSG00000081237,1.0732844,0.0,1
ENSG00000076258,0.7851776,0.0,1
ENSG00000137955_1,1.5923413,2.6396358,1
ENSG00000134186,2.6024501,2.9747374,1
ENSG00000143185,0.10491757,3.9153345,1
ENSG00000188015,0.21367866,0.0,1
ENSG00000117262,2.1104033,1.6100317,1
ENSG00000171793_1,2.4842122,1.5521204,1
ENSG00000116147,0.7475226,0.0,1
ENSG00000168275_1,2.6785822,2.2056482,1
ENSG00000196754_1,0.5268254,0.0,1
ENSG00000174348,1.1579661,1.1629227,1
ENSG00000229960,0.15995574,0.0,1
ENSG00000154429,2.0068297,2.1678548,1
ENSG00000173660,1.8658177,0.0,1
ENSG00000174950,0.5448673,0.0,1
ENSG00000134748,2.4731424,2.8818774,1
ENSG00000116478,2.4068172,3.1298027,1
ENSG00000203852,2.5424316,3.7737339,1
ENSG00000007908,0.15116733,0.0,1
ENSG00000116353,2.0065882,2.482675,1
ENSG00000131781_1,0.53567153,1.1377338,1
ENSG00000142583_1,0.9704366,0.0,1
ENSG00000171357,0.93993783,0.9716469,1
ENSG00000174606,2.541058,2.1736379,1
ENSG00000058453,0.38335723,0.9284696,1
ENSG00000143387,0.14449647,0.0,1
ENSG00000164011,2.3930352,2.1043437,1
ENSG00000125462_4,0.11843972,0.0,1
ENSG00000117748_1,2.618755,3.0108383,1
ENSG00000116983,0.79550594,0.0,1
ENSG00000158864,0.16914491,0.0,1
ENSG00000186517,2.5844867,2.4862235,1
ENSG00000227963,2.3351004,1.6823256,1
ENSG00000143257_1,0.14694369,0.0,1
ENSG00000284882,2.6168401,2.5763068,1
ENSG00000168264_1,2.5673687,2.2081456,1
ENSG00000178104_3,0.82560277,0.7981532,1
ENSG00000168710_1,2.4484663,1.3640254,1
ENSG00000117640,2.3462942,1.979143,1
ENSG00000207205,2.136343,2.8987975,1
ENSG00000198830_1,2.273864,1.3966004,1
ENSG00000126067,2.0175607,0.0,1
ENSG00000090432,1.3711026,1.8551798,1
ENSG00000162599_3,0.15272656,0.0,1
ENSG00000163554,0.045842327,0.0,1
ENSG00000163563,1.4704701,3.0261817,1
ENSG00000133069,1.4813683,1.4671491,1
ENSG00000143006,0.86878407,1.2075806,1
ENSG00000079277_1,1.7719545,1.7384158,1
ENSG00000143442_1,0.9348731,2.5801983,1
ENSG00000137948,0.6482386,0.0,1
ENSG00000117543,2.1342993,0.0,1
ENSG00000176022,2.5987017,2.0126686,1
ENSG00000117834,0.23485613,0.0,1
ENSG00000175707,1.048374,1.3299468,1
ENSG00000227533,1.7407858,0.0,1
ENSG00000143390_1,2.328628,1.5188297,1
ENSG00000271736,0.09455493,0.0,1
ENSG00000274210,2.8817616,3.1989264,1
ENSG00000182004,2.1871219,3.5859118,1
ENSG00000121851,1.8747995,2.6537614,1
ENSG00000202027,0.15379268,0.0,1
ENSG00000173369,0.27720353,1.0258995,1
ENSG00000173726,2.7238746,3.1998894,1
ENSG00000230124,2.5851448,2.468628,1
ENSG00000044012,0.3809924,0.0,1
ENSG00000011007,2.532267,2.844392,1
ENSG00000222009,1.9539511,1.4285235,1
ENSG00000134717,2.5787213,3.0656283,1
ENSG00000154380_1,1.6399385,1.3700614,1
ENSG00000171161,2.651091,2.5978706,1
ENSG00000269113,1.300586,1.156034,1
ENSG00000186364,1.9012429,1.4205333,1
ENSG00000134198,1.2175694,1.2040114,1
ENSG00000163362,0.44743502,0.0,1
ENSG00000203910,0.44545698,0.91305053,1
ENSG00000123080,2.2336628,1.8482014,1
ENSG00000179403,1.6811728,1.8648409,1
ENSG00000236963_2,0.092575535,0.0,1
ENSG00000162739,1.4492854,2.9052534,1
ENSG00000293478,0.80423796,1.8899568,1
ENSG00000143669_1,0.8545159,1.1985168,1
ENSG00000117245_1,1.2405287,1.3960074,1
ENSG00000187815,1.9978762,1.7604451,1
ENSG00000184292,1.4981283,1.6620586,1
ENSG00000162769,2.562052,2.4394748,1
ENSG00000171790,0.21041203,0.7451451,1
ENSG00000160712_1,2.0546224,1.73943,1
ENSG00000076864,1.2863773,1.0729077,1
ENSG00000197989,2.687826,3.2623348,1
ENSG00000174059,0.9815773,1.1668266,1
ENSG00000116675_1,1.7857184,1.6560886,1
ENSG00000009307,2.6401784,3.8464768,1
ENSG00000230628,0.9405935,0.0,1
ENSG00000084070,0.36428586,0.0,1
ENSG00000142867,2.7556446,2.7817626,1
ENSG00000143228,2.4331434,2.9369025,1
ENSG00000060642_1,3.0126443,1.7344158,1
ENSG00000158887,1.2864938,0.0,1
ENSG00000132781_2,2.4431703,2.4555757,1
ENSG00000074800_1,1.9693694,0.0,1
ENSG00000117697,2.4707108,2.6652489,1
ENSG00000143297,0.48189014,2.4006622,1
ENSG00000158716,1.6433196,1.5061667,1
ENSG00000116679,2.7191207,2.865981,1
ENSG00000142621_3,0.24236107,0.0,1
ENSG00000135824_2,0.77490807,0.0,1
ENSG00000224051,2.2869585,2.3897648,1
ENSG00000186891,0.78914154,1.9023075,1
ENSG00000158711,2.700384,2.2383723,1
ENSG00000153187_1,0.47442484,0.0,1
ENSG00000117245,0.6113876,0.8027395,1
ENSG00000154305,1.9164866,2.4238863,1
ENSG00000066056,0.2972359,0.0,1
ENSG00000143376_1,2.3383224,1.8191885,1
ENSG00000117620_1,1.0173272,0.0,1
ENSG00000187513,0.8683404,0.92510575,1
ENSG00000198860,2.2412865,2.2713444,1
ENSG00000135845,2.0781853,2.0870285,1
ENSG00000143520,0.059038997,0.0,1
ENSG00000117411,2.0262706,2.2170758,1
ENSG00000007341,0.70526725,0.0,1
ENSG00000197312,2.560119,2.6453536,1
ENSG00000198492,2.134484,3.0996876,1
ENSG00000273213,1.1743538,3.2965577,1
ENSG00000244094,0.07705739,0.0,1
ENSG00000258673,0.15977493,0.0,1
ENSG00000227907,0.08262649,0.0,1
ENSG00000123684,2.184014,2.4811988,1
ENSG00000175087,2.3183396,1.4368144,1
ENSG00000060656,1.3918519,1.3790697,1
ENSG00000117859_1,2.513055,2.84367,1
ENSG00000196482_4,0.71954626,0.0,1
ENSG00000197956,1.1013254,0.0,1
ENSG00000143768,0.71629846,1.668521,1
ENSG00000297423,2.6073742,1.5044165,1
ENSG00000041988_1,2.3579493,2.1406872,1
ENSG00000162687,0.2869559,0.0,1
ENSG00000143199,0.20646903,0.0,1
ENSG00000117091,2.5298188,3.7228699,1
ENSG00000117054_2,2.4598632,3.2250843,1
ENSG00000132702,0.14339681,0.0,1
ENSG00000169213,1.0777186,0.9267539,1
ENSG00000236427,0.82841414,0.0,1
ENSG00000135744_1,0.09335253,0.0,1
ENSG00000180758,2.172997,1.5659304,1
ENSG00000154027_1,0.34936932,0.80270535,1
ENSG00000162384,2.5659568,2.1672554,1
ENSG00000197568,2.4758873,2.1178775,1
ENSG00000162891,0.17673472,0.7374153,1
ENSG00000092978,1.898572,0.0,1
ENSG00000284657,2.4851966,1.8990705,1
ENSG00000118197,2.6465864,2.2799177,1
ENSG00000156150,0.3472023,0.0,1
ENSG00000162735,0.40244168,0.0,1
ENSG00000227421,0.04841607,0.0,1
ENSG00000291129,0.83817816,1.6268226,1
ENSG00000143627_1,0.18467933,0.0,1
ENSG00000185668,1.7858741,2.386142,1
ENSG00000143549,0.32924387,0.0,1
ENSG00000171680_5,1.1895783,1.2415042,1
ENSG00000125944,2.665188,3.3358288,1
ENSG00000143303_1,2.3909447,1.2110671,1
ENSG00000162745,0.22037774,0.0,1
ENSG00000260971,0.112994656,0.0,1
ENSG00000082512,2.1249626,2.5277717,1
ENSG00000183853,1.0263189,0.90955603,1
ENSG00000223883,0.18539882,0.0,1
ENSG00000008130,2.5161908,2.0934882,1
ENSG00000229956,1.8342706,0.0,1
ENSG00000117410,2.4242377,2.5421567,1
ENSG00000198468,2.2502332,0.0,1
ENSG00000048707_1,0.5298332,0.0,1
ENSG00000143257,0.15708077,0.0,1
ENSG00000158874,0.4235821,1.1142439,1
ENSG00000263956,1.7657021,1.6224524,1
ENSG00000186283,2.467086,2.6561422,1
ENSG00000090020,2.5349224,2.37212,1
ENSG00000134709,1.9276192,1.5784558,1
ENSG00000049247,0.0636673,0.0,1
ENSG00000137965,0.969916,3.319333,1
ENSG00000174574,2.4415677,2.9102812,1
ENSG00000125462_1,1.0405288,1.0544828,1
ENSG00000233791_1,2.6640136,1.932631,1
ENSG00000116729,0.6483823,0.8861522,1
ENSG00000117500,2.8230033,2.8508434,1
ENSG00000162779,2.140308,1.0052878,1
ENSG00000171492,2.4063222,2.1830478,1
ENSG00000197622,2.4417245,3.018276,1
ENSG00000235782,0.078089654,0.0,1
ENSG00000203666,1.1031791,1.4680666,1
ENSG00000122432,2.5530212,2.3999054,1
ENSG00000162385,2.1667774,0.0,1
ENSG00000162365,0.20783752,0.0,1
ENSG00000198715,0.8756108,0.0,1
ENSG00000173627,0.40577105,0.0,1
ENSG00000277344,0.43859112,0.0,1
ENSG00000143321,1.8229781,1.8048683,1
ENSG00000162836,1.6657355,1.3424128,1
ENSG00000143452,0.2118243,0.0,1
ENSG00000142669,2.3902016,0.0,1
ENSG00000163565,0.27195966,0.0,1
ENSG00000143412,0.15935309,1.4166987,1
ENSG00000137942,1.4216771,1.3748399,1
ENSG00000064703_2,2.5928435,2.5381362,1
ENSG00000237950,2.5192432,0.0,1
ENSG00000198734,0.890103,0.0,1
ENSG00000078900,2.2837756,2.3812559,1
ENSG00000117010,1.8065395,1.945237,1
ENSG00000261595,1.6316035,0.0,1
ENSG00000228526,2.2555397,2.2995944,1
ENSG00000198842,0.15637408,0.0,1
ENSG00000142655,1.8874996,2.6824753,1
ENSG00000229989,0.3097126,0.0,1
ENSG00000117594_1,0.16079162,0.0,1
ENSG00000177301,0.1994355,0.0,1
ENSG00000291234,0.71841264,0.0,1
ENSG00000291072,2.8975348,1.8387798,1
ENSG00000203710,1.4993765,2.0166073,1
ENSG00000162551_1,0.15634647,0.7076553,1
ENSG00000168243,1.527826,1.3701243,1
ENSG00000185155,1.5192099,1.3430736,1
ENSG00000184144_1,0.98198676,1.2828645,1
ENSG00000143753,2.6343648,2.7327476,1
ENSG00000203985,0.17977877,0.0,1
ENSG00000236782,0.16339108,0.0,1
ENSG00000160075,2.5659564,2.0343757,1
ENSG00000162482,1.21612,1.2646054,1
ENSG00000291135,0.09577969,0.0,1
ENSG00000183856,0.867464,1.6814493,1
ENSG00000162650,2.2495039,2.2526639,1
ENSG00000143226_1,0.19255298,0.0,1
ENSG00000118298_1,0.37325078,1.0163772,1
ENSG00000168264,1.5618795,2.399248,1
ENSG00000231365,2.678963,2.8946095,1
ENSG00000182118,1.6218596,1.4436853,1
ENSG00000143702_3,2.437487,1.7087556,1
ENSG00000117298,0.36687988,1.2224563,1
ENSG00000291158,0.41341293,0.0,1
ENSG00000159023_1,2.244072,2.1205344,1
ENSG00000288825,2.9822834,3.8223243,1
ENSG00000154027_3,1.1791394,0.0,1
ENSG00000142794,1.3910835,1.8468008,1
ENSG00000162522_2,0.5470645,0.0,1
ENSG00000116675_2,0.1256638,0.0,1
ENSG00000233008_1,0.6406793,0.0,1
ENSG00000207349,0.50286984,0.0,1
ENSG00000143401_1,2.363197,3.523174,1
ENSG00000143669,2.5764327,1.892929,1
ENSG00000185278,2.2396774,1.8569704,1
ENSG00000207340,0.6237797,0.0,1
ENSG00000160691_2,0.8351059,1.6410873,1
ENSG00000143450_1,0.08659828,0.0,1
ENSG00000178585,2.4384708,2.205356,1
ENSG00000163485_1,0.50220656,1.1904718,1
ENSG00000266472,1.3521733,3.0421462,1
ENSG00000001460,0.90185297,1.4184008,1
ENSG00000160785,2.3157122,2.572932,1
ENSG00000188672_1,1.8388236,1.3603017,1
ENSG00000152332,2.2085457,2.8821783,1
ENSG00000075151_1,1.6259483,1.4781479,1
ENSG00000229258,0.28602123,0.6478718,1
ENSG00000066294,0.99601495,2.4229558,1
ENSG00000143473,1.2435079,0.99677426,1
ENSG00000197147,2.5023918,2.2418702,1
ENSG00000134215,0.08099872,0.0,1
ENSG00000117560,0.8107283,1.3018327,1
ENSG00000226758,0.062357962,0.0,1
ENSG00000178715,0.3385161,1.8119702,1
ENSG00000126698,2.0227854,0.0,1
ENSG00000117153,2.4033275,2.3819358,1
ENSG00000143322,0.08243263,0.0,1
ENSG00000271723,0.10523604,0.0,1
ENSG00000085491,1.6798877,2.365516,1
ENSG00000142632_2,0.21641508,0.0,1
ENSG00000162813_1,1.084619,0.90607095,1
ENSG00000162434,2.2920902,2.5316067,1
ENSG00000244038,2.5220492,2.9782107,1
ENSG00000142623,0.12651081,0.0,1
ENSG00000155380_1,2.589423,3.106806,1
ENSG00000116670,2.0472388,2.225348,1
ENSG00000234754,0.0864287,0.0,1
ENSG00000291158_3,1.7670982,1.8041872,1
ENSG00000177628_1,0.53286946,2.0624766,1
ENSG00000213088,0.3773801,0.0,1
ENSG00000134256,0.6874378,0.0,1
ENSG00000078369,2.4514463,1.9102187,1
ENSG00000186160,0.07739431,0.0,1
ENSG00000204219,1.1506143,1.0940937,1
ENSG00000159592_2,1.9467282,0.0,1
ENSG00000291158_2,2.0173154,2.4165573,1
ENSG00000163867,2.2244046,2.2785707,1
ENSG00000160753_2,1.4895334,2.105166,1
ENSG00000169598,2.1889038,2.0622735,1
ENSG00000183347,0.21996158,0.0,1
ENSG00000237976,2.4688346,2.7431726,1
ENSG00000143420,2.610604,0.0,1
ENSG00000049089_2,1.1163061,1.0390967,1
ENSG00000142623_1,0.19361973,0.0,1
ENSG00000142789,0.18827212,0.0,1
ENSG00000162923_1,0.14674,0.0,1
ENSG00000201609,0.11559299,0.0,1
ENSG00000135747,1.6282711,1.9024429,1
ENSG00000116750,2.6779802,2.961849,1
ENSG00000226891,0.9203656,0.0,1
ENSG00000263513,2.3276455,0.0,1
ENSG00000142949_1,1.6664858,1.5769055,1
ENSG00000172456_1,2.5339847,1.85083,1
ENSG00000188800,0.2338036,0.0,1
ENSG00000162383,0.2683009,1.218903,1
ENSG00000197880,0.41546673,0.0,1
ENSG00000134389,0.043668948,0.0,1
ENSG00000154429_2,1.4027035,1.8021817,1
ENSG00000234222_1,2.4829514,1.9726586,1
ENSG00000143379,2.0248384,1.9195853,1
ENSG00000160789_3,0.17080069,0.0,1
ENSG00000224616,2.189057,1.2583115,1
ENSG00000116641,2.31467,2.08743,1
ENSG00000162496,0.9035289,1.171785,1
ENSG00000212144,0.06389111,0.0,1
ENSG00000168765,1.8909409,2.5133908,1
ENSG00000143851_2,0.9889903,1.5350155,1
ENSG00000162493_1,0.72584045,0.0,1
ENSG00000134193,0.06675461,0.0,1
ENSG00000117139_1,1.4436308,1.0765312,1
ENSG00000153187,0.18931514,2.3270645,1
ENSG00000287452,0.10630499,0.0,1
ENSG00000162910,2.1937344,2.5459685,1
ENSG00000197852,1.5007552,1.8182985,1
ENSG00000233791,0.9197684,0.0,1
ENSG00000197056,1.5506885,1.7644153,1
ENSG00000134250,1.8465711,1.546925,1
ENSG00000233079_1,0.10210374,0.0,1
ENSG00000162817,1.4315574,1.5755111,1
ENSG00000188404_1,1.2663145,3.3267577,1
ENSG00000142937,2.6508033,3.3731768,1
ENSG00000143222,1.9705889,3.0145876,1
ENSG00000274020,0.120077446,0.0,1
ENSG00000213047_2,1.5818027,1.5114822,1
ENSG00000116830,2.5493884,2.7618835,1
ENSG00000153187_5,2.786145,4.0270557,1
ENSG00000207501,2.3327694,3.3327978,1
ENSG00000116191,1.9238081,1.8536191,1
ENSG00000127054,2.3655336,2.8996181,1
ENSG00000230426,0.57070947,0.0,1
ENSG00000226067_1,1.8257784,1.1499884,1
ENSG00000225880,2.3422418,2.0101302,1
ENSG00000158850,2.1841676,2.5067904,1
ENSG00000197785,2.5573196,2.8766997,1
ENSG00000265808,2.0017905,3.1880336,1
ENSG00000143554,1.7419269,1.5994354,1
ENSG00000116785,0.11765285,0.0,1
ENSG00000154370,1.9711616,2.529158,1
ENSG00000158485,0.1892142,0.0,1
ENSG00000228063,1.9687185,1.4095274,1
ENSG00000186205,1.4259849,1.5026183,1
ENSG00000273002,1.7828138,1.9567398,1
ENSG00000226835,1.5972946,0.0,1
ENSG00000287445,1.539055,1.0717385,1
ENSG00000116133,2.3726494,3.1143107,1
ENSG00000155367,1.7260686,1.260739,1
ENSG00000120942,2.342176,2.7220478,1
ENSG00000143337_2,2.9230664,2.9037952,1
ENSG00000069702,1.8547661,1.77938,1
ENSG00000178796,1.2853578,1.5298793,1
ENSG00000117475_1,1.6613159,1.7344813,1
ENSG00000196418_1,2.208959,2.1185193,1
ENSG00000116212_1,2.152056,2.3796318,1
ENSG00000231252,0.14427179,0.3938734,1
ENSG00000203705,2.500263,2.5443497,1
ENSG00000142632,1.3308299,1.080085,1
ENSG00000117411_1,1.0301514,1.2753482,1
ENSG00000049089,0.6131643,0.8843138,1
ENSG00000134222,2.1053593,1.446767,1
ENSG00000143164,2.1675766,2.7528012,1
ENSG00000133063,0.18487546,0.0,1
ENSG00000284686,0.105063096,0.0,1
ENSG00000131238,1.626591,2.8998358,1
ENSG00000177000,0.1818268,0.0,1
ENSG00000127074,0.20108521,0.0,1
ENSG00000186141,2.4443233,2.7768986,1
ENSG00000117523_1,0.093087405,0.0,1
ENSG00000142959,0.1502792,0.0,1
ENSG00000168264_2,2.6557152,3.2787879,1
ENSG00000163346,1.2919534,0.0,1
ENSG00000243710,2.1885977,1.0569962,1
ENSG00000116984,2.4435189,2.7247329,1
ENSG00000157870,2.0955622,1.6721256,1
ENSG00000117481_1,2.1702483,0.0,1
ENSG00000121933,0.35815662,0.0,1
ENSG00000181817,2.3437996,2.3698168,1
ENSG00000187147,0.99220216,2.0575633,1
ENSG00000143493,2.917974,2.4881048,1
ENSG00000117707,1.4049053,1.5921879,1
ENSG00000130770,2.5264018,3.704522,1
ENSG00000065243_1,2.5215619,1.3023742,1
ENSG00000116161_1,2.9291086,3.5379148,1
ENSG00000159164,0.38944834,0.0,1
ENSG00000047410,2.7321384,3.101977,1
ENSG00000173372_1,0.19351557,0.0,1
ENSG00000151418,0.112189904,0.0,1
ENSG00000158887_1,0.272112,1.4879793,1
ENSG00000203786,0.08228466,0.0,1
ENSG00000171735_1,1.4998698,1.7017579,1
ENSG00000052723,2.3454711,2.9333618,1
ENSG00000169231,0.35940284,0.0,1
ENSG00000123472_1,2.3695965,2.4061823,1
ENSG00000143842_1,0.048483267,0.0,1
ENSG00000198830,2.4464731,3.5167732,1
ENSG00000290683,2.2063982,2.8724248,1
ENSG00000143437_1,2.4125948,2.300791,1
ENSG00000121769,0.7147794,0.0,1
ENSG00000116852,1.954139,2.5824633,1
ENSG00000171786,0.4557039,0.0,1
ENSG00000117122_1,1.011317,1.1491082,1
ENSG00000199377,2.1318486,4.507385,1
ENSG00000116544,1.5788999,1.4301234,1
ENSG00000143315,1.9353607,2.09072,1
ENSG00000117266,0.82576704,1.7270367,1
ENSG00000168528_2,1.0554134,1.0986784,1
ENSG00000162415,1.4530847,1.380356,1
ENSG00000117419_1,1.9628694,0.0,1
ENSG00000132849_1,0.10646215,0.0,1
ENSG00000173207,2.9375603,3.0630443,1
ENSG00000173218,1.7698061,1.8426716,1
ENSG00000213625,2.439213,2.3214328,1
ENSG00000240563,0.19444457,0.47259557,1
ENSG00000121775,2.5431116,2.437657,1
ENSG00000162704,2.720588,3.732504,1
ENSG00000162843,0.05666499,0.0,1
ENSG00000157916,2.479944,2.9718852,1
ENSG00000143786,0.08005175,0.0,1
ENSG00000123091,2.5071614,2.0511525,1
ENSG00000117020_3,1.4202263,1.0232112,1
ENSG00000158615,2.9973109,2.8071568,1
ENSG00000142634,2.2279594,3.1755002,1
ENSG00000116584_1,2.5915825,1.5021812,1
ENSG00000198160,2.660907,2.6253545,1
ENSG00000137996,2.1991487,3.0976112,1
ENSG00000143418_2,2.1573431,2.4164724,1
ENSG00000286383,0.0867856,0.0,1
ENSG00000169241_1,2.328669,2.4791808,1
ENSG00000188770,0.12986338,0.0,1
ENSG00000116675,0.11309375,0.0,1
ENSG00000187583,1.0133281,1.2074647,1
ENSG00000284770,1.8571565,0.0,1
ENSG00000162441,1.4163489,0.0,1
ENSG00000198746,2.0005407,1.9996959,1
ENSG00000084623_1,2.0638807,3.3595605,1
ENSG00000123473,2.4036934,2.5672886,1
ENSG00000143110,0.33053508,0.0,1
ENSG00000185483,1.5066279,1.3443923,1
ENSG00000213057,2.0496428,1.1580005,1
ENSG00000132122_2,1.1587299,1.256785,1
ENSG00000170989_1,2.069994,0.0,1
ENSG00000211452,0.20503843,1.1397815,1
ENSG00000285554,2.5013454,2.385474,1
ENSG00000116171,1.183645,1.7946972,1
ENSG00000000460,2.1991198,0.0,1
ENSG00000163131,1.1538455,0.0,1
ENSG00000143793_1,1.7474163,2.4042861,1
ENSG00000010165,2.2450883,2.1504679,1
ENSG00000137936,0.17710999,0.0,1
ENSG00000142657,2.2880485,3.119945,1
ENSG00000274020_1,2.2759316,2.2021122,1
ENSG00000049249,0.18803719,0.0,1
ENSG00000074800,0.45576632,1.6535888,1
ENSG00000117859,0.830751,2.4150386,1
ENSG00000065978_1,2.410459,2.2016702,1
ENSG00000122406,2.4639912,4.19076,1
ENSG00000132879,1.0001518,1.6403124,1
ENSG00000266094,2.3913174,2.8937674,1
ENSG00000130762_1,0.415349,0.0,1
ENSG00000185630,1.0229907,0.9670516,1
ENSG00000178096,1.2321811,0.0,1
ENSG00000143851,1.7449529,1.7752753,1
ENSG00000142864,2.8817604,3.8623426,1
ENSG00000016602,0.046955295,0.0,1
ENSG00000118873,2.455396,2.3920865,1
ENSG00000097096,1.8464357,1.3564657,1
ENSG00000134668,0.21307108,0.0,1
ENSG00000172380,1.3009064,2.6199954,1
ENSG00000236963,0.09629887,0.0,1
ENSG00000233730,0.3564071,0.0,1
ENSG00000121957_1,2.0042017,1.3989291,1
ENSG00000143552,0.40332478,0.0,1
ENSG00000186197_1,1.4952463,1.7344638,1
ENSG00000162378,2.0298069,2.3225956,1
ENSG00000116329,1.6562463,1.38144,1
ENSG00000214193_1,1.7805775,1.9410118,1
ENSG00000169241,1.2155341,1.6611205,1
ENSG00000163879,0.21582904,0.0,1
ENSG00000160678,0.312906,0.6005852,1
ENSG00000158156,1.9903681,1.684944,1
ENSG00000158864_1,2.5781028,3.0928996,1
ENSG00000185420_1,1.7035217,2.2990975,1
ENSG00000162736,2.7126193,2.8681917,1
ENSG00000122218,2.6901221,2.9426231,1
ENSG00000157216,0.113609016,0.6110964,1
ENSG00000142765,0.8496003,1.9995655,1
ENSG00000227496,0.10024646,0.0,1
ENSG00000117115_1,1.2159388,1.82217,1
ENSG00000136630,1.1168449,1.4737934,1
ENSG00000177301_2,1.5238965,1.7227162,1
ENSG00000287516,0.04463791,0.0,1
ENSG00000273727,0.8755689,0.0,1
ENSG00000143443,1.3515136,1.3150252,1
ENSG00000143772,0.9427171,2.2266128,1
ENSG00000243284,0.2211327,0.0,1
ENSG00000074800_3,2.924945,2.7467275,1
ENSG00000162591,1.4483931,1.3966352,1
ENSG00000143153_1,1.9873283,2.4354987,1
ENSG00000183114,1.1377113,1.1418573,1
ENSG00000117450_1,0.225559,0.0,1
ENSG00000116285,1.950975,1.8174398,1
ENSG00000127603_1,0.9648279,1.5715947,1
ENSG00000185860,0.079619974,0.0,1
ENSG00000088280_1,1.3333204,1.1153775,1
ENSG00000136636_1,0.14077443,0.0,1
ENSG00000237853,0.107729524,0.0,1
ENSG00000160803,2.3909292,2.1557245,1
ENSG00000075391,1.7027564,1.2528287,1
ENSG00000159658,2.5395565,2.6299586,1
ENSG00000235358,2.2667754,1.2901905,1
ENSG00000076356,1.5581801,1.4527521,1
ENSG00000116793,2.450121,1.3045552,1
ENSG00000233621,2.142543,0.0,1
ENSG00000133019_1,1.3654096,1.1408222,1
ENSG00000156869_1,1.171315,0.0,1
ENSG00000184270,2.760204,3.5729365,1
ENSG00000031698,2.1183865,2.2854314,1
ENSG00000064703,1.3876798,1.8499658,1
ENSG00000196482,0.20506707,0.0,1
ENSG00000213047_1,1.9746714,1.6539358,1
ENSG00000204138,2.3153338,2.2486057,1
ENSG00000117016_1,1.2078861,1.9109604,1
ENSG00000143603_1,1.1591477,2.5669687,1
ENSG00000264294,2.67631,2.0977397,1
ENSG00000224051_1,1.5594711,0.0,1
ENSG00000126091,2.5478075,2.172016,1
ENSG00000132881,2.1817398,0.0,1
ENSG00000142611,1.4102254,1.3748583,1
ENSG00000170498,0.30095562,0.0,1
ENSG00000143624,2.9865358,2.8077028,1
ENSG00000072694,1.2191894,0.0,1
ENSG00000189409,0.89364195,0.0,1
ENSG00000131591,1.7901711,1.8474,1
ENSG00000121310,1.340042,1.0443437,1
ENSG00000163565_2,2.0649502,3.6110847,1
ENSG00000117616_1,2.57176,2.7379348,1
ENSG00000174332_1,1.7671576,1.4358603,1
ENSG00000162909_1,1.8183128,2.0049744,1
ENSG00000285728,2.1779,0.0,1
ENSG00000287808,1.9949753,0.0,1
ENSG00000174371,2.3439648,2.291775,1
ENSG00000133019_2,0.12873589,0.0,1
ENSG00000097021_2,2.3711116,2.7547488,1
ENSG00000134249,0.32603043,0.0,1
ENSG00000070785,1.3861955,0.0,1
ENSG00000157933,1.9843247,1.3825933,1
ENSG00000162676_1,1.760653,2.299747,1
ENSG00000171517,1.3018249,1.0594498,1
ENSG00000162402,2.449146,2.3900921,1
ENSG00000235169,0.9847803,0.9639766,1
ENSG00000203804,2.469284,0.8159561,1
ENSG00000143578_1,2.064545,0.0,1
ENSG00000143324,2.114803,2.3833396,1
ENSG00000122481,1.9630098,2.3671284,1
ENSG00000230337,1.7294719,1.769067,1
ENSG00000160710,2.6713064,3.0776985,1
ENSG00000198744,2.8845587,3.5870147,1
ENSG00000116497,2.634071,2.2168517,1
ENSG00000203685,1.5955391,1.3849982,1
ENSG00000133067_1,0.112410426,0.50498706,1
ENSG00000230461,0.109280914,0.0,1
ENSG00000159592_1,2.9073517,2.721508,1
ENSG00000286391,1.26051,0.5180662,1
ENSG00000127129,1.026234,1.2814356,1
ENSG00000163050,2.5493705,1.9958282,1
ENSG00000143469,0.13440864,0.0,1
ENSG00000116774_1,0.17943698,0.0,1
ENSG00000156876,2.1699002,2.679417,1
ENSG00000168653,2.3774195,3.6784976,1
ENSG00000207475,0.24167323,0.0,1
ENSG00000120334,1.8082073,1.8158765,1
ENSG00000155366,2.1262276,0.0,1
ENSG00000231663,2.2901206,0.0,1
ENSG00000291158_1,2.2189171,2.4979932,1
ENSG00000291123,1.3731879,1.7729082,1
ENSG00000186007_1,0.46996212,0.0,1
ENSG00000160051,1.5270596,1.690243,1
ENSG00000215808,0.13064277,0.0,1
ENSG00000143248,0.14016253,0.0,1
ENSG00000197959_1,0.070350975,0.0,1
ENSG00000134686,2.3949878,1.7333739,1
ENSG00000116521,1.8326064,1.0259078,1
ENSG00000020633,2.6028268,3.2122517,1
ENSG00000119283,1.2415918,1.4628022,1
ENSG00000116199,2.1943977,2.193959,1
ENSG00000163534,0.14580043,0.0,1
ENSG00000040487,2.2589884,1.9033668,1
ENSG00000169442,1.8127657,3.5553665,1
ENSG00000162909_2,0.341057,0.0,1
ENSG00000171680_3,1.3398596,1.3286242,1
ENSG00000133226,2.8860817,3.306099,1
ENSG00000172031,1.2594395,1.5843538,1
ENSG00000228536_2,0.17698754,0.0,1
ENSG00000054116,2.6845913,2.690699,1
ENSG00000085465,0.2351825,0.0,1
ENSG00000291157,0.15388224,0.0,1
ENSG00000142871,1.4775159,1.3583156,1
ENSG00000143612,2.2847903,3.0090513,1
ENSG00000198400,0.36355734,0.0,1
ENSG00000175137,2.1788056,1.4044368,1
ENSG00000199879,0.7223532,1.9382274,1
ENSG00000224870,2.5472956,2.1965299,1
ENSG00000066027_1,0.10060747,0.0,1
ENSG00000188396,1.7849247,0.0,1
ENSG00000143355,0.17502452,0.0,1
ENSG00000116161,2.4567826,2.2452657,1
ENSG00000127603_3,0.65248036,1.6186202,1
ENSG00000180875,0.72917545,0.0,1
ENSG00000164007,0.7065728,0.0,1
ENSG00000179051,2.3826506,3.124501,1
ENSG00000107404,2.2404068,1.9770099,1
ENSG00000117155_1,2.3750699,2.2776322,1
ENSG00000277610,1.3207068,0.0,1
ENSG00000131233,0.066859126,0.0,1
ENSG00000143224,1.9679885,1.838978,1
ENSG00000143793,2.3488054,2.2260945,1
ENSG00000163468_1,2.3802407,3.7028673,1
ENSG00000233593_1,1.0056771,1.4563661,1
ENSG00000116337_3,2.1144385,0.0,1
ENSG00000116750_1,2.1290247,1.7409229,1
ENSG00000163239_1,1.1306549,0.0,1
ENSG00000162819_1,2.0244844,1.9744458,1
ENSG00000119280,1.5274606,1.6563761,1
ENSG00000121903,1.7869589,1.6919916,1
ENSG00000282048,0.10218018,0.0,1
ENSG00000127125,2.7468753,2.6505377,1
ENSG00000176092,0.3213517,0.0,1
ENSG00000227066,0.19010693,0.0,1
ENSG00000186790,1.5571561,1.5591762,1
ENSG00000088280,0.35550103,0.0,1
ENSG00000169224_1,0.15939848,0.0,1
ENSG00000122180,0.4879961,0.0,1
ENSG00000174502,0.09948315,1.0150453,1
ENSG00000143499,2.3204358,2.0640085,1
ENSG00000067208,0.08217381,0.0,1
ENSG00000117519,1.5596266,1.9830035,1
ENSG00000203666_1,1.9697468,1.3724701,1
ENSG00000163399,2.3450887,3.2527585,1
ENSG00000116670_2,1.4460467,1.4647131,1
ENSG00000196189,0.411024,0.0,1
ENSG00000204138_1,0.44926357,0.0,1
ENSG00000291199,0.49795765,0.9078358,1
ENSG00000171385_1,1.8948554,1.5837314,1
ENSG00000237728,0.26346228,0.0,1
ENSG00000084623,0.35678276,0.70489657,1
ENSG00000116882,0.11605644,0.0,1
ENSG00000132122_1,1.2435162,0.8805735,1
ENSG00000116171_1,0.73541164,0.0,1
ENSG00000143502,1.6626296,0.0,1
ENSG00000183888,0.18432862,0.0,1
ENSG00000163191,1.0444136,0.0,1
ENSG00000159588,0.19282535,0.0,1
ENSG00000184588_3,0.19704062,0.0,1
ENSG00000070886,1.6769485,1.6400838,1
ENSG00000198821,0.52293247,1.0557222,1
ENSG00000126091_1,0.17393842,0.0,1
ENSG00000244020,0.28517854,0.9113281,1
ENSG00000236021,2.5238323,1.7983744,1
ENSG00000272438,1.575427,1.2908356,1
ENSG00000082512_1,2.4680035,2.3146024,1
ENSG00000162836_1,1.3799126,1.3325273,1
ENSG00000143811,2.4721723,2.477989,1
ENSG00000116981,1.1750052,1.465704,1
ENSG00000122435,2.1997213,2.4945483,1
ENSG00000143158,2.8248208,2.8129294,1
ENSG00000171492_2,2.2215292,2.1349099,1
ENSG00000189171_1,2.58558,3.1648405,1
ENSG00000234694,2.1135676,1.5119195,1
ENSG00000230426_2,0.111297265,0.0,1
ENSG00000143119_1,2.0315886,3.1615837,1
ENSG00000090273,2.4088314,3.4186046,1
ENSG00000143179_1,2.5246685,2.5938075,1
ENSG00000189195,0.69323474,1.0871422,1
ENSG00000054392_1,2.2262282,1.7747797,1
ENSG00000197429,2.740286,1.9100852,1
ENSG00000131686,0.3131167,0.0,1
ENSG00000058804,2.611532,2.9215217,1
ENSG00000229588,0.46641707,1.1764386,1
ENSG00000224259,0.11759746,0.0,1
ENSG00000142892,1.1346608,0.0,1
ENSG00000198952,2.567481,2.8562272,1
ENSG00000136634_1,0.6116559,1.3754076,1
ENSG00000240386,0.19474766,0.0,1
ENSG00000162522,1.8090061,1.323314,1
ENSG00000263528,1.1549566,2.3836772,1
ENSG00000064886,0.38413697,0.0,1
ENSG00000116717,2.3180826,2.9312508,1
ENSG00000143595,0.15700501,0.0,1
ENSG00000196660_1,0.64491177,1.1031878,1
ENSG00000143740_1,2.1694634,2.2662716,1
ENSG00000198216_1,0.7587086,1.9925358,1
ENSG00000121753,0.32215035,0.58971506,1
ENSG00000143384,2.6569445,3.1606336,1
ENSG00000227868,0.07821445,0.0,1
ENSG00000162654,1.0250555,2.7025702,1
ENSG00000203785,0.10081717,0.0,1
ENSG00000197472,1.5162462,0.6381597,1
ENSG00000162757,2.331597,1.7539529,1
ENSG00000118655,2.668898,2.5604663,1
ENSG00000143847,1.752074,1.9408699,1
ENSG00000187980,0.4689194,0.0,1
ENSG00000215906,0.09914577,0.0,1
ENSG00000081692,2.3666947,0.0,1
ENSG00000131584,2.383175,1.6374497,1
ENSG00000158022,0.0965336,0.7772767,1
ENSG00000163156_1,1.5274525,0.6666958,1
ENSG00000291068,2.1868143,1.9559474,1
ENSG00000135778,1.6732211,2.529651,1
ENSG00000162923,2.2430346,2.9410243,1
ENSG00000073754,0.10517445,0.0,1
ENSG00000137955,2.291734,3.2579257,1
ENSG00000162849,1.089718,0.6728734,1
ENSG00000143196,0.17225978,0.0,1
ENSG00000162598,0.31494936,0.55932,1
ENSG00000228606,0.88920414,1.3023525,1
ENSG00000153029,1.8609645,0.0,1
ENSG00000116748_1,0.13207217,0.0,1
ENSG00000116783,0.10253984,0.0,1
ENSG00000137936_1,1.3661486,0.8824335,1
ENSG00000163154,1.2035248,0.0,1
ENSG00000285873,1.8950568,1.7755085,1
ENSG00000163472_1,0.2606057,0.0,1
ENSG00000156875,2.538164,2.8393824,1
ENSG00000185842_1,0.041622356,0.0,1
ENSG00000143368,2.5266914,3.2990057,1
ENSG00000178104,1.2525325,1.0351895,1
ENSG00000123843,0.13701794,0.0,1
ENSG00000116198_1,2.1182425,2.2838256,1
ENSG00000187889,0.3817081,0.0,1
ENSG00000158859,0.49831444,1.1345915,1
ENSG00000253097,0.08950676,0.0,1
ENSG00000143320,0.6708416,0.0,1
ENSG00000198483,0.78561586,0.0,1
ENSG00000204160_1,0.52192754,1.3918874,1
ENSG00000069424,2.3576906,2.1910121,1
ENSG00000121446,0.10655777,0.0,1
ENSG00000143028,1.5642643,1.5039405,1
ENSG00000085831_1,1.5256326,0.0,1
ENSG00000228536_1,0.24221715,0.0,1
ENSG00000177000_2,2.5559309,1.8597505,1
ENSG00000116580,1.914879,2.4530935,1
ENSG00000177414,0.14744972,0.0,1
ENSG00000197520,0.10021563,0.0,1
ENSG00000188931,0.3280511,0.5513524,1
ENSG00000117305,2.113027,0.0,1
ENSG00000135835_2,0.5119931,1.0378247,1
ENSG00000152760,0.71517324,1.1263165,1
ENSG00000286106,1.793211,1.4117712,1
ENSG00000122484,2.3884294,2.5335991,1
ENSG00000198837,2.3463125,2.141732,1
ENSG00000143333,2.1729748,2.963951,1
ENSG00000227181,0.10527395,0.0,1
ENSG00000116251_2,1.5059988,1.4911796,1
ENSG00000134744_1,2.0087063,2.1110642,1
ENSG00000163216,0.07194182,0.0,1
ENSG00000234476,0.38216197,0.0,1
ENSG00000160055,2.3021884,1.6724396,1
ENSG00000213512,0.09906396,0.0,1
ENSG00000136636,2.0855308,2.4317658,1
ENSG00000224609,1.2563715,0.0,1
ENSG00000157181,2.3928392,2.277788,1
ENSG00000234741_1,2.2705305,3.0702116,1
ENSG00000160062,1.1177063,1.512284,1
ENSG00000163202,0.13388394,0.0,1
ENSG00000085832,0.11198169,0.9545802,1
ENSG00000163221,0.17524509,0.0,1
ENSG00000295836,1.4546742,1.1782861,1
ENSG00000158714,0.38288784,0.0,1
ENSG00000228526_1,1.0623531,0.0,1
ENSG00000232093,1.7455535,1.3589243,1
ENSG00000187961,1.8630424,2.1310601,1
ENSG00000078618_1,0.9932687,0.0,1
ENSG00000135749,1.7528167,2.230178,1
ENSG00000143570_1,2.5037577,1.8465846,1
ENSG00000142694,1.1566628,1.3601085,1
ENSG00000173728,0.3312792,0.0,1
ENSG00000288905,0.50954145,0.0,1
ENSG00000169905,1.189518,2.7762935,1
ENSG00000196352_2,0.19187784,0.0,1
ENSG00000227006,0.2487292,0.0,1
ENSG00000162391,0.63844514,0.7772702,1
ENSG00000162441_1,2.4658883,2.1647394,1
ENSG00000117676_1,1.5276818,1.3031528,1
ENSG00000179085,1.1777046,0.0,1
ENSG00000171492_1,1.7407192,1.1630002,1
ENSG00000117632,0.8648763,0.0,1
ENSG00000163874_1,1.8126785,0.0,1
ENSG00000160789,1.1956416,1.3101621,1
ENSG00000162723,0.21041614,0.0,1
ENSG00000066136,2.7004175,2.932286,1
ENSG00000162763,0.3445532,0.63162637,1
ENSG00000291141_1,1.3275777,1.4548296,1
ENSG00000230798,1.2852616,0.0,1
ENSG00000160789_1,1.3108054,0.8748759,1
ENSG00000092853,0.14253601,0.0,1
ENSG00000028137,2.132177,3.3581767,1
ENSG00000183520,2.0798323,3.064368,1
ENSG00000121931,2.9136407,2.646538,1
ENSG00000117724,2.1308687,3.1278722,1
ENSG00000143207,2.5400379,2.463333,1
ENSG00000160097,1.6916132,1.578536,1
ENSG00000259030,1.6626533,2.3636703,1
ENSG00000143149,2.3675182,2.2212813,1
ENSG00000143013,2.4108124,2.5784993,1
ENSG00000197915,0.08818284,0.60762656,1
ENSG00000116525,1.2647085,2.0569239,1
ENSG00000270276,2.8976045,3.3913746,1
ENSG00000187017,1.5415654,1.7453558,1
ENSG00000222222,0.7470552,0.0,1
ENSG00000162946_1,0.07097429,0.5969268,1
ENSG00000177888,2.5273077,0.0,1
ENSG00000221986,0.26939029,0.0,1
ENSG00000143850_1,0.49861556,1.0351815,1
ENSG00000236069,1.5871484,1.6301328,1
ENSG00000023909,2.0854886,2.0250435,1
ENSG00000155363,2.3990772,1.1995083,1
ENSG00000189195_1,0.096432224,0.0,1
ENSG00000143515,1.7694846,1.8559914,1
ENSG00000162599_2,1.4065435,1.3693643,1
ENSG00000203782,0.21299052,0.0,1
ENSG00000236810,2.2770834,1.8333766,1
ENSG00000287033,2.4965398,0.0,1
ENSG00000116260,2.3113987,2.773507,1
ENSG00000117616,0.14193611,0.0,1
ENSG00000273004,2.6883047,1.481987,1
ENSG00000081870,2.3794167,0.0,1
ENSG00000290867,1.8533379,1.6622856,1
ENSG00000197769,0.35901344,0.0,1
ENSG00000127463,2.3267777,0.0,1
ENSG00000143126,1.5622704,1.4072549,1
ENSG00000228794,0.9651673,0.98365337,1
ENSG00000117148,0.40896273,1.393066,1
ENSG00000143858,0.9652164,0.0,1
ENSG00000162571_1,0.246003,0.0,1
ENSG00000116539,2.7975059,2.3948894,1
ENSG00000173673,0.1355754,0.0,1
ENSG00000281406,0.73540294,0.73481584,1
ENSG00000122482,2.439677,1.5735736,1
ENSG00000162522_1,1.1205163,1.1839528,1
ENSG00000168118,1.7776515,2.281129,1
ENSG00000117640_1,2.4832375,1.1510142,1
ENSG00000117600,0.7055585,1.4395679,1
ENSG00000174842,2.3890932,2.3838584,1
ENSG00000180488,1.3128419,2.3700948,1
ENSG00000116977,1.3077772,2.7782228,1
ENSG00000162613,2.983331,3.722029,1
ENSG00000265107,0.4827181,0.0,1
ENSG00000177788,1.6146944,0.0,1
ENSG00000079335,0.100858346,0.0,1
ENSG00000198815_2,0.7215139,0.9545802,1
ENSG00000179456,0.3504937,0.0,1
ENSG00000200972,0.7126505,2.2653463,1
ENSG00000203965,2.5141895,2.3145204,1
ENSG00000135837,2.7361407,2.5089066,1
ENSG00000116667,1.6447424,1.6227009,1
ENSG00000198815,2.5649097,1.1142772,1
ENSG00000121774,2.9613645,3.6362872,1
ENSG00000198841,2.280837,2.5035114,1
ENSG00000196418,0.09267092,0.0,1
ENSG00000173614,2.3769906,0.0,1
ENSG00000133216,1.7824588,1.884053,1
ENSG00000196505,2.199135,2.0749261,1
ENSG00000233396,1.5969688,0.0,1
ENSG00000117009_1,0.8247624,0.0,1
ENSG00000131697,2.4407144,2.006102,1
ENSG00000154222,2.4853637,2.0615127,1
ENSG00000116251_1,0.24544656,0.68181086,1
ENSG00000203811,2.7470062,3.0841758,1
ENSG00000143195,1.8830214,1.5463872,1
ENSG00000122417_1,1.9244823,2.051307,1
ENSG00000162601,1.7704384,0.0,1
ENSG00000134686_1,1.4290494,1.4636691,1
ENSG00000160049,2.3737266,0.0,1
ENSG00000291234_1,0.4951077,0.0,1
ENSG00000226419,2.5806725,2.3839588,1
ENSG00000134262_1,2.8986151,2.5698419,1
ENSG00000116863,2.4493456,2.3627012,1
ENSG00000053371,2.352389,2.5411272,1
ENSG00000162512,1.8165593,1.9628427,1
ENSG00000184677,2.0253468,2.4428654,1
ENSG00000273544,0.8712355,1.2638348,1
ENSG00000014914_2,0.30900317,0.0,1
ENSG00000154342,1.6531808,1.5365584,1
ENSG00000160838,0.9339044,1.2653131,1
ENSG00000162496_2,0.1712717,0.7399993,1
ENSG00000143771,1.1476889,2.6070774,1
ENSG00000249087,2.3056443,1.359642,1
ENSG00000137941,1.3782828,0.93349236,1
ENSG00000188092,2.161121,2.6620255,1
ENSG00000117758,2.7795613,2.3386736,1
ENSG00000201699,0.8076204,0.9639341,1
ENSG00000252826,0.2844209,0.73212826,1
ENSG00000239887,0.15319511,0.0,1
ENSG00000177954,2.7006047,4.2551613,1
ENSG00000143184,0.1812602,0.0,1
ENSG00000232537,0.15518284,0.0,1
ENSG00000180198,2.6176713,4.0805798,1
ENSG00000173372,0.119725704,0.0,1
ENSG00000116670_1,1.393199,1.4038923,1
ENSG00000007908_1,0.11677967,0.0,1
ENSG00000132763,2.1590817,0.0,1
ENSG00000237505,2.1519606,1.820648,1
ENSG00000198216,2.1125252,2.6748428,1
ENSG00000200169,2.2791188,2.054701,1
ENSG00000116299,1.2356814,0.0,1
ENSG00000142751,2.179406,2.6940768,1
ENSG00000162694_1,1.6060436,2.5721395,1
ENSG00000198756,0.8336649,1.5920657,1
ENSG00000213281,2.0718408,3.0425715,1
ENSG00000163362_1,0.3462778,1.3463138,1
ENSG00000278274,0.69067055,1.1783149,1
ENSG00000185090,1.7145879,2.0045793,1
ENSG00000204178,1.8472102,2.0222428,1
ENSG00000143226,0.3132207,0.0,1
ENSG00000120341,0.10521901,0.0,1
ENSG00000173436_1,2.91092,3.1414466,1
ENSG00000184330,0.14472175,0.0,1
ENSG00000293279,2.2959483,0.0,1
ENSG00000116288,2.4474623,3.096385,1
ENSG00000187048,0.23856556,0.0,1
ENSG00000203963,0.30658022,0.715995,1
ENSG00000117528,2.2928867,2.601295,1
ENSG00000224977,2.199526,0.0,1
ENSG00000250719,0.17220849,0.0,1
ENSG00000116701,2.559006,3.3167899,1
ENSG00000152078,1.5769683,1.4101189,1
ENSG00000159173,0.3200449,0.0,1
ENSG00000163220,0.47206473,0.0,1
ENSG00000171680_1,1.1682088,1.1876616,1
ENSG00000066136_1,2.7941954,1.9872863,1
ENSG00000117632_1,1.5767181,1.8063991,1
ENSG00000184588_5,0.24465,0.67584246,1
ENSG00000253368,1.1773474,1.5439688,1
ENSG00000184144,0.762697,1.4295585,1
ENSG00000164002,2.121437,1.756487,1
ENSG00000168710,2.4040263,2.7881117,1
ENSG00000189280,0.2514113,0.0,1
ENSG00000135824_1,0.17720863,0.7724684,1
ENSG00000162594,0.4514743,0.0,1
ENSG00000134201,0.6111598,1.1399388,1
ENSG00000162946,1.4159056,0.96085113,1
ENSG00000162444,1.1721337,1.1764386,1
ENSG00000117122,0.18713549,0.6636538,1
ENSG00000235750_1,1.7894684,2.534937,1
ENSG00000203865,2.3452013,0.0,1
ENSG00000079277,2.1685998,0.0,1
ENSG00000143751,2.4809563,0.0,1
ENSG00000160753_1,2.0295475,1.6288486,1
ENSG00000127124_3,2.0583103,2.058183,1
ENSG00000117385,2.5112002,2.018301,1
ENSG00000121933_1,0.1836001,0.0,1
ENSG00000159388,2.771108,3.3426418,1
ENSG00000142684,1.9285433,2.917471,1
ENSG00000162814,1.5789832,0.0,1
ENSG00000163349,1.9548109,2.5565317,1
ENSG00000203965_1,2.3502738,0.0,1
ENSG00000225265,1.6253469,1.6607801,1
ENSG00000221978,2.6235335,2.5680866,1
ENSG00000055732,1.4845909,1.1540282,1
ENSG00000069812,1.1516906,1.2745734,1
ENSG00000077254,1.9030933,2.4914892,1
ENSG00000196878,0.15676048,1.6231252,1
ENSG00000162585,2.1742656,2.5376956,1
ENSG00000162825,1.8048735,0.0,1
ENSG00000232480,1.375973,0.0,1
ENSG00000142686,2.3509376,2.0684717,1
ENSG00000085840,2.5423267,2.654032,1
ENSG00000232113,0.044272855,0.0,1
ENSG00000188859,1.9587924,2.2659023,1
ENSG00000248333,2.8245573,2.890132,1
ENSG00000187800,0.67045647,0.0,1
ENSG00000122176,0.20571667,0.0,1
ENSG00000268043,2.0966308,2.0617917,1
ENSG00000116213,2.1188877,2.161811,1
ENSG00000116337_1,1.4114273,1.0789279,1
ENSG00000117155_2,2.1747549,2.344058,1
ENSG00000185499,0.59524083,0.0,1
ENSG00000117602,0.73356706,1.2938728,1
ENSG00000250734,0.33813244,0.8898617,1
ENSG00000149527_1,0.2898775,0.0,1
ENSG00000175087_1,2.4268408,0.0,1
ENSG00000143125,0.12452237,0.0,1
ENSG00000158195,2.832918,3.055768,1
ENSG00000152104,1.3380791,1.8905329,1
ENSG00000142798,0.097503215,0.5180926,1
ENSG00000153936,2.7804184,2.3597975,1
ENSG00000243709,0.6639353,1.3502151,1
ENSG00000157191,2.2699573,2.7100124,1
ENSG00000116874,0.1710348,0.0,1
ENSG00000160712,1.9422815,1.9521141,1
ENSG00000186564,2.2503183,1.7170627,1
ENSG00000236975,0.14422067,0.80716956,1
ENSG00000201558,1.4913306,2.3559875,1
ENSG00000157873_2,2.4108226,2.1590073,1
ENSG00000274265_2,1.6485155,1.4416213,1
ENSG00000162873_2,0.42633334,0.0,1
ENSG00000270882,2.717341,3.733414,1
ENSG00000163141,0.13860641,0.0,1
ENSG00000142875_5,0.07344887,0.0,1
ENSG00000117054_1,2.493983,3.2407913,1
ENSG00000274978,2.61777,3.0892727,1
ENSG00000152061,2.4796941,1.1540098,1
ENSG00000116809,1.9291205,2.4759035,1
ENSG00000181218,2.076272,2.4421644,1
ENSG00000159166_2,0.3514455,1.4665859,1
ENSG00000171812,1.2943996,0.0,1
ENSG00000284882_1,2.4159381,0.0,1
ENSG00000143393,2.5780904,2.4374192,1
ENSG00000117118,0.3626844,0.0,1
ENSG00000228794_2,0.097703785,0.0,1
ENSG00000160094,2.2875202,2.1052716,1
ENSG00000162458,0.25041032,0.0,1
ENSG00000008128,2.7596648,2.4441557,1
ENSG00000143748,2.1419435,0.0,1
ENSG00000222650,0.11774817,2.0581753,1
ENSG00000291156,1.2009487,0.0,1
ENSG00000203740,0.13450782,0.0,1
ENSG00000237980,0.9977157,1.0245677,1
ENSG00000243725,1.7943572,2.7086995,1
ENSG00000162775,2.571073,2.743396,1
ENSG00000143816,1.7533499,1.5891786,1
ENSG00000206828,2.1342576,0.0,1
ENSG00000188257,0.13436583,0.0,1
ENSG00000117054,2.3574126,3.2445939,1
ENSG00000065600,2.3897257,2.5642812,1
ENSG00000116833_1,0.63460076,0.6697816,1
