,Pred,actual,fold_idx
ENSG00000107201,0.7810451,0.0,12
ENSG00000131475,1.4400574,2.9082377,12
ENSG00000135052_1,0.5168572,1.0984014,12
ENSG00000141579,0.44822764,0.0,12
ENSG00000185829,1.6124477,0.0,12
ENSG00000141756,0.4918356,1.2840741,12
ENSG00000267750,1.1946493,1.5167601,12
ENSG00000241322,0.18847486,0.0,12
ENSG00000291140,2.521001,1.8428962,12
ENSG00000236024,0.22669739,0.0,12
ENSG00000011028,1.3850545,1.3817466,12
ENSG00000054148,2.19804,2.211497,12
ENSG00000107099_1,2.1291108,1.524788,12
ENSG00000204278,1.1117568,0.0,12
ENSG00000141497,1.1414,0.0,12
ENSG00000173068_1,0.22370365,0.8499719,12
ENSG00000185920,1.7333891,1.5547192,12
ENSG00000169925_1,2.2420704,2.1896868,12
ENSG00000275700,2.4215713,2.326008,12
ENSG00000160408_1,1.8261253,1.9637218,12
ENSG00000170425,1.8665265,1.9683475,12
ENSG00000106829_3,1.6216534,1.6815217,12
ENSG00000181885_1,0.6708949,1.5702043,12
ENSG00000108654_2,2.2909276,4.0385127,12
ENSG00000127080,2.326657,2.1572602,12
ENSG00000159224,0.22751194,0.0,12
ENSG00000276231,0.19253626,0.0,12
ENSG00000230601,0.4144026,0.0,12
ENSG00000181045_1,1.7085236,1.5972892,12
ENSG00000244649,1.6805465,1.8044666,12
ENSG00000197417,1.9774803,2.072408,12
ENSG00000267023,0.47328144,0.0,12
ENSG00000136828,1.8189586,1.6461684,12
ENSG00000258315,2.455026,0.0,12
ENSG00000200889,0.15983912,0.0,12
ENSG00000266934,0.29571846,1.1504186,12
ENSG00000267278_1,0.31370303,0.99033886,12
ENSG00000005100,1.8314425,2.1344736,12
ENSG00000108953,2.2058775,3.6385882,12
ENSG00000136856_1,0.7996096,0.0,12
ENSG00000167447,1.5919642,2.3144634,12
ENSG00000107186_1,0.15256399,0.0,12
ENSG00000130957,0.37707466,0.0,12
ENSG00000131668,1.7428823,1.580697,12
ENSG00000177728_1,0.38956082,0.0,12
ENSG00000148180_1,1.5286652,2.0420396,12
ENSG00000175866_1,0.4991694,0.0,12
ENSG00000136938_1,0.3883627,0.0,12
ENSG00000148339_2,0.91823816,0.0,12
ENSG00000175854,1.5165656,1.4882207,12
ENSG00000233198,0.6152737,0.9984773,12
ENSG00000267568,0.7942787,0.0,12
ENSG00000132382,1.8083853,2.5751867,12
ENSG00000161664,0.94747895,1.4549059,12
ENSG00000285634,0.18612513,0.0,12
ENSG00000126883,3.1555223,3.5060935,12
ENSG00000108883_1,2.2303262,3.0108595,12
ENSG00000136457,1.4772379,1.7151924,12
ENSG00000023318,2.317079,2.975605,12
ENSG00000275329,2.3923302,1.6876003,12
ENSG00000275832_1,1.2941779,1.250976,12
ENSG00000270379,0.23996589,0.0,12
ENSG00000262814,2.3070178,3.1274483,12
ENSG00000196092_2,1.2335889,0.0,12
ENSG00000167536,2.5117793,2.127267,12
ENSG00000106785,1.8647656,2.2395747,12
ENSG00000155158,1.4166049,1.9703469,12
ENSG00000109111,2.4191084,3.1162589,12
ENSG00000196535_1,1.9850289,2.5032334,12
ENSG00000187764_2,1.3128005,2.0802548,12
ENSG00000219200,1.1146878,3.3678124,12
ENSG00000279668,0.22112507,0.0,12
ENSG00000160339,0.38874054,0.0,12
ENSG00000219200_1,1.0632292,2.3349,12
ENSG00000167840_1,1.5966421,0.8384713,12
ENSG00000132535_4,1.7797049,0.0,12
ENSG00000167840,2.180675,1.7312874,12
ENSG00000174038,0.19358608,0.0,12
ENSG00000091592,0.40060407,1.0606601,12
ENSG00000267280,1.2988406,1.4549515,12
ENSG00000108846_1,0.45034748,0.0,12
ENSG00000108395,2.4548278,0.0,12
ENSG00000275832,1.564017,1.4367826,12
ENSG00000184925,0.44876984,1.0629954,12
ENSG00000148187,2.149756,0.0,12
ENSG00000055483,2.3405836,2.3430538,12
ENSG00000165699,2.3194914,2.210313,12
ENSG00000182853,0.45460045,0.0,12
ENSG00000222581,0.16382211,0.0,12
ENSG00000108963,1.562327,0.0,12
ENSG00000148308,2.052422,2.843637,12
ENSG00000161905,0.90204483,1.1211987,12
ENSG00000182224_1,1.4728817,1.5959148,12
ENSG00000158169_1,2.3036857,2.416141,12
ENSG00000179859_1,2.1139374,1.905202,12
ENSG00000274736,0.18296279,0.0,12
ENSG00000141485,1.1400573,1.2434349,12
ENSG00000187595,0.59167045,0.0,12
ENSG00000204706,1.620763,0.0,12
ENSG00000223551,0.3873272,3.6649003,12
ENSG00000136925,2.6307945,2.3284101,12
ENSG00000238423,1.6151474,1.864861,12
ENSG00000278535,2.0870438,2.536034,12
ENSG00000106689,1.5610508,1.2263678,12
ENSG00000128482,0.28221077,0.0,12
ENSG00000284526,0.35672638,0.8610682,12
ENSG00000166292,0.25818402,0.0,12
ENSG00000167914_1,0.35581785,0.0,12
ENSG00000187003,0.22786593,0.0,12
ENSG00000067191_2,1.5354594,1.9683756,12
ENSG00000274755,0.15092432,0.0,12
ENSG00000130560,2.5028453,3.2275345,12
ENSG00000142494,1.4401772,1.6234044,12
ENSG00000167113_1,2.8576298,2.9025197,12
ENSG00000165029,1.0695347,0.9793207,12
ENSG00000108389_1,2.284923,1.8424658,12
ENSG00000174326,0.8044866,1.6770592,12
ENSG00000108256,2.2709417,3.461599,12
ENSG00000131748,2.1600873,2.7780282,12
ENSG00000176658,2.3529243,2.7725492,12
ENSG00000249406,1.1007835,0.8790385,12
ENSG00000225564,0.15537122,0.0,12
ENSG00000183979,1.6188322,1.4873788,12
ENSG00000122729,1.6348433,2.3457441,12
ENSG00000234494,1.7372909,0.0,12
ENSG00000129657,1.8891157,2.524631,12
ENSG00000239705,2.167005,0.0,12
ENSG00000244537,0.9031691,1.8351387,12
ENSG00000132507,1.2507623,1.7405916,12
ENSG00000232104,2.3851833,1.979093,12
ENSG00000215126,1.6379405,2.7819715,12
ENSG00000132471,1.5303211,3.2788725,12
ENSG00000197291,1.6027404,0.0,12
ENSG00000147905_1,0.16615437,0.0,12
ENSG00000167123,0.49162358,0.0,12
ENSG00000108813,1.1940054,0.0,12
ENSG00000226549,1.0315353,2.1909225,12
ENSG00000120159,2.0537019,1.8147868,12
ENSG00000161714,1.9436592,2.0995564,12
ENSG00000204193,0.1343846,0.0,12
ENSG00000168795,2.6533155,2.2121742,12
ENSG00000148339,2.6770024,2.3949277,12
ENSG00000171097_1,2.3122983,2.0719557,12
ENSG00000214087,2.2333493,2.1113937,12
ENSG00000004939,0.22865441,0.0,12
ENSG00000108773,1.6761569,1.4821415,12
ENSG00000188352,2.1940324,2.0803955,12
ENSG00000121053,0.37288475,0.0,12
ENSG00000182271,0.1283135,0.0,12
ENSG00000171962,0.70239204,0.0,12
ENSG00000179673,1.487405,1.5200117,12
ENSG00000276293,2.478474,2.0628226,12
ENSG00000154025,0.30904862,0.0,12
ENSG00000006047,1.752288,1.3174156,12
ENSG00000083223,0.14855915,0.0,12
ENSG00000095321,2.333109,1.9531989,12
ENSG00000107263_1,1.8083946,2.2263162,12
ENSG00000178789,0.26286393,0.0,12
ENSG00000148362_1,1.4965395,1.177825,12
ENSG00000107317,0.54341155,0.9984337,12
ENSG00000064195,0.99717635,1.5093639,12
ENSG00000126561,2.309786,2.2326303,12
ENSG00000274808,0.3466962,0.0,12
ENSG00000196358,1.6541065,1.5918101,12
ENSG00000167123_1,1.7879078,2.358074,12
ENSG00000167280,1.9571043,2.4528518,12
ENSG00000108342,0.58469707,1.7812454,12
ENSG00000234705,0.2381602,0.0,12
ENSG00000170291_1,1.7016569,2.2997622,12
ENSG00000006282,1.0976244,1.3530695,12
ENSG00000062725,2.108101,1.1934975,12
ENSG00000108588,2.313252,0.0,12
ENSG00000132507_3,1.3009593,1.5101293,12
ENSG00000136448,2.104424,3.6262817,12
ENSG00000148337_1,2.2809684,3.3777597,12
ENSG00000199744,0.33074918,1.1088964,12
ENSG00000225937,0.19588603,0.0,12
ENSG00000185863,0.4849037,0.0,12
ENSG00000167081,1.7780008,1.748715,12
ENSG00000287750,0.72952014,0.98484224,12
ENSG00000290366,1.0777262,0.9161907,12
ENSG00000182473,0.40733373,0.0,12
ENSG00000178445,0.18000567,0.9413325,12
ENSG00000173611,1.8320723,0.0,12
ENSG00000141349,2.2419767,2.687743,12
ENSG00000108654_3,2.3917282,4.03569,12
ENSG00000198467_3,1.4046683,1.1917583,12
ENSG00000261978,0.99117655,0.0,12
ENSG00000182224,1.7031443,1.8019522,12
ENSG00000184434,0.17377621,0.0,12
ENSG00000147862_2,1.0632721,1.1580306,12
ENSG00000188176,1.6412095,2.0322156,12
ENSG00000120068,1.1819977,1.4106592,12
ENSG00000185813,1.978865,1.264251,12
ENSG00000187272,0.36154062,0.0,12
ENSG00000225190_1,2.1906033,2.2486598,12
ENSG00000184451_1,1.081486,1.3904759,12
ENSG00000136938,2.6555834,3.9308293,12
ENSG00000108839,1.4266311,1.6725873,12
ENSG00000007168,2.1648054,2.6720054,12
ENSG00000178966,2.2616732,2.084283,12
ENSG00000129197,2.021965,2.558573,12
ENSG00000164967,1.6721798,0.0,12
ENSG00000122735,1.1223842,0.0,12
ENSG00000290928,2.6288044,2.458266,12
ENSG00000173991,0.3775059,0.0,12
ENSG00000197063_1,2.2021987,2.3580492,12
ENSG00000165275,1.4975842,0.0,12
ENSG00000188825,1.5418911,0.0,12
ENSG00000148057,1.6468955,1.4759907,12
ENSG00000198231,2.55695,2.6421142,12
ENSG00000086102,2.4176846,0.0,12
ENSG00000012048_1,1.7607483,2.6078978,12
ENSG00000284976,0.8835849,1.5672711,12
ENSG00000108797,0.65402454,1.2510052,12
ENSG00000177984,0.36630613,1.0116128,12
ENSG00000168259_2,2.3118005,3.0564742,12
ENSG00000169583_1,0.50713074,0.0,12
ENSG00000141255,0.5086257,0.0,12
ENSG00000108306,2.2469556,2.0970838,12
ENSG00000108474,1.1123475,2.609602,12
ENSG00000182534,1.8501438,2.1220849,12
ENSG00000108946_3,0.15686367,0.0,12
ENSG00000135063,1.7333281,2.0475864,12
ENSG00000188229,2.3734798,3.9043596,12
ENSG00000108823,0.36528707,0.0,12
ENSG00000108669_1,0.35238123,0.0,12
ENSG00000132581,2.356659,2.0434685,12
ENSG00000087157,1.9820274,0.0,12
ENSG00000141252_1,0.28949466,0.0,12
ENSG00000175662,1.6476849,1.3399917,12
ENSG00000237560,0.21542469,0.0,12
ENSG00000106804,0.20758417,0.0,12
ENSG00000169992,1.5405563,1.7985554,12
ENSG00000095303_1,1.0714625,0.0,12
ENSG00000290585_1,1.8076714,0.0,12
ENSG00000136872,0.18765083,0.0,12
ENSG00000180626,1.8215332,1.6725873,12
ENSG00000132530,0.22350195,0.0,12
ENSG00000087111_2,2.2113242,0.0,12
ENSG00000108312_2,0.81532675,2.1220586,12
ENSG00000167113,2.710615,3.1913364,12
ENSG00000278259_2,2.2308555,1.8571937,12
ENSG00000004975,2.0781488,2.2903464,12
ENSG00000161381_1,0.51680976,1.3070893,12
ENSG00000165698,0.537867,1.0787829,12
ENSG00000263293_1,2.0486329,2.2374809,12
ENSG00000199753,2.295917,1.9024924,12
ENSG00000095319,2.364259,2.7715375,12
ENSG00000074356,0.1596832,0.0,12
ENSG00000155827,1.9279088,1.9284266,12
ENSG00000159899,1.437575,1.327604,12
ENSG00000161940,0.4228983,0.0,12
ENSG00000141569,2.271697,2.167524,12
ENSG00000204889,0.28096175,0.0,12
ENSG00000108688,0.1645183,0.0,12
ENSG00000177992,0.21178688,0.0,12
ENSG00000230148_1,0.811898,1.5532396,12
ENSG00000275385,0.14416118,0.0,12
ENSG00000183691,1.7010902,1.8851067,12
ENSG00000120211,0.28447622,0.0,12
ENSG00000131242,2.1302652,1.9172639,12
ENSG00000184640_3,1.1712289,1.1211854,12
ENSG00000276085,0.25561422,0.0,12
ENSG00000184060_2,0.27105722,0.0,12
ENSG00000132470_1,1.6989459,1.662276,12
ENSG00000106991,0.36552554,0.0,12
ENSG00000131473,2.24936,2.7481966,12
ENSG00000204414,0.38607103,0.8536982,12
ENSG00000129226,0.90801626,2.9555626,12
ENSG00000132581_1,2.420664,2.4811273,12
ENSG00000184640_7,0.68833214,1.6967669,12
ENSG00000106952,0.491866,0.99033886,12
ENSG00000154262_1,0.18317032,0.0,12
ENSG00000290657,0.5139081,0.0,12
ENSG00000185332,0.47546017,0.0,12
ENSG00000131738,0.69566596,0.0,12
ENSG00000173258,1.1274554,2.1139634,12
ENSG00000141376_1,0.162544,0.0,12
ENSG00000136918,1.590259,1.0116043,12
ENSG00000166579,0.29662862,0.568366,12
ENSG00000184009,2.3289304,4.4993143,12
ENSG00000260027,1.1031767,1.7938602,12
ENSG00000074356_1,1.841566,2.4852571,12
ENSG00000165060,1.7977663,2.728297,12
ENSG00000141551,0.29795823,1.0116043,12
ENSG00000224307,0.22137028,0.80222625,12
ENSG00000167842_1,2.288372,2.2029784,12
ENSG00000263412,2.6529799,1.6999243,12
ENSG00000004142,2.2354455,2.6354344,12
ENSG00000080298_1,1.9176184,0.0,12
ENSG00000137094,1.7298313,0.0,12
ENSG00000132507_1,2.5493479,3.8139963,12
ENSG00000171298,2.0300472,1.6628333,12
ENSG00000106686,0.63641447,0.0,12
ENSG00000175866_4,0.37217772,0.8825815,12
ENSG00000188386,0.6196038,0.0,12
ENSG00000278910,0.1470132,0.0,12
ENSG00000267121,1.6893047,2.2644637,12
ENSG00000154217,1.5592043,0.0,12
ENSG00000157693,2.2911315,1.5828358,12
ENSG00000177885,1.213472,0.0,12
ENSG00000230537_1,0.5117534,0.0,12
ENSG00000263069,2.2513456,1.4650407,12
ENSG00000172889,0.67149216,0.0,12
ENSG00000204054,2.2641628,1.7900528,12
ENSG00000165802,2.005994,2.742707,12
ENSG00000266967,1.5073935,2.697767,12
ENSG00000141349_1,2.2159252,2.4084334,12
ENSG00000107105,0.1693929,0.0,12
ENSG00000169696_2,0.6421742,0.9533247,12
ENSG00000147862_1,0.15915033,0.0,12
ENSG00000165283,1.7211119,3.0621343,12
ENSG00000182628_1,2.125226,0.0,12
ENSG00000137077,0.28658587,0.0,12
ENSG00000049283,0.8132464,1.462398,12
ENSG00000181284,1.0470139,1.5502772,12
ENSG00000165699_1,0.8532618,0.0,12
ENSG00000136888,2.4410484,3.3251173,12
ENSG00000169733_1,1.8640829,2.3135297,12
ENSG00000265458,2.1236417,2.0656133,12
ENSG00000172057_1,1.9923729,2.3577633,12
ENSG00000106772_2,1.3172312,0.0,12
ENSG00000240445,1.5007387,0.0,12
ENSG00000141367,2.484191,3.6210952,12
ENSG00000160271_1,0.5944583,1.1150777,12
ENSG00000186074,0.37011144,0.0,12
ENSG00000234789,0.5054812,0.0,12
ENSG00000099810,1.0704318,1.3044044,12
ENSG00000270885,1.4569776,1.4687165,12
ENSG00000186868,2.1076205,1.6258472,12
ENSG00000138835_2,0.27651238,0.0,12
ENSG00000221852,0.8240612,1.5849415,12
ENSG00000109103,1.615638,2.3418775,12
ENSG00000182742,2.136754,2.5194867,12
ENSG00000108523_2,0.7309661,0.0,12
ENSG00000274996,0.37261617,0.0,12
ENSG00000179598,2.1284685,2.153144,12
ENSG00000285634_1,0.21653707,0.0,12
ENSG00000119383_2,0.90732056,1.6598496,12
ENSG00000213213_1,1.5179323,0.95921314,12
ENSG00000277258_1,1.0747976,2.5740962,12
ENSG00000056586,2.1975083,1.9058229,12
ENSG00000182896,0.35071498,0.0,12
ENSG00000153930_1,0.15563905,0.0,12
ENSG00000148123_1,0.25684717,1.0193157,12
ENSG00000167525_3,1.9660392,1.7308307,12
ENSG00000141542,1.5787536,1.7120601,12
ENSG00000212899,0.36926588,0.0,12
ENSG00000262879_1,1.6395595,2.2287238,12
ENSG00000129245,2.269558,2.2175102,12
ENSG00000167525_1,2.371881,1.9271702,12
ENSG00000189375,0.18156025,0.0,12
ENSG00000136950_1,2.5548785,2.6885052,12
ENSG00000167721,1.6535541,3.0138268,12
ENSG00000095397,1.6496261,1.8343571,12
ENSG00000182752,0.31943434,0.0,12
ENSG00000107099_2,0.5446681,0.0,12
ENSG00000167543_2,1.1287863,2.1060004,12
ENSG00000109113_1,0.7319574,0.0,12
ENSG00000170835,0.39254948,0.0,12
ENSG00000161654,0.18021894,0.0,12
ENSG00000179761,0.36216292,0.0,12
ENSG00000004139,1.3857242,0.0,12
ENSG00000119522,2.0917573,2.2963603,12
ENSG00000188895,1.9970165,2.323679,12
ENSG00000186350,2.0974236,2.563018,12
ENSG00000291110_1,0.2817252,0.0,12
ENSG00000148090,2.0296807,2.512188,12
ENSG00000171396,0.5941866,1.2882268,12
ENSG00000164972,0.388142,0.0,12
ENSG00000070601,1.747878,1.2167463,12
ENSG00000271447,1.5961455,2.162206,12
ENSG00000133027_1,0.2739522,0.0,12
ENSG00000154945,2.182204,1.7303381,12
ENSG00000181634,0.38023818,0.0,12
ENSG00000119326,2.1595006,2.636508,12
ENSG00000107317_1,0.38795215,0.0,12
ENSG00000182446,0.34225112,0.0,12
ENSG00000169692,2.2244139,2.2064993,12
ENSG00000161381,0.31613344,0.0,12
ENSG00000106688,1.6520233,1.6239725,12
ENSG00000099219,2.000015,2.347174,12
ENSG00000167862,2.0676699,3.0561004,12
ENSG00000109099_1,1.0568066,0.0,12
ENSG00000185813_1,1.9032145,2.749274,12
ENSG00000153944_3,0.24983573,0.81870085,12
ENSG00000148308_1,1.8573018,2.4239206,12
ENSG00000154920,1.6478263,1.8398236,12
ENSG00000237886,0.42517227,0.0,12
ENSG00000204277,0.6914483,1.2450386,12
ENSG00000055483_1,1.4877031,1.4651151,12
ENSG00000173757,2.4169397,2.6991177,12
ENSG00000142507,1.306922,0.0,12
ENSG00000181481,1.5183829,1.7795243,12
ENSG00000136931,0.69605684,0.0,12
ENSG00000188878,1.9551827,0.0,12
ENSG00000272975,0.24138328,1.7031451,12
ENSG00000108669_3,0.77208954,1.872098,12
ENSG00000108924_1,0.6342005,0.0,12
ENSG00000179593,0.4139252,1.3110032,12
ENSG00000290924,1.8025957,1.0652809,12
ENSG00000277258,0.6343139,1.6897439,12
ENSG00000160293,1.8783289,1.4520932,12
ENSG00000165140,1.3752831,1.3648323,12
ENSG00000277631,0.5791769,0.0,12
ENSG00000120071_2,2.2607477,0.0,12
ENSG00000106852_1,1.6095217,0.0,12
ENSG00000119335,2.7153957,4.218764,12
ENSG00000177469,1.9396816,3.083732,12
ENSG00000168517,1.0369555,1.2964238,12
ENSG00000182938,1.1982797,0.0,12
ENSG00000227543,2.4159026,1.5027684,12
ENSG00000180549,0.3914673,0.92577606,12
ENSG00000183011_1,1.9755186,2.4820156,12
ENSG00000136802_1,0.36241835,0.0,12
ENSG00000107187_1,1.3843038,1.3363396,12
ENSG00000108878,0.6081638,0.0,12
ENSG00000072134,1.8524774,2.247605,12
ENSG00000132535_2,0.4753545,0.0,12
ENSG00000196363,1.3821119,1.5263393,12
ENSG00000200903,0.29598075,0.0,12
ENSG00000141519,1.3077675,1.2963799,12
ENSG00000198336_1,1.2676647,3.3755758,12
ENSG00000188986,2.2835894,2.3690116,12
ENSG00000005243,1.4422683,1.3249817,12
ENSG00000264364,2.3541248,2.860565,12
ENSG00000170832,2.4884005,1.5035183,12
ENSG00000185862,0.30087876,0.0,12
ENSG00000132376,2.1630166,0.0,12
ENSG00000148120_1,0.22468567,0.0,12
ENSG00000129250,2.1069555,2.4333713,12
ENSG00000266677,1.6628071,0.0,12
ENSG00000126353,0.25227782,0.0,12
ENSG00000147854,1.9065971,2.4818509,12
ENSG00000227036_2,1.2476819,1.2785021,12
ENSG00000186407,0.16469923,0.0,12
ENSG00000108932,1.6662774,0.0,12
ENSG00000198265_1,1.6241287,1.2909468,12
ENSG00000108439,1.6524237,2.2493966,12
ENSG00000108654,0.19821796,1.0810591,12
ENSG00000263843,2.2649786,1.290929,12
ENSG00000187838,1.8256325,2.370465,12
ENSG00000137098,1.5626223,2.7068944,12
ENSG00000108592,1.9961332,2.1281536,12
ENSG00000168259,2.35288,1.4899023,12
ENSG00000213930,1.4658729,1.75201,12
ENSG00000148120,1.840196,1.9124027,12
ENSG00000002834,2.317647,3.5764048,12
ENSG00000108349,2.4670746,2.6399415,12
ENSG00000148110,2.3554902,2.4447145,12
ENSG00000125447,2.5117412,2.2927432,12
ENSG00000291074,1.4631325,2.0897532,12
ENSG00000234327,2.1143196,0.0,12
ENSG00000136807,2.2757158,2.0582135,12
ENSG00000010438_1,0.18144488,1.354339,12
ENSG00000125458,2.116763,2.325331,12
ENSG00000231256,0.24508968,0.0,12
ENSG00000148156,0.4962787,1.2826447,12
ENSG00000275066,2.2344613,2.4225094,12
ENSG00000148331,2.2444108,0.0,12
ENSG00000185624,0.5779672,1.4669714,12
ENSG00000197170,2.083027,2.9508219,12
ENSG00000279069,1.9510787,1.840194,12
ENSG00000070540,1.85641,1.9841356,12
ENSG00000136487_1,0.37135178,1.1330916,12
ENSG00000196739,1.3286337,1.3671136,12
ENSG00000136908,1.9578046,2.6721966,12
ENSG00000262049,2.3261387,2.0393586,12
ENSG00000122756,1.7264105,1.7146566,12
ENSG00000181031,0.17957841,0.0,12
ENSG00000277363,1.198306,0.0,12
ENSG00000168259_1,2.3670077,0.0,12
ENSG00000236680,0.1852561,1.4482888,12
ENSG00000185963,2.3729348,2.0504184,12
ENSG00000189159,1.6859028,1.0343878,12
ENSG00000214929,0.19129625,0.0,12
ENSG00000270765,0.5834827,1.1331235,12
ENSG00000054179,1.7086483,1.5450472,12
ENSG00000186566,1.9703587,0.0,12
ENSG00000136867,1.7637838,1.4348084,12
ENSG00000107372,1.947036,2.8182788,12
ENSG00000235448_1,0.16451053,0.0,12
ENSG00000092871,0.81068295,0.0,12
ENSG00000283526,1.2413269,1.3071237,12
ENSG00000171475,2.0197964,2.3311458,12
ENSG00000131759_1,2.0208511,2.4156942,12
ENSG00000147862,0.15604736,0.0,12
ENSG00000198909,2.0712342,2.1246085,12
ENSG00000108244_1,0.24063033,0.0,12
ENSG00000220205,2.0584626,2.5818849,12
ENSG00000236088,1.7987403,0.0,12
ENSG00000109072,0.4419443,0.0,12
ENSG00000108684,1.3807906,1.4358125,12
ENSG00000108821_2,0.63108695,0.96510756,12
ENSG00000222293,0.23452881,0.0,12
ENSG00000224877,2.3042676,2.9625068,12
ENSG00000073584,2.0683713,2.773603,12
ENSG00000119383_5,0.546024,0.0,12
ENSG00000108255,0.27936986,0.0,12
ENSG00000184640_2,1.5861167,2.5647962,12
ENSG00000141314,1.8246229,1.9783175,12
ENSG00000119514,1.9383839,2.5412297,12
ENSG00000011454,2.0738485,1.9751881,12
ENSG00000125434,2.0198212,2.081005,12
ENSG00000188581,0.82542807,1.9005529,12
ENSG00000131771,0.9820289,1.3861243,12
ENSG00000167889,1.8471102,1.7623184,12
ENSG00000238212,0.26993915,0.0,12
ENSG00000196196,0.77866185,1.2263421,12
ENSG00000159640_2,0.583228,1.3161381,12
ENSG00000198920_1,1.7383314,0.0,12
ENSG00000141564,1.6187121,2.5495918,12
ENSG00000108788,2.3462067,2.5742779,12
ENSG00000136874,1.8079766,2.352584,12
ENSG00000230148,2.252942,2.0017338,12
ENSG00000129255_1,2.342039,2.632358,12
ENSG00000012048,0.19360428,0.0,12
ENSG00000213218,0.39381304,0.0,12
ENSG00000184451,0.20172584,0.89292896,12
ENSG00000166750,0.7473684,0.0,12
ENSG00000148296,2.26513,2.9861114,12
ENSG00000187775,0.3472174,0.0,12
ENSG00000161542_1,2.3917997,2.5020404,12
ENSG00000238227,2.4522612,2.3624449,12
ENSG00000002919,1.8264976,2.0337453,12
ENSG00000265096,0.3738396,0.0,12
ENSG00000175106,2.0090458,1.9855028,12
ENSG00000290810,0.23505932,0.0,12
ENSG00000108798,0.43514994,0.0,12
ENSG00000148399,2.2851996,2.00937,12
ENSG00000173065_1,1.8489282,2.6435277,12
ENSG00000235453,1.7955855,1.9318849,12
ENSG00000169992_1,0.25946173,0.0,12
ENSG00000165140_1,0.309332,1.346079,12
ENSG00000087152_1,2.3495066,2.3538008,12
ENSG00000167699,2.0272825,0.0,12
ENSG00000168610_1,1.5064542,2.904986,12
ENSG00000108819,1.5584495,1.4785377,12
ENSG00000187922,0.55307966,0.0,12
ENSG00000081377,1.296393,0.0,12
ENSG00000172421,0.13848178,0.0,12
ENSG00000131471_1,0.26755017,1.0941216,12
ENSG00000154914,1.5558575,1.701041,12
ENSG00000122756_1,1.4631743,1.4578516,12
ENSG00000119139,1.2461118,2.0692499,12
ENSG00000108511,0.47920424,2.058411,12
ENSG00000178607,2.135199,2.1932359,12
ENSG00000171097,2.2990394,0.0,12
ENSG00000141258,1.9317094,2.0229642,12
ENSG00000263293,2.2654734,1.4511322,12
ENSG00000005961,0.37603745,0.0,12
ENSG00000108439_1,0.24252003,1.3109438,12
ENSG00000136824,2.1190484,2.493179,12
ENSG00000095303,0.3779087,0.0,12
ENSG00000107371,2.4242938,2.8545308,12
ENSG00000175854_1,2.3174276,2.8421535,12
ENSG00000167543_3,2.0972748,2.0252607,12
ENSG00000125686,1.5810506,0.0,12
ENSG00000121075,1.4130421,1.1968668,12
ENSG00000178502,2.0516033,2.3309412,12
ENSG00000164989,1.4914604,0.0,12
ENSG00000148358,1.9580605,2.45722,12
ENSG00000107223,2.136679,3.4268267,12
ENSG00000108387_2,1.6559612,1.4795465,12
ENSG00000131759_2,1.5663303,1.4463352,12
ENSG00000011143,2.0598364,0.0,12
ENSG00000083457,2.2076497,1.9392916,12
ENSG00000123453_2,0.27229312,0.0,12
ENSG00000225551,0.17572498,0.0,12
ENSG00000107077,2.4402843,1.9561251,12
ENSG00000106789,2.1666296,2.042284,12
ENSG00000127084,0.6639169,0.0,12
ENSG00000179094_1,1.571313,0.0,12
ENSG00000176170_2,1.7178115,1.6633617,12
ENSG00000226604,0.16488586,0.0,12
ENSG00000040633_1,1.9228581,1.9734973,12
ENSG00000167106,0.5920027,0.0,12
ENSG00000293440_1,0.21278964,0.0,12
ENSG00000119402,2.57589,2.477564,12
ENSG00000267166,0.63822156,1.0698531,12
ENSG00000156017_1,2.1621237,2.494099,12
ENSG00000126561_1,0.47147495,1.5093504,12
ENSG00000167881_1,2.0656133,2.9885817,12
ENSG00000265055,1.5774103,1.0652734,12
ENSG00000109016,1.8348814,2.0046651,12
ENSG00000121073_1,2.248302,2.6232493,12
ENSG00000167925,0.91942835,0.0,12
ENSG00000007237,0.23464835,0.0,12
ENSG00000276070_1,0.2615072,1.9993438,12
ENSG00000107281,1.75209,1.9107845,12
ENSG00000185920_1,0.9479689,1.7741811,12
ENSG00000270547,0.15720226,0.0,12
ENSG00000126883_2,0.32955736,1.3004433,12
ENSG00000171634,2.2124014,2.6573715,12
ENSG00000266970,2.1877563,1.1689098,12
ENSG00000265749,0.23409867,0.0,12
ENSG00000125414,0.21210688,1.5287882,12
ENSG00000136487,0.34250873,0.9764784,12
ENSG00000283160,1.4028599,0.0,12
ENSG00000204347,0.50219375,0.0,12
ENSG00000224505,2.5452704,1.7763815,12
ENSG00000136859,1.0372993,0.0,12
ENSG00000050555,1.7598909,1.6881528,12
ENSG00000277972,2.1787643,2.1835916,12
ENSG00000136816,2.2334518,2.4569473,12
ENSG00000283439,0.2768805,0.0,12
ENSG00000135047,2.104613,3.1130738,12
ENSG00000182687,1.5692111,1.7130703,12
ENSG00000108883,0.2816189,0.0,12
ENSG00000108557,1.9762162,2.2030058,12
ENSG00000205108,0.19057345,0.0,12
ENSG00000076604,2.4915047,2.6621003,12
ENSG00000204952,0.3030933,0.0,12
ENSG00000161692,1.569116,2.3169594,12
ENSG00000169696_1,0.63418597,0.70876074,12
ENSG00000184361,1.3178434,0.0,12
ENSG00000125409,0.84773177,0.0,12
ENSG00000125445,2.1115756,2.7880056,12
ENSG00000187595_1,0.7830397,0.0,12
ENSG00000204930,0.48052603,0.0,12
ENSG00000049283_1,0.47057372,0.8860957,12
ENSG00000074370,1.92631,2.5638487,12
ENSG00000133026,1.7245277,2.5708766,12
ENSG00000141744,1.9699609,1.7673563,12
ENSG00000108443,2.3008394,3.0175633,12
ENSG00000108849,0.24521828,0.0,12
ENSG00000165115,1.8937128,1.6848274,12
ENSG00000181885,0.95420283,0.0,12
ENSG00000186665_1,0.2627346,0.0,12
ENSG00000135018,2.3068533,2.780094,12
ENSG00000239697,1.3581445,1.6078944,12
ENSG00000196169,1.5844195,0.0,12
ENSG00000267221,1.5684441,1.3162011,12
ENSG00000204237,2.3127208,2.2064857,12
ENSG00000078725,1.3831201,1.5216218,12
ENSG00000179604,1.898361,1.9963715,12
ENSG00000091640,1.777473,2.6941743,12
ENSG00000262664,1.9869796,2.1284575,12
ENSG00000230013_1,1.4222928,0.0,12
ENSG00000080503_1,1.8635879,2.2212915,12
ENSG00000200538,0.18517488,0.0,12
ENSG00000164976,1.4208877,1.0720954,12
ENSG00000063015_1,1.5914146,1.554065,12
ENSG00000108666_1,1.9651042,2.2631862,12
ENSG00000129657_3,0.26581138,0.0,12
ENSG00000228392,0.64781743,1.1968668,12
ENSG00000126883_1,2.2512171,0.0,12
ENSG00000175283,2.3281476,2.0014784,12
ENSG00000106829,0.9857145,1.9876887,12
ENSG00000121073_2,0.379189,0.0,12
ENSG00000165271,1.2785335,2.4362867,12
ENSG00000136854,2.1271715,2.345156,12
ENSG00000108946_1,2.216906,2.9504423,12
ENSG00000161654_1,2.249494,3.2278636,12
ENSG00000106772,0.2975767,0.0,12
ENSG00000108559,2.176668,2.5436373,12
ENSG00000141371,0.39902627,0.0,12
ENSG00000167085,1.4339277,0.0,12
ENSG00000131480,0.37419415,0.0,12
ENSG00000181523_1,0.99712294,1.440673,12
ENSG00000287553,2.1248393,1.4493241,12
ENSG00000170222,2.0012603,1.8756573,12
ENSG00000187824,1.3469659,1.0269008,12
ENSG00000107186,0.14816648,0.0,12
ENSG00000161513,0.7412942,0.0,12
ENSG00000265148_1,0.90799147,1.2356799,12
ENSG00000108821_1,0.24829611,0.0,12
ENSG00000072310,1.9857093,0.0,12
ENSG00000278311_1,0.25985616,0.83848387,12
ENSG00000173818,2.2718396,1.7683051,12
ENSG00000107105_3,0.36165768,0.0,12
ENSG00000108379,1.5889102,1.1068026,12
ENSG00000108468_1,2.2677717,2.9631832,12
ENSG00000167695,1.9958609,2.0030682,12
ENSG00000197816,0.9583163,0.0,12
ENSG00000108813_1,0.8209948,1.8135409,12
ENSG00000148229,2.4346473,2.732211,12
ENSG00000005238_2,0.64511174,0.0,12
ENSG00000176386,2.1843152,2.4780366,12
ENSG00000213424,0.2916745,0.0,12
ENSG00000141068_1,0.44121873,0.9162012,12
ENSG00000131482,0.20934236,0.0,12
ENSG00000275722,0.23812789,0.0,12
ENSG00000048828_1,2.2028413,1.9405165,12
ENSG00000129197_1,1.4168459,0.0,12
ENSG00000275410,0.60877687,0.0,12
ENSG00000132518,0.5937856,0.0,12
ENSG00000006740_1,0.2507262,0.0,12
ENSG00000228083,0.1808892,0.0,12
ENSG00000131747,2.1691988,0.0,12
ENSG00000186130,1.4589391,2.1326375,12
ENSG00000165124,1.1474661,1.3958678,12
ENSG00000204897,0.18971357,0.0,12
ENSG00000131737,0.6214488,1.142796,12
ENSG00000165181_3,0.6083663,0.0,12
ENSG00000186834,2.3034422,2.468715,12
ENSG00000286435,0.44516206,0.0,12
ENSG00000064300,1.6234695,1.9309388,12
ENSG00000108799,1.9342676,2.2664316,12
ENSG00000123975,2.1488004,3.1579883,12
ENSG00000236819,0.5120646,0.0,12
ENSG00000173917,1.3680601,2.875981,12
ENSG00000212721,0.8478684,1.4568365,12
ENSG00000132530_3,0.36942738,0.0,12
ENSG00000137038,1.4376248,2.8911023,12
ENSG00000168517_1,2.3145375,1.4367667,12
ENSG00000159640,1.8104885,1.9734927,12
ENSG00000072778_1,1.2448932,0.0,12
ENSG00000198863,2.4491656,2.4346488,12
ENSG00000261192,1.0324804,1.4319425,12
ENSG00000187607,1.853432,1.6189367,12
ENSG00000266469,2.2405543,0.0,12
ENSG00000108469,0.6615786,0.73893905,12
ENSG00000272636,1.6945608,1.6352625,12
ENSG00000284977,0.20235762,0.0,12
ENSG00000109066,2.111156,0.0,12
ENSG00000288701,2.0695643,2.7002537,12
ENSG00000267206_1,0.35079724,0.0,12
ENSG00000155875,0.7216603,1.6296848,12
ENSG00000012048_2,1.806522,2.6665742,12
ENSG00000181374,0.22405845,0.0,12
ENSG00000002919_1,1.7478111,1.662191,12
ENSG00000136895_1,1.7566866,1.135069,12
ENSG00000196388,2.0113769,1.2827218,12
ENSG00000136895_2,1.8704792,0.0,12
ENSG00000170190_1,1.8611902,1.3289094,12
ENSG00000275152,0.36542946,0.0,12
ENSG00000095203,1.4008331,1.9390198,12
ENSG00000171448_1,1.8406798,0.0,12
ENSG00000185681,1.6178151,0.0,12
ENSG00000178607_1,0.52294594,0.7389549,12
ENSG00000125492,1.2698772,1.4416165,12
ENSG00000141316,0.2527297,0.0,12
ENSG00000141753,2.1358478,3.2894464,12
ENSG00000141293,1.1694487,0.0,12
ENSG00000070214,1.8652529,2.1380594,12
ENSG00000136450_1,2.573701,3.322455,12
ENSG00000244187,2.3333592,0.0,12
ENSG00000165028,1.8401898,1.8634418,12
ENSG00000126882,2.5244765,1.5271142,12
ENSG00000141127,0.8732892,1.737668,12
ENSG00000148362,2.103387,2.5104244,12
ENSG00000186665,2.5089397,2.0615354,12
ENSG00000286194,0.3499273,0.0,12
ENSG00000108669,0.17561871,0.0,12
ENSG00000148204,0.7968933,1.5965091,12
ENSG00000073670,1.772719,1.7701079,12
ENSG00000161921_1,1.4610937,1.2714466,12
ENSG00000184640_6,0.3782045,1.0560278,12
ENSG00000164985_2,2.2314754,3.0240092,12
ENSG00000182575_1,1.6323662,1.1831274,12
ENSG00000230601_1,0.45316842,0.0,12
ENSG00000285822,1.8742592,2.881033,12
ENSG00000184650,0.22923216,0.0,12
ENSG00000187838_1,2.0098147,2.4762692,12
ENSG00000073670_1,1.7657348,1.7052563,12
ENSG00000013306,2.2902722,3.4748192,12
ENSG00000233101_1,0.8140437,0.0,12
ENSG00000277027,2.0439801,2.7647178,12
ENSG00000125482,1.0104636,0.0,12
ENSG00000258315_1,2.272505,0.0,12
ENSG00000108244_2,0.20461696,0.0,12
ENSG00000181090,2.4162335,2.2858498,12
ENSG00000132510,1.3941253,0.0,12
ENSG00000160404,2.108109,2.5122614,12
ENSG00000165113,1.734247,1.757692,12
ENSG00000165185,2.3673978,2.5819838,12
ENSG00000120159_1,2.0609455,2.544192,12
ENSG00000136492,1.6293803,0.0,12
ENSG00000169925_2,1.602584,1.2656667,12
ENSG00000107104,1.3499659,0.0,12
ENSG00000136488,0.39860153,0.0,12
ENSG00000033627,1.8694085,0.0,12
ENSG00000175866_5,0.65677834,0.0,12
ENSG00000108651,1.3574868,0.0,12
ENSG00000287193,1.7832153,0.0,12
ENSG00000196730_1,1.4397136,2.4666986,12
ENSG00000267278,2.2950563,2.152218,12
ENSG00000067596,1.8105487,2.482562,12
ENSG00000167723,0.41512442,0.0,12
ENSG00000148334,2.4772024,2.2669134,12
ENSG00000083457_2,0.4528596,0.9503648,12
ENSG00000204148,0.16480534,0.0,12
ENSG00000260230,1.5416504,1.3682497,12
ENSG00000141499,1.1286991,2.1105123,12
ENSG00000160271,2.1278071,1.5925076,12
ENSG00000148343,2.2788434,2.1751492,12
ENSG00000267128,0.66578406,1.2713768,12
ENSG00000262165_1,1.8003218,1.5059906,12
ENSG00000108639,2.2435732,2.850533,12
ENSG00000136928,1.9442683,2.4570034,12
ENSG00000175832,1.933714,2.6448324,12
ENSG00000259384,0.33842337,1.072066,12
ENSG00000005961_1,1.7584147,1.3082656,12
ENSG00000126883_4,0.27353406,0.0,12
ENSG00000136450,1.218718,0.0,12
ENSG00000166596,0.3323252,0.0,12
ENSG00000141510,0.1913129,0.0,12
ENSG00000279886,0.5842772,0.9129656,12
ENSG00000221880,0.8326956,1.1191238,12
ENSG00000293460,1.4838383,2.2738042,12
ENSG00000141522_1,2.1629686,2.7926717,12
ENSG00000094804,2.2576737,2.738023,12
ENSG00000158169,1.0826797,0.0,12
ENSG00000171446,0.30267707,0.8460896,12
ENSG00000172156,0.182621,0.0,12
ENSG00000108826,1.748911,0.0,12
ENSG00000291110,0.7200013,0.0,12
ENSG00000108375,0.42686707,0.0,12
ENSG00000137075_1,2.2102535,1.5890443,12
ENSG00000154975_1,0.61917347,0.0,12
ENSG00000141506,1.5172331,1.5118032,12
ENSG00000135049,1.8187102,1.9646273,12
ENSG00000172057,0.73267573,0.0,12
ENSG00000275465,0.15888143,0.0,12
ENSG00000107317_2,0.5872615,0.0,12
ENSG00000108828,2.0322986,2.756598,12
ENSG00000169583,0.6037041,0.0,12
ENSG00000175768,2.349812,3.366137,12
ENSG00000070731_2,0.27507064,0.0,12
ENSG00000167740,2.0096073,0.0,12
ENSG00000175711,1.7716898,1.954339,12
ENSG00000265206,2.0417109,3.3194911,12
ENSG00000107185,1.9533968,2.280856,12
ENSG00000108523,2.3396702,2.3598733,12
ENSG00000226364,0.1766867,0.0,12
ENSG00000185298,2.310718,2.6083827,12
ENSG00000132510_1,0.39652264,0.0,12
ENSG00000187624,1.6828784,1.5085297,12
ENSG00000108774,2.0902257,2.7759714,12
ENSG00000233098_2,0.4957434,0.0,12
ENSG00000200463,1.1223046,2.4469285,12
ENSG00000119321,0.21168713,0.0,12
ENSG00000171169,1.9953941,2.1782804,12
ENSG00000165092_1,0.17434576,0.0,12
ENSG00000177303,0.5037443,0.0,12
ENSG00000264589,1.0212852,1.3199593,12
ENSG00000122696_1,2.1056132,2.6538875,12
ENSG00000108784,2.469499,2.1913114,12
ENSG00000198917,1.9120964,2.4478183,12
ENSG00000231991,0.38256893,0.0,12
ENSG00000056558,0.25086397,0.0,12
ENSG00000076351_1,0.6357599,0.0,12
ENSG00000137103,1.5505186,1.9912748,12
ENSG00000148356,1.9209341,2.2526443,12
ENSG00000064218,1.4716125,1.3325596,12
ENSG00000173838_1,1.2511207,0.0,12
ENSG00000165092,0.26261172,0.0,12
ENSG00000137075,1.7212299,0.0,12
ENSG00000108773_1,1.8346392,2.462431,12
ENSG00000260328,0.23228782,0.0,12
ENSG00000167103_1,1.7518563,0.0,12
ENSG00000129235,1.7356255,3.2151005,12
ENSG00000123700,1.4363558,1.599206,12
ENSG00000197919,0.16465396,0.0,12
ENSG00000181090_2,1.0326082,0.8384461,12
ENSG00000073350,1.9508773,1.9107738,12
ENSG00000141748,0.3476239,1.1026257,12
ENSG00000106852,2.1362567,2.2835612,12
ENSG00000156049,1.026295,0.81870085,12
ENSG00000177374,1.5436214,1.1291741,12
ENSG00000129226_1,0.465419,1.142796,12
ENSG00000107020,1.4217743,1.7429999,12
ENSG00000141279_1,2.1529953,2.9820902,12
ENSG00000125485,2.3046212,0.0,12
ENSG00000159640_1,1.5723326,0.0,12
ENSG00000154262_2,0.20806539,0.0,12
ENSG00000275832_2,1.6656183,1.5917878,12
ENSG00000290919,1.4090451,3.2418451,12
ENSG00000171448,0.9296221,0.0,12
ENSG00000171159,2.6512697,3.0331461,12
ENSG00000198435,2.2616706,2.2725818,12
ENSG00000265702,0.23986459,0.0,12
ENSG00000248871,1.5147854,1.0193241,12
ENSG00000141232,2.3427548,2.345001,12
ENSG00000131095_1,0.8230667,1.854913,12
ENSG00000267321,1.7240556,0.0,12
ENSG00000131771_1,0.34795794,0.0,12
ENSG00000172123,0.40841943,0.7626035,12
ENSG00000119397_1,0.7821817,0.0,12
ENSG00000005381,1.276693,1.4158077,12
ENSG00000184811,0.46623465,1.3083509,12
ENSG00000272975_1,0.4988938,0.0,12
ENSG00000290656,0.7005537,1.4812132,12
ENSG00000119383_1,2.1892915,2.4871001,12
ENSG00000172782,1.4983895,1.3083723,12
ENSG00000182224_2,1.5566509,0.0,12
ENSG00000187866,2.0596094,2.2798038,12
ENSG00000212901,0.38608062,1.0876039,12
ENSG00000267042,2.0867772,1.7795172,12
ENSG00000277887,2.368738,0.0,12
ENSG00000214654,2.5063014,2.06668,12
ENSG00000127191_1,2.4960356,2.297235,12
ENSG00000108262,2.1135445,2.1821864,12
ENSG00000095303_2,0.8842465,0.0,12
ENSG00000108424_1,2.335334,1.5951324,12
ENSG00000002834_1,2.2824094,3.5259902,12
ENSG00000198722,1.881632,1.923327,12
ENSG00000293499,2.0235262,1.9791385,12
ENSG00000081377_1,1.6371839,2.079109,12
ENSG00000109099_3,0.19717284,0.0,12
ENSG00000160408,0.78904784,0.0,12
ENSG00000170836,2.658596,2.2828329,12
ENSG00000233223_2,1.9288592,2.720647,12
ENSG00000173065,2.1776896,0.0,12
ENSG00000136490,1.1781718,1.2231843,12
ENSG00000197566,1.4370816,1.6252816,12
ENSG00000065559_1,0.15969765,0.0,12
ENSG00000131094,1.885167,2.2319715,12
ENSG00000141219,2.028489,1.7454339,12
ENSG00000196305,2.3638868,3.3455853,12
ENSG00000004897,2.6380398,2.7334058,12
ENSG00000236320,0.93120235,0.0,12
ENSG00000230303,0.1235742,0.0,12
ENSG00000238007,0.23090771,0.0,12
ENSG00000227619,0.34509528,0.0,12
ENSG00000188554_1,1.9448695,2.5476751,12
ENSG00000147894,1.8554028,1.7586092,12
ENSG00000136861_1,2.1532516,2.6485279,12
ENSG00000119125_1,1.2571456,1.6516559,12
ENSG00000270806,0.26086923,0.0,12
ENSG00000153933,1.9515117,1.8958036,12
ENSG00000119514_1,0.4446985,1.2118678,12
ENSG00000106780,2.2607927,2.063971,12
ENSG00000131095,0.47797322,0.0,12
ENSG00000233901_1,0.34163857,1.0559896,12
ENSG00000177370,2.2900643,0.0,12
ENSG00000268996,2.3758435,1.9265431,12
ENSG00000168961,0.3363983,0.0,12
ENSG00000181222_2,0.3789842,0.86111605,12
ENSG00000276234,2.3960214,2.4037552,12
ENSG00000121104_1,2.346779,0.0,12
ENSG00000173805,1.3972933,1.3148359,12
ENSG00000184988,0.7899667,1.0675544,12
ENSG00000108518,2.1301038,4.1654224,12
ENSG00000213246,2.3577702,2.9552715,12
ENSG00000154016,0.35209614,0.0,12
ENSG00000172724,0.24126679,0.0,12
ENSG00000187242,0.24513638,0.0,12
ENSG00000108375_1,0.5414001,0.0,12
ENSG00000212195,1.3204199,2.5806181,12
ENSG00000261924,0.40780386,0.0,12
ENSG00000107175,1.7263709,1.3784161,12
ENSG00000120158,2.3233533,2.3980095,12
ENSG00000121058,2.0020096,2.8544347,12
ENSG00000167302,2.175701,1.8605176,12
ENSG00000179409_1,1.202758,1.3134664,12
ENSG00000264424,0.1511501,0.0,12
ENSG00000271086,2.416489,1.6552441,12
ENSG00000141258_1,1.9430095,1.6358857,12
ENSG00000005882_1,0.29524857,0.0,12
ENSG00000108861,1.824654,2.3180404,12
ENSG00000266962,2.1821601,2.322116,12
ENSG00000169660,2.0186253,2.73033,12
ENSG00000246731,1.4511453,0.0,12
ENSG00000167720,2.182117,2.0130017,12
ENSG00000239704,0.16434336,0.0,12
ENSG00000095370_2,0.3252367,0.0,12
ENSG00000106799,2.3979402,2.3154876,12
ENSG00000108700,0.17664714,0.0,12
ENSG00000141505,0.34924075,0.0,12
ENSG00000154945_1,2.0918913,2.38591,12
ENSG00000168610,1.0687143,2.7027235,12
ENSG00000173714,0.8307738,1.8094789,12
ENSG00000266714,0.65423113,1.385034,12
ENSG00000277363_1,1.8628962,1.5729203,12
ENSG00000108604,2.3256269,1.218378,12
ENSG00000106772_1,0.17160411,0.8499719,12
ENSG00000108960,2.0400896,1.0984014,12
ENSG00000186638,1.92002,1.9677678,12
ENSG00000256806,1.8260899,1.1883097,12
ENSG00000108556,0.6358066,1.1504186,12
ENSG00000108733,2.18051,2.0721765,12
ENSG00000275302,0.26914874,0.0,12
ENSG00000167695_1,1.967976,1.6486527,12
ENSG00000175164,1.9717497,2.3822746,12
ENSG00000141526_2,1.6754843,1.5986264,12
ENSG00000167081_1,1.3192227,0.0,12
ENSG00000133030,2.0966625,2.330556,12
ENSG00000141580,2.2495594,2.6928804,12
ENSG00000265359,0.18193322,0.0,12
ENSG00000141376_3,0.29985458,0.0,12
ENSG00000119408_3,0.41255617,0.0,12
ENSG00000283538,0.21725027,0.0,12
ENSG00000120210,0.8882266,0.0,12
ENSG00000107077_1,2.4432502,1.7912976,12
ENSG00000278845,2.1210384,0.0,12
ENSG00000133020,0.16851726,0.0,12
ENSG00000089685,2.020753,3.08032,12
ENSG00000178691,2.6063695,2.5025773,12
ENSG00000155621,1.4059917,2.155321,12
ENSG00000186765,1.0921004,0.0,12
ENSG00000177731,1.809111,2.2321827,12
ENSG00000262188,0.79778224,1.1634417,12
ENSG00000277511,0.69198877,0.0,12
ENSG00000141279,0.14262168,0.0,12
ENSG00000048828_2,0.20521542,0.0,12
ENSG00000122694,1.8541416,0.0,12
ENSG00000224383,1.0853049,1.0810231,12
ENSG00000007237_3,0.21307766,0.0,12
ENSG00000173818_1,2.0916271,1.4812391,12
ENSG00000178921,1.2235627,0.0,12
ENSG00000148219_1,1.6371931,1.9914919,12
ENSG00000141560,1.7768521,2.1111515,12
ENSG00000170175,1.1551028,1.6052942,12
ENSG00000108924_3,0.17849247,0.0,12
ENSG00000005379,1.3338667,0.0,12
ENSG00000141696,1.7847997,2.0753279,12
ENSG00000221926_1,0.8655601,0.0,12
ENSG00000136811,0.61298376,0.0,12
ENSG00000213977,2.1008277,1.8347703,12
ENSG00000291022,0.59581834,0.0,12
ENSG00000173812,2.636961,4.064151,12
ENSG00000106993,2.258403,2.434441,12
ENSG00000159314,0.41306707,0.0,12
ENSG00000040633,1.4183148,0.9473847,12
ENSG00000033627_1,0.40497845,0.0,12
ENSG00000119383_3,0.9936115,1.4168735,12
ENSG00000007237_5,0.25792718,0.0,12
ENSG00000005238,1.9598736,1.7803533,12
ENSG00000141738_1,0.606541,0.0,12
ENSG00000035862_1,0.31813705,0.0,12
ENSG00000167419_1,0.21080649,0.0,12
ENSG00000172992_1,2.2374163,2.3343954,12
ENSG00000137101_1,0.39492923,0.0,12
ENSG00000106819,0.1505866,0.0,12
ENSG00000147872,1.780353,2.4099112,12
ENSG00000267278_2,1.2958465,1.2069337,12
ENSG00000183684,2.3384247,3.3381276,12
ENSG00000154975,1.3003567,1.6383893,12
ENSG00000265148,1.2434717,0.0,12
ENSG00000120071_3,2.68159,2.2013972,12
ENSG00000286190,1.475808,1.2151086,12
ENSG00000128422,0.4854238,1.2118678,12
ENSG00000177427,1.8561708,1.5736605,12
ENSG00000070731_1,1.6500249,1.6836863,12
ENSG00000175832_2,1.8230704,2.6036153,12
ENSG00000265000,1.2395841,0.0,12
ENSG00000233175,1.5801998,1.1951687,12
ENSG00000131477,0.928135,1.0698531,12
ENSG00000178921_1,1.5971661,0.0,12
ENSG00000108788_1,2.3368955,1.1688803,12
ENSG00000184640_1,0.39316618,0.7189996,12
ENSG00000180638,0.40931147,0.0,12
ENSG00000293325,1.0133067,1.1795806,12
ENSG00000182446_1,0.4413126,0.0,12
ENSG00000119431,1.7473608,1.9794164,12
ENSG00000171302,2.136814,2.552392,12
ENSG00000234899,0.16931194,0.0,12
ENSG00000091542,1.8188021,1.7439767,12
ENSG00000155876,2.1893592,2.5420783,12
ENSG00000133027_2,2.239885,2.2971475,12
ENSG00000161653,1.0899843,1.703128,12
ENSG00000127804,1.1869949,0.0,12
ENSG00000159842,1.3186464,1.2247401,12
ENSG00000198467_2,0.24466097,0.0,12
ENSG00000165209,2.3236341,2.8332236,12
ENSG00000204291,1.5980381,1.6214567,12
ENSG00000109047,0.65870935,0.0,12
ENSG00000167525,2.2422907,0.0,12
ENSG00000185158_1,0.36134052,0.0,12
ENSG00000136811_1,2.2051148,2.9592762,12
ENSG00000137145,2.2995977,2.117798,12
ENSG00000171246,1.7007931,2.216166,12
ENSG00000197646,0.1567425,0.56841296,12
ENSG00000167880,0.87464935,0.9503843,12
ENSG00000005156,2.2658722,2.7122877,12
ENSG00000242616,1.8086809,2.5214362,12
ENSG00000198467,0.3197978,1.3070893,12
ENSG00000269929,2.681056,2.386481,12
ENSG00000119421,1.7488487,2.8919299,12
ENSG00000070366,2.29844,2.3370998,12
ENSG00000170160,1.1778393,0.0,12
ENSG00000072778,1.8717058,2.8167276,12
ENSG00000234323,0.2768491,0.0,12
ENSG00000181523,1.6486784,0.0,12
ENSG00000283329,0.17586395,0.0,12
ENSG00000108587,1.9861952,2.5975504,12
ENSG00000148143,0.65090215,0.8683505,12
ENSG00000167716_1,1.9240035,1.8770833,12
ENSG00000148153,2.1580753,2.437078,12
ENSG00000226197,0.18708342,0.0,12
ENSG00000154240,0.15266117,0.0,12
ENSG00000108312_1,2.0011404,0.0,12
ENSG00000034152_1,0.39944738,0.0,12
ENSG00000134996,2.0393732,2.3875713,12
ENSG00000141741,1.8595122,2.653878,12
ENSG00000073536,1.6882988,2.4103367,12
ENSG00000184640_9,0.49912465,0.0,12
ENSG00000171346_1,0.5141589,0.0,12
ENSG00000108852_2,0.68627834,1.332499,12
ENSG00000278311,2.3603675,2.7551887,12
ENSG00000186832,1.0433596,0.0,12
ENSG00000125457_1,2.2989972,2.1349354,12
ENSG00000196712_1,0.19929063,0.8963609,12
ENSG00000120158_1,0.3410262,0.0,12
ENSG00000167112,2.391314,2.8056538,12
ENSG00000119446,2.15479,0.0,12
ENSG00000136943,1.5480764,1.4464439,12
ENSG00000221882,1.4013122,0.0,12
ENSG00000279561,1.3987951,0.0,12
ENSG00000106992,0.3082053,0.0,12
ENSG00000204054_3,1.6019273,0.0,12
ENSG00000148154,2.3192453,2.644074,12
ENSG00000092929_1,1.6574087,2.2664223,12
ENSG00000122707,1.4115345,1.886891,12
ENSG00000070610,1.9911109,1.5287753,12
ENSG00000265222,0.24018067,0.0,12
ENSG00000119314_1,2.5385485,3.2260687,12
ENSG00000185158,2.0837216,1.7861052,12
ENSG00000087095_1,0.3239373,2.0054808,12
ENSG00000130935,2.3211632,2.8041155,12
ENSG00000170004,1.6911464,2.3010952,12
ENSG00000186919,0.40715155,0.87906146,12
ENSG00000147883,1.2428116,0.0,12
ENSG00000169689,2.1075735,2.852744,12
ENSG00000136940,2.0433686,2.5615962,12
ENSG00000184640,1.8040704,2.2424893,12
ENSG00000184640_5,0.4612759,0.0,12
ENSG00000108666_2,1.8585176,0.0,12
ENSG00000107262,2.2909176,2.6328084,12
ENSG00000136449,1.381215,0.0,12
ENSG00000166263,1.9853414,2.1293902,12
ENSG00000004939_1,0.33307293,0.0,12
ENSG00000125430,1.9290385,2.316641,12
ENSG00000153822_1,0.20341653,0.0,12
ENSG00000179094_2,1.5052841,1.8106719,12
ENSG00000179409,2.2086296,1.7764033,12
ENSG00000267364,0.36768204,1.1331235,12
ENSG00000167291,0.5543865,1.0193241,12
ENSG00000137135,1.9669269,0.0,12
ENSG00000130717,1.9686719,1.5700758,12
ENSG00000107338,2.3240442,1.9094704,12
ENSG00000107331,0.8902214,0.0,12
ENSG00000083454,1.2980217,1.3186684,12
ENSG00000141295_1,1.4657549,1.660467,12
ENSG00000263429,0.5075795,1.1130404,12
ENSG00000185561,1.6235791,1.1985747,12
ENSG00000092931,2.684573,2.4966528,12
ENSG00000161958_1,1.0750958,1.667929,12
ENSG00000141551_1,0.57625395,0.0,12
ENSG00000092931_2,0.22934932,0.0,12
ENSG00000108798_1,0.44970763,0.0,12
ENSG00000130956,2.0395684,2.2717254,12
ENSG00000035862_2,1.7278029,1.7968518,12
ENSG00000132386_1,1.1593915,0.0,12
ENSG00000176978,1.6704963,2.8025453,12
ENSG00000171928,1.8078687,2.3528557,12
ENSG00000095370_1,0.2740466,0.0,12
ENSG00000167105,0.45427817,1.0488689,12
ENSG00000278834,2.1775017,1.8300109,12
ENSG00000160408_2,0.34275073,0.0,12
ENSG00000108479,1.8535677,2.430251,12
ENSG00000215041,2.3773766,1.7198117,12
ENSG00000092871_1,1.9383856,1.0606601,12
ENSG00000160323,0.49129456,0.0,12
ENSG00000267432_1,0.31542757,0.0,12
ENSG00000141562_1,2.1776097,3.3256984,12
ENSG00000183018,0.6136005,1.0488766,12
ENSG00000171401,0.48534048,0.0,12
ENSG00000171861,1.9809746,2.1541774,12
ENSG00000148303,2.0980835,3.8118243,12
ENSG00000161381_2,0.59125954,1.38616,12
ENSG00000161395,1.8532931,1.9268875,12
ENSG00000159921_1,0.17781144,0.0,12
ENSG00000160360,1.735421,1.9858125,12
ENSG00000148288,1.4150642,1.9619902,12
ENSG00000141232_1,0.79367834,0.0,12
ENSG00000148335_1,1.9955834,2.6127446,12
ENSG00000008838,1.4896158,0.0,12
ENSG00000108433,2.2469344,0.0,12
ENSG00000225434,0.22196954,0.0,12
ENSG00000091592_1,0.73254436,2.9254632,12
ENSG00000108465,2.3414922,2.1638975,12
ENSG00000291209,1.4610354,1.6598496,12
ENSG00000155875_1,2.2205057,1.2827127,12
ENSG00000196814,1.8538806,1.6176293,12
ENSG00000172992,2.5736208,2.572507,12
ENSG00000076351,1.7218087,1.9325244,12
ENSG00000167130,2.401507,2.676035,12
ENSG00000233670,0.25189468,0.982045,12
ENSG00000072849,1.6970671,2.116704,12
ENSG00000137154,2.0944264,3.6127744,12
ENSG00000108622_1,0.4782911,0.0,12
ENSG00000108691,0.31642818,1.0983667,12
ENSG00000196152,2.243359,2.106626,12
ENSG00000148297,2.1943305,2.358873,12
ENSG00000068489,1.6671845,2.7784212,12
ENSG00000166685,2.4035952,2.0661356,12
ENSG00000136878,2.5509107,2.681082,12
ENSG00000122711,0.39415586,0.0,12
ENSG00000141524,2.2795477,2.9634223,12
ENSG00000198853,2.188997,2.0636187,12
ENSG00000148219,1.5366904,0.0,12
ENSG00000005882,1.4351705,1.4328891,12
ENSG00000006744_1,2.0999498,2.7032828,12
ENSG00000179148,0.8547971,0.9708023,12
ENSG00000147862_3,0.9741599,1.5287753,12
ENSG00000186185,2.162941,2.1628003,12
ENSG00000170315_1,1.7220446,0.0,12
ENSG00000121104,2.2057047,2.925344,12
ENSG00000125319,2.0677776,2.3596249,12
ENSG00000153944,1.8264325,1.6426623,12
ENSG00000040531_1,1.8600581,1.7773036,12
ENSG00000138835_6,0.5104722,0.0,12
ENSG00000291063,1.1081445,1.6480573,12
ENSG00000108602,0.41722804,0.9382194,12
ENSG00000185168,1.3076876,0.0,12
ENSG00000130653,0.91240877,0.0,12
ENSG00000136950,2.3135266,0.0,12
ENSG00000177239,2.362465,2.3000364,12
ENSG00000233016,2.4257631,2.694162,12
ENSG00000120156_1,0.23426628,0.0,12
ENSG00000187753,0.31321317,0.0,12
ENSG00000181323,0.31629246,0.0,12
ENSG00000187616,0.38437468,0.0,12
ENSG00000160606,2.5428283,2.213252,12
ENSG00000130558_1,1.6952642,1.7130787,12
ENSG00000185972,0.30792323,0.0,12
ENSG00000141337_1,2.16232,1.6638987,12
ENSG00000197724_1,1.9989489,1.9511139,12
ENSG00000108984,0.46906763,0.0,12
ENSG00000197694_1,1.005722,0.0,12
ENSG00000227531,0.15172789,0.0,12
ENSG00000235601,1.4340359,0.0,12
ENSG00000131477_1,1.6567434,1.392609,12
ENSG00000074660_1,0.4789973,1.3905642,12
ENSG00000122733_1,1.7537358,1.2069068,12
ENSG00000215644,1.457852,1.3740147,12
ENSG00000273018,1.0671471,0.0,12
ENSG00000166582,2.0153391,2.76183,12
ENSG00000147874,0.15861772,0.0,12
ENSG00000007312,0.5302865,0.82275635,12
ENSG00000132517,0.68398637,0.0,12
ENSG00000178852_1,2.2190826,1.9163013,12
ENSG00000175931,1.9492451,2.079561,12
ENSG00000080503_5,0.15783772,0.0,12
ENSG00000263766,2.3913202,1.4001752,12
ENSG00000107147_1,1.5502378,1.7371926,12
ENSG00000087111_1,0.18353674,0.0,12
ENSG00000165689,2.3598802,2.5801628,12
ENSG00000196092_1,0.46209353,0.8423221,12
ENSG00000165684,2.0079656,2.0985227,12
ENSG00000277399,0.5292713,1.2509809,12
ENSG00000204913,1.9592942,1.142796,12
ENSG00000129194,0.34828076,0.0,12
ENSG00000119139_1,1.4943057,1.9771472,12
ENSG00000173801,1.7890548,0.0,12
ENSG00000095209,1.714442,2.6598296,12
ENSG00000129204,1.3427418,1.3361795,12
ENSG00000109101,0.74476117,1.7777312,12
ENSG00000141551_3,2.0048006,2.7794595,12
ENSG00000065325_1,0.23496574,0.0,12
ENSG00000250850,1.2499057,0.0,12
ENSG00000165025,1.8507112,1.582177,12
ENSG00000198265,1.9911977,2.44711,12
ENSG00000180340,1.7036439,1.856064,12
ENSG00000125449,1.8360187,2.1995988,12
ENSG00000273061,2.2155185,0.0,12
ENSG00000275718,0.18321851,0.0,12
ENSG00000288989,1.9490905,1.5192109,12
ENSG00000165138,2.1372519,2.4747696,12
ENSG00000198876,2.1778867,2.6222348,12
ENSG00000109101_1,0.6782132,0.0,12
ENSG00000175061_1,2.0164275,2.8201292,12
ENSG00000072310_1,2.1516275,2.7723951,12
ENSG00000233901_2,1.2421049,1.1251884,12
ENSG00000169738_1,2.0835624,2.2761445,12
ENSG00000204054_1,0.4529062,0.0,12
ENSG00000233098,1.33551,2.849562,12
ENSG00000198783,2.192553,2.0674615,12
ENSG00000243678,2.317725,3.8024,12
ENSG00000132383,1.9702023,2.6739807,12
ENSG00000126883_3,0.39949375,0.0,12
ENSG00000083457_1,0.3154693,1.1089032,12
ENSG00000141562,1.8364443,2.0307615,12
ENSG00000136869,0.25893503,0.0,12
ENSG00000165233,1.8298069,1.6137319,12
ENSG00000179029,1.8432046,0.0,12
ENSG00000181038,2.4457855,2.554615,12
ENSG00000091947,1.4310206,2.096298,12
ENSG00000167741,0.3339672,0.0,12
ENSG00000141252,0.18433541,0.0,12
ENSG00000198271,1.0102972,1.5303022,12
ENSG00000196730,0.3905368,0.0,12
ENSG00000213213,0.3793442,0.0,12
ENSG00000281491,1.6758426,0.0,12
ENSG00000108387,0.32300726,0.0,12
ENSG00000170689,2.568746,3.0185423,12
ENSG00000188895_1,2.0892744,1.4856788,12
ENSG00000228072,1.068892,0.0,12
ENSG00000132478,2.6486473,2.225397,12
ENSG00000119508,1.8242772,1.7015939,12
ENSG00000165272_1,1.7116512,2.6232028,12
ENSG00000137101_2,1.5480157,0.0,12
ENSG00000188833,0.6887232,0.0,12
ENSG00000141510_1,0.93811876,0.0,12
ENSG00000128487,1.9414216,1.9958475,12
ENSG00000070610_1,1.956309,2.3783433,12
ENSG00000160563,1.1224216,2.0843725,12
ENSG00000148229_1,2.1855946,3.0198388,12
ENSG00000136824_1,1.7438097,0.0,12
ENSG00000126653,1.6396785,2.7832832,12
ENSG00000107187,1.5793405,1.8082178,12
ENSG00000167193,2.2642846,2.403661,12
ENSG00000148290,1.9495124,1.6604347,12
ENSG00000264044,0.26187748,0.0,12
ENSG00000165264,1.5628862,2.9151866,12
ENSG00000132507_2,2.4148896,2.4418743,12
ENSG00000136813_1,1.4790059,2.8855817,12
ENSG00000161544,1.6499841,1.999609,12
ENSG00000186393,0.32438403,0.0,12
ENSG00000148400,2.134935,2.3864276,12
ENSG00000176108,1.8794726,2.0766768,12
ENSG00000185245,0.38934758,1.0984014,12
ENSG00000172889_2,2.150577,1.9121104,12
ENSG00000136783,1.9482952,2.688572,12
ENSG00000107140,1.9208484,2.077146,12
ENSG00000073861,1.475442,1.7042192,12
ENSG00000165181,0.18144986,0.98209023,12
ENSG00000176170,0.32985818,0.98479724,12
ENSG00000141252_2,1.7626413,2.431272,12
ENSG00000154263,0.16157992,0.0,12
ENSG00000125457,1.3294677,0.8267225,12
ENSG00000170703_1,1.1295936,1.0392555,12
ENSG00000187609,2.1516144,1.8656132,12
ENSG00000189152,0.4007182,0.0,12
ENSG00000174327,1.838725,1.9028456,12
ENSG00000186193,1.9761575,2.403637,12
ENSG00000153982_1,2.1366763,0.9764784,12
ENSG00000213416,0.9281911,0.0,12
ENSG00000185269,1.3582317,1.5327289,12
ENSG00000215548,1.8592829,2.5564413,12
ENSG00000227517,0.17768626,0.0,12
ENSG00000129244,1.1548468,2.5590203,12
ENSG00000121101,0.5187704,0.0,12
ENSG00000267532,0.90784204,0.0,12
ENSG00000267104,0.4596197,0.0,12
ENSG00000136933,1.8496307,2.6800635,12
ENSG00000185527,0.45244873,1.0142264,12
ENSG00000225190,0.21027422,0.0,12
ENSG00000238804,0.27301246,0.0,12
ENSG00000119471,2.3272889,2.8231623,12
ENSG00000178971,1.3635083,0.0,12
ENSG00000175787,1.0615559,0.0,12
ENSG00000160602,2.3650165,2.2112808,12
ENSG00000169733,1.6213301,1.325064,12
ENSG00000172159_1,1.5627915,1.314857,12
ENSG00000225194,1.175197,0.0,12
ENSG00000237159,0.18254629,0.0,12
ENSG00000196092,1.165821,1.1466241,12
ENSG00000204278_1,1.4872819,1.564382,12
ENSG00000128487_2,2.0395203,2.2299352,12
ENSG00000171953,2.1378863,2.0960789,12
ENSG00000275532,0.81561893,1.4540517,12
ENSG00000214553,0.4799233,1.0368284,12
ENSG00000267080,2.0685194,0.0,12
ENSG00000182327,0.88720304,1.3938208,12
ENSG00000141556,2.1263413,2.5994277,12
ENSG00000107263,0.23715001,0.0,12
ENSG00000183034,0.798279,0.0,12
ENSG00000167693,1.8317817,1.9835812,12
ENSG00000182575,1.8109478,1.1830989,12
ENSG00000141068_2,0.4677444,0.0,12
ENSG00000108387_3,0.15457344,0.0,12
ENSG00000205309,2.229223,2.0417874,12
ENSG00000119408_2,0.30331957,0.0,12
ENSG00000167914,0.3262845,0.0,12
ENSG00000173077,0.16175324,0.0,12
ENSG00000148019,1.6605392,2.230541,12
ENSG00000277688,0.37122607,0.0,12
ENSG00000167363,1.7248694,0.0,12
ENSG00000010244,1.9952539,3.458458,12
ENSG00000136811_2,2.2679248,1.4084944,12
ENSG00000173821,2.2513957,2.116641,12
ENSG00000120093,0.28674525,0.0,12
ENSG00000126861,0.17867664,0.0,12
ENSG00000007237_1,0.42245948,0.78500223,12
ENSG00000119335_1,2.3261724,2.0307415,12
ENSG00000178307,2.3514676,2.569231,12
ENSG00000252542,0.20922852,0.0,12
ENSG00000240498,1.2192096,0.0,12
ENSG00000212900,0.37855822,0.0,12
ENSG00000167157,1.68782,1.6376998,12
ENSG00000108244,0.38873255,0.99572295,12
ENSG00000130560_1,2.3490367,3.330637,12
ENSG00000264672,0.22130346,0.95927995,12
ENSG00000056558_1,0.32286358,0.0,12
ENSG00000141699,2.5718899,2.2937007,12
ENSG00000263489,0.5651553,0.0,12
ENSG00000094796,0.73493546,0.0,12
ENSG00000108622,1.0000011,0.0,12
ENSG00000141570,2.3697662,2.1330597,12
ENSG00000161921,0.99204296,0.0,12
ENSG00000108825,1.0288072,0.0,12
ENSG00000189051,0.2719744,0.0,12
ENSG00000200997,0.84312624,0.0,12
ENSG00000233223_1,2.4225976,1.7865882,12
ENSG00000131096,0.47499502,1.0854332,12
ENSG00000138835_4,0.53599787,0.0,12
ENSG00000122133,0.4769032,0.0,12
ENSG00000137074_1,2.2240977,0.0,12
ENSG00000137033,0.20179759,0.0,12
ENSG00000171843,0.13622236,0.0,12
ENSG00000264808,2.2007189,1.8221353,12
ENSG00000175832_1,1.9061545,2.4974687,12
ENSG00000095370,1.5695707,1.5465304,12
ENSG00000176974,1.9038824,2.1023343,12
ENSG00000147955,1.910353,0.0,12
ENSG00000157637,1.2795566,1.1985747,12
ENSG00000153822,0.20076023,0.0,12
ENSG00000130714,1.8456268,1.9928803,12
ENSG00000172794,1.1904262,0.0,12
ENSG00000154240_1,1.519994,0.0,12
ENSG00000030304,0.21032763,0.0,12
ENSG00000137101,0.194141,0.0,12
ENSG00000234323_2,0.14937837,0.0,12
ENSG00000107036,2.2882526,2.3411317,12
ENSG00000120242,0.15333048,0.0,12
ENSG00000141526,1.0533341,0.0,12
ENSG00000185624_1,2.1735296,3.478366,12
ENSG00000212724,1.2796541,0.0,12
ENSG00000096968_1,2.2870555,2.298152,12
ENSG00000136810,2.4428434,3.0997496,12
ENSG00000109046,2.0918872,3.2112033,12
ENSG00000278540,2.5054731,0.0,12
ENSG00000170175_1,1.4053036,0.0,12
ENSG00000073584_1,1.1846297,1.3851414,12
ENSG00000127774,2.1852775,2.6536446,12
ENSG00000278619,2.336989,2.1597025,12
ENSG00000198642,1.1230932,1.375133,12
ENSG00000136895,1.2647811,1.0090257,12
ENSG00000006282_1,0.20765215,0.0,12
ENSG00000237339,0.40543342,0.0,12
ENSG00000119401,1.5658934,1.6804389,12
ENSG00000131746,0.3762393,0.0,12
ENSG00000006059,0.6924384,0.0,12
ENSG00000006042_1,1.9734558,2.080933,12
ENSG00000070061,2.333499,2.5571725,12
ENSG00000160602_1,2.411807,0.0,12
ENSG00000135046,0.32923195,0.0,12
ENSG00000148180_2,0.52831,0.0,12
ENSG00000141543,2.4646888,3.0386918,12
ENSG00000156052,2.008326,1.9182453,12
ENSG00000276070,0.27848968,1.9963715,12
ENSG00000161960,2.2981405,3.7209826,12
ENSG00000171855,0.17649056,0.0,12
ENSG00000264985,0.17072287,0.0,12
ENSG00000254876,2.1527662,2.3780706,12
ENSG00000238898,0.20517614,0.0,12
ENSG00000165688,2.3642578,2.945166,12
ENSG00000240813,0.22742414,0.0,12
ENSG00000141456,0.39107084,0.0,12
ENSG00000197355,1.7761343,2.073062,12
ENSG00000137073_1,2.5020714,2.822248,12
ENSG00000167916,0.4510874,0.0,12
ENSG00000228278,0.23559874,0.88252455,12
ENSG00000198740,2.387001,2.2449965,12
ENSG00000222465,0.27022994,0.0,12
ENSG00000141568,2.2908165,2.9615254,12
ENSG00000182473_1,1.5389026,1.399085,12
ENSG00000186594,2.2256854,1.7386299,12
ENSG00000160539_1,0.9628534,1.3096727,12
ENSG00000164970,1.8131522,2.3677845,12
ENSG00000291094,0.35311347,0.0,12
ENSG00000159884,2.3227367,1.778144,12
ENSG00000129646,0.8699846,0.9030357,12
ENSG00000172794_1,1.3100417,1.2342135,12
ENSG00000182963,1.7346488,1.7405679,12
ENSG00000080608,1.9947215,0.0,12
ENSG00000161955_1,0.34415305,0.0,12
ENSG00000229109,0.3040341,0.0,12
ENSG00000147853,2.1583655,2.974988,12
ENSG00000157654_2,0.36102945,0.8461515,12
ENSG00000136848_1,1.4335251,1.3338904,12
ENSG00000063015,0.49267244,0.0,12
ENSG00000076382,2.3546433,2.8450801,12
ENSG00000136490_1,1.8335606,2.1575475,12
ENSG00000287333,0.29420912,0.84229714,12
ENSG00000175155,1.7265031,1.7497132,12
ENSG00000048828,2.290969,2.8337843,12
ENSG00000188647_1,2.0591848,2.276193,12
ENSG00000278053,1.4398872,2.9336503,12
ENSG00000136444,2.1409082,2.2761376,12
ENSG00000148143_1,0.34120646,0.0,12
ENSG00000173826,1.4879198,0.0,12
ENSG00000188483,1.91401,2.1591158,12
ENSG00000097007,1.9196862,1.550314,12
ENSG00000172809,1.799207,3.9704165,12
ENSG00000159069,2.2842917,2.2929866,12
ENSG00000188379,0.20045832,0.0,12
ENSG00000259120,0.23779559,0.0,12
ENSG00000226237,0.47149962,0.0,12
ENSG00000286799,2.0520196,1.3904405,12
ENSG00000185527_1,0.45868897,0.0,12
ENSG00000178445_1,0.15932739,0.0,12
ENSG00000106823,0.14541003,0.0,12
ENSG00000182156,0.3808077,0.4895929,12
ENSG00000136830,1.9952139,1.783067,12
ENSG00000251752,0.14138943,0.0,12
ENSG00000107021,2.0688553,0.0,12
ENSG00000165118,1.8803133,2.408352,12
ENSG00000168610_2,0.311489,0.98484224,12
ENSG00000286685,1.4052117,0.0,12
ENSG00000040531,2.004645,2.0616786,12
ENSG00000188554,1.7863382,2.1312754,12
ENSG00000183914,0.9071724,0.0,12
ENSG00000182173,2.0539877,2.2553353,12
ENSG00000165244,2.4454675,2.0642333,12
ENSG00000278023,0.8893122,0.0,12
ENSG00000107105_2,0.41215986,0.0,12
ENSG00000148204_1,0.33658278,0.0,12
ENSG00000159184,0.864988,1.1969495,12
ENSG00000207277,1.2924322,0.0,12
ENSG00000146872_1,2.0744953,2.4214888,12
ENSG00000148200,2.4665532,2.145793,12
ENSG00000147889_2,0.882859,1.2729781,12
ENSG00000108771,0.6161646,1.902487,12
ENSG00000119318,2.473515,3.4966004,12
ENSG00000121057,2.571773,2.3678515,12
ENSG00000167258,2.1185656,2.5221467,12
ENSG00000132475,2.2400527,3.446391,12
ENSG00000126368,1.9284621,1.5318875,12
ENSG00000158079,0.39089698,0.0,12
ENSG00000196422_1,1.9518527,1.9474827,12
ENSG00000205045,0.7657145,0.0,12
ENSG00000109062,2.1870227,2.348916,12
ENSG00000108417,0.41753614,0.0,12
ENSG00000130558_2,0.2087775,0.0,12
ENSG00000135045,2.1310859,2.5398536,12
ENSG00000108352,1.3590142,2.0006943,12
ENSG00000167703,2.2644763,0.0,12
ENSG00000179314_1,1.5025319,1.4669417,12
ENSG00000148158,2.3652103,1.8944157,12
ENSG00000130635,1.5199393,1.4660368,12
ENSG00000108523_3,0.42745572,0.0,12
ENSG00000127081,1.0466353,1.9172744,12
ENSG00000273611_1,0.22512698,0.0,12
ENSG00000131899,2.0465302,1.7609725,12
ENSG00000204815,1.8025562,0.0,12
ENSG00000109113_2,0.43030176,0.0,12
ENSG00000176208,2.1386268,2.5795448,12
ENSG00000198242,2.4971128,4.1183143,12
ENSG00000108576,1.5547522,1.0698531,12
ENSG00000148248,2.4344988,2.9684045,12
ENSG00000176248,2.448836,2.1018672,12
ENSG00000122733,0.67488164,0.0,12
ENSG00000132359,0.6823654,0.0,12
ENSG00000148386,0.49186665,0.0,12
ENSG00000131470,2.210601,2.4103706,12
ENSG00000157637_1,2.107526,2.338064,12
ENSG00000141480,1.9413525,2.0823903,12
ENSG00000141527,0.2913074,0.0,12
ENSG00000141522,1.4202169,2.0630555,12
ENSG00000107331_1,2.010632,1.8752928,12
ENSG00000125447_1,1.0644634,1.373978,12
ENSG00000187186,1.2418188,0.0,12
ENSG00000135040,2.3129916,2.3874736,12
ENSG00000082641_1,1.9891213,2.2265277,12
ENSG00000171345,1.9491491,2.8525348,12
ENSG00000010438,1.088913,0.0,12
ENSG00000157657,1.8264482,0.0,12
ENSG00000141499_1,1.6463308,1.8841097,12
ENSG00000107331_2,0.7945501,1.254016,12
ENSG00000161955,0.5658036,0.0,12
ENSG00000235641,0.20762458,0.0,12
ENSG00000262730,0.2802422,1.0854332,12
ENSG00000141255_1,0.36487246,0.0,12
ENSG00000224738_1,2.105203,1.3761059,12
ENSG00000075461,1.748419,1.7247918,12
ENSG00000233223,2.437679,1.5396155,12
ENSG00000007174_1,0.3456833,0.0,12
ENSG00000196116,1.9477798,1.6340357,12
ENSG00000291169,0.27895617,0.0,12
ENSG00000188938,2.241528,2.2364137,12
ENSG00000121057_3,0.29149482,1.5751417,12
ENSG00000273702,2.6448076,2.2690222,12
ENSG00000302531,1.5550194,3.1492622,12
ENSG00000107165,0.14716136,0.0,12
ENSG00000131097,0.33496833,0.8755243,12
ENSG00000267394,1.2997658,0.63502103,12
ENSG00000170043,2.1519442,2.6720443,12
ENSG00000170703,1.3676897,1.0063976,12
ENSG00000160345,1.1347368,0.0,12
ENSG00000276023,2.229149,2.4716144,12
ENSG00000291075_1,0.49892724,0.0,12
ENSG00000106976,2.296684,2.022717,12
ENSG00000120160,0.1707651,0.0,12
ENSG00000154265,1.8117166,1.6930231,12
ENSG00000121064,1.0431689,2.101912,12
ENSG00000159202,2.5682626,2.570683,12
ENSG00000168646,1.4967504,1.4368303,12
ENSG00000230647,0.21126474,0.0,12
ENSG00000154957,1.9789294,1.7078851,12
ENSG00000196704,2.2807307,2.5019324,12
ENSG00000264399,1.1291354,1.177825,12
ENSG00000083223_1,2.1446674,2.1014926,12
ENSG00000235183,0.21249722,1.7156775,12
ENSG00000170049,1.0538274,0.0,12
ENSG00000159210,2.0739374,2.4484992,12
ENSG00000072849_1,2.0015106,2.3268273,12
ENSG00000231902,0.16189635,0.0,12
ENSG00000108387_1,0.18529746,0.0,12
ENSG00000222760,0.25326627,0.0,12
ENSG00000109099_2,0.16368653,0.0,12
ENSG00000293480,2.4699085,1.987961,12
ENSG00000172159,0.16142647,0.0,12
ENSG00000123453,0.35810736,0.0,12
ENSG00000189050,2.1332495,0.0,12
ENSG00000132589,2.1660914,2.691549,12
ENSG00000086062,2.2957828,2.3665164,12
ENSG00000240505,0.36080113,0.0,12
ENSG00000262050,1.7839197,0.0,12
ENSG00000119509,2.1457877,2.0722022,12
ENSG00000183011,2.2382195,0.0,12
ENSG00000196873,1.6399256,0.0,12
ENSG00000119383_4,0.45180282,0.0,12
ENSG00000204669,0.23033485,0.0,12
ENSG00000168792,1.6617073,1.6059296,12
ENSG00000159202_1,2.4681494,1.7440034,12
ENSG00000073598,0.17333543,0.0,12
ENSG00000080503_4,0.18855304,0.0,12
ENSG00000119411,1.444028,1.4968328,12
ENSG00000132141,2.2424054,1.4085453,12
ENSG00000096872,1.5424376,2.2245772,12
ENSG00000120162,1.6434301,2.2516382,12
ENSG00000161542,2.450982,1.6018863,12
ENSG00000196422,1.9263419,1.9077874,12
ENSG00000087152,2.0856204,2.291613,12
ENSG00000136802,2.3497977,2.2370734,12
ENSG00000170004_1,0.317895,0.0,12
ENSG00000184640_8,0.6560578,1.4677856,12
ENSG00000011052,2.280799,2.9136455,12
ENSG00000186350_1,0.92742383,1.4512182,12
ENSG00000087095,2.164874,2.5436833,12
ENSG00000165282,1.8179761,1.9734834,12
ENSG00000225361,0.68343145,1.7218024,12
ENSG00000148180,0.16597582,0.0,12
ENSG00000213859,1.7922274,1.7659813,12
ENSG00000068137_1,1.8806858,2.217118,12
ENSG00000138835_3,0.48949474,1.4218342,12
ENSG00000178999_1,1.9931782,2.714531,12
ENSG00000201920,0.3028958,1.3213499,12
ENSG00000007171,0.21282199,0.0,12
ENSG00000130222,1.0682528,1.376084,12
ENSG00000181610,1.7977761,0.0,12
ENSG00000171843_1,1.5316638,1.560612,12
ENSG00000215183,0.37983906,1.0441084,12
ENSG00000188523,1.4043558,0.0,12
ENSG00000141198,1.6643797,2.4076374,12
ENSG00000121057_1,1.5809253,0.0,12
ENSG00000161647,1.8475729,1.9465996,12
ENSG00000185294,0.33138067,1.0116128,12
ENSG00000171532,0.4544505,0.0,12
ENSG00000107105_1,1.5275613,1.9001923,12
ENSG00000266446,1.3716153,1.4633255,12
ENSG00000233516,0.16441217,0.0,12
ENSG00000188612_1,2.4802675,3.7502692,12
ENSG00000062716,1.904528,0.0,12
ENSG00000169738,0.5909276,1.4407202,12
ENSG00000006695,1.7367326,2.06849,12
ENSG00000141524_1,0.7786312,1.2757258,12
ENSG00000141030,2.0466826,2.894718,12
ENSG00000130707,1.4047405,0.0,12
ENSG00000119139_2,1.9936541,2.1759784,12
ENSG00000137073,2.4313245,2.7849545,12
ENSG00000080298,0.14361656,0.0,12
ENSG00000240498_1,0.15377611,0.0,12
ENSG00000278910_1,0.15048754,0.0,12
ENSG00000181513_1,1.2062196,0.0,12
ENSG00000236849,0.18797766,0.0,12
ENSG00000188394,0.24206,0.0,12
ENSG00000278259,1.2446539,0.0,12
ENSG00000167895,0.931439,0.0,12
ENSG00000248714,2.2175896,1.2085596,12
ENSG00000183010_1,2.0609593,2.723081,12
ENSG00000161958,1.0371287,2.1111248,12
ENSG00000185722_1,1.9905039,2.0861819,12
ENSG00000197191,0.4157476,0.8186877,12
ENSG00000212719,1.352105,1.7313148,12
ENSG00000041982,0.56148034,1.1311373,12
ENSG00000006744,1.9231523,1.2449695,12
ENSG00000092931_1,2.127214,1.7714258,12
ENSG00000136930,1.637241,0.0,12
ENSG00000186075,1.2268552,0.0,12
ENSG00000092871_2,2.3075051,1.7307984,12
ENSG00000108702,0.19707775,0.0,12
ENSG00000129657_1,0.47264487,0.0,12
ENSG00000286718,2.0070758,0.0,12
ENSG00000125691,1.8314141,3.9269578,12
ENSG00000148175,2.3432593,2.6329358,12
ENSG00000137054,2.1722355,2.8649328,12
ENSG00000262879,1.0327332,0.0,12
ENSG00000136463,1.8989366,2.3928902,12
ENSG00000126581,1.9621478,2.7120981,12
ENSG00000184619,0.94034976,1.1813576,12
ENSG00000005102,0.25375336,0.0,12
ENSG00000136478,2.1355636,1.8393964,12
ENSG00000108823_1,0.45541498,1.1389339,12
ENSG00000165119_2,2.292726,3.3332417,12
ENSG00000141552,2.2361217,2.9534938,12
ENSG00000278505,0.19298726,0.0,12
ENSG00000148411,2.0806606,2.2840922,12
ENSG00000106803,1.8536383,2.6574268,12
ENSG00000238058,2.1136706,2.1672583,12
ENSG00000126562,2.4160101,2.357134,12
ENSG00000141736,1.9871138,0.0,12
ENSG00000209582,0.26986024,0.0,12
ENSG00000106692,1.3031825,2.038779,12
ENSG00000106829_4,0.18811104,0.0,12
ENSG00000141504,1.0019975,1.3122197,12
ENSG00000286322_1,0.5509564,0.0,12
ENSG00000108848,2.39764,3.3760896,12
ENSG00000213221,2.1974506,2.2004948,12
ENSG00000261156,0.16332771,1.3301499,12
ENSG00000267432,0.5288806,0.0,12
ENSG00000129657_2,2.2578223,1.7882674,12
ENSG00000080503,1.9673219,2.3034055,12
ENSG00000128487_1,0.46786338,0.982045,12
ENSG00000059769,2.341284,2.2030954,12
ENSG00000091622,1.7362813,1.7439407,12
ENSG00000107014,0.41462928,0.0,12
ENSG00000161509,1.1151555,0.0,12
ENSG00000125450,2.4660988,0.0,12
ENSG00000108821,0.46571553,0.96510756,12
ENSG00000166260,2.1207032,2.3265734,12
ENSG00000287355,0.24130762,0.0,12
ENSG00000186860,1.0185835,1.6957443,12
ENSG00000070444,1.995413,2.2967749,12
ENSG00000180071,1.2094241,0.0,12
ENSG00000148334_2,2.000629,1.8516375,12
ENSG00000213927,0.3356295,0.75797266,12
ENSG00000167525_2,2.0913992,1.7930427,12
ENSG00000170190,1.9799703,1.5532031,12
ENSG00000119487_2,2.0306993,2.7026484,12
ENSG00000156345_1,1.3371884,1.6359158,12
ENSG00000167723_1,0.37166095,0.0,12
ENSG00000138835_1,0.3871565,0.0,12
ENSG00000277161_1,1.9792203,1.6468251,12
ENSG00000167850,0.33833197,1.2358565,12
ENSG00000005381_2,0.27080187,0.0,12
ENSG00000167851_1,0.5735062,0.53857374,12
ENSG00000148123,1.4890736,1.604604,12
ENSG00000224738,2.4198923,1.4976069,12
ENSG00000109065,2.2007027,0.0,12
ENSG00000165280,2.324529,3.2733185,12
ENSG00000182459,0.4170677,0.0,12
ENSG00000293515,0.3365627,0.0,12
ENSG00000137070,1.3205819,0.0,12
ENSG00000181222_1,2.3488994,1.9469236,12
ENSG00000293514,2.8374999,2.6061513,12
ENSG00000174231,1.7247931,2.910657,12
ENSG00000203987,0.3687042,0.0,12
ENSG00000119139_3,0.26923275,0.0,12
ENSG00000158122,2.0825653,2.3128288,12
ENSG00000136868,2.1690664,2.29427,12
ENSG00000137142,1.7688636,1.9768542,12
ENSG00000172889_1,1.4301063,3.5864184,12
ENSG00000136848_2,0.28375185,0.0,12
ENSG00000228395,2.008261,1.2756798,12
ENSG00000121068,1.5483747,1.3850518,12
ENSG00000184060,1.5241163,1.1271696,12
ENSG00000062725_1,2.0018742,2.3666825,12
ENSG00000187764_1,0.32877025,1.5319104,12
ENSG00000258890,2.3485894,2.4100194,12
ENSG00000235296,0.6300371,1.065251,12
ENSG00000221676,1.5114603,0.0,12
ENSG00000122140,1.8101,3.327001,12
ENSG00000141756_1,0.505877,1.2713071,12
ENSG00000125484,2.273129,0.0,12
ENSG00000233901,1.0460688,0.0,12
ENSG00000168591,2.0062132,2.2252576,12
ENSG00000266173,2.4198706,2.1481829,12
ENSG00000044574,2.5133204,3.817825,12
ENSG00000120063,2.529411,2.3192728,12
ENSG00000184988_1,0.23883319,0.0,12
ENSG00000167858,0.53738683,0.0,12
ENSG00000225194_1,0.7670173,1.1068026,12
ENSG00000277161,2.5317886,1.9175843,12
ENSG00000236404,1.569741,1.5599545,12
ENSG00000225376,0.22839844,0.0,12
ENSG00000106829_2,1.5825148,1.4454174,12
ENSG00000277108,1.8074726,1.7696506,12
ENSG00000120071_1,0.17911524,0.0,12
ENSG00000230054,0.2646075,0.0,12
ENSG00000108389,1.7103842,2.0067868,12
ENSG00000120215,0.1880441,0.0,12
ENSG00000187764,0.31626844,0.9503648,12
ENSG00000136827,2.088338,2.731168,12
ENSG00000006042,1.928849,2.6414979,12
ENSG00000198121_1,1.4969772,1.4687165,12
ENSG00000073605,0.23827326,0.0,12
ENSG00000165238,1.6745721,1.9061842,12
ENSG00000108381,0.19117448,0.0,12
ENSG00000233098_1,0.22663146,0.0,12
ENSG00000126878,1.9714559,1.6058758,12
ENSG00000181408,1.5499535,1.5231739,12
ENSG00000233101,0.3040493,0.0,12
ENSG00000005381_1,0.23365068,0.0,12
ENSG00000234506,0.29748243,0.0,12
ENSG00000183354,1.3702704,1.6908426,12
ENSG00000173918,1.2426971,1.7110223,12
ENSG00000159199,2.1828194,0.0,12
ENSG00000267206,0.44492763,0.0,12
ENSG00000132386,0.7895686,0.0,12
ENSG00000171931,0.19508995,0.0,12
ENSG00000267568_1,0.8365777,1.2613105,12
ENSG00000221829_1,1.8138355,1.7016457,12
ENSG00000119457,1.185368,1.2495408,12
ENSG00000119403,2.3097148,0.0,12
ENSG00000197506,0.2450898,0.0,12
ENSG00000164985_1,0.1540753,0.0,12
ENSG00000281649,2.1791778,2.5456583,12
ENSG00000167900,2.1360686,2.7834134,12
ENSG00000107147_2,1.5585607,1.4358284,12
ENSG00000182481,2.4918883,3.6727877,12
ENSG00000087191,2.4693236,2.992496,12
ENSG00000131462,2.3698773,3.1593747,12
ENSG00000065320,1.6100545,2.0883842,12
ENSG00000160539,0.83868927,1.3387353,12
ENSG00000272763,1.9080162,0.0,12
ENSG00000141378,2.1001487,2.7400143,12
ENSG00000197724,1.9350003,2.080915,12
ENSG00000223125,0.19971406,0.0,12
ENSG00000131467,2.3753035,2.815836,12
ENSG00000199426,0.6792633,1.5167865,12
ENSG00000204323,0.70578665,0.0,12
ENSG00000182150,2.4354868,2.2477427,12
ENSG00000175764,1.8305688,2.0637498,12
ENSG00000108654_1,1.7582875,0.0,12
ENSG00000198844,0.34758627,0.0,12
ENSG00000148337,2.2565022,3.333034,12
ENSG00000130045,1.4921032,1.2357304,12
ENSG00000131759,0.504552,0.0,12
ENSG00000277791,1.9717106,3.2241263,12
ENSG00000181513,1.9698721,0.0,12
ENSG00000263400,1.2515949,0.0,12
ENSG00000141161,0.28934732,0.0,12
ENSG00000147869,0.27927974,0.0,12
ENSG00000136451,2.2367105,2.553265,12
ENSG00000108423,2.0070572,2.312987,12
ENSG00000204001_1,0.7357883,0.0,12
ENSG00000121057_2,0.32625014,0.0,12
ENSG00000172716,0.5094818,0.0,12
ENSG00000141027,0.13885081,0.0,12
ENSG00000109113,1.3978058,0.86468905,12
ENSG00000270647,2.5797448,3.4311578,12
ENSG00000175175,1.6378931,1.9511188,12
ENSG00000108840,2.566804,2.472171,12
ENSG00000229637,0.35128328,0.0,12
ENSG00000286322,0.40577397,0.0,12
ENSG00000141295,0.37842327,0.0,12
ENSG00000187796,1.0273798,1.9537646,12
ENSG00000006025,0.9122847,2.1426022,12
ENSG00000165119_1,2.2375922,3.7004173,12
ENSG00000132388,2.165603,2.635996,12
ENSG00000148225,1.6633612,1.1231785,12
ENSG00000184557,2.400864,2.8150795,12
ENSG00000165695,1.5729687,1.232615,12
ENSG00000091583,0.1453125,0.0,12
ENSG00000108344,2.6806874,3.413221,12
ENSG00000082641,2.6058488,2.556294,12
ENSG00000165152,1.0921721,1.7440269,12
ENSG00000119328,2.1239443,0.0,12
ENSG00000006062,2.5791063,2.044916,12
ENSG00000184709,1.2128314,1.769141,12
ENSG00000265688,2.113924,1.8229262,12
ENSG00000108829,2.1014931,3.2395222,12
ENSG00000153714,0.19904602,0.0,12
ENSG00000125484_1,2.2070937,1.8900183,12
ENSG00000183010,1.5869035,0.0,12
ENSG00000187210,1.3063415,1.3314071,12
ENSG00000108639_1,1.0398555,0.0,12
ENSG00000234494_1,1.4623684,0.0,12
ENSG00000172171,1.3478976,0.0,12
ENSG00000011258,2.0737648,1.8523519,12
ENSG00000108786,0.46862426,1.4269828,12
ENSG00000108556_1,0.41078812,0.0,12
ENSG00000170412,0.78656745,0.9592323,12
ENSG00000182557,0.46489468,0.0,12
ENSG00000141576_1,2.2155175,2.0619009,12
ENSG00000108654_4,2.37641,2.398218,12
ENSG00000272975_2,0.40330783,0.0,12
ENSG00000044459,1.2322892,1.069816,12
ENSG00000267207,0.33134633,1.5068702,12
ENSG00000161594,0.2790334,0.0,12
ENSG00000108671,2.3859584,2.777784,12
ENSG00000214946,0.25203648,0.0,12
ENSG00000119408,1.854093,2.0518546,12
ENSG00000179477_1,0.5666538,0.89289564,12
ENSG00000119523,2.432597,2.4707484,12
ENSG00000106829_1,0.8473262,0.0,12
ENSG00000119125,1.1825732,2.4204922,12
ENSG00000129221,0.33745363,0.0,12
ENSG00000141574,1.3385383,1.2102115,12
ENSG00000173065_2,1.4342726,1.5598947,12
ENSG00000197768,0.7838824,0.0,12
ENSG00000173894,2.141866,2.0070133,12
ENSG00000136932,2.5502145,2.2996576,12
ENSG00000075429,1.2832621,1.339948,12
ENSG00000167114,2.5909324,2.2352328,12
ENSG00000132530_1,0.2440654,1.1311373,12
ENSG00000147874_1,1.8575313,0.0,12
ENSG00000040633_2,2.214982,2.2757075,12
ENSG00000122696,2.445046,2.3215218,12
ENSG00000167118,1.9320899,2.8546581,12
ENSG00000107018,0.3962492,0.6649239,12
ENSG00000148334_1,2.1954465,1.8862256,12
ENSG00000141526_3,0.8205688,1.4367667,12
ENSG00000120235,0.15135568,0.0,12
ENSG00000177076,1.9743913,1.9380592,12
ENSG00000278540_1,2.349076,1.0743409,12
ENSG00000132535_1,0.42714983,0.0,12
ENSG00000175826_1,2.0012188,3.069631,12
ENSG00000196363_1,2.1844754,3.0217845,12
ENSG00000106701,2.0404513,1.6328216,12
ENSG00000172301_1,1.8879262,2.3022833,12
ENSG00000167851,0.5536487,1.288294,12
ENSG00000181409,0.6495381,0.0,12
ENSG00000262920,1.0234059,1.0743409,12
ENSG00000266357,0.2727194,0.0,12
ENSG00000091542_1,2.2245898,2.7512946,12
ENSG00000153930,0.17120817,0.0,12
ENSG00000281769,1.0358104,0.98203593,12
ENSG00000108666,1.8757987,0.0,12
ENSG00000107147,1.4764802,0.92576575,12
ENSG00000170291,2.1274006,2.548156,12
ENSG00000153822_2,0.22564065,0.0,12
ENSG00000136856,1.997528,1.8015409,12
ENSG00000168591_1,1.6833457,1.8834059,12
ENSG00000148339_1,0.71589464,0.0,12
ENSG00000165006,2.1475759,2.4508724,12
ENSG00000228317,1.2595594,0.0,12
ENSG00000106853_1,0.8300347,0.0,12
ENSG00000198720,1.6100284,2.2278354,12
ENSG00000198121,0.16766578,0.0,12
ENSG00000287737,1.898178,1.2264711,12
ENSG00000012048_3,2.001745,1.8432302,12
ENSG00000072818,0.29685664,1.1291741,12
ENSG00000188647,0.17660749,0.0,12
ENSG00000198000_1,2.3989692,2.8690498,12
ENSG00000070526,1.2119018,2.9708478,12
ENSG00000136842,1.990486,3.037777,12
ENSG00000184640_4,2.0573506,2.5656955,12
ENSG00000136819,2.534863,3.4057646,12
ENSG00000108679,0.3958062,0.0,12
ENSG00000280177,0.6198345,0.7761925,12
ENSG00000153944_2,0.20406088,0.0,12
ENSG00000157303,1.6887127,0.0,12
ENSG00000086065_1,1.6699798,2.639801,12
ENSG00000167861,1.470366,1.1616075,12
ENSG00000178031,0.29124007,0.0,12
ENSG00000078687,2.32238,2.326336,12
ENSG00000108958,0.23760173,0.0,12
ENSG00000212719_1,0.79259545,0.0,12
ENSG00000128422_1,0.7600152,0.99574924,12
ENSG00000108825_1,1.196839,0.0,12
ENSG00000141568_1,0.48751175,0.0,12
ENSG00000173801_1,2.065186,3.2530446,12
ENSG00000137074,1.9103096,0.0,12
ENSG00000260220,0.62357634,0.0,12
ENSG00000141026,2.0249104,2.2963514,12
ENSG00000141503,2.3153257,2.4073381,12
ENSG00000235641_1,0.5303248,0.8345987,12
ENSG00000197879_2,0.5749741,0.8683505,12
ENSG00000196544,1.5953717,0.0,12
ENSG00000125454,2.4383128,2.5212598,12
ENSG00000004660,0.27564102,0.0,12
ENSG00000184544,0.26722616,0.8021852,12
ENSG00000174292,1.1398343,1.6831732,12
ENSG00000136942,2.466534,4.161317,12
ENSG00000141294,1.6984192,1.5191505,12
ENSG00000161653_1,1.129646,1.1742634,12
ENSG00000132514,0.23145077,0.0,12
ENSG00000174038_1,0.3102551,1.1026394,12
ENSG00000176994,1.9272783,2.2362323,12
ENSG00000167100_1,1.571472,1.3773427,12
ENSG00000068079,0.7577351,0.0,12
ENSG00000252942,0.1745485,0.0,12
ENSG00000090054,1.7722083,0.0,12
ENSG00000267123,0.42883247,0.0,12
ENSG00000132522,2.0015957,1.4777722,12
ENSG00000290770,2.2054405,2.2967968,12
ENSG00000141034,2.3621087,2.26689,12
ENSG00000168610_3,2.2485518,2.5315785,12
ENSG00000136881,0.15754867,0.0,12
ENSG00000160325,2.0583148,1.4732826,12
ENSG00000132518_1,1.1347347,0.7035493,12
ENSG00000167524,0.26757494,0.64119637,12
ENSG00000164978,1.8707223,0.0,12
ENSG00000198785,0.7087894,1.3828093,12
ENSG00000067191_1,0.82773167,0.0,12
ENSG00000227355,2.2149746,0.0,12
ENSG00000164972_1,0.16308296,0.0,12
ENSG00000156345,1.4536651,1.3635932,12
ENSG00000178852,2.290685,2.0724154,12
ENSG00000179477,1.3347566,0.7717344,12
ENSG00000167549,1.7351729,1.7415298,12
ENSG00000065559,1.8099946,1.9540977,12
ENSG00000160401,0.36860248,0.0,12
ENSG00000276234_1,2.159912,1.4696571,12
ENSG00000129673,0.28649515,0.0,12
ENSG00000177885_1,2.2812657,0.0,12
ENSG00000165304,1.8852261,2.6131692,12
ENSG00000179859,2.2546773,1.7362052,12
ENSG00000141576,0.19087362,0.0,12
ENSG00000175866_2,0.49353808,0.0,12
ENSG00000167107,1.5727917,1.3784778,12
ENSG00000265313,0.18618536,0.0,12
ENSG00000185359_1,0.7923042,1.3795049,12
ENSG00000147905,2.6664271,2.587083,12
ENSG00000182612,0.41213533,0.0,12
ENSG00000005884,1.5982031,1.4105917,12
ENSG00000159842_1,1.611147,0.9764875,12
ENSG00000165269_1,0.3816527,0.0,12
ENSG00000074660,0.32357657,0.0,12
ENSG00000169750,1.9810525,2.4680312,12
ENSG00000148291,1.9702815,2.2607176,12
ENSG00000167920,2.3856864,0.0,12
ENSG00000196642,2.3404212,3.0980515,12
ENSG00000187997,1.2978114,0.0,12
ENSG00000141298,2.1466253,2.6308274,12
ENSG00000136875,2.0856051,2.6578128,12
ENSG00000108830,1.8903528,1.4464595,12
ENSG00000177302,2.2378516,2.3656938,12
ENSG00000006740,1.3591057,1.7558291,12
ENSG00000029725,2.0312963,2.7323253,12
ENSG00000133026_1,2.0648997,2.6247234,12
ENSG00000141556_1,1.0573227,0.0,12
ENSG00000166579_1,2.2641234,2.1419575,12
ENSG00000185504,2.1379533,2.3046412,12
ENSG00000108384,2.1424866,2.7357147,12
ENSG00000221829,1.8839742,0.0,12
ENSG00000008294,0.37868893,1.4473907,12
ENSG00000159921,2.208287,2.3322384,12
ENSG00000154803,1.9421319,0.0,12
ENSG00000187688,0.9754295,2.5206735,12
ENSG00000135047_1,0.20567468,0.0,12
ENSG00000135048,1.8049463,0.0,12
ENSG00000261371,0.5332958,0.0,12
ENSG00000271086_1,2.397339,1.7016112,12
ENSG00000011295,2.3450007,2.4382257,12
ENSG00000232283,0.20417061,0.0,12
ENSG00000132481,1.6373249,1.6563857,12
ENSG00000136828_1,1.3945702,1.1005222,12
ENSG00000198496,1.5076667,0.0,12
ENSG00000129667_1,1.6746207,0.0,12
ENSG00000177728,1.5002769,0.0,12
ENSG00000273706,1.4469519,1.1951687,12
ENSG00000244045,2.1716876,2.56215,12
ENSG00000106853,0.1440338,0.0,12
ENSG00000161509_1,1.7320477,1.457776,12
ENSG00000184060_1,1.2313769,1.7891645,12
ENSG00000180901,0.49508184,0.0,12
ENSG00000086061,2.2429576,3.2356648,12
ENSG00000141582,2.4153514,2.7570617,12
ENSG00000266947,0.6127222,0.0,12
ENSG00000275143,0.74324244,0.0,12
ENSG00000161970,1.36651,0.0,12
ENSG00000167941,0.37180874,0.0,12
ENSG00000171843_2,0.90070015,1.6825693,12
ENSG00000175866_3,0.56646675,0.0,12
ENSG00000246640,1.0348899,1.1597176,12
ENSG00000136937,2.5018,0.0,12
ENSG00000168517_2,1.7595433,0.0,12
ENSG00000132522_1,1.9753975,2.469277,12
ENSG00000120075,1.2111079,0.0,12
ENSG00000180616,1.2043148,1.828866,12
ENSG00000225050,0.17255384,0.0,12
ENSG00000181222,2.3012161,3.0628338,12
ENSG00000187531,1.7263827,2.3172984,12
ENSG00000278774,2.6314218,0.0,12
ENSG00000168259_3,0.5814139,2.537445,12
ENSG00000187742,2.2027354,2.4487774,12
ENSG00000070731,1.6407973,1.6131121,12
ENSG00000106868,2.1936717,2.49173,12
ENSG00000198443,0.8484052,0.0,12
ENSG00000223510,0.2971825,0.0,12
ENSG00000119487_1,0.12383948,0.0,12
ENSG00000231806,0.6252844,0.0,12
ENSG00000262165,0.24286503,0.0,12
ENSG00000107099,2.24955,2.1394067,12
ENSG00000181090_1,0.23762012,0.0,12
ENSG00000259207,1.9096206,1.5910981,12
ENSG00000275023,2.255086,2.2931857,12
ENSG00000137076,2.3474,2.771262,12
ENSG00000081386,1.9122666,2.2127733,12
ENSG00000148346,0.33613837,0.0,12
ENSG00000161513_1,1.9041761,2.4613168,12
ENSG00000108599,1.9573017,2.32917,12
ENSG00000131473_1,1.5993215,1.8689029,12
ENSG00000108592_1,2.317161,3.2929003,12
ENSG00000141376,1.74732,0.0,12
ENSG00000167434,1.4623126,1.4095442,12
ENSG00000170310,0.7103534,1.8710122,12
ENSG00000127083,0.19255322,0.0,12
ENSG00000291185,1.5283126,0.0,12
ENSG00000126351,1.9883279,2.0101643,12
ENSG00000136504,2.270429,2.885529,12
ENSG00000006788,0.17070287,0.0,12
ENSG00000106771,2.1920195,2.4393485,12
ENSG00000132361,2.1923227,2.8307939,12
ENSG00000281000,1.804955,3.1610084,12
ENSG00000196535,0.4497888,0.0,12
ENSG00000062716_1,1.2561697,2.919303,12
ENSG00000161682,1.7132134,0.0,12
ENSG00000175611_1,2.3117747,2.2282617,12
ENSG00000148120_2,2.0673268,1.8750033,12
ENSG00000182446_2,2.0139084,2.9431012,12
ENSG00000107290,2.4525895,2.5782952,12
ENSG00000141376_2,0.18818966,0.0,12
ENSG00000161533,2.3585274,2.338319,12
ENSG00000132535,0.3995573,0.0,12
ENSG00000141551_2,2.1350489,2.2095606,12
ENSG00000136870,2.2728856,0.0,12
ENSG00000179314,0.379911,1.0559896,12
ENSG00000287782,0.33307344,0.0,12
ENSG00000108406,1.933355,2.6271067,12
ENSG00000204316_1,2.0929637,2.6451666,12
ENSG00000108379_1,0.3996259,0.0,12
ENSG00000167863,2.4842238,3.491968,12
ENSG00000147852,1.7024481,1.6736659,12
ENSG00000204001,0.6253615,0.88603926,12
ENSG00000180787,1.31085,1.5540165,12
ENSG00000108590,1.1777059,0.0,12
ENSG00000176155,2.1406043,2.2716465,12
ENSG00000197063,1.3662459,2.331326,12
ENSG00000196859,0.2160793,0.0,12
ENSG00000196730_2,1.7618941,1.9649099,12
ENSG00000164946,0.18633325,0.0,12
ENSG00000167291_1,1.5689217,1.707851,12
ENSG00000135052,1.7053491,1.8489338,12
ENSG00000130558,1.4700735,1.4785665,12
ENSG00000197958,1.9968504,4.0055194,12
ENSG00000236924,0.86471874,0.0,12
ENSG00000198853_1,0.454392,0.0,12
ENSG00000235979,0.19051337,0.0,12
ENSG00000279602,0.6032508,0.97927517,12
ENSG00000160447,2.0261116,2.3623693,12
ENSG00000291075,2.235004,3.0871387,12
ENSG00000129195,1.851713,0.0,12
ENSG00000120156,0.1872575,0.0,12
ENSG00000108469_1,1.7218744,0.0,12
ENSG00000136877,2.258241,2.117248,12
ENSG00000108947,1.5085181,0.0,12
ENSG00000087111,0.28587133,0.0,12
ENSG00000108424,2.267658,3.8853958,12
ENSG00000108509,0.7777043,0.0,12
ENSG00000168913,1.7696277,1.1616075,12
ENSG00000167543,1.3138844,1.0560278,12
ENSG00000266088,0.49457294,0.9930657,12
ENSG00000175866,2.0159035,2.3924103,12
ENSG00000196597,1.703252,2.0135198,12
ENSG00000169727,1.7656337,2.3690674,12
ENSG00000225376_1,0.18050842,0.0,12
ENSG00000158955,1.5870912,1.7420335,12
ENSG00000197969,2.0875607,2.5555418,12
ENSG00000225663,2.1184328,2.3099282,12
ENSG00000164985,0.1534154,0.0,12
ENSG00000120071,0.1701994,0.0,12
ENSG00000156017,2.3755631,2.1908693,12
ENSG00000169071,1.7221056,1.0962493,12
ENSG00000167183,0.436139,0.0,12
ENSG00000141279_2,2.2629385,2.197137,12
ENSG00000005238_1,0.3016661,0.0,12
ENSG00000189159_1,2.3669446,3.2966652,12
ENSG00000119403_1,2.936191,3.3876088,12
ENSG00000136449_1,1.3776618,0.0,12
ENSG00000293669,2.183514,2.4164941,12
ENSG00000164975,2.0684457,2.5663078,12
ENSG00000188612,2.4994977,1.8184898,12
ENSG00000108854,2.0435321,1.8209236,12
ENSG00000108924_2,0.2231428,0.0,12
ENSG00000136813,2.2075195,2.5639672,12
ENSG00000161929,0.21762952,1.3544273,12
ENSG00000163597,2.2002058,0.0,12
ENSG00000128422_2,0.9048286,1.5744133,12
ENSG00000154760,0.82144684,1.1370374,12
ENSG00000169925,0.58850235,0.0,12
ENSG00000175893,1.634108,1.7357585,12
ENSG00000147872_1,0.17779987,0.0,12
ENSG00000235387,0.37508398,0.0,12
ENSG00000127191,0.37205958,0.0,12
ENSG00000148384,1.818564,2.0873697,12
ENSG00000154330,0.9364509,1.1670691,12
ENSG00000260369,2.5396733,1.6730946,12
ENSG00000165181_2,0.18999416,0.0,12
ENSG00000108309,1.1883777,1.4686869,12
ENSG00000273604,1.8929138,1.8641787,12
ENSG00000263718,0.40800518,1.0168245,12
ENSG00000106733,2.1188493,1.7162372,12
ENSG00000107130,1.8744003,2.1451902,12
ENSG00000108961,1.2302281,0.0,12
ENSG00000198336,0.9205477,3.4707043,12
ENSG00000173786,1.9882122,1.881339,12
ENSG00000136861,1.969574,0.0,12
ENSG00000187239,1.6547189,1.6450388,12
ENSG00000109089,1.9551305,2.1244063,12
ENSG00000265542,0.21741758,0.0,12
ENSG00000133195,0.7350237,1.9255987,12
ENSG00000290567,0.40236616,0.0,12
ENSG00000262768,0.6761762,0.0,12
ENSG00000148218,1.9164482,1.982737,12
ENSG00000236130,0.9319587,0.0,12
ENSG00000267002,1.9205377,1.2855258,12
ENSG00000180447,1.4680221,1.7166543,12
ENSG00000065325,0.45317703,0.0,12
ENSG00000122741,2.332234,2.5858386,12
ENSG00000154262,0.16026948,0.0,12
ENSG00000159182,0.44077644,0.83065283,12
ENSG00000290858,0.16092682,0.0,12
ENSG00000106686_1,0.4627957,0.0,12
ENSG00000141068,2.1065564,2.432793,12
ENSG00000132535_3,0.9378161,0.0,12
ENSG00000184185,1.5533452,1.605208,12
ENSG00000132530_2,0.40478492,0.0,12
ENSG00000007168_1,2.1252952,2.1303594,12
ENSG00000225472,0.14643975,0.0,12
ENSG00000171595,0.4837346,1.4678892,12
ENSG00000285947,0.27111924,0.0,12
ENSG00000167842,2.2726388,2.3317976,12
ENSG00000132591,1.4052359,2.8602817,12
ENSG00000166484_1,1.9107108,1.666312,12
ENSG00000205899,1.3583122,1.3682683,12
ENSG00000106852_2,1.5487676,1.6770409,12
ENSG00000108515,0.6210668,0.0,12
ENSG00000087191_1,2.26609,0.0,12
ENSG00000108578,2.080605,0.0,12
ENSG00000260019,0.19890258,0.0,12
ENSG00000072210,1.4673253,1.3959551,12
ENSG00000120094,0.70037514,1.0788192,12
ENSG00000182154,2.3837826,2.874042,12
ENSG00000227036,0.41574872,0.0,12
ENSG00000147852_1,1.1005712,1.9396241,12
ENSG00000270332,0.19908312,0.0,12
ENSG00000136811_3,1.3274803,0.0,12
ENSG00000198113,1.34678,0.0,12
ENSG00000136891,2.2668219,2.82593,12
ENSG00000165724,2.238009,2.5183613,12
ENSG00000169738_2,1.8936505,3.2218497,12
ENSG00000141200,0.22513625,1.0854332,12
ENSG00000130958,1.5868249,1.716162,12
ENSG00000171431,0.3145761,0.0,12
ENSG00000141698,1.670501,2.7659924,12
ENSG00000148357,1.5389029,1.6748796,12
ENSG00000119397,2.3392057,0.0,12
ENSG00000221926,0.21863511,0.0,12
ENSG00000185156,1.2329723,1.051307,12
ENSG00000141456_1,1.9597775,0.0,12
ENSG00000141736_1,1.2049112,1.1109599,12
ENSG00000083290,1.6044527,1.7709256,12
ENSG00000173838,0.18052664,0.0,12
ENSG00000264666,1.933693,2.2821233,12
ENSG00000154258,0.19825909,0.0,12
ENSG00000168256,1.7600754,0.0,12
ENSG00000176927_1,0.14548644,0.0,12
ENSG00000171403,0.66924447,1.2977387,12
ENSG00000120068_1,0.33965862,1.943543,12
ENSG00000171916,0.262856,0.0,12
ENSG00000108510,2.168804,1.6091673,12
ENSG00000121060,2.170284,2.4273434,12
ENSG00000119139_4,0.18621656,0.0,12
ENSG00000096968,2.3699381,2.4352071,12
ENSG00000183978,1.351324,0.0,12
ENSG00000007237_6,1.6650764,1.6930494,12
ENSG00000108506,1.7119957,0.0,12
ENSG00000188312,2.393476,2.3467147,12
ENSG00000176160,1.1903523,0.0,12
ENSG00000148341,2.1540878,2.0862565,12
ENSG00000107159,0.41978756,0.0,12
ENSG00000123453_1,0.59821624,0.0,12
ENSG00000141552_1,2.064952,1.8670619,12
ENSG00000175611,2.3095183,0.0,12
ENSG00000133028,2.0080614,2.3853989,12
ENSG00000167107_1,0.94717455,1.3566759,12
ENSG00000037042,1.087515,1.4811846,12
ENSG00000160446,2.228277,2.2400172,12
ENSG00000107186_2,0.2133168,0.0,12
ENSG00000132470,1.7158192,1.8424845,12
ENSG00000175826,2.2416682,2.4572504,12
ENSG00000015532,2.1287103,1.9328288,12
ENSG00000186532,1.8969827,0.0,12
ENSG00000204054_2,1.8775283,0.0,12
ENSG00000165269,0.46184438,0.0,12
ENSG00000167543_1,1.7615205,1.674806,12
ENSG00000187024,1.7031124,1.642603,12
ENSG00000262223,0.3326598,0.0,12
ENSG00000253506,0.35777864,3.284126,12
ENSG00000153982,1.9176773,2.1251688,12
ENSG00000188895_2,0.19246636,0.0,12
ENSG00000183048,2.1711473,2.1025023,12
ENSG00000148180_3,0.9450901,0.0,12
ENSG00000154229,2.0957177,2.344962,12
ENSG00000172785,1.763488,0.0,12
ENSG00000160606_1,1.6142716,0.81050134,12
ENSG00000011260,2.6163635,2.8435256,12
ENSG00000293440,2.1243114,1.6691215,12
ENSG00000137075_2,1.823882,1.8623103,12
ENSG00000165059,1.0584944,0.0,12
ENSG00000119321_1,2.191094,2.580204,12
ENSG00000277370,0.65992504,1.3109906,12
ENSG00000109083,2.140171,2.6310205,12
ENSG00000205808,1.429423,1.8094722,12
ENSG00000276170,0.3482324,0.0,12
ENSG00000138835_5,0.25828388,0.0,12
ENSG00000108984_1,0.24166435,0.0,12
ENSG00000160349,0.3142823,0.0,12
ENSG00000167103,0.40484944,0.0,12
ENSG00000161405_1,1.0938035,0.0,12
ENSG00000095370_3,0.5252743,0.84991056,12
ENSG00000198467_1,0.6055211,0.0,12
ENSG00000120217,0.6419578,0.0,12
ENSG00000137078,0.40674105,0.0,12
ENSG00000095380,2.333349,2.228236,12
ENSG00000159842_2,0.65178424,1.1150777,12
ENSG00000185722,0.19892046,0.0,12
ENSG00000263567,0.23901132,1.6143804,12
ENSG00000172301,1.9038907,1.2786164,12
ENSG00000068137,2.1531851,1.5555539,12
ENSG00000157654_1,0.8642654,1.3727463,12
ENSG00000004660_1,2.076379,0.0,12
ENSG00000148154_1,2.1663418,0.0,12
ENSG00000129219,1.8590057,1.8192806,12
ENSG00000136877_1,1.6284107,0.0,12
ENSG00000187922_1,0.7629589,0.0,12
ENSG00000108604_1,2.5153046,2.2914977,12
ENSG00000131471,0.33702922,0.0,12
ENSG00000119392,1.9276382,0.0,12
ENSG00000230537,0.29429024,0.0,12
ENSG00000159842_3,1.6722525,1.4568062,12
ENSG00000177602,2.261799,2.2798698,12
ENSG00000167881,0.27779764,0.0,12
ENSG00000198000,1.373258,2.7940927,12
ENSG00000147889,1.1224917,0.0,12
ENSG00000119333,2.8354576,0.0,12
ENSG00000235361,0.603077,0.0,12
ENSG00000213246_1,0.79998106,0.0,12
ENSG00000087995,1.868915,2.8927972,12
ENSG00000126858,2.4062893,2.2760594,12
ENSG00000170037,1.9923085,0.0,12
ENSG00000173068_2,1.1749002,1.2388487,12
ENSG00000232859,2.0594418,1.8699354,12
ENSG00000108946_2,2.039467,0.0,12
ENSG00000129255,2.4513974,2.7242432,12
ENSG00000173812_1,1.5235171,1.4208959,12
ENSG00000265118,0.20875776,0.0,12
ENSG00000109099,1.5325392,1.6195108,12
ENSG00000199483,0.16025133,0.0,12
ENSG00000067191,0.31053808,0.0,12
ENSG00000034152,1.7793083,0.0,12
ENSG00000167419,0.20940927,0.0,12
ENSG00000240871,0.5836263,0.0,12
ENSG00000198920,0.16564474,0.0,12
ENSG00000291172,0.16214065,0.0,12
ENSG00000207955,1.1077361,1.4348562,12
ENSG00000070159,1.6306384,1.5018805,12
ENSG00000176809,2.5310602,2.320005,12
ENSG00000185379,1.8340077,1.8023837,12
ENSG00000204706_1,1.9554827,1.4641615,12
ENSG00000274512,0.38938704,0.0,12
ENSG00000197879_1,1.9024686,1.9137609,12
ENSG00000161547,2.2816668,3.6908267,12
ENSG00000176058,2.1863503,2.2861419,12
ENSG00000131669,1.727332,1.4925648,12
ENSG00000165272,0.31493694,0.0,12
ENSG00000273611,1.9255863,2.590291,12
ENSG00000106723,1.9865745,1.8988348,12
ENSG00000166484,1.1422738,1.6870292,12
ENSG00000170296,0.6701993,2.1101148,12
ENSG00000188938_1,1.10693,0.0,12
ENSG00000108946,2.119531,1.8328345,12
ENSG00000214860,0.5741695,0.0,12
ENSG00000165716,1.8199295,1.749744,12
ENSG00000230013,0.37244684,0.0,12
ENSG00000119408_1,1.8890502,1.2853998,12
ENSG00000176919,1.0768335,0.0,12
ENSG00000159842_4,0.63030547,0.0,12
ENSG00000235106,1.746687,1.9628521,12
ENSG00000131469,2.1358893,3.7490132,12
ENSG00000169710,2.136665,3.7835612,12
ENSG00000119487,0.17284097,0.0,12
ENSG00000108669_2,0.71186,1.8463309,12
ENSG00000181045,0.4260723,0.0,12
ENSG00000291074_1,1.0798694,1.1579099,12
ENSG00000109118,2.5102465,1.2728854,12
ENSG00000178927,1.9798778,1.8260813,12
ENSG00000277200,1.7424645,1.5487701,12
ENSG00000095383,2.2269435,1.420863,12
ENSG00000266473,1.6243082,2.5588837,12
ENSG00000185359,2.304072,2.633057,12
ENSG00000160271_2,0.28339565,0.0,12
ENSG00000182628,0.20107609,0.0,12
ENSG00000183153,0.31947833,1.0417085,12
ENSG00000174238,2.0786028,2.435717,12
ENSG00000225626,0.6388088,0.0,12
ENSG00000290585,0.4790293,0.0,12
ENSG00000287431,2.4007757,1.4318621,12
ENSG00000137100,1.1182615,0.0,12
ENSG00000165119,0.25317973,0.0,12
ENSG00000161958_2,0.8991193,0.0,12
ENSG00000260454,0.1758897,0.0,12
ENSG00000122692,1.5472325,0.0,12
ENSG00000136881_1,0.17100812,0.0,12
ENSG00000136929,1.1569086,3.3559914,12
ENSG00000108405,0.9198788,2.5277872,12
ENSG00000148344,0.7189209,0.0,12
ENSG00000122705,2.3062656,3.400985,12
ENSG00000165219,2.4349613,2.6803246,12
ENSG00000235448,0.16156459,0.0,12
ENSG00000148337_2,1.000177,1.2684703,12
ENSG00000224848,1.1468984,0.0,12
ENSG00000169727_1,1.8562835,2.766864,12
ENSG00000146872,0.19926916,0.0,12
ENSG00000136826,1.7801884,1.6708022,12
ENSG00000008294_1,2.4705634,2.897231,12
ENSG00000182963_1,0.5192961,1.4279402,12
ENSG00000085265,0.2707067,0.0,12
ENSG00000136936,2.1385999,2.6118538,12
ENSG00000267280_1,1.6965896,1.4705281,12
ENSG00000108509_1,0.34004772,0.0,12
ENSG00000137106,2.2173538,0.0,12
ENSG00000174282,1.9430076,1.7362052,12
ENSG00000154240_2,1.5543063,1.540367,12
ENSG00000068097,1.8931671,2.1155207,12
ENSG00000203364,0.20615682,0.0,12
ENSG00000148396,2.3316696,1.7063593,12
ENSG00000234860,0.14530355,0.0,12
ENSG00000166482,0.45949662,0.0,12
ENSG00000070601_1,0.27008054,0.0,12
ENSG00000203993,2.3915496,2.3509648,12
ENSG00000170412_1,1.5179164,1.4856646,12
ENSG00000173068,0.32607788,0.0,12
ENSG00000167123_2,0.30117208,0.0,12
ENSG00000167100,1.5769778,0.0,12
ENSG00000174292_1,1.4850274,1.0721028,12
ENSG00000108528,2.3342323,0.0,12
ENSG00000230074,1.7224134,0.0,12
ENSG00000231806_1,0.8104958,0.0,12
ENSG00000108950,1.5824666,1.3980268,12
ENSG00000136872_1,0.37971902,0.0,12
ENSG00000147889_1,1.3330327,0.0,12
ENSG00000259349,1.9152284,0.0,12
ENSG00000129214_1,0.37806022,0.0,12
ENSG00000196156,0.97612995,1.2728391,12
ENSG00000161920,2.0156238,2.1039987,12
ENSG00000276409,0.19795687,0.0,12
ENSG00000107104_1,1.8974286,1.7714405,12
ENSG00000167106_1,2.461018,1.8474431,12
ENSG00000185504_1,0.8122383,1.7887126,12
ENSG00000007168_2,1.6141704,1.9457048,12
ENSG00000107249,0.9266191,1.4767447,12
ENSG00000135002_1,2.022139,2.5202477,12
ENSG00000136840,1.8024234,2.2746496,12
ENSG00000141127_1,1.8622998,2.603297,12
ENSG00000181856,1.3842152,0.95631254,12
ENSG00000108846,1.5096358,1.3773427,12
ENSG00000131748_1,0.57441735,0.89970016,12
ENSG00000226609,2.3444095,0.0,12
ENSG00000136895_3,0.2191271,0.0,12
ENSG00000180901_1,2.4051526,2.1706724,12
ENSG00000271605,0.3997574,0.0,12
ENSG00000136485,2.444201,2.9889867,12
ENSG00000130713,1.4981273,2.6358385,12
ENSG00000141505_1,0.36574325,0.0,12
ENSG00000135069,1.9699667,2.7612736,12
ENSG00000068120,1.3698288,2.9642289,12
ENSG00000228696,1.7499813,0.0,12
ENSG00000173908,0.17369953,0.0,12
ENSG00000007202,2.4288626,2.8562913,12
ENSG00000119121,0.2873649,1.0513146,12
ENSG00000167705,1.860422,2.0748787,12
ENSG00000172123_1,0.36431766,0.7340794,12
ENSG00000129667,0.3976209,0.0,12
ENSG00000173253,1.0266593,1.148541,12
ENSG00000169683,1.8934406,1.5142688,12
ENSG00000108523_1,1.3434446,1.8098761,12
ENSG00000165181_1,0.1352658,0.0,12
ENSG00000176927,2.233396,2.6501482,12
ENSG00000176390,2.269764,2.472692,12
ENSG00000178919,1.1465088,1.4054488,12
ENSG00000197816_1,0.30580312,0.0,12
ENSG00000160326,1.4931625,1.3326,12
ENSG00000197879,1.7829547,1.4794745,12
ENSG00000136848,0.46172288,0.0,12
ENSG00000136866,0.92728513,0.0,12
ENSG00000080503_2,1.2975662,1.2554413,12
ENSG00000174282_1,1.9736849,1.5849415,12
ENSG00000137055,2.1169486,2.3338199,12
ENSG00000108669_4,2.274621,1.8792163,12
ENSG00000108591,1.8359085,0.0,12
ENSG00000204873,0.39319903,1.3004216,12
ENSG00000187024_1,0.63368326,0.0,12
ENSG00000197070,2.1671014,1.6072406,12
ENSG00000136929_1,0.3022087,0.0,12
ENSG00000137133,2.4126453,2.180513,12
ENSG00000184502,0.33078426,0.0,12
ENSG00000080503_3,0.18401769,0.0,12
ENSG00000169696,2.123331,1.9774035,12
ENSG00000188566,2.1513395,2.469025,12
ENSG00000186395,0.3707845,2.9390898,12
ENSG00000126860,0.16007596,0.0,12
ENSG00000070495,2.5290775,2.6189785,12
ENSG00000142484,0.26813385,0.0,12
ENSG00000107295,1.5150129,1.6209061,12
ENSG00000197079,0.41729242,0.0,12
ENSG00000170315,2.2803159,3.4736125,12
ENSG00000198963,0.73451096,0.0,12
ENSG00000108641,2.0584176,1.5052314,12
ENSG00000006125,1.9804615,3.0973094,12
ENSG00000153944_1,1.061103,0.0,12
ENSG00000176101,2.515353,2.4261208,12
ENSG00000141040,1.3983122,1.5036137,12
ENSG00000188352_1,0.15866369,0.0,12
ENSG00000274180,1.9812587,1.8608768,12
ENSG00000138835,1.1346561,0.0,12
ENSG00000158169_2,1.8332237,0.0,12
ENSG00000136436,2.0168784,2.9542642,12
ENSG00000119383,2.452587,1.7990123,12
ENSG00000066697,2.3908477,2.3645134,12
ENSG00000237626,0.15748195,0.0,12
ENSG00000188825_1,0.89681566,0.0,12
ENSG00000261879,1.691374,0.0,12
ENSG00000197694,2.0681982,2.1744437,12
ENSG00000137040,1.3994313,0.0,12
ENSG00000188163,0.50756806,0.0,12
ENSG00000121067,2.0592663,0.0,12
ENSG00000141052,1.3226999,0.0,12
ENSG00000177369,0.2833864,0.0,12
ENSG00000261408,2.4173899,2.0028138,12
ENSG00000086065,2.1340213,2.9069016,12
ENSG00000278259_1,2.3914716,2.678491,12
ENSG00000197579,1.6803963,2.0678887,12
ENSG00000170296_1,2.1833184,3.0157578,12
ENSG00000108852_1,0.92161995,1.1211789,12
ENSG00000262074,1.7039678,0.0,12
ENSG00000108509_2,2.035593,2.2832108,12
ENSG00000167716,2.0553799,1.241895,12
ENSG00000159217,2.2820055,2.6539648,12
ENSG00000108387_4,0.2567436,0.0,12
ENSG00000135070,2.1615787,2.5724883,12
ENSG00000160445,2.1932247,2.2310565,12
ENSG00000161939,1.8278991,0.0,12
ENSG00000187791,0.1547975,0.0,12
ENSG00000198933,1.8260084,1.1026052,12
ENSG00000119414,2.3617074,2.6223872,12
ENSG00000108641_1,1.8731147,1.5208162,12
ENSG00000214978,0.5478391,0.0,12
ENSG00000181031_1,0.46671844,0.0,12
ENSG00000108561,2.1004524,3.5902765,12
ENSG00000141526_1,1.2138563,1.1707016,12
ENSG00000106992_1,1.6688787,2.2366734,12
ENSG00000271503,0.35110664,0.0,12
ENSG00000119396,2.2582507,2.8482323,12
ENSG00000136935,2.3752298,2.2221544,12
ENSG00000107104_2,0.21179889,0.0,12
ENSG00000108924,1.3934418,1.3806634,12
ENSG00000169155,2.2644074,2.2311535,12
ENSG00000108602_1,0.32329053,0.0,12
ENSG00000119314,2.2343822,0.0,12
ENSG00000180336,1.4168725,1.4586983,12
ENSG00000120071_4,1.6005067,1.9120891,12
ENSG00000273559,1.8272448,2.4675727,12
ENSG00000204880,0.80676234,1.8511959,12
ENSG00000092929,1.7305037,2.0647686,12
ENSG00000167711,0.25891146,0.0,12
ENSG00000188959,0.3786732,0.0,12
ENSG00000007216,0.24899477,0.8894698,12
ENSG00000109061,0.17574632,0.0,12
ENSG00000108813_2,1.5056914,1.6881349,12
ENSG00000256525,2.0225387,2.4070168,12
ENSG00000167874,0.59369844,0.0,12
ENSG00000006125_1,0.23919123,1.1670809,12
ENSG00000177294,1.2394781,0.0,12
ENSG00000106976_1,2.0257223,1.5821543,12
ENSG00000179094,0.7337839,1.4096965,12
ENSG00000133027,0.3504048,1.1917863,12
ENSG00000180329,1.6496365,2.531964,12
ENSG00000260785,0.16945094,0.0,12
ENSG00000108312,2.2520952,2.2272182,12
ENSG00000277632,0.21885914,0.0,12
ENSG00000159111,1.4603338,0.0,12
ENSG00000161649,0.3356546,0.0,12
ENSG00000185262,2.4513805,3.361367,12
ENSG00000227036_1,0.27198222,0.0,12
ENSG00000169718,1.8218402,1.1089032,12
ENSG00000125398,0.8542992,1.2854673,12
ENSG00000215237,1.5385946,1.9972194,12
ENSG00000167740_1,2.1105785,1.6875825,12
ENSG00000188921,0.95963097,0.0,12
ENSG00000095261,2.7881489,2.6630664,12
ENSG00000277268,1.3992368,1.3762666,12
ENSG00000262481,1.3182693,0.0,12
ENSG00000147912,1.5603743,1.3948543,12
ENSG00000141027_1,2.35362,2.4992292,12
ENSG00000214226,2.102725,1.9185545,12
ENSG00000169718_1,1.845757,2.428339,12
ENSG00000137124,2.140067,2.516214,12
ENSG00000214941,2.2521482,2.0813437,12
ENSG00000231107,0.42168492,0.0,12
ENSG00000176358,0.2861019,0.0,12
ENSG00000178445_2,1.360332,1.3109694,12
ENSG00000266402,2.2130384,2.7178702,12
ENSG00000135002,1.5331167,0.0,12
ENSG00000108370,1.1169153,0.0,12
ENSG00000196712,2.0041356,2.6044204,12
ENSG00000108551,1.436293,1.4864446,12
ENSG00000157654,1.5023485,0.0,12
ENSG00000198887,1.9463129,2.235488,12
ENSG00000107164,2.3522346,2.776213,12
ENSG00000170777,0.30264086,0.0,12
ENSG00000277258_2,1.745545,1.9593801,12
ENSG00000109084,2.165731,3.0977187,12
ENSG00000204316,2.1921496,2.370317,12
ENSG00000157653,1.9812323,1.2480714,12
ENSG00000030582,1.4904966,2.603427,12
ENSG00000167136,2.4238524,2.271242,12
ENSG00000106991_1,1.0140772,1.2896558,12
ENSG00000198242_1,2.1917381,2.1038344,12
ENSG00000107282,1.6457583,1.7366992,12
ENSG00000108852,0.62098175,0.0,12
ENSG00000167182,2.5356169,2.4309952,12
ENSG00000167083,0.24518993,0.0,12
ENSG00000182040,1.348086,0.0,12
ENSG00000141738,0.583612,1.2019976,12
ENSG00000108468,2.3920293,1.7146734,12
ENSG00000171346,0.24728543,0.74382323,12
ENSG00000007237_2,0.28058988,0.0,12
ENSG00000183077,1.822661,0.0,12
ENSG00000280496,0.5196478,0.0,12
ENSG00000148335,0.3994382,0.8860957,12
ENSG00000213694,1.49799,1.3508292,12
ENSG00000141540,1.5234519,0.0,12
ENSG00000106853_2,0.6083209,0.0,12
ENSG00000147896,0.14949334,0.0,12
ENSG00000007237_4,0.17946652,0.0,12
ENSG00000187713,2.2471294,2.2679527,12
ENSG00000136897,1.9101845,0.0,12
ENSG00000005884_1,1.6115903,1.3990678,12
ENSG00000204136,1.5167832,1.5472454,12
ENSG00000188747,2.141103,1.1934863,12
ENSG00000082641_2,1.3155929,0.93514436,12
ENSG00000008283,2.099904,1.9274731,12
ENSG00000108582,2.005426,2.4905217,12
ENSG00000175906,1.1609951,1.2002593,12
ENSG00000074755,2.1523862,2.1355524,12
ENSG00000161405,0.19913268,0.0,12
ENSG00000178999,1.8121899,0.0,12
ENSG00000235530,2.3061576,1.9581815,12
ENSG00000261371_1,0.2117348,0.0,12
ENSG00000109107,1.8324332,3.2317882,12
ENSG00000199313,0.32134727,0.0,12
ENSG00000262061,0.41459292,0.81050134,12
ENSG00000228714,0.23309404,0.0,12
ENSG00000148300,2.0300586,2.6044939,12
ENSG00000214401,2.7124074,1.8597926,12
ENSG00000181778,0.21427399,0.0,12
ENSG00000228639,0.16124938,0.0,12
ENSG00000171401_1,0.48252618,0.91939193,12
ENSG00000173762,0.7567825,0.0,12
ENSG00000035862,0.33099118,0.0,12
ENSG00000073350_1,0.40246144,0.99034774,12
ENSG00000223478,2.1245446,0.0,12
ENSG00000165702,0.622546,2.9462352,12
ENSG00000291084,0.34313533,0.0,12
ENSG00000126337,0.5913139,0.90639967,12
ENSG00000130948,0.2736771,1.0464952,12
ENSG00000133193,2.0662227,2.8170276,12
ENSG00000181396,2.0756729,2.6861274,12
ENSG00000213373,0.2169383,0.0,12
ENSG00000267532_1,0.30690092,1.0269008,12
ENSG00000108298,2.2891538,3.9635947,12
ENSG00000109079,2.0817626,2.346355,12
ENSG00000136436_1,0.21705964,0.0,12
ENSG00000196739_1,0.38453075,0.0,12
ENSG00000165661,2.1070988,2.7598114,12
ENSG00000179111,0.3967229,0.0,12
ENSG00000082641_3,0.5532218,0.0,12
ENSG00000161526,1.9719766,2.1032596,12
ENSG00000132386_2,0.48348707,0.0,12
ENSG00000175287,0.44311875,0.0,12
ENSG00000161542_2,1.7094975,2.4737744,12
ENSG00000124422_1,2.0394726,2.3272607,12
ENSG00000129654,1.0121588,0.9764417,12
ENSG00000198844_1,0.36875826,0.0,12
ENSG00000167117,0.35506207,0.0,12
ENSG00000153976,1.6432675,1.944142,12
ENSG00000176170_1,2.4390588,1.9896277,12
ENSG00000121073,2.4025674,2.5880678,12
ENSG00000181409_1,1.6593784,1.5118299,12
ENSG00000129214,1.0058074,0.0,12
ENSG00000277084,0.45735827,0.0,12
ENSG00000204711,0.47619414,0.0,12
ENSG00000175061,2.18638,3.611614,12
ENSG00000141337,0.9122222,0.0,12
ENSG00000124422,2.5552135,2.9103544,12
ENSG00000141179,2.090748,2.4152071,12
ENSG00000030304_1,0.20804358,0.0,12
ENSG00000122136,0.42877102,0.0,12
ENSG00000267288,0.33051342,0.0,12
