,Pred,actual,fold_idx
ENSG00000165071,0.07245806,0.0,10
ENSG00000188039,0.16096902,0.0,10
ENSG00000267796,1.0285476,1.935603,10
ENSG00000198723,0.12433881,0.0,10
ENSG00000216490,0.16733783,0.0,10
ENSG00000174837,0.108845234,0.0,10
ENSG00000188778,0.49541587,1.3624636,10
ENSG00000197353,0.3528216,1.4218506,10
ENSG00000105376,2.2687151,2.8259451,10
ENSG00000011332,1.4445955,1.4795321,10
ENSG00000290587,0.7036353,1.3121858,10
ENSG00000076924,1.3711681,0.0,10
ENSG00000129353,1.9609566,2.116219,10
ENSG00000104969,2.2117686,2.87171,10
ENSG00000164741_2,0.10007055,0.0,10
ENSG00000198723_1,0.38899636,1.016766,10
ENSG00000147677,1.2538224,0.0,10
ENSG00000089351_2,2.0350666,1.1130404,10
ENSG00000170906,2.1312506,3.1943672,10
ENSG00000104450_1,0.9442335,0.0,10
ENSG00000090339,0.9841592,2.7667658,10
ENSG00000186583,0.24877304,0.0,10
ENSG00000126233,0.31307393,0.0,10
ENSG00000064490_2,1.4296246,0.0,10
ENSG00000105321_1,1.4717542,1.490857,10
ENSG00000129422_3,0.08727418,0.0,10
ENSG00000266976,1.4245979,3.8454664,10
ENSG00000283674,1.2630988,0.8536739,10
ENSG00000197858,2.011029,2.4918392,10
ENSG00000290720,1.9765497,0.0,10
ENSG00000177182,0.19452395,0.0,10
ENSG00000131944,1.3799101,0.0,10
ENSG00000253210,2.0444305,1.1670809,10
ENSG00000105700,1.8731927,0.0,10
ENSG00000147535,1.1353182,0.0,10
ENSG00000293314,1.7309753,1.6908762,10
ENSG00000291049,1.7988371,1.4530277,10
ENSG00000167034,1.4233226,1.3276653,10
ENSG00000099875_1,2.1416633,3.1926622,10
ENSG00000226807,0.24446468,1.150388,10
ENSG00000160410,0.81575155,0.0,10
ENSG00000080031,0.9494336,0.0,10
ENSG00000167641_1,2.1100354,2.3222978,10
ENSG00000042753_1,0.8261173,1.2626978,10
ENSG00000130173,0.15331262,1.0141844,10
ENSG00000152475,2.29317,1.8397859,10
ENSG00000269858,2.398988,2.5179503,10
ENSG00000147654_2,0.85535073,0.0,10
ENSG00000213096,0.987782,2.3871548,10
ENSG00000159885,0.565743,1.6085474,10
ENSG00000121413,1.2456858,0.0,10
ENSG00000290933,0.07942291,0.7979596,10
ENSG00000185015,1.2129332,0.0,10
ENSG00000254153,0.0882983,0.0,10
ENSG00000165156,2.339046,2.490113,10
ENSG00000120889,1.8650936,2.0491056,10
ENSG00000127511,1.4712574,2.5292764,10
ENSG00000182472,0.2653463,0.0,10
ENSG00000253161_5,0.1106745,0.0,10
ENSG00000105281,0.96700203,0.0,10
ENSG00000125505_1,2.3568127,2.846266,10
ENSG00000169122,1.147262,1.353108,10
ENSG00000167664,0.18512517,0.0,10
ENSG00000160111_1,1.319547,1.5891451,10
ENSG00000105204,1.8170114,1.6456482,10
ENSG00000198363_4,2.2452295,3.0833879,10
ENSG00000205744,0.43206668,0.0,10
ENSG00000253796,0.07413538,0.0,10
ENSG00000065989,2.2042205,2.0357099,10
ENSG00000104946,2.5519686,1.6328721,10
ENSG00000142002,0.2866751,0.0,10
ENSG00000167658_1,2.1242602,4.2439356,10
ENSG00000008513_2,1.4203517,1.2167516,10
ENSG00000104848,1.5134264,1.8401752,10
ENSG00000123815,0.5655909,0.0,10
ENSG00000090006_3,1.9872899,2.2282772,10
ENSG00000173137,2.0811534,0.0,10
ENSG00000245281_1,1.0642749,0.0,10
ENSG00000053501_1,2.0085406,0.0,10
ENSG00000164920,1.9913538,1.541941,10
ENSG00000167700,2.3087327,1.9239897,10
ENSG00000177045,1.8880522,1.9024924,10
ENSG00000099812,0.45811743,0.78067726,10
ENSG00000147421_1,1.7809268,2.2347906,10
ENSG00000147481_1,0.30826977,0.0,10
ENSG00000128000,0.8453806,1.8663523,10
ENSG00000105486,2.3012385,2.8740687,10
ENSG00000069399,1.096229,0.0,10
ENSG00000232677,0.4201157,1.5842408,10
ENSG00000104524_1,2.2982035,2.1939702,10
ENSG00000147586_2,2.1572735,2.5671077,10
ENSG00000268595_1,0.3179164,0.7485756,10
ENSG00000130299_2,1.6859223,0.0,10
ENSG00000105617,2.5069573,2.1982694,10
ENSG00000104804,0.7992603,0.0,10
ENSG00000008513_1,0.10481359,0.0,10
ENSG00000178125,0.8356913,0.0,10
ENSG00000036448,0.17741735,0.79372054,10
ENSG00000198028,0.34044522,0.0,10
ENSG00000254092_1,0.110767156,0.0,10
ENSG00000116017_1,2.096686,2.6428294,10
ENSG00000104812,1.87411,2.248699,10
ENSG00000170949,1.6495608,2.6463625,10
ENSG00000159871,0.24199197,0.0,10
ENSG00000248858,0.2485036,0.0,10
ENSG00000251396,2.0848997,0.0,10
ENSG00000155099,2.0099442,0.0,10
ENSG00000187994,0.96368766,0.0,10
ENSG00000213889,1.4358982,1.2909868,10
ENSG00000099308_1,1.6262553,1.4053805,10
ENSG00000105514_1,1.0453616,0.0,10
ENSG00000133874,1.3432971,1.905526,10
ENSG00000137561,1.3013479,1.8168045,10
ENSG00000167671,0.42676783,0.0,10
ENSG00000205076,0.260342,0.0,10
ENSG00000254777_1,1.3136374,1.2199773,10
ENSG00000104321,1.1210057,0.0,10
ENSG00000188505,1.2469538,1.6611024,10
ENSG00000251369,1.3275378,1.9637406,10
ENSG00000184489,2.1855385,1.9306129,10
ENSG00000164949,0.72654516,0.0,10
ENSG00000129968,1.9218683,2.1727722,10
ENSG00000174429,0.29732633,0.0,10
ENSG00000243137,0.17384739,0.0,10
ENSG00000133265,1.8641411,0.0,10
ENSG00000187550,0.40776455,0.7340794,10
ENSG00000104671,2.0948575,2.6832461,10
ENSG00000132026_1,0.5262085,1.0919833,10
ENSG00000005007_1,0.17557529,1.0854332,10
ENSG00000227392,1.2346061,0.76258856,10
ENSG00000115286,2.2490075,3.0419962,10
ENSG00000231412,0.092823446,0.0,10
ENSG00000105393,1.2282948,2.9569087,10
ENSG00000126464,1.9159926,2.6522076,10
ENSG00000099330_1,2.1294072,2.4761589,10
ENSG00000183808,2.2442913,2.6005917,10
ENSG00000079435,0.10635411,0.0,10
ENSG00000134815,2.1089692,2.295224,10
ENSG00000171295,2.1737356,2.422823,10
ENSG00000099795,1.518407,0.0,10
ENSG00000262874,1.1419694,0.0,10
ENSG00000010310,1.4176542,2.1880674,10
ENSG00000090661,1.7257406,1.8224689,10
ENSG00000105053_1,2.1952887,2.5155137,10
ENSG00000105186,2.242749,2.4880145,10
ENSG00000198846,1.2215708,1.0629579,10
ENSG00000246263,2.1512935,2.090526,10
ENSG00000169515,1.9382974,2.3913603,10
ENSG00000167601,0.45604134,0.0,10
ENSG00000077782_1,1.3512918,1.3806344,10
ENSG00000120896_2,0.6153339,1.1725154,10
ENSG00000160973,0.6444312,2.2960484,10
ENSG00000127527,1.9909723,2.3819685,10
ENSG00000104957,0.9248332,0.0,10
ENSG00000164933,2.2668495,2.4889016,10
ENSG00000035681_2,2.1831856,2.1582026,10
ENSG00000269343_1,0.38450903,0.0,10
ENSG00000137575,2.0318558,2.6875308,10
ENSG00000179091,2.2263038,3.1364574,10
ENSG00000115255,2.265148,2.90455,10
ENSG00000156172,1.9240726,1.6201569,10
ENSG00000105755,0.8310921,1.9011978,10
ENSG00000105246,0.41595274,0.0,10
ENSG00000136573,0.23207432,0.0,10
ENSG00000039650_2,2.0664604,2.251648,10
ENSG00000158856_5,0.7417876,1.2814243,10
ENSG00000161016_1,2.2411518,4.086869,10
ENSG00000156802,2.4765594,3.129706,10
ENSG00000120896_3,0.44231504,0.0,10
ENSG00000060566_1,0.2799325,0.0,10
ENSG00000104313_3,1.160674,1.292389,10
ENSG00000074181,0.9459559,0.0,10
ENSG00000105612,1.477933,2.1700268,10
ENSG00000236144,2.058428,2.1241617,10
ENSG00000168575,0.09694502,0.0,10
ENSG00000213297,0.67495704,1.1446987,10
ENSG00000104863,1.8458395,1.8699647,10
ENSG00000255491,0.3355245,1.9760104,10
ENSG00000126583,0.6237912,0.0,10
ENSG00000253702,0.14537981,0.0,10
ENSG00000184661_1,0.1118852,0.0,10
ENSG00000076554,0.06259894,0.0,10
ENSG00000182310,0.39032453,0.0,10
ENSG00000087903,0.4349314,0.0,10
ENSG00000130227_1,0.17313416,0.0,10
ENSG00000060566,0.28892696,0.886028,10
ENSG00000171606,2.1759002,2.3470957,10
ENSG00000239382,0.97600716,0.0,10
ENSG00000066855_1,0.057982616,0.0,10
ENSG00000130844_1,1.0934054,1.0269008,10
ENSG00000104728_1,0.16369992,0.0,10
ENSG00000228300_1,2.2436287,1.8474493,10
ENSG00000286798,0.0872592,0.0,10
ENSG00000175305_1,1.9324155,1.7140446,10
ENSG00000167701,0.71475255,0.89632773,10
ENSG00000175445,0.4592783,2.022721,10
ENSG00000022567,1.9374536,2.5402806,10
ENSG00000169169_1,0.6147097,1.3312653,10
ENSG00000164935,0.15698934,0.0,10
ENSG00000156170_1,2.2412524,1.9723371,10
ENSG00000178460,0.52571905,0.0,10
ENSG00000104415,0.23383628,0.0,10
ENSG00000268095,0.7183495,0.0,10
ENSG00000177380,1.8935306,1.2613105,10
ENSG00000104903_1,2.422465,2.880299,10
ENSG00000235173,2.1792185,2.1905081,10
ENSG00000130303,0.73703325,2.5471961,10
ENSG00000011243,0.19604051,0.0,10
ENSG00000126243_1,1.3884434,1.5279005,10
ENSG00000104823,2.1079447,2.9295063,10
ENSG00000179388,1.6328024,2.0765712,10
ENSG00000165084,0.9973949,1.4926068,10
ENSG00000186017_1,1.1358229,1.9031986,10
ENSG00000130520,2.4924045,3.1025126,10
ENSG00000250305,0.6727197,0.0,10
ENSG00000156735_1,0.10763578,0.0,10
ENSG00000105402,1.5398484,1.8061664,10
ENSG00000167565,2.2902157,2.2515848,10
ENSG00000130818,1.5767581,1.9737927,10
ENSG00000104722,1.2907485,1.3750781,10
ENSG00000105559_1,1.1346508,0.0,10
ENSG00000142396,2.2379088,3.1033897,10
ENSG00000201782,0.15369418,0.0,10
ENSG00000197933,1.838497,1.8659977,10
ENSG00000090674,1.8684863,2.1175563,10
ENSG00000090006_5,1.4629325,2.32176,10
ENSG00000261824_1,1.7607341,2.4662447,10
ENSG00000147526_2,2.1005254,1.8172148,10
ENSG00000134028,0.07031593,0.0,10
ENSG00000164758,0.9959419,0.0,10
ENSG00000147642_2,1.5429114,0.0,10
ENSG00000014164,2.2151291,2.1176093,10
ENSG00000128016,2.0099607,2.8204129,10
ENSG00000235531,1.3785201,0.5825406,10
ENSG00000196214,2.0008323,2.02628,10
ENSG00000275901,0.22555596,0.0,10
ENSG00000177257,0.09630588,0.0,10
ENSG00000168487_1,1.8279089,1.5869584,10
ENSG00000185803,1.4870952,0.0,10
ENSG00000090006_7,1.9340804,2.147528,10
ENSG00000164751,1.3212553,0.0,10
ENSG00000104687,2.3666165,2.9712536,10
ENSG00000214212,0.17130545,0.0,10
ENSG00000253161,0.23757307,0.0,10
ENSG00000083814,1.0517175,0.0,10
ENSG00000132002,2.4308982,2.510991,10
ENSG00000130311,1.89388,2.877316,10
ENSG00000254402,1.7790976,0.0,10
ENSG00000159871_2,0.3837149,0.9875769,10
ENSG00000080031_1,0.7188785,0.0,10
ENSG00000089351,0.2518046,0.0,10
ENSG00000267470,0.6049746,0.0,10
ENSG00000261678,1.5536324,1.2151086,10
ENSG00000231924,0.112874724,0.0,10
ENSG00000164741_3,0.05216793,0.0,10
ENSG00000183617,1.993074,2.1329956,10
ENSG00000177335,0.54375654,0.0,10
ENSG00000227500,0.84076583,1.2434845,10
ENSG00000216490_1,1.4089028,3.1617212,10
ENSG00000121417,0.80808485,1.916959,10
ENSG00000124302,1.5478998,1.6570559,10
ENSG00000160949,2.0855706,2.2716768,10
ENSG00000254687,0.07255265,0.0,10
ENSG00000171044_1,0.49484646,1.5118567,10
ENSG00000105290,1.3198982,2.0835528,10
ENSG00000104728,1.5425854,1.8010949,10
ENSG00000213967,1.7189833,2.4474308,10
ENSG00000105642_1,1.0444279,1.4968743,10
ENSG00000018869,1.9714112,1.362539,10
ENSG00000167637,0.7049817,2.1013725,10
ENSG00000136986,0.12658325,0.0,10
ENSG00000188283_1,1.5415612,1.7660125,10
ENSG00000105409,1.2574414,1.4022958,10
ENSG00000125652,2.302457,2.586801,10
ENSG00000160948_1,2.1847022,2.6522434,10
ENSG00000186204,0.1340059,0.0,10
ENSG00000185361,1.9956776,1.5985936,10
ENSG00000130479,1.6041756,2.5324192,10
ENSG00000130724,2.1539543,0.0,10
ENSG00000123136,2.4786549,0.0,10
ENSG00000253741,1.9509362,0.0,10
ENSG00000156466,1.4647199,1.4968494,10
ENSG00000099797_1,0.762716,0.0,10
ENSG00000127452,2.2567022,2.5355978,10
ENSG00000164930,1.3300642,1.4288634,10
ENSG00000105321,2.306443,2.563595,10
ENSG00000207215,0.09606598,0.0,10
ENSG00000221869,1.5554603,2.1548772,10
ENSG00000129292,1.9369843,2.5145478,10
ENSG00000039650_3,0.86929077,1.8816642,10
ENSG00000293484,0.4764207,0.0,10
ENSG00000129422_4,0.09465132,0.0,10
ENSG00000189068,0.36866271,0.0,10
ENSG00000222501,0.2372712,4.9015403,10
ENSG00000089327_1,2.0681503,2.8590302,10
ENSG00000187955,0.076515794,0.0,10
ENSG00000197647,1.3415289,0.0,10
ENSG00000178150_1,0.67721814,1.1706723,10
ENSG00000176623,1.7422303,2.8392045,10
ENSG00000105483,1.5634463,0.0,10
ENSG00000181786,0.2563249,0.0,10
ENSG00000267575_1,1.9631957,2.0415978,10
ENSG00000130208_1,0.48289484,2.4209635,10
ENSG00000104691,2.0267534,2.2071738,10
ENSG00000257446,1.1794941,1.7146231,10
ENSG00000147684,2.1192105,3.7908254,10
ENSG00000178209,1.7291154,1.8451725,10
ENSG00000170956_1,0.11722472,0.0,10
ENSG00000184672,0.61891747,0.0,10
ENSG00000064547,1.2573329,0.0,10
ENSG00000268081,0.4506585,0.95632213,10
ENSG00000188032,0.9885694,1.0810591,10
ENSG00000096996,0.25957406,0.0,10
ENSG00000104936,1.558097,1.2371917,10
ENSG00000188368,1.800514,2.266561,10
ENSG00000011478,2.1871972,2.3127315,10
ENSG00000156011_2,0.06788967,0.0,10
ENSG00000104313_1,0.07990753,0.0,10
ENSG00000104885_1,2.3155074,1.732257,10
ENSG00000161249_1,0.9064783,0.9413126,10
ENSG00000029534_2,0.12510997,0.0,10
ENSG00000241852,1.5934273,1.5952051,10
ENSG00000221983_2,0.26363468,0.0,10
ENSG00000105227_2,0.3211177,0.0,10
ENSG00000170608,1.6825806,1.6776617,10
ENSG00000064490,2.138468,0.0,10
ENSG00000141905_2,1.6914295,2.632772,10
ENSG00000127507_1,0.19389771,1.380591,10
ENSG00000164684,1.2833687,1.8466463,10
ENSG00000170323,0.079516344,0.0,10
ENSG00000105379,2.23253,0.0,10
ENSG00000250305_1,1.3826832,1.2827218,10
ENSG00000176619,0.31241286,0.0,10
ENSG00000267348,1.6797787,1.2167463,10
ENSG00000120896,0.20251629,0.74382323,10
ENSG00000267107_1,0.09760322,0.0,10
ENSG00000104626,2.1571674,2.7064815,10
ENSG00000105699_2,2.2437432,3.0587676,10
ENSG00000105329_1,1.9543093,3.5728483,10
ENSG00000197124_1,0.7449991,1.1795633,10
ENSG00000249816_2,0.11621493,0.0,10
ENSG00000108106,2.4653137,3.4600494,10
ENSG00000204839,1.0491979,1.6352425,10
ENSG00000253877_1,0.07558943,0.0,10
ENSG00000198440,2.1706178,0.0,10
ENSG00000169499,1.044055,0.0,10
ENSG00000071655,2.3039978,1.7078936,10
ENSG00000185728,2.2757237,2.716831,10
ENSG00000261150,1.7888528,1.918261,10
ENSG00000039987,0.24011844,0.0,10
ENSG00000253880,0.16010982,0.0,10
ENSG00000125741,2.3942194,2.4030535,10
ENSG00000147439,1.7793752,2.3004303,10
ENSG00000147548,2.2711713,2.4340577,10
ENSG00000267133,0.11608052,0.0,10
ENSG00000177191,0.6489384,0.0,10
ENSG00000256294,1.08158,0.0,10
ENSG00000290427,0.075422175,0.0,10
ENSG00000121297,1.4546815,1.7385428,10
ENSG00000131203,0.06831228,0.0,10
ENSG00000105372_1,2.2495315,1.2826447,10
ENSG00000105397,1.2086517,0.0,10
ENSG00000127540,2.1561487,3.3802311,10
ENSG00000167671_1,0.6689314,0.0,10
ENSG00000130283,1.6824361,2.673279,10
ENSG00000261824_2,1.8868471,2.18489,10
ENSG00000104901,1.469946,1.4012282,10
ENSG00000153885,1.9235263,1.8958092,10
ENSG00000147576,0.964481,1.3083509,10
ENSG00000160994,0.5235868,1.3031096,10
ENSG00000073050,1.3064044,0.0,10
ENSG00000164733_1,0.32920492,0.0,10
ENSG00000188227_1,0.24227025,0.0,10
ENSG00000167646_1,1.5776898,1.1706723,10
ENSG00000214456,1.3655039,0.0,10
ENSG00000142528,1.605716,0.0,10
ENSG00000012232_1,1.9450928,2.1397846,10
ENSG00000099864_1,1.7384945,1.5183823,10
ENSG00000248538_4,0.14475927,0.0,10
ENSG00000167562,1.4681329,0.0,10
ENSG00000269386,2.1288016,0.0,10
ENSG00000179526_2,1.1296992,0.0,10
ENSG00000012124_1,0.13291505,0.0,10
ENSG00000154328,1.897515,2.121983,10
ENSG00000258405,0.3179403,1.1579702,10
ENSG00000269416,0.7176569,1.0464952,10
ENSG00000185803_2,1.6678022,0.0,10
ENSG00000184661,2.2360976,2.648354,10
ENSG00000197020,1.6514972,2.3101897,10
ENSG00000267577,0.9035479,1.7692221,10
ENSG00000130529_1,0.8576576,1.7981118,10
ENSG00000104343,1.9945663,1.9343469,10
ENSG00000142549,1.3188808,1.5247205,10
ENSG00000201763,0.11156243,0.0,10
ENSG00000099338,1.3076465,0.8755127,10
ENSG00000188624,0.11656263,0.0,10
ENSG00000164733_2,1.89641,0.0,10
ENSG00000164754,2.1460063,1.5555055,10
ENSG00000223573,1.3689018,1.7576693,10
ENSG00000147457,0.11817509,0.0,10
ENSG00000167634,0.24877183,0.0,10
ENSG00000172817,1.2738346,1.4713944,10
ENSG00000268516,2.21574,2.224911,10
ENSG00000269091,1.053223,0.0,10
ENSG00000090372,1.8764685,2.5274236,10
ENSG00000147804,1.7623647,3.4156528,10
ENSG00000136574,0.26203233,0.0,10
ENSG00000205517_1,0.3751917,1.2524403,10
ENSG00000237452,0.8805717,1.3728015,10
ENSG00000160570_1,1.7399224,0.0,10
ENSG00000105643,2.0897002,2.1244717,10
ENSG00000178982,2.411771,0.0,10
ENSG00000160439_1,0.34472924,0.0,10
ENSG00000246145_1,1.1019255,0.0,10
ENSG00000130881,1.5858378,1.7930217,10
ENSG00000123146_1,1.3639482,2.8216903,10
ENSG00000197838,0.13280396,0.0,10
ENSG00000133863,0.7722848,2.2708442,10
ENSG00000105605,0.6373122,1.6334281,10
ENSG00000075702,2.2801473,2.2703924,10
ENSG00000104231,1.8650055,2.3212152,10
ENSG00000105647,2.4280617,2.2961142,10
ENSG00000120875,1.5827411,1.9631737,10
ENSG00000165078,0.14827931,1.4086639,10
ENSG00000124469,0.14558853,0.0,10
ENSG00000269696,1.1918601,0.7717638,10
ENSG00000126467,0.22490329,0.0,10
ENSG00000007080,2.2532065,2.8047647,10
ENSG00000171970,2.1119153,2.088097,10
ENSG00000205038_1,0.1464248,0.0,10
ENSG00000187902,0.71638113,1.1848447,10
ENSG00000279619,0.28138354,0.0,10
ENSG00000104388,2.1790602,1.975464,10
ENSG00000104419,0.071570784,0.0,10
ENSG00000129932_1,2.1537645,0.0,10
ENSG00000175489,0.5987283,0.0,10
ENSG00000104872_1,2.1149275,2.3978357,10
ENSG00000203326,0.7637748,2.0017397,10
ENSG00000130545_1,0.80458575,1.2642982,10
ENSG00000104472_1,2.487374,1.8893017,10
ENSG00000147689_1,0.5247048,0.0,10
ENSG00000288041,0.07780412,0.0,10
ENSG00000126254,1.896645,0.0,10
ENSG00000130203,0.43932003,2.2606866,10
ENSG00000172006_1,2.009133,1.4208268,10
ENSG00000129437,0.22348787,0.0,10
ENSG00000008988_1,1.9154388,4.0617504,10
ENSG00000121410_1,0.3274992,0.7894397,10
ENSG00000130669_1,0.6405939,0.6706354,10
ENSG00000133265_1,1.7191426,0.0,10
ENSG00000197332,1.7576238,1.8752928,10
ENSG00000158856_4,0.5220908,1.2215551,10
ENSG00000165046_3,0.2452744,0.0,10
ENSG00000267879,0.11904028,0.0,10
ENSG00000074219_2,1.1758919,1.9890447,10
ENSG00000070756,0.20630571,0.0,10
ENSG00000307772,0.25561655,0.0,10
ENSG00000169427,0.46087807,0.0,10
ENSG00000156467,1.3922465,0.0,10
ENSG00000130313,2.3387485,2.765825,10
ENSG00000104613,2.0873358,2.7086673,10
ENSG00000104870_1,0.7928635,1.5540286,10
ENSG00000268536,1.5397298,0.0,10
ENSG00000176566,0.67972183,0.0,10
ENSG00000176406_2,0.06222812,0.0,10
ENSG00000090006_4,1.7066187,0.0,10
ENSG00000167733,2.2583416,1.3374393,10
ENSG00000130751,0.8776125,1.6104791,10
ENSG00000179213,0.6069708,0.0,10
ENSG00000126457_1,2.3899984,2.420182,10
ENSG00000167733_2,1.6925553,1.2387735,10
ENSG00000189430,0.88702834,1.3003346,10
ENSG00000185900,1.9880387,2.0427487,10
ENSG00000249898,0.08288169,0.0,10
ENSG00000264515,1.3588675,1.9912394,10
ENSG00000105072,1.7142519,0.0,10
ENSG00000063177_1,2.2713366,0.0,10
ENSG00000197540,0.64000064,0.0,10
ENSG00000099821,2.0464537,2.0769207,10
ENSG00000104205,1.4640291,1.4425582,10
ENSG00000137547,1.2515439,0.0,10
ENSG00000214050,0.14204748,0.0,10
ENSG00000255974,0.19858141,0.0,10
ENSG00000161249_3,0.2506987,0.0,10
ENSG00000155970,1.5895795,1.5780085,10
ENSG00000178934,0.21171035,0.0,10
ENSG00000183186,1.359855,0.0,10
ENSG00000090971,1.7108916,0.0,10
ENSG00000226696,2.3832102,1.7869855,10
ENSG00000229140_4,0.12554073,0.0,10
ENSG00000213638,2.39795,2.780065,10
ENSG00000254254,0.06652339,0.0,10
ENSG00000142235,0.9120172,0.0,10
ENSG00000147650,2.1935935,2.3745303,10
ENSG00000253764,0.35008132,1.2799634,10
ENSG00000104835,2.4053035,2.509392,10
ENSG00000177025,0.09324521,0.0,10
ENSG00000198042,2.2456896,3.0918252,10
ENSG00000196724,0.6992714,1.2910135,10
ENSG00000132554_1,1.2620773,0.0,10
ENSG00000167645,2.3781502,3.2258775,10
ENSG00000198538,1.3365668,0.0,10
ENSG00000276043,1.7689971,2.5701108,10
ENSG00000260428,1.475464,1.6696887,10
ENSG00000137573,0.12000792,0.0,10
ENSG00000179832_1,0.5712534,0.0,10
ENSG00000253716,1.6041813,2.5475445,10
ENSG00000197766,0.42190158,0.0,10
ENSG00000134014_1,1.3880619,0.0,10
ENSG00000167460_3,1.8728238,1.4539907,10
ENSG00000254166,0.089408934,0.0,10
ENSG00000104231_1,1.2405888,2.011181,10
ENSG00000051128_1,0.27067235,0.0,10
ENSG00000147475,2.1200416,2.488346,10
ENSG00000288704,2.3321986,1.2373174,10
ENSG00000170909,0.13947947,0.0,10
ENSG00000188343,1.516864,0.0,10
ENSG00000171119,1.6028905,1.6426228,10
ENSG00000105677,2.03662,2.2953823,10
ENSG00000164951_1,0.77202606,0.0,10
ENSG00000185453,2.1732523,1.2613105,10
ENSG00000228323,1.8650385,1.4623381,10
ENSG00000167470,2.2297378,2.4173121,10
ENSG00000178896,2.340927,2.521491,10
ENSG00000225885,0.070084184,0.0,10
ENSG00000131408_1,1.203919,1.7464006,10
ENSG00000182566,0.17115682,0.0,10
ENSG00000221923,0.8056609,1.3161381,10
ENSG00000184374,0.06481576,0.0,10
ENSG00000253893,0.9143089,0.0,10
ENSG00000161082,1.5078623,1.9830089,10
ENSG00000104894,0.44016695,0.0,10
ENSG00000159917,1.42852,1.414706,10
ENSG00000172748,2.271368,1.9596461,10
ENSG00000104889,1.9549553,0.0,10
ENSG00000179271,1.95517,3.2808263,10
ENSG00000104957_1,2.1057544,0.0,10
ENSG00000120925_1,2.0790844,2.5237205,10
ENSG00000125726,0.64419293,1.6859387,10
ENSG00000082556,0.8490295,1.4377981,10
ENSG00000104313,0.07218863,0.0,10
ENSG00000126934,0.7691599,1.0464952,10
ENSG00000253696,0.176118,1.0788192,10
ENSG00000186111,1.9093922,2.4399955,10
ENSG00000121022_2,0.10930065,0.0,10
ENSG00000105127,2.395837,2.4856462,10
ENSG00000104824,2.4728682,3.6108208,10
ENSG00000233270,0.23125476,0.0,10
ENSG00000008438,0.7283348,0.0,10
ENSG00000105205,0.06460394,0.0,10
ENSG00000240247,0.1297397,0.0,10
ENSG00000291089,0.88167775,1.0743409,10
ENSG00000196337,0.54851425,0.0,10
ENSG00000164796,0.49355412,0.0,10
ENSG00000198131,1.9580847,2.3507614,10
ENSG00000154188_1,0.6396889,1.4406604,10
ENSG00000160959_1,2.3451402,1.8366848,10
ENSG00000167671_2,1.7249051,2.2281358,10
ENSG00000196081,0.6858399,1.8641561,10
ENSG00000168995,0.20663805,0.0,10
ENSG00000186529,0.25978357,0.0,10
ENSG00000104833,0.8091755,0.0,10
ENSG00000104883_1,0.12495507,0.0,10
ENSG00000267757,1.2689073,1.3614067,10
ENSG00000130725,2.4874885,2.6196046,10
ENSG00000292979,2.3202646,2.440295,10
ENSG00000215262,0.0788793,0.0,10
ENSG00000105176,0.18716288,0.8682917,10
ENSG00000105327,1.9934756,2.5195076,10
ENSG00000105559_2,0.3897425,1.3472325,10
ENSG00000124449,0.1983431,0.0,10
ENSG00000010361,1.1478521,0.0,10
ENSG00000167459,0.13600758,0.0,10
ENSG00000213020,1.5198498,0.0,10
ENSG00000178935,1.5981096,1.8530896,10
ENSG00000063245,2.2424536,2.703386,10
ENSG00000261824,0.6985903,1.9885455,10
ENSG00000167680,0.23572151,0.0,10
ENSG00000164934,1.3894405,2.3729856,10
ENSG00000129932,0.38094378,0.0,10
ENSG00000198482_1,0.40326732,0.0,10
ENSG00000132017,1.8242527,2.2005086,10
ENSG00000182315,0.08040429,0.0,10
ENSG00000161298,1.0529919,1.507775,10
ENSG00000167483,0.36127186,0.0,10
ENSG00000171443,2.4150612,2.0191746,10
ENSG00000205744_1,0.38912868,1.2357557,10
ENSG00000196378,2.0595329,1.841372,10
ENSG00000175221,2.2385943,2.449162,10
ENSG00000132004,1.740013,1.9901524,10
ENSG00000197050,1.5729498,0.0,10
ENSG00000186526,0.09670119,0.0,10
ENSG00000155926,0.19433291,0.0,10
ENSG00000178860,0.23422109,0.0,10
ENSG00000213096_1,1.1097554,2.5147629,10
ENSG00000226686,0.36646932,0.0,10
ENSG00000256683,0.48637682,0.0,10
ENSG00000156162_1,2.1713083,1.9620092,10
ENSG00000129951,1.7521359,2.0597868,10
ENSG00000104549,2.2061176,3.2714233,10
ENSG00000121413_1,1.2930769,1.0876395,10
ENSG00000181135,1.6572887,1.9450647,10
ENSG00000176956_1,1.2871584,1.3484023,10
ENSG00000105675,0.42218345,0.0,10
ENSG00000042832_1,0.104050115,0.0,10
ENSG00000120913_1,1.3950448,1.5722907,10
ENSG00000212429,0.13679266,0.0,10
ENSG00000267260,1.6736845,0.0,10
ENSG00000105193,2.2474043,4.089177,10
ENSG00000284491,1.9315777,0.0,10
ENSG00000104375_2,0.21720399,0.0,10
ENSG00000184156,1.3977002,2.1069045,10
ENSG00000187116,0.15311721,0.0,10
ENSG00000254521,0.46832794,1.8443902,10
ENSG00000142546,0.24864517,0.0,10
ENSG00000168661,1.3927321,1.9399234,10
ENSG00000105556,1.9681106,2.2755878,10
ENSG00000077312_1,2.3458693,3.5770826,10
ENSG00000104964_2,0.44905883,1.4605521,10
ENSG00000167614,1.1875119,1.5599186,10
ENSG00000284638,0.7285086,1.4309293,10
ENSG00000132561_2,0.081680536,0.0,10
ENSG00000251136,0.7286829,0.0,10
ENSG00000064490_1,1.4745017,2.8439817,10
ENSG00000183401_1,1.4479042,0.0,10
ENSG00000177182_1,0.582143,1.2295283,10
ENSG00000178287,0.14941815,0.0,10
ENSG00000104635,1.8726815,2.1771438,10
ENSG00000196214_1,0.102644846,0.0,10
ENSG00000187266,0.7261522,0.0,10
ENSG00000229140_2,1.160329,0.0,10
ENSG00000171060,0.2711823,0.0,10
ENSG00000038945,0.07490315,0.0,10
ENSG00000104859_1,1.2951754,0.0,10
ENSG00000126249,1.940262,2.3986638,10
ENSG00000156469,2.2572207,0.0,10
ENSG00000198482,1.7894152,2.2621257,10
ENSG00000011600,0.28362864,0.0,10
ENSG00000123124,1.9264079,1.4577911,10
ENSG00000267898,1.840755,1.500977,10
ENSG00000173535,0.94551826,0.7937066,10
ENSG00000104824_1,2.1509821,2.1759987,10
ENSG00000198464,1.8360467,2.4360163,10
ENSG00000085872_1,2.2135653,3.0741067,10
ENSG00000291231,0.42635417,0.0,10
ENSG00000104714,1.8589467,2.6051877,10
ENSG00000164924,1.703745,0.0,10
ENSG00000197841,2.0908506,2.05423,10
ENSG00000133872,1.4719718,0.0,10
ENSG00000105767,1.5622869,1.9480608,10
ENSG00000168575_1,1.0259429,0.0,10
ENSG00000169490_1,2.3922186,2.3972306,10
ENSG00000198429,1.0168782,1.7141201,10
ENSG00000079102_3,1.3161579,1.8951296,10
ENSG00000164823,0.6337265,1.5786393,10
ENSG00000186529_1,0.3821262,0.0,10
ENSG00000172167,1.0975472,0.0,10
ENSG00000105357,0.24907784,0.0,10
ENSG00000147488,0.0723446,0.0,10
ENSG00000147443,0.26487398,1.1917863,10
ENSG00000168575_3,2.1270578,2.8396282,10
ENSG00000186806,1.3159629,0.0,10
ENSG00000185122,2.2000964,2.9253638,10
ENSG00000268460,0.19114658,0.0,10
ENSG00000164687,1.4119636,2.6899045,10
ENSG00000167619,1.558014,0.0,10
ENSG00000183668,0.14177683,0.0,10
ENSG00000083812,2.0285378,2.0396323,10
ENSG00000011243_1,2.1906826,2.9125392,10
ENSG00000129422_5,0.08129295,0.0,10
ENSG00000156509,1.0208881,1.0941216,10
ENSG00000147471,1.6502544,0.0,10
ENSG00000198129,0.08815399,0.0,10
ENSG00000198169,2.2076418,1.7618753,10
ENSG00000142405,0.28324097,0.9592323,10
ENSG00000219665,0.61593556,1.9262395,10
ENSG00000105492,0.6409577,0.0,10
ENSG00000130734,2.1402123,2.4372685,10
ENSG00000104381,1.1404555,0.0,10
ENSG00000130304,0.5324253,1.0441476,10
ENSG00000171049,0.07640132,0.0,10
ENSG00000130751_1,0.4877717,0.0,10
ENSG00000130726,2.270104,3.09572,10
ENSG00000249859_7,1.3861746,3.2635982,10
ENSG00000133275,2.2533443,2.7664948,10
ENSG00000155096,2.3006232,3.3675628,10
ENSG00000188293,0.15661052,0.0,10
ENSG00000181666,0.33777487,0.0,10
ENSG00000253948,2.0470994,2.0923557,10
ENSG00000081665,0.5852927,0.0,10
ENSG00000213015,1.1440082,0.0,10
ENSG00000167815_1,2.1899912,3.1255398,10
ENSG00000120885,0.21447732,0.0,10
ENSG00000105447,1.6837195,2.4951944,10
ENSG00000248538_1,0.17399597,0.0,10
ENSG00000179041,1.7230794,2.7145176,10
ENSG00000179820_1,0.81126255,1.40752,10
ENSG00000169436,0.3829056,0.0,10
ENSG00000131115_1,1.0562093,1.986615,10
ENSG00000268500,0.3063624,0.0,10
ENSG00000132541,1.9248406,0.0,10
ENSG00000126261,1.9507434,3.4697366,10
ENSG00000175324,2.2529886,2.639068,10
ENSG00000104946_1,1.5847392,1.1370374,10
ENSG00000229140_3,1.2034323,3.232902,10
ENSG00000087074,2.4226844,3.1128328,10
ENSG00000160953,2.014771,2.1751783,10
ENSG00000177669,0.18975905,0.0,10
ENSG00000184428,1.7527772,2.557139,10
ENSG00000199985,0.06844416,0.0,10
ENSG00000225950,1.0517294,0.0,10
ENSG00000167460_5,0.19390284,0.0,10
ENSG00000253196,0.22857724,0.7189996,10
ENSG00000165392_1,0.07021515,0.0,10
ENSG00000188283,1.2924033,2.0106814,10
ENSG00000129455_2,0.19765681,0.98209023,10
ENSG00000154319,1.4181062,1.1688509,10
ENSG00000164822,0.15234286,0.65319324,10
ENSG00000229140,0.07004163,0.0,10
ENSG00000245598,0.96837246,0.0,10
ENSG00000283108,0.568746,0.0,10
ENSG00000167670,2.4983165,0.0,10
ENSG00000225877,0.07556835,0.0,10
ENSG00000256087,1.3241023,1.6924926,10
ENSG00000070404,1.2287842,1.5577838,10
ENSG00000125746_4,1.2827264,1.2785021,10
ENSG00000105618_1,0.19163321,0.0,10
ENSG00000164764,1.3567768,0.0,10
ENSG00000249859_6,0.19183208,0.0,10
ENSG00000167468,2.3651028,3.708313,10
ENSG00000105063,0.24791233,0.0,10
ENSG00000130312_1,2.2102299,2.8763564,10
ENSG00000063176_1,0.34153283,0.0,10
ENSG00000130176,0.44047356,0.0,10
ENSG00000267454,1.9930732,0.0,10
ENSG00000091656,0.4122898,0.0,10
ENSG00000120903,0.15058154,0.0,10
ENSG00000131142_1,0.23047271,0.0,10
ENSG00000120526,2.1612165,2.7589383,10
ENSG00000129355,2.3813083,1.7715139,10
ENSG00000089356_1,0.26384315,0.0,10
ENSG00000196415,0.22652842,0.0,10
ENSG00000160460_2,1.2850682,0.0,10
ENSG00000156162,2.21647,2.0963538,10
ENSG00000161558_1,2.395508,2.0806913,10
ENSG00000022556_1,0.727978,0.0,10
ENSG00000132554,0.31730634,0.0,10
ENSG00000197134,1.1597394,2.4884267,10
ENSG00000197016,0.9390867,0.0,10
ENSG00000253190,1.6986684,1.1311373,10
ENSG00000196235_1,2.1441371,3.0684457,10
ENSG00000125746_3,1.0710351,0.0,10
ENSG00000130518,0.22799392,0.0,10
ENSG00000104331,1.606418,2.622412,10
ENSG00000105223_2,0.9793152,0.0,10
ENSG00000095066_1,0.53878164,0.0,10
ENSG00000176731,1.0777274,0.0,10
ENSG00000120913_4,0.8806282,1.1273252,10
ENSG00000064687_1,1.1121863,0.0,10
ENSG00000042832,0.0761057,0.0,10
ENSG00000196361,1.3391744,1.6163936,10
ENSG00000105483_2,0.9027482,0.0,10
ENSG00000175305,1.965399,0.0,10
ENSG00000202360,0.6370001,0.0,10
ENSG00000134830,0.21388687,0.0,10
ENSG00000204604,1.2846812,1.9717999,10
ENSG00000293178,0.7473793,1.5093235,10
ENSG00000251136_2,2.0581925,0.0,10
ENSG00000178951,2.0314515,2.188906,10
ENSG00000179873,0.19285409,0.0,10
ENSG00000267107,0.18272631,0.0,10
ENSG00000160932,1.7868073,2.915689,10
ENSG00000164934_1,1.8229715,2.9084458,10
ENSG00000183309,2.1992137,2.0721064,10
ENSG00000251136_1,1.4565157,1.1865609,10
ENSG00000105538,0.30354983,1.0629804,10
ENSG00000186020_1,0.9608971,1.3614067,10
ENSG00000147432,0.09492084,0.0,10
ENSG00000176909,0.38750738,0.0,10
ENSG00000104974,0.18846032,0.0,10
ENSG00000164951,1.6958461,1.641375,10
ENSG00000167635,2.1166592,2.987204,10
ENSG00000283103,1.9987277,0.0,10
ENSG00000171428,0.8299936,1.6065964,10
ENSG00000196705,1.324104,2.8894002,10
ENSG00000171827,0.78530645,0.8146471,10
ENSG00000105376_1,2.192065,2.2522728,10
ENSG00000263002,0.59433186,1.3969208,10
ENSG00000249861,0.06581658,0.0,10
ENSG00000063176,2.298527,1.5442418,10
ENSG00000153902,0.5364236,1.0984014,10
ENSG00000125746,1.6050483,0.0,10
ENSG00000161618,2.4138296,2.4084945,10
ENSG00000183397,0.43927425,0.8574169,10
ENSG00000197405,0.22332855,0.0,10
ENSG00000204882,0.5201583,0.0,10
ENSG00000270164_1,0.16837376,0.0,10
ENSG00000133247,2.3922675,2.4543188,10
ENSG00000142552,1.2019733,0.0,10
ENSG00000176533,1.4117056,1.2627594,10
ENSG00000284280,0.26625007,0.0,10
ENSG00000031823,2.3824484,2.3675292,10
ENSG00000244165,0.23136663,0.0,10
ENSG00000236814,0.13154101,0.0,10
ENSG00000147697,0.18202682,0.0,10
ENSG00000089335,1.1053643,1.5495428,10
ENSG00000160957_1,2.209544,2.6904087,10
ENSG00000011590,0.5095149,0.0,10
ENSG00000154589,0.16081546,0.0,10
ENSG00000269243,0.19673072,0.0,10
ENSG00000248099,0.79615873,1.3704761,10
ENSG00000104412,1.8573173,2.7479157,10
ENSG00000102575,0.30493772,1.2215707,10
ENSG00000253729,0.18587583,1.177825,10
ENSG00000207166,0.33633232,1.0962493,10
ENSG00000181894,1.3559122,1.6253124,10
ENSG00000160460,1.7407962,1.9918019,10
ENSG00000066855,2.1311367,0.0,10
ENSG00000130204,2.4530408,2.98219,10
ENSG00000092964,0.20276602,0.0,10
ENSG00000171954,0.63571656,1.6026025,10
ENSG00000173273,1.7884657,2.198184,10
ENSG00000003989,1.55744,1.8440048,10
ENSG00000077782_2,1.5255712,1.5578078,10
ENSG00000168546_1,1.1429251,0.0,10
ENSG00000169085,0.16031143,0.0,10
ENSG00000171316,2.0272334,2.2196553,10
ENSG00000156103,0.5675032,1.1370058,10
ENSG00000104517,2.2713773,2.5479407,10
ENSG00000129451_2,0.26017207,0.6224627,10
ENSG00000011422_1,0.9252962,1.7576996,10
ENSG00000088247_1,2.1285384,3.2622898,10
ENSG00000104892,1.0577549,1.3625956,10
ENSG00000105699,2.1935115,2.1465404,10
ENSG00000253678,0.2655872,0.0,10
ENSG00000071626,2.3556778,2.3816817,10
ENSG00000104361,1.3832392,1.2494918,10
ENSG00000137573_3,0.09633611,0.0,10
ENSG00000105438,0.94835603,1.1068026,10
ENSG00000187955_1,1.0309453,0.0,10
ENSG00000228862,0.46740717,0.0,10
ENSG00000254101_1,0.09639711,0.0,10
ENSG00000105323,0.66685075,0.0,10
ENSG00000171124,0.2061529,0.0,10
ENSG00000102575_1,1.2191359,1.2215811,10
ENSG00000142534,2.2955086,3.831333,10
ENSG00000189164,1.2735907,1.301759,10
ENSG00000171903_1,0.26114082,0.0,10
ENSG00000269190,1.7472354,2.130575,10
ENSG00000283992,0.5420763,0.0,10
ENSG00000105143_1,1.2849563,1.6902758,10
ENSG00000129911,2.1313803,2.828473,10
ENSG00000105371,1.7735094,2.42734,10
ENSG00000121406,0.82145286,1.2991585,10
ENSG00000196437,1.6786426,2.086431,10
ENSG00000142303,1.3624767,1.6892449,10
ENSG00000170619,1.9842395,1.9802171,10
ENSG00000205002,1.2991475,1.593895,10
ENSG00000104408_1,1.4917837,1.0116212,10
ENSG00000104427,1.3943157,0.0,10
ENSG00000130208_2,0.6088489,2.3547173,10
ENSG00000104341,1.9822154,3.2932696,10
ENSG00000169393,0.0780662,0.0,10
ENSG00000121022_1,1.5349169,3.07359,10
ENSG00000126266,0.21358378,0.0,10
ENSG00000253819,0.15883932,0.0,10
ENSG00000074219_1,0.60868174,0.0,10
ENSG00000104529_2,2.3654425,3.4567091,10
ENSG00000105619_1,1.9729507,2.1560037,10
ENSG00000164741_1,0.88287497,1.2433853,10
ENSG00000253138,0.08164352,0.0,10
ENSG00000254349,0.058994874,0.0,10
ENSG00000164871,0.07979573,0.0,10
ENSG00000249898_1,2.261786,1.989343,10
ENSG00000293376,0.37950045,0.96796894,10
ENSG00000164823_1,2.1668322,2.6211348,10
ENSG00000121022,1.3251848,3.0300326,10
ENSG00000130158,1.3757865,1.6189116,10
ENSG00000174586,2.37658,1.5373152,10
ENSG00000104660,2.0497499,2.7080986,10
ENSG00000104219,1.7868253,1.9982985,10
ENSG00000142046_2,0.37499088,0.0,10
ENSG00000186106,1.544861,2.2575226,10
ENSG00000253168,0.14770699,0.0,10
ENSG00000147642_4,1.0857944,1.6752925,10
ENSG00000099326_1,2.4539926,2.4213243,10
ENSG00000125657,2.283802,2.659552,10
ENSG00000147689_2,1.4194297,3.189785,10
ENSG00000104518,0.7006716,0.0,10
ENSG00000169398_1,0.047181487,0.0,10
ENSG00000166398_1,0.152959,0.0,10
ENSG00000085872,2.1051145,1.6957443,10
ENSG00000155897,0.6424471,1.6239725,10
ENSG00000172081_1,2.1787508,2.1099293,10
ENSG00000104853_1,2.3380604,0.0,10
ENSG00000129696,1.515481,1.9987997,10
ENSG00000285982,0.48318893,0.0,10
ENSG00000104320_1,2.5452507,0.0,10
ENSG00000179134,2.1996958,2.3060882,10
ENSG00000198597,0.71811736,1.6815035,10
ENSG00000287134,0.07329439,0.0,10
ENSG00000293171,0.75345355,1.3554707,10
ENSG00000249859_8,1.2984172,2.6985703,10
ENSG00000187556,0.44216132,0.81870085,10
ENSG00000171649,0.82602584,0.0,10
ENSG00000105641_1,0.21066841,0.8227041,10
ENSG00000267467,0.20637582,0.0,10
ENSG00000105063_1,2.3442206,2.5918667,10
ENSG00000105369,0.24033912,0.0,10
ENSG00000272333,2.1630242,2.464564,10
ENSG00000124444,2.3639882,2.2998993,10
ENSG00000173581,1.8825605,1.9921026,10
ENSG00000254251_1,0.07014266,0.0,10
ENSG00000246430,0.09621373,0.0,10
ENSG00000267605,0.6080275,0.0,10
ENSG00000066044,2.1760414,2.7830799,10
ENSG00000185236,2.3723047,2.418964,10
ENSG00000129933,2.421593,2.5159798,10
ENSG00000105281_2,1.2071484,3.440205,10
ENSG00000266964,0.39913166,1.0441476,10
ENSG00000253230_2,0.62658036,1.4454329,10
ENSG00000090659,0.12544796,0.0,10
ENSG00000105325,2.3173332,1.6072727,10
ENSG00000189013,0.17353982,0.0,10
ENSG00000105352,0.12835447,0.0,10
ENSG00000267277,2.0672834,1.7763379,10
ENSG00000083828,1.474801,2.1282248,10
ENSG00000104760_1,0.50856864,0.0,10
ENSG00000008853,0.14786655,0.0,10
ENSG00000141858,1.9258542,2.6429095,10
ENSG00000156675,2.1912162,2.7028103,10
ENSG00000167562_1,1.4500132,0.0,10
ENSG00000293317_1,0.34055442,0.0,10
ENSG00000141905,1.8328208,2.2440171,10
ENSG00000205784,0.17333479,0.0,10
ENSG00000182324,0.3087662,0.0,10
ENSG00000196365,2.5840163,3.0705662,10
ENSG00000171817_1,1.6137551,0.0,10
ENSG00000253490,0.06726372,0.0,10
ENSG00000169136,2.1427753,3.3582585,10
ENSG00000253679,0.2713881,0.0,10
ENSG00000105287_1,0.9630683,2.7109284,10
ENSG00000279300,0.15545128,0.0,10
ENSG00000071894,2.281019,2.7287862,10
ENSG00000072958,2.0399675,2.440265,10
ENSG00000048392,2.2484524,1.7227573,10
ENSG00000105366_1,0.26606542,1.2101686,10
ENSG00000137573_2,0.07776741,0.0,10
ENSG00000197892,0.12322606,0.0,10
ENSG00000131408_2,2.0612273,2.3755264,10
ENSG00000204978,0.31182525,0.0,10
ENSG00000105723,2.4711633,2.6143486,10
ENSG00000069399_1,1.7151302,1.8978305,10
ENSG00000120910,2.215723,2.10631,10
ENSG00000178860_1,1.1274701,0.0,10
ENSG00000120896_1,1.1437165,0.0,10
ENSG00000197857,1.5502813,0.0,10
ENSG00000105223,2.2417884,2.6713932,10
ENSG00000253557_1,0.068070516,0.0,10
ENSG00000119559,2.3596432,2.3723412,10
ENSG00000179922,1.2002099,1.4055171,10
ENSG00000147421,1.7088438,2.7333658,10
ENSG00000066827,0.4477675,0.0,10
ENSG00000267855,1.9534237,3.3981364,10
ENSG00000267751,1.0574182,2.0955808,10
ENSG00000167625,1.9112934,2.1874135,10
ENSG00000152433,1.4635881,0.0,10
ENSG00000104755_1,0.28746453,0.0,10
ENSG00000141873,2.0962825,2.567283,10
ENSG00000127526,2.2762938,2.599337,10
ENSG00000160959,2.2219107,1.7926087,10
ENSG00000105523,0.4833728,0.8860957,10
ENSG00000008853_1,1.6795888,2.2171943,10
ENSG00000130803,0.9869507,2.4937255,10
ENSG00000105223_1,0.8243593,2.9691153,10
ENSG00000269343,1.9145571,2.5556602,10
ENSG00000172728_1,2.078941,0.0,10
ENSG00000130244,2.2763913,2.1570637,10
ENSG00000125733_1,1.1469984,1.3325596,10
ENSG00000142230,2.017605,2.9014502,10
ENSG00000120963_1,2.2035463,2.1041796,10
ENSG00000200259,0.3364269,0.0,10
ENSG00000099622_1,2.4532597,3.2405968,10
ENSG00000171773,0.41406238,1.0193241,10
ENSG00000171017,1.3044864,0.0,10
ENSG00000012061_3,1.7207955,1.5708463,10
ENSG00000022556,0.6491877,0.0,10
ENSG00000167555,0.40549713,1.4319425,10
ENSG00000104522,2.2460227,2.5580988,10
ENSG00000120896_5,0.94809175,1.5183165,10
ENSG00000171320_1,1.8066368,0.0,10
ENSG00000171033_1,0.041733652,0.0,10
ENSG00000105613,1.8544782,2.2192674,10
ENSG00000172172_1,1.1615821,3.1070504,10
ENSG00000104723,2.0002456,2.9021988,10
ENSG00000121289,1.3517743,0.0,10
ENSG00000168546,0.731923,1.2449695,10
ENSG00000156413_1,0.22317785,0.0,10
ENSG00000064932,1.055926,1.5532761,10
ENSG00000129347,2.2203925,2.6584132,10
ENSG00000042753_2,1.8535916,2.9486756,10
ENSG00000105245,2.2744315,2.355237,10
ENSG00000105373,1.9689959,3.042733,10
ENSG00000038945_1,0.0662064,0.0,10
ENSG00000130477_1,0.9977727,1.1370058,10
ENSG00000147604,1.085745,0.0,10
ENSG00000204941,0.13268855,0.0,10
ENSG00000007255,2.1043031,1.6815217,10
ENSG00000176840,0.2006585,0.0,10
ENSG00000178386,0.35732502,0.78504497,10
ENSG00000253972,0.037958756,0.0,10
ENSG00000176209_1,2.1028028,2.7598567,10
ENSG00000104960_2,2.3200753,2.4747756,10
ENSG00000104325,2.1185944,3.012694,10
ENSG00000275342,1.4053258,1.2569342,10
ENSG00000105520,1.269676,2.207136,10
ENSG00000253704,1.927703,0.0,10
ENSG00000126247_1,1.4051496,2.082013,10
ENSG00000178093,0.8330106,1.1331235,10
ENSG00000253161_2,0.12743933,0.0,10
ENSG00000168672_1,1.3315364,1.4426836,10
ENSG00000164924_2,2.4745042,3.5209222,10
ENSG00000105176_2,0.07505262,0.0,10
ENSG00000105576_1,2.1861134,1.3693829,10
ENSG00000126456_1,1.456591,1.7347039,10
ENSG00000180155_1,1.1837834,0.0,10
ENSG00000250571,2.160834,2.1471908,10
ENSG00000083807,2.1770763,2.4993901,10
ENSG00000105357_1,1.3781775,0.0,10
ENSG00000189042,1.6669723,0.0,10
ENSG00000198093,0.888185,2.2519057,10
ENSG00000178980,1.805952,0.0,10
ENSG00000147434,0.08630504,0.0,10
ENSG00000105220,2.0197375,1.4158744,10
ENSG00000196605,2.2374532,1.5778937,10
ENSG00000167608,0.21445683,0.0,10
ENSG00000172009,2.10231,2.5551126,10
ENSG00000104973,2.029063,2.8320968,10
ENSG00000105220_1,1.8770348,0.0,10
ENSG00000105576_2,2.1438677,2.0667357,10
ENSG00000132000_1,0.34875184,0.0,10
ENSG00000167460,0.24301113,0.0,10
ENSG00000178685,0.30737162,0.0,10
ENSG00000198363_2,0.10027828,0.0,10
ENSG00000254775,0.10206497,0.0,10
ENSG00000204611,1.6097628,0.0,10
ENSG00000155097,1.8675668,2.6978629,10
ENSG00000120963,2.3856344,3.1611884,10
ENSG00000083817,1.3446807,0.0,10
ENSG00000095066,1.6896402,0.0,10
ENSG00000213015_1,1.8547188,2.665924,10
ENSG00000167613,0.2027261,0.8719814,10
ENSG00000171045,1.8605384,1.8652462,10
ENSG00000123136_1,2.5700972,2.8784213,10
ENSG00000164821,0.13774396,1.0810375,10
ENSG00000261526,2.3526342,2.0532668,10
ENSG00000204851,0.9781196,1.368231,10
ENSG00000273111,0.3900383,0.0,10
ENSG00000289037,1.9296454,1.4065742,10
ENSG00000291317_1,1.8715476,2.2935836,10
ENSG00000104941,0.7234565,0.0,10
ENSG00000168522,2.3396218,2.8397858,10
ENSG00000181690,1.8612454,1.7342156,10
ENSG00000254858,2.1319935,2.5531545,10
ENSG00000142002_2,2.0650816,2.5295355,10
ENSG00000099337,1.376198,1.6221311,10
ENSG00000131351,2.5457177,1.9890803,10
ENSG00000160321,0.45215696,0.0,10
ENSG00000253729_1,0.14599596,0.0,10
ENSG00000105576_3,0.72696143,0.0,10
ENSG00000104635_1,1.9090871,1.2068528,10
ENSG00000013275,2.13739,0.0,10
ENSG00000160396,0.47596473,0.99033886,10
ENSG00000269086,0.915544,1.3693086,10
ENSG00000207110,0.23876135,0.0,10
ENSG00000007129_1,0.1504377,0.0,10
ENSG00000130522,2.3857746,3.2739916,10
ENSG00000131116,2.4744937,2.5443547,10
ENSG00000175073,2.4229867,2.0898697,10
ENSG00000174788,0.15681255,0.0,10
ENSG00000158815,0.45689487,1.1777961,10
ENSG00000253642,0.13005708,0.0,10
ENSG00000196466,1.5072795,1.6737027,10
ENSG00000105523_1,0.5697212,1.0343477,10
ENSG00000134014,0.12179392,0.0,10
ENSG00000267858,2.4567523,0.0,10
ENSG00000127528,1.5938928,1.7223048,10
ENSG00000066827_2,2.2550719,1.8256662,10
ENSG00000130876,1.0965718,1.2977387,10
ENSG00000099783,2.347699,3.6154134,10
ENSG00000087076,0.5029827,1.0218918,10
ENSG00000268655,0.5855916,0.0,10
ENSG00000270164_3,0.098491736,0.0,10
ENSG00000131941,1.7045187,1.8331727,10
ENSG00000253507,0.094077274,0.0,10
ENSG00000105738,1.8276362,1.8143675,10
ENSG00000062822,2.3238285,2.7572122,10
ENSG00000253230_1,0.77857375,0.0,10
ENSG00000167380,0.85166407,1.8809656,10
ENSG00000167232,0.12221158,0.0,10
ENSG00000170956,0.114847146,0.0,10
ENSG00000104408,1.8283259,3.7954845,10
ENSG00000126243,0.10965169,0.0,10
ENSG00000104435,0.118564576,0.0,10
ENSG00000104689,1.9128442,2.5143619,10
ENSG00000104904_1,1.8435163,1.7366753,10
ENSG00000065000,2.3090007,2.6775193,10
ENSG00000105568,2.4213133,3.0012143,10
ENSG00000180155,1.1936691,1.0488766,10
ENSG00000246145,1.7970091,0.86111605,10
ENSG00000104915,1.879011,1.9054883,10
ENSG00000156486,1.4487759,2.1010249,10
ENSG00000142252,1.9255289,2.3164506,10
ENSG00000104907,1.2959303,2.5180926,10
ENSG00000105696,1.411383,1.6492472,10
ENSG00000105323_1,2.6149056,3.0565696,10
ENSG00000160505,0.18441992,0.0,10
ENSG00000170631,1.6804687,1.6493251,10
ENSG00000184428_1,1.211368,0.0,10
ENSG00000253926,0.23237047,0.0,10
ENSG00000176531,1.4127353,0.0,10
ENSG00000168672,0.46003598,0.0,10
ENSG00000132010,1.3089908,1.5487701,10
ENSG00000204524,1.8374232,0.0,10
ENSG00000253123,0.17354748,0.0,10
ENSG00000156006,0.08417566,0.0,10
ENSG00000086548,0.11212458,0.0,10
ENSG00000168079,0.4845354,0.0,10
ENSG00000105750,0.5922653,1.441648,10
ENSG00000090006,1.5853502,0.0,10
ENSG00000261667,0.49612683,0.7761925,10
ENSG00000179751,1.3521938,1.201943,10
ENSG00000060558,0.36501157,0.8499719,10
ENSG00000187244,1.1014947,1.4416165,10
ENSG00000131142,0.17573793,0.9764875,10
ENSG00000197863_2,0.48111534,0.0,10
ENSG00000127507,1.340124,2.4080806,10
ENSG00000233493,2.0181048,2.0922644,10
ENSG00000158941,2.216967,2.7909575,10
ENSG00000197380,2.0255606,1.7696726,10
ENSG00000104267,1.4796897,1.426934,10
ENSG00000141867_2,1.9112184,3.000382,10
ENSG00000167595,2.084552,2.219739,10
ENSG00000173281,1.4309175,0.0,10
ENSG00000168481,1.4883838,1.4549972,10
ENSG00000239039,1.6102092,0.0,10
ENSG00000267254,0.50106484,0.99033886,10
ENSG00000088053,1.2473896,0.0,10
ENSG00000266983,2.2065165,2.063078,10
ENSG00000125505,2.2842774,2.2968647,10
ENSG00000221983_1,2.3346305,3.6400719,10
ENSG00000254251,0.08938652,0.0,10
ENSG00000147536,2.1130552,2.1973577,10
ENSG00000078674,2.3781972,3.077597,10
ENSG00000186026,0.45871943,0.9503843,10
ENSG00000127533,1.5407175,2.082674,10
ENSG00000178078,0.50045717,0.0,10
ENSG00000156011_1,0.109144635,0.0,10
ENSG00000011451,2.0030344,2.738265,10
ENSG00000129422_2,0.08846462,0.0,10
ENSG00000156831,1.9806861,0.0,10
ENSG00000130726_1,2.5435882,3.082315,10
ENSG00000080511,0.23299383,0.0,10
ENSG00000198363_1,0.060619734,0.0,10
ENSG00000142409,2.210532,2.610511,10
ENSG00000213904_1,0.8401667,1.1578797,10
ENSG00000267767,0.73985267,1.2373577,10
ENSG00000176406,0.9737509,1.238949,10
ENSG00000291235,0.12943465,0.6095944,10
ENSG00000197128,0.76554346,1.554077,10
ENSG00000104419_4,1.8072058,2.032026,10
ENSG00000197937,1.3323637,0.0,10
ENSG00000124467,0.12394999,0.0,10
ENSG00000233527_1,2.035514,2.1364129,10
ENSG00000039987_1,0.19082865,0.0,10
ENSG00000188629,0.52099675,0.0,10
ENSG00000064961,1.8515202,2.731318,10
ENSG00000141971_2,2.1212153,2.2080784,10
ENSG00000036565,0.10655895,0.0,10
ENSG00000174917_1,2.1643414,2.7904913,10
ENSG00000079462,2.1891794,2.2744582,10
ENSG00000179115,1.9823277,3.1103237,10
ENSG00000261236,2.1075275,2.9159925,10
ENSG00000189377,0.15668222,0.0,10
ENSG00000249816,0.4132411,0.0,10
ENSG00000134013_1,0.110720456,0.0,10
ENSG00000088002,0.6276777,1.0560049,10
ENSG00000077009,0.37764955,0.0,10
ENSG00000104537,0.04801897,1.0919622,10
ENSG00000105204_1,1.7268683,0.0,10
ENSG00000156795,2.1927838,2.128464,10
ENSG00000104879,0.20391397,0.70876074,10
ENSG00000079102_2,0.5029865,0.0,10
ENSG00000291231_1,0.30107802,1.6278266,10
ENSG00000125503,2.2963576,2.382971,10
ENSG00000170889_1,2.3607073,2.179207,10
ENSG00000073008,1.3399733,1.7352235,10
ENSG00000253138_2,0.101952314,0.0,10
ENSG00000188039_1,0.28351414,0.9129656,10
ENSG00000126458,1.898287,0.0,10
ENSG00000167615,2.4269907,2.9004326,10
ENSG00000160505_1,0.051355474,0.0,10
ENSG00000198576,1.4363815,1.4329212,10
ENSG00000130545,0.72959995,0.7717344,10
ENSG00000105698,1.922197,2.471912,10
ENSG00000186019,0.65152127,0.0,10
ENSG00000042980,0.07296585,0.0,10
ENSG00000120885_1,0.23949005,0.0,10
ENSG00000291128,0.4955418,2.3002954,10
ENSG00000197275,1.8458672,2.1170127,10
ENSG00000105370,0.31542632,0.0,10
ENSG00000042832_2,0.11950316,0.0,10
ENSG00000164751_1,1.911159,0.0,10
ENSG00000173334,2.2026346,2.384461,10
ENSG00000245149,2.413729,2.0821712,10
ENSG00000104643,2.1406066,1.9486839,10
ENSG00000125731,1.4051826,1.7212796,10
ENSG00000064545,1.7195624,0.0,10
ENSG00000171777,0.73440576,1.1899953,10
ENSG00000186579,0.11874195,0.0,10
ENSG00000130402,2.1410396,3.1744697,10
ENSG00000287952,1.9632194,3.6152735,10
ENSG00000237440,0.56309813,1.2373174,10
ENSG00000171574_1,2.347722,2.0199673,10
ENSG00000167759_1,1.0896137,1.2310871,10
ENSG00000147408,0.58038735,0.0,10
ENSG00000121005_2,0.015986443,0.0,10
ENSG00000188033,2.144099,1.8724942,10
ENSG00000171425,1.0624983,2.2579305,10
ENSG00000105176_1,2.0047343,2.774685,10
ENSG00000267777,0.08541874,0.0,10
ENSG00000186272,1.074649,1.85827,10
ENSG00000130511,2.3510168,2.5427508,10
ENSG00000290859,0.3089376,1.6051973,10
ENSG00000187474,0.12829252,0.0,10
ENSG00000198521,1.1567233,2.2645369,10
ENSG00000099866,2.1755788,1.4238845,10
ENSG00000166289,2.0381184,1.528724,10
ENSG00000125753,1.9604493,3.3495262,10
ENSG00000123154,0.96206015,0.0,10
ENSG00000147416,1.9396898,2.753988,10
ENSG00000105278,1.211093,1.467904,10
ENSG00000289906,0.08241871,0.0,10
ENSG00000224910,1.1958944,1.2357557,10
ENSG00000169139,2.167287,3.2183228,10
ENSG00000248599,0.5500048,0.0,10
ENSG00000104886_1,2.5185344,2.2488801,10
ENSG00000123159,2.0268707,0.0,10
ENSG00000246089,1.5284575,1.295039,10
ENSG00000167775,2.1592455,2.5256264,10
ENSG00000074219,0.26870477,0.0,10
ENSG00000147588,0.06518053,0.0,10
ENSG00000198551,2.0971167,0.0,10
ENSG00000105695,0.2541192,0.0,10
ENSG00000147485_1,0.35015166,0.0,10
ENSG00000105507,0.17699294,0.7340153,10
ENSG00000142453,2.066349,2.8454702,10
ENSG00000076662,2.0711613,2.1534796,10
ENSG00000095932,0.34915167,0.0,10
ENSG00000178814,2.05698,0.0,10
ENSG00000167491_1,2.379648,2.556692,10
ENSG00000104853_2,0.2201521,0.0,10
ENSG00000168172,2.2258174,2.295391,10
ENSG00000249859_4,0.42898798,0.0,10
ENSG00000167646,1.2046344,0.0,10
ENSG00000254367,0.23117223,0.0,10
ENSG00000161243,1.1930231,1.5495305,10
ENSG00000174521,1.4276078,1.8854743,10
ENSG00000160439,1.9959149,2.8166404,10
ENSG00000105671,1.9273347,0.0,10
ENSG00000291177,1.7019327,1.8256338,10
ENSG00000079805,2.3274567,2.8804648,10
ENSG00000167600,1.1580011,0.0,10
ENSG00000142025,0.58166325,1.0675915,10
ENSG00000147642_3,1.1707891,1.5318364,10
ENSG00000099625,1.7469977,2.1548133,10
ENSG00000198597_1,0.09563522,0.0,10
ENSG00000196757,1.9029235,2.175184,10
ENSG00000125910,0.70120883,0.0,10
ENSG00000142235_1,1.0651892,0.0,10
ENSG00000203499,1.7212293,0.0,10
ENSG00000188508,0.14024882,0.0,10
ENSG00000034239,0.7670658,0.0,10
ENSG00000118620,1.5202966,2.3315873,10
ENSG00000252067,0.14511718,0.0,10
ENSG00000126456_2,2.063356,2.6684418,10
ENSG00000164932,1.5408732,1.9885367,10
ENSG00000105383,0.55946726,0.0,10
ENSG00000180921,2.1361008,2.2405992,10
ENSG00000130309,2.3518856,2.883826,10
ENSG00000178904,2.2795155,2.4319746,10
ENSG00000167384,2.1894126,2.0994735,10
ENSG00000249859_1,0.3560658,0.0,10
ENSG00000185761,1.8241884,0.0,10
ENSG00000267680,1.0571823,0.0,10
ENSG00000171903,0.50866836,0.0,10
ENSG00000021488,0.09085086,0.0,10
ENSG00000105726,2.321137,2.7062569,10
ENSG00000279529,2.1420665,0.0,10
ENSG00000051128,0.30087996,0.7340794,10
ENSG00000105717,1.7638751,1.4269015,10
ENSG00000284505,0.28051198,0.0,10
ENSG00000198453_1,0.8550334,1.6124129,10
ENSG00000197813,0.515112,1.3004433,10
ENSG00000182087,2.3932073,2.884546,10
ENSG00000164953,0.93332607,0.0,10
ENSG00000269289,0.0994678,0.0,10
ENSG00000142530_1,1.9489751,2.563018,10
ENSG00000105771,2.5755315,2.875397,10
ENSG00000164879,0.80614483,0.0,10
ENSG00000176920,0.3509094,0.0,10
ENSG00000205189,0.3826722,1.085469,10
ENSG00000120896_6,1.7023865,1.8771293,10
ENSG00000166359,1.0095044,0.0,10
ENSG00000221914,1.8897486,2.9257143,10
ENSG00000124299,1.1769046,2.058741,10
ENSG00000251247,1.085818,0.0,10
ENSG00000130382_1,2.085995,2.5302253,10
ENSG00000228887,0.5495519,2.3373435,10
ENSG00000104419_1,0.19169325,0.0,10
ENSG00000105492_1,0.75006473,0.0,10
ENSG00000188868,1.016611,1.4229672,10
ENSG00000253661,0.13715245,0.7138768,10
ENSG00000105197,2.1517673,0.0,10
ENSG00000253267,0.07458923,0.0,10
ENSG00000232024,0.21868642,2.1244748,10
ENSG00000079313_1,2.3739312,2.0677364,10
ENSG00000104980,2.312924,3.1579158,10
ENSG00000246662,1.5311993,0.0,10
ENSG00000072062,0.4361415,0.0,10
ENSG00000051128_2,1.3790746,1.798975,10
ENSG00000156011_3,0.1917452,0.0,10
ENSG00000253438_1,0.10061562,0.0,10
ENSG00000079102_1,0.32555586,1.1389655,10
ENSG00000010361_1,1.3345978,0.0,10
ENSG00000125755,2.1737196,2.6388047,10
ENSG00000147419,1.8086032,2.34973,10
ENSG00000179820,0.19560255,0.0,10
ENSG00000104312,2.0693066,2.4557886,10
ENSG00000176406_1,1.1785444,1.0319172,10
ENSG00000168490,0.3408938,1.3423042,10
ENSG00000130749_1,1.2043269,2.3210266,10
ENSG00000179855,1.4793395,1.7709992,10
ENSG00000168615_1,0.26669836,0.0,10
ENSG00000003987,1.3348061,1.0629954,10
ENSG00000105364_1,2.3154128,3.2029457,10
ENSG00000105609,0.24139877,0.0,10
ENSG00000183401,0.398099,0.0,10
ENSG00000267673_1,1.4789902,2.4826021,10
ENSG00000147434_1,0.06408106,0.0,10
ENSG00000131845,1.4241683,0.0,10
ENSG00000074855,2.2464137,1.8424594,10
ENSG00000133243,1.6009191,2.1284316,10
ENSG00000179913,0.8588201,1.4741142,10
ENSG00000183779,1.5887148,1.7424895,10
ENSG00000072071,1.5403154,1.749226,10
ENSG00000008988,1.5335859,1.4416951,10
ENSG00000165061,0.4984252,1.3275714,10
ENSG00000198453,0.44670105,0.0,10
ENSG00000269386_1,2.218517,2.8047662,10
ENSG00000160117_1,1.2428691,2.1018536,10
ENSG00000204949,0.22494382,0.0,10
ENSG00000167632_1,0.59668016,0.0,10
ENSG00000180190_1,1.216341,1.551811,10
ENSG00000290829,1.1557753,0.0,10
ENSG00000088247,1.8103954,0.0,10
ENSG00000183647,1.0239549,1.911738,10
ENSG00000269720,1.1503228,1.3411574,10
ENSG00000173273_2,0.060390554,0.0,10
ENSG00000159915,0.47981924,0.0,10
ENSG00000063241,2.44119,2.9514444,10
ENSG00000147465,1.4890009,2.7412674,10
ENSG00000288596,1.3198111,0.0,10
ENSG00000167769,0.30894345,0.0,10
ENSG00000267201,0.53340685,0.9504135,10
ENSG00000008853_3,0.4411891,0.0,10
ENSG00000291130,0.32669663,0.0,10
ENSG00000178904_1,2.077392,1.8590181,10
ENSG00000127445,1.9927142,2.4954417,10
ENSG00000196961,2.1644366,3.131269,10
ENSG00000130475_1,0.65244025,2.6191049,10
ENSG00000132002_1,2.1368458,0.0,10
ENSG00000147606_1,0.073592946,0.0,10
ENSG00000176797,0.08319454,0.0,10
ENSG00000160882,0.36270988,0.0,10
ENSG00000164816,0.11153205,0.0,10
ENSG00000099797,2.1320007,3.187814,10
ENSG00000132024,2.0526395,2.3078275,10
ENSG00000198356,1.5298201,0.0,10
ENSG00000105509,0.2311369,0.9679783,10
ENSG00000173273_1,0.099112146,0.0,10
ENSG00000104951,0.25165856,0.0,10
ENSG00000156802_1,1.3578688,0.0,10
ENSG00000188305,0.47992402,0.0,10
ENSG00000196109,0.56641114,1.3161381,10
ENSG00000157110_3,0.4098431,1.0489155,10
ENSG00000078579,0.2424902,0.99033886,10
ENSG00000157168_2,1.3710228,1.5002228,10
ENSG00000066777,1.9590406,2.1127725,10
ENSG00000178297,0.3780107,0.0,10
ENSG00000008513,0.14291282,1.1952353,10
ENSG00000104967_1,0.53266585,1.1485101,10
ENSG00000105202_1,0.9624211,1.2247609,10
ENSG00000130528,1.3915848,2.4414437,10
ENSG00000184608,0.096068904,0.0,10
ENSG00000172270_1,2.3515024,3.237149,10
ENSG00000105711,1.7094738,1.4377189,10
ENSG00000182759,1.8377179,1.5488806,10
ENSG00000189052,0.23727252,0.0,10
ENSG00000267498,1.8968545,1.1291741,10
ENSG00000053501,2.0948684,2.366983,10
ENSG00000248538_3,0.1827608,0.0,10
ENSG00000105426,1.1879975,0.0,10
ENSG00000254027,0.65678614,1.2524647,10
ENSG00000164684_1,0.19433925,0.0,10
ENSG00000254119,0.11576933,0.0,10
ENSG00000131400,0.24844806,0.0,10
ENSG00000142002_1,0.27831054,0.0,10
ENSG00000198791_1,2.1061237,2.8967025,10
ENSG00000204839_1,0.7152995,1.1560886,10
ENSG00000197782,1.2850461,2.0953193,10
ENSG00000125656,2.0694828,2.5974758,10
ENSG00000147364,1.4520019,1.9173027,10
ENSG00000011422,1.4521652,0.0,10
ENSG00000177202,0.4433164,0.0,10
ENSG00000181195,0.6690303,0.0,10
ENSG00000253133,2.111123,2.3890066,10
ENSG00000249709,2.3074133,1.8713977,10
ENSG00000258724,1.9617862,2.2511368,10
ENSG00000130300,1.0000715,1.2627832,10
ENSG00000197217,2.065316,2.2839544,10
ENSG00000147408_2,0.16397627,0.0,10
ENSG00000155792,1.0245575,1.7099481,10
ENSG00000171320,0.15226115,0.0,10
ENSG00000178531,1.7355202,2.5559742,10
ENSG00000196357_1,2.5174448,1.9243517,10
ENSG00000123143_2,0.50365794,1.8893017,10
ENSG00000237807,0.12931082,0.77620703,10
ENSG00000147650_1,2.2998197,2.5355473,10
ENSG00000165046,0.6001824,0.0,10
ENSG00000076928,1.647665,2.3963754,10
ENSG00000167644,0.6240149,0.0,10
ENSG00000099785,1.6768273,0.0,10
ENSG00000221803,0.41683596,0.8825815,10
ENSG00000130175,1.3985809,0.0,10
ENSG00000147586,1.6433054,0.0,10
ENSG00000197013,1.2499233,2.0770588,10
ENSG00000270164,0.13034359,0.0,10
ENSG00000130475,1.8471771,1.7042706,10
ENSG00000254377_4,0.387398,0.9984337,10
ENSG00000133250,2.283216,2.2628307,10
ENSG00000126264,0.16255495,1.6150111,10
ENSG00000255491_1,0.20824073,1.0218918,10
ENSG00000130844,0.8832656,1.3135508,10
ENSG00000129353_1,1.0515149,0.0,10
ENSG00000169490,2.3600464,2.2567947,10
ENSG00000198010,1.5673429,1.3806453,10
ENSG00000181781,0.40566587,0.0,10
ENSG00000180089,0.32512712,1.1688509,10
ENSG00000147533,2.1198323,2.8244188,10
ENSG00000104228,2.2457523,2.1139433,10
ENSG00000171051,0.06734136,0.0,10
ENSG00000172270,1.4447631,1.6702273,10
ENSG00000267213,2.330454,1.7004892,10
ENSG00000077463,1.7122374,2.125312,10
ENSG00000105388,0.11906199,0.9412828,10
ENSG00000179943,2.2591317,1.9602376,10
ENSG00000278129,2.264145,2.1946726,10
ENSG00000180938,1.0336133,1.4357806,10
ENSG00000174886,2.3773947,3.4022167,10
ENSG00000186918,1.9003693,1.9958545,10
ENSG00000242852,1.1361272,0.0,10
ENSG00000130208_3,0.95627546,1.2118678,10
ENSG00000105669,2.2166688,3.1625316,10
ENSG00000136997,1.8254489,2.176641,10
ENSG00000064932_2,0.53964674,1.3374991,10
ENSG00000105483_1,0.22630434,1.5728832,10
ENSG00000104760,0.054761447,0.0,10
ENSG00000156103_1,1.2532477,0.0,10
ENSG00000147571,0.739524,1.2771506,10
ENSG00000249816_1,0.45727664,0.0,10
ENSG00000147526_3,0.18564606,0.0,10
ENSG00000169035,0.434142,0.0,10
ENSG00000104827,0.28442392,0.0,10
ENSG00000164743,0.4780432,0.0,10
ENSG00000209702,0.28248328,1.307068,10
ENSG00000271171,1.0885994,1.0268927,10
ENSG00000104951_1,2.5034235,3.3620677,10
ENSG00000196150,2.1826813,2.2521415,10
ENSG00000158856,1.1121572,0.0,10
ENSG00000167460_1,0.6243428,0.0,10
ENSG00000267191,0.78505456,1.3671695,10
ENSG00000178150,0.28060156,2.497582,10
ENSG00000105642,0.89034235,1.0583501,10
ENSG00000105202_2,0.8589908,2.0554166,10
ENSG00000105559,0.87115073,1.7790262,10
ENSG00000119574,2.3276262,2.276071,10
ENSG00000078674_1,2.4341376,2.9589236,10
ENSG00000124444_1,2.3634233,0.0,10
ENSG00000172733,1.9008969,1.8069867,10
ENSG00000105427,0.2810436,0.0,10
ENSG00000182325,2.15359,1.9605612,10
ENSG00000221826,0.14834836,0.0,10
ENSG00000105227_1,0.24269785,0.0,10
ENSG00000105355,1.5965677,0.0,10
ENSG00000105467,2.4036846,0.0,10
ENSG00000167656,0.42128128,0.0,10
ENSG00000108107_1,1.9954661,2.5324485,10
ENSG00000120925,2.2172866,1.8516252,10
ENSG00000141837_2,1.176812,1.7563089,10
ENSG00000123908,1.9210483,2.2934356,10
ENSG00000164935_1,0.07140911,0.0,10
ENSG00000089327,1.897159,3.626751,10
ENSG00000160888,1.8395332,2.4157126,10
ENSG00000160410_1,1.5138937,1.0765895,10
ENSG00000213563,1.9398242,2.1836967,10
ENSG00000079459_1,2.2202685,3.7850757,10
ENSG00000104320,0.1184009,0.0,10
ENSG00000105198,0.0804928,0.0,10
ENSG00000253554,0.14352815,0.0,10
ENSG00000266916,0.20136596,0.0,10
ENSG00000182141,1.5494508,2.319978,10
ENSG00000176956,1.3211079,1.2084951,10
ENSG00000075702_1,0.1627045,0.0,10
ENSG00000182472_1,0.7765139,1.2539676,10
ENSG00000095059,2.1994104,2.6807342,10
ENSG00000161677,2.079209,0.0,10
ENSG00000072954,1.4850368,1.4148229,10
ENSG00000197124,0.7744576,0.0,10
ENSG00000159167,0.58637613,2.3559875,10
ENSG00000277494,0.3889888,0.0,10
ENSG00000089847_1,1.2844136,0.0,10
ENSG00000029534,0.532824,0.0,10
ENSG00000167702,1.6273097,1.519245,10
ENSG00000104313_2,0.8036381,1.547233,10
ENSG00000189114,1.3179905,2.1283636,10
ENSG00000199652,0.06500867,0.0,10
ENSG00000253824,0.12228775,0.0,10
ENSG00000152467,1.3904818,1.3071322,10
ENSG00000229140_1,0.0907022,0.0,10
ENSG00000165046_2,1.1302928,0.0,10
ENSG00000278611,1.3677906,0.0,10
ENSG00000089351_3,0.52713585,1.5246531,10
ENSG00000142065,1.7134022,0.0,10
ENSG00000238650,0.38454914,0.0,10
ENSG00000011590_1,0.19634719,0.0,10
ENSG00000104765,1.9169128,3.2895734,10
ENSG00000125744,1.4072834,2.3449638,10
ENSG00000176853,1.9319303,2.4181387,10
ENSG00000142347_1,0.16792123,0.0,10
ENSG00000121005_1,0.96885467,0.0,10
ENSG00000167632,0.25670815,0.8461391,10
ENSG00000255364,0.062474184,0.0,10
ENSG00000127903,0.9035533,1.0919482,10
ENSG00000186583_1,0.23839837,0.0,10
ENSG00000105366,0.27354693,0.0,10
ENSG00000127616,2.3232417,2.9519978,10
ENSG00000189144_1,0.8122356,0.0,10
ENSG00000095066_2,1.8866023,1.6098717,10
ENSG00000099622,1.9384581,1.2464001,10
ENSG00000104756,2.0458865,2.2761261,10
ENSG00000130816,0.10495646,0.0,10
ENSG00000181007,1.5677899,1.6371193,10
ENSG00000156804,1.3468941,1.403395,10
ENSG00000187954,2.0726132,2.3444316,10
ENSG00000130669,1.2715929,2.07829,10
ENSG00000204866,0.078908145,0.0,10
ENSG00000229833,1.0519928,0.0,10
ENSG00000179632,2.4251328,2.6372995,10
ENSG00000125743,1.9156058,0.0,10
ENSG00000182372_1,1.9538977,1.8328179,10
ENSG00000245857,0.83363855,1.1634297,10
ENSG00000104883,1.7037299,1.3149201,10
ENSG00000170791,2.0240471,0.0,10
ENSG00000079459_2,0.37469417,0.7532766,10
ENSG00000099326,2.6611454,1.7614242,10
ENSG00000099783_1,0.14008377,1.5577959,10
ENSG00000123146,0.23716632,0.0,10
ENSG00000126461,2.4764173,2.4892101,10
ENSG00000142530,1.8270689,0.0,10
ENSG00000167749,0.26336652,1.2357304,10
ENSG00000136997_2,1.8729511,1.7750567,10
ENSG00000104998,1.9472263,2.3618412,10
ENSG00000196646,1.5747993,1.9723741,10
ENSG00000099330,1.9972533,2.3304646,10
ENSG00000105258,2.0130546,2.4817364,10
ENSG00000171817,1.0161743,1.0983667,10
ENSG00000105323_3,0.23256217,0.8105685,10
ENSG00000254008,0.88988596,1.3862135,10
ENSG00000291114,0.27104676,0.0,10
ENSG00000011304,2.3416777,3.4205945,10
ENSG00000147724_1,1.355122,1.7425052,10
ENSG00000198182,0.7608191,0.0,10
ENSG00000160472,0.2432119,0.0,10
ENSG00000136982,1.8832783,2.53794,10
ENSG00000126457,2.263687,2.6949341,10
ENSG00000267575,1.3218471,2.1872668,10
ENSG00000290812,1.5876994,2.0072825,10
ENSG00000197265_1,2.2414644,2.7891011,10
ENSG00000032444_3,0.31256163,0.8573928,10
ENSG00000268621,0.15130053,1.2372873,10
ENSG00000266903,0.3210594,0.0,10
ENSG00000167491,2.4256694,2.8055143,10
ENSG00000105397_2,2.2231717,0.0,10
ENSG00000205517,0.5951562,0.56841296,10
ENSG00000205138,2.1456895,2.5327034,10
ENSG00000125740,1.4639263,0.0,10
ENSG00000180884,1.349845,1.903524,10
ENSG00000079462_1,1.440869,2.60045,10
ENSG00000147457_1,2.1798587,1.8968238,10
ENSG00000099331,2.2413661,2.4677162,10
ENSG00000126453,2.067231,2.9456851,10
ENSG00000063244,2.4620252,2.1470916,10
ENSG00000137563,1.9427063,0.0,10
ENSG00000133731,1.7033657,2.534431,10
ENSG00000283959,1.955398,0.0,10
ENSG00000179632_1,1.981105,0.0,10
ENSG00000147669,0.5168408,0.0,10
ENSG00000142541,2.3518393,4.3779454,10
ENSG00000180043,0.31353742,0.0,10
ENSG00000136997_1,1.9837253,3.740568,10
ENSG00000104921,0.1273117,0.0,10
ENSG00000181588,1.7247179,2.1394067,10
ENSG00000187650,2.0856802,0.0,10
ENSG00000254024,0.58543843,1.2881597,10
ENSG00000105248,1.5011472,2.2807195,10
ENSG00000186300,2.1371977,2.1392493,10
ENSG00000293438,1.6478988,0.0,10
ENSG00000184489_1,0.5343008,1.392697,10
ENSG00000164961,1.9223958,2.2620595,10
ENSG00000240694,1.303393,0.0,10
ENSG00000167785,2.2628653,0.0,10
ENSG00000248531,0.16789755,0.0,10
ENSG00000120915,1.532701,2.664119,10
ENSG00000176406_3,0.06557006,0.0,10
ENSG00000046889,1.258993,1.6302651,10
ENSG00000164808_1,0.06711003,0.0,10
ENSG00000168081,0.21278642,0.95631254,10
ENSG00000152443,0.884113,2.1526062,10
ENSG00000180543,1.2629492,0.0,10
ENSG00000253161_1,0.13058129,0.0,10
ENSG00000176907,0.113004625,0.0,10
ENSG00000104936_1,0.43916506,1.0392792,10
ENSG00000167487,1.6991248,0.0,10
ENSG00000233927,1.8540611,4.375638,10
ENSG00000125735,0.42065763,1.1005085,10
ENSG00000147649_1,0.058857992,0.0,10
ENSG00000180448,1.5371567,1.8390064,10
ENSG00000131142_2,0.2901464,0.0,10
ENSG00000253666,0.13955487,0.0,10
ENSG00000104808,1.3148078,0.0,10
ENSG00000254618,0.18525574,0.0,10
ENSG00000172164_1,0.14345479,0.0,10
ENSG00000164944,2.0071754,0.0,10
ENSG00000205133,1.3146423,0.0,10
ENSG00000161888,2.141484,0.0,10
ENSG00000287325,0.17241627,0.0,10
ENSG00000214049,0.9090003,2.5253441,10
ENSG00000196417,0.8455166,0.0,10
ENSG00000105676_1,2.1869938,0.0,10
ENSG00000169122_1,0.14409788,0.0,10
ENSG00000130159,1.860875,2.5610359,10
ENSG00000267710,0.14818373,0.0,10
ENSG00000167751,0.24258293,0.0,10
ENSG00000293495,2.5059726,2.8065395,10
ENSG00000186818,0.4521652,0.0,10
ENSG00000006016,1.3943931,1.8940667,10
ENSG00000168081_2,0.11456962,0.0,10
ENSG00000310521,1.1769959,1.4943216,10
ENSG00000147789,2.2551281,1.9048724,10
ENSG00000285675,0.26434797,0.0,10
ENSG00000147408_3,0.19466078,0.0,10
ENSG00000087086,1.8680629,4.520925,10
ENSG00000105131_1,0.57213706,0.88606185,10
ENSG00000175895,2.343994,2.6374598,10
ENSG00000079459,0.33793366,0.98209023,10
ENSG00000181894_1,1.3982874,1.3337696,10
ENSG00000129990_1,0.72679156,1.0854332,10
ENSG00000168484,0.16759379,0.0,10
ENSG00000126247,2.1520364,3.1277397,10
ENSG00000132561_1,0.079230726,0.0,10
ENSG00000185053,0.06855722,0.74374485,10
ENSG00000198453_2,0.4972421,1.221675,10
ENSG00000213999,0.88241005,0.0,10
ENSG00000253301,1.0638503,1.6924503,10
ENSG00000253408_1,1.4386209,0.0,10
ENSG00000267339_1,0.065098345,0.0,10
ENSG00000105676,2.4174125,2.5582404,10
ENSG00000125726_1,0.71880674,0.0,10
ENSG00000167460_4,0.22167283,0.0,10
ENSG00000105136,0.8177703,1.4318299,10
ENSG00000164830_2,0.11681031,0.0,10
ENSG00000130307,0.23567171,0.0,10
ENSG00000268038,0.52432364,0.0,10
ENSG00000204519,1.7856951,2.10631,10
ENSG00000134028_1,0.06958499,0.0,10
ENSG00000161551,0.7847535,1.3325394,10
ENSG00000141971_1,0.7647443,0.0,10
ENSG00000182986,0.1640749,0.0,10
ENSG00000205155,1.9301062,0.0,10
ENSG00000249859,1.5647074,1.9107813,10
ENSG00000268480,0.1833385,0.0,10
ENSG00000189190,0.8886318,2.3056867,10
ENSG00000104872,1.59524,2.7867854,10
ENSG00000164695,1.9544281,1.8889878,10
ENSG00000260001,0.74264526,1.3362796,10
ENSG00000245910,2.2261965,3.4465916,10
ENSG00000130005,1.6879212,2.0434763,10
ENSG00000129351,2.5543518,3.4740472,10
ENSG00000245848,1.6929555,1.4209454,10
ENSG00000077782,0.19431607,0.0,10
ENSG00000167755,0.22746123,0.0,10
ENSG00000286138,1.9697827,1.6444188,10
ENSG00000198791,1.8763623,0.99576676,10
ENSG00000176182,1.655239,0.0,10
ENSG00000268001,1.1210881,2.3441663,10
ENSG00000253457,0.08964317,0.0,10
ENSG00000253582,0.7130606,0.0,10
ENSG00000105397_1,1.105265,0.0,10
ENSG00000147676,1.3294388,1.9974606,10
ENSG00000186599,0.06567988,0.0,10
ENSG00000168078,1.8687185,2.7220783,10
ENSG00000228801,2.213483,1.6432256,10
ENSG00000251191,0.09339059,0.0,10
ENSG00000076826,1.5733371,1.9224348,10
ENSG00000184635,1.8787353,0.0,10
ENSG00000197054,0.72393316,1.2785935,10
ENSG00000283555,0.05581349,0.6927941,10
ENSG00000104237_1,0.06473072,0.0,10
ENSG00000291101,0.97674453,1.3251461,10
ENSG00000007129,0.1563079,0.0,10
ENSG00000105219_1,1.0714532,1.9205095,10
ENSG00000007047,1.638085,2.231574,10
ENSG00000147316,1.992656,2.6377988,10
ENSG00000228300,2.5775182,3.0464678,10
ENSG00000279847,0.08162584,0.0,10
ENSG00000167658,0.36127448,2.3004215,10
ENSG00000174898,2.2926939,1.1211658,10
ENSG00000164756,0.11997543,0.0,10
ENSG00000179913_1,0.9189048,1.2670778,10
ENSG00000197446,0.15527716,0.0,10
ENSG00000105552_1,1.9405276,2.704655,10
ENSG00000147526_1,1.3303189,0.0,10
ENSG00000185869,0.5950121,0.0,10
ENSG00000251003,0.59161276,0.0,10
ENSG00000270164_2,0.057056636,0.0,10
ENSG00000245080,1.3052828,0.0,10
ENSG00000189144,0.94383097,1.716671,10
ENSG00000129990,1.0973829,1.1796092,10
ENSG00000142046,1.7573863,0.0,10
ENSG00000253745,0.1550908,0.0,10
ENSG00000131408,1.2896446,0.0,10
ENSG00000184647,0.23226349,0.0,10
ENSG00000170892,2.5820615,1.8830763,10
ENSG00000290606,0.81247616,2.0041158,10
ENSG00000120899_1,0.9186706,0.0,10
ENSG00000104213,0.8288024,1.2263678,10
ENSG00000104413,0.45832193,0.0,10
ENSG00000130816_1,2.2520185,3.185015,10
ENSG00000171056,1.4638683,1.318731,10
ENSG00000129422,0.1539183,0.0,10
ENSG00000132561,1.5844778,1.4722883,10
ENSG00000126246,1.9665505,2.0191662,10
ENSG00000169946_1,1.5899633,1.554065,10
ENSG00000254777,0.7067824,1.4259579,10
ENSG00000160439_2,0.2723096,0.0,10
ENSG00000185697,2.0937467,1.3851414,10
ENSG00000267041,1.729359,2.1570516,10
ENSG00000178719_3,0.11329676,1.2784106,10
ENSG00000070756_1,0.06645438,0.0,10
ENSG00000070404_1,1.9041728,1.3097153,10
ENSG00000085788,2.1585858,1.8685269,10
ENSG00000160460_1,1.4065241,1.2479978,10
ENSG00000173581_1,2.0101106,2.1204522,10
ENSG00000180257,1.6099942,2.0911286,10
ENSG00000134013,0.9333079,1.4137188,10
ENSG00000266904,1.6050948,1.3519123,10
ENSG00000176623_1,1.4211423,0.0,10
ENSG00000104419_3,1.754948,0.0,10
ENSG00000213988,0.7401681,1.4269828,10
ENSG00000189376,2.1074502,2.0682862,10
ENSG00000253230_3,1.4417614,1.3121562,10
ENSG00000072062_1,1.9822845,2.8707416,10
ENSG00000205133_1,1.51081,1.9920628,10
ENSG00000253339_1,0.07412716,0.0,10
ENSG00000267779,0.21669675,0.0,10
ENSG00000012124,0.28523624,0.0,10
ENSG00000187735,2.3662364,2.904039,10
ENSG00000164924_3,2.216923,2.3045766,10
ENSG00000286449,0.6309664,0.0,10
ENSG00000254277,0.096897796,0.0,10
ENSG00000291080,1.9273206,1.8409525,10
ENSG00000290722,0.055978842,0.0,10
ENSG00000185803_1,2.026026,2.2225604,10
ENSG00000130332,2.164779,0.0,10
ENSG00000213762,1.4142686,1.9558637,10
ENSG00000170604,2.2083745,2.123623,10
ENSG00000160336,1.2694684,2.429384,10
ENSG00000132002_2,0.52009195,0.0,10
ENSG00000253408,0.8707903,0.0,10
ENSG00000168575_4,2.0198736,2.8299851,10
ENSG00000007264,1.8942592,1.7839036,10
ENSG00000076650,1.7493012,2.0973787,10
ENSG00000165102,2.1724133,1.8424845,10
ENSG00000213889_1,0.9497572,1.6946228,10
ENSG00000155975,2.1341825,2.626287,10
ENSG00000063169,1.789145,2.1495578,10
ENSG00000091656_1,0.13326587,0.0,10
ENSG00000104332,1.3578254,1.6480867,10
ENSG00000117877,1.4793171,0.0,10
ENSG00000105679,0.70037746,1.0392555,10
ENSG00000012061,1.9428715,2.2289364,10
ENSG00000032444_2,1.6278666,1.7146649,10
ENSG00000105443,2.1976798,2.6241965,10
ENSG00000105429,1.0558468,0.0,10
ENSG00000161281,0.2606842,0.0,10
ENSG00000141854,1.9990832,2.149927,10
ENSG00000221983,2.324992,3.8707023,10
ENSG00000167772,1.3182117,1.6638893,10
ENSG00000247081,1.3059794,0.0,10
ENSG00000167685_1,0.41147965,0.0,10
ENSG00000176293,0.9068168,1.1848617,10
ENSG00000221914_2,0.26451707,0.0,10
ENSG00000269439,2.270867,0.0,10
ENSG00000284268,1.8810042,3.3535547,10
ENSG00000006638,1.9348804,2.7968516,10
ENSG00000197714,2.4046824,2.044677,10
ENSG00000120992,2.3382607,2.4379566,10
ENSG00000172728,0.09703269,0.0,10
ENSG00000176401,1.7945424,1.8374811,10
ENSG00000185015_1,1.0823606,2.301811,10
ENSG00000129991_2,0.33028823,2.1784935,10
ENSG00000253105,0.086660616,0.7532766,10
ENSG00000201231,0.07128473,0.0,10
ENSG00000293246,1.2133493,2.321909,10
ENSG00000229676,0.78438014,1.3949068,10
ENSG00000181896,1.7979704,1.5547435,10
ENSG00000196350,0.6908641,0.0,10
ENSG00000040341_2,1.8484672,1.701067,10
ENSG00000197619,0.8626499,1.5736374,10
ENSG00000147586_1,2.1254928,1.5979254,10
ENSG00000105131,1.3262293,1.8844554,10
ENSG00000175691,2.2799094,2.0766478,10
ENSG00000164733,0.24018483,0.0,10
ENSG00000291131,0.945397,1.3531272,10
ENSG00000130164,1.1036477,2.8634543,10
ENSG00000137571,0.7847518,1.5280292,10
ENSG00000130477,0.13469172,0.0,10
ENSG00000124440,0.722687,1.3004868,10
ENSG00000132294,1.8715752,2.230219,10
ENSG00000090006_6,1.3999646,2.3935752,10
ENSG00000070501,1.7805954,0.0,10
ENSG00000141965,2.5214996,2.1279953,10
ENSG00000104522_1,2.0242538,1.3828272,10
ENSG00000105053,2.219504,0.0,10
ENSG00000164794,0.5853245,0.0,10
ENSG00000179526,2.24278,0.0,10
ENSG00000204673,2.4813225,2.4625506,10
ENSG00000168575_2,2.0661592,1.9651546,10
ENSG00000104903_2,2.3406968,1.8304603,10
ENSG00000164924_5,1.2211349,3.011769,10
ENSG00000105655,2.0737836,3.314434,10
ENSG00000147570,0.15071344,0.0,10
ENSG00000130202,2.3117228,2.7527213,10
ENSG00000167468_1,0.8660444,1.7268299,10
ENSG00000167755_1,0.26566955,0.0,10
ENSG00000011332_1,1.5162834,0.0,10
ENSG00000253893_2,0.6220903,0.0,10
ENSG00000205396,0.25084555,0.0,10
ENSG00000141971,0.8629677,2.0204482,10
ENSG00000141837_1,1.2800997,1.295039,10
ENSG00000168813,1.8447438,2.322736,10
ENSG00000105402_1,0.24579409,0.0,10
ENSG00000131126,0.24043906,0.0,10
ENSG00000198342,1.8622793,1.7217612,10
ENSG00000186230,1.9044107,2.2282488,10
ENSG00000104881,1.0066268,0.0,10
ENSG00000125746_2,0.81405556,0.0,10
ENSG00000105549,0.30143094,1.1934586,10
ENSG00000253944,1.3987122,1.5938175,10
ENSG00000115268,2.1938992,3.0947123,10
ENSG00000176593,1.343183,1.0810231,10
ENSG00000182318,1.6844813,2.3183346,10
ENSG00000183850,1.0325247,1.6725135,10
ENSG00000147642,0.088841416,0.0,10
ENSG00000251247_2,0.18927373,0.0,10
ENSG00000173875,2.2247746,2.5105531,10
ENSG00000168077,1.353962,1.5150919,10
ENSG00000180739_1,0.8594389,1.3016766,10
ENSG00000104866,1.6734099,1.1311694,10
ENSG00000141934,1.4940429,1.6371093,10
ENSG00000198003,0.7138293,0.0,10
ENSG00000184672_3,0.06383644,0.0,10
ENSG00000165046_1,1.3002203,1.4179199,10
ENSG00000115257,1.8765941,1.687074,10
ENSG00000286125,0.9056169,0.0,10
ENSG00000253154,0.21085732,0.0,10
ENSG00000123146_2,1.5639899,2.6352212,10
ENSG00000132549,2.129867,0.0,10
ENSG00000171574,2.0011373,1.6516656,10
ENSG00000130175_1,0.76161075,1.3250844,10
ENSG00000204514,0.8084214,1.4632658,10
ENSG00000071655_1,2.0276875,2.5260031,10
ENSG00000078668_1,0.072670475,0.0,10
ENSG00000183207,1.6830419,3.0156028,10
ENSG00000188171,0.9799521,2.3335783,10
ENSG00000164924_1,2.1806798,1.5264298,10
ENSG00000226763,0.27985865,0.0,10
ENSG00000064313,0.9027358,2.774514,10
ENSG00000105640,2.3737962,4.2224717,10
ENSG00000123144,2.2134292,3.0363095,10
ENSG00000167685,1.8192613,0.0,10
ENSG00000213999_1,1.5877519,2.1762216,10
ENSG00000218891,0.82433593,0.0,10
ENSG00000160951,0.7444811,0.0,10
ENSG00000283103_1,2.1171215,2.3663108,10
ENSG00000129354_1,0.31204906,0.0,10
ENSG00000105472,0.34660822,1.4650942,10
ENSG00000120896_4,0.32355827,0.0,10
ENSG00000126262,0.17054373,0.0,10
ENSG00000267014,0.1376746,0.0,10
ENSG00000169169,0.66210073,0.0,10
ENSG00000104888,0.16976757,0.0,10
ENSG00000254092,0.2694409,0.0,10
ENSG00000213023,0.902725,1.1251884,10
ENSG00000293317,1.0541673,0.0,10
ENSG00000104774,0.7616179,0.0,10
ENSG00000132005,2.3388505,2.2363155,10
ENSG00000179698_1,1.5869149,1.8549737,10
ENSG00000204920,0.38129592,0.9194442,10
ENSG00000257704,2.2240682,2.9826782,10
ENSG00000196150_1,2.068002,1.5992497,10
ENSG00000131773,1.5323697,1.8196887,10
ENSG00000105610,1.212353,0.0,10
ENSG00000188493,1.7284778,2.6430478,10
ENSG00000184162,1.7475786,1.951954,10
ENSG00000005206,2.189185,2.4038854,10
ENSG00000147654,2.2504756,2.4074419,10
ENSG00000104870_2,0.69540477,1.1760623,10
ENSG00000276980,0.33685905,1.5592241,10
ENSG00000127220,1.7569884,1.7692221,10
ENSG00000180479,1.5717336,1.422918,10
ENSG00000076984,2.4606793,2.6723657,10
ENSG00000267534,1.8654993,1.8002977,10
ENSG00000155090,2.266444,0.0,10
ENSG00000205268,2.371906,2.1106975,10
ENSG00000104885,2.331712,2.8980722,10
ENSG00000104964_1,1.8898783,2.9096951,10
ENSG00000197181,0.62546533,1.19187,10
ENSG00000254004,1.4059421,2.0437002,10
ENSG00000185800,2.1151109,1.995328,10
ENSG00000142347,0.19838805,0.0,10
ENSG00000269834,0.32353222,0.0,10
ENSG00000104763_1,1.0958387,1.7036868,10
ENSG00000266559,1.7898693,1.3031312,10
ENSG00000089639,1.6151384,0.0,10
ENSG00000154188,0.07980469,1.0919482,10
ENSG00000104938,0.14041981,0.0,10
ENSG00000157168_1,1.3814591,1.6748612,10
ENSG00000287296,2.0167618,0.0,10
ENSG00000104450,1.2005959,1.1883659,10
ENSG00000039650,1.2444102,0.9413126,10
ENSG00000105281_1,1.2778531,0.0,10
ENSG00000130529,1.8055147,2.25747,10
ENSG00000125734,2.1169946,0.0,10
ENSG00000104953,1.7857164,0.0,10
ENSG00000105298,2.3120282,2.453534,10
ENSG00000181638,1.9241086,1.8674321,10
ENSG00000197561,0.37905526,0.8105416,10
ENSG00000168619,0.3550772,0.0,10
ENSG00000104497,1.9639035,1.6831372,10
ENSG00000105258_1,2.173998,2.8598285,10
ENSG00000253474,0.13672954,0.0,10
ENSG00000183638,0.16661692,0.0,10
ENSG00000125651,1.9743412,3.0908046,10
ENSG00000167642,1.3256983,1.5525173,10
ENSG00000064547_1,1.336799,1.5441921,10
ENSG00000159882,0.88974065,0.0,10
ENSG00000158856_1,0.31742376,0.0,10
ENSG00000034677_1,0.25080526,0.7806917,10
ENSG00000133275_1,0.8191205,0.89298457,10
ENSG00000083844,1.3781797,1.4641466,10
ENSG00000267530,0.30260777,0.0,10
ENSG00000104976_1,1.6772827,2.2938993,10
ENSG00000214248,2.4054859,1.4238518,10
ENSG00000197961,1.4956399,0.0,10
ENSG00000039650_1,2.172518,1.8560458,10
ENSG00000105701,2.1681993,3.03755,10
ENSG00000171804,1.3307657,0.0,10
ENSG00000142459,2.0844576,1.7253234,10
ENSG00000129691_1,2.1717896,3.1405647,10
ENSG00000267106,1.8112049,1.2509564,10
ENSG00000142039,1.8227171,2.325298,10
ENSG00000129691,2.5770204,2.4978416,10
ENSG00000267296,1.4430064,1.6438769,10
ENSG00000124466,0.36004537,1.4668676,10
ENSG00000167632_2,2.112902,2.293095,10
ENSG00000186431,0.07558196,0.0,10
ENSG00000019549,0.68907654,0.0,10
ENSG00000205038,0.76671165,1.6691308,10
ENSG00000240403,0.29051405,0.0,10
ENSG00000172172,1.1100808,3.080879,10
ENSG00000086544,2.2077074,1.4916978,10
ENSG00000213996,1.061881,1.3828596,10
ENSG00000076662_1,0.21202847,0.0,10
ENSG00000167653_1,0.3251322,0.0,10
ENSG00000120533,2.0503976,3.4220002,10
ENSG00000290988,0.6436668,1.3554707,10
ENSG00000105341_1,1.4114126,2.4601352,10
ENSG00000121005,1.1363449,1.5743902,10
ENSG00000169154,0.18463838,0.0,10
ENSG00000161914,2.161438,1.808211,10
ENSG00000253314,0.07533167,0.0,10
ENSG00000167733_1,2.024293,1.3938383,10
ENSG00000105135,1.577356,1.458653,10
ENSG00000250067,0.67785496,1.1271696,10
ENSG00000254777_2,0.48712713,0.0,10
ENSG00000099804_1,0.49463516,0.0,10
ENSG00000090554,0.77341276,1.5547677,10
ENSG00000105255,1.1430465,1.3263563,10
ENSG00000104472,2.4171617,2.9524002,10
ENSG00000147592,1.9923401,2.9064755,10
ENSG00000105221,0.37729025,0.0,10
ENSG00000173530,0.9951236,1.1985747,10
ENSG00000147408_1,0.11838317,0.0,10
ENSG00000160471,0.78523415,1.172457,10
ENSG00000180739,0.9658676,0.0,10
ENSG00000125648,1.9771671,2.9391181,10
ENSG00000269699,1.0202969,1.5288267,10
ENSG00000164983,2.0929487,2.1110272,10
ENSG00000105221_2,2.3632524,2.6042585,10
ENSG00000183019,0.105973676,0.0,10
ENSG00000079313,0.95809734,1.2182571,10
ENSG00000105479_1,2.5660465,1.5708463,10
ENSG00000159871_1,0.23859246,0.98484224,10
ENSG00000234616_1,0.6915047,0.8345987,10
ENSG00000130758,1.8493907,1.5863397,10
ENSG00000198363,0.03081341,0.0,10
ENSG00000105374,0.33306032,0.79367864,10
ENSG00000254340,0.14731765,0.0,10
ENSG00000171051_1,0.07654806,0.0,10
ENSG00000158856_3,0.5382324,1.5650091,10
ENSG00000197863_1,0.8998704,1.4614835,10
ENSG00000105699_1,2.31273,3.1177087,10
ENSG00000154359,1.930272,1.948413,10
ENSG00000169398,0.2642107,0.0,10
ENSG00000125741_1,0.913063,1.5764865,10
ENSG00000065989_1,0.30628344,1.0698012,10
ENSG00000179909,0.41474217,0.0,10
ENSG00000253227,0.22292043,0.0,10
ENSG00000077348,2.125816,0.0,10
ENSG00000286010,0.14717531,0.88601667,10
ENSG00000171223,2.1966217,3.0780144,10
ENSG00000034677,2.2075748,0.0,10
ENSG00000161082_1,1.2111517,1.1579099,10
ENSG00000099308,1.5080003,1.7595545,10
ENSG00000147573,0.11216198,0.0,10
ENSG00000168615,2.3482206,0.0,10
ENSG00000249859_3,0.23797144,0.0,10
ENSG00000282164,0.780975,0.0,10
ENSG00000168495_1,2.0686262,2.2871206,10
ENSG00000064607,2.3774092,2.51383,10
ENSG00000160392,2.266238,2.0142937,10
ENSG00000253553,1.2502445,0.0,10
ENSG00000160410_2,0.33675462,0.96796894,10
ENSG00000105392,0.25069356,0.0,10
ENSG00000164683_1,2.0284858,2.092931,10
ENSG00000136986_2,2.1114159,2.646492,10
ENSG00000185189,1.9793768,2.1459293,10
ENSG00000120784,1.805907,1.7420571,10
ENSG00000032444_1,0.42003,0.0,10
ENSG00000177051,1.5475079,2.0033183,10
ENSG00000130377,0.2199295,0.0,10
ENSG00000160633,2.5707097,3.306873,10
ENSG00000083307,0.74259794,0.0,10
ENSG00000196218,0.50022113,0.0,10
ENSG00000105058,1.6777586,2.924624,10
ENSG00000126934_1,2.103759,3.0518508,10
ENSG00000179526_1,2.4603875,2.0140414,10
ENSG00000105619,1.1752846,0.0,10
ENSG00000167815,0.29319355,0.0,10
ENSG00000104805,1.6515831,0.0,10
ENSG00000129451_1,0.5591009,0.0,10
ENSG00000170954,0.41539586,0.0,10
ENSG00000167674,2.3409956,2.0507083,10
ENSG00000147596,0.9146887,1.0010843,10
ENSG00000105576,2.162151,0.0,10
ENSG00000133872_1,2.319094,2.8512833,10
ENSG00000130813_1,1.7213211,1.8728378,10
ENSG00000125912,2.3967624,2.6858196,10
ENSG00000188227,0.29369152,0.0,10
ENSG00000105143_2,0.34540063,0.0,10
ENSG00000167653,1.1341068,0.0,10
ENSG00000157168_3,0.46076262,0.0,10
ENSG00000104447_1,1.1549443,0.0,10
ENSG00000130227,2.1169314,2.4631686,10
ENSG00000205209,0.15956788,0.0,10
ENSG00000028277,0.26974684,0.0,10
ENSG00000062370,0.35101473,1.2554896,10
ENSG00000131398,2.1248186,1.0011103,10
ENSG00000126247_2,1.0805438,1.4299622,10
ENSG00000105672,0.8553124,1.6731223,10
ENSG00000140396_1,1.5772504,1.5502651,10
ENSG00000156011_4,1.4152547,0.0,10
ENSG00000197372,1.2171838,0.0,10
ENSG00000155096_1,0.09106071,0.0,10
ENSG00000104983,1.286578,0.0,10
ENSG00000104880,0.25765294,0.0,10
ENSG00000182307,2.0243382,2.8428774,10
ENSG00000095932_1,0.49286783,0.0,10
ENSG00000129422_1,0.21460861,0.0,10
ENSG00000213793,1.57225,2.2816947,10
ENSG00000141933,2.6195047,2.3038352,10
ENSG00000104365,1.488318,2.177294,10
ENSG00000167766,1.4976935,0.0,10
ENSG00000076928_1,1.8823665,1.567224,10
ENSG00000083838_1,2.0111086,1.1150777,10
ENSG00000269043,0.28548384,1.1933361,10
ENSG00000167554_1,0.13315234,0.0,10
ENSG00000133246,0.5146605,0.0,10
ENSG00000152454,0.9484602,1.4299299,10
ENSG00000164825,0.3236978,0.0,10
ENSG00000253619,0.068939306,0.0,10
ENSG00000198077,0.18454011,0.0,10
ENSG00000070756_4,2.1395504,1.7759743,10
ENSG00000099817,2.0532684,2.9588118,10
ENSG00000130312,0.53793246,0.0,10
ENSG00000147813,1.8304826,2.329591,10
ENSG00000158863,1.9178816,2.2941706,10
ENSG00000104976,2.294152,2.71671,10
ENSG00000147526,0.21300957,0.0,10
ENSG00000169021,2.067738,3.1644628,10
ENSG00000104755,0.060780838,0.0,10
ENSG00000253161_3,0.19040555,0.0,10
ENSG00000130511_1,1.6235851,1.7308307,10
ENSG00000123143_1,1.7826626,1.4959743,10
ENSG00000130382,0.71719635,0.8997111,10
ENSG00000253438_2,0.34185702,0.0,10
ENSG00000104375_1,0.8621157,0.0,10
ENSG00000105519,0.19998041,0.83071697,10
ENSG00000204936,0.20694406,1.102612,10
ENSG00000029534_3,2.1717584,3.1413085,10
ENSG00000099800,2.4307587,3.095661,10
ENSG00000104419_2,0.17554814,0.0,10
ENSG00000142408,1.1766717,1.5945473,10
ENSG00000176571,0.08659372,0.0,10
ENSG00000011132,1.979984,1.9593754,10
ENSG00000063244_1,2.5748868,2.434743,10
ENSG00000254377_1,0.15466717,0.0,10
ENSG00000265817,0.3208397,1.6708857,10
ENSG00000171711,0.095781654,0.0,10
ENSG00000201966,0.25461328,1.0218754,10
ENSG00000095752,0.5091656,1.3784705,10
ENSG00000155100,2.1542108,2.618964,10
ENSG00000178719,1.8019354,3.3352592,10
ENSG00000063245_1,0.1839401,1.4074589,10
ENSG00000105254,1.9705466,2.3951185,10
ENSG00000178209_2,1.8764709,1.8523275,10
ENSG00000105323_2,1.7345189,0.0,10
ENSG00000173809,1.1200987,1.0629954,10
ENSG00000254377_3,0.25339493,1.0489078,10
ENSG00000105479,0.5905388,0.0,10
ENSG00000133739,1.8642812,2.326815,10
ENSG00000267519,2.001001,1.8760619,10
ENSG00000020181,1.5206352,1.6881261,10
ENSG00000088038,2.3948,2.7145143,10
ENSG00000166770_1,0.62099695,0.0,10
ENSG00000105583,1.1562034,0.0,10
ENSG00000186567,0.15664779,0.0,10
ENSG00000269439_1,2.3977208,2.820648,10
ENSG00000124440_1,0.23527564,0.0,10
ENSG00000099822,1.7269217,1.8833774,10
ENSG00000008441_2,0.30686292,0.0,10
ENSG00000181035,2.047881,2.1585674,10
ENSG00000186020,1.999599,0.0,10
ENSG00000291145,2.6341515,1.2627832,10
ENSG00000182310_1,2.142108,0.0,10
ENSG00000198182_1,1.4748117,1.9140521,10
ENSG00000267606,1.64056,1.2357304,10
ENSG00000223802,0.3472554,0.0,10
ENSG00000269858_2,0.4420814,0.7034633,10
ENSG00000105202,0.1855015,0.0,10
ENSG00000197928,0.8110622,0.0,10
ENSG00000155087,0.21935645,0.0,10
ENSG00000170786,1.0273844,1.1900514,10
ENSG00000104529,2.0795052,0.0,10
ENSG00000249471,1.9796487,2.1074915,10
ENSG00000006015,2.1605556,2.501771,10
ENSG00000130254,2.5269136,3.0286403,10
ENSG00000242852_1,0.9281227,0.96796894,10
ENSG00000167232_1,0.8494575,0.0,10
ENSG00000168333,0.19335712,0.0,10
ENSG00000204653_1,0.7392103,1.127202,10
ENSG00000196684,0.28828228,0.0,10
ENSG00000156482,1.9167391,3.9852922,10
ENSG00000254087,2.1124883,2.815159,10
ENSG00000063177,0.27520728,1.3436095,10
ENSG00000267339,0.20314433,0.0,10
ENSG00000253711,0.060371865,0.0,10
ENSG00000255491_2,0.19844829,0.6095304,10
ENSG00000206579,1.3675319,1.905472,10
ENSG00000164941,2.0327196,2.8356698,10
ENSG00000170881,2.576807,2.4022958,10
ENSG00000099341,2.3999994,3.5835614,10
ENSG00000089847,1.9146198,0.0,10
ENSG00000064687,1.9964873,0.0,10
ENSG00000130270,2.098296,2.1498747,10
ENSG00000287001,0.96275413,1.4501567,10
ENSG00000160877_1,2.1759062,2.531862,10
ENSG00000089356,0.25265718,0.0,10
ENSG00000105643_1,0.7547083,0.0,10
ENSG00000090554_1,0.68828857,1.1466551,10
ENSG00000156735,2.2101114,2.6105037,10
ENSG00000183154,0.54197645,0.0,10
ENSG00000156787,2.0321143,0.0,10
ENSG00000133243_1,0.7046292,0.0,10
ENSG00000168300,0.09201531,0.7894397,10
ENSG00000268889,1.9534277,2.1826172,10
ENSG00000007264_1,0.687233,0.0,10
ENSG00000160113,2.1395507,2.2881598,10
ENSG00000167604_1,0.9097179,1.399137,10
ENSG00000029534_1,0.16490954,0.0,10
ENSG00000129451,0.9383173,0.0,10
ENSG00000198346,1.215317,2.194259,10
ENSG00000156413,0.38444543,0.0,10
ENSG00000197019,2.1748273,1.9896367,10
ENSG00000243772,0.26954097,0.0,10
ENSG00000275074,2.2686505,2.1871257,10
ENSG00000224910_1,0.12555951,0.0,10
ENSG00000076554_3,0.0904401,0.0,10
ENSG00000080573,0.9722681,0.0,10
ENSG00000076554_1,0.06909791,0.0,10
ENSG00000104327,0.47888047,2.6161518,10
ENSG00000286034,0.11128554,0.0,10
ENSG00000105287,1.58504,0.0,10
ENSG00000142546_1,1.2094063,0.0,10
ENSG00000212473,0.1584513,0.0,10
ENSG00000142556,1.7391748,1.6188741,10
ENSG00000147454,2.3422456,3.5195746,10
ENSG00000254101_2,1.1800677,0.0,10
ENSG00000164830_4,0.31057993,0.0,10
ENSG00000167461,2.1999822,2.764728,10
ENSG00000221916,2.303003,1.9107897,10
ENSG00000120913_3,0.375848,0.85368603,10
ENSG00000123119,1.133854,0.0,10
ENSG00000130193,2.0345995,2.4321191,10
ENSG00000164953_1,0.08914539,0.0,10
ENSG00000236827,1.6742353,2.0463624,10
ENSG00000105289_1,0.95994294,0.6927941,10
ENSG00000131042,0.18189853,0.0,10
ENSG00000147324,1.7015221,2.000911,10
ENSG00000147606,0.17683019,0.6762728,10
ENSG00000120899_2,0.11264169,0.0,10
ENSG00000152439,0.95960873,0.0,10
ENSG00000105649,1.9633359,0.0,10
ENSG00000199631,0.40608382,1.7745899,10
ENSG00000221946,1.1188056,1.708404,10
ENSG00000170889,2.4961061,3.5389934,10
ENSG00000253250,2.105043,2.8161705,10
ENSG00000250799,0.28631407,0.0,10
ENSG00000104918,0.24672413,0.0,10
ENSG00000105707,0.5118301,1.261358,10
ENSG00000153896,1.2649771,1.449355,10
ENSG00000172687,0.74177736,2.1483343,10
ENSG00000158941_1,2.047795,1.9920762,10
ENSG00000161671,1.9452139,2.5120704,10
ENSG00000253958,1.5071224,1.0962493,10
ENSG00000169398_2,0.058321767,0.0,10
ENSG00000131848,2.3267803,1.8652343,10
ENSG00000164830_1,0.11199882,0.0,10
ENSG00000198466,1.0789186,0.0,10
ENSG00000275183,1.6018159,1.5334543,10
ENSG00000118046,2.2493875,2.3606691,10
ENSG00000105701_1,1.05022,1.7581319,10
ENSG00000130208,0.40080494,0.0,10
ENSG00000147408_4,0.40709054,1.2990713,10
ENSG00000261857,0.23985004,1.0919833,10
ENSG00000179168,0.7956375,1.0392158,10
ENSG00000176472_1,1.8273114,0.0,10
ENSG00000181240,0.35148424,0.0,10
ENSG00000129991_1,1.3415517,1.9243413,10
ENSG00000166704,1.3952738,1.5286982,10
ENSG00000254006,0.060225163,0.0,10
ENSG00000099624,2.2738965,3.7279696,10
ENSG00000130813_2,0.8041105,0.0,10
ENSG00000012061_1,2.5617115,2.7204206,10
ENSG00000142515,0.18903843,0.0,10
ENSG00000160229,0.56404775,0.0,10
ENSG00000175606,2.0048592,2.6617465,10
ENSG00000267100,2.4722195,2.360042,10
ENSG00000104826,0.21345939,0.0,10
ENSG00000167759,0.7159272,1.4033779,10
ENSG00000177570,0.79159904,1.2263678,10
ENSG00000012061_2,1.433553,0.0,10
ENSG00000023287,2.1595013,2.5240078,10
ENSG00000213904,1.1029038,1.684321,10
ENSG00000173281_1,1.2617929,0.81050134,10
ENSG00000164919,1.8773276,3.6022565,10
ENSG00000137573_1,0.56577915,0.0,10
ENSG00000269858_1,1.441874,1.5142422,10
ENSG00000105516,1.7016089,1.1389592,10
ENSG00000104695,1.9487952,2.084873,10
ENSG00000032444,0.5049441,0.0,10
ENSG00000083307_1,0.748962,0.0,10
ENSG00000170873,0.08893566,0.0,10
ENSG00000253665,0.18147644,0.0,10
ENSG00000104490_1,1.2168633,1.295039,10
ENSG00000123810,2.5038257,2.2552943,10
ENSG00000283959_1,1.1616186,0.0,10
ENSG00000174951,0.9888493,0.0,10
ENSG00000064932_3,1.9327564,2.593667,10
ENSG00000158669,2.1089332,2.293106,10
ENSG00000292982,2.2177186,2.6118996,10
ENSG00000172081,0.61829644,1.1447299,10
ENSG00000189001,0.25560108,0.0,10
ENSG00000253658,0.07239737,0.0,10
ENSG00000178229,2.0892859,1.856064,10
ENSG00000164830,1.6403338,1.4614685,10
ENSG00000185697_1,0.36181045,0.9984337,10
ENSG00000188785,1.352614,1.0441084,10
ENSG00000130513_2,1.1244923,3.067874,10
ENSG00000105048,1.552496,2.615203,10
ENSG00000254415,0.3018639,1.0629954,10
ENSG00000047249,1.9739501,2.299128,10
ENSG00000133742_1,0.24722646,0.0,10
ENSG00000256087_1,1.4567891,0.0,10
ENSG00000234616,1.9833066,2.197308,10
ENSG00000197363,2.1926782,1.4732095,10
ENSG00000171747,0.45408887,0.0,10
ENSG00000104221,1.350525,0.0,10
ENSG00000105185,2.119308,3.5462587,10
ENSG00000147481,0.78342474,0.0,10
ENSG00000178209_1,1.8235532,1.0536546,10
ENSG00000164761,0.89028436,1.4821014,10
ENSG00000104852,2.5560477,0.0,10
ENSG00000171105,1.520869,1.5855736,10
ENSG00000237807_1,0.14849195,0.0,10
ENSG00000104903,2.341646,2.7645802,10
ENSG00000269054,2.387455,1.6714228,10
ENSG00000269855,0.24138789,0.97927517,10
ENSG00000105402_2,2.4114525,2.7284513,10
ENSG00000070423,2.22209,2.5170956,10
ENSG00000178719_2,0.2558214,1.4288796,10
ENSG00000164924_4,2.2520335,2.5657887,10
ENSG00000125498,0.24153748,0.0,10
ENSG00000125733,1.741186,2.2015064,10
ENSG00000258405_1,0.40318912,0.0,10
ENSG00000178814_1,0.6019749,1.5488192,10
ENSG00000196268,1.1611131,2.126693,10
ENSG00000253438,0.72991,1.52961,10
ENSG00000268061,2.1422102,0.0,10
ENSG00000011485,2.0971138,2.5258362,10
ENSG00000024422,1.433073,2.7522645,10
ENSG00000167755_2,0.28542155,1.1426772,10
ENSG00000183665,1.474198,0.0,10
ENSG00000035681,0.23904146,0.0,10
ENSG00000099785_1,0.7005684,1.0090257,10
ENSG00000130287,0.5982774,0.0,10
ENSG00000105219,0.36752844,1.2035768,10
ENSG00000104432,0.32529068,0.0,10
ENSG00000245281,2.2752986,1.3839409,10
ENSG00000168476,1.9533453,2.739361,10
ENSG00000197497,1.1456317,1.9153576,10
ENSG00000142227,1.2847545,0.0,10
ENSG00000198816,1.5673214,1.7130703,10
ENSG00000105398,0.118377894,0.0,10
ENSG00000063322,2.2970967,2.4011574,10
ENSG00000064666,1.8350637,0.0,10
ENSG00000076554_4,1.4731497,1.5600023,10
ENSG00000269954,0.68867517,1.4159011,10
ENSG00000136997_3,1.8354768,1.7728349,10
ENSG00000108107,1.986163,4.606044,10
ENSG00000104964,1.1360288,2.1296577,10
ENSG00000105329,1.9288496,2.427989,10
ENSG00000127666,1.4752258,2.347078,10
ENSG00000104972,0.11588252,1.085469,10
ENSG00000105011,2.260945,2.7731872,10
ENSG00000141867,0.14781854,0.0,10
ENSG00000213799,1.1386936,0.0,10
ENSG00000104825,2.1389673,2.3464625,10
ENSG00000164830_3,1.8327032,1.9111309,10
ENSG00000167702_1,1.8381654,1.1865834,10
ENSG00000176909_1,0.5828773,0.0,10
ENSG00000131355,0.094847076,0.0,10
ENSG00000130733,1.9433345,2.5714817,10
ENSG00000129455_1,0.2566797,0.0,10
ENSG00000130755,0.34828824,2.138748,10
ENSG00000245680,0.4651326,0.0,10
ENSG00000083838,2.1117995,1.2882046,10
ENSG00000147509,1.7568418,0.0,10
ENSG00000104450_2,1.5765806,1.7834748,10
ENSG00000077312,2.6459763,3.673161,10
ENSG00000147647,1.1475313,1.258302,10
ENSG00000292997,0.06216036,3.1068127,10
ENSG00000180448_1,1.6100966,1.3212876,10
ENSG00000251247_1,0.39085454,0.0,10
ENSG00000268182,0.95520806,1.2867663,10
ENSG00000078668,2.1821105,2.9121492,10
ENSG00000170892_1,2.257007,0.0,10
ENSG00000142444,2.0670326,2.0728784,10
ENSG00000167578,2.2167857,0.0,10
ENSG00000161681,1.2701087,1.7420099,10
ENSG00000070756_3,1.9909977,4.3444433,10
ENSG00000267508,0.7185717,1.0583197,10
ENSG00000105662,2.0271633,1.7904681,10
ENSG00000120913_2,0.29292876,0.8536982,10
ENSG00000267106_1,1.7912179,0.0,10
ENSG00000099804,2.1008368,2.7328117,10
ENSG00000267383,0.62625945,0.0,10
ENSG00000176490,1.632316,1.8707023,10
ENSG00000160886_1,1.3817334,1.2671483,10
ENSG00000040341_1,2.1014292,2.587391,10
ENSG00000147655,0.60736436,1.4631671,10
ENSG00000104870,0.21901503,0.0,10
ENSG00000167748,0.40320182,0.0,10
ENSG00000188051,1.2744066,1.9543535,10
ENSG00000168495,2.2079806,2.7791562,10
ENSG00000105289,0.36401767,0.698118,10
ENSG00000164741,2.034248,2.2950501,10
ENSG00000204869,0.3872863,0.0,10
ENSG00000147481_3,0.50980717,0.0,10
ENSG00000164938,1.803786,1.9860593,10
ENSG00000242221,0.1472272,0.0,10
ENSG00000198258,1.345121,3.073205,10
ENSG00000074842,1.7852277,3.0463703,10
ENSG00000099840,1.9098328,1.4338977,10
ENSG00000248801,0.24496183,0.0,10
ENSG00000256771,1.3531953,1.9156952,10
ENSG00000040341,0.059902422,0.0,10
ENSG00000171044,1.2475545,1.9233528,10
ENSG00000254288,0.12848926,0.0,10
ENSG00000169035_1,0.4432305,0.7761925,10
ENSG00000272138,0.5040385,0.9351847,10
ENSG00000155189,2.2884932,2.7688756,10
ENSG00000185988,1.4850179,1.6419696,10
ENSG00000083168,1.9582635,2.5822566,10
ENSG00000147613,0.50768965,0.0,10
ENSG00000160961,1.9877719,2.3042276,10
ENSG00000127452_1,1.7341309,1.6462175,10
ENSG00000104529_1,2.3641312,3.4276905,10
ENSG00000105497,1.1816796,0.0,10
ENSG00000104881_1,1.9789175,1.9771701,10
ENSG00000197863,0.9893962,1.2464739,10
ENSG00000156011,0.11858973,0.0,10
ENSG00000126247_3,1.1534791,0.0,10
ENSG00000008853_2,1.5710105,1.6025699,10
ENSG00000133742,0.04607746,0.0,10
ENSG00000167604,0.70070094,0.0,10
ENSG00000183850_1,1.0043161,1.6913732,10
ENSG00000125656_1,0.5123097,0.0,10
ENSG00000268027,0.10405799,0.0,10
ENSG00000276043_1,1.9889446,2.0494196,10
ENSG00000090006_1,1.1212856,0.95334405,10
ENSG00000216588,0.21872103,0.0,10
ENSG00000141905_1,2.0372052,2.6666424,10
ENSG00000104856,1.8653363,1.4951557,10
ENSG00000087088,2.0990732,2.2495358,10
ENSG00000116017,2.247204,2.7364683,10
ENSG00000085719,1.5351468,2.4754853,10
ENSG00000169495,1.4333969,1.5820861,10
ENSG00000105137,1.1150677,1.0606601,10
ENSG00000221878,0.08989715,0.0,10
ENSG00000166398,1.9460542,2.2562125,10
ENSG00000187840,2.0928428,2.9966652,10
ENSG00000169946,1.4639133,2.8680093,10
ENSG00000090924,1.1983105,1.1251884,10
ENSG00000205922,1.5667332,2.1186285,10
ENSG00000232098,2.3425817,1.9915096,10
ENSG00000196267,0.56896895,0.99029446,10
ENSG00000160117,1.0793537,1.9484228,10
ENSG00000105722,1.9547533,0.0,10
ENSG00000126267,1.3308336,3.786069,10
ENSG00000105697,0.4026518,1.3472481,10
ENSG00000161860,1.9428903,1.2510539,10
ENSG00000176472,1.8436651,1.8841153,10
ENSG00000104763,2.2636652,2.6105547,10
ENSG00000160111,1.8476934,1.3883677,10
ENSG00000104979,1.7252791,2.8956225,10
ENSG00000239839,0.12354754,0.0,10
ENSG00000269404,0.4773019,0.0,10
ENSG00000120885_2,1.2427757,1.0368364,10
ENSG00000105552,1.906735,0.0,10
ENSG00000160007,2.3298695,2.1907153,10
ENSG00000104825_1,1.9289488,2.205104,10
ENSG00000184672_1,0.9990504,1.7031968,10
ENSG00000166770,1.0068952,1.2509809,10
ENSG00000090006_2,0.3504588,0.0,10
ENSG00000012232,1.5654731,0.0,10
ENSG00000104299,1.20459,0.0,10
ENSG00000141985,2.1007507,2.6751447,10
ENSG00000253394,0.6599808,3.123633,10
ENSG00000176024,1.0441334,0.0,10
ENSG00000253799,0.46367747,0.0,10
ENSG00000105550,0.25741005,0.0,10
ENSG00000257103,2.3467896,2.946327,10
ENSG00000105698_1,1.9140586,1.9163487,10
ENSG00000104375,2.184241,2.1084974,10
ENSG00000267265,0.62805647,0.0,10
ENSG00000167613_1,0.20931807,0.0,10
ENSG00000161277,2.270078,1.6787187,10
ENSG00000007306,0.1333659,1.0167409,10
ENSG00000167491_2,0.22576983,0.0,10
ENSG00000182393,0.20452535,0.99572295,10
ENSG00000253643,0.071112275,0.0,10
ENSG00000104853,0.7002379,0.0,10
ENSG00000130304_1,2.0057364,1.5918546,10
ENSG00000261787,0.86719584,1.5036137,10
ENSG00000130812_1,0.20775148,0.0,10
ENSG00000181666_1,0.42853266,0.0,10
ENSG00000005007,2.2247608,2.77741,10
ENSG00000035681_1,0.08702736,0.8647721,10
ENSG00000253434,0.102470145,0.0,10
ENSG00000076641,1.2810625,1.8641549,10
ENSG00000158856_2,0.59057605,0.6874398,10
ENSG00000105722_1,2.0313985,0.0,10
ENSG00000252179,0.0678589,0.0,10
ENSG00000115266,1.0720081,1.2700729,10
ENSG00000123154_1,1.994407,1.5434471,10
ENSG00000011451_2,1.7212044,1.7696136,10
ENSG00000130517,1.9670118,0.0,10
ENSG00000221914_1,1.0823311,0.0,10
ENSG00000187187,1.871296,1.549506,10
ENSG00000186017,2.0183554,1.7202834,10
ENSG00000188425,0.35402507,0.0,10
ENSG00000168081_1,0.28842214,1.0269008,10
ENSG00000253893_1,0.6433634,0.0,10
ENSG00000105641,0.82586247,1.2699797,10
ENSG00000186010,1.2587595,3.015171,10
ENSG00000198551_1,2.1713293,2.1178975,10
ENSG00000185730,2.110566,1.8965153,10
ENSG00000042753,0.4833423,0.0,10
ENSG00000179698,0.6914462,0.0,10
ENSG00000105143,1.5029002,1.7696358,10
ENSG00000105171,2.1371753,0.0,10
ENSG00000268895,1.4518366,0.0,10
ENSG00000147679,2.1812031,2.4202776,10
ENSG00000167476,0.51524734,0.0,10
ENSG00000083845,1.8325132,4.2364216,10
ENSG00000173480,1.5287801,2.1025195,10
ENSG00000156471,2.1970537,3.0417163,10
ENSG00000285744,0.88490564,0.0,10
ENSG00000147649,2.2446694,3.0647461,10
ENSG00000131943,1.8136415,1.8061664,10
ENSG00000104967,1.0136076,0.9289077,10
ENSG00000169427_1,1.5299808,1.5621024,10
ENSG00000157110,1.3847831,1.4660368,10
ENSG00000186326,1.5822622,1.496002,10
ENSG00000011451_1,0.64329386,1.188197,10
ENSG00000130810,2.2239747,1.4454641,10
ENSG00000105048_1,0.19665542,0.0,10
ENSG00000286122,0.40441155,1.5502284,10
ENSG00000129991,1.4339046,0.0,10
ENSG00000165392,1.6840148,2.8379986,10
ENSG00000118160,0.63582987,1.1813576,10
ENSG00000104368,0.17779833,0.0,10
ENSG00000105339,1.9815332,1.892039,10
ENSG00000120899,1.657878,0.0,10
ENSG00000164749,0.056151476,0.0,10
ENSG00000089327_2,0.21525206,0.0,10
ENSG00000253853,0.48667598,2.2386959,10
ENSG00000142512,0.32134372,0.0,10
ENSG00000233527,1.4298314,2.4423873,10
ENSG00000141837_3,0.42741573,0.0,10
ENSG00000037757,1.9534366,2.5363715,10
ENSG00000120913,0.8727498,1.4228852,10
ENSG00000008441_1,0.20024915,0.0,10
ENSG00000187994_1,0.36852252,0.0,10
ENSG00000105438_1,1.4614986,2.949183,10
ENSG00000253117,0.09179722,0.0,10
ENSG00000147642_1,0.17588449,0.0,10
ENSG00000185000,2.22445,2.4920757,10
ENSG00000079112,0.097898886,0.0,10
ENSG00000115266_1,0.3844357,0.0,10
ENSG00000076944_1,0.2750631,1.5043893,10
ENSG00000161609,1.4926077,0.0,10
ENSG00000167657,1.912186,2.2312198,10
ENSG00000089351_1,2.0353365,2.350655,10
ENSG00000147813_1,1.0367277,2.3087416,10
ENSG00000164736,1.0640153,1.364851,10
ENSG00000181392,0.18777564,0.0,10
ENSG00000256229,0.5245928,1.783925,10
ENSG00000286113,1.7371501,0.8499597,10
ENSG00000225975,1.6525785,1.6322143,10
ENSG00000154319_1,0.14658028,0.0,10
ENSG00000178538,2.1397784,2.8046227,10
ENSG00000197808,0.4976362,0.0,10
ENSG00000293380,1.1783162,1.995328,10
ENSG00000155926_1,0.18284008,0.0,10
ENSG00000104866_1,2.3768804,2.1924727,10
ENSG00000104537_1,0.07335381,0.0,10
ENSG00000249115,1.7584668,2.4287047,10
ENSG00000267448,0.43479866,0.73901826,10
ENSG00000076944,1.7861927,2.8275592,10
ENSG00000123143,1.9435743,2.4714882,10
ENSG00000131037_1,2.0899982,0.0,10
ENSG00000153317,0.24124037,0.0,10
ENSG00000171469,1.5799916,0.0,10
ENSG00000283567,0.6143674,0.0,10
ENSG00000253661_1,0.2704773,0.0,10
ENSG00000105221_1,0.28529084,0.0,10
ENSG00000278318,0.41218114,1.1171055,10
ENSG00000287467,0.15742813,0.0,10
ENSG00000198521_1,1.5236672,1.6510259,10
ENSG00000253363,0.16339447,1.0167828,10
ENSG00000136986_1,0.12183924,0.0,10
ENSG00000105732,2.3464704,2.2715862,10
ENSG00000105618,1.8913226,2.7629926,10
ENSG00000164893,0.069405854,0.0,10
ENSG00000179218,2.358956,4.049249,10
ENSG00000141905_3,0.27746114,0.0,10
ENSG00000291086,0.08302212,0.0,10
ENSG00000125744_1,1.534935,1.8906893,10
ENSG00000176209,1.2768731,1.9942292,10
ENSG00000285791,0.091485016,0.0,10
ENSG00000105656,2.3965876,2.4598355,10
ENSG00000128626,2.2751412,2.8652093,10
ENSG00000171606_1,2.4214213,2.0094128,10
ENSG00000104447,0.087400734,0.0,10
ENSG00000104611,1.0971104,1.3625579,10
ENSG00000136999,0.8381913,1.3484023,10
ENSG00000104368_1,0.20723964,0.0,10
ENSG00000141968,0.89235145,0.0,10
ENSG00000158856_6,1.6797327,1.6674529,10
ENSG00000254377_2,0.4639464,0.0,10
ENSG00000130513_1,0.35080016,0.0,10
ENSG00000136960,0.07224883,0.0,10
ENSG00000278374,0.18474594,0.0,10
ENSG00000188321,1.5762697,1.9175948,10
ENSG00000186526_1,0.12554333,0.8346114,10
ENSG00000008441_3,1.0759153,1.1830989,10
ENSG00000038945_2,0.08754107,0.0,10
ENSG00000253926_1,0.32064557,0.0,10
ENSG00000079999,2.1086133,1.9395951,10
ENSG00000077782_3,1.453446,1.8474616,10
ENSG00000172164,1.2877306,1.8440421,10
ENSG00000196357,1.9412398,0.0,10
ENSG00000213023_1,1.3809319,2.0342193,10
ENSG00000293247,0.46843326,0.8755011,10
ENSG00000141867_1,2.0299125,1.8886231,10
ENSG00000161640,0.28321785,1.2812834,10
ENSG00000188766,0.9162256,1.2248437,10
ENSG00000158806,0.9109139,1.5985826,10
ENSG00000197265,2.273927,1.7192069,10
ENSG00000088256,2.0853717,2.4395554,10
ENSG00000197256,1.9040941,0.0,10
ENSG00000239998,0.15807977,0.0,10
ENSG00000160013,0.3347013,0.0,10
ENSG00000131115,0.45129788,0.9161907,10
ENSG00000157110_2,0.21070012,1.2785021,10
ENSG00000104814_1,0.43179673,0.0,10
ENSG00000147481_2,0.5941107,0.0,10
ENSG00000118162,2.1146848,1.7750932,10
ENSG00000287301,0.09062443,0.0,10
ENSG00000201675,0.71362364,1.8564086,10
ENSG00000015592,0.20844024,1.1883322,10
ENSG00000126246_1,0.21418723,0.0,10
ENSG00000006712,2.5178487,2.6576772,10
ENSG00000104888_1,0.70940185,0.0,10
ENSG00000105708,1.6236441,1.5917989,10
ENSG00000125746_1,1.5154401,2.332709,10
ENSG00000130513,2.0564868,0.0,10
ENSG00000254202,0.06391511,0.0,10
ENSG00000067167,1.8565947,2.8593676,10
ENSG00000099864,1.6882493,1.9426528,10
ENSG00000167554,0.76780176,1.135069,10
ENSG00000286701,0.2524912,0.0,10
ENSG00000104897,2.258347,3.0044675,10
ENSG00000198858,1.924105,2.961739,10
ENSG00000090013,2.4156916,0.0,10
ENSG00000160161,0.4895907,1.7682384,10
ENSG00000174652,1.5952164,0.0,10
ENSG00000267858_1,2.1589596,2.0939817,10
ENSG00000160972,2.1084752,2.1476083,10
ENSG00000261437,0.74690163,1.2539434,10
ENSG00000187664,0.60048354,1.1917583,10
ENSG00000104356,1.9013048,0.0,10
ENSG00000269825,1.6508023,2.3158193,10
ENSG00000104442,1.8933218,2.738779,10
ENSG00000105705,2.397679,2.1459978,10
ENSG00000104880_1,1.704235,1.8508422,10
ENSG00000168487,1.9833182,2.0494893,10
ENSG00000253729_2,2.050214,3.387847,10
ENSG00000268318,0.34542787,0.0,10
ENSG00000104960_1,2.42953,2.9233165,10
ENSG00000066827_1,0.37433928,0.7035493,10
ENSG00000126259,0.5453312,1.1150444,10
ENSG00000126460,0.2650161,0.0,10
ENSG00000269793,1.024586,0.0,10
ENSG00000099875,2.1589282,1.5605642,10
ENSG00000133878,1.1916533,1.4864872,10
ENSG00000141837,1.3022264,1.2069337,10
ENSG00000213339,1.5452636,0.0,10
ENSG00000105270,0.7743976,1.0984014,10
ENSG00000167654,0.45856178,0.0,10
ENSG00000125730,0.20556329,0.0,10
ENSG00000221947,1.8714005,1.930947,10
ENSG00000130813,1.7836535,2.0415623,10
ENSG00000105428,0.405087,1.0652809,10
ENSG00000104324,1.9567308,1.7410492,10
ENSG00000105607,1.1233543,2.301195,10
ENSG00000185728_1,2.0847285,1.411687,10
ENSG00000105707_1,0.35560882,0.0,10
ENSG00000161249,0.3455751,0.0,10
ENSG00000267159,0.11773596,0.0,10
ENSG00000180900,1.9232563,2.101613,10
ENSG00000168300_1,2.1545365,2.4355419,10
ENSG00000028277_1,1.495312,2.1341772,10
ENSG00000076554_2,0.07369288,0.0,10
ENSG00000128011,1.6933612,2.002006,10
ENSG00000130748,1.963183,2.2666786,10
ENSG00000129354,0.3967257,0.0,10
ENSG00000105202_3,1.8893706,0.0,10
ENSG00000268964,0.20251223,0.0,10
ENSG00000142046_1,0.57965213,1.135069,10
ENSG00000070718,1.92222,2.0747142,10
ENSG00000253339,0.0845027,0.0,10
ENSG00000064932_1,0.44760484,0.0,10
ENSG00000004777,1.912177,0.0,10
ENSG00000137558,0.064404115,0.0,10
ENSG00000179262,2.2291625,3.4390879,10
ENSG00000198633,0.6099292,0.8683505,10
ENSG00000131401,0.16755852,0.0,10
ENSG00000179832,2.1186376,1.7943193,10
ENSG00000130255,2.2429836,3.7983716,10
ENSG00000185198,0.6445102,0.9707652,10
ENSG00000277531,0.7376645,0.0,10
ENSG00000160392_1,2.2532535,2.0950925,10
ENSG00000161265_1,1.8467574,0.0,10
ENSG00000105639,0.59219813,0.0,10
ENSG00000105122,0.5170996,0.0,10
ENSG00000164683,0.14433607,0.0,10
ENSG00000197483,1.9529926,0.0,10
ENSG00000181027,1.8857373,2.5126576,10
ENSG00000104237,0.0942797,0.0,10
ENSG00000161652,0.60955846,0.0,10
ENSG00000130749,2.1835563,0.0,10
ENSG00000267308,0.35775244,0.0,10
ENSG00000104524,0.40595245,0.99840754,10
ENSG00000253877,0.0792567,0.0,10
ENSG00000130812,2.0426855,0.0,10
ENSG00000253138_1,0.09240748,0.0,10
ENSG00000130811,1.6676399,3.3991215,10
ENSG00000126456,1.2494206,0.0,10
ENSG00000130299,2.1139643,0.0,10
ENSG00000141994,2.422948,2.5309114,10
ENSG00000161847,2.3558617,3.0139995,10
ENSG00000104218,1.8321961,2.6228604,10
ENSG00000164808,1.9311169,2.2859037,10
ENSG00000142544,1.8847979,2.0305188,10
ENSG00000167680_1,1.5865916,1.82007,10
ENSG00000070756_2,0.061380334,0.0,10
ENSG00000160318,0.36964738,0.0,10
ENSG00000104814,0.17774063,1.1211658,10
ENSG00000170848,0.10733128,0.92895883,10
ENSG00000105514,1.2576071,0.0,10
ENSG00000243207,2.265097,2.2586372,10
ENSG00000275591,0.9092971,0.0,10
ENSG00000178764,1.170839,0.0,10
ENSG00000179954,0.5576608,0.0,10
ENSG00000105568_1,0.5662402,1.1523495,10
ENSG00000155926_2,0.19596304,0.0,10
ENSG00000181781_1,0.49869806,1.3670949,10
ENSG00000105088,0.24558796,0.7388915,10
ENSG00000127616_1,2.1782372,1.6940873,10
ENSG00000269058,1.8556024,0.0,10
ENSG00000129455,0.27437812,1.1311052,10
ENSG00000179820_3,1.5675203,0.0,10
ENSG00000167641,0.3952468,1.1504186,10
ENSG00000104660_1,1.9824606,1.0319333,10
ENSG00000198363_3,0.22748618,0.0,10
ENSG00000248538_2,0.36438638,0.0,10
ENSG00000131849,0.716753,1.076604,10
ENSG00000160886,0.65154636,1.0984014,10
ENSG00000153879,2.2061646,2.4980485,10
ENSG00000132000,0.6037057,0.0,10
ENSG00000104859,1.9055445,2.4248197,10
ENSG00000184672_2,0.9829582,0.0,10
ENSG00000213024,0.22039373,0.0,10
ENSG00000176619_1,2.007266,2.7680607,10
ENSG00000253773,1.7030534,1.6195108,10
ENSG00000105499,1.2103177,1.2434349,10
ENSG00000099203,2.5397978,1.7904259,10
ENSG00000104774_1,0.8080789,2.1560795,10
ENSG00000105443_1,2.399547,2.5006247,10
ENSG00000160877,1.2184594,1.7352555,10
ENSG00000121410,1.2510859,0.0,10
ENSG00000087903_2,2.2531445,1.9835767,10
ENSG00000130165,2.1606019,0.0,10
ENSG00000142273,1.2033327,0.0,10
ENSG00000245910_1,0.8787781,0.0,10
ENSG00000160948,0.345302,0.0,10
ENSG00000180190,1.1482534,1.0142264,10
ENSG00000253593,0.1142765,0.0,10
ENSG00000006659,0.061336286,0.0,10
ENSG00000105664,0.8479929,1.0064232,10
ENSG00000159905,0.4653998,0.0,10
ENSG00000161249_2,0.68334335,0.0,10
ENSG00000104884,2.102886,2.2524767,10
ENSG00000099864_2,0.23505329,0.0,10
ENSG00000029534_4,1.5581056,1.2001115,10
ENSG00000104904,2.2023797,3.9128919,10
ENSG00000147804_1,0.77576005,1.2757028,10
ENSG00000178719_1,0.47568333,1.7549367,10
ENSG00000125734_1,2.2749388,1.9570515,10
ENSG00000168522_1,2.33655,2.0892336,10
ENSG00000253395,1.9846599,1.3374393,10
ENSG00000156170,1.7938224,1.4873195,10
ENSG00000087903_1,2.2259915,1.913745,10
ENSG00000172006,1.9742873,1.6759341,10
ENSG00000248098,2.0673275,0.0,10
ENSG00000008382,2.2178743,2.042969,10
ENSG00000104960,2.0382497,1.9383847,10
ENSG00000130433,0.98381424,1.227938,10
ENSG00000253868,0.12812722,0.0,10
ENSG00000105364,2.1281037,3.354416,10
ENSG00000105372,2.4243119,3.671899,10
ENSG00000167904,2.4460928,2.4440713,10
ENSG00000167470_1,2.2113519,2.8094115,10
ENSG00000171033,1.1030638,0.0,10
ENSG00000268480_1,0.18002218,1.3749682,10
ENSG00000164796_1,0.33796537,0.0,10
ENSG00000171291,0.73590887,1.3484411,10
ENSG00000104205_1,1.8041457,1.8069528,10
ENSG00000137574,2.4064603,0.0,10
ENSG00000171827_1,0.7214931,0.0,10
ENSG00000277586,1.0988115,1.8057251,10
ENSG00000161558,2.422967,2.0038826,10
ENSG00000253161_4,0.16616261,0.0,10
ENSG00000104679,1.4714488,0.0,10
ENSG00000140396,0.09638831,1.0721028,10
ENSG00000129295,1.0111734,0.0,10
ENSG00000179820_2,1.2320322,0.0,10
ENSG00000099860,1.7371011,1.3904865,10
ENSG00000253361,0.28265256,0.0,10
ENSG00000267383_1,0.094362356,0.0,10
ENSG00000171466,1.2883682,2.5448442,10
ENSG00000197360,0.63136095,0.0,10
ENSG00000245164,0.08420808,1.1130404,10
ENSG00000293495_1,2.0423112,2.8866107,10
ENSG00000086967,0.28157705,0.0,10
ENSG00000105173,1.9346111,2.1916466,10
ENSG00000182986_1,1.8218832,2.3412485,10
ENSG00000269392,0.77338636,0.0,10
ENSG00000105404,1.6390293,1.7016284,10
ENSG00000132016,2.0655422,1.963462,10
ENSG00000176396,1.8643934,2.1276522,10
ENSG00000180061,0.32203776,0.0,10
ENSG00000147687,1.7434946,0.0,10
ENSG00000104783,1.1928419,1.7750787,10
ENSG00000147654_1,1.9744512,2.4172041,10
ENSG00000079385,0.11053373,0.0,10
ENSG00000204653,0.23889138,1.0897921,10
ENSG00000167459_1,0.09076334,0.0,10
ENSG00000196967,0.35066813,0.0,10
ENSG00000064961_1,2.263552,2.194692,10
ENSG00000177599,1.1125528,1.0898274,10
ENSG00000186115,0.18036056,0.0,10
ENSG00000187912,0.16327259,0.0,10
ENSG00000248538,1.400683,0.0,10
ENSG00000253598,0.09741844,0.0,10
ENSG00000131037,0.2971875,0.0,10
ENSG00000134020,0.17308517,0.0,10
ENSG00000147488_1,0.23485993,0.0,10
ENSG00000205882,0.09577474,0.0,10
ENSG00000124459,1.4197141,1.745395,10
ENSG00000104738,2.2399108,3.3314881,10
ENSG00000181085,0.6980511,1.1670455,10
ENSG00000153310_1,1.9981042,2.2880726,10
ENSG00000130475_2,0.22942653,0.0,10
ENSG00000147689,0.49639678,0.0,10
ENSG00000269729,0.13055198,0.0,10
ENSG00000153317_1,1.416534,1.7317579,10
ENSG00000154582,2.1976154,2.9793189,10
ENSG00000186838,0.6664952,1.1271696,10
ENSG00000196235,2.0897138,1.7063252,10
ENSG00000243130,0.1155101,0.0,10
ENSG00000105229,2.094373,0.0,10
ENSG00000105643_2,1.6659254,1.8386351,10
ENSG00000153310,2.268646,2.6264205,10
ENSG00000161091,2.2351003,2.6925738,10
ENSG00000104833_1,1.1885813,1.8455136,10
ENSG00000130167,0.2052802,0.0,10
ENSG00000104320_2,2.193312,2.8566008,10
ENSG00000071564,2.3694913,3.0647686,10
ENSG00000130544,1.9504502,1.9227307,10
ENSG00000179284,0.31898713,0.0,10
ENSG00000224420,0.68752563,0.0,10
ENSG00000161265,0.5665592,0.0,10
ENSG00000131931,2.160214,2.2282207,10
ENSG00000154188_2,0.17822152,0.0,10
ENSG00000167910,0.06631999,0.0,10
ENSG00000173928,2.116149,1.4549059,10
ENSG00000004776,1.1926132,1.4838668,10
ENSG00000214046,1.8921497,2.8549445,10
ENSG00000293175,1.870583,1.8998314,10
ENSG00000215114,1.7335787,0.0,10
ENSG00000267058,0.48861796,0.0,10
ENSG00000183709,0.26251018,0.0,10
ENSG00000182372,0.75221866,0.0,10
ENSG00000253557,0.061596278,0.7138264,10
ENSG00000254266,0.055509496,0.0,10
ENSG00000221818_1,0.7639778,0.0,10
ENSG00000160014,2.499892,3.1843166,10
ENSG00000253230,0.21322818,0.0,10
ENSG00000130299_1,1.2509433,1.3483243,10
ENSG00000196263,1.1666576,1.2598566,10
ENSG00000253374,0.15994532,0.0,10
ENSG00000198046,1.3478261,1.4358444,10
ENSG00000161016,2.344249,2.531964,10
ENSG00000283632,0.45880502,2.3002627,10
ENSG00000104371,0.24518234,0.0,10
ENSG00000186994,0.9730256,2.9242978,10
ENSG00000181790,1.4767896,1.9977226,10
ENSG00000220201,0.38893402,0.0,10
ENSG00000083807_1,0.6383269,1.127202,10
ENSG00000127616_2,0.8315004,1.4651449,10
ENSG00000008441,1.960573,2.5490892,10
ENSG00000160352,1.667987,0.0,10
ENSG00000196172,1.4578549,2.4619575,10
ENSG00000169398_3,2.1585348,2.4901369,10
ENSG00000104290,1.5161829,1.6924062,10
ENSG00000176956_2,1.0899945,1.4933883,10
ENSG00000090661_1,1.4937211,1.2598566,10
ENSG00000079102,0.24046752,0.0,10
ENSG00000170873_1,1.4532431,0.0,10
ENSG00000197892_1,1.8610833,2.0680485,10
ENSG00000205186,0.07690696,0.0,10
ENSG00000171236,1.0799145,2.219,10
ENSG00000247317,1.7744709,1.5303278,10
ENSG00000104886,2.4148839,2.3716514,10
ENSG00000205189_1,1.7982761,1.8197412,10
ENSG00000223547,1.3769661,1.7691557,10
ENSG00000177045_1,1.9870152,1.6378298,10
ENSG00000105341,0.95015633,0.0,10
ENSG00000267169,2.3700657,0.0,10
ENSG00000068903,2.2110136,2.3326888,10
ENSG00000127663,2.0615354,2.6708941,10
ENSG00000157168_4,0.092528455,0.0,10
ENSG00000069206,0.05738642,0.0,10
ENSG00000161091_1,1.5128798,1.3188144,10
ENSG00000160570,1.9727538,2.270439,10
ENSG00000176782,0.14517629,0.0,10
ENSG00000179950,2.3114038,1.2756798,10
ENSG00000267673,1.5015887,0.0,10
ENSG00000268595,0.9650838,0.0,10
ENSG00000147614,0.08330781,0.0,10
ENSG00000234906,0.15705398,0.0,10
ENSG00000063180,1.1187822,1.2990713,10
ENSG00000104979_1,1.7403456,0.0,10
ENSG00000065268,2.2647665,2.4418192,10
ENSG00000254377,0.17584178,0.0,10
ENSG00000096996_1,0.5382228,0.0,10
ENSG00000196110,1.8940059,0.0,10
ENSG00000157110_1,0.09422515,0.0,10
ENSG00000147601,1.8267564,0.0,10
ENSG00000167460_2,2.1232297,2.9845092,10
ENSG00000160957,2.1840537,0.0,10
ENSG00000167617,0.2737276,0.0,10
ENSG00000268751,1.0199636,1.6302752,10
ENSG00000205883,0.115509,0.0,10
ENSG00000269235,0.23058437,0.0,10
ENSG00000172232,0.6193563,0.9930657,10
ENSG00000179886,2.3319974,1.839063,10
ENSG00000291317,1.8927947,2.1954098,10
ENSG00000249859_2,0.1728904,0.0,10
ENSG00000175806,0.7290164,1.7347438,10
ENSG00000116014,2.2752755,2.5989568,10
ENSG00000186562,0.07263838,0.0,10
ENSG00000099797_2,0.81510913,1.2069337,10
ENSG00000132026,0.22430818,0.0,10
ENSG00000167912,1.2088286,1.6781359,10
ENSG00000105419,1.2363663,1.5068837,10
ENSG00000167757,0.47392708,1.4917117,10
ENSG00000182013,1.6820353,2.2071009,10
ENSG00000179950_1,2.3970315,2.705501,10
ENSG00000099866_1,0.7004105,0.0,10
ENSG00000186567_1,0.263,1.0876039,10
ENSG00000249859_5,0.5052297,0.0,10
ENSG00000136574_1,0.6325257,0.0,10
ENSG00000178209_3,2.026017,0.0,10
ENSG00000147437,0.06974146,0.0,10
ENSG00000130725_1,2.5705302,2.6546674,10
ENSG00000091879,0.4191568,0.0,10
ENSG00000105227,0.98773324,1.3123678,10
ENSG00000197140,0.8797707,0.9097164,10
ENSG00000180855,1.7354124,0.0,10
ENSG00000167378,2.1900597,1.661074,10
ENSG00000123815_1,2.0997674,0.0,10
ENSG00000174917,2.042773,1.9051805,10
ENSG00000261949,0.25245923,1.0294243,10
ENSG00000104490,0.10132934,0.0,10
ENSG00000063127,0.52171516,0.0,10
