,Pred,actual,fold_idx
ENSG00000233396,1.6259178,0.0,1
ENSG00000116396,2.0246446,1.6131121,1
ENSG00000163462_1,0.7637815,0.92577606,1
ENSG00000287452,0.11761349,0.0,1
ENSG00000244057,0.087939635,0.0,1
ENSG00000136628,2.323548,3.3825788,1
ENSG00000174514_1,0.3139637,0.0,1
ENSG00000187180,0.10112261,0.0,1
ENSG00000009780,2.2644448,1.8260813,1
ENSG00000152078,2.1460032,1.8750033,1
ENSG00000143013,2.1382277,2.6860945,1
ENSG00000227733_1,0.38519678,0.0,1
ENSG00000065135,1.8744609,3.049408,1
ENSG00000116198,2.2567697,2.3132722,1
ENSG00000078369_1,2.2508926,3.1402283,1
ENSG00000171517,1.3967967,1.2449695,1
ENSG00000198198,2.17729,2.1256568,1
ENSG00000143819_1,0.22816631,0.0,1
ENSG00000185630,0.54576117,0.0,1
ENSG00000227868,0.07445539,0.0,1
ENSG00000159592_2,1.3434656,0.0,1
ENSG00000163564,0.019486368,0.0,1
ENSG00000162728,0.19643807,0.0,1
ENSG00000158864_1,1.9389942,3.0810194,1
ENSG00000198700,2.125082,2.5276196,1
ENSG00000198842,0.076663464,0.0,1
ENSG00000117481_1,1.6186385,1.4178203,1
ENSG00000231163,0.03827241,0.0,1
ENSG00000188859,1.5082781,1.7705796,1
ENSG00000169641,1.0159154,0.0,1
ENSG00000143179_1,2.3502634,2.3689969,1
ENSG00000228063,2.0743294,0.0,1
ENSG00000025800,1.1414058,2.924092,1
ENSG00000163877,1.9750293,2.6267908,1
ENSG00000157330,0.08400411,0.0,1
ENSG00000142949_1,1.8035548,1.6836773,1
ENSG00000184007_1,2.1781836,1.0721028,1
ENSG00000162836_1,0.9020036,0.66490513,1
ENSG00000130939,2.5697918,2.9669626,1
ENSG00000231666,0.08100658,0.0,1
ENSG00000286389,1.4473841,0.0,1
ENSG00000153898,1.2947068,1.1005015,1
ENSG00000162599,1.2368282,0.0,1
ENSG00000117222,1.8064675,2.497967,1
ENSG00000117632_1,1.5014958,0.0,1
ENSG00000135766,2.2358012,2.6781814,1
ENSG00000133059_1,1.9584825,1.7745899,1
ENSG00000171621,1.789262,1.6764559,1
ENSG00000116754_1,2.2651477,2.93021,1
ENSG00000197323,2.4872427,2.9919877,1
ENSG00000203943,0.17257845,0.0,1
ENSG00000162695,1.7738005,2.4751682,1
ENSG00000143546,0.06972264,0.0,1
ENSG00000160789_3,0.17786402,0.0,1
ENSG00000067704,2.0896995,2.97126,1
ENSG00000162600,1.8609947,2.398636,1
ENSG00000237413,0.0046374723,0.0,1
ENSG00000215784,2.1089082,2.8172777,1
ENSG00000174332,0.053487398,0.0,1
ENSG00000199347,1.5698171,2.7521276,1
ENSG00000036549,0.047973998,0.0,1
ENSG00000163041,2.442855,3.9916995,1
ENSG00000136634_1,0.08740357,0.0,1
ENSG00000116670,2.320493,2.6366494,1
ENSG00000143772,0.2727958,0.0,1
ENSG00000260971,0.026071638,0.0,1
ENSG00000143344_1,0.4973726,1.4632956,1
ENSG00000168765,1.5207784,2.588852,1
ENSG00000137962,1.3684664,1.5167865,1
ENSG00000273274,0.8794718,0.0,1
ENSG00000227712,0.29562208,0.0,1
ENSG00000118473,0.4505252,0.0,1
ENSG00000142784,2.1686225,0.0,1
ENSG00000184270,2.0746489,3.3091872,1
ENSG00000142623_1,0.110194296,0.0,1
ENSG00000162433_1,1.7417935,0.0,1
ENSG00000276600,0.1220286,0.0,1
ENSG00000184678,2.1489758,4.5090156,1
ENSG00000120937,1.0383927,0.0,1
ENSG00000143622,0.96417606,0.0,1
ENSG00000143473,1.3436048,0.0,1
ENSG00000207181,0.5328228,0.7532459,1
ENSG00000143368,1.1916919,2.9353793,1
ENSG00000159377,1.1130182,2.9853358,1
ENSG00000143553,1.3750116,2.1620862,1
ENSG00000142583,0.091637745,0.0,1
ENSG00000275538,1.4759231,0.0,1
ENSG00000183814,2.4335518,2.5794623,1
ENSG00000185104,2.4978342,3.0319333,1
ENSG00000143469_1,1.6456348,1.2403744,1
ENSG00000171502,0.76558864,0.0,1
ENSG00000213512,0.08202615,0.0,1
ENSG00000143376_1,2.1331222,1.8991472,1
ENSG00000163220,0.091863185,0.0,1
ENSG00000291156,1.7403165,2.0774043,1
ENSG00000143171,0.44434524,1.1985581,1
ENSG00000186141,2.0709276,2.674067,1
ENSG00000121933,0.12754944,0.0,1
ENSG00000162814,0.14283186,0.0,1
ENSG00000225206,0.6263335,0.0,1
ENSG00000158161,1.8829322,2.8740757,1
ENSG00000284693,1.7373834,0.0,1
ENSG00000134242,0.21085998,0.0,1
ENSG00000186973,0.75467426,0.82674843,1
ENSG00000069424_1,0.40136445,0.0,1
ENSG00000067334,1.3276191,2.378389,1
ENSG00000116641,1.9761888,1.8604877,1
ENSG00000160685_1,1.0142472,0.0,1
ENSG00000169504,2.3843536,2.9561205,1
ENSG00000274978,1.5833595,2.797586,1
ENSG00000053372,2.446569,2.083825,1
ENSG00000186603,1.3517675,1.4147729,1
ENSG00000078900_1,0.33611715,0.0,1
ENSG00000118194_2,0.086671025,0.0,1
ENSG00000143627,0.49098918,0.0,1
ENSG00000160789,1.7461034,0.0,1
ENSG00000291199,0.35321245,0.83065283,1
ENSG00000116157,1.5866838,1.779019,1
ENSG00000163879,0.3902221,0.0,1
ENSG00000117859,1.465133,2.8813264,1
ENSG00000163395,0.1827752,0.0,1
ENSG00000258082,0.34135443,0.0,1
ENSG00000121774,2.762852,3.5599473,1
ENSG00000154027_1,0.5131832,1.1900514,1
ENSG00000117054_1,2.2901733,2.963291,1
ENSG00000177954,1.3982805,0.0,1
ENSG00000162368,2.432435,3.0172546,1
ENSG00000117139_2,1.0398523,3.2080274,1
ENSG00000188800,0.07125428,0.0,1
ENSG00000189171,0.2563506,0.0,1
ENSG00000117450_1,0.122737646,0.0,1
ENSG00000204084_1,0.88522553,1.9243207,1
ENSG00000116701_1,0.09731574,0.0,1
ENSG00000116793_1,2.1885815,2.34631,1
ENSG00000116717,2.2421432,3.2304132,1
ENSG00000260088,2.3777466,2.0600932,1
ENSG00000163041_1,0.9360766,1.1109599,1
ENSG00000162723,0.09876902,0.0,1
ENSG00000187513,0.67047566,0.0,1
ENSG00000172380,1.5767212,0.0,1
ENSG00000266472,1.3434721,0.0,1
ENSG00000183508,1.7662238,2.443873,1
ENSG00000116752,1.3450184,2.9105988,1
ENSG00000231563,1.0929291,1.5917878,1
ENSG00000076864_1,1.9873749,0.0,1
ENSG00000231663_1,1.8883668,3.0521166,1
ENSG00000184588_2,0.047785364,0.0,1
ENSG00000175793,0.62653,0.0,1
ENSG00000159348,1.9484963,2.4025776,1
ENSG00000143258,1.9462891,2.2593477,1
ENSG00000183317,0.46867204,0.0,1
ENSG00000143842_1,0.08995217,0.0,1
ENSG00000228526,1.3680091,0.90638894,1
ENSG00000078900,1.9246198,1.4605521,1
ENSG00000132693,0.038959943,0.0,1
ENSG00000197530_2,0.6152254,0.0,1
ENSG00000163554,0.59930784,2.9063125,1
ENSG00000185519,1.6510918,1.3717327,1
ENSG00000135778,1.6756432,2.2310386,1
ENSG00000171492_1,0.973688,2.2293773,1
ENSG00000176092,0.54041445,0.0,1
ENSG00000157060,1.4663408,1.4239664,1
ENSG00000000457,2.4612784,2.0305188,1
ENSG00000179403,2.0025725,2.2513049,1
ENSG00000143420_1,1.9002123,3.3473768,1
ENSG00000204160_1,0.33131737,1.0536162,1
ENSG00000265808,1.3480853,3.124765,1
ENSG00000287064,0.25449157,0.0,1
ENSG00000023909,2.3731363,2.9261835,1
ENSG00000116288_1,2.2754145,0.0,1
ENSG00000168159,2.6243873,2.8428838,1
ENSG00000133069,1.7016759,1.6776069,1
ENSG00000094963,0.03913284,0.0,1
ENSG00000234593,0.24207586,2.3153782,1
ENSG00000143228,2.1310525,2.8591394,1
ENSG00000130762_1,0.55685025,0.0,1
ENSG00000284686,0.057823367,0.0,1
ENSG00000162734,1.6499684,2.7231543,1
ENSG00000158887_2,0.2680192,0.0,1
ENSG00000143390_1,0.7861052,0.0,1
ENSG00000236975,0.12635615,0.0,1
ENSG00000160818,0.50531316,0.0,1
ENSG00000143379,1.0183673,0.0,1
ENSG00000163485_1,0.5188434,0.0,1
ENSG00000117215,0.19164273,0.0,1
ENSG00000226835,1.4715406,0.0,1
ENSG00000226026,1.8385422,0.0,1
ENSG00000085552,1.0776513,0.0,1
ENSG00000160789_7,0.8421571,0.0,1
ENSG00000272426,1.9001462,0.9792478,1
ENSG00000187800,0.43353525,0.0,1
ENSG00000163382,2.0118978,2.8029768,1
ENSG00000116791_1,0.7342902,2.8530896,1
ENSG00000188157,2.0352368,2.3340795,1
ENSG00000212144,0.13794822,0.0,1
ENSG00000142621,0.14817625,0.0,1
ENSG00000158764,0.11598382,0.0,1
ENSG00000116690,0.0878145,0.0,1
ENSG00000143183,1.9284623,3.2935812,1
ENSG00000158246,2.046991,1.2372923,1
ENSG00000176444,2.3121572,2.6135142,1
ENSG00000233621,2.0055048,0.0,1
ENSG00000008130,2.3389843,2.166273,1
ENSG00000065183,1.8622909,2.3759542,1
ENSG00000122176,0.15608326,0.0,1
ENSG00000084652,2.448844,2.7109175,1
ENSG00000172031,1.5032299,1.6144121,1
ENSG00000285873,1.8623545,1.8102392,1
ENSG00000197106,1.3901794,1.5876436,1
ENSG00000117226,0.0773096,0.0,1
ENSG00000230426_2,0.013207912,0.0,1
ENSG00000163209,0.059714228,0.0,1
ENSG00000000938,0.106018186,0.0,1
ENSG00000142694,1.8844067,2.0458703,1
ENSG00000160075,2.513742,2.440333,1
ENSG00000188910_1,0.3012312,0.0,1
ENSG00000162385,1.8390617,0.0,1
ENSG00000116745,0.08073656,0.0,1
ENSG00000066185_1,1.6573234,0.0,1
ENSG00000203965_1,1.3513961,0.0,1
ENSG00000132849_1,0.03766208,0.0,1
ENSG00000116819,1.114739,1.6079051,1
ENSG00000143222,1.1483078,2.886988,1
ENSG00000168148,1.0027488,0.0,1
ENSG00000178104_3,1.6825994,2.330637,1
ENSG00000185946,1.7907329,2.580012,1
ENSG00000133019_1,1.3082315,1.3161381,1
ENSG00000162415,1.6268079,1.668563,1
ENSG00000179051,2.0354166,2.8288596,1
ENSG00000137960,1.6537038,0.0,1
ENSG00000188404_1,0.07736107,0.0,1
ENSG00000236021_1,1.4401832,1.6265395,1
ENSG00000265972,1.9192843,3.2786942,1
ENSG00000010072,2.1198733,2.037793,1
ENSG00000189195_1,0.0764969,0.0,1
ENSG00000290592_1,0.15759481,0.0,1
ENSG00000134698,1.8864369,2.0449317,1
ENSG00000126088,1.6794462,0.0,1
ENSG00000058799,1.6980828,2.123881,1
ENSG00000206585,1.8264551,0.0,1
ENSG00000158796,2.2777324,2.287486,1
ENSG00000185420_1,1.6671685,2.3989153,1
ENSG00000143776,2.3511448,2.6787004,1
ENSG00000215704,0.12416123,0.0,1
ENSG00000182749,2.1098046,1.8923784,1
ENSG00000170128,1.0850936,1.5657061,1
ENSG00000097046_1,2.331464,1.888926,1
ENSG00000234741,0.35397145,1.5143352,1
ENSG00000117362,1.8381214,2.6525993,1
ENSG00000134222,2.344728,2.2141097,1
ENSG00000158156,1.6398661,1.550314,1
ENSG00000160838,1.3524112,1.2357304,1
ENSG00000143811,2.521214,3.1131475,1
ENSG00000287453,0.5304387,2.2443712,1
ENSG00000122420,0.7756958,1.5800121,1
ENSG00000142945_1,0.22827289,0.0,1
ENSG00000177301,0.31913626,0.84616387,1
ENSG00000228126,2.0116212,0.0,1
ENSG00000162849,1.2971649,0.0,1
ENSG00000137936,0.1629552,0.0,1
ENSG00000134376_1,0.03561016,0.0,1
ENSG00000177000,1.3415693,0.0,1
ENSG00000142856,1.5888314,0.0,1
ENSG00000064703_1,2.3384297,2.4937494,1
ENSG00000233079_2,0.045882225,0.0,1
ENSG00000097021_1,0.3119555,0.95631254,1
ENSG00000143303_1,1.9922339,1.7121023,1
ENSG00000116138,2.270197,2.4280863,1
ENSG00000291141,1.0447685,1.295039,1
ENSG00000174371,2.4332955,0.0,1
ENSG00000163444,2.4994466,2.5089874,1
ENSG00000024526,1.803583,2.629867,1
ENSG00000116198_1,2.04209,0.0,1
ENSG00000157193,1.5985066,1.36135,1
ENSG00000170989,0.56936187,0.0,1
ENSG00000077152,1.3134797,0.0,1
ENSG00000150681,0.08353041,0.0,1
ENSG00000133069_1,0.2953082,0.0,1
ENSG00000264294,2.373704,2.1616614,1
ENSG00000225630,2.6654487,3.4185996,1
ENSG00000154309,1.2253339,0.0,1
ENSG00000143702_1,1.7379467,0.0,1
ENSG00000158710_1,1.080895,4.010889,1
ENSG00000117632_2,2.109437,0.0,1
ENSG00000263956,1.2523192,1.6383893,1
ENSG00000198793,1.8664731,0.0,1
ENSG00000184588_1,0.03920258,0.0,1
ENSG00000135773,0.2943552,0.7717344,1
ENSG00000070785,1.3002259,0.0,1
ENSG00000133019,1.1452291,0.0,1
ENSG00000117724,2.2601156,3.0136209,1
ENSG00000227006,0.15114075,0.0,1
ENSG00000162704,2.1031294,2.9537413,1
ENSG00000228536,0.03125804,0.0,1
ENSG00000027869,0.4906402,0.0,1
ENSG00000117616,0.12184217,0.0,1
ENSG00000182004_1,1.4896545,1.9018286,1
ENSG00000117791,1.2279785,1.4117544,1
ENSG00000117016,1.1502675,0.0,1
ENSG00000196352_2,0.0944993,0.0,1
ENSG00000116688_2,2.5486472,2.8841674,1
ENSG00000207475,0.16300929,0.0,1
ENSG00000143257,0.1345593,0.0,1
ENSG00000116406,2.3688004,2.5278296,1
ENSG00000237463_1,0.050897375,0.0,1
ENSG00000065978,2.51689,3.9871235,1
ENSG00000143207,2.2517946,2.5569632,1
ENSG00000163531_1,0.15777773,1.0010843,1
ENSG00000283227,0.049690366,0.0,1
ENSG00000173207,2.2214985,3.1386974,1
ENSG00000203709,0.21417347,0.0,1
ENSG00000064703,1.9716601,0.0,1
ENSG00000181656,0.12702313,0.0,1
ENSG00000162676_2,0.7850216,0.95336336,1
ENSG00000136631,1.7350876,1.682127,1
ENSG00000163125_1,1.1739696,1.8382634,1
ENSG00000092969,0.5023443,0.0,1
ENSG00000188643_1,0.15807652,0.96217984,1
ENSG00000067208,0.2788626,0.0,1
ENSG00000135837,2.454421,2.5286725,1
ENSG00000291234,0.6878566,0.0,1
ENSG00000121644,2.3216076,2.4560304,1
ENSG00000269934,1.9577535,1.6414443,1
ENSG00000134371,2.5899575,3.0043988,1
ENSG00000175206,0.31070197,0.0,1
ENSG00000121900,1.5548776,1.8197281,1
ENSG00000236069,0.013021946,0.0,1
ENSG00000143028,1.5822003,1.5848963,1
ENSG00000187223,0.07622998,0.0,1
ENSG00000224535,0.13289593,0.0,1
ENSG00000183780,1.6649531,1.6719408,1
ENSG00000159423,2.2405415,2.226703,1
ENSG00000162434_1,1.9324604,1.6892201,1
ENSG00000197921,1.587799,1.2642274,1
ENSG00000228971_1,0.0484457,0.0,1
ENSG00000119280_1,0.727481,1.230934,1
ENSG00000184148,0.02507601,0.0,1
ENSG00000122482,1.6148478,0.0,1
ENSG00000041988_1,1.9911284,2.0454364,1
ENSG00000117419_1,1.9359021,2.4278316,1
ENSG00000143774,2.6464982,3.0573046,1
ENSG00000274020_1,1.4757777,0.0,1
ENSG00000069275,2.0127954,2.8245294,1
ENSG00000134249,0.25774395,0.0,1
ENSG00000171735_1,1.7965624,1.5458264,1
ENSG00000117155_1,2.3012228,2.712206,1
ENSG00000157873_2,0.5444642,0.0,1
ENSG00000287033,1.8977243,0.0,1
ENSG00000187980,1.0667704,2.231951,1
ENSG00000162873_1,0.2540801,0.0,1
ENSG00000162366,0.43499488,1.0606601,1
ENSG00000213047_1,2.1124032,1.905526,1
ENSG00000125462_1,0.58549047,1.0343878,1
ENSG00000163399,2.3242943,3.1101687,1
ENSG00000142657_1,2.0726671,1.1883378,1
ENSG00000122223,0.1443817,0.0,1
ENSG00000222009_1,0.3022549,0.0,1
ENSG00000123838,0.07459554,0.0,1
ENSG00000116990,2.1237817,2.0086002,1
ENSG00000196660,1.7931724,2.0145626,1
ENSG00000143256,2.1263041,0.0,1
ENSG00000143158_2,2.5431776,2.94737,1
ENSG00000117475,1.3406698,2.4448564,1
ENSG00000122188,0.1375868,0.0,1
ENSG00000152904,1.879717,2.7581925,1
ENSG00000116678,1.9845412,2.4244225,1
ENSG00000171722,0.10583705,0.0,1
ENSG00000132122,0.0385346,0.0,1
ENSG00000132716,2.1887617,2.6671157,1
ENSG00000162817,1.3469375,1.4483043,1
ENSG00000185090,1.5356495,1.5693856,1
ENSG00000143450_1,0.048840843,0.0,1
ENSG00000052723,2.1043365,3.0400958,1
ENSG00000228526_1,0.9768122,0.0,1
ENSG00000160710_3,0.8641531,2.6512663,1
ENSG00000054523,2.1677158,2.319183,1
ENSG00000117480,1.543997,1.3044474,1
ENSG00000127483_2,2.3158953,2.9307148,1
ENSG00000198400,0.29255316,0.0,1
ENSG00000116906,1.8213234,2.8404706,1
ENSG00000058085,0.6544809,0.0,1
ENSG00000203724,2.2462838,1.8308452,1
ENSG00000057757,2.6895695,2.866899,1
ENSG00000187608,0.88317394,0.0,1
ENSG00000116750_1,1.0972078,1.6741904,1
ENSG00000127125,1.6850355,2.1772566,1
ENSG00000198952,2.0169752,2.8805323,1
ENSG00000135823,1.9657967,0.0,1
ENSG00000127124_2,0.17023802,0.0,1
ENSG00000184588,1.2628852,1.5117764,1
ENSG00000143409_2,1.2621889,0.0,1
ENSG00000142599,0.69715697,1.0269417,1
ENSG00000162545,0.85785025,1.2151086,1
ENSG00000188976,1.9422761,2.9445474,1
ENSG00000198162,2.11358,2.501778,1
ENSG00000143437,1.9512753,2.2812426,1
ENSG00000117475_1,1.5392395,1.762371,1
ENSG00000135824,0.2829349,0.0,1
ENSG00000116675_1,2.3770356,2.9053264,1
ENSG00000218510,2.1331,2.0600893,1
ENSG00000227634,0.1116748,0.0,1
ENSG00000117472,0.13719296,0.0,1
ENSG00000171163,2.3261817,2.4732387,1
ENSG00000203601,0.046805963,0.0,1
ENSG00000143442,1.9233917,2.0969794,1
ENSG00000153207,2.4031491,2.7028887,1
ENSG00000274428,1.6231484,0.0,1
ENSG00000177807,1.0134515,0.0,1
ENSG00000227811,1.1429993,0.9984337,1
ENSG00000272865,0.041580833,0.0,1
ENSG00000297423,1.6624794,0.0,1
ENSG00000293264,0.63594455,0.0,1
ENSG00000009790,0.09736841,0.0,1
ENSG00000085831_2,1.7215021,1.2372671,1
ENSG00000118298,0.1604384,0.0,1
ENSG00000123080,2.4499493,2.4662595,1
ENSG00000156876,1.9113386,0.0,1
ENSG00000162894,0.071932636,1.1331235,1
ENSG00000117601,0.13193838,0.0,1
ENSG00000169241_1,2.0797594,2.6610732,1
ENSG00000143036_1,1.0893692,0.0,1
ENSG00000184005,1.2144713,1.140885,1
ENSG00000142871,1.495642,1.8164468,1
ENSG00000188060,1.3800468,1.2812653,1
ENSG00000117153,2.1851163,0.0,1
ENSG00000162676_1,1.0611384,1.4705869,1
ENSG00000132698,0.27871475,0.0,1
ENSG00000011021,2.3118412,2.1132011,1
ENSG00000226758,0.025037132,0.0,1
ENSG00000183831,0.3995685,0.0,1
ENSG00000153187_4,2.4692564,2.9165592,1
ENSG00000169442,0.6818935,0.0,1
ENSG00000198160,2.2936096,2.3035848,1
ENSG00000201699,1.3001674,0.0,1
ENSG00000164008,2.2974086,0.0,1
ENSG00000085998,1.9560082,0.0,1
ENSG00000236963_2,0.07235567,0.0,1
ENSG00000118197,2.6050735,2.146717,1
ENSG00000054392,0.12698466,0.0,1
ENSG00000290989,2.601088,2.4303122,1
ENSG00000196420,0.20862341,1.3212545,1
ENSG00000237491,2.5073593,0.0,1
ENSG00000142609_1,0.7688178,0.0,1
ENSG00000054282,1.6567165,2.50812,1
ENSG00000163154,0.2250371,0.0,1
ENSG00000127054,2.1888459,3.0307858,1
ENSG00000049249,0.119790204,0.0,1
ENSG00000163472,2.0239174,0.0,1
ENSG00000170989_1,0.38072553,0.0,1
ENSG00000290683,1.5314958,2.8737147,1
ENSG00000123473,2.3731594,2.6669586,1
ENSG00000162641_1,0.07592706,0.0,1
ENSG00000272031,1.5224226,0.0,1
ENSG00000189266,2.6480212,3.244527,1
ENSG00000117707_1,0.4669696,0.0,1
ENSG00000143502,1.3983315,1.6163704,1
ENSG00000189410,0.59695107,0.0,1
ENSG00000142661,0.47270665,0.0,1
ENSG00000266094_1,0.31012338,0.0,1
ENSG00000170498,0.10684921,0.7579424,1
ENSG00000181036,0.07087635,0.0,1
ENSG00000162923_1,0.113494806,0.0,1
ENSG00000162745_1,1.4742752,1.3057168,1
ENSG00000121454,1.4514997,1.1191503,1
ENSG00000187889,0.121677674,0.0,1
ENSG00000025800_1,0.21984804,0.0,1
ENSG00000143257_1,0.17184156,0.0,1
ENSG00000143742,2.3949254,3.5440047,1
ENSG00000236528,2.2530582,0.0,1
ENSG00000173641,0.4780879,0.944384,1
ENSG00000116885,1.0206264,0.724112,1
ENSG00000196352_1,2.5054216,3.506233,1
ENSG00000162396,1.5052005,1.8872211,1
ENSG00000116273,2.3269646,2.4982665,1
ENSG00000134709,1.3940376,1.2882493,1
ENSG00000125703,1.065711,2.6035147,1
ENSG00000142677,0.19110954,0.0,1
ENSG00000143337_4,0.18605396,0.0,1
ENSG00000132849,1.4380264,1.5110407,1
ENSG00000143633,1.7328987,2.4976125,1
ENSG00000162777,0.11829478,0.0,1
ENSG00000171680_5,1.6642143,1.2923225,1
ENSG00000127483,0.12374371,0.0,1
ENSG00000184588_4,0.13692686,0.0,1
ENSG00000142619,0.17131463,0.0,1
ENSG00000265491,2.101755,2.6373706,1
ENSG00000143624,1.8333542,2.429085,1
ENSG00000219073,0.13347024,0.0,1
ENSG00000162604,1.187833,2.6699944,1
ENSG00000185155,1.7199497,1.4511721,1
ENSG00000197530_1,2.3721185,1.5958818,1
ENSG00000162733,0.1134229,0.0,1
ENSG00000163534,0.020255089,0.0,1
ENSG00000284668,0.39250934,0.0,1
ENSG00000117148,0.20963338,1.6581163,1
ENSG00000159214_1,1.8061637,1.4820871,1
ENSG00000117505,2.3037965,2.7907002,1
ENSG00000230337,2.0785165,1.6498312,1
ENSG00000119535,0.21993473,0.0,1
ENSG00000116337_3,0.8542877,1.298984,1
ENSG00000223956,0.059792176,0.0,1
ENSG00000158874,0.18764234,0.6762728,1
ENSG00000189334,0.21305937,0.0,1
ENSG00000187583,1.2912003,1.32255,1
ENSG00000162545_1,0.85347384,1.7192235,1
ENSG00000235942,0.06381065,0.7579272,1
ENSG00000177628,0.20371538,0.0,1
ENSG00000228436,1.8557104,0.0,1
ENSG00000151414_1,0.05766137,0.0,1
ENSG00000187010,0.6551624,2.5380015,1
ENSG00000187730,1.7104545,2.0530286,1
ENSG00000183853,0.88719374,1.1616075,1
ENSG00000185483,1.348503,1.5708114,1
ENSG00000227533,1.5973694,0.0,1
ENSG00000116285,1.945728,1.7212582,1
ENSG00000152104,1.4755082,0.0,1
ENSG00000143493,2.4489615,2.3769436,1
ENSG00000142949,0.3426335,1.0392555,1
ENSG00000174606_1,1.315551,2.168792,1
ENSG00000158615,2.4769158,2.7160451,1
ENSG00000162688_1,0.35478118,0.7437762,1
ENSG00000291132,0.7491168,1.3070465,1
ENSG00000117360,1.4871457,0.0,1
ENSG00000143158_1,2.4773343,3.0043042,1
ENSG00000282849,0.0734612,0.0,1
ENSG00000163157,0.11888499,0.0,1
ENSG00000116954,2.2364879,1.9417648,1
ENSG00000196660_1,1.4322213,2.294885,1
ENSG00000117118,0.08872066,0.0,1
ENSG00000143387,0.07550701,0.0,1
ENSG00000116863,2.15309,2.2179153,1
ENSG00000280587,0.21981508,0.0,1
ENSG00000169598,2.2587245,2.1304464,1
ENSG00000230461_1,0.7895854,1.3471934,1
ENSG00000158286,1.9250634,1.43968,1
ENSG00000142765,0.42560667,0.0,1
ENSG00000267272,1.1894621,0.0,1
ENSG00000158473,0.8375414,0.0,1
ENSG00000121769,0.6790735,0.9129656,1
ENSG00000135775,1.9886106,2.2318645,1
ENSG00000224259_1,0.09637815,0.0,1
ENSG00000287445,2.0567596,0.0,1
ENSG00000007968,2.2890449,2.0948553,1
ENSG00000117280,0.5462402,1.5264298,1
ENSG00000162374_2,0.1471289,0.0,1
ENSG00000143756,1.9219391,2.5624857,1
ENSG00000143839,0.15967941,0.0,1
ENSG00000143630,2.083378,1.7745534,1
ENSG00000132781_2,2.241564,2.5734403,1
ENSG00000142945,2.2229285,3.0934532,1
ENSG00000186827,0.49289978,0.97653335,1
ENSG00000162620,1.028822,1.172457,1
ENSG00000134183_1,1.534536,0.0,1
ENSG00000252501,0.021509066,0.0,1
ENSG00000084070,0.094731174,0.0,1
ENSG00000143375,1.5608034,1.3031312,1
ENSG00000143125,0.099456444,0.0,1
ENSG00000162441,0.534179,0.0,1
ENSG00000158769,1.4669788,2.904061,1
ENSG00000310526,2.2933247,0.0,1
ENSG00000122482_2,1.332909,2.34333,1
ENSG00000162873_2,0.18780458,0.0,1
ENSG00000134375,1.8018978,3.2407887,1
ENSG00000143185,0.051615894,0.0,1
ENSG00000175130,2.0521233,3.4289021,1
ENSG00000049089_2,1.1904032,1.2018666,1
ENSG00000007341_1,1.9317257,1.9459951,1
ENSG00000264522,2.2263312,0.0,1
ENSG00000121753,0.4503355,0.7717344,1
ENSG00000176083,0.1556921,0.0,1
ENSG00000122417,0.05927401,0.0,1
ENSG00000162378,1.9473708,2.5613422,1
ENSG00000117682,1.6647378,1.9531603,1
ENSG00000123843,0.08762416,0.0,1
ENSG00000117308,0.7473379,1.474988,1
ENSG00000163362_1,0.18298894,0.0,1
ENSG00000131910,0.9033689,1.2909912,1
ENSG00000162493_2,0.44733593,0.0,1
ENSG00000117151,2.1930993,2.5432122,1
ENSG00000137936_3,0.153867,0.0,1
ENSG00000213088,0.19543248,0.0,1
ENSG00000280670,1.3132064,1.2166197,1
ENSG00000207349,0.40537226,1.3484411,1
ENSG00000162595,0.2603383,1.554804,1
ENSG00000011009,1.7419021,0.0,1
ENSG00000203730,0.09747051,0.0,1
ENSG00000187147_1,2.4086444,2.616423,1
ENSG00000224870,2.3758936,2.4483337,1
ENSG00000142798_1,2.2086964,2.7976394,1
ENSG00000143450,0.539055,0.0,1
ENSG00000162694_1,0.79360485,2.4028802,1
ENSG00000270276,2.2107096,3.4362867,1
ENSG00000162692,0.056996316,0.0,1
ENSG00000203865,1.4556447,0.0,1
ENSG00000143507_1,1.7570384,1.831204,1
ENSG00000132704,0.01731857,0.0,1
ENSG00000142669,2.275135,0.0,1
ENSG00000158488,0.11078978,0.0,1
ENSG00000186118,0.10510607,0.0,1
ENSG00000081248,0.20255595,0.0,1
ENSG00000157181,1.549716,0.0,1
ENSG00000231663,2.4043472,2.1214943,1
ENSG00000221978,2.4762287,2.6282468,1
ENSG00000131238,1.5664062,3.000149,1
ENSG00000203747_1,0.140408,0.0,1
ENSG00000226067_1,0.9171906,0.9413623,1
ENSG00000203737,0.057645686,0.0,1
ENSG00000214193,1.3896279,1.0064062,1
ENSG00000197520,0.10459806,1.8597926,1
ENSG00000097021_2,2.2365544,2.4167438,1
ENSG00000162493,0.48884565,0.0,1
ENSG00000228697,0.08041818,0.0,1
ENSG00000117133,1.1808498,2.8972366,1
ENSG00000143862,2.0089955,2.2391093,1
ENSG00000135824_2,0.5387101,0.0,1
ENSG00000174950,0.860548,0.0,1
ENSG00000178922,1.5589228,1.6769953,1
ENSG00000163352,0.58340913,0.0,1
ENSG00000197769,0.1642614,0.0,1
ENSG00000222046,0.22838864,0.0,1
ENSG00000291234_1,0.53370255,1.4319425,1
ENSG00000178104_2,1.5290923,3.3122282,1
ENSG00000273213,0.7524875,3.1115751,1
ENSG00000049239,2.2104614,1.8560821,1
ENSG00000118729,0.08027623,0.0,1
ENSG00000204178,2.0466797,2.2591925,1
ENSG00000117625,2.3817086,2.5110807,1
ENSG00000196407,0.25879133,0.0,1
ENSG00000196187_2,2.0232322,2.5104969,1
ENSG00000270106,2.1436195,0.0,1
ENSG00000213047,2.1950822,1.8526629,1
ENSG00000131233,0.06902416,0.0,1
ENSG00000154305_1,1.8487848,0.0,1
ENSG00000227181,0.044550948,0.0,1
ENSG00000236427,0.61053765,0.0,1
ENSG00000159173,0.16155127,0.0,1
ENSG00000146463,2.1863782,0.0,1
ENSG00000143578_1,1.0580773,1.6842797,1
ENSG00000121310,1.0261251,0.0,1
ENSG00000155366,2.0142355,3.0790799,1
ENSG00000169224_1,0.14259133,0.0,1
ENSG00000118733_1,0.31799364,0.0,1
ENSG00000227733,0.6257966,0.0,1
ENSG00000097033,2.2223132,1.4883109,1
ENSG00000116670_1,1.6888342,1.5814604,1
ENSG00000117139_1,1.9461362,1.1985747,1
ENSG00000236423,2.5051687,0.0,1
ENSG00000162419,2.5159414,2.2641091,1
ENSG00000290867_1,1.4977531,0.0,1
ENSG00000162909_2,0.12895578,0.0,1
ENSG00000131779,1.8587756,0.0,1
ENSG00000186056,2.5647984,2.3822873,1
ENSG00000014914_1,0.2033402,0.92582756,1
ENSG00000162390,0.5715994,0.0,1
ENSG00000090020,2.0079896,2.230666,1
ENSG00000234222,0.65701413,1.1883097,1
ENSG00000154380_1,1.7644458,1.5302765,1
ENSG00000079335_2,2.0071254,1.9532038,1
ENSG00000271601,1.933436,2.368008,1
ENSG00000132680,1.3069441,2.660224,1
ENSG00000143761_2,0.23762149,0.0,1
ENSG00000162694,1.0227467,0.0,1
ENSG00000160710,1.4994146,1.8152057,1
ENSG00000288905,1.0344646,0.0,1
ENSG00000259030,0.97319835,2.3451953,1
ENSG00000205116,0.7900078,1.4483198,1
ENSG00000136630,1.5687352,1.4865721,1
ENSG00000125462,0.108810194,0.0,1
ENSG00000202031,0.37752903,1.4613935,1
ENSG00000009307,1.7596189,3.7708697,1
ENSG00000094975,2.808707,2.14941,1
ENSG00000174502,0.23393613,0.0,1
ENSG00000291158,0.19695061,0.0,1
ENSG00000162594_1,0.24850452,0.0,1
ENSG00000081692,2.1840026,2.2842433,1
ENSG00000230615,2.3622699,1.9477915,1
ENSG00000162654,0.115791745,0.0,1
ENSG00000116288,2.477629,2.87718,1
ENSG00000175087,2.482974,1.7317418,1
ENSG00000162645,0.13791388,0.0,1
ENSG00000121446,0.056343094,0.0,1
ENSG00000143149,1.8408101,1.9143537,1
ENSG00000155363,2.179723,1.5693505,1
ENSG00000223745,2.3032699,2.3716977,1
ENSG00000163207,0.07491857,0.0,1
ENSG00000137992,1.6834152,2.0449708,1
ENSG00000142875_4,0.08335312,0.0,1
ENSG00000060688,2.3806956,3.1542656,1
ENSG00000143155,2.1816304,1.7468209,1
ENSG00000228794_2,0.111978255,0.0,1
ENSG00000143217,0.5124672,0.0,1
ENSG00000261595,1.2772391,1.0392555,1
ENSG00000142910,0.3381688,0.0,1
ENSG00000160688,1.2159011,2.1898496,1
ENSG00000188404,0.03808494,0.0,1
ENSG00000143110,0.19456163,0.0,1
ENSG00000070759,1.4926295,2.227527,1
ENSG00000081019_1,2.0787444,2.4191856,1
ENSG00000162623,0.6313264,2.7011542,1
ENSG00000175707,1.3774539,1.6352826,1
ENSG00000295836,1.6137296,1.5765141,1
ENSG00000143761_1,2.0561302,1.0116128,1
ENSG00000171492,2.2156408,2.3648136,1
ENSG00000117525,1.2376254,1.312262,1
ENSG00000271576,2.0847688,1.5002502,1
ENSG00000173627,0.07330752,0.0,1
ENSG00000181817,2.0977144,2.3540103,1
ENSG00000157933,1.9801629,1.6674529,1
ENSG00000222009,0.96729356,1.8040371,1
ENSG00000162769,2.27833,2.3347974,1
ENSG00000160691_3,1.7117728,2.4867833,1
ENSG00000159388,2.4035745,2.8277576,1
ENSG00000116260,2.2300568,0.0,1
ENSG00000173369,0.21265918,0.78504497,1
ENSG00000196154,0.27697638,0.0,1
ENSG00000232284,0.22978628,0.0,1
ENSG00000064886_1,0.1253683,0.0,1
ENSG00000143603,0.1523802,0.0,1
ENSG00000132763,1.5496253,0.0,1
ENSG00000078618,0.07805225,0.0,1
ENSG00000143740_1,2.0613155,2.307451,1
ENSG00000116691,2.1384912,2.6988058,1
ENSG00000120332,0.09468742,0.0,1
ENSG00000231365_1,1.9925178,0.0,1
ENSG00000162441_1,1.5111015,2.6328428,1
ENSG00000186517,0.25906456,0.0,1
ENSG00000198830,2.3631315,3.6416426,1
ENSG00000281406,0.7750091,1.203604,1
ENSG00000116329,1.6775615,1.509337,1
ENSG00000271736,0.49773884,1.5671911,1
ENSG00000207056,0.11135354,0.0,1
ENSG00000181218,2.4281096,3.088487,1
ENSG00000159166_1,1.3836616,0.0,1
ENSG00000162496,1.2682003,1.5786163,1
ENSG00000116747_1,2.551666,0.0,1
ENSG00000290735,0.7836749,2.85204,1
ENSG00000116721,0.049610958,0.0,1
ENSG00000081721,2.0021725,0.0,1
ENSG00000162461,0.5165463,0.0,1
ENSG00000282048,0.09364344,0.0,1
ENSG00000230628,0.14047104,0.0,1
ENSG00000143570,1.9242977,0.0,1
ENSG00000134245,1.5399302,0.0,1
ENSG00000130695,2.5312345,2.883315,1
ENSG00000230124,2.3267932,2.3000212,1
ENSG00000117697,2.2232227,0.0,1
ENSG00000160714,2.301766,2.1273088,1
ENSG00000182118,2.044691,2.276255,1
ENSG00000143199,0.24235606,0.0,1
ENSG00000168710_2,0.7457408,0.9984337,1
ENSG00000121905_2,1.1844151,0.0,1
ENSG00000198746,1.3626137,2.2691627,1
ENSG00000202408,1.8601575,0.0,1
ENSG00000143390_2,1.151977,1.8604578,1
ENSG00000162642,1.7323487,2.3624806,1
ENSG00000053371,2.3785677,2.8445692,1
ENSG00000117122_1,0.9404055,0.0,1
ENSG00000154027_3,1.1953433,0.99303925,1
ENSG00000272205,2.5476809,1.5434968,1
ENSG00000132676,1.3573489,1.5729413,1
ENSG00000001460,1.3124968,1.9788604,1
ENSG00000198400_1,1.7649715,2.1617632,1
ENSG00000183386,1.3089068,1.7478156,1
ENSG00000058668,1.2900567,1.7595243,1
ENSG00000203783,0.050828107,0.0,1
ENSG00000117593_1,1.8334644,2.1916354,1
ENSG00000198715_1,0.24978256,0.0,1
ENSG00000143167,0.10621469,0.0,1
ENSG00000162891,0.16498244,0.0,1
ENSG00000085999,2.1930113,2.7762797,1
ENSG00000065243,2.25295,2.6672475,1
ENSG00000160055,1.9727793,1.91698,1
ENSG00000082497,1.4499495,1.4023646,1
ENSG00000171385,1.1618001,0.9533731,1
ENSG00000153187_1,0.2987105,1.732249,1
ENSG00000236358,0.5875106,0.0,1
ENSG00000116353,1.5206839,0.0,1
ENSG00000169991,1.8018756,1.4623381,1
ENSG00000287396,0.16441926,0.0,1
ENSG00000116701,0.07861143,0.0,1
ENSG00000118655,2.5060642,2.6804533,1
ENSG00000186063,2.254283,2.7207792,1
ENSG00000154429_2,0.8579214,2.1497731,1
ENSG00000274266,0.6875939,1.8998424,1
ENSG00000007341_2,1.6690726,1.6032526,1
ENSG00000163463,0.7957017,0.0,1
ENSG00000078369,2.2159715,2.0282662,1
ENSG00000092621,0.877953,2.3297617,1
ENSG00000162630,0.15886134,0.0,1
ENSG00000143344,1.9246708,0.8963609,1
ENSG00000163348,2.4257026,2.6743834,1
ENSG00000066322,2.153241,2.6736853,1
ENSG00000143252,1.7344007,2.8381214,1
ENSG00000156869,0.734471,0.0,1
ENSG00000070831,2.264913,3.409742,1
ENSG00000133216,1.73353,2.038163,1
ENSG00000143669_1,0.10725875,0.0,1
ENSG00000154027,1.4083381,1.8245163,1
ENSG00000224459,0.15130356,0.0,1
ENSG00000233008_1,0.7807072,0.8423471,1
ENSG00000158485,0.04626771,0.0,1
ENSG00000287338,0.10110733,0.0,1
ENSG00000157870,2.1675038,0.0,1
ENSG00000143153,1.9643888,1.6176083,1
ENSG00000224616,1.7778428,1.5326397,1
ENSG00000092853,0.05812104,0.0,1
ENSG00000076864_2,1.9931762,2.3789337,1
ENSG00000116337,1.4762213,2.1589804,1
ENSG00000081870,2.221991,2.3629704,1
ENSG00000172456,2.0836196,1.8347385,1
ENSG00000123843_1,0.11504685,0.0,1
ENSG00000142655,1.5443965,2.8556547,1
ENSG00000155761,1.0882566,0.0,1
ENSG00000157978,2.014949,2.3709939,1
ENSG00000185842_1,0.038410403,1.2295283,1
ENSG00000023572_1,0.6345741,0.0,1
ENSG00000136636_1,0.17003536,0.0,1
ENSG00000007933,0.085214905,0.0,1
ENSG00000131584,2.3434262,1.7052906,1
ENSG00000199666,0.031357124,0.0,1
ENSG00000228536_2,0.059306316,0.0,1
ENSG00000084070_1,2.200884,3.0787032,1
ENSG00000162618_2,0.02605851,0.0,1
ENSG00000152092,0.9439468,1.1899673,1
ENSG00000179085,0.9243388,2.043374,1
ENSG00000184454,1.2034881,1.1351008,1
ENSG00000162688,1.3531858,0.0,1
ENSG00000122218,1.7015634,0.0,1
ENSG00000074800,0.17434561,1.5715691,1
ENSG00000097046,2.0132287,2.6950006,1
ENSG00000196505,1.796838,2.0391324,1
ENSG00000287217,0.13604331,0.0,1
ENSG00000121851,1.5367798,2.8927445,1
ENSG00000173372_1,0.17982242,0.7626035,1
ENSG00000179397,1.1460687,0.0,1
ENSG00000215717,1.3551407,2.4156678,1
ENSG00000174514_2,0.6894266,1.998002,1
ENSG00000230550,0.081885435,0.0,1
ENSG00000116521_2,1.2997427,3.0738869,1
ENSG00000132676_1,2.123983,0.0,1
ENSG00000157916,2.236733,3.1305943,1
ENSG00000126709,0.35553604,0.0,1
ENSG00000154027_2,0.17575902,0.0,1
ENSG00000143036,1.3614173,0.8997111,1
ENSG00000188004,1.4315847,1.3590193,1
ENSG00000143556,0.079102196,0.0,1
ENSG00000008128,2.5413642,2.6111379,1
ENSG00000231789,1.0627975,2.536023,1
ENSG00000116183,0.05171778,0.0,1
ENSG00000227959,1.0365913,0.95631254,1
ENSG00000162585,2.075935,2.9871297,1
ENSG00000086015_1,0.0854545,0.0,1
ENSG00000223944,0.40438747,0.0,1
ENSG00000064886,0.11725289,0.0,1
ENSG00000173728,0.13057137,0.0,1
ENSG00000286619,2.0240934,1.6919739,1
ENSG00000158062,1.5591908,2.2464862,1
ENSG00000118298_1,0.24552947,0.0,1
ENSG00000164011,2.0124047,2.369748,1
ENSG00000198520,1.1383873,0.0,1
ENSG00000160712_1,1.5974323,1.7659739,1
ENSG00000116147,0.12848115,0.0,1
ENSG00000197956,0.844018,0.0,1
ENSG00000187554,1.8794925,1.6072599,1
ENSG00000234807,0.7768696,0.0,1
ENSG00000117245,0.35366058,0.0,1
ENSG00000156150_1,1.3653805,1.3612933,1
ENSG00000233461_1,2.1468828,1.5495795,1
ENSG00000272145,2.7426353,2.8151126,1
ENSG00000132688,0.6784361,0.0,1
ENSG00000137959,0.027282089,0.0,1
ENSG00000143549_1,2.1024094,3.6736448,1
ENSG00000197472,1.079515,2.102492,1
ENSG00000171492_2,1.1027582,0.92577606,1
ENSG00000184677,2.0386121,2.5709736,1
ENSG00000163565_2,0.06896136,0.0,1
ENSG00000197622,2.1004725,3.1374269,1
ENSG00000198625,1.9805604,2.7430549,1
ENSG00000143324,2.1952338,2.5254867,1
ENSG00000285910,0.27586272,0.0,1
ENSG00000065243_1,2.2427263,1.3460202,1
ENSG00000143514_2,2.488925,2.5273128,1
ENSG00000116667,1.5302498,0.0,1
ENSG00000130775,1.6832626,1.6628239,1
ENSG00000226067,1.4733706,0.0,1
ENSG00000158816,0.31015843,0.0,1
ENSG00000007908,0.053490482,0.0,1
ENSG00000117318,2.0218492,3.1488585,1
ENSG00000230623,0.08718607,0.0,1
ENSG00000169242,1.1647453,1.8612416,1
ENSG00000134389,0.068456315,0.0,1
ENSG00000269713,1.7282085,1.6989005,1
ENSG00000153187_3,2.3594482,2.0976043,1
ENSG00000117620,2.00303,2.3470411,1
ENSG00000079335_1,2.1992917,2.1681173,1
ENSG00000007923,2.3164523,2.711938,1
ENSG00000163531,1.2204993,0.0,1
ENSG00000253097,0.07174204,0.0,1
ENSG00000132694,2.1720521,1.7641537,1
ENSG00000240386,0.09897342,0.0,1
ENSG00000134216,0.032797493,0.0,1
ENSG00000117650,2.272542,2.607751,1
ENSG00000196240,0.03261148,0.0,1
ENSG00000134183,0.123086944,1.0441476,1
ENSG00000075391,1.7578442,1.3362796,1
ENSG00000077157_1,0.09014804,0.0,1
ENSG00000162521,2.6398275,3.3441093,1
ENSG00000143119_1,0.3647573,0.0,1
ENSG00000116984,2.2951317,2.584415,1
ENSG00000287839,0.30643898,0.9930216,1
ENSG00000198049,1.1149216,0.0,1
ENSG00000197568,1.9565195,0.0,1
ENSG00000187017,1.7647309,1.9309236,1
ENSG00000231365,2.3129435,2.7135074,1
ENSG00000134686_1,1.7856547,1.5923878,1
ENSG00000198821,0.25155786,1.0441084,1
ENSG00000097021_3,2.248936,2.2223003,1
ENSG00000170382,0.8761178,1.5372775,1
ENSG00000203666_2,2.4818625,2.6195388,1
ENSG00000117461,2.1144197,0.0,1
ENSG00000203814,1.2116988,3.9034038,1
ENSG00000162852,2.3720975,2.7357106,1
ENSG00000159339,0.30603307,0.92891794,1
ENSG00000174021,1.9466069,2.9803352,1
ENSG00000143195,1.469747,1.8019248,1
ENSG00000131781_1,0.38588557,1.0244036,1
ENSG00000225767,0.37569788,0.0,1
ENSG00000227907,0.0637914,0.0,1
ENSG00000010932,0.043693513,0.0,1
ENSG00000154222,2.5693805,0.0,1
ENSG00000180198,1.4104227,3.7473457,1
ENSG00000197852,1.0553312,1.7719327,1
ENSG00000116584,0.39051583,0.0,1
ENSG00000274265_2,1.0094713,0.0,1
ENSG00000282221,1.3522745,0.0,1
ENSG00000228536_1,0.12831037,0.0,1
ENSG00000277344,0.45858136,0.0,1
ENSG00000284738,1.2511214,1.1291418,1
ENSG00000214114,1.9843061,2.960602,1
ENSG00000171680_4,0.17818159,0.0,1
ENSG00000162374,0.049462438,0.0,1
ENSG00000119280_2,0.13228619,0.0,1
ENSG00000116981,1.4777763,1.2198726,1
ENSG00000282564,1.6536803,1.3882611,1
ENSG00000142875_5,0.033651322,0.0,1
ENSG00000227421,0.03392476,0.0,1
ENSG00000160710_1,0.55210173,0.0,1
ENSG00000196878_1,0.13041839,0.0,1
ENSG00000143799,0.1087867,0.85744107,1
ENSG00000180287,0.03937973,0.0,1
ENSG00000134256,0.08242268,0.0,1
ENSG00000143494,1.1586455,1.5539922,1
ENSG00000156875,2.3188195,2.636458,1
ENSG00000116525,0.65799,1.800706,1
ENSG00000142959,0.19924042,0.8719814,1
ENSG00000117115_1,0.727013,0.0,1
ENSG00000230489,0.3593229,0.0,1
ENSG00000134207_1,0.8755818,0.9533344,1
ENSG00000204219,1.3051066,0.0,1
ENSG00000232265,1.1984513,2.6699924,1
ENSG00000157870_1,1.8054364,1.3200008,1
ENSG00000177614,1.8112321,1.7120348,1
ENSG00000162551,1.7141446,1.3624636,1
ENSG00000116771,1.0489434,1.1634297,1
ENSG00000134748,1.7853324,2.7729397,1
ENSG00000231768,0.21858975,1.1778538,1
ENSG00000225206_2,0.0074630305,0.0,1
ENSG00000169403,0.31730467,0.0,1
ENSG00000235527,2.1237817,1.1231654,1
ENSG00000021852,0.02890724,0.0,1
ENSG00000143851,1.099961,2.310846,1
ENSG00000069248,2.3971157,2.899977,1
ENSG00000067533,1.2982072,0.0,1
ENSG00000122483,1.2269361,1.7016284,1
ENSG00000183155,2.2957182,2.4366858,1
ENSG00000134258,0.16737634,0.0,1
ENSG00000184371,1.6017756,1.9706258,1
ENSG00000197989,2.3604732,3.17588,1
ENSG00000131791,2.0515826,1.840965,1
ENSG00000143398,0.99254674,0.0,1
ENSG00000117298,0.35577863,1.0720881,1
ENSG00000162496_2,0.90894306,1.68866,1
ENSG00000162782,1.2392056,0.0,1
ENSG00000163485_2,0.07347841,0.0,1
ENSG00000116459,1.7222588,2.5580447,1
ENSG00000224536,1.7243351,0.0,1
ENSG00000162813,0.6171058,0.0,1
ENSG00000143164,2.3554015,2.9784453,1
ENSG00000143507,0.12830518,0.0,1
ENSG00000178104_4,1.3775743,1.4882263,1
ENSG00000157191,2.0207503,0.0,1
ENSG00000252135,0.17915756,0.84610194,1
ENSG00000289881,1.6219938,1.2742734,1
ENSG00000228794,0.7369148,0.0,1
ENSG00000162551_1,0.13245063,0.0,1
ENSG00000143543,2.0706537,2.9342806,1
ENSG00000207205,2.0130215,0.0,1
ENSG00000085832,0.10302004,0.0,1
ENSG00000134369,1.6175417,1.5863509,1
ENSG00000143768,0.7234121,0.0,1
ENSG00000143013_1,1.7881964,1.532627,1
ENSG00000171790,0.24903056,0.0,1
ENSG00000014914,0.18731833,0.0,1
ENSG00000117408,2.4753404,2.4670885,1
ENSG00000163362,0.2698017,0.0,1
ENSG00000227579,0.02823355,0.0,1
ENSG00000118200,1.862663,2.1025984,1
ENSG00000116675,0.16796699,0.6873506,1
ENSG00000173171_1,1.835432,2.5067186,1
ENSG00000162482,1.4419062,0.9161907,1
ENSG00000158014,1.642527,1.5636591,1
ENSG00000162650,2.1358218,2.0995426,1
ENSG00000117020_2,1.8004754,0.0,1
ENSG00000159023_1,2.2443237,2.5637302,1
ENSG00000075945,1.4332371,2.1533177,1
ENSG00000116688,2.350207,2.9692016,1
ENSG00000117691,2.133459,2.784419,1
ENSG00000130764,2.1740594,2.6619072,1
ENSG00000155367,1.9246527,1.7430391,1
ENSG00000117523,1.4558992,3.2842932,1
ENSG00000153936,2.4424257,2.4246857,1
ENSG00000163125,2.0491867,2.3966718,1
ENSG00000085832_1,2.3300157,2.5901685,1
ENSG00000290842,2.158716,1.6328317,1
ENSG00000078618_2,2.5845032,3.3051708,1
ENSG00000134716,0.3862595,0.0,1
ENSG00000162739,0.21545729,0.0,1
ENSG00000143761,2.4502468,3.4435024,1
ENSG00000185278,2.0613513,1.9671922,1
ENSG00000234741_1,1.8974321,2.8948686,1
ENSG00000120942,2.10496,0.0,1
ENSG00000134200,0.03882099,0.0,1
ENSG00000157933_1,0.6285913,0.0,1
ENSG00000231507,0.41740796,0.0,1
ENSG00000198799,2.4113052,2.4350286,1
ENSG00000135824_1,0.052192703,0.0,1
ENSG00000143442_1,0.8576507,2.3821342,1
ENSG00000179163,2.0788882,1.7891716,1
ENSG00000149527_1,0.48173964,0.0,1
ENSG00000117411_1,0.62811667,1.1150444,1
ENSG00000116171,1.2287673,2.121688,1
ENSG00000232113,0.06551706,0.0,1
ENSG00000177000_1,1.2380731,2.260708,1
ENSG00000162706,1.0957084,1.7202586,1
ENSG00000230630,0.099288486,0.0,1
ENSG00000237429,1.5181322,2.120462,1
ENSG00000188910,0.53215885,0.96217984,1
ENSG00000133226,2.4864452,3.2316403,1
ENSG00000230285,0.061781257,0.0,1
ENSG00000203785,0.049033023,0.0,1
ENSG00000055732,1.5224311,1.1579099,1
ENSG00000186564,2.0185034,1.8710414,1
ENSG00000120948_1,0.07997647,0.0,1
ENSG00000023572,2.269639,2.8519185,1
ENSG00000188931,0.16258362,0.0,1
ENSG00000183780_1,1.2932651,1.6402031,1
ENSG00000162885,2.529508,2.0705957,1
ENSG00000222650,0.072781555,0.0,1
ENSG00000182004,1.8320143,3.6163158,1
ENSG00000116977_1,0.6401974,0.0,1
ENSG00000082512,1.4054435,1.8323811,1
ENSG00000174175,0.038889565,0.0,1
ENSG00000117448,1.6705525,2.5429375,1
ENSG00000156150,0.34524277,0.0,1
ENSG00000293477,0.7987389,1.003762,1
ENSG00000117477,0.28133744,0.0,1
ENSG00000125944,2.6233187,3.2596512,1
ENSG00000189337,1.5353552,1.2976468,1
ENSG00000076321,1.8136327,2.269527,1
ENSG00000187634_1,0.5129982,0.0,1
ENSG00000116237,2.318046,2.6075838,1
ENSG00000162408,2.1218324,2.788743,1
ENSG00000228971,0.013528753,0.0,1
ENSG00000116774,0.26715767,0.0,1
ENSG00000287627,0.08797647,0.0,1
ENSG00000143578,2.2919412,1.8827522,1
ENSG00000160710_2,1.8989596,1.4595734,1
ENSG00000159023,1.607276,0.0,1
ENSG00000160789_1,1.3003281,1.0441319,1
ENSG00000203963,0.13366216,0.0,1
ENSG00000171680,0.71759623,0.0,1
ENSG00000134198,1.1631534,1.3043182,1
ENSG00000162571,0.6056985,0.93520486,1
ENSG00000162517,2.503747,2.7266507,1
ENSG00000198492,2.6818542,3.0443437,1
ENSG00000182795,0.4011884,0.0,1
ENSG00000162407,0.46194753,1.8327643,1
ENSG00000169905,0.876435,3.0093362,1
ENSG00000054267_1,2.146409,2.6173851,1
ENSG00000117090,0.11472764,0.0,1
ENSG00000116337_1,0.754659,0.0,1
ENSG00000119285,1.2528901,2.6819844,1
ENSG00000215915,0.44770837,0.0,1
ENSG00000185436,1.0384679,0.0,1
ENSG00000171603,1.9858721,2.7451293,1
ENSG00000127074,0.009701226,0.0,1
ENSG00000154358,0.43745908,0.0,1
ENSG00000143845_1,1.6878949,0.0,1
ENSG00000162783,2.3679094,2.5039403,1
ENSG00000162664,2.3836837,2.7767375,1
ENSG00000163206,0.054756403,0.0,1
ENSG00000143537,2.0175033,2.4954264,1
ENSG00000188672_1,2.2746649,0.0,1
ENSG00000173660,1.5866653,0.0,1
ENSG00000196352,2.6069117,3.5125844,1
ENSG00000142615,0.13190053,0.0,1
ENSG00000168528_1,1.4298625,1.7943138,1
ENSG00000018625,0.20087245,0.0,1
ENSG00000134369_2,0.09735505,0.76261854,1
ENSG00000143845,0.12474976,0.0,1
ENSG00000160051,1.8515656,2.1439698,1
ENSG00000117016_1,1.2659197,0.0,1
ENSG00000162614,1.5137358,1.6999764,1
ENSG00000116514,1.9461217,1.9374677,1
ENSG00000162601,1.3118304,0.0,1
ENSG00000180287_1,1.5223801,1.8563966,1
ENSG00000228192,1.967092,0.0,1
ENSG00000072694,0.18821532,0.0,1
ENSG00000183598,1.0207684,3.372402,1
ENSG00000206620,0.44808507,1.177825,1
ENSG00000117586,0.038849197,0.0,1
ENSG00000143401,1.1271884,0.0,1
ENSG00000185860,0.041783363,0.0,1
ENSG00000286600,0.11934836,0.7761925,1
ENSG00000213064,2.1879506,2.7179732,1
ENSG00000135842,1.6354377,2.402796,1
ENSG00000237853,0.519671,0.0,1
ENSG00000284657,1.6123606,0.0,1
ENSG00000021852_1,0.046773143,0.0,1
ENSG00000116141,1.3307691,1.7125571,1
ENSG00000020129,2.078588,2.5470986,1
ENSG00000116212_1,2.0533187,2.458381,1
ENSG00000133069_2,0.27147138,0.0,1
ENSG00000237505,2.0332098,2.0625932,1
ENSG00000163374_1,1.9965035,2.4329212,1
ENSG00000156097,0.235493,0.0,1
ENSG00000236963_1,0.093535714,0.60957307,1
ENSG00000162639,1.4545338,0.0,1
ENSG00000126091_1,0.09449108,0.0,1
ENSG00000200087,0.6033698,1.4157411,1
ENSG00000067606_2,0.28133854,0.0,1
ENSG00000143622_1,0.901124,2.3023114,1
ENSG00000188739,1.9076831,2.6406524,1
ENSG00000186283,1.8852379,2.310842,1
ENSG00000009709_1,1.124353,1.1331235,1
ENSG00000169972,2.221768,2.4909272,1
ENSG00000004455_1,1.5492827,0.0,1
ENSG00000134202,1.3957287,1.7069225,1
ENSG00000143033,1.8489707,2.4073553,1
ENSG00000157064,0.36833537,0.0,1
ENSG00000160678,0.27719736,0.0,1
ENSG00000133065_1,0.84010434,1.5876436,1
ENSG00000143153_2,0.1199185,0.0,1
ENSG00000189433,0.08857485,0.0,1
ENSG00000133048,0.2338795,0.0,1
ENSG00000143416,0.41138893,0.0,1
ENSG00000159166,1.2259648,0.0,1
ENSG00000162910,2.1629822,0.0,1
ENSG00000233593,0.47998095,0.0,1
ENSG00000162458_1,1.3901,1.0984014,1
ENSG00000162843,0.10590216,0.0,1
ENSG00000143337_3,2.2133183,0.0,1
ENSG00000117597,1.0018667,2.605696,1
ENSG00000143641,2.31698,2.1906817,1
ENSG00000154358_1,0.5521222,1.0489078,1
ENSG00000171812,1.5020909,0.0,1
ENSG00000196182,2.642813,2.0975661,1
ENSG00000186501,2.3350804,0.0,1
ENSG00000162437,1.7325764,1.849665,1
ENSG00000203747,0.131545,0.0,1
ENSG00000143614,2.2146938,2.6307533,1
ENSG00000158195,2.5503771,3.108964,1
ENSG00000127481,0.106345505,0.0,1
ENSG00000143179,2.2127478,2.7777748,1
ENSG00000228309,0.03654089,0.0,1
ENSG00000116254,1.8069983,1.2742964,1
ENSG00000116857,1.8242261,2.3027658,1
ENSG00000121933_1,0.073208794,0.0,1
ENSG00000159214,1.7444174,1.7151088,1
ENSG00000117152,0.10000622,0.0,1
ENSG00000116852,1.8092848,2.2984185,1
ENSG00000196189,0.23460117,0.0,1
ENSG00000198815_2,0.6340875,0.6411567,1
ENSG00000008118,0.13275775,0.0,1
ENSG00000250734,0.23280948,1.0368284,1
ENSG00000171357,1.022415,1.1291741,1
ENSG00000066294,0.26790962,0.0,1
ENSG00000188396,1.6797307,0.0,1
ENSG00000067606_1,0.36267847,0.8929512,1
ENSG00000188672,0.71072906,0.0,1
ENSG00000163263,0.10137088,0.0,1
ENSG00000197965,2.1828945,2.8266804,1
ENSG00000162687,0.30889407,0.7290838,1
ENSG00000009724,0.33181167,0.93515444,1
ENSG00000186226,0.057672106,0.0,1
ENSG00000160058,2.2429,2.6130517,1
ENSG00000224051_1,0.9358813,0.0,1
ENSG00000121940,2.1633182,2.8461885,1
ENSG00000203857,0.05643131,0.0,1
ENSG00000169218,1.3010162,1.4085282,1
ENSG00000054116,2.3904812,2.7650363,1
ENSG00000173409,1.816531,0.0,1
ENSG00000280587_1,0.43426543,0.0,1
ENSG00000159166_2,0.5322812,1.570858,1
ENSG00000091483,2.0444245,3.5791454,1
ENSG00000235933,0.09466463,0.0,1
ENSG00000123685,1.7712567,1.5708348,1
ENSG00000179546,1.560219,1.1211658,1
ENSG00000184908,0.3987636,0.0,1
ENSG00000230798,1.4373287,0.0,1
ENSG00000162896_1,0.115714625,0.0,1
ENSG00000143226_1,0.6368992,1.3495883,1
ENSG00000163221,0.049567424,0.0,1
ENSG00000171680_3,0.86654323,1.0064062,1
ENSG00000179051_1,1.8454794,2.6505213,1
ENSG00000285053,1.9776561,2.0999222,1
ENSG00000242252,0.5437283,1.241895,1
ENSG00000116521_1,0.97939616,2.8117123,1
ENSG00000274020,0.10989855,0.0,1
ENSG00000223635,2.3878603,1.5642872,1
ENSG00000143575,1.1271667,3.28317,1
ENSG00000163239_1,1.5326195,0.0,1
ENSG00000291068,2.4266343,2.3916194,1
ENSG00000152061_4,0.6564202,0.0,1
ENSG00000238279,0.4337055,0.0,1
ENSG00000073756,0.7594134,0.0,1
ENSG00000143858,0.93670326,0.0,1
ENSG00000248333,2.4912653,3.0530632,1
ENSG00000162613,2.2126245,3.6054041,1
ENSG00000196482_1,0.026463382,0.0,1
ENSG00000123689,1.4538996,1.6668454,1
ENSG00000143353_1,1.76134,1.3175076,1
ENSG00000284882,2.2205727,0.0,1
ENSG00000197056,1.3210303,2.3283632,1
ENSG00000134243_1,2.116147,2.6521013,1
ENSG00000213085,0.46162266,0.0,1
ENSG00000198744,3.052796,3.3948367,1
ENSG00000143595,0.53699726,1.7981325,1
ENSG00000000938_2,0.39879954,0.0,1
ENSG00000180098,1.785507,0.0,1
ENSG00000163867,1.6564779,2.329764,1
ENSG00000074964_1,0.41400415,0.0,1
ENSG00000163435,0.2808033,0.0,1
ENSG00000118873,2.2050686,2.096639,1
ENSG00000197747,0.23200798,0.0,1
ENSG00000116649,2.3097775,3.1446738,1
ENSG00000282881,0.13259,0.0,1
ENSG00000178796,0.77128077,0.0,1
ENSG00000054277,2.38274,2.9196951,1
ENSG00000196418,0.08508334,0.0,1
ENSG00000154370,2.267111,2.7981782,1
ENSG00000085831_1,1.1612002,0.0,1
ENSG00000049247,0.08178995,0.0,1
ENSG00000143554,1.6126986,1.779957,1
ENSG00000117410,2.4645154,2.6862698,1
ENSG00000226919,0.28430513,0.0,1
ENSG00000234694,2.1672368,0.0,1
ENSG00000136643,2.151528,2.6569898,1
ENSG00000291158_3,0.9914004,0.0,1
ENSG00000173662,0.3611589,0.0,1
ENSG00000117600_1,0.9282887,1.4348211,1
ENSG00000142687,2.4939616,2.5256355,1
ENSG00000143842,0.76431006,1.3624448,1
ENSG00000117862,1.5894649,0.0,1
ENSG00000159352,1.1009358,2.6062846,1
ENSG00000244020,0.4530381,1.1560643,1
ENSG00000272438,1.8805664,0.0,1
ENSG00000287587,1.4478167,0.0,1
ENSG00000143314,1.709075,0.0,1
ENSG00000249087,2.6159248,1.9634572,1
ENSG00000143153_1,1.9438362,1.7700932,1
ENSG00000177301_1,0.8299484,0.7894397,1
ENSG00000143409_1,0.7227027,2.1594198,1
ENSG00000121766,2.336141,3.0009675,1
ENSG00000274265_1,1.5839278,1.1866908,1
ENSG00000118217,0.99279726,2.6683645,1
ENSG00000162825,1.7962117,0.0,1
ENSG00000242485,2.2515483,3.4043102,1
ENSG00000227043,0.041161582,0.0,1
ENSG00000127124_3,1.8214881,1.4864872,1
ENSG00000237728,0.19214591,0.0,1
ENSG00000236719_1,0.0979385,0.0,1
ENSG00000243284,0.15208787,0.0,1
ENSG00000163354,0.19788149,0.0,1
ENSG00000189339,2.53679,1.9915361,1
ENSG00000154305,2.0865424,2.906564,1
ENSG00000143319_1,2.3637214,3.0075772,1
ENSG00000143384,2.3230774,3.2708628,1
ENSG00000230630_1,0.08722274,0.0,1
ENSG00000173614,1.0390646,0.0,1
ENSG00000162735_1,0.6148635,2.6142802,1
ENSG00000143514_1,0.09353369,0.0,1
ENSG00000253304,1.004264,1.1615776,1
ENSG00000160050,1.4684088,2.077615,1
ENSG00000181754,1.6550272,0.0,1
ENSG00000143570_1,1.6901629,1.8363051,1
ENSG00000127603,2.11202,1.8131338,1
ENSG00000175984,1.4032446,0.0,1
ENSG00000215853,0.004174534,0.0,1
ENSG00000162909,0.42660272,0.0,1
ENSG00000183856,0.68337864,0.0,1
ENSG00000243710,1.9136075,1.2419249,1
ENSG00000143322_1,1.9065474,2.007039,1
ENSG00000135776,2.4107492,2.6641905,1
ENSG00000184371_1,1.8371453,2.0307615,1
ENSG00000172339,1.728057,2.2967353,1
ENSG00000117748,2.442881,0.0,1
ENSG00000163159,1.4765749,2.3365297,1
ENSG00000117395_1,0.10265228,0.0,1
ENSG00000132485,1.4844983,0.0,1
ENSG00000042781,0.06233385,0.0,1
ENSG00000228288,1.9147315,1.8951461,1
ENSG00000163874,2.1432462,1.8531017,1
ENSG00000117543,1.5551349,0.0,1
ENSG00000174567,0.5817433,0.0,1
ENSG00000206680,0.07190942,0.0,1
ENSG00000286071,0.039613165,2.1849666,1
ENSG00000230426_1,0.04243125,0.0,1
ENSG00000132855,0.033623993,0.0,1
ENSG00000143469,0.056169398,0.0,1
ENSG00000243062,0.084012166,0.0,1
ENSG00000211452,0.2116569,0.0,1
ENSG00000099260,0.50469095,0.0,1
ENSG00000049089_1,1.0088432,1.1211789,1
ENSG00000188807,2.1939862,1.6169479,1
ENSG00000118292,0.2523706,0.0,1
ENSG00000243480,0.07559376,0.0,1
ENSG00000134376,0.061693527,0.0,1
ENSG00000160094,1.8019991,1.6837133,1
ENSG00000116983,0.9771659,0.0,1
ENSG00000134186,2.2681806,3.0706325,1
ENSG00000162458,0.23828697,0.0,1
ENSG00000171735,2.2018268,1.6714135,1
ENSG00000198574,0.21738335,0.0,1
ENSG00000143248_1,1.919055,0.0,1
ENSG00000223382,1.8901455,0.0,1
ENSG00000160049,1.8920946,0.0,1
ENSG00000143751,2.4581885,2.7877076,1
ENSG00000231999,2.042486,1.5207193,1
ENSG00000183114,0.8395856,1.3794506,1
ENSG00000169224,0.080157936,0.0,1
ENSG00000143196,0.043106668,0.0,1
ENSG00000240021,0.21353811,0.0,1
ENSG00000142621_2,0.098639175,0.0,1
ENSG00000198815_1,2.2539697,2.7868152,1
ENSG00000143499,2.212324,2.0870712,1
ENSG00000163239,1.763535,1.4846983,1
ENSG00000188295,1.917378,2.1793306,1
ENSG00000066557,1.9324212,0.0,1
ENSG00000162542,1.5412985,1.3275837,1
ENSG00000227496,0.07391039,0.0,1
ENSG00000173846,2.3408358,2.2171626,1
ENSG00000158793,2.1148207,2.3043418,1
ENSG00000224445,0.048517168,0.0,1
ENSG00000237463,0.059141405,0.0,1
ENSG00000077585,1.7834288,1.7063593,1
ENSG00000137955_1,0.8292465,2.1373637,1
ENSG00000127423,1.9234884,2.7230442,1
ENSG00000203782,0.100494795,0.0,1
ENSG00000290592,0.14200753,0.0,1
ENSG00000127603_3,0.23355126,0.0,1
ENSG00000293271,1.2905302,0.0,1
ENSG00000180198_1,2.3692193,2.5018122,1
ENSG00000142698,1.066627,1.506126,1
ENSG00000233730,0.040578574,0.0,1
ENSG00000142973,0.16876289,0.0,1
ENSG00000271723,0.10407092,0.0,1
ENSG00000143702,0.1582151,0.0,1
ENSG00000142632,1.8021319,1.462428,1
ENSG00000223075,0.049288534,0.0,1
ENSG00000201317,0.093728535,0.0,1
ENSG00000130772,1.4022821,0.0,1
ENSG00000159164,0.32677868,0.0,1
ENSG00000116833_1,0.43671307,0.0,1
ENSG00000174606,2.1296344,0.0,1
ENSG00000234754,0.03360728,0.0,1
ENSG00000171960,1.8805854,2.8615248,1
ENSG00000273338,0.9373986,1.9346701,1
ENSG00000162433,1.8702624,2.0866444,1
ENSG00000065600,1.1546073,2.126693,1
ENSG00000057252,2.1105843,2.3605518,1
ENSG00000117245_1,1.6633103,1.5017848,1
ENSG00000186197,0.16848713,0.0,1
ENSG00000143578_2,0.73911816,0.0,1
ENSG00000143498,0.8438503,0.0,1
ENSG00000142748,0.10111959,0.0,1
ENSG00000285280,0.061989244,0.0,1
ENSG00000233203,1.6176116,3.1976664,1
ENSG00000162775,2.3104649,2.7811842,1
ENSG00000265241,1.116166,2.7846901,1
ENSG00000160716,0.8718922,1.420863,1
ENSG00000162618_1,0.044469073,0.0,1
ENSG00000116761,1.7396054,2.688563,1
ENSG00000162598,0.1894005,0.0,1
ENSG00000162493_1,0.75974447,0.0,1
ENSG00000116489,1.6421765,3.688241,1
ENSG00000196517_1,0.9388044,1.8114811,1
ENSG00000163875,2.4512525,2.9008896,1
ENSG00000135744,0.2742185,0.0,1
ENSG00000143319,2.2559383,2.5306926,1
ENSG00000181450,1.432522,2.282511,1
ENSG00000134253,2.1149516,1.6078302,1
ENSG00000082512_1,1.6657856,1.670793,1
ENSG00000137960_1,1.3074131,1.2895889,1
ENSG00000152382,2.254171,0.0,1
ENSG00000171608,1.6632116,2.0468774,1
ENSG00000121931,2.3060262,3.1924531,1
ENSG00000116809,1.6402416,2.465109,1
ENSG00000154380,0.048187867,0.0,1
ENSG00000009790_1,0.1822913,0.0,1
ENSG00000179639,0.045152538,0.0,1
ENSG00000116580,1.4783225,2.338048,1
ENSG00000203685,1.4385803,1.5101695,1
ENSG00000132681_1,0.07651359,0.0,1
ENSG00000143549,0.25465512,0.0,1
ENSG00000160753_2,1.5219822,2.3669121,1
ENSG00000203666,1.4536912,1.3578777,1
ENSG00000127463,2.1867592,2.774173,1
ENSG00000134262,2.3518023,1.2771735,1
ENSG00000121905_1,1.4290056,1.1211658,1
ENSG00000048707,2.0323257,1.6892289,1
ENSG00000162670_1,0.12092629,0.0,1
ENSG00000177272,1.6844356,1.671432,1
ENSG00000163468_1,1.9721575,3.6001656,1
ENSG00000116455,1.780324,2.626401,1
ENSG00000173947,0.9698292,0.0,1
ENSG00000143512,0.13086098,0.0,1
ENSG00000122477,0.08216388,0.0,1
ENSG00000188984,0.18848991,0.0,1
ENSG00000158714,0.14617287,0.0,1
ENSG00000203786,0.06824319,0.0,1
ENSG00000282843,0.07456343,0.0,1
ENSG00000168264_1,2.1675415,1.8844554,1
ENSG00000123472,0.08525583,0.0,1
ENSG00000204362,0.06728026,0.0,1
ENSG00000143322,0.08922674,0.0,1
ENSG00000285053_1,0.6499283,0.0,1
ENSG00000117713,2.4483259,2.542315,1
ENSG00000178028,1.0393207,1.9904543,1
ENSG00000236427_1,0.030979488,0.0,1
ENSG00000134690,2.081498,3.103756,1
ENSG00000143363,1.6822741,2.2261357,1
ENSG00000143624_1,0.14981183,0.0,1
ENSG00000121486,2.2459154,2.3303936,1
ENSG00000117640_1,2.5217352,1.5700641,1
ENSG00000163156,1.2554696,2.4834619,1
ENSG00000174332_1,1.8510983,1.6221,1
ENSG00000117707_2,0.17706198,0.0,1
ENSG00000122432,2.3977997,2.9039469,1
ENSG00000197915,0.01132378,0.0,1
ENSG00000162365,0.28023428,0.0,1
ENSG00000117748_1,2.1871402,3.0260508,1
ENSG00000157873,0.495857,0.0,1
ENSG00000116539,2.5958526,2.373004,1
ENSG00000000938_1,0.14660627,0.0,1
ENSG00000133055,0.31153792,0.0,1
ENSG00000136634,0.18479192,0.8461762,1
ENSG00000137936_2,1.2658999,1.5577357,1
ENSG00000125462_3,0.23434445,0.0,1
ENSG00000142657,2.432632,3.398617,1
ENSG00000126070,2.4035106,2.4515576,1
ENSG00000117461_1,2.568911,1.632852,1
ENSG00000169885,0.17257442,0.0,1
ENSG00000048707_1,0.11399024,0.0,1
ENSG00000143106,2.1033044,0.0,1
ENSG00000143520,0.034929745,0.0,1
ENSG00000162607,2.3397167,2.5040493,1
ENSG00000162383,0.42439753,0.0,1
ENSG00000127124,1.707818,1.9169695,1
ENSG00000160767,0.25150424,1.0629954,1
ENSG00000233602,0.08461229,0.0,1
ENSG00000160741_1,2.08249,0.0,1
ENSG00000197880,0.12857847,0.0,1
ENSG00000143341,0.4550997,1.7618903,1
ENSG00000122417_1,1.0388557,1.6842707,1
ENSG00000204084,1.755353,2.04065,1
ENSG00000143771,1.764678,2.448049,1
ENSG00000215808,0.061189793,0.0,1
ENSG00000120341,0.043199196,0.0,1
ENSG00000137955,1.3769798,3.0719225,1
ENSG00000117122,0.15919024,0.78938323,1
ENSG00000117335,2.3749614,3.405237,1
ENSG00000135835_2,0.15970257,1.0441005,1
ENSG00000174514,1.6661234,1.5664847,1
ENSG00000132122_1,1.5014555,0.0,1
ENSG00000137996,1.9512846,3.071488,1
ENSG00000156171_1,2.3751159,2.6979144,1
ENSG00000238142_1,0.5198586,0.0,1
ENSG00000160753_1,1.8303833,1.2118678,1
ENSG00000143479,2.3246765,2.0899403,1
ENSG00000168275_1,2.184138,2.026758,1
ENSG00000215845,1.0052664,1.3201047,1
ENSG00000281406_1,1.4536781,1.2118678,1
ENSG00000142789,0.117803626,0.0,1
ENSG00000097096,2.2336252,1.8721272,1
ENSG00000132781,2.3053331,2.226373,1
ENSG00000176393,2.1258795,2.6374598,1
ENSG00000196890,2.0755785,2.806058,1
ENSG00000203739_1,2.446225,1.9726655,1
ENSG00000143337_2,2.5041006,2.7090282,1
ENSG00000236963,0.055659316,0.0,1
ENSG00000198756,0.94261587,2.3907409,1
ENSG00000143376,1.9835792,2.505123,1
ENSG00000172155,0.17607355,0.0,1
ENSG00000152061_2,0.06267681,0.0,1
ENSG00000198929_1,0.60712194,1.3471934,1
ENSG00000233791_1,2.2441053,0.0,1
ENSG00000162460,0.25980467,0.0,1
ENSG00000160856,0.037711315,0.0,1
ENSG00000203325,0.9752112,0.9984337,1
ENSG00000143653,2.0346687,2.6785512,1
ENSG00000287516,0.07191997,0.0,1
ENSG00000207241,0.24465588,0.0,1
ENSG00000186364,1.1904787,1.8802418,1
ENSG00000132702,0.10666743,0.0,1
ENSG00000236021,2.3266914,1.9201756,1
ENSG00000162643,0.11362635,0.0,1
ENSG00000078618_1,0.822311,0.0,1
ENSG00000215866,1.2001798,1.2613343,1
ENSG00000177181,1.7328017,1.3625767,1
ENSG00000162894_1,0.15800458,0.0,1
ENSG00000178096,0.4675334,0.7034633,1
ENSG00000134668_1,0.5489914,0.0,1
ENSG00000143369,0.5976216,0.0,1
ENSG00000162892,0.083713174,0.0,1
ENSG00000183888,0.23770282,0.0,1
ENSG00000293505,1.843317,0.0,1
ENSG00000117036,2.0395927,0.0,1
ENSG00000133067,0.8086581,1.343507,1
ENSG00000117155,2.354793,2.3727777,1
ENSG00000171729_1,1.4754164,1.3350565,1
ENSG00000228526_2,0.8361518,1.6978307,1
ENSG00000157077,2.2097266,2.298176,1
ENSG00000126106,2.1037922,0.0,1
ENSG00000143569,2.528555,2.862042,1
ENSG00000158874_1,0.14586788,0.0,1
ENSG00000263961,0.09252163,0.0,1
ENSG00000185420,1.0669501,0.0,1
ENSG00000293279,1.4636939,0.0,1
ENSG00000154007,0.010274202,0.0,1
ENSG00000183520,2.0833125,3.3474314,1
ENSG00000198570,0.41119456,1.0465342,1
ENSG00000137968,0.054331325,0.0,1
ENSG00000232480,1.3278062,0.0,1
ENSG00000162714,2.2356594,0.0,1
ENSG00000122435,1.2675396,2.402899,1
ENSG00000121957,2.1167822,2.4450076,1
ENSG00000163216,0.10804069,0.0,1
ENSG00000117020_1,1.7791516,1.4178867,1
ENSG00000237976,1.0786321,2.0051806,1
ENSG00000117625_1,1.0550013,0.0,1
ENSG00000235169,2.0245624,2.1891813,1
ENSG00000121775,2.2716894,2.5100098,1
ENSG00000158315,0.20973706,0.0,1
ENSG00000143816,1.7902536,1.7865101,1
ENSG00000143184,0.03457945,0.0,1
ENSG00000291158_2,1.4804623,1.5420532,1
ENSG00000116350,2.7057774,2.9266675,1
ENSG00000116679,2.2380679,2.8642037,1
ENSG00000143437_1,1.9747198,2.3906367,1
ENSG00000163565_1,0.036215834,0.0,1
ENSG00000196878,0.21292216,0.0,1
ENSG00000009709,0.54785746,0.0,1
ENSG00000201609,0.12518692,0.0,1
ENSG00000154429_1,1.9061326,2.4269779,1
ENSG00000158748,1.5930101,1.3613123,1
ENSG00000197520_1,0.07663026,0.0,1
ENSG00000213625,2.5924191,2.523468,1
ENSG00000224174,0.4182943,0.0,1
ENSG00000169962,0.48453254,0.0,1
ENSG00000177606,1.9721255,2.1357462,1
ENSG00000116213,1.3084558,1.8688912,1
ENSG00000184588_5,0.056533955,0.0,1
ENSG00000196517,0.6206309,1.089778,1
ENSG00000159208,0.41318128,0.0,1
ENSG00000160741,0.19940859,0.0,1
ENSG00000233514,0.14359769,1.796505,1
ENSG00000240409,2.467967,4.121724,1
ENSG00000117394_1,2.3229835,3.2006617,1
ENSG00000122481,1.9970827,2.3311074,1
ENSG00000059588,1.4076704,2.1575778,1
ENSG00000231605,0.19770727,0.0,1
ENSG00000079277_1,1.4654202,0.0,1
ENSG00000088035,1.8577144,2.2867908,1
ENSG00000162771,0.12420662,0.0,1
ENSG00000237330,0.6087768,0.0,1
ENSG00000142973_1,0.1576109,0.0,1
ENSG00000116133,2.2660794,3.1790202,1
ENSG00000073754,0.014824934,0.0,1
ENSG00000143157,2.278979,2.417289,1
ENSG00000158716,1.9572796,1.9760243,1
ENSG00000226486,0.054894753,0.0,1
ENSG00000143851_1,1.3033013,0.0,1
ENSG00000173372,0.19618079,0.0,1
ENSG00000198520_1,0.31678903,0.99038327,1
ENSG00000143420,1.8264678,0.0,1
ENSG00000162520,1.6591718,0.0,1
ENSG00000187862,0.15134177,0.0,1
ENSG00000160752,1.8493406,2.9670067,1
ENSG00000160753,1.1630374,1.0583122,1
ENSG00000181773,2.1344972,0.0,1
ENSG00000142700,1.0314714,1.322517,1
ENSG00000227070,1.2292825,2.4008884,1
ENSG00000290867,1.0531243,0.0,1
ENSG00000143674,1.7220771,1.4328572,1
ENSG00000159596,1.3926067,0.0,1
ENSG00000125462_2,1.4153637,1.8204774,1
ENSG00000162946,1.3879542,0.0,1
ENSG00000241563,0.4093381,1.2963141,1
ENSG00000169174,1.5271671,2.2172313,1
ENSG00000092847,0.76314753,0.0,1
ENSG00000157216_1,2.2481604,2.7590406,1
ENSG00000180667_1,1.8688176,0.0,1
ENSG00000078808,2.3738518,2.8116667,1
ENSG00000134215,0.025739625,0.0,1
ENSG00000143224,2.3320537,2.2654312,1
ENSG00000049246,1.9906442,1.7745973,1
ENSG00000233290,0.048932828,0.0,1
ENSG00000170075,0.53501284,1.1130203,1
ENSG00000158292,1.8371639,1.8107029,1
ENSG00000202056,0.6483621,0.8423596,1
ENSG00000074800_2,2.5907004,4.387593,1
ENSG00000213281,1.2913718,2.8129108,1
ENSG00000286109,0.16029409,0.0,1
ENSG00000162819_1,1.2432172,0.0,1
ENSG00000169469,0.06584078,0.0,1
ENSG00000169509,0.06373809,0.0,1
ENSG00000134255_1,2.3787785,2.8236027,1
ENSG00000143365_1,0.12261566,0.62252486,1
ENSG00000207340,0.50131124,0.0,1
ENSG00000162946_1,0.08866461,0.0,1
ENSG00000184371_2,2.1079612,1.6639646,1
ENSG00000121957_1,2.1539893,0.0,1
ENSG00000134207,1.3933975,1.6058866,1
ENSG00000181036_1,0.10112267,0.0,1
ENSG00000143315,0.9376455,1.8272723,1
ENSG00000253368,1.6777571,1.5778248,1
ENSG00000116251,2.2453606,3.2481253,1
ENSG00000224965,1.8330295,0.0,1
ENSG00000125462_4,0.15686786,0.0,1
ENSG00000196189_1,0.37265927,1.0218918,1
ENSG00000219481,2.5006282,2.3528576,1
ENSG00000269113,1.6530833,1.3894496,1
ENSG00000116830,1.8800807,2.1634238,1
ENSG00000160789_2,0.23831329,0.0,1
ENSG00000179914,0.045653127,0.0,1
ENSG00000198483,0.6339758,0.0,1
ENSG00000134262_1,2.5931246,2.206151,1
ENSG00000238164,0.34609538,0.0,1
ENSG00000133059,2.1125093,1.5509984,1
ENSG00000171786,0.45890254,0.0,1
ENSG00000178821,1.9127481,2.041286,1
ENSG00000143786,0.13027799,0.0,1
ENSG00000213366,0.9233858,0.0,1
ENSG00000117523_1,0.05754111,0.0,1
ENSG00000197429,2.5242283,1.8841097,1
ENSG00000054392_1,1.1365645,1.5473316,1
ENSG00000179456,0.07739139,0.7806341,1
ENSG00000287684,0.06357438,0.0,1
ENSG00000116786,2.0267904,2.4002357,1
ENSG00000291137,0.24492344,0.0,1
ENSG00000160781,0.2381537,0.0,1
ENSG00000134184,0.9457986,0.98209023,1
ENSG00000234546,0.76986176,1.140885,1
ENSG00000233482,0.034131452,0.0,1
ENSG00000236719,0.25012028,1.2342844,1
ENSG00000169231,0.30520326,0.0,1
ENSG00000160075_1,2.4285178,3.3847833,1
ENSG00000162599_2,2.0262094,2.059571,1
ENSG00000143198,1.5550737,2.7800803,1
ENSG00000163349,2.4398828,2.705127,1
ENSG00000117594,0.10020281,0.0,1
ENSG00000142875_3,0.066733286,0.0,1
ENSG00000131781_2,2.0910273,2.7645102,1
ENSG00000121753_1,1.8358333,1.8899736,1
ENSG00000228382,0.07449498,0.0,1
ENSG00000116604,2.0983794,1.9224141,1
ENSG00000074800_1,1.8196874,0.0,1
ENSG00000263513,2.179473,0.0,1
ENSG00000142875_1,0.035772692,0.0,1
ENSG00000118194_1,0.089994796,0.0,1
ENSG00000184007,0.102580965,0.0,1
ENSG00000142686,2.1093304,1.9337251,1
ENSG00000177674,2.0608883,2.5226867,1
ENSG00000060642,2.4243665,1.8557129,1
ENSG00000143799_1,2.1785965,3.27771,1
ENSG00000157978_1,0.33026725,0.0,1
ENSG00000198468,2.2827868,0.0,1
ENSG00000143847,2.1455142,1.9268156,1
ENSG00000163218,0.08737164,0.0,1
ENSG00000178828,0.13612707,0.0,1
ENSG00000036549_1,1.6317085,0.0,1
ENSG00000132773,2.4467115,2.438868,1
ENSG00000162772,2.1529562,0.0,1
ENSG00000159409,0.4690998,0.0,1
ENSG00000188529,2.672737,3.3135488,1
ENSG00000198830_1,2.018577,1.7899895,1
ENSG00000143190,2.4196358,2.3569736,1
ENSG00000163545,1.4855067,1.6633805,1
ENSG00000163565,0.08432295,0.0,1
ENSG00000183726,2.3048463,3.4122825,1
ENSG00000134744,2.166224,2.4426632,1
ENSG00000163485,0.6266822,0.0,1
ENSG00000286071_1,0.037560433,0.0,1
ENSG00000290569,1.4941773,0.0,1
ENSG00000186160,0.058090143,0.0,1
ENSG00000185630_1,0.19614714,0.0,1
ENSG00000132692,1.366227,1.7248491,1
ENSG00000023902,1.8690763,1.7196958,1
ENSG00000215835,0.11729952,2.2596893,1
ENSG00000232093,2.130847,2.0245225,1
ENSG00000184007_2,2.5178545,3.5243416,1
ENSG00000130770,1.9791176,3.9115336,1
ENSG00000157193_1,2.0293474,2.665137,1
ENSG00000224968,0.10027103,0.0,1
ENSG00000117751,1.8194366,2.2583475,1
ENSG00000162736_1,0.11236337,0.0,1
ENSG00000184330,0.057131402,0.0,1
ENSG00000223694,0.034627564,0.0,1
ENSG00000162670,0.044175424,0.76267856,1
ENSG00000168389,1.5617702,0.0,1
ENSG00000238287,1.4805983,0.0,1
ENSG00000116922,1.123209,0.0,1
ENSG00000198912,2.3154023,2.6866567,1
ENSG00000203965,1.5937991,2.1186118,1
ENSG00000159516,0.04311706,0.0,1
ENSG00000168679,0.08889401,0.0,1
ENSG00000162763,0.1248357,0.0,1
ENSG00000134215_1,1.5957139,1.4714677,1
ENSG00000151418,0.050475933,0.0,1
ENSG00000158715,1.6853217,1.634064,1
ENSG00000157881,1.9505408,2.5356612,1
ENSG00000186063_1,1.3455037,0.0,1
ENSG00000238107,1.8102071,0.0,1
ENSG00000187801,2.1652188,0.0,1
ENSG00000116459_1,1.6616466,3.6387267,1
ENSG00000143702_2,2.3013883,2.7833462,1
ENSG00000160803,2.2324138,2.1144176,1
ENSG00000196482_4,0.7018822,1.1447299,1
ENSG00000132906,2.3805966,2.5900745,1
ENSG00000176261,1.2977703,0.0,1
ENSG00000158006,1.6696968,0.0,1
ENSG00000212916,1.2987777,1.2882268,1
ENSG00000228044,0.08716791,0.0,1
ENSG00000143337_1,2.5715528,2.10185,1
ENSG00000130940,1.3489411,1.4993296,1
ENSG00000117481,2.006257,2.3377187,1
ENSG00000085433,2.1458225,1.9359051,1
ENSG00000116183_1,0.07925195,0.0,1
ENSG00000183386_1,2.2919228,3.4682395,1
ENSG00000120333_1,1.6103873,2.7934692,1
ENSG00000171824,2.1427963,3.0103168,1
ENSG00000171806,1.9213784,2.1114573,1
ENSG00000066056,0.097958,0.0,1
ENSG00000159173_1,0.125839,0.0,1
ENSG00000259788,2.2781906,1.0218918,1
ENSG00000122484,1.890109,2.3278246,1
ENSG00000185842,2.2398148,3.0625632,1
ENSG00000196189_3,0.3431174,0.0,1
ENSG00000188786,1.7563046,0.0,1
ENSG00000118473_1,0.43021592,0.0,1
ENSG00000116985,1.9761318,1.5442418,1
ENSG00000117528,2.0653973,2.3646467,1
ENSG00000049245,2.101219,2.8251948,1
ENSG00000171612,2.3004925,2.5280988,1
ENSG00000184588_3,0.053283088,0.0,1
ENSG00000142583_3,0.1420447,0.0,1
ENSG00000158008,0.44842714,0.84992284,1
ENSG00000186510,0.30948618,0.0,1
ENSG00000116871,2.2629979,2.7719328,1
ENSG00000204160,2.0078006,2.814434,1
ENSG00000232077,0.030658148,0.0,1
ENSG00000284188,1.1863948,1.6720054,1
ENSG00000143127,0.23981321,0.0,1
ENSG00000116791,0.7443493,0.0,1
ENSG00000203740,0.095751725,0.0,1
ENSG00000228794_1,2.4686923,2.6541207,1
ENSG00000230138,0.14203906,0.0,1
ENSG00000134644,2.3198714,2.359308,1
ENSG00000066279,1.9882034,2.9051216,1
ENSG00000151414,2.2606778,2.6894696,1
ENSG00000304119,1.609952,0.9412828,1
ENSG00000230424,2.6889648,2.3484995,1
ENSG00000117009,0.21161598,0.0,1
ENSG00000162779,1.503645,0.0,1
ENSG00000132122_2,1.5328715,0.0,1
ENSG00000014914_2,0.19679248,0.9708116,1
ENSG00000134369_3,0.15228531,0.0,1
ENSG00000274210,1.9505246,2.9727628,1
ENSG00000162594,0.06006477,0.0,1
ENSG00000143418,0.20974967,0.0,1
ENSG00000134369_1,0.96131796,1.1292063,1
ENSG00000285629,0.12917854,0.0,1
ENSG00000236782,0.3467875,0.0,1
ENSG00000159445,2.43515,0.0,1
ENSG00000117262,2.0586944,1.7400925,1
ENSG00000136636,2.0677717,2.7386997,1
ENSG00000116991,1.5933137,1.3784888,1
ENSG00000117069,0.4893947,0.0,1
ENSG00000143815,2.5077238,3.2060862,1
ENSG00000118454,2.1008778,2.453931,1
ENSG00000044012,0.2826849,1.1723752,1
ENSG00000117500,2.3668618,2.7783713,1
ENSG00000077522,1.6829498,1.4605521,1
ENSG00000116574,1.6948246,1.4933325,1
ENSG00000117118_1,1.4318849,3.2132971,1
ENSG00000198492_1,2.691782,3.0655236,1
ENSG00000243725,1.3690406,0.0,1
ENSG00000198892_1,1.3890913,0.0,1
ENSG00000116874_1,1.9357098,2.6886067,1
ENSG00000164002,1.4923452,1.4977036,1
ENSG00000163468,0.11273634,0.0,1
ENSG00000198892,1.2836457,1.6946139,1
ENSG00000085491,2.1398242,2.504369,1
ENSG00000162909_1,2.175097,2.9709532,1
ENSG00000086015,2.2691498,0.0,1
ENSG00000152760,0.79661673,0.0,1
ENSG00000143126,1.9365346,1.9663529,1
ENSG00000117298_2,0.101595685,0.0,1
ENSG00000169241,1.952155,1.7146649,1
ENSG00000275291,1.6241804,0.0,1
ENSG00000082482_1,1.2705421,1.8123116,1
ENSG00000235501,1.442086,1.1796092,1
ENSG00000158022,0.24153683,0.0,1
ENSG00000162873,0.41818458,0.0,1
ENSG00000066027,2.6086633,2.8862932,1
ENSG00000286383,0.21879575,0.0,1
ENSG00000179862,1.4881253,1.7430313,1
ENSG00000131236,2.663172,1.1777961,1
ENSG00000162757,1.468384,0.0,1
ENSG00000116212,2.1865127,2.5925875,1
ENSG00000143409,0.81264836,0.0,1
ENSG00000143320_1,0.68844765,0.7937066,1
ENSG00000143353,2.0442271,3.0061536,1
ENSG00000077549,2.3673682,3.004072,1
ENSG00000174348,1.4886675,0.0,1
ENSG00000155816_1,0.0789258,0.0,1
ENSG00000202444,1.9235148,0.0,1
ENSG00000143850_1,0.47186163,0.74374485,1
ENSG00000240563,0.710719,0.0,1
ENSG00000201801,0.99849164,2.4697366,1
ENSG00000116675_2,0.13973418,0.0,1
ENSG00000268043,1.9406961,1.9243371,1
ENSG00000189171_1,1.7353588,3.1417036,1
ENSG00000121905,0.82681286,0.88603926,1
ENSG00000228594,1.8875964,2.0401275,1
ENSG00000143278,0.04090315,0.0,1
ENSG00000143793,2.0292118,2.2561355,1
ENSG00000116815,1.9325386,2.899138,1
ENSG00000188783,0.09305585,0.0,1
ENSG00000163909,1.7612777,1.113007,1
ENSG00000198765,0.32283267,0.0,1
ENSG00000117676_1,0.23418337,0.0,1
ENSG00000274265,1.6158344,1.4759994,1
ENSG00000028137,1.966059,3.0469708,1
ENSG00000117020,0.035003547,0.0,1
ENSG00000142632_2,0.34319866,0.0,1
ENSG00000143549_2,0.1579602,0.0,1
ENSG00000184908_2,0.7183647,0.0,1
ENSG00000162641,0.07655406,0.0,1
ENSG00000131788_1,0.7587244,2.1550992,1
ENSG00000273004,2.4197288,1.1796092,1
ENSG00000066136_1,2.7490306,2.153949,1
ENSG00000117519,1.5930948,1.0559514,1
ENSG00000131236_1,2.3761883,2.6967163,1
ENSG00000116668,1.8922465,1.3398885,1
ENSG00000215906,0.10733755,0.0,1
ENSG00000132881,1.1656048,1.8910242,1
ENSG00000066136_2,1.090443,0.0,1
ENSG00000090104,0.01362557,0.0,1
ENSG00000233079,0.049677283,0.0,1
ENSG00000069812,1.6536739,1.441648,1
ENSG00000116171_1,0.5395343,0.0,1
ENSG00000158481,0.10616189,0.0,1
ENSG00000127481_1,2.6771698,3.3170056,1
ENSG00000116161_1,2.7168598,3.584293,1
ENSG00000142609,0.28527042,0.0,1
ENSG00000172456_1,2.060457,0.0,1
ENSG00000162923,2.091268,3.1524749,1
ENSG00000227290,0.24285951,0.0,1
ENSG00000270722,2.0363622,2.8646505,1
ENSG00000239887,0.23038512,0.6287771,1
ENSG00000163346,0.49351388,0.0,1
ENSG00000243709,0.7335794,0.0,1
ENSG00000081026,2.1029048,1.5841728,1
ENSG00000203697,0.09618172,0.0,1
ENSG00000213047_2,1.0801611,1.9567446,1
ENSG00000134247,2.002526,2.1474907,1
ENSG00000040487,2.447753,2.510872,1
ENSG00000143373,2.2083578,1.7900106,1
ENSG00000120337,0.027477719,0.0,1
ENSG00000232265_1,0.3596343,0.0,1
ENSG00000162877,0.64997804,0.0,1
ENSG00000076356,1.2295238,1.3904405,1
ENSG00000279430,0.24998954,0.0,1
ENSG00000199879,1.6699467,0.0,1
ENSG00000143443,0.80572575,1.3636872,1
ENSG00000203804,1.1017934,0.0,1
ENSG00000223883,0.025376014,0.0,1
ENSG00000162413,2.4187982,2.3488693,1
ENSG00000153904,1.4874468,1.703171,1
ENSG00000143457,0.8236982,0.0,1
ENSG00000291123,0.97575015,1.764617,1
ENSG00000043514,2.0964756,3.0223088,1
ENSG00000168765_1,1.7399495,0.0,1
ENSG00000075151,2.193964,2.0886216,1
ENSG00000065978_1,2.272242,2.5738459,1
ENSG00000162512,1.9387529,2.449469,1
ENSG00000196449,2.2199306,2.4895365,1
ENSG00000116584_3,0.782907,1.5035592,1
ENSG00000197959_1,0.030384772,0.0,1
ENSG00000137975,0.051954,0.0,1
ENSG00000162496_1,2.1553946,2.7568643,1
ENSG00000160789_4,2.0383315,3.238026,1
ENSG00000189280,0.30747932,0.0,1
ENSG00000203985,0.14328235,0.0,1
ENSG00000137936_1,1.5073638,1.2231324,1
ENSG00000184908_1,0.8817721,0.0,1
ENSG00000203784,0.047587,0.0,1
ENSG00000249087_1,2.5239754,1.3705539,1
ENSG00000116584_5,0.13594817,0.0,1
ENSG00000189337_1,1.7421188,2.1728072,1
ENSG00000177868,2.2352376,2.0574758,1
ENSG00000197147,2.404255,2.7066333,1
ENSG00000143393_1,1.9561026,2.4852529,1
ENSG00000083444,1.6885483,2.8646066,1
ENSG00000117395,1.6578033,3.2634468,1
ENSG00000293478,1.2873117,2.2670896,1
ENSG00000117385,2.441111,2.300893,1
ENSG00000143093,2.097714,2.3333848,1
ENSG00000163202,0.04805986,0.0,1
ENSG00000163431,0.5717166,1.4595131,1
ENSG00000182827,2.2138891,3.1521232,1
ENSG00000184260,1.7190349,4.139066,1
ENSG00000177788,2.099648,0.0,1
ENSG00000235098,0.37709883,0.0,1
ENSG00000188257,0.09176375,0.0,1
ENSG00000266094,2.0200016,2.1845722,1
ENSG00000227066,0.112912945,0.0,1
ENSG00000116584_2,2.0997782,2.5956063,1
ENSG00000183431,1.9497861,3.1670365,1
ENSG00000132768,1.688326,2.4281995,1
ENSG00000160097_1,0.31075037,0.0,1
ENSG00000177414,0.1845834,1.4977173,1
ENSG00000162851,2.3154416,0.0,1
ENSG00000229588,0.762482,1.1211658,1
ENSG00000116685,2.0800912,2.3395667,1
ENSG00000132681,0.23196563,0.99572295,1
ENSG00000158828,1.8418783,2.0701487,1
ENSG00000048707_2,0.3489775,0.0,1
ENSG00000143320,0.8783318,0.0,1
ENSG00000085465_1,0.07588721,0.0,1
ENSG00000143156,1.159312,0.0,1
ENSG00000067606,1.7699397,1.5419784,1
ENSG00000120948,2.4914155,3.2261176,1
ENSG00000229953,1.3663931,3.450041,1
ENSG00000221986,0.7464992,0.0,1
ENSG00000162383_1,0.11833475,0.0,1
ENSG00000116922_1,2.2113376,1.9807894,1
ENSG00000081019,2.5019832,2.4140787,1
ENSG00000158882,0.949405,2.162427,1
ENSG00000198771,2.0208452,2.594408,1
ENSG00000143631,0.010906685,0.0,1
ENSG00000168509,0.6755485,0.0,1
ENSG00000224209,1.5062153,1.2671483,1
ENSG00000198216,1.1026547,0.0,1
ENSG00000116337_2,0.94947726,1.2435341,1
ENSG00000203811,2.1286094,3.2275114,1
ENSG00000054392_2,0.84186095,1.6994301,1
ENSG00000177000_2,2.595498,2.3344276,1
ENSG00000143786_1,1.5473083,1.6973252,1
ENSG00000185499,0.85477346,0.0,1
ENSG00000198216_1,0.52020335,0.0,1
ENSG00000076258,0.1360674,0.0,1
ENSG00000178965,0.9483488,1.3350766,1
ENSG00000226891,0.8738299,0.9736819,1
ENSG00000092978,0.4821301,0.0,1
ENSG00000160783,2.1372483,2.9734545,1
ENSG00000168118,2.1799533,2.7343333,1
ENSG00000116337_4,0.3801695,0.0,1
ENSG00000187801_1,1.9422019,0.9708116,1
ENSG00000155816,1.3591626,1.4614835,1
ENSG00000116299,1.2877665,0.0,1
ENSG00000291129,0.52552265,1.1813576,1
ENSG00000117020_3,0.61650985,1.1089032,1
ENSG00000116741,1.6241002,0.0,1
ENSG00000117479,2.3314784,2.3124778,1
ENSG00000121634,0.05984167,0.0,1
ENSG00000203852,2.2183814,3.8086774,1
ENSG00000287808,2.028957,0.0,1
ENSG00000143401_1,1.1601703,3.3039818,1
ENSG00000189409,0.83408725,0.0,1
ENSG00000117758,1.8715837,2.5278258,1
ENSG00000120656,1.854713,0.0,1
ENSG00000162702,1.7715983,2.3256798,1
ENSG00000137947,1.5903249,2.8484797,1
ENSG00000213190,0.7434579,0.0,1
ENSG00000116748_1,0.08616764,0.0,1
ENSG00000117154,1.3602781,1.8304603,1
ENSG00000117600,0.8432103,1.494252,1
ENSG00000162373,0.9968805,0.0,1
ENSG00000149527,0.45084438,0.0,1
ENSG00000164007,0.567769,0.0,1
ENSG00000288859,2.33341,4.3636813,1
ENSG00000116793,2.346015,1.4054488,1
ENSG00000173726,2.4987025,3.4743562,1
ENSG00000198691,0.049309574,0.0,1
ENSG00000160691,0.14440575,0.9984424,1
ENSG00000235358_1,1.4676623,0.0,1
ENSG00000187634_2,1.7516718,1.1541804,1
ENSG00000160691_1,0.2099387,1.2570062,1
ENSG00000117091,0.041010924,0.0,1
ENSG00000231057,2.1756864,1.3096727,1
ENSG00000076864,1.5578302,0.0,1
ENSG00000135821_1,2.3896918,3.3922431,1
ENSG00000176256,0.07382036,0.0,1
ENSG00000186790,1.2105408,1.4558494,1
ENSG00000116661,1.3948398,1.5539436,1
ENSG00000143367,1.6240358,1.6296746,1
ENSG00000158887_1,0.3680374,0.0,1
ENSG00000162747,0.12776783,0.0,1
ENSG00000173673,0.27458724,0.0,1
ENSG00000134717,2.2636428,0.0,1
ENSG00000198691_1,0.048847668,0.0,1
ENSG00000284882_1,2.0454798,0.0,1
ENSG00000235782,0.11271912,0.0,1
ENSG00000134686,2.2914147,1.7171711,1
ENSG00000187017_2,0.36384112,0.0,1
ENSG00000197084,0.07956657,0.0,1
ENSG00000226419,2.41179,2.241778,1
ENSG00000250719,0.1709328,0.0,1
ENSG00000168653,1.9044513,0.0,1
ENSG00000041988,1.1681783,2.0812032,1
ENSG00000196754_1,0.24594161,0.0,1
ENSG00000164010,2.2059476,2.7170544,1
ENSG00000143248,0.05348423,0.0,1
ENSG00000060656,1.8138616,1.5109068,1
ENSG00000054267,2.1681576,0.9876216,1
ENSG00000132780,2.169276,3.715134,1
ENSG00000183347,0.11912674,0.0,1
ENSG00000117139,0.08378215,0.0,1
ENSG00000121310_1,0.5508816,0.0,1
ENSG00000090621,1.7204795,0.0,1
ENSG00000158859,0.37615794,1.0193241,1
ENSG00000229956,1.1873183,0.0,1
ENSG00000064703_2,2.3528373,2.450423,1
ENSG00000184292,1.2186725,1.8542392,1
ENSG00000227963,1.7485332,2.1102192,1
ENSG00000230937,0.07329744,0.0,1
ENSG00000116703,0.070272096,0.0,1
ENSG00000154511,2.0838847,1.5815173,1
ENSG00000177628_1,0.2552213,0.0,1
ENSG00000117155_2,1.8206472,2.5732315,1
ENSG00000160062,1.7022903,1.7701006,1
ENSG00000159208_1,0.51804906,1.0606601,1
ENSG00000187815,1.7695346,1.8875723,1
ENSG00000186207,0.09753438,0.0,1
ENSG00000133063,0.13498369,0.0,1
ENSG00000162444,1.2354227,0.9736358,1
ENSG00000123472_1,1.8538888,2.2651246,1
ENSG00000135845,1.5247993,0.0,1
ENSG00000187147,0.7320202,0.0,1
ENSG00000007341,0.43624943,0.0,1
ENSG00000116774_1,0.2510235,0.0,1
ENSG00000237980,0.69656914,0.75333786,1
ENSG00000116266,2.382981,2.5451474,1
ENSG00000137955_2,0.30588788,2.320761,1
ENSG00000162591,1.4953694,1.3460594,1
ENSG00000235750,1.523457,0.0,1
ENSG00000174307,1.6367755,2.0386202,1
ENSG00000188822,0.12980801,0.0,1
ENSG00000248485,1.2866895,1.4416951,1
ENSG00000300262,1.5468891,1.0193241,1
ENSG00000156869_1,0.75004566,0.0,1
ENSG00000126698,1.4899609,0.0,1
ENSG00000171385_1,1.7583562,1.6425931,1
ENSG00000197721,2.208806,3.0188878,1
ENSG00000116670_2,1.6695973,1.6091567,1
ENSG00000069424,2.1481519,2.0204442,1
ENSG00000117322,1.2410722,1.2699564,1
ENSG00000152763_1,2.0008285,0.0,1
ENSG00000178715,0.23995703,1.5010867,1
ENSG00000162616,2.2928803,2.1415439,1
ENSG00000116898,1.8170599,3.2342007,1
ENSG00000182901,1.545044,1.8394152,1
ENSG00000134744_1,2.0081775,2.3249364,1
ENSG00000000971,0.2569698,0.0,1
ENSG00000121904,1.3397627,1.7865385,1
ENSG00000171161,2.526667,2.7112799,1
ENSG00000163874_1,0.8373392,0.0,1
ENSG00000159173_2,0.26049852,0.0,1
ENSG00000162669,1.9830203,1.8421035,1
ENSG00000142867,2.2540076,2.5023725,1
ENSG00000198890,1.6132405,2.435266,1
ENSG00000277610,2.1718483,0.0,1
ENSG00000229344,2.6388059,3.7272484,1
ENSG00000118733,0.081743434,0.0,1
ENSG00000117266,0.5839243,1.1813576,1
ENSG00000173110,1.6533508,0.0,1
ENSG00000085831,0.38632035,0.82673544,1
ENSG00000116711,0.064910345,0.0,1
ENSG00000135835_1,0.26816174,1.0489233,1
ENSG00000162522,1.9341302,2.1530187,1
ENSG00000077254,1.9628778,2.6435611,1
ENSG00000085840,2.0074127,2.8079164,1
ENSG00000143552,0.38902876,0.0,1
ENSG00000226251,2.5569289,1.3872652,1
ENSG00000117620_1,1.02738,0.0,1
ENSG00000130766,2.362136,2.4632792,1
ENSG00000152061,2.4850974,1.3749682,1
ENSG00000159479,2.1830318,2.651718,1
ENSG00000178104,1.0921786,1.5771585,1
ENSG00000185966,0.08367361,0.0,1
ENSG00000155380_1,2.5301166,3.3235822,1
ENSG00000117676,2.0918336,2.3006456,1
ENSG00000142794,1.7311312,1.9797031,1
ENSG00000160691_2,0.77043146,2.1729968,1
ENSG00000049089,0.5861775,0.0,1
ENSG00000156171,0.04811967,0.0,1
ENSG00000117054,2.286492,2.9745624,1
ENSG00000229258,0.17495212,0.0,1
ENSG00000142910_1,0.15120503,0.0,1
ENSG00000084623_1,1.4131956,0.0,1
ENSG00000152061_3,0.31636667,0.0,1
ENSG00000143418_1,2.1283545,0.0,1
ENSG00000117400,0.26755953,0.0,1
ENSG00000163131,0.15490317,0.0,1
ENSG00000225880,2.4388206,2.1593115,1
ENSG00000173436_1,2.477357,3.3944604,1
ENSG00000174842,1.9294525,2.2420542,1
ENSG00000117399,2.345673,2.8223643,1
ENSG00000288825,2.363916,3.9249787,1
ENSG00000084073,1.9993576,0.0,1
ENSG00000186409,0.44459122,0.0,1
ENSG00000058453,0.2953113,0.0,1
ENSG00000168528_2,0.8691676,0.0,1
ENSG00000117533,2.1318994,2.6342857,1
ENSG00000198929,1.7397609,1.3435858,1
ENSG00000116874,0.103404954,0.0,1
ENSG00000183291,1.5089608,0.0,1
ENSG00000284543,0.16106094,0.0,1
ENSG00000201558,1.9389725,2.272415,1
ENSG00000168710_1,2.4178004,1.6468741,1
ENSG00000180488,1.1562694,2.4585774,1
ENSG00000233008,0.44829088,0.0,1
ENSG00000181873,2.527285,2.1333792,1
ENSG00000196418_1,1.6604962,1.8331727,1
ENSG00000116698,2.477072,2.5708604,1
ENSG00000143032,1.4765117,0.0,1
ENSG00000153187,0.089868836,2.1218452,1
ENSG00000116151_1,2.2555058,2.1717732,1
ENSG00000016490,0.060552634,0.0,1
ENSG00000291158_1,1.491105,1.6163495,1
ENSG00000197747_1,1.4054734,1.719704,1
ENSG00000152061_1,0.04272511,0.0,1
ENSG00000142875_2,0.07364477,0.0,1
ENSG00000143515,1.5877098,1.9596566,1
ENSG00000186007,0.057657253,0.0,1
ENSG00000116729,0.33110905,0.0,1
ENSG00000198797,0.49271932,1.7497054,1
ENSG00000285554,0.109914444,0.0,1
ENSG00000163344,2.035229,0.0,1
ENSG00000117594_1,0.116767995,0.0,1
ENSG00000177628_2,2.0915875,0.0,1
ENSG00000132781_1,2.454241,2.3450148,1
ENSG00000162543,2.095739,2.24311,1
ENSG00000116785,0.033010013,0.0,1
ENSG00000085831_3,1.1493223,1.0721028,1
ENSG00000231252,0.060418352,0.0,1
ENSG00000086619,2.1546512,2.0332348,1
ENSG00000126088_1,1.6155703,3.2608414,1
ENSG00000163866,1.2263057,0.0,1
ENSG00000135835,1.6627302,1.1005085,1
ENSG00000266338,1.6300865,0.0,1
ENSG00000162889,1.7116992,2.2083259,1
ENSG00000171793_1,2.4048448,1.6189263,1
ENSG00000168243,1.5565374,1.6661997,1
ENSG00000196754,0.21683687,0.0,1
ENSG00000169914,2.2230773,2.517143,1
ENSG00000116584_1,2.0522923,0.0,1
ENSG00000143119,0.14355439,0.0,1
ENSG00000197530,2.4641724,2.151094,1
ENSG00000079335,0.114873365,0.0,1
ENSG00000168264,0.76272184,0.0,1
ENSG00000126091,2.481901,2.4045258,1
ENSG00000143486,2.062781,0.0,1
ENSG00000172456_2,1.493195,0.0,1
ENSG00000142920,1.5384007,0.0,1
ENSG00000187048,0.07774593,0.0,1
ENSG00000230426,0.4563273,0.0,1
ENSG00000203739,2.3816566,1.8458853,1
ENSG00000143621,1.0200914,0.0,1
ENSG00000271252,0.13486302,0.0,1
ENSG00000157184,2.1572602,2.6017308,1
ENSG00000162755,0.8270169,1.2151086,1
ENSG00000116205,1.8596718,0.0,1
ENSG00000143412,0.34077096,0.0,1
ENSG00000273727,1.5378022,0.0,1
ENSG00000143297,0.007842153,0.0,1
ENSG00000143850,0.11271949,0.0,1
ENSG00000177301_2,1.4550596,1.680408,1
ENSG00000236546,0.274603,0.0,1
ENSG00000122180,0.36974174,0.77170503,1
ENSG00000291135,0.11797853,0.0,1
ENSG00000215883,2.1520135,2.0297813,1
ENSG00000126107,2.132531,2.6474915,1
ENSG00000163563,0.081671,0.5611252,1
ENSG00000116704,2.0304694,1.9166329,1
ENSG00000234476,0.26994157,0.7291162,1
ENSG00000082497_1,0.21347526,0.0,1
ENSG00000258673,0.096125,0.0,1
ENSG00000085465,0.26747867,0.0,1
ENSG00000116151,2.278481,2.0597339,1
ENSG00000143434,1.676534,1.1917583,1
ENSG00000123080_1,0.88032156,0.0,1
ENSG00000159658,2.2544217,2.3465643,1
ENSG00000143514,0.09962909,0.0,1
ENSG00000117298_3,2.320665,2.3287058,1
ENSG00000286172,1.7026825,2.1327462,1
ENSG00000204859,2.0258563,2.272758,1
ENSG00000142634,2.1186886,2.6966445,1
ENSG00000174574,2.261714,3.0172546,1
ENSG00000136631_1,0.8581907,0.0,1
ENSG00000199377,1.3293984,0.0,1
ENSG00000132718,0.8594833,0.0,1
ENSG00000163467,2.0283484,0.0,1
ENSG00000259823,0.123964936,0.0,1
ENSG00000088280_1,2.0514865,0.0,1
ENSG00000117419,0.09843154,0.0,1
ENSG00000232679,0.07680976,0.0,1
ENSG00000197245,0.18294346,0.0,1
ENSG00000116251_2,1.5496144,2.3165407,1
ENSG00000127483_1,2.584866,2.6545231,1
ENSG00000142684,2.1947129,2.9570682,1
ENSG00000163155,1.0164864,1.806553,1
ENSG00000213057,1.3837271,0.0,1
ENSG00000270882,1.7874405,3.5705383,1
ENSG00000160785,1.2005063,0.0,1
ENSG00000143365,0.32646674,0.0,1
ENSG00000198758,0.283326,0.0,1
ENSG00000143669,1.9765124,1.2583978,1
ENSG00000232537,0.10940893,0.0,1
ENSG00000203288,1.3545017,1.6792825,1
ENSG00000135862,1.7236234,1.7491719,1
ENSG00000027644,0.58525664,1.2800089,1
ENSG00000162526,0.55977684,0.0,1
ENSG00000168264_2,2.058931,2.710456,1
ENSG00000133056,1.2372209,1.7415613,1
ENSG00000135870,2.3752565,2.1854572,1
ENSG00000186205,1.2470529,1.4288796,1
ENSG00000155380,0.27279562,0.0,1
ENSG00000081237,0.3003003,2.6098802,1
ENSG00000135829,2.3359137,3.4057355,1
ENSG00000162374_1,0.05578687,0.8105282,1
ENSG00000069702,2.0154667,1.7273786,1
ENSG00000185220,2.566218,2.0511332,1
ENSG00000137948,0.23986635,0.0,1
ENSG00000169717,0.28067142,0.0,1
ENSG00000182866,0.7847989,1.1742634,1
ENSG00000116663,1.9177923,2.1846232,1
ENSG00000233593_1,1.6156235,0.0,1
ENSG00000117394,0.48975858,1.292234,1
ENSG00000291138,0.9361112,0.0,1
ENSG00000142599_2,2.3185513,2.5912237,1
ENSG00000142621_3,0.26286265,0.0,1
ENSG00000090273,2.4082704,3.5315568,1
ENSG00000035687,2.4179802,3.0595105,1
ENSG00000196188,0.17659381,0.0,1
ENSG00000142751,2.0479403,2.763075,1
ENSG00000198626,1.6977336,1.7909182,1
ENSG00000132854,1.0774277,1.5102366,1
ENSG00000137942,2.0214326,1.919554,1
ENSG00000214193_1,1.8442782,0.0,1
ENSG00000143740,1.3358446,1.1706723,1
ENSG00000142583_1,0.93476075,0.0,1
ENSG00000143612,2.6749196,2.9931293,1
ENSG00000126705,1.9785112,2.3873186,1
ENSG00000162636,2.2453022,2.3318603,1
ENSG00000158773,1.6637595,0.0,1
ENSG00000123684,1.7007248,2.081995,1
ENSG00000134201,0.8863725,1.2685546,1
ENSG00000131591,2.0354478,0.0,1
ENSG00000162913,1.6462823,1.0512992,1
ENSG00000203721,0.0491988,0.0,1
ENSG00000120370,1.1733714,2.1089537,1
ENSG00000117054_2,2.238235,0.0,1
ENSG00000121903,1.00753,0.0,1
ENSG00000162438,0.14533308,0.0,1
ENSG00000135838,1.9947441,0.0,1
ENSG00000162377,1.9275894,2.4280603,1
ENSG00000050628,1.7284198,2.3114974,1
ENSG00000162522_1,2.0185,2.1044462,1
ENSG00000048707_3,1.5947616,1.5303278,1
ENSG00000117640,2.516896,2.259921,1
ENSG00000117859_1,2.3376784,3.0373309,1
ENSG00000224093,0.4345451,0.0,1
ENSG00000117450,2.425279,3.7905962,1
ENSG00000163191,0.7106834,0.0,1
ENSG00000116675_3,1.8924911,0.0,1
ENSG00000232596,0.050898463,0.0,1
ENSG00000079277,1.6605504,0.0,1
ENSG00000291157,0.069164634,0.0,1
ENSG00000047410,2.6038132,3.3244205,1
ENSG00000197982,2.1175137,2.453563,1
ENSG00000188015,0.124023765,0.7485756,1
ENSG00000202027,0.20937133,0.0,1
ENSG00000132185,0.20523322,0.0,1
ENSG00000143178,0.14731732,0.0,1
ENSG00000236810,2.697407,2.358525,1
ENSG00000224699,2.0657172,0.0,1
ENSG00000092850,1.0863693,0.0,1
ENSG00000116521,1.0937617,0.0,1
ENSG00000055070,2.2890792,2.8765821,1
ENSG00000174151,1.3296143,1.4795063,1
ENSG00000197785,2.4788294,3.1149077,1
ENSG00000163050,2.3354123,2.1332834,1
ENSG00000131686,0.18516508,0.0,1
ENSG00000142798,0.19638193,0.8267225,1
ENSG00000143158,2.6287231,3.07116,1
ENSG00000159592,2.4114642,2.4946303,1
ENSG00000162576,0.8122517,0.0,1
ENSG00000162896,0.10399392,0.0,1
ENSG00000162430,1.8282616,1.8212448,1
ENSG00000224977,2.2908092,0.0,1
ENSG00000157216,0.10245536,0.0,1
ENSG00000187634,1.0733279,0.0,1
ENSG00000011007,2.3263812,2.8729582,1
ENSG00000116539_1,2.2592092,2.3394516,1
ENSG00000132128,2.2828722,2.4950306,1
ENSG00000162391,0.1732131,0.0,1
ENSG00000131781,0.30268177,0.0,1
ENSG00000143627_1,0.6835728,0.0,1
ENSG00000116584_4,0.3140932,0.0,1
ENSG00000133065,1.9741446,2.115747,1
ENSG00000143515_1,1.3789728,1.2215707,1
ENSG00000116824,0.09149645,0.0,1
ENSG00000034971,0.17457643,0.0,1
ENSG00000168528,0.24219409,0.7139439,1
ENSG00000137944,2.1509287,2.3344538,1
ENSG00000137948_1,0.05656389,0.0,1
ENSG00000143333,1.2004578,1.2798038,1
ENSG00000142864,2.2867076,3.7642434,1
ENSG00000162736,1.6733724,2.8436096,1
ENSG00000143162,2.1028347,3.2533162,1
ENSG00000162399,0.19065332,0.0,1
ENSG00000160789_5,0.5730731,1.550336,1
ENSG00000203859,0.05764634,0.0,1
ENSG00000229989_1,0.023575954,0.0,1
ENSG00000171793,2.3886747,2.9322586,1
ENSG00000116586,1.9133928,2.4488378,1
ENSG00000079335_3,1.1452967,0.0,1
ENSG00000293455,0.10219653,0.0,1
ENSG00000143390,0.12879178,0.0,1
ENSG00000230623_1,0.08516535,0.0,1
ENSG00000116731,1.9995502,2.5430307,1
ENSG00000265107,0.08464108,0.0,1
ENSG00000066027_1,0.10198609,0.0,1
ENSG00000067606_3,0.1095276,0.0,1
ENSG00000291242,1.0072554,0.0,1
ENSG00000169213,1.4496858,1.252489,1
ENSG00000143079,1.106253,0.982045,1
ENSG00000162599_3,0.14137441,0.0,1
ENSG00000154342,1.7075478,1.4632208,1
ENSG00000162402,2.3593464,2.4738123,1
ENSG00000235358,2.1707604,0.9562837,1
ENSG00000120333,0.16122144,0.8461515,1
ENSG00000163393,1.359764,0.9708209,1
ENSG00000168243_1,0.487921,1.1578797,1
ENSG00000084623,0.4433358,1.1813576,1
ENSG00000126067,1.2068803,3.8232949,1
ENSG00000273002,0.685692,1.5744249,1
ENSG00000120334_1,1.6366954,2.917038,1
ENSG00000187961,1.8870097,2.3457656,1
ENSG00000143006,0.94345015,0.0,1
ENSG00000163479,0.29009634,0.0,1
ENSG00000143107,0.10727729,0.0,1
ENSG00000188092,1.9703634,0.0,1
ENSG00000121764,1.1520121,0.0,1
ENSG00000088280,0.63419366,0.0,1
ENSG00000143545,0.72024184,2.8802853,1
ENSG00000116497,2.5381453,1.8875779,1
ENSG00000010165,2.188383,2.0620177,1
ENSG00000004487,2.5505116,3.2538636,1
ENSG00000186094,0.61713636,0.0,1
ENSG00000224609,0.8811951,0.0,1
ENSG00000163472_1,0.107473314,0.0,1
ENSG00000090432,1.3443758,0.0,1
ENSG00000163141,0.10779883,0.0,1
ENSG00000118194,0.20308664,0.65319324,1
ENSG00000206828,2.2224925,0.0,1
ENSG00000116748,0.080934756,0.0,1
ENSG00000127129,0.75321513,1.3109056,1
ENSG00000169291,1.6581675,1.3871655,1
ENSG00000235200,0.11332695,0.0,1
ENSG00000162384,2.3631856,2.3393838,1
ENSG00000196482,0.11926607,0.0,1
ENSG00000143318,0.293313,0.0,1
ENSG00000200169,1.4330485,1.8069528,1
ENSG00000130768,0.29143122,1.1390285,1
ENSG00000054118,2.5951233,2.9481928,1
ENSG00000143753_1,2.1369324,1.1026394,1
ENSG00000285728,2.0216472,1.6456383,1
ENSG00000158864,0.2470527,0.0,1
ENSG00000092847_1,1.8471539,2.3392189,1
ENSG00000154429,2.1882982,2.3491669,1
ENSG00000163873,1.7087665,1.689806,1
ENSG00000282718,0.16184613,0.0,1
ENSG00000285184,0.8220181,1.4435759,1
ENSG00000116218,1.1757172,1.572244,1
ENSG00000196187,0.12032084,0.0,1
ENSG00000158711,2.4849687,2.0109315,1
ENSG00000157131,0.06124252,0.0,1
ENSG00000134259,1.185354,1.4075099,1
ENSG00000188770,0.11495321,0.0,1
ENSG00000142657_2,1.7887024,0.0,1
ENSG00000143603_1,0.74663275,0.6762545,1
ENSG00000224259,0.10065016,0.0,1
ENSG00000131788,1.7282739,1.8015271,1
ENSG00000137944_1,2.2179756,2.6569362,1
ENSG00000227764,0.105143234,0.0,1
ENSG00000132879,1.5517676,1.6352926,1
ENSG00000117152_1,0.08537532,0.0,1
ENSG00000107404,2.2264833,2.3589242,1
ENSG00000119283,1.1737618,1.7659813,1
ENSG00000157216_2,0.093147516,0.0,1
ENSG00000252826,0.58522576,0.0,1
ENSG00000058673,1.9524894,2.9921222,1
ENSG00000197780,1.0741253,0.0,1
ENSG00000203709_1,1.935405,1.6321434,1
ENSG00000122483_1,2.030914,2.102619,1
ENSG00000229989,0.103319496,0.0,1
ENSG00000133019_2,0.04170689,0.0,1
ENSG00000184163,1.5049942,0.0,1
ENSG00000090621_1,2.0729716,3.3388588,1
ENSG00000163156_1,0.3267277,1.1047329,1
ENSG00000117281,0.06171094,0.0,1
ENSG00000036549_2,2.3759146,2.3645248,1
ENSG00000235750_1,1.5318749,1.8706555,1
ENSG00000231246,0.07543909,0.0,1
ENSG00000224051,2.1673236,2.5970323,1
ENSG00000143801,2.0236819,2.053501,1
ENSG00000284770,1.9830225,0.0,1
ENSG00000134371_1,1.4386789,1.0743775,1
ENSG00000142623,0.1949625,0.0,1
ENSG00000070886,1.6199782,1.7167543,1
ENSG00000142937,2.5590796,3.6481483,1
ENSG00000177888,2.1997764,2.1681557,1
ENSG00000273544,0.26576552,0.0,1
ENSG00000162490,1.7105002,1.3495883,1
ENSG00000186007_1,0.5032943,0.0,1
ENSG00000074800_3,2.6113904,2.772974,1
ENSG00000143476,2.2335405,0.0,1
ENSG00000116396_1,0.9864676,1.4493086,1
ENSG00000118194_3,0.20754111,0.7437919,1
ENSG00000204138_1,0.2544269,0.0,1
ENSG00000197312,2.4134312,2.7858777,1
ENSG00000004455,1.6504507,0.0,1
ENSG00000097021,0.12191677,0.0,1
ENSG00000143226,0.696899,3.0176759,1
ENSG00000162745_2,1.3912464,1.4318299,1
ENSG00000186150,0.37120742,0.0,1
ENSG00000142875,2.0448895,2.0530632,1
ENSG00000157911,2.239353,0.0,1
ENSG00000153363,2.1340356,2.6221611,1
ENSG00000158887,1.247882,1.7213076,1
ENSG00000116754,1.927614,2.828667,1
ENSG00000153187_2,2.2216744,2.2069068,1
ENSG00000031698,2.2008457,0.0,1
ENSG00000173436,0.56453425,1.5396907,1
ENSG00000160789_6,0.576557,0.8105685,1
ENSG00000162409,1.6236908,1.7772818,1
ENSG00000116560,1.5903869,4.0871353,1
ENSG00000119280,1.8646741,1.9578992,1
ENSG00000134240,0.13194191,0.0,1
ENSG00000198160_1,2.324737,2.5239024,1
ENSG00000154309_1,0.036551453,0.0,1
ENSG00000230461,0.19523543,0.0,1
ENSG00000184144,0.7335513,1.593131,1
ENSG00000060642_1,2.5515914,1.871018,1
ENSG00000079739,0.98628587,1.219951,1
ENSG00000131778,2.1488543,2.7604074,1
ENSG00000158869,0.248202,0.0,1
ENSG00000121481,2.202127,2.5215237,1
ENSG00000137965,0.04060737,0.0,1
ENSG00000160712,1.5161071,0.0,1
ENSG00000174059,0.680844,1.4511107,1
ENSG00000159588,0.2097907,0.90633506,1
ENSG00000117143,2.4026806,3.1393375,1
ENSG00000116783,0.119937405,0.0,1
ENSG00000290525,0.029525802,0.0,1
ENSG00000233290_1,0.021259286,0.0,1
ENSG00000184144_1,0.9335523,0.0,1
ENSG00000243364,1.5908835,2.180384,1
ENSG00000244094,0.062884435,0.0,1
ENSG00000142676,1.851259,4.258345,1
ENSG00000162813_1,0.35687715,1.4022442,1
ENSG00000198860,2.3504243,2.2937822,1
ENSG00000143393,1.842149,2.3195932,1
ENSG00000123836_1,1.9846529,0.0,1
ENSG00000135763,2.164146,1.9368604,1
ENSG00000200972,0.3119868,0.0,1
ENSG00000143374,1.0988175,0.0,1
ENSG00000237950,2.4052007,1.6621627,1
ENSG00000162836,1.0663126,0.0,1
ENSG00000047410_1,1.6560811,2.0424967,1
ENSG00000162599_1,1.966508,2.7637873,1
ENSG00000186197_1,2.1504395,1.8851802,1
ENSG00000131697,2.3423617,2.2810583,1
ENSG00000163374,2.5632167,2.150342,1
ENSG00000132906_1,2.5660331,2.6496425,1
ENSG00000163462,0.43872386,0.0,1
ENSG00000284719,1.0355148,0.0,1
ENSG00000142611,1.4113662,1.4168735,1
ENSG00000117593,2.3853273,2.9735434,1
ENSG00000143179_2,0.17951152,0.0,1
ENSG00000117115,0.0866451,0.0,1
ENSG00000176022,2.3264613,2.2661612,1
ENSG00000117834,0.2309021,0.0,1
ENSG00000286106,1.8537349,1.535813,1
ENSG00000117707,0.9438002,1.7908901,1
ENSG00000162729,1.7864293,2.0935547,1
ENSG00000143147,1.5636704,1.5487823,1
ENSG00000168710,2.2829514,2.967969,1
ENSG00000178585,2.3880663,2.414385,1
ENSG00000117602,0.821534,1.3839768,1
ENSG00000223175,0.03786441,0.0,1
ENSG00000158747,0.747958,1.1211658,1
ENSG00000168275,2.2448115,3.0039127,1
ENSG00000271380,2.4198563,1.5750377,1
ENSG00000237928,0.20773456,0.0,1
ENSG00000171680_2,0.5555906,1.1795806,1
ENSG00000158710,1.5593684,0.0,1
ENSG00000134668,0.33057994,0.0,1
ENSG00000291072,2.6422021,0.0,1
ENSG00000230424_1,2.616485,0.0,1
ENSG00000187017_1,1.447672,1.4741871,1
ENSG00000116161,2.5502229,2.291169,1
ENSG00000197241,0.13962057,0.0,1
ENSG00000198815,2.244431,0.0,1
ENSG00000235545,1.8011525,0.0,1
ENSG00000116209,2.2847774,2.8093786,1
ENSG00000180667,1.6903644,2.9555147,1
ENSG00000142661_1,0.19858465,0.0,1
ENSG00000143355_1,0.21900278,0.0,1
ENSG00000198734,0.43589792,0.8573928,1
ENSG00000134243,0.97529966,0.0,1
ENSG00000084652_1,2.2926013,2.350405,1
ENSG00000188643,0.2719128,1.2525375,1
ENSG00000134250,1.8555174,1.4568517,1
ENSG00000203667,2.3539703,3.2812834,1
ENSG00000000460,1.3173807,2.5746596,1
ENSG00000222222,0.34152514,0.0,1
ENSG00000132677,0.6037268,0.0,1
ENSG00000162897,0.09886031,0.0,1
ENSG00000196805,0.05865079,0.0,1
ENSG00000160685,1.9379618,1.9315647,1
ENSG00000122224,0.063909024,0.0,1
ENSG00000120949,0.42177042,0.8790729,1
ENSG00000026751,0.07433658,0.0,1
ENSG00000171488,2.0613418,1.9495852,1
ENSG00000233079_1,0.03552626,0.0,1
ENSG00000183615,0.2386078,0.0,1
ENSG00000244038,2.036767,2.64577,1
ENSG00000163518,0.050674915,0.0,1
ENSG00000143294,2.1903577,2.861355,1
ENSG00000162434,2.0770755,2.5790973,1
ENSG00000162819,2.2970562,2.67799,1
ENSG00000169598_1,1.9769772,1.9810708,1
ENSG00000081277,1.2554473,1.3796136,1
ENSG00000162592,0.22235802,0.7340634,1
ENSG00000116962,1.6530243,1.5979364,1
ENSG00000160072,2.377927,0.0,1
ENSG00000116199,2.426024,2.4759617,1
ENSG00000176320,0.070547685,0.0,1
ENSG00000278274,0.25695863,1.2019157,1
ENSG00000143590,1.559674,0.0,1
ENSG00000230798_1,1.6464169,1.6163536,1
ENSG00000134684,2.5883245,3.4168103,1
ENSG00000116191,1.8881097,1.8924285,1
ENSG00000233791,0.44664934,0.0,1
ENSG00000057468,1.0445057,1.6831372,1
ENSG00000143753,2.3340878,2.552926,1
ENSG00000153187_5,2.4622214,4.004631,1
ENSG00000134193,0.060647085,0.0,1
ENSG00000187642,0.4836009,0.7762652,1
ENSG00000016602,0.05593086,0.0,1
ENSG00000162676,0.6458959,1.3083509,1
ENSG00000143702_3,1.8506736,1.9643115,1
ENSG00000162616_1,0.9107061,0.0,1
ENSG00000203666_1,2.330909,1.793462,1
ENSG00000157873_1,0.38915676,0.0,1
ENSG00000058804,2.1390486,2.7245314,1
ENSG00000142621_1,1.1565021,0.0,1
ENSG00000143452,0.3149466,1.0536776,1
ENSG00000142892,0.65192825,0.0,1
ENSG00000060656_1,0.33760217,0.0,1
ENSG00000116688_1,2.413533,2.9438214,1
ENSG00000135821,2.309636,2.1388392,1
ENSG00000123836,0.19070256,0.0,1
ENSG00000020633,1.7321112,1.5807084,1
ENSG00000122482_1,2.106598,2.195623,1
ENSG00000163565_3,0.10930186,0.0,1
ENSG00000116882,0.044539712,0.0,1
ENSG00000074964,1.7320738,1.4838297,1
ENSG00000234222_1,1.0320822,1.6012014,1
ENSG00000142632_1,2.4892454,2.0733516,1
ENSG00000135801,2.2263396,2.4573216,1
ENSG00000251503,2.2377362,2.2725518,1
ENSG00000196189_2,0.2963688,0.0,1
ENSG00000158825,0.32994625,1.2215968,1
ENSG00000130762,1.585917,1.3211633,1
ENSG00000117560,0.29546678,1.0876395,1
ENSG00000127124_1,0.29934853,0.0,1
ENSG00000204138,2.3502374,2.4910786,1
ENSG00000143793_1,1.893764,2.418914,1
ENSG00000224000,0.07123805,0.0,1
ENSG00000066135,2.0139713,2.2038403,1
ENSG00000162711,0.22653419,0.0,1
ENSG00000077157,2.3057313,2.3013556,1
ENSG00000117010,0.8447562,1.76369,1
ENSG00000135750,2.1373792,2.3445692,1
ENSG00000158850,1.6943021,2.6796124,1
ENSG00000225206_1,0.36885238,1.8288403,1
ENSG00000203705,2.1741302,2.5452898,1
ENSG00000185668,1.8079691,1.6782087,1
ENSG00000159346,2.246489,2.8489678,1
ENSG00000127603_1,0.6391261,2.6433737,1
ENSG00000171729,0.6263109,0.0,1
ENSG00000286391,1.1394503,0.0,1
ENSG00000158786,0.21776187,0.7762361,1
ENSG00000160097,1.5839959,1.678154,1
ENSG00000273004_1,0.69800484,0.0,1
ENSG00000116833,0.026519772,0.0,1
ENSG00000117298_1,1.0018493,1.2199773,1
ENSG00000116544,1.6531861,1.6045284,1
ENSG00000135744_1,0.045569398,0.0,1
ENSG00000263528,0.46399182,1.0743043,1
ENSG00000142583_2,0.38602793,0.0,1
ENSG00000159189,0.22755036,0.0,1
ENSG00000265961,0.17903924,0.0,1
ENSG00000135828,0.5159843,0.0,1
ENSG00000143382,2.2903385,3.1248791,1
ENSG00000143321,1.1180198,1.7882603,1
ENSG00000225675,1.7488751,0.0,1
ENSG00000162753,0.1641724,0.0,1
ENSG00000066185,0.33588782,0.0,1
ENSG00000203910,0.5636401,0.0,1
ENSG00000116478,2.476058,3.0901592,1
ENSG00000134248,2.2746272,2.98898,1
ENSG00000117009_1,0.16319126,0.0,1
ENSG00000117602_1,2.0645819,1.477642,1
ENSG00000159363,1.8876109,2.0682082,1
ENSG00000180758,1.7865751,1.4741579,1
ENSG00000142627,1.0169873,1.3121985,1
ENSG00000225632,0.29467222,0.0,1
ENSG00000117592,2.4483933,3.8680582,1
ENSG00000176393_1,0.7912221,0.0,1
ENSG00000253313,0.2760732,0.0,1
ENSG00000123091,2.3619156,2.15892,1
ENSG00000173218,2.1866999,2.0751052,1
ENSG00000134255,0.7822692,1.6831461,1
ENSG00000287756,1.2561185,2.7640505,1
ENSG00000175756,2.4407132,2.83484,1
ENSG00000143748,1.8542637,0.0,1
ENSG00000133067_1,0.24092951,0.0,1
ENSG00000226167,1.7203343,0.0,1
ENSG00000183682,1.9101905,1.562816,1
ENSG00000203710,1.2498298,2.169048,1
ENSG00000175262,0.11496375,0.0,1
ENSG00000273694,0.099058,0.0,1
ENSG00000180875,0.4260799,0.0,1
ENSG00000116251_1,0.20213547,1.470631,1
ENSG00000066136,2.7617276,2.8149,1
ENSG00000153029,0.64027053,1.4740705,1
ENSG00000182898,0.06254164,0.0,1
ENSG00000175137,1.7777736,1.7228312,1
ENSG00000081026_1,1.6893318,1.2086025,1
ENSG00000117614,2.305533,2.9584804,1
ENSG00000117632,0.7277971,0.0,1
ENSG00000240038,0.08143397,0.0,1
ENSG00000143303,2.2355125,2.8129134,1
ENSG00000229960,0.0676247,0.0,1
ENSG00000084072,1.6175752,2.7064626,1
ENSG00000288867,0.17869571,0.0,1
ENSG00000143194,0.7397408,1.208522,1
ENSG00000221040,0.13300416,0.0,1
ENSG00000198841,1.6754395,2.2421985,1
ENSG00000228606,0.6459577,1.1485101,1
ENSG00000120334,1.870647,1.4280019,1
ENSG00000117616_1,2.4804213,2.9631472,1
ENSG00000122406,2.123956,4.0250354,1
ENSG00000127603_2,0.5247111,2.1904242,1
ENSG00000272106,2.4415507,2.0004296,1
ENSG00000171819,0.3207817,0.0,1
ENSG00000118193,2.1072683,2.432591,1
ENSG00000007908_1,0.04548668,0.0,1
ENSG00000090686,2.8566415,3.099736,1
ENSG00000198715,0.5565662,0.0,1
ENSG00000238142,0.6050797,0.0,1
ENSG00000158109,2.054254,1.28269,1
ENSG00000232671,2.4520912,1.5744249,1
ENSG00000117000,2.3134627,2.471695,1
ENSG00000117676_2,0.42285776,0.0,1
ENSG00000198837,1.6662021,2.2255936,1
ENSG00000163479_1,0.71078473,2.764526,1
ENSG00000182866_1,0.194002,0.0,1
ENSG00000225265,1.0404274,1.5672852,1
ENSG00000197959,1.7657143,1.8028079,1
ENSG00000162511,0.36946678,1.6432453,1
ENSG00000241794,0.055227734,0.0,1
ENSG00000174827,0.32128316,0.0,1
ENSG00000225556,0.5686002,0.0,1
ENSG00000054392_3,0.04514327,0.0,1
ENSG00000286219,1.7874904,2.1875489,1
ENSG00000143819,1.6960858,1.9362472,1
ENSG00000223764,1.6892439,1.5765026,1
ENSG00000162735,0.1608316,0.0,1
ENSG00000188290,2.1859553,1.840589,1
ENSG00000207501,2.045796,2.8786998,1
ENSG00000189195,1.3541683,1.3625579,1
ENSG00000116871_1,2.3862667,2.260298,1
ENSG00000135749,0.88131773,1.3602146,1
ENSG00000152332,2.246168,2.8526752,1
ENSG00000081985,1.230506,1.2295027,1
ENSG00000137941,1.6628823,1.8753449,1
ENSG00000173171,2.163376,1.4044231,1
ENSG00000143851_2,0.9646521,1.8416972,1
ENSG00000162510,0.58606535,1.6284155,1
ENSG00000117174,1.3065042,2.9217384,1
ENSG00000117595,0.772897,0.0,1
ENSG00000143337,1.7058365,1.9208535,1
ENSG00000237973,2.6899285,2.630875,1
ENSG00000037637,2.4230623,2.6845303,1
ENSG00000152763,0.052937128,0.0,1
ENSG00000143632,0.666796,1.3904759,1
ENSG00000196187_1,0.2609464,0.0,1
ENSG00000116977,1.8655337,2.820164,1
ENSG00000186891,0.9647066,1.5876772,1
ENSG00000117308_1,2.2676194,2.6886635,1
ENSG00000143418_2,2.1754427,2.797777,1
ENSG00000291141_1,1.2285472,1.3625202,1
ENSG00000285041,0.0288641,0.0,1
ENSG00000117305,1.5197306,0.0,1
ENSG00000116750,2.4702263,0.0,1
ENSG00000162522_2,0.52973086,0.0,1
ENSG00000135747,1.3983847,0.0,1
ENSG00000159176,1.6798689,2.3254602,1
ENSG00000188782,0.31359172,0.0,1
ENSG00000143479_1,2.278667,1.1089032,1
ENSG00000162745,0.082972676,0.0,1
ENSG00000160087,2.2018886,2.898617,1
ENSG00000001461,1.4678001,0.0,1
ENSG00000163463_1,1.1160319,3.3535104,1
ENSG00000178104_1,1.0727084,1.373923,1
ENSG00000116221,2.0052052,3.4684656,1
ENSG00000175087_1,2.3235037,2.228372,1
ENSG00000075151_1,1.2830601,1.5342419,1
ENSG00000134697,1.6474203,0.0,1
ENSG00000178395,0.936194,1.4328731,1
ENSG00000082482,0.011225779,0.0,1
ENSG00000116141_1,1.6151915,1.314857,1
ENSG00000182134,1.508501,2.1977298,1
ENSG00000117411,1.9525232,2.247556,1
ENSG00000231648,0.0479267,0.0,1
ENSG00000143355,0.37487692,0.0,1
ENSG00000282143,1.2655228,1.330089,1
ENSG00000142675,0.3336176,0.0,1
ENSG00000143458,1.6771066,1.8232851,1
ENSG00000160679,2.2461681,3.1193252,1
ENSG00000135750_1,0.18495664,0.0,1
ENSG00000171680_1,1.2890211,1.279895,1
ENSG00000143643,2.4356372,2.1907797,1
ENSG00000252947,0.14511254,0.0,1
ENSG00000291137_1,1.6183729,0.0,1
ENSG00000116747,2.4150927,3.1307068,1
ENSG00000159592_1,1.9319754,2.676901,1
ENSG00000142599_1,0.38630912,0.0,1
ENSG00000162571_1,0.4421236,0.0,1
ENSG00000132128_1,1.7124112,2.4549835,1
ENSG00000143436,1.2209209,0.0,1
ENSG00000277918,2.1203623,2.5314074,1
ENSG00000163874_2,0.32527262,1.1483867,1
ENSG00000204624,1.8993387,1.4706162,1
ENSG00000238260,1.9193015,1.0810231,1
ENSG00000233461,2.2231553,0.0,1
ENSG00000180999,0.04830706,0.0,1
