,Pred,actual,fold_idx
ENSG00000168259_2,1.9374127,3.0564742,12
ENSG00000109099_1,0.72846144,0.0,12
ENSG00000132471,0.8702851,3.2788725,12
ENSG00000120235,0.017258273,0.0,12
ENSG00000108961,0.8382078,0.0,12
ENSG00000119408_3,0.26214862,0.0,12
ENSG00000188394,0.07572095,0.0,12
ENSG00000106952,0.28581083,0.99033886,12
ENSG00000119125,1.0842373,2.4204922,12
ENSG00000174327,1.3861977,1.9028456,12
ENSG00000267042,2.0763326,1.7795172,12
ENSG00000184060_2,0.22445565,0.0,12
ENSG00000005961_1,1.6765828,1.3082656,12
ENSG00000167723,0.33981416,0.0,12
ENSG00000159111,1.3313245,0.0,12
ENSG00000169696,2.1306453,1.9774035,12
ENSG00000187607,1.4570341,1.6189367,12
ENSG00000175906,0.97795624,1.2002593,12
ENSG00000184060_1,1.0585415,1.7891645,12
ENSG00000233901_1,0.25337914,1.0559896,12
ENSG00000141161,0.10543989,0.0,12
ENSG00000141540,1.4744909,0.0,12
ENSG00000169071,1.4949162,1.0962493,12
ENSG00000136813,2.1183364,2.5639672,12
ENSG00000137075,1.3573769,0.0,12
ENSG00000108654_3,1.8512797,4.03569,12
ENSG00000263069,1.8379153,1.4650407,12
ENSG00000270647,2.4050603,3.4311578,12
ENSG00000165689,2.204754,2.5801628,12
ENSG00000169692,2.067081,2.2064993,12
ENSG00000136938,2.4375863,3.9308293,12
ENSG00000154229,2.0126965,2.344962,12
ENSG00000141376,1.1487108,0.0,12
ENSG00000182156,0.23420951,0.4895929,12
ENSG00000165181_3,0.45771953,0.0,12
ENSG00000072310,2.0073543,0.0,12
ENSG00000182446,0.1309713,0.0,12
ENSG00000108389_1,2.071291,1.8424658,12
ENSG00000148337,1.8679659,3.333034,12
ENSG00000198496,0.84737,0.0,12
ENSG00000184502,0.23293656,0.0,12
ENSG00000137040,1.2039772,0.0,12
ENSG00000108622_1,0.36298367,0.0,12
ENSG00000131759,0.41395536,0.0,12
ENSG00000005100,1.7479813,2.1344736,12
ENSG00000230013_1,1.1738343,0.0,12
ENSG00000006042_1,1.9556763,2.080933,12
ENSG00000106853_1,0.48344254,0.0,12
ENSG00000108924,1.0862583,1.3806634,12
ENSG00000141568_1,0.24431126,0.0,12
ENSG00000136859,0.7238708,0.0,12
ENSG00000186075,1.0195034,0.0,12
ENSG00000265206,1.6579344,3.3194911,12
ENSG00000133020,0.009189703,0.0,12
ENSG00000141258,1.7723517,2.0229642,12
ENSG00000164970,1.6582884,2.3677845,12
ENSG00000169696_1,0.38062218,0.70876074,12
ENSG00000167419_1,0.12036145,0.0,12
ENSG00000120211,0.2318091,0.0,12
ENSG00000165724,2.094023,2.5183613,12
ENSG00000175866_1,0.2681848,0.0,12
ENSG00000005243,1.1886362,1.3249817,12
ENSG00000184009,2.1302817,4.4993143,12
ENSG00000266970,2.0803645,1.1689098,12
ENSG00000107371,2.17447,2.8545308,12
ENSG00000126561_1,0.3996434,1.5093504,12
ENSG00000108509,0.6623176,0.0,12
ENSG00000172301,1.8109994,1.2786164,12
ENSG00000068489,1.0139745,2.7784212,12
ENSG00000099219,1.9429915,2.347174,12
ENSG00000119314_1,2.3917155,3.2260687,12
ENSG00000132517,0.48632482,0.0,12
ENSG00000131097,0.1718454,0.8755243,12
ENSG00000171446,0.102928504,0.8460896,12
ENSG00000226609,2.1054711,0.0,12
ENSG00000275832_1,1.2809287,1.250976,12
ENSG00000270885,1.1793743,1.4687165,12
ENSG00000182271,0.04469855,0.0,12
ENSG00000286685,1.1135633,0.0,12
ENSG00000070061,2.0890927,2.5571725,12
ENSG00000073350_1,0.27642253,0.99034774,12
ENSG00000261879,1.533648,0.0,12
ENSG00000178919,0.8571493,1.4054488,12
ENSG00000141580,2.1641192,2.6928804,12
ENSG00000125457,1.0369365,0.8267225,12
ENSG00000176809,2.3958209,2.320005,12
ENSG00000278910_1,0.036075123,0.0,12
ENSG00000185158_1,0.07729621,0.0,12
ENSG00000108669_3,0.44894144,1.872098,12
ENSG00000260220,0.3565583,0.0,12
ENSG00000154914,1.5156901,1.701041,12
ENSG00000197816_1,0.030559009,0.0,12
ENSG00000129204,1.1597795,1.3361795,12
ENSG00000254876,2.0311623,2.3780706,12
ENSG00000264672,0.07733823,0.95927995,12
ENSG00000225194_1,0.587384,1.1068026,12
ENSG00000107077_1,2.267844,1.7912976,12
ENSG00000125398,0.7634094,1.2854673,12
ENSG00000234323,0.054234605,0.0,12
ENSG00000182473_1,0.967614,1.399085,12
ENSG00000148120_1,0.08631917,0.0,12
ENSG00000048828,2.181158,2.8337843,12
ENSG00000095380,2.226103,2.228236,12
ENSG00000148175,2.2994926,2.6329358,12
ENSG00000121067,1.9789689,0.0,12
ENSG00000197646,0.015444908,0.56841296,12
ENSG00000095370,1.3463504,1.5465304,12
ENSG00000283439,0.12488638,0.0,12
ENSG00000287431,2.2329516,1.4318621,12
ENSG00000235296,0.44849184,1.065251,12
ENSG00000213221,1.9403751,2.2004948,12
ENSG00000106992,0.20306468,0.0,12
ENSG00000141179,2.0223517,2.4152071,12
ENSG00000154025,0.09281616,0.0,12
ENSG00000119383_3,0.51803285,1.4168735,12
ENSG00000167851_1,0.3598288,0.53857374,12
ENSG00000200889,0.019548802,0.0,12
ENSG00000274736,0.09458172,0.0,12
ENSG00000277161,2.314203,1.9175843,12
ENSG00000187838_1,1.8517406,2.4762692,12
ENSG00000109099,1.5982912,1.6195108,12
ENSG00000119403,1.8673619,0.0,12
ENSG00000196305,2.280904,3.3455853,12
ENSG00000212724,0.83910507,0.0,12
ENSG00000126653,1.2108395,2.7832832,12
ENSG00000232283,0.017295752,0.0,12
ENSG00000005238,1.5834146,1.7803533,12
ENSG00000002834,2.1696286,3.5764048,12
ENSG00000159842_2,0.37241748,1.1150777,12
ENSG00000122707,1.3374839,1.886891,12
ENSG00000230537_1,0.40793952,0.0,12
ENSG00000177731,1.62167,2.2321827,12
ENSG00000199744,0.14578636,1.1088964,12
ENSG00000108349,2.3127818,2.6399415,12
ENSG00000180071,0.82727665,0.0,12
ENSG00000121101,0.6203897,0.0,12
ENSG00000120158,2.2107866,2.3980095,12
ENSG00000161958_1,0.8111858,1.667929,12
ENSG00000256525,1.6991732,2.4070168,12
ENSG00000141068,2.060348,2.432793,12
ENSG00000141127,0.43053427,1.737668,12
ENSG00000286322_1,0.45935646,0.0,12
ENSG00000125492,0.9512945,1.4416165,12
ENSG00000109047,0.59426147,0.0,12
ENSG00000170190_1,1.6608758,1.3289094,12
ENSG00000141456,0.3377851,0.0,12
ENSG00000147862,0.008918727,0.0,12
ENSG00000106804,0.04474057,0.0,12
ENSG00000131771_1,0.21464032,0.0,12
ENSG00000136933,1.4522536,2.6800635,12
ENSG00000049283_1,0.26738742,0.8860957,12
ENSG00000196196,0.59550637,1.2263421,12
ENSG00000012048_2,0.8052799,2.6665742,12
ENSG00000288701,1.9900167,2.7002537,12
ENSG00000167447,1.2867496,2.3144634,12
ENSG00000174282,1.8074102,1.7362052,12
ENSG00000122136,0.26999393,0.0,12
ENSG00000147955,1.8967911,0.0,12
ENSG00000011260,2.2994528,2.8435256,12
ENSG00000132581,2.3944361,2.0434685,12
ENSG00000141376_3,0.15721244,0.0,12
ENSG00000124422_1,1.9075884,2.3272607,12
ENSG00000205045,0.44126937,0.0,12
ENSG00000161544,1.5771688,1.999609,12
ENSG00000293325,0.70159113,1.1795806,12
ENSG00000225663,2.0475376,2.3099282,12
ENSG00000141232,2.1769183,2.345001,12
ENSG00000267364,0.2140385,1.1331235,12
ENSG00000092931_2,0.10036673,0.0,12
ENSG00000136878,2.3906398,2.681082,12
ENSG00000165698,0.49757087,1.0787829,12
ENSG00000196597,1.5996301,2.0135198,12
ENSG00000293669,2.093891,2.4164941,12
ENSG00000106785,1.433074,2.2395747,12
ENSG00000252542,0.09137061,0.0,12
ENSG00000125447,2.3832264,2.2927432,12
ENSG00000180616,1.2472215,1.828866,12
ENSG00000188895_2,0.06474055,0.0,12
ENSG00000141456_1,1.8650405,0.0,12
ENSG00000196363,0.81025964,1.5263393,12
ENSG00000167123,0.3783687,0.0,12
ENSG00000224307,0.099149555,0.80222625,12
ENSG00000165152,0.62166643,1.7440269,12
ENSG00000128482,0.24142471,0.0,12
ENSG00000131737,0.4985533,1.142796,12
ENSG00000072849,1.1893502,2.116704,12
ENSG00000108924_2,0.15145367,0.0,12
ENSG00000154263,0.03865754,0.0,12
ENSG00000265000,1.0331469,0.0,12
ENSG00000133027,0.2609186,1.1917863,12
ENSG00000136485,2.225159,2.9889867,12
ENSG00000179029,1.6473356,0.0,12
ENSG00000165272_1,1.5910661,2.6232028,12
ENSG00000235641_1,0.6540608,0.8345987,12
ENSG00000160271_1,0.303235,1.1150777,12
ENSG00000125449,1.8542495,2.1995988,12
ENSG00000168517_1,2.1404395,1.4367667,12
ENSG00000182040,1.1075165,0.0,12
ENSG00000133030,1.985786,2.330556,12
ENSG00000235530,2.191121,1.9581815,12
ENSG00000235387,0.19598961,0.0,12
ENSG00000272975_2,0.28277525,0.0,12
ENSG00000128422_2,0.65558624,1.5744133,12
ENSG00000083457,2.0209973,1.9392916,12
ENSG00000236320,0.519253,0.0,12
ENSG00000064218,1.3953676,1.3325596,12
ENSG00000165119_1,1.9711368,3.7004173,12
ENSG00000185681,1.5132228,0.0,12
ENSG00000278540_1,2.1854048,1.0743409,12
ENSG00000108523_2,0.34166676,0.0,12
ENSG00000238423,0.6587886,1.864861,12
ENSG00000108654,0.12866497,1.0810591,12
ENSG00000262664,1.8189778,2.1284575,12
ENSG00000106823,-0.0148532875,0.0,12
ENSG00000119139_3,0.090270996,0.0,12
ENSG00000106771,2.2050948,2.4393485,12
ENSG00000181222_2,0.14641672,0.86111605,12
ENSG00000135018,2.213018,2.780094,12
ENSG00000141551_3,2.0212648,2.7794595,12
ENSG00000167525,1.9055651,0.0,12
ENSG00000070601_1,0.0818201,0.0,12
ENSG00000005381_1,0.21090955,0.0,12
ENSG00000227036,0.2868795,0.0,12
ENSG00000267207,0.32869408,1.5068702,12
ENSG00000164985_1,0.027105287,0.0,12
ENSG00000136895_1,1.4653544,1.135069,12
ENSG00000266469,1.9793555,0.0,12
ENSG00000137077,0.16607723,0.0,12
ENSG00000109084,2.0087059,3.0977187,12
ENSG00000132481,1.4680581,1.6563857,12
ENSG00000148358,1.8546249,2.45722,12
ENSG00000161682,1.5251627,0.0,12
ENSG00000196152,2.0101874,2.106626,12
ENSG00000198242,2.1975808,4.1183143,12
ENSG00000153982_1,2.0026844,0.9764784,12
ENSG00000265055,1.6020806,1.0652734,12
ENSG00000129194,0.13594913,0.0,12
ENSG00000266402,2.0186903,2.7178702,12
ENSG00000285634_1,0.04604484,0.0,12
ENSG00000108651,1.4798747,0.0,12
ENSG00000278259_2,2.1541665,1.8571937,12
ENSG00000275023,2.1964362,2.2931857,12
ENSG00000073584_1,0.5265865,1.3851414,12
ENSG00000178927,1.9181898,1.8260813,12
ENSG00000072134,1.5985497,2.247605,12
ENSG00000109113,1.3286104,0.86468905,12
ENSG00000165275,1.1528404,0.0,12
ENSG00000166579,0.1344896,0.568366,12
ENSG00000126883_1,2.105486,0.0,12
ENSG00000167840,1.9427705,1.7312874,12
ENSG00000119397_1,0.51564187,0.0,12
ENSG00000066697,2.241354,2.3645134,12
ENSG00000136463,1.641522,2.3928902,12
ENSG00000141738_1,0.32217333,0.0,12
ENSG00000136940,1.7248453,2.5615962,12
ENSG00000005381_2,0.18259923,0.0,12
ENSG00000141756_1,0.17441942,1.2713071,12
ENSG00000091592,0.2572629,1.0606601,12
ENSG00000106991_1,0.5160585,1.2896558,12
ENSG00000108654_4,1.965639,2.398218,12
ENSG00000237339,0.27020502,0.0,12
ENSG00000087095,2.0846722,2.5436833,12
ENSG00000142484,0.09012182,0.0,12
ENSG00000270547,0.02103521,0.0,12
ENSG00000172171,1.0316906,0.0,12
ENSG00000108773_1,1.8110261,2.462431,12
ENSG00000126882,2.0981302,1.5271142,12
ENSG00000264424,0.02152236,0.0,12
ENSG00000182224_1,0.7238262,1.5959148,12
ENSG00000198920,0.05629048,0.0,12
ENSG00000129255_1,2.3347692,2.632358,12
ENSG00000263567,0.065042414,1.6143804,12
ENSG00000129654,0.9975634,0.9764417,12
ENSG00000227543,1.8920703,1.5027684,12
ENSG00000182742,1.7944574,2.5194867,12
ENSG00000120210,0.3810441,0.0,12
ENSG00000175832,1.7620212,2.6448324,12
ENSG00000141505_1,0.097793326,0.0,12
ENSG00000290928,2.4389381,2.458266,12
ENSG00000161395,1.6878809,1.9268875,12
ENSG00000197579,1.145463,2.0678887,12
ENSG00000159842,1.0670638,1.2247401,12
ENSG00000166484,0.76487815,1.6870292,12
ENSG00000007174_1,0.15140402,0.0,12
ENSG00000108590,1.1065855,0.0,12
ENSG00000136877_1,1.5163754,0.0,12
ENSG00000186193,1.8253925,2.403637,12
ENSG00000085265,0.0360082,0.0,12
ENSG00000267278_1,0.22468263,0.99033886,12
ENSG00000204001_1,0.6045739,0.0,12
ENSG00000086102,2.312139,0.0,12
ENSG00000236024,0.08793481,0.0,12
ENSG00000108469_1,1.5649147,0.0,12
ENSG00000107187_1,1.0046816,1.3363396,12
ENSG00000141699,2.280105,2.2937007,12
ENSG00000188612_1,2.4023976,3.7502692,12
ENSG00000141040,1.2664382,1.5036137,12
ENSG00000161940,0.41084006,0.0,12
ENSG00000136874,1.6747549,2.352584,12
ENSG00000223125,0.047220275,0.0,12
ENSG00000167880,0.54045206,0.9503843,12
ENSG00000221829,1.8456144,0.0,12
ENSG00000136872_1,0.35484484,0.0,12
ENSG00000265688,2.0562263,1.8229262,12
ENSG00000185813_1,1.8763676,2.749274,12
ENSG00000172992,2.3124032,2.572507,12
ENSG00000108375_1,0.68963563,0.0,12
ENSG00000136449_1,0.96549994,0.0,12
ENSG00000136936,2.0111868,2.6118538,12
ENSG00000108797,0.57443726,1.2510052,12
ENSG00000130935,2.2499907,2.8041155,12
ENSG00000170160,0.95079213,0.0,12
ENSG00000240505,0.2040492,0.0,12
ENSG00000171401_1,0.44859532,0.91939193,12
ENSG00000136895_3,0.082849756,0.0,12
ENSG00000171475,1.8595243,2.3311458,12
ENSG00000176170,0.114491045,0.98479724,12
ENSG00000136802_1,0.24738875,0.0,12
ENSG00000108883_1,1.9661193,3.0108595,12
ENSG00000165059,0.9440195,0.0,12
ENSG00000170835,0.19491407,0.0,12
ENSG00000185813,1.9858943,1.264251,12
ENSG00000215237,1.3079941,1.9972194,12
ENSG00000266714,0.46556476,1.385034,12
ENSG00000106688,1.5986625,1.6239725,12
ENSG00000148180_3,0.4282605,0.0,12
ENSG00000168610,0.64482087,2.7027235,12
ENSG00000186919,0.24856651,0.87906146,12
ENSG00000107186,0.033453107,0.0,12
ENSG00000141526_2,1.5928378,1.5986264,12
ENSG00000176108,1.8486187,2.0766768,12
ENSG00000129667_1,1.4520538,0.0,12
ENSG00000108384,1.9215492,2.7357147,12
ENSG00000286194,0.11538625,0.0,12
ENSG00000153930_1,0.028990138,0.0,12
ENSG00000175866_3,0.47207358,0.0,12
ENSG00000119383_5,0.41907993,0.0,12
ENSG00000148297,1.8717191,2.358873,12
ENSG00000262165_1,1.677021,1.5059906,12
ENSG00000184640_3,0.8442139,1.1211854,12
ENSG00000266677,1.6014423,0.0,12
ENSG00000171246,1.632467,2.216166,12
ENSG00000230148,2.1104,2.0017338,12
ENSG00000157654_1,0.66288847,1.3727463,12
ENSG00000092929,1.3755226,2.0647686,12
ENSG00000108826,1.6453648,0.0,12
ENSG00000106991,0.35056847,0.0,12
ENSG00000119487_2,1.8666106,2.7026484,12
ENSG00000165269_1,0.24087897,0.0,12
ENSG00000141232_1,0.29657373,0.0,12
ENSG00000136490,0.69531447,1.2231843,12
ENSG00000214978,0.3739055,0.0,12
ENSG00000161714,1.8349514,2.0995564,12
ENSG00000167914_1,0.42902848,0.0,12
ENSG00000013306,2.1479592,3.4748192,12
ENSG00000186532,1.7953026,0.0,12
ENSG00000212721,0.591988,1.4568365,12
ENSG00000176927,2.1360216,2.6501482,12
ENSG00000083457_1,0.08188528,1.1089032,12
ENSG00000167100,1.6044124,0.0,12
ENSG00000141522_1,2.0170295,2.7926717,12
ENSG00000167117,0.15733011,0.0,12
ENSG00000148400,1.881592,2.3864276,12
ENSG00000165702,0.502329,2.9462352,12
ENSG00000227036_1,0.20449378,0.0,12
ENSG00000107263,0.047952823,0.0,12
ENSG00000136811_3,0.9229552,0.0,12
ENSG00000006125_1,0.07547368,1.1670809,12
ENSG00000087095_1,0.24200417,2.0054808,12
ENSG00000181610,1.9972321,0.0,12
ENSG00000266446,1.1791584,1.4633255,12
ENSG00000302531,1.2591255,3.1492622,12
ENSG00000107262,2.0851398,2.6328084,12
ENSG00000212195,0.59635967,2.5806181,12
ENSG00000160408_2,0.17688645,0.0,12
ENSG00000094804,1.9815769,2.738023,12
ENSG00000126353,0.1411898,0.0,12
ENSG00000147894,1.8654754,1.7586092,12
ENSG00000167280,1.8955638,2.4528518,12
ENSG00000136840,1.7647856,2.2746496,12
ENSG00000120158_1,0.23071367,0.0,12
ENSG00000130958,1.3579425,1.716162,12
ENSG00000107331_1,1.9298278,1.8752928,12
ENSG00000123975,1.9750036,3.1579883,12
ENSG00000260019,0.027549632,0.0,12
ENSG00000160325,1.898626,1.4732826,12
ENSG00000280177,0.4388657,0.7761925,12
ENSG00000095370_2,0.16249712,0.0,12
ENSG00000230148_1,1.1797446,1.5532396,12
ENSG00000070610_1,1.8576069,2.3783433,12
ENSG00000169992_1,0.15009242,0.0,12
ENSG00000131471,0.18304051,0.0,12
ENSG00000185294,0.20774409,1.0116128,12
ENSG00000277258_2,1.3752333,1.9593801,12
ENSG00000108932,0.97973615,0.0,12
ENSG00000141582,2.287652,2.7570617,12
ENSG00000185262,2.2907624,3.361367,12
ENSG00000136868,2.0588455,2.29427,12
ENSG00000236924,0.6256759,0.0,12
ENSG00000106852_2,1.3089721,1.6770409,12
ENSG00000108813_2,1.2314227,1.6881349,12
ENSG00000168591,1.6826513,2.2252576,12
ENSG00000178445,0.0033807568,0.9413325,12
ENSG00000262481,1.017453,0.0,12
ENSG00000188352_1,0.0017141607,0.0,12
ENSG00000037042,0.6671608,1.4811846,12
ENSG00000108784,2.3111854,2.1913114,12
ENSG00000167107,1.2853863,1.3784778,12
ENSG00000215183,0.20232758,1.0441084,12
ENSG00000136824,2.1385784,2.493179,12
ENSG00000213246_1,0.39735675,0.0,12
ENSG00000182575,1.7115932,1.1830989,12
ENSG00000148288,1.3515447,1.9619902,12
ENSG00000228317,1.07577,0.0,12
ENSG00000141552,2.1717515,2.9534938,12
ENSG00000204148,0.030839277,0.0,12
ENSG00000148225,1.0660272,1.1231785,12
ENSG00000169733_1,1.8133298,2.3135297,12
ENSG00000229637,0.3544049,0.0,12
ENSG00000127081,1.0172613,1.9172744,12
ENSG00000148204,0.54437476,1.5965091,12
ENSG00000148335_1,1.8211994,2.6127446,12
ENSG00000204815,1.3172197,0.0,12
ENSG00000108700,0.089799896,0.0,12
ENSG00000108582,1.9836454,2.4905217,12
ENSG00000287782,0.28050935,0.0,12
ENSG00000165060,1.452824,2.728297,12
ENSG00000141337,0.7508413,0.0,12
ENSG00000136830,1.938968,1.783067,12
ENSG00000178852_1,2.1181755,1.9163013,12
ENSG00000182963_1,0.43442816,1.4279402,12
ENSG00000081386,1.8561623,2.2127733,12
ENSG00000137101,0.2142433,0.0,12
ENSG00000184361,1.0660851,0.0,12
ENSG00000196739,1.0994265,1.3671136,12
ENSG00000119139_2,1.937006,2.1759784,12
ENSG00000106789,2.0579658,2.042284,12
ENSG00000064195,0.9758569,1.5093639,12
ENSG00000178999_1,1.4691219,2.714531,12
ENSG00000238007,0.05322904,0.0,12
ENSG00000108379_1,0.16430469,0.0,12
ENSG00000161405,0.029580649,0.0,12
ENSG00000153822_1,0.011247799,0.0,12
ENSG00000005156,2.1456885,2.7122877,12
ENSG00000291110_1,0.054250784,0.0,12
ENSG00000070731_2,0.0913392,0.0,12
ENSG00000175106,1.9615508,1.9855028,12
ENSG00000196092_1,0.36577967,0.8423221,12
ENSG00000165029,0.5897699,0.9793207,12
ENSG00000005381,1.1052074,1.4158077,12
ENSG00000108312_2,0.6426605,2.1220586,12
ENSG00000120156,0.041274488,0.0,12
ENSG00000170703_1,0.73222107,1.0392555,12
ENSG00000161509,0.64430827,0.0,12
ENSG00000168259_3,0.2736807,2.537445,12
ENSG00000185269,1.4930544,1.5327289,12
ENSG00000167525_3,1.1935856,1.7308307,12
ENSG00000161905,0.4867253,1.1211987,12
ENSG00000167914,0.19845948,0.0,12
ENSG00000033627_1,0.22461794,0.0,12
ENSG00000171448,0.98853797,0.0,12
ENSG00000141552_1,1.8275745,1.8670619,12
ENSG00000290585_1,1.501142,0.0,12
ENSG00000181045,0.24646391,0.0,12
ENSG00000274996,0.13656117,0.0,12
ENSG00000125484,1.9415257,0.0,12
ENSG00000010438,0.99681807,0.0,12
ENSG00000173838_1,0.85547113,0.0,12
ENSG00000213424,0.064622104,0.0,12
ENSG00000091542,0.7323113,1.7439767,12
ENSG00000087191_1,1.8857532,0.0,12
ENSG00000120071_4,1.2816907,1.9120891,12
ENSG00000168961,0.18834198,0.0,12
ENSG00000278845,1.6498852,0.0,12
ENSG00000141543,2.295165,3.0386918,12
ENSG00000167083,0.14898913,0.0,12
ENSG00000106733,2.0151114,1.7162372,12
ENSG00000167085,1.4327221,0.0,12
ENSG00000173786,1.8260874,1.881339,12
ENSG00000261371,0.27489576,0.0,12
ENSG00000165244,2.0894506,2.0642333,12
ENSG00000170190,1.6678213,1.5532031,12
ENSG00000107105_3,0.3018171,0.0,12
ENSG00000158169_1,2.1169631,2.416141,12
ENSG00000175866_4,0.1652521,0.8825815,12
ENSG00000185156,0.7842777,1.051307,12
ENSG00000228714,0.23745026,0.0,12
ENSG00000275722,0.09327501,0.0,12
ENSG00000248871,1.3488739,1.0193241,12
ENSG00000224848,0.8558649,0.0,12
ENSG00000107282,1.6434442,1.7366992,12
ENSG00000275329,2.1929295,1.6876003,12
ENSG00000156345,1.2963411,1.3635932,12
ENSG00000228395,1.940685,1.2756798,12
ENSG00000147862_2,0.9150547,1.1580306,12
ENSG00000136867,1.7065998,1.4348084,12
ENSG00000080503,1.9761175,2.3034055,12
ENSG00000136802,2.1589577,2.2370734,12
ENSG00000213213_1,1.6231768,0.95921314,12
ENSG00000136490_1,1.7551033,2.1575475,12
ENSG00000156345_1,1.0650405,1.6359158,12
ENSG00000076351,1.4968185,1.9325244,12
ENSG00000186350,1.9761206,2.563018,12
ENSG00000267432_1,0.14715151,0.0,12
ENSG00000227355,1.9635305,0.0,12
ENSG00000106692,1.163355,2.038779,12
ENSG00000155621,0.8628562,2.155321,12
ENSG00000234323_2,0.056842927,0.0,12
ENSG00000291074_1,0.83882535,1.1579099,12
ENSG00000182224_2,1.0605292,0.0,12
ENSG00000138835_6,0.3845581,0.0,12
ENSG00000126878,1.9839871,1.6058758,12
ENSG00000065325_1,0.020905677,0.0,12
ENSG00000148154_1,2.0514433,0.0,12
ENSG00000121053,0.3666523,0.0,12
ENSG00000108958,0.1225777,0.0,12
ENSG00000119139_1,1.3963387,1.9771472,12
ENSG00000182687,1.306653,1.7130703,12
ENSG00000147883,1.0371244,0.0,12
ENSG00000107014,0.120945424,0.0,12
ENSG00000172785,1.5663412,0.0,12
ENSG00000148158,2.219642,1.8944157,12
ENSG00000184640_9,0.31895286,0.0,12
ENSG00000141556_1,0.74689084,0.0,12
ENSG00000169710,1.9452939,3.7835612,12
ENSG00000188176,1.601848,2.0322156,12
ENSG00000251752,0.047558643,0.0,12
ENSG00000130957,0.24492386,0.0,12
ENSG00000131470,2.028634,2.4103706,12
ENSG00000108604_1,2.3142743,2.2914977,12
ENSG00000237626,0.04422781,0.0,12
ENSG00000278774,2.4669018,0.0,12
ENSG00000178999,1.51375,0.0,12
ENSG00000264364,2.175839,2.860565,12
ENSG00000196156,0.67163295,1.2728391,12
ENSG00000070610,1.7527791,1.5287753,12
ENSG00000170296_1,1.5667872,3.0157578,12
ENSG00000130717,1.8386947,1.5700758,12
ENSG00000169727_1,1.8245697,2.766864,12
ENSG00000108556_1,0.23566301,0.0,12
ENSG00000131467,2.1345022,2.815836,12
ENSG00000136457,1.2267411,1.7151924,12
ENSG00000130948,0.0825593,1.0464952,12
ENSG00000166292,0.07514846,0.0,12
ENSG00000278311_1,0.070985824,0.83848387,12
ENSG00000008294_1,2.4126372,2.897231,12
ENSG00000170004,1.7601274,2.3010952,12
ENSG00000136819,2.2983027,3.4057646,12
ENSG00000157654,1.3313498,0.0,12
ENSG00000106772_1,0.04598274,0.8499719,12
ENSG00000108821_1,0.16453929,0.0,12
ENSG00000198000,1.2549043,2.7940927,12
ENSG00000141526_3,0.6205433,1.4367667,12
ENSG00000108312,1.805318,2.2272182,12
ENSG00000161654,0.11355503,0.0,12
ENSG00000235641,0.06269942,0.0,12
ENSG00000267166,0.46031755,1.0698531,12
ENSG00000175175,1.4669359,1.9511188,12
ENSG00000182446_1,0.26051885,0.0,12
ENSG00000132518,0.37771627,0.0,12
ENSG00000270765,0.4115866,1.1331235,12
ENSG00000141034,2.1533313,2.26689,12
ENSG00000148153,1.956685,2.437078,12
ENSG00000138835,0.79756373,0.0,12
ENSG00000167721,1.162732,3.0138268,12
ENSG00000168646,1.1333044,1.4368303,12
ENSG00000154957,1.9087648,1.7078851,12
ENSG00000278023,0.7952904,0.0,12
ENSG00000106852_1,1.4158227,0.0,12
ENSG00000283538,0.07216224,0.0,12
ENSG00000095303_2,0.52468294,0.0,12
ENSG00000128487,1.8467978,1.9958475,12
ENSG00000169583,0.37146088,0.0,12
ENSG00000067191_1,0.5468524,0.0,12
ENSG00000219200_1,0.6484317,2.3349,12
ENSG00000182575_1,1.6864696,1.1831274,12
ENSG00000129255,2.3368406,2.7242432,12
ENSG00000132382,1.5942873,2.5751867,12
ENSG00000126562,2.280087,2.357134,12
ENSG00000229109,0.09983119,0.0,12
ENSG00000108602,0.23359784,0.9382194,12
ENSG00000132510,1.1235582,0.0,12
ENSG00000108821_2,0.39296404,0.96510756,12
ENSG00000035862_2,1.6969897,1.7968518,12
ENSG00000108924_1,0.37348074,0.0,12
ENSG00000132478,2.53476,2.225397,12
ENSG00000181090,2.2745152,2.2858498,12
ENSG00000188895,1.8862361,2.323679,12
ENSG00000188747,2.0266426,1.1934863,12
ENSG00000154975,1.2183108,1.6383893,12
ENSG00000176974,1.7902195,2.1023343,12
ENSG00000147853,2.0641513,2.974988,12
ENSG00000291209,1.016365,1.6598496,12
ENSG00000106772_2,1.2071813,0.0,12
ENSG00000181513,1.8003373,0.0,12
ENSG00000175283,2.193843,2.0014784,12
ENSG00000108788,2.1086128,2.5742779,12
ENSG00000129657_2,2.1498227,1.7882674,12
ENSG00000131668,1.709664,1.580697,12
ENSG00000176101,2.3301826,2.4261208,12
ENSG00000176390,1.9994757,2.472692,12
ENSG00000147874_1,1.7359676,0.0,12
ENSG00000213927,0.2392317,0.75797266,12
ENSG00000173801,1.4275471,0.0,12
ENSG00000187922_1,0.42413974,0.0,12
ENSG00000271447,1.3428619,2.162206,12
ENSG00000198844_1,0.18470353,0.0,12
ENSG00000148200,2.2702746,2.145793,12
ENSG00000078687,2.1127229,2.326336,12
ENSG00000167881,0.09907241,0.0,12
ENSG00000169155,2.052934,2.2311535,12
ENSG00000266173,2.2206717,2.1481829,12
ENSG00000165209,2.238165,2.8332236,12
ENSG00000006025,0.7498574,2.1426022,12
ENSG00000127083,0.013070965,0.0,12
ENSG00000205808,1.1585498,1.8094722,12
ENSG00000196422_1,1.8577709,1.9474827,12
ENSG00000204897,0.056599796,0.0,12
ENSG00000131747,1.7104037,0.0,12
ENSG00000161405_1,0.69203126,0.0,12
ENSG00000214553,0.31463188,1.0368284,12
ENSG00000141027_1,2.1710548,2.4992292,12
ENSG00000175826,2.0057771,2.4572504,12
ENSG00000141294,1.5064504,1.5191505,12
ENSG00000236680,0.025646131,1.4482888,12
ENSG00000044459,0.99513507,1.069816,12
ENSG00000148219_1,1.5304755,1.9914919,12
ENSG00000165280,2.255177,3.2733185,12
ENSG00000136487,0.20469016,0.9764784,12
ENSG00000160446,2.0651667,2.2400172,12
ENSG00000120242,0.011659127,0.0,12
ENSG00000136783,1.9202788,2.688572,12
ENSG00000204136,1.3824396,1.5472454,12
ENSG00000201920,0.13673733,1.3213499,12
ENSG00000154016,0.31542084,0.0,12
ENSG00000188379,0.08264139,0.0,12
ENSG00000131669,1.510046,1.4925648,12
ENSG00000141522,0.91157013,2.0630555,12
ENSG00000176386,1.9763272,2.4780366,12
ENSG00000107099_1,2.1217115,1.524788,12
ENSG00000121073_1,2.16755,2.6232493,12
ENSG00000135002_1,1.7826629,2.5202477,12
ENSG00000161653_1,1.2019148,1.1742634,12
ENSG00000172159,0.031430233,0.0,12
ENSG00000106686,0.43442842,0.0,12
ENSG00000165118,1.7122126,2.408352,12
ENSG00000167543,0.9873872,1.0560278,12
ENSG00000106976_1,1.939644,1.5821543,12
ENSG00000187796,0.3382217,1.9537646,12
ENSG00000178921,0.99265116,0.0,12
ENSG00000136942,2.292068,4.161317,12
ENSG00000129673,0.15226412,0.0,12
ENSG00000275465,0.024096157,0.0,12
ENSG00000168259,2.2642007,1.4899023,12
ENSG00000136810,2.2527082,3.0997496,12
ENSG00000153933,1.8580753,1.8958036,12
ENSG00000182628,0.058172148,0.0,12
ENSG00000062725_1,1.505786,2.3666825,12
ENSG00000120071_1,0.07982448,0.0,12
ENSG00000147852_1,1.0643,1.9396241,12
ENSG00000107317_2,0.32402942,0.0,12
ENSG00000170412,0.6853375,0.9592323,12
ENSG00000125447_1,0.73516285,1.373978,12
ENSG00000122756,1.5070236,1.7146566,12
ENSG00000128422,0.31204978,1.2118678,12
ENSG00000133026,0.9375559,2.5708766,12
ENSG00000161542_2,1.1704482,2.4737744,12
ENSG00000004897,2.477829,2.7334058,12
ENSG00000165119_2,2.244332,3.3332417,12
ENSG00000108622,0.44476554,0.0,12
ENSG00000165119,0.10652065,0.0,12
ENSG00000080298,0.013744514,0.0,12
ENSG00000240871,0.55515224,0.0,12
ENSG00000081377_1,1.6527879,2.079109,12
ENSG00000119408_2,0.1320836,0.0,12
ENSG00000165140,1.1933668,1.3648323,12
ENSG00000137033,0.0037543736,0.0,12
ENSG00000181885_1,0.3112246,1.5702043,12
ENSG00000188581,0.5525466,1.9005529,12
ENSG00000141485,0.913057,1.2434349,12
ENSG00000181090_2,0.73871905,0.8384461,12
ENSG00000119514_1,0.5111187,1.2118678,12
ENSG00000159210,1.7542535,2.4484992,12
ENSG00000121057_2,0.20589708,0.0,12
ENSG00000141504,0.6909472,1.3122197,12
ENSG00000124422,2.2919974,2.9103544,12
ENSG00000006744,1.7840934,1.2449695,12
ENSG00000267278,2.1030903,2.152218,12
ENSG00000274808,0.06183564,0.0,12
ENSG00000185561,1.2335553,1.1985747,12
ENSG00000264985,0.026690736,0.0,12
ENSG00000185504_1,0.4485654,1.7887126,12
ENSG00000188647,0.06685515,0.0,12
ENSG00000184640_7,0.39998034,1.6967669,12
ENSG00000136449,1.00695,0.0,12
ENSG00000275832_2,1.6058593,1.5917878,12
ENSG00000199483,0.08054623,0.0,12
ENSG00000184988_1,0.14114754,0.0,12
ENSG00000281769,0.4671267,0.98203593,12
ENSG00000121073_2,0.30499694,0.0,12
ENSG00000240445,1.2990978,0.0,12
ENSG00000279069,1.7087276,1.840194,12
ENSG00000108799,1.3061955,2.2664316,12
ENSG00000159640,1.5665132,1.9734927,12
ENSG00000165115,1.7461421,1.6848274,12
ENSG00000199313,0.11267392,0.0,12
ENSG00000159640_2,0.40291595,1.3161381,12
ENSG00000169718_1,1.7948852,2.428339,12
ENSG00000220205,1.981888,2.5818849,12
ENSG00000006042,1.8510242,2.6414979,12
ENSG00000187024,1.3323402,1.642603,12
ENSG00000176994,1.7058606,2.2362323,12
ENSG00000230013,0.2414404,0.0,12
ENSG00000161939,1.5714574,0.0,12
ENSG00000165181,0.02914839,0.98209023,12
ENSG00000267532,0.45341092,0.0,12
ENSG00000107290,2.3248928,2.5782952,12
ENSG00000130956,2.0058458,2.2717254,12
ENSG00000167434,1.2891858,1.4095442,12
ENSG00000197355,1.64698,2.073062,12
ENSG00000107295,1.4520484,1.6209061,12
ENSG00000196814,1.7826427,1.6176293,12
ENSG00000182963,1.5208304,1.7405679,12
ENSG00000073598,0.07281436,0.0,12
ENSG00000135040,2.1736157,2.3874736,12
ENSG00000265222,0.053531818,0.0,12
ENSG00000167549,1.7048041,1.7415298,12
ENSG00000148123_1,0.13056351,1.0193157,12
ENSG00000108375,0.28031167,0.0,12
ENSG00000129226,0.7402676,2.9555626,12
ENSG00000148339_1,0.40301982,0.0,12
ENSG00000068097,1.6394224,2.1155207,12
ENSG00000174292,0.7929339,1.6831732,12
ENSG00000197694_1,0.68623364,0.0,12
ENSG00000073670,1.6274779,1.7701079,12
ENSG00000165028,1.7989359,1.8634418,12
ENSG00000119397,2.1974845,0.0,12
ENSG00000165092_1,0.0012087971,0.0,12
ENSG00000121104,1.8466897,2.925344,12
ENSG00000158079,0.3556023,0.0,12
ENSG00000108960,1.9775224,1.0984014,12
ENSG00000159314,0.28480077,0.0,12
ENSG00000185245,0.28083125,1.0984014,12
ENSG00000277268,1.3299284,1.3762666,12
ENSG00000109111,2.4542308,3.1162589,12
ENSG00000177885,1.0597425,0.0,12
ENSG00000265118,0.024757378,0.0,12
ENSG00000234705,0.18499443,0.0,12
ENSG00000266357,0.13703865,0.0,12
ENSG00000270379,0.049150117,0.0,12
ENSG00000215644,1.3994334,1.3740147,12
ENSG00000161513,0.33419007,0.0,12
ENSG00000074660,0.27089792,0.0,12
ENSG00000108852,0.4561161,0.0,12
ENSG00000184640_2,1.1692908,2.5647962,12
ENSG00000107201,0.6459185,0.0,12
ENSG00000178502,1.8332677,2.3309412,12
ENSG00000108666_1,1.7855573,2.2631862,12
ENSG00000187024_1,0.48545837,0.0,12
ENSG00000235183,0.10644981,1.7156775,12
ENSG00000108798,0.2319304,0.0,12
ENSG00000137154,1.8491136,3.6127744,12
ENSG00000167157,1.589757,1.6376998,12
ENSG00000261192,0.9511466,1.4319425,12
ENSG00000108352,1.0217799,2.0006943,12
ENSG00000170222,1.9124458,1.8756573,12
ENSG00000106852,2.0455203,2.2835612,12
ENSG00000188612,2.3078694,1.8184898,12
ENSG00000135047,1.8605492,3.1130738,12
ENSG00000182327,0.5096091,1.3938208,12
ENSG00000108557,1.9088628,2.2030058,12
ENSG00000185379,1.6347923,1.8023837,12
ENSG00000264808,2.112362,1.8221353,12
ENSG00000284976,0.5209376,1.5672711,12
ENSG00000132581_1,2.4236186,2.4811273,12
ENSG00000133028,1.9672314,2.3853989,12
ENSG00000161921,0.3922893,0.0,12
ENSG00000174326,0.41416144,1.6770592,12
ENSG00000178789,0.019315,0.0,12
ENSG00000277200,1.6658106,1.5487701,12
ENSG00000108733,2.139218,2.0721765,12
ENSG00000167113_1,2.6176472,2.9025197,12
ENSG00000167103_1,1.5219078,0.0,12
ENSG00000108666,1.8166041,0.0,12
ENSG00000181090_1,0.09166543,0.0,12
ENSG00000107099,2.158121,2.1394067,12
ENSG00000171843_2,0.8981195,1.6825693,12
ENSG00000108878,0.33841673,0.0,12
ENSG00000137133,2.2553,2.180513,12
ENSG00000011295,2.2477055,2.4382257,12
ENSG00000119408,1.7587776,2.0518546,12
ENSG00000159921_1,0.036763065,0.0,12
ENSG00000165271,0.7695722,2.4362867,12
ENSG00000160539_1,0.7505762,1.3096727,12
ENSG00000196116,1.8980279,1.6340357,12
ENSG00000048828_1,2.1456976,1.9405165,12
ENSG00000147854,1.6383862,2.4818509,12
ENSG00000183153,0.18910298,1.0417085,12
ENSG00000160445,2.017567,2.2310565,12
ENSG00000285822,1.7287735,2.881033,12
ENSG00000106853_2,0.29645777,0.0,12
ENSG00000137078,0.25831425,0.0,12
ENSG00000167543_2,0.6583765,2.1060004,12
ENSG00000234327,1.5915213,0.0,12
ENSG00000173714,0.5160688,1.8094789,12
ENSG00000277631,0.4312864,0.0,12
ENSG00000127191_1,2.3230014,2.297235,12
ENSG00000232104,2.3036847,1.979093,12
ENSG00000153944,1.6980917,1.6426623,12
ENSG00000173068_1,0.055737928,0.8499719,12
ENSG00000187239,1.5040798,1.6450388,12
ENSG00000188986,2.1470132,2.3690116,12
ENSG00000209582,0.17855945,0.0,12
ENSG00000136888,2.299343,3.3251173,12
ENSG00000133195,0.32025263,1.9255987,12
ENSG00000008283,1.9653885,1.9274731,12
ENSG00000137101_1,0.19061819,0.0,12
ENSG00000198271,0.6827492,1.5303022,12
ENSG00000228392,0.22390443,1.1968668,12
ENSG00000109061,-0.0030565094,0.0,12
ENSG00000128422_1,0.55313945,0.99574924,12
ENSG00000182481,2.3045259,3.6727877,12
ENSG00000164985,0.019736126,0.0,12
ENSG00000204873,0.15534005,1.3004216,12
ENSG00000035862_1,0.1685215,0.0,12
ENSG00000184451_1,1.1198635,1.3904759,12
ENSG00000137124,1.935281,2.516214,12
ENSG00000184709,1.0281725,1.769141,12
ENSG00000273604,1.8582194,1.8641787,12
ENSG00000108602_1,0.107457325,0.0,12
ENSG00000224877,2.0551345,2.9625068,12
ENSG00000279602,0.27418557,0.97927517,12
ENSG00000188566,1.814004,2.469025,12
ENSG00000132591,1.5497788,2.8602817,12
ENSG00000291075_1,0.4424547,0.0,12
ENSG00000181885,0.63888496,0.0,12
ENSG00000198336_1,1.1623363,3.3755758,12
ENSG00000214941,2.1099522,2.0813437,12
ENSG00000291094,0.13066797,0.0,12
ENSG00000141519,1.1861767,1.2963799,12
ENSG00000163597,2.169067,0.0,12
ENSG00000006740,1.2398338,1.7558291,12
ENSG00000108370,0.906612,0.0,12
ENSG00000108604,1.9415506,1.218378,12
ENSG00000108830,1.6318859,1.4464595,12
ENSG00000108468_1,2.0778108,2.9631832,12
ENSG00000183034,0.5920271,0.0,12
ENSG00000122705,2.1106172,3.400985,12
ENSG00000131473,2.1584811,2.7481966,12
ENSG00000072778,1.9135692,2.8167276,12
ENSG00000040633_1,1.6873522,1.9734973,12
ENSG00000240813,0.042935915,0.0,12
ENSG00000233098_2,0.24868628,0.0,12
ENSG00000181396,2.01361,2.6861274,12
ENSG00000141295_1,0.8420641,1.660467,12
ENSG00000259120,0.2311632,0.0,12
ENSG00000187764_2,1.0246203,2.0802548,12
ENSG00000107099_2,0.2485403,0.0,12
ENSG00000136488,0.1784731,0.0,12
ENSG00000141506,1.3018552,1.5118032,12
ENSG00000108823,0.3397518,0.0,12
ENSG00000196422,1.7717767,1.9077874,12
ENSG00000173826,0.8814374,0.0,12
ENSG00000106853,0.058276333,0.0,12
ENSG00000141698,1.348187,2.7659924,12
ENSG00000262050,1.7380903,0.0,12
ENSG00000147912,1.3967749,1.3948543,12
ENSG00000168795,2.5051625,2.2121742,12
ENSG00000068137_1,1.9158628,2.217118,12
ENSG00000141314,1.7299834,1.9783175,12
ENSG00000068137,2.0601234,1.5555539,12
ENSG00000012048_1,0.85985035,2.6078978,12
ENSG00000147874,0.02285706,0.0,12
ENSG00000083454,1.227135,1.3186684,12
ENSG00000129221,0.2750689,0.0,12
ENSG00000136811,0.3811775,0.0,12
ENSG00000184925,0.3122017,1.0629954,12
ENSG00000264044,0.15076572,0.0,12
ENSG00000159224,0.150327,0.0,12
ENSG00000161958,0.78453666,2.1111248,12
ENSG00000169738_1,1.9628739,2.2761445,12
ENSG00000171097,2.0991206,0.0,12
ENSG00000132510_1,0.19844545,0.0,12
ENSG00000165283,1.6087251,3.0621343,12
ENSG00000108379,1.5050919,1.1068026,12
ENSG00000153944_3,0.18597874,0.81870085,12
ENSG00000181481,1.3838712,1.7795243,12
ENSG00000120071,0.03771794,0.0,12
ENSG00000204278_1,1.2990347,1.564382,12
ENSG00000119328,1.7658048,0.0,12
ENSG00000180549,0.19532856,0.92577606,12
ENSG00000132376,2.115386,0.0,12
ENSG00000107372,2.036539,2.8182788,12
ENSG00000136928,1.8777728,2.4570034,12
ENSG00000276023,2.1220675,2.4716144,12
ENSG00000108947,1.2784922,0.0,12
ENSG00000137038,1.0894593,2.8911023,12
ENSG00000228083,0.027232222,0.0,12
ENSG00000141198,1.382128,2.4076374,12
ENSG00000154262,0.010067811,0.0,12
ENSG00000267394,1.1460781,0.63502103,12
ENSG00000161653,0.88622564,1.703128,12
ENSG00000136444,1.9004443,2.2761376,12
ENSG00000185722,0.021935571,0.0,12
ENSG00000274755,0.031228716,0.0,12
ENSG00000281649,1.8932759,2.5456583,12
ENSG00000109062,2.0277114,2.348916,12
ENSG00000121057_3,0.13998605,1.5751417,12
ENSG00000141068_2,0.23980531,0.0,12
ENSG00000176248,2.2125926,2.1018672,12
ENSG00000188833,0.6804533,0.0,12
ENSG00000266088,0.24464029,0.9930657,12
ENSG00000167925,0.73783106,0.0,12
ENSG00000225551,0.021087639,0.0,12
ENSG00000108387_3,0.11231524,0.0,12
ENSG00000123700,1.0869385,1.599206,12
ENSG00000154945_1,1.6158315,2.38591,12
ENSG00000188483,1.8054838,2.1591158,12
ENSG00000171169,1.1379102,2.1782804,12
ENSG00000087111_2,2.0801246,0.0,12
ENSG00000107175,1.471276,1.3784161,12
ENSG00000136881,0.023240194,0.0,12
ENSG00000119383,2.3190732,1.7990123,12
ENSG00000186130,1.1052117,2.1326375,12
ENSG00000275832,1.3107125,1.4367826,12
ENSG00000141556,1.9852706,2.5994277,12
ENSG00000271086_1,2.277941,1.7016112,12
ENSG00000241322,0.072297156,0.0,12
ENSG00000187531,1.6507077,2.3172984,12
ENSG00000170315_1,1.3501418,0.0,12
ENSG00000183018,0.40289488,1.0488766,12
ENSG00000180336,1.1562555,1.4586983,12
ENSG00000148154,2.221307,2.644074,12
ENSG00000091592_1,0.7827904,2.9254632,12
ENSG00000197566,1.2819431,1.6252816,12
ENSG00000055483_1,0.91910934,1.4651151,12
ENSG00000174282_1,1.4676399,1.5849415,12
ENSG00000186594,2.0022974,1.7386299,12
ENSG00000126337,0.20316955,0.90639967,12
ENSG00000172301_1,1.7933602,2.3022833,12
ENSG00000161921_1,1.0182444,1.2714466,12
ENSG00000070214,1.8318783,2.1380594,12
ENSG00000167363,1.6373322,0.0,12
ENSG00000169992,1.1554059,1.7985554,12
ENSG00000137076,2.2024481,2.771262,12
ENSG00000167136,2.233416,2.271242,12
ENSG00000204414,0.18363646,0.8536982,12
ENSG00000148386,0.28717712,0.0,12
ENSG00000225564,0.0690369,0.0,12
ENSG00000242616,1.7427049,2.5214362,12
ENSG00000177369,0.34231788,0.0,12
ENSG00000213213,0.21026883,0.0,12
ENSG00000171345,1.7721012,2.8525348,12
ENSG00000274180,1.8381457,1.8608768,12
ENSG00000178445_1,0.014649406,0.0,12
ENSG00000179477,1.0424469,0.7717344,12
ENSG00000234494_1,0.6212185,0.0,12
ENSG00000091583,0.037050463,0.0,12
ENSG00000160606,2.3010345,2.213252,12
ENSG00000147862_1,0.024502303,0.0,12
ENSG00000227531,0.035044186,0.0,12
ENSG00000290366,0.9949802,0.9161907,12
ENSG00000172421,0.017547574,0.0,12
ENSG00000148143_1,0.11562653,0.0,12
ENSG00000196535_1,1.8657801,2.5032334,12
ENSG00000083290,1.4689198,1.7709256,12
ENSG00000080298_1,2.0803168,0.0,12
ENSG00000171302,1.8697878,2.552392,12
ENSG00000262768,0.3626509,0.0,12
ENSG00000121104_1,1.9854498,0.0,12
ENSG00000072818,0.16976717,1.1291741,12
ENSG00000173991,0.34016922,0.0,12
ENSG00000130558_2,0.26066342,0.0,12
ENSG00000166263,1.614072,2.1293902,12
ENSG00000207955,0.6722249,1.4348562,12
ENSG00000212899,0.17355722,0.0,12
ENSG00000197063,0.8868535,2.331326,12
ENSG00000130714,1.6630225,1.9928803,12
ENSG00000067596,1.2237453,2.482562,12
ENSG00000129197_1,0.54249555,0.0,12
ENSG00000286322,0.16356622,0.0,12
ENSG00000181284,1.0318128,1.5502772,12
ENSG00000095209,1.8784213,2.6598296,12
ENSG00000161692,1.4216003,2.3169594,12
ENSG00000181408,1.5059973,1.5231739,12
ENSG00000108424_1,2.0483851,1.5951324,12
ENSG00000160539,0.6458604,1.3387353,12
ENSG00000106803,1.3223776,2.6574268,12
ENSG00000119431,1.4498332,1.9794164,12
ENSG00000291110,0.7710658,0.0,12
ENSG00000273702,2.4489312,2.2690222,12
ENSG00000080503_4,0.010764964,0.0,12
ENSG00000182150,1.9900347,2.2477427,12
ENSG00000167900,2.052259,2.7834134,12
ENSG00000200538,0.003494732,0.0,12
ENSG00000131095,0.26591924,0.0,12
ENSG00000197969,2.0426753,2.5555418,12
ENSG00000148180_1,1.3746815,2.0420396,12
ENSG00000183048,2.066282,2.1025023,12
ENSG00000119326,1.9235495,2.636508,12
ENSG00000187997,0.7519222,0.0,12
ENSG00000277370,0.42384574,1.3109906,12
ENSG00000108639,2.1719036,2.850533,12
ENSG00000147862_3,0.9198682,1.5287753,12
ENSG00000159842_4,0.29564068,0.0,12
ENSG00000175662,1.1818705,1.3399917,12
ENSG00000167851,0.30999252,1.288294,12
ENSG00000122711,0.46233138,0.0,12
ENSG00000233223_1,2.2243972,1.7865882,12
ENSG00000170296,0.3947774,2.1101148,12
ENSG00000285634,0.07875666,0.0,12
ENSG00000167740,1.7766275,0.0,12
ENSG00000129667,0.18454325,0.0,12
ENSG00000169683,1.6765532,1.5142688,12
ENSG00000186665,2.3143995,2.0615354,12
ENSG00000136828,1.7563128,1.6461684,12
ENSG00000095203,1.4651681,1.9390198,12
ENSG00000131771,1.1497743,1.3861243,12
ENSG00000185722_1,1.6964842,2.0861819,12
ENSG00000167419,0.08809306,0.0,12
ENSG00000161547,2.205377,3.6908267,12
ENSG00000160323,0.28126296,0.0,12
ENSG00000230054,0.31032994,0.0,12
ENSG00000063015,0.40660694,0.0,12
ENSG00000109083,1.9547801,2.6310205,12
ENSG00000230074,1.1329198,0.0,12
ENSG00000238804,0.13288733,0.0,12
ENSG00000141564,1.4809947,2.5495918,12
ENSG00000196739_1,0.1613811,0.0,12
ENSG00000012048,0.08497553,0.0,12
ENSG00000108946_2,1.7972888,0.0,12
ENSG00000204193,0.008387275,0.0,12
ENSG00000170425,1.8451852,1.9683475,12
ENSG00000119487,0.00039740093,0.0,12
ENSG00000198242_1,1.0600288,2.1038344,12
ENSG00000266934,0.196471,1.1504186,12
ENSG00000267206_1,0.21791463,0.0,12
ENSG00000275302,0.29006326,0.0,12
ENSG00000108423,1.1595162,2.312987,12
ENSG00000153944_2,0.06958601,0.0,12
ENSG00000132383,1.9916266,2.6739807,12
ENSG00000290919,1.361397,3.2418451,12
ENSG00000290656,0.50743794,1.4812132,12
ENSG00000222760,0.052924044,0.0,12
ENSG00000033627,1.6152203,0.0,12
ENSG00000108819,1.3293135,1.4785377,12
ENSG00000148362_1,0.93393856,1.177825,12
ENSG00000197768,0.7067802,0.0,12
ENSG00000070366,2.2236824,2.3370998,12
ENSG00000165185,2.2495084,2.5819838,12
ENSG00000228696,1.6066453,0.0,12
ENSG00000173065_1,1.6580825,2.6435277,12
ENSG00000182534,1.6364417,2.1220849,12
ENSG00000168591_1,0.67430884,1.8834059,12
ENSG00000030304,0.06096513,0.0,12
ENSG00000108556,0.47986647,1.1504186,12
ENSG00000141371,0.16593796,0.0,12
ENSG00000125450,2.2250338,0.0,12
ENSG00000234899,0.03153866,0.0,12
ENSG00000184650,0.14830926,0.0,12
ENSG00000233098_1,0.03580887,0.0,12
ENSG00000108309,1.0971265,1.4686869,12
ENSG00000172992_1,1.912617,2.3343954,12
ENSG00000167842,1.8417339,2.3317976,12
ENSG00000277511,0.61228406,0.0,12
ENSG00000237159,0.07903494,0.0,12
ENSG00000177469,1.852618,3.083732,12
ENSG00000239705,1.7401943,0.0,12
ENSG00000148343,2.178892,2.1751492,12
ENSG00000197816,0.6187551,0.0,12
ENSG00000233901_2,1.0084072,1.1251884,12
ENSG00000108671,2.2050261,2.777784,12
ENSG00000062725,1.9315209,1.1934975,12
ENSG00000070601,1.5930498,1.2167463,12
ENSG00000204001,0.4152011,0.88603926,12
ENSG00000196092_2,1.1197166,0.0,12
ENSG00000136827,1.7650375,2.731168,12
ENSG00000126368,1.7484567,1.5318875,12
ENSG00000167695,1.8739763,2.0030682,12
ENSG00000108669_1,0.1639163,0.0,12
ENSG00000148290,1.9203595,1.6604347,12
ENSG00000153944_1,0.9248881,0.0,12
ENSG00000157693,2.1061354,1.5828358,12
ENSG00000132535_4,1.5001621,0.0,12
ENSG00000187922,0.40381065,0.0,12
ENSG00000261924,0.24956658,0.0,12
ENSG00000180638,0.25649285,0.0,12
ENSG00000130707,1.3789918,0.0,12
ENSG00000141295,0.36255655,0.0,12
ENSG00000182173,1.9397542,2.2553353,12
ENSG00000167103,0.360109,0.0,12
ENSG00000148411,1.939878,2.2840922,12
ENSG00000167105,0.38787186,1.0488689,12
ENSG00000276085,0.060192592,0.0,12
ENSG00000214401,2.4274545,1.8597926,12
ENSG00000228639,0.06489776,0.0,12
ENSG00000131095_1,0.51387995,1.854913,12
ENSG00000169750,1.9280841,2.4680312,12
ENSG00000182459,0.17140451,0.0,12
ENSG00000171401,0.20400241,0.0,12
ENSG00000167114,2.4381337,2.2352328,12
ENSG00000120160,0.004392028,0.0,12
ENSG00000167183,0.21278523,0.0,12
ENSG00000121057,2.3473437,2.3678515,12
ENSG00000274512,0.27321982,0.0,12
ENSG00000175866_5,0.3303931,0.0,12
ENSG00000107249,0.75336653,1.4767447,12
ENSG00000225937,0.017668094,0.0,12
ENSG00000083223_1,1.9958463,2.1014926,12
ENSG00000106686_1,0.3402714,0.0,12
ENSG00000137073,2.2947621,2.7849545,12
ENSG00000224383,0.9459402,1.0810231,12
ENSG00000256806,1.4958477,1.1883097,12
ENSG00000171843_1,1.4547436,1.560612,12
ENSG00000141551_1,0.3471553,0.0,12
ENSG00000273611,1.9262773,2.590291,12
ENSG00000198336,0.73951894,3.4707043,12
ENSG00000108669,0.027650435,0.0,12
ENSG00000165688,2.2140403,2.945166,12
ENSG00000108946_3,0.044210486,0.0,12
ENSG00000108344,2.4446983,3.413221,12
ENSG00000108883,0.051158853,0.0,12
ENSG00000121068,1.2102011,1.3850518,12
ENSG00000224738_1,1.8773043,1.3761059,12
ENSG00000167850,0.3838773,1.2358565,12
ENSG00000288989,1.4572409,1.5192109,12
ENSG00000291075,2.1076398,3.0871387,12
ENSG00000236088,1.5739746,0.0,12
ENSG00000094796,0.5291485,0.0,12
ENSG00000141258_1,1.822933,1.6358857,12
ENSG00000170832,2.1842532,1.5035183,12
ENSG00000188895_1,1.8787171,1.4856788,12
ENSG00000158169_2,1.7362368,0.0,12
ENSG00000106829_1,0.5205662,0.0,12
ENSG00000204291,1.3933989,1.6214567,12
ENSG00000107331,0.61262935,0.0,12
ENSG00000141499_1,1.4841651,1.8841097,12
ENSG00000173068_2,0.8841632,1.2388487,12
ENSG00000055483,2.1378498,2.3430538,12
ENSG00000133026_1,1.7226557,2.6247234,12
ENSG00000184640_4,1.9127285,2.5656955,12
ENSG00000120156_1,0.27232426,0.0,12
ENSG00000250850,1.0992205,0.0,12
ENSG00000107187,1.4933858,1.8082178,12
ENSG00000240498,0.8253655,0.0,12
ENSG00000173077,0.063173816,0.0,12
ENSG00000164976,1.0367091,1.0720954,12
ENSG00000173762,0.27564242,0.0,12
ENSG00000067191,0.16241899,0.0,12
ENSG00000120063,2.3113933,2.3192728,12
ENSG00000147869,0.25323123,0.0,12
ENSG00000070731_1,1.6122972,1.6836863,12
ENSG00000164978,1.5269303,0.0,12
ENSG00000231107,0.06929184,0.0,12
ENSG00000040633,1.0245489,0.9473847,12
ENSG00000136813_1,1.4924474,2.8855817,12
ENSG00000166482,0.366048,0.0,12
ENSG00000235106,1.6571155,1.9628521,12
ENSG00000156049,0.65100473,0.81870085,12
ENSG00000092871_2,2.19209,1.7307984,12
ENSG00000221882,1.164335,0.0,12
ENSG00000187616,0.25101444,0.0,12
ENSG00000125482,0.42084214,0.0,12
ENSG00000108588,1.9907731,0.0,12
ENSG00000072210,1.1254184,1.3959551,12
ENSG00000108849,0.17386052,0.0,12
ENSG00000167699,1.8335514,0.0,12
ENSG00000180901_1,2.111219,2.1706724,12
ENSG00000130558,1.2493056,1.4785665,12
ENSG00000136436,1.8261497,2.9542642,12
ENSG00000119139,1.1162558,2.0692499,12
ENSG00000132530_2,0.19051138,0.0,12
ENSG00000122133,0.25154638,0.0,12
ENSG00000108924_3,0.033978537,0.0,12
ENSG00000141562_1,2.0788198,3.3256984,12
ENSG00000141562,1.4696636,2.0307615,12
ENSG00000167543_3,1.8836615,2.0252607,12
ENSG00000167081,1.7892046,1.748715,12
ENSG00000291185,1.3568326,0.0,12
ENSG00000198920_1,1.4714961,0.0,12
ENSG00000161955_1,0.13311814,0.0,12
ENSG00000122756_1,1.377912,1.4578516,12
ENSG00000258315_1,2.1480513,0.0,12
ENSG00000130560_1,2.1299446,3.330637,12
ENSG00000141503,2.1550403,2.4073381,12
ENSG00000095370_3,0.46303886,0.84991056,12
ENSG00000181856,0.6860524,0.95631254,12
ENSG00000196730_2,1.5741,1.9649099,12
ENSG00000108592,1.13959,2.1281536,12
ENSG00000189152,0.22812414,0.0,12
ENSG00000161542,2.3251824,1.6018863,12
ENSG00000119392,1.2895737,0.0,12
ENSG00000137074,1.7713017,0.0,12
ENSG00000213694,1.4515713,1.3508292,12
ENSG00000263412,2.349742,1.6999243,12
ENSG00000275066,2.143528,2.4225094,12
ENSG00000204711,0.5026165,0.0,12
ENSG00000108773,1.5270493,1.4821415,12
ENSG00000141068_1,0.42468634,0.9162012,12
ENSG00000215126,1.7546902,2.7819715,12
ENSG00000267002,1.5835646,1.2855258,12
ENSG00000108312_1,1.5240116,0.0,12
ENSG00000171928,1.658093,2.3528557,12
ENSG00000262061,0.29221764,0.81050134,12
ENSG00000186765,0.73440605,0.0,12
ENSG00000265702,0.031757187,0.0,12
ENSG00000213373,0.10981074,0.0,12
ENSG00000161960,2.143148,3.7209826,12
ENSG00000173838,0.02710374,0.0,12
ENSG00000007237_4,0.20999894,0.0,12
ENSG00000265542,0.042128585,0.0,12
ENSG00000108821,0.45252022,0.96510756,12
ENSG00000083457_2,0.43573305,0.9503648,12
ENSG00000080503_5,-0.0017468613,0.0,12
ENSG00000167123_2,0.2010752,0.0,12
ENSG00000161513_1,1.7102364,2.4613168,12
ENSG00000165006,2.1432965,2.4508724,12
ENSG00000169696_2,0.43441328,0.9533247,12
ENSG00000083223,0.010775322,0.0,12
ENSG00000108405,0.49322835,2.5277872,12
ENSG00000164989,1.3254901,0.0,12
ENSG00000213218,0.15728775,0.0,12
ENSG00000131094,1.8213196,2.2319715,12
ENSG00000233101,0.11446644,0.0,12
ENSG00000107159,0.22008333,0.0,12
ENSG00000293440,1.9231378,1.6691215,12
ENSG00000164985_2,2.0937014,3.0240092,12
ENSG00000154240_1,1.3917984,0.0,12
ENSG00000275152,0.19407815,0.0,12
ENSG00000278834,1.9180005,1.8300109,12
ENSG00000131242,2.0014575,1.9172639,12
ENSG00000186393,0.15651011,0.0,12
ENSG00000196730_1,1.1110055,2.4666986,12
ENSG00000225190_1,2.121623,2.2486598,12
ENSG00000233175,1.4310108,1.1951687,12
ENSG00000119514,1.8798294,2.5412297,12
ENSG00000259384,0.12359977,1.072066,12
ENSG00000156017_1,2.105851,2.494099,12
ENSG00000008294,0.28279984,1.4473907,12
ENSG00000108839,1.3668892,1.6725873,12
ENSG00000265148_1,0.47713575,1.2356799,12
ENSG00000196642,2.2100806,3.0980515,12
ENSG00000075429,1.1959312,1.339948,12
ENSG00000177294,0.92568064,0.0,12
ENSG00000198785,0.50685143,1.3828093,12
ENSG00000141026,1.4965489,2.2963514,12
ENSG00000198853,2.0058088,2.0636187,12
ENSG00000108244_2,0.059802752,0.0,12
ENSG00000167740_1,1.9322972,1.6875825,12
ENSG00000181523,1.7180785,0.0,12
ENSG00000120093,0.16854289,0.0,12
ENSG00000173611,1.8008759,0.0,12
ENSG00000056558_1,0.26720944,0.0,12
ENSG00000091542_1,1.9595261,2.7512946,12
ENSG00000122741,2.0977516,2.5858386,12
ENSG00000167723_1,0.122296065,0.0,12
ENSG00000073670_1,1.5930994,1.7052563,12
ENSG00000267532_1,0.29387003,1.0269008,12
ENSG00000170310,0.5127541,1.8710122,12
ENSG00000175787,0.48483267,0.0,12
ENSG00000291140,2.3639944,1.8428962,12
ENSG00000136848,0.36095503,0.0,12
ENSG00000165269,0.1850742,0.0,12
ENSG00000107317_1,0.24892864,0.0,12
ENSG00000198722,1.893971,1.923327,12
ENSG00000136950_1,2.3988416,2.6885052,12
ENSG00000087191,2.2347674,2.992496,12
ENSG00000107018,0.16822316,0.6649239,12
ENSG00000109066,2.0478826,0.0,12
ENSG00000130558_1,1.586344,1.7130787,12
ENSG00000161542_1,2.3598447,2.5020404,12
ENSG00000171931,0.04191909,0.0,12
ENSG00000106976,2.1494083,2.022717,12
ENSG00000137103,1.1381054,1.9912748,12
ENSG00000187753,0.28649327,0.0,12
ENSG00000155827,1.8664088,1.9284266,12
ENSG00000188878,1.6945784,0.0,12
ENSG00000136895_2,1.7881263,0.0,12
ENSG00000132507_1,2.2952447,3.8139963,12
ENSG00000204913,1.2823426,1.142796,12
ENSG00000076351_1,0.3311568,0.0,12
ENSG00000165140_1,0.29037377,1.346079,12
ENSG00000175287,0.30973873,0.0,12
ENSG00000186350_1,0.6049862,1.4512182,12
ENSG00000224505,2.2604504,1.7763815,12
ENSG00000136436_1,0.06713983,0.0,12
ENSG00000172057_1,1.54227,2.3577633,12
ENSG00000122733,0.5902401,0.0,12
ENSG00000126581,1.7533214,2.7120981,12
ENSG00000187210,1.107909,1.3314071,12
ENSG00000266947,0.4924285,0.0,12
ENSG00000167862,1.9639803,3.0561004,12
ENSG00000136869,0.23870733,0.0,12
ENSG00000154240_2,1.4158227,1.540367,12
ENSG00000171634,2.0793197,2.6573715,12
ENSG00000147872,1.7707422,2.4099112,12
ENSG00000187838,1.7854899,2.370465,12
ENSG00000166596,0.22652388,0.0,12
ENSG00000086065_1,0.9198578,2.639801,12
ENSG00000109101,0.4141513,1.7777312,12
ENSG00000108984,0.2226978,0.0,12
ENSG00000159899,1.0435648,1.327604,12
ENSG00000173757,2.3310785,2.6991177,12
ENSG00000108592_1,2.1702888,3.2929003,12
ENSG00000108963,1.4278784,0.0,12
ENSG00000119321,0.07259001,0.0,12
ENSG00000148384,1.694124,2.0873697,12
ENSG00000160602,1.8444427,2.2112808,12
ENSG00000119446,2.1865501,0.0,12
ENSG00000273559,1.6646538,2.4675727,12
ENSG00000198265,1.6361369,2.44711,12
ENSG00000160563,0.7927993,2.0843725,12
ENSG00000107130,1.7814782,2.1451902,12
ENSG00000267568_1,0.460513,1.2613105,12
ENSG00000165304,1.5167181,2.6131692,12
ENSG00000225050,0.022856507,0.0,12
ENSG00000120068,1.1871617,1.4106592,12
ENSG00000108559,1.797099,2.5436373,12
ENSG00000175866_2,0.31567952,0.0,12
ENSG00000179094,0.5095472,1.4096965,12
ENSG00000108666_2,1.5175995,0.0,12
ENSG00000159069,2.084031,2.2929866,12
ENSG00000198876,1.9391184,2.6222348,12
ENSG00000133193,1.9678512,2.8170276,12
ENSG00000134996,1.929813,2.3875713,12
ENSG00000141337_1,2.0618048,1.6638987,12
ENSG00000173801_1,1.7454004,3.2530446,12
ENSG00000131748_1,0.50494677,0.89970016,12
ENSG00000136811_1,2.0918484,2.9592762,12
ENSG00000040531,1.6326271,2.0616786,12
ENSG00000244649,1.8744383,1.8044666,12
ENSG00000161920,1.8141098,2.1039987,12
ENSG00000182853,0.27945304,0.0,12
ENSG00000141748,0.17337662,1.1026257,12
ENSG00000011143,1.877449,0.0,12
ENSG00000221880,0.35266656,1.1191238,12
ENSG00000108465,2.194553,2.1638975,12
ENSG00000262074,0.70437855,0.0,12
ENSG00000132470_1,1.5652716,1.662276,12
ENSG00000086062,2.1977932,2.3665164,12
ENSG00000183011,1.91359,0.0,12
ENSG00000109065,1.8568623,0.0,12
ENSG00000011454,2.0139506,1.9751881,12
ENSG00000107105_1,1.4463124,1.9001923,12
ENSG00000108771,0.25176612,1.902487,12
ENSG00000070731,1.5581703,1.6131121,12
ENSG00000234860,0.006403774,0.0,12
ENSG00000136870,2.065196,0.0,12
ENSG00000108684,1.2156333,1.4358125,12
ENSG00000171843,0.0013414752,0.0,12
ENSG00000136937,2.3678517,0.0,12
ENSG00000108424,2.1590242,3.8853958,12
ENSG00000119335,2.539289,4.218764,12
ENSG00000169660,1.9897447,2.73033,12
ENSG00000107036,2.168577,2.3411317,12
ENSG00000108774,1.9301739,2.7759714,12
ENSG00000141200,0.18805201,1.0854332,12
ENSG00000119414,2.1626306,2.6223872,12
ENSG00000278053,1.6658316,2.9336503,12
ENSG00000141696,1.6231266,2.0753279,12
ENSG00000239704,0.049387094,0.0,12
ENSG00000132386,0.45781225,0.0,12
ENSG00000108846_1,0.29216674,0.0,12
ENSG00000107104,0.78747123,0.0,12
ENSG00000264589,0.6757683,1.3199593,12
ENSG00000171346,0.073550895,0.74382323,12
ENSG00000006282_1,0.14154175,0.0,12
ENSG00000234789,0.37541416,0.0,12
ENSG00000062716,1.6667383,0.0,12
ENSG00000204316,2.0684853,2.370317,12
ENSG00000154760,0.5834748,1.1370374,12
ENSG00000165092,0.14097743,0.0,12
ENSG00000137101_2,1.2045741,0.0,12
ENSG00000136824_1,1.7054186,0.0,12
ENSG00000138835_2,0.17885119,0.0,12
ENSG00000132535,0.31442317,0.0,12
ENSG00000240498_1,0.036086224,0.0,12
ENSG00000155876,2.1415424,2.5420783,12
ENSG00000224738,2.259118,1.4976069,12
ENSG00000198467_1,0.54071015,0.0,12
ENSG00000129657_3,0.13052914,0.0,12
ENSG00000204952,0.36733118,0.0,12
ENSG00000170175_1,1.2083036,0.0,12
ENSG00000108255,0.3138963,0.0,12
ENSG00000148344,0.6480764,0.0,12
ENSG00000154262_1,0.022430079,0.0,12
ENSG00000290770,2.1295018,2.2967968,12
ENSG00000126883_4,0.19830143,0.0,12
ENSG00000160349,0.13510846,0.0,12
ENSG00000226197,0.06663264,0.0,12
ENSG00000127774,1.9036863,2.6536446,12
ENSG00000006125,2.1334724,3.0973094,12
ENSG00000108256,2.0843992,3.461599,12
ENSG00000233223,2.3226137,1.5396155,12
ENSG00000148335,0.23442103,0.8860957,12
ENSG00000132535_1,0.22161958,0.0,12
ENSG00000120068_1,0.44864392,1.943543,12
ENSG00000119508,1.5930352,1.7015939,12
ENSG00000185168,0.6451553,0.0,12
ENSG00000189375,0.04643123,0.0,12
ENSG00000148331,2.0525048,0.0,12
ENSG00000147905_1,0.011491112,0.0,12
ENSG00000167130,2.0888357,2.676035,12
ENSG00000132535_2,0.49893093,0.0,12
ENSG00000185624_1,1.9992852,3.478366,12
ENSG00000244045,2.0366783,2.56215,12
ENSG00000125484_1,2.1689143,1.8900183,12
ENSG00000170412_1,1.2618699,1.4856646,12
ENSG00000267023,0.29526144,0.0,12
ENSG00000087995,1.800615,2.8927972,12
ENSG00000132386_1,0.4933048,0.0,12
ENSG00000073350,1.7257525,1.9107738,12
ENSG00000186665_1,0.15686215,0.0,12
ENSG00000171595,0.3431228,1.4678892,12
ENSG00000167182,2.2301652,2.4309952,12
ENSG00000185359,2.149029,2.633057,12
ENSG00000167920,2.2166638,0.0,12
ENSG00000078725,1.2861556,1.5216218,12
ENSG00000035862,0.14464831,0.0,12
ENSG00000170777,0.09499419,0.0,12
ENSG00000171396,0.35177633,1.2882268,12
ENSG00000141376_2,0.08266702,0.0,12
ENSG00000177992,0.17696641,0.0,12
ENSG00000007237_1,0.11766593,0.78500223,12
ENSG00000141741,1.4721776,2.653878,12
ENSG00000178307,2.0057366,2.569231,12
ENSG00000185920_1,0.51865125,1.7741811,12
ENSG00000095303_1,1.0443239,0.0,12
ENSG00000109107,1.7771568,3.2317882,12
ENSG00000243678,2.161274,3.8024,12
ENSG00000267321,1.4862777,0.0,12
ENSG00000160326,1.1472924,1.3326,12
ENSG00000095319,2.1915102,2.7715375,12
ENSG00000015532,2.0273817,1.9328288,12
ENSG00000012048_3,1.6046473,1.8432302,12
ENSG00000108528,2.1906543,0.0,12
ENSG00000179604,1.8896503,1.9963715,12
ENSG00000184619,0.56176937,1.1813576,12
ENSG00000174231,1.3916812,2.910657,12
ENSG00000177239,2.2364895,2.3000364,12
ENSG00000108854,1.9486287,1.8209236,12
ENSG00000172724,0.07329199,0.0,12
ENSG00000136842,1.910781,3.037777,12
ENSG00000184988,0.3640965,1.0675544,12
ENSG00000106799,2.2721624,2.3154876,12
ENSG00000106723,1.932652,1.8988348,12
ENSG00000120217,0.5441,0.0,12
ENSG00000108669_2,0.5959893,1.8463309,12
ENSG00000185972,0.29156154,0.0,12
ENSG00000235448,0.0066179372,0.0,12
ENSG00000095261,2.656887,2.6630664,12
ENSG00000168610_1,0.9999724,2.904986,12
ENSG00000106829_2,1.5748613,1.4454174,12
ENSG00000177303,0.34550422,0.0,12
ENSG00000180329,1.5680306,2.531964,12
ENSG00000198642,0.8060778,1.375133,12
ENSG00000148057,1.6538516,1.4759907,12
ENSG00000107020,1.2434452,1.7429999,12
ENSG00000179859,2.1588683,1.7362052,12
ENSG00000225361,0.44372013,1.7218024,12
ENSG00000086061,2.0659015,3.2356648,12
ENSG00000284977,0.029208332,0.0,12
ENSG00000135046,0.15184435,0.0,12
ENSG00000265313,0.031838894,0.0,12
ENSG00000141574,1.2835577,1.2102115,12
ENSG00000286190,1.4411192,1.2151086,12
ENSG00000148110,2.207638,2.4447145,12
ENSG00000128487_1,0.38869223,0.982045,12
ENSG00000004660_1,2.024633,0.0,12
ENSG00000120162,1.4307382,2.2516382,12
ENSG00000173818,2.019825,1.7683051,12
ENSG00000196169,1.3373563,0.0,12
ENSG00000212719,0.7775069,1.7313148,12
ENSG00000119383_2,0.40151745,1.6598496,12
ENSG00000171403,0.59807074,1.2977387,12
ENSG00000187609,2.0154402,1.8656132,12
ENSG00000278311,2.2026,2.7551887,12
ENSG00000159217,2.2516487,2.6539648,12
ENSG00000189159_1,2.181499,3.2966652,12
ENSG00000108515,0.44365653,0.0,12
ENSG00000173812_1,0.7906285,1.4208959,12
ENSG00000076382,1.9569688,2.8450801,12
ENSG00000262879,0.543745,0.0,12
ENSG00000107021,1.8840494,0.0,12
ENSG00000183010,1.2501988,0.0,12
ENSG00000197724,1.8415008,2.080915,12
ENSG00000271086,2.2808142,1.6552441,12
ENSG00000171346_1,0.22160359,0.0,12
ENSG00000160345,0.6105028,0.0,12
ENSG00000153822,0.03701655,0.0,12
ENSG00000136478,1.9815469,1.8393964,12
ENSG00000178607_1,0.40275994,0.7389549,12
ENSG00000271605,0.33516625,0.0,12
ENSG00000106780,2.0755188,2.063971,12
ENSG00000214654,2.3683698,2.06668,12
ENSG00000132475,2.1578488,3.446391,12
ENSG00000007237,0.051650494,0.0,12
ENSG00000160408_1,1.559225,1.9637218,12
ENSG00000007237_6,1.5800457,1.6930494,12
ENSG00000142494,1.1547483,1.6234044,12
ENSG00000126883_2,0.1897299,1.3004433,12
ENSG00000179859_1,1.9935408,1.905202,12
ENSG00000225376,0.06450786,0.0,12
ENSG00000106689,1.4895747,1.2263678,12
ENSG00000136856_1,0.4607583,0.0,12
ENSG00000108813,0.7167271,0.0,12
ENSG00000171097_1,2.1870708,2.0719557,12
ENSG00000182446_2,1.919228,2.9431012,12
ENSG00000136929_1,0.23909447,0.0,12
ENSG00000244537,0.42030177,1.8351387,12
ENSG00000119125_1,1.2332666,1.6516559,12
ENSG00000172123,0.18554708,0.7626035,12
ENSG00000099810,0.78537536,1.3044044,12
ENSG00000167106_1,2.2937832,1.8474431,12
ENSG00000131759_2,1.5273511,1.4463352,12
ENSG00000147905,2.494965,2.587083,12
ENSG00000007216,0.08272222,0.8894698,12
ENSG00000174038_1,0.14503486,1.1026394,12
ENSG00000175931,1.9298561,2.079561,12
ENSG00000275700,2.1218147,2.326008,12
ENSG00000167524,0.1411852,0.64119637,12
ENSG00000233101_1,0.68747365,0.0,12
ENSG00000129245,2.186874,2.2175102,12
ENSG00000176155,1.9805082,2.2716465,12
ENSG00000239697,0.8425526,1.6078944,12
ENSG00000165282,1.2669158,1.9734834,12
ENSG00000126858,2.1883655,2.2760594,12
ENSG00000235361,0.37301204,0.0,12
ENSG00000007171,0.05675255,0.0,12
ENSG00000277258,0.70111454,1.6897439,12
ENSG00000120075,1.30145,0.0,12
ENSG00000277632,0.044929318,0.0,12
ENSG00000198121_1,1.3240261,1.4687165,12
ENSG00000196363_1,2.0187716,3.0217845,12
ENSG00000068079,0.45627502,0.0,12
ENSG00000171431,0.1469386,0.0,12
ENSG00000136848_1,1.2150495,1.3338904,12
ENSG00000177984,0.16010039,1.0116128,12
ENSG00000125691,1.7580218,3.9269578,12
ENSG00000125319,1.9567305,2.3596249,12
ENSG00000050555,1.6176057,1.6881528,12
ENSG00000197724_1,1.9071196,1.9511139,12
ENSG00000179094_1,1.4365017,0.0,12
ENSG00000108828,1.9208086,2.756598,12
ENSG00000167861,1.1969608,1.1616075,12
ENSG00000204889,0.13274942,0.0,12
ENSG00000148229,2.2453647,2.732211,12
ENSG00000172716,0.27358726,0.0,12
ENSG00000137135,1.8664911,0.0,12
ENSG00000153982,1.9062774,2.1251688,12
ENSG00000141279,0.042941824,0.0,12
ENSG00000121064,0.8295162,2.101912,12
ENSG00000136918,1.1029196,1.0116043,12
ENSG00000181222,1.7874025,3.0628338,12
ENSG00000125458,1.7491573,2.325331,12
ENSG00000070444,1.4359312,2.2967749,12
ENSG00000130653,0.43489942,0.0,12
ENSG00000225472,0.04583802,0.0,12
ENSG00000158955,1.4538344,1.7420335,12
ENSG00000166579_1,1.9372228,2.1419575,12
ENSG00000205108,0.10815303,0.0,12
ENSG00000141510_1,0.4025408,0.0,12
ENSG00000189051,0.22921278,0.0,12
ENSG00000187775,0.19215679,0.0,12
ENSG00000108523_3,0.43740544,0.0,12
ENSG00000170037,1.8497838,0.0,12
ENSG00000148308,1.3698508,2.843637,12
ENSG00000120159_1,1.8910198,2.544192,12
ENSG00000132530,0.13795123,0.0,12
ENSG00000266473,1.5029374,2.5588837,12
ENSG00000165802,1.8937166,2.742707,12
ENSG00000262879_1,1.552021,2.2287238,12
ENSG00000148346,0.17279053,0.0,12
ENSG00000165138,2.0855606,2.4747696,12
ENSG00000029725,1.939595,2.7323253,12
ENSG00000167716,2.024448,1.241895,12
ENSG00000203364,0.12754232,0.0,12
ENSG00000278505,0.15984583,0.0,12
ENSG00000172159_1,1.482132,1.314857,12
ENSG00000187624,1.5728868,1.5085297,12
ENSG00000141279_2,2.0940561,2.197137,12
ENSG00000092931_1,1.7573797,1.7714258,12
ENSG00000231991,0.35784915,0.0,12
ENSG00000169738,0.26251382,1.4407202,12
ENSG00000148291,1.9343047,2.2607176,12
ENSG00000267280,0.86354417,1.4549515,12
ENSG00000246640,0.54272735,1.1597176,12
ENSG00000170175,0.9710335,1.6052942,12
ENSG00000126860,0.016377255,0.0,12
ENSG00000165124,1.2018546,1.3958678,12
ENSG00000175611,2.1816435,0.0,12
ENSG00000129657_1,0.1910721,0.0,12
ENSG00000171298,1.9090323,1.6628333,12
ENSG00000108433,1.9884616,0.0,12
ENSG00000166685,2.3056738,2.0661356,12
ENSG00000002834_1,2.1266837,3.5259902,12
ENSG00000075461,1.6823943,1.7247918,12
ENSG00000279886,0.3828243,0.9129656,12
ENSG00000107164,2.1341476,2.776213,12
ENSG00000136861,1.8014033,0.0,12
ENSG00000167840_1,1.3927798,0.8384713,12
ENSG00000121060,2.0751045,2.4273434,12
ENSG00000267288,0.14841568,0.0,12
ENSG00000132514,0.07087219,0.0,12
ENSG00000267123,0.54232407,0.0,12
ENSG00000072310_1,2.018175,2.7723951,12
ENSG00000170291,1.9352813,2.548156,12
ENSG00000188229,2.1620355,3.9043596,12
ENSG00000196544,1.4677906,0.0,12
ENSG00000278259_1,1.9799131,2.678491,12
ENSG00000178691,2.3984685,2.5025773,12
ENSG00000175164,1.8538535,2.3822746,12
ENSG00000179673,1.1424692,1.5200117,12
ENSG00000106772,0.12276499,0.0,12
ENSG00000125445,1.9013847,2.7880056,12
ENSG00000204930,0.5968831,0.0,12
ENSG00000167193,2.1309633,2.403661,12
ENSG00000176208,1.7575291,2.5795448,12
ENSG00000141570,2.1225357,2.1330597,12
ENSG00000177374,1.4165926,1.1291741,12
ENSG00000171159,2.4602318,3.0331461,12
ENSG00000081377,1.0673932,0.0,12
ENSG00000129250,2.0803826,2.4333713,12
ENSG00000142507,1.1934906,0.0,12
ENSG00000172809,1.1928103,3.9704165,12
ENSG00000130560,2.2156634,3.2275345,12
ENSG00000131469,1.58268,3.7490132,12
ENSG00000182473,0.24277082,0.0,12
ENSG00000188352,2.1059744,2.0803955,12
ENSG00000122735,0.7312278,0.0,12
ENSG00000265749,0.08367215,0.0,12
ENSG00000238212,0.09593442,0.0,12
ENSG00000005882_1,0.1536153,0.0,12
ENSG00000267080,1.7732322,0.0,12
ENSG00000126883,2.7358727,3.5060935,12
ENSG00000136492,1.8463776,0.0,12
ENSG00000198121,0.02072844,0.0,12
ENSG00000167881_1,1.9274371,2.9885817,12
ENSG00000092929_1,1.2205703,2.2664223,12
ENSG00000108641,1.9028999,1.5052314,12
ENSG00000171448_1,1.5846,0.0,12
ENSG00000007168,2.0718846,2.6720054,12
ENSG00000177728_1,0.38495424,0.0,12
ENSG00000136816,2.1857924,2.4569473,12
ENSG00000136930,1.5383861,0.0,12
ENSG00000156017,2.233863,2.1908693,12
ENSG00000157653,1.0016286,1.2480714,12
ENSG00000065325,0.30310273,0.0,12
ENSG00000198467_3,1.2816656,1.1917583,12
ENSG00000108950,1.261425,1.3980268,12
ENSG00000188959,0.22386295,0.0,12
ENSG00000109016,1.877885,2.0046651,12
ENSG00000272636,1.4893731,1.6352625,12
ENSG00000227517,0.038495407,0.0,12
ENSG00000132522_1,1.9073979,2.469277,12
ENSG00000244187,2.038405,0.0,12
ENSG00000137094,1.37639,0.0,12
ENSG00000168610_2,0.15577638,0.98484224,12
ENSG00000175854,1.4390384,1.4882207,12
ENSG00000109113_2,0.312285,0.0,12
ENSG00000107077,1.9686522,1.9561251,12
ENSG00000087157,1.8489833,0.0,12
ENSG00000030304_1,0.06173752,0.0,12
ENSG00000235601,1.543042,0.0,12
ENSG00000148303,1.8435905,3.8118243,12
ENSG00000107331_2,0.56488997,1.254016,12
ENSG00000141052,0.8957629,0.0,12
ENSG00000179094_2,1.1929908,1.8106719,12
ENSG00000214087,2.0795112,2.1113937,12
ENSG00000290810,0.042983152,0.0,12
ENSG00000179111,0.3421062,0.0,12
ENSG00000270806,0.21565932,0.0,12
ENSG00000108506,1.5046935,0.0,12
ENSG00000091622,1.7041636,1.7439407,12
ENSG00000182557,0.2377834,0.0,12
ENSG00000056586,2.1677804,1.9058229,12
ENSG00000160447,2.0081515,2.3623693,12
ENSG00000004142,2.1305714,2.6354344,12
ENSG00000006059,0.451202,0.0,12
ENSG00000092871_1,1.110054,1.0606601,12
ENSG00000122696_1,1.910851,2.6538875,12
ENSG00000108599,1.9027677,2.32917,12
ENSG00000165233,1.725327,1.6137319,12
ENSG00000131475,1.0671923,2.9082377,12
ENSG00000182154,2.2754936,2.874042,12
ENSG00000287355,0.020297222,0.0,12
ENSG00000252942,0.044599257,0.0,12
ENSG00000131477,0.7669689,1.0698531,12
ENSG00000119396,2.2186408,2.8482323,12
ENSG00000213859,1.7643096,1.7659813,12
ENSG00000266962,2.120402,2.322116,12
ENSG00000131899,1.9952092,1.7609725,12
ENSG00000276409,0.018929603,0.0,12
ENSG00000196358,1.5526059,1.5918101,12
ENSG00000123453_2,0.16712219,0.0,12
ENSG00000127191,0.21520793,0.0,12
ENSG00000132507,0.5526221,1.7405916,12
ENSG00000183978,0.93153703,0.0,12
ENSG00000176160,1.033601,0.0,12
ENSG00000291169,0.030063394,0.0,12
ENSG00000185298,2.1938558,2.6083827,12
ENSG00000203987,0.1800448,0.0,12
ENSG00000095321,2.0255466,1.9531989,12
ENSG00000187272,0.38253084,0.0,12
ENSG00000010244,1.2171187,3.458458,12
ENSG00000290585,0.33560273,0.0,12
ENSG00000196859,0.07206836,0.0,12
ENSG00000126883_3,0.5425815,0.0,12
ENSG00000225434,0.039393134,0.0,12
ENSG00000148337_2,0.8658529,1.2684703,12
ENSG00000161533,2.083574,2.338319,12
ENSG00000185158,1.9741921,1.7861052,12
ENSG00000222465,0.0539049,0.0,12
ENSG00000136875,1.9734635,2.6578128,12
ENSG00000198853_1,0.3429452,0.0,12
ENSG00000234494,1.0654428,0.0,12
ENSG00000109118,2.2434502,1.2728854,12
ENSG00000172123_1,0.31367233,0.7340794,12
ENSG00000226604,0.05184341,0.0,12
ENSG00000223510,0.21355176,0.0,12
ENSG00000276234,2.2288203,2.4037552,12
ENSG00000188938,2.1563911,2.2364137,12
ENSG00000175832_1,1.608882,2.4974687,12
ENSG00000160339,0.1675727,0.0,12
ENSG00000107186_2,0.026623486,0.0,12
ENSG00000133027_1,0.15747719,0.0,12
ENSG00000148357,1.4710307,1.6748796,12
ENSG00000108479,1.7244229,2.430251,12
ENSG00000175611_1,2.0941534,2.2282617,12
ENSG00000087111,0.16056585,0.0,12
ENSG00000261371_1,0.1491902,0.0,12
ENSG00000293460,1.4687626,2.2738042,12
ENSG00000108406,1.8176239,2.6271067,12
ENSG00000204054_2,1.2528601,0.0,12
ENSG00000198231,2.3395023,2.6421142,12
ENSG00000265458,2.104391,2.0656133,12
ENSG00000136877,2.1608243,2.117248,12
ENSG00000132530_1,0.20375124,1.1311373,12
ENSG00000141127_1,1.7912524,2.603297,12
ENSG00000200903,0.23213613,0.0,12
ENSG00000277108,0.9795365,1.7696506,12
ENSG00000230601_1,0.2678129,0.0,12
ENSG00000267121,1.3472536,2.2644637,12
ENSG00000214929,0.03800842,0.0,12
ENSG00000167695_1,1.8778087,1.6486527,12
ENSG00000226364,0.050725743,0.0,12
ENSG00000172889_2,2.0356674,1.9121104,12
ENSG00000278540,2.2674181,0.0,12
ENSG00000007168_1,2.0980086,2.1303594,12
ENSG00000008838,1.3001982,0.0,12
ENSG00000178852,2.1899433,2.0724154,12
ENSG00000278259,0.6124486,0.0,12
ENSG00000132386_2,0.2512001,0.0,12
ENSG00000169689,1.9840798,2.852744,12
ENSG00000119487_1,0.04021021,0.0,12
ENSG00000236819,0.28581104,0.0,12
ENSG00000187764_1,0.46923167,1.5319104,12
ENSG00000272975_1,0.33243152,0.0,12
ENSG00000141027,0.0054864194,0.0,12
ENSG00000131462,1.9304942,3.1593747,12
ENSG00000167112,1.6064243,2.8056538,12
ENSG00000260369,2.3150434,1.6730946,12
ENSG00000121075,1.270021,1.1968668,12
ENSG00000062716_1,0.847117,2.919303,12
ENSG00000175826_1,1.8933169,3.069631,12
ENSG00000181374,0.17024875,0.0,12
ENSG00000267221,1.4077729,1.3162011,12
ENSG00000178607,2.067421,2.1932359,12
ENSG00000164946,0.018935442,0.0,12
ENSG00000214946,0.093487516,0.0,12
ENSG00000132507_2,2.2822156,2.4418743,12
ENSG00000082641_1,1.4767427,2.2265277,12
ENSG00000287737,1.8066607,1.2264711,12
ENSG00000185527_1,0.1610526,0.0,12
ENSG00000187186,0.45897812,0.0,12
ENSG00000246731,1.0188483,0.0,12
ENSG00000183914,0.70174676,0.0,12
ENSG00000287333,0.12643778,0.84229714,12
ENSG00000108946,1.9602743,1.8328345,12
ENSG00000276170,0.27177796,0.0,12
ENSG00000281491,1.0230194,0.0,12
ENSG00000248714,2.1455352,1.2085596,12
ENSG00000129219,1.6719091,1.8192806,12
ENSG00000108946_1,2.084405,2.9504423,12
ENSG00000005238_1,0.14397913,0.0,12
ENSG00000196712_1,0.03059252,0.8963609,12
ENSG00000277258_1,0.53441656,2.5740962,12
ENSG00000129195,1.5228,0.0,12
ENSG00000130635,1.5661153,1.4660368,12
ENSG00000154975_1,0.22070947,0.0,12
ENSG00000172889,0.5237087,0.0,12
ENSG00000108342,0.39706057,1.7812454,12
ENSG00000271503,0.46201584,0.0,12
ENSG00000172889_1,1.3066653,3.5864184,12
ENSG00000161649,0.25331157,0.0,12
ENSG00000141255_1,0.20822944,0.0,12
ENSG00000160408,0.60108,0.0,12
ENSG00000132361,2.1201086,2.8307939,12
ENSG00000108387_2,1.3337759,1.4795465,12
ENSG00000109099_2,0.07392519,0.0,12
ENSG00000141497,0.7631754,0.0,12
ENSG00000136861_1,1.9247735,2.6485279,12
ENSG00000129197,1.8603156,2.558573,12
ENSG00000259349,1.5792699,0.0,12
ENSG00000119522,1.930292,2.2963603,12
ENSG00000185863,0.31628832,0.0,12
ENSG00000148334_2,1.3646672,1.8516375,12
ENSG00000187688,0.7938064,2.5206735,12
ENSG00000167703,2.0479493,0.0,12
ENSG00000165181_2,0.010069922,0.0,12
ENSG00000074755,1.878495,2.1355524,12
ENSG00000131480,0.17716105,0.0,12
ENSG00000141367,2.2857342,3.6210952,12
ENSG00000167291_1,1.3950031,1.707851,12
ENSG00000168517_2,0.68331987,0.0,12
ENSG00000237560,0.056034807,0.0,12
ENSG00000171855,0.04181548,0.0,12
ENSG00000233098,0.90655017,2.849562,12
ENSG00000131477_1,1.5490267,1.392609,12
ENSG00000125454,2.1796567,2.5212598,12
ENSG00000287193,1.7725637,0.0,12
ENSG00000179409,2.008681,1.7764033,12
ENSG00000108813_1,0.559974,1.8135409,12
ENSG00000165238,1.4960287,1.9061842,12
ENSG00000108381,0.028802868,0.0,12
ENSG00000131748,1.9089116,2.7780282,12
ENSG00000092871,0.7835034,0.0,12
ENSG00000284526,0.21399763,0.8610682,12
ENSG00000005884,1.439251,1.4105917,12
ENSG00000185359_1,0.3544831,1.3795049,12
ENSG00000197170,1.9213202,2.9508219,12
ENSG00000040531_1,1.6831138,1.7773036,12
ENSG00000141756,0.28320485,1.2840741,12
ENSG00000138835_4,0.4188886,0.0,12
ENSG00000273706,1.3971791,1.1951687,12
ENSG00000198783,2.0533545,2.0674615,12
ENSG00000082641,2.3821204,2.556294,12
ENSG00000109113_1,0.5069305,0.0,12
ENSG00000141255,0.36026308,0.0,12
ENSG00000161970,1.171777,0.0,12
ENSG00000167123_1,1.4489796,2.358074,12
ENSG00000169733,1.4277663,1.325064,12
ENSG00000070540,1.7591796,1.9841356,12
ENSG00000199753,2.1223307,1.9024924,12
ENSG00000291063,0.9402108,1.6480573,12
ENSG00000041982,0.478152,1.1311373,12
ENSG00000238898,0.027990721,0.0,12
ENSG00000198265_1,1.5638758,1.2909468,12
ENSG00000228278,0.102448285,0.88252455,12
ENSG00000290567,0.30461955,0.0,12
ENSG00000270332,0.21458787,0.0,12
ENSG00000277161_1,1.8195976,1.6468251,12
ENSG00000175155,1.5551445,1.7497132,12
ENSG00000182752,0.39125267,0.0,12
ENSG00000153976,1.6141996,1.944142,12
ENSG00000161381_2,0.3483458,1.38616,12
ENSG00000172782,1.2315097,1.3083723,12
ENSG00000108561,1.947386,3.5902765,12
ENSG00000108591,1.6748478,0.0,12
ENSG00000165264,1.6188569,2.9151866,12
ENSG00000184640_1,0.20581955,0.7189996,12
ENSG00000073861,1.4407239,1.7042192,12
ENSG00000226237,0.2405158,0.0,12
ENSG00000260454,0.02546798,0.0,12
ENSG00000262049,2.119079,2.0393586,12
ENSG00000264666,1.6894403,2.2821233,12
ENSG00000107104_1,1.8012828,1.7714405,12
ENSG00000167705,1.3764124,2.0748787,12
ENSG00000148337_1,1.8605981,3.3777597,12
ENSG00000181323,0.27857542,0.0,12
ENSG00000141551,0.16863853,1.0116043,12
ENSG00000177076,1.9688797,1.9380592,12
ENSG00000159921,2.0116696,2.3322384,12
ENSG00000263293,2.1819522,1.4511322,12
ENSG00000260785,0.033339188,0.0,12
ENSG00000197063_1,2.0465627,2.3580492,12
ENSG00000179593,0.31949827,1.3110032,12
ENSG00000148204_1,0.22156872,0.0,12
ENSG00000161594,0.18518996,0.0,12
ENSG00000155158,1.0198543,1.9703469,12
ENSG00000197191,0.26519838,0.8186877,12
ENSG00000120094,0.3753348,1.0788192,12
ENSG00000204323,0.2603552,0.0,12
ENSG00000010438_1,0.02454194,1.354339,12
ENSG00000158169,0.64355683,0.0,12
ENSG00000184185,1.5352461,1.605208,12
ENSG00000147889_2,0.5473548,1.2729781,12
ENSG00000165699,2.1240075,2.210313,12
ENSG00000173894,2.0333,2.0070133,12
ENSG00000129657,1.8972898,2.524631,12
ENSG00000168517,0.8309733,1.2964238,12
ENSG00000161647,1.7051568,1.9465996,12
ENSG00000175061_1,1.7520387,2.8201292,12
ENSG00000223551,0.1813899,3.6649003,12
ENSG00000185624,0.2957362,1.4669714,12
ENSG00000277791,1.6032724,3.2241263,12
ENSG00000277887,2.1052303,0.0,12
ENSG00000277363_1,1.7616189,1.5729203,12
ENSG00000233016,2.1705337,2.694162,12
ENSG00000159182,0.3500199,0.83065283,12
ENSG00000141524_1,0.36934623,1.2757258,12
ENSG00000176658,2.3319044,2.7725492,12
ENSG00000173258,0.60646975,2.1139634,12
ENSG00000136895,1.0252748,1.0090257,12
ENSG00000125414,0.06259558,1.5287882,12
ENSG00000141499,0.4250373,2.1105123,12
ENSG00000185504,2.0289073,2.3046412,12
ENSG00000148396,1.8593841,1.7063593,12
ENSG00000173065_2,0.93603146,1.5598947,12
ENSG00000161526,1.5962667,2.1032596,12
ENSG00000164975,2.0250094,2.5663078,12
ENSG00000175764,1.7718201,2.0637498,12
ENSG00000187866,2.0442717,2.2798038,12
ENSG00000095397,1.7102133,1.8343571,12
ENSG00000198933,1.753982,1.1026052,12
ENSG00000170689,2.4233894,3.0185423,12
ENSG00000276070_1,0.2690383,1.9993438,12
ENSG00000005379,0.84495896,0.0,12
ENSG00000175832_2,1.6236439,2.6036153,12
ENSG00000108639_1,0.8155102,0.0,12
ENSG00000187764,0.100410506,0.9503648,12
ENSG00000167693,1.7646602,1.9835812,12
ENSG00000070159,1.5316418,1.5018805,12
ENSG00000148219,1.1869922,0.0,12
ENSG00000122692,1.3162656,0.0,12
ENSG00000108439,1.4313302,2.2493966,12
ENSG00000147852,1.5677266,1.6736659,12
ENSG00000136450_1,2.368906,3.322455,12
ENSG00000006740_1,0.034317285,0.0,12
ENSG00000293480,2.09968,1.987961,12
ENSG00000007237_3,0.047574326,0.0,12
ENSG00000176170_1,2.3331075,1.9896277,12
ENSG00000264399,0.5230037,1.177825,12
ENSG00000267104,0.18021812,0.0,12
ENSG00000187824,1.0323069,1.0269008,12
ENSG00000138835_5,0.083434686,0.0,12
ENSG00000181031,0.027454538,0.0,12
ENSG00000181634,0.16782902,0.0,12
ENSG00000125434,1.8915458,2.081005,12
ENSG00000204316_1,1.6411359,2.6451666,12
ENSG00000267128,0.7465203,1.2713768,12
ENSG00000119139_4,0.065962106,0.0,12
ENSG00000136451,2.1205142,2.553265,12
ENSG00000107263_1,1.6499469,2.2263162,12
ENSG00000275718,0.08874585,0.0,12
ENSG00000107281,1.5501733,1.9107845,12
ENSG00000291074,0.73086405,2.0897532,12
ENSG00000107147_1,1.4760182,1.7371926,12
ENSG00000184060,1.3784986,1.1271696,12
ENSG00000170291_1,1.119252,2.2997622,12
ENSG00000141736,1.9256295,0.0,12
ENSG00000076604,2.2717648,2.6621003,12
ENSG00000177602,2.0838122,2.2798698,12
ENSG00000286435,0.3491625,0.0,12
ENSG00000122696,2.1531568,2.3215218,12
ENSG00000136950,2.171838,0.0,12
ENSG00000175711,1.7730172,1.954339,12
ENSG00000108578,1.9595894,0.0,12
ENSG00000107147,1.1446791,0.92576575,12
ENSG00000273611_1,0.05884132,0.0,12
ENSG00000178966,2.2522273,2.084283,12
ENSG00000119457,1.0808461,1.2495408,12
ENSG00000225194,0.79063714,0.0,12
ENSG00000200997,0.5078003,0.0,12
ENSG00000168792,1.4481838,1.6059296,12
ENSG00000131471_1,0.1483056,1.0941216,12
ENSG00000228072,1.0477962,0.0,12
ENSG00000204669,0.055870354,0.0,12
ENSG00000167536,2.2764926,2.127267,12
ENSG00000165661,2.0122457,2.7598114,12
ENSG00000204278,0.7734026,0.0,12
ENSG00000108262,1.9068358,2.1821864,12
ENSG00000161654_1,2.1785393,3.2278636,12
ENSG00000212900,0.22952847,0.0,12
ENSG00000169925,0.35718608,0.0,12
ENSG00000167889,1.7668099,1.7623184,12
ENSG00000159884,1.907825,1.778144,12
ENSG00000148180,0.052686226,0.0,12
ENSG00000157637_1,1.9735633,2.338064,12
ENSG00000006695,1.5049663,2.06849,12
ENSG00000171916,0.0400823,0.0,12
ENSG00000080503_2,0.80131936,1.2554413,12
ENSG00000136826,1.6940093,1.6708022,12
ENSG00000005238_2,0.45869616,0.0,12
ENSG00000141480,1.8900498,2.0823903,12
ENSG00000213416,0.53103644,0.0,12
ENSG00000087111_1,0.13307182,0.0,12
ENSG00000178971,1.6126671,0.0,12
ENSG00000120071_2,2.0345426,0.0,12
ENSG00000196712,1.7844105,2.6044204,12
ENSG00000148143,0.7633606,0.8683505,12
ENSG00000107105,0.05038947,0.0,12
ENSG00000164967,1.386451,0.0,12
ENSG00000119314,2.033238,0.0,12
ENSG00000073584,1.9672027,2.773603,12
ENSG00000106992_1,1.307827,2.2366734,12
ENSG00000187003,0.06856009,0.0,12
ENSG00000221676,0.87090653,0.0,12
ENSG00000268996,2.1734624,1.9265431,12
ENSG00000286718,1.7859955,0.0,12
ENSG00000291022,0.38318193,0.0,12
ENSG00000119403_1,2.627746,3.3876088,12
ENSG00000147896,0.020683177,0.0,12
ENSG00000108511,0.27145132,2.058411,12
ENSG00000286799,2.0534396,1.3904405,12
ENSG00000095370_1,0.09672029,0.0,12
ENSG00000131738,0.47599247,0.0,12
ENSG00000080503_3,0.010147974,0.0,12
ENSG00000262920,0.48980632,1.0743409,12
ENSG00000184640_5,0.32512543,0.0,12
ENSG00000226549,0.83618426,2.1909225,12
ENSG00000207277,1.3260753,0.0,12
ENSG00000107165,-0.009906504,0.0,12
ENSG00000096968_1,2.1237035,2.298152,12
ENSG00000168259_1,2.138728,0.0,12
ENSG00000293499,1.764574,1.9791385,12
ENSG00000159842_1,1.4865541,0.9764875,12
ENSG00000136935,2.007368,2.2221544,12
ENSG00000167100_1,1.3110846,1.3773427,12
ENSG00000063015_1,1.2284198,1.554065,12
ENSG00000204237,2.2454705,2.2064857,12
ENSG00000119318,2.3289356,3.4966004,12
ENSG00000188163,0.38358086,0.0,12
ENSG00000278910,0.0376989,0.0,12
ENSG00000148296,1.9382985,2.9861114,12
ENSG00000106829,0.7417638,1.9876887,12
ENSG00000005961,0.23011139,0.0,12
ENSG00000107186_1,0.029704332,0.0,12
ENSG00000109103,1.1275464,2.3418775,12
ENSG00000148187,2.0566854,0.0,12
ENSG00000132359,0.31832495,0.0,12
ENSG00000161664,0.7762938,1.4549059,12
ENSG00000263843,2.1076708,1.290929,12
ENSG00000159184,0.9219695,1.1969495,12
ENSG00000004939_1,0.19792835,0.0,12
ENSG00000004939,0.15377633,0.0,12
ENSG00000167741,0.31540465,0.0,12
ENSG00000141736_1,1.0303891,1.1109599,12
ENSG00000119383_1,1.8481414,2.4871001,12
ENSG00000263429,0.26845768,1.1130404,12
ENSG00000238227,2.1952457,2.3624449,12
ENSG00000168256,1.6258854,0.0,12
ENSG00000173908,0.009522494,0.0,12
ENSG00000073536,1.4094899,2.4103367,12
ENSG00000154217,1.5361296,0.0,12
ENSG00000005882,1.3175161,1.4328891,12
ENSG00000293440_1,0.09301928,0.0,12
ENSG00000186074,0.2438394,0.0,12
ENSG00000223478,1.8091543,0.0,12
ENSG00000235448_1,0.0022277217,0.0,12
ENSG00000279668,0.11960137,0.0,12
ENSG00000146872,0.045212727,0.0,12
ENSG00000153714,0.08179851,0.0,12
ENSG00000159640_1,1.3576347,0.0,12
ENSG00000182612,0.15289411,0.0,12
ENSG00000172156,0.006467579,0.0,12
ENSG00000236130,0.7164076,0.0,12
ENSG00000167081_1,0.81451136,0.0,12
ENSG00000291084,0.12785989,0.0,12
ENSG00000108523,2.2507832,2.3598733,12
ENSG00000187595,0.5377409,0.0,12
ENSG00000189159,1.2116766,1.0343878,12
ENSG00000136504,1.9030108,2.885529,12
ENSG00000278619,2.0733733,2.1597025,12
ENSG00000137075_1,2.111621,1.5890443,12
ENSG00000120071_3,2.4186437,2.2013972,12
ENSG00000227036_2,0.8990671,1.2785021,12
ENSG00000120215,0.08604309,0.0,12
ENSG00000109101_1,0.50145733,0.0,12
ENSG00000137142,1.6259109,1.9768542,12
ENSG00000108848,2.2501369,3.3760896,12
ENSG00000249406,1.0356884,0.8790385,12
ENSG00000127804,0.97255105,0.0,12
ENSG00000165181_1,-0.0033780318,0.0,12
ENSG00000160401,0.24479565,0.0,12
ENSG00000147872_1,0.04871293,0.0,12
ENSG00000214226,1.9297848,1.9185545,12
ENSG00000122140,1.7592593,3.327001,12
ENSG00000293515,0.12923926,0.0,12
ENSG00000146872_1,1.8176546,2.4214888,12
ENSG00000197079,0.19463158,0.0,12
ENSG00000276234_1,2.0704048,1.4696571,12
ENSG00000212901,0.14521971,1.0876039,12
ENSG00000196730,0.15548134,0.0,12
ENSG00000236404,1.5404198,1.5599545,12
ENSG00000261156,0.0051087886,1.3301499,12
ENSG00000293514,2.64569,2.6061513,12
ENSG00000023318,2.1845734,2.975605,12
ENSG00000180626,1.8249829,1.6725873,12
ENSG00000147889,0.9638787,0.0,12
ENSG00000129646,0.6351953,0.9030357,12
ENSG00000148399,2.0758524,2.00937,12
ENSG00000155875,0.49826753,1.6296848,12
ENSG00000204054_1,0.20493509,0.0,12
ENSG00000108825,0.555515,0.0,12
ENSG00000141316,0.24472971,0.0,12
ENSG00000265096,0.22322577,0.0,12
ENSG00000275385,0.003511846,0.0,12
ENSG00000136866,0.6273628,0.0,12
ENSG00000006047,1.5885496,1.3174156,12
ENSG00000230303,0.04855304,0.0,12
ENSG00000188554,1.3197513,2.1312754,12
ENSG00000231806,0.5426857,0.0,12
ENSG00000167302,2.0162287,1.8605176,12
ENSG00000267750,1.2217569,1.5167601,12
ENSG00000267432,0.51620907,0.0,12
ENSG00000148218,1.4356275,1.982737,12
ENSG00000167291,0.3266444,1.0193241,12
ENSG00000221926_1,0.7509951,0.0,12
ENSG00000135002,1.1995409,0.0,12
ENSG00000129214_1,0.30557942,0.0,12
ENSG00000180901,0.38891175,0.0,12
ENSG00000238058,1.9978057,2.1672583,12
ENSG00000119471,2.2740166,2.8231623,12
ENSG00000176919,0.54650056,0.0,12
ENSG00000265148,0.67783016,0.0,12
ENSG00000107147_2,1.3047211,1.4358284,12
ENSG00000188825,1.0368009,0.0,12
ENSG00000007312,0.47285515,0.82275635,12
ENSG00000173821,2.1448686,2.116641,12
ENSG00000176927_1,0.0112671945,0.0,12
ENSG00000109046,1.9227338,3.2112033,12
ENSG00000186638,1.6479442,1.9677678,12
ENSG00000107140,1.7204592,2.077146,12
ENSG00000119411,1.1983676,1.4968328,12
ENSG00000167107_1,0.64287895,1.3566759,12
ENSG00000169925_2,1.3117099,1.2656667,12
ENSG00000108669_4,2.1442387,1.8792163,12
ENSG00000173805,0.9325927,1.3148359,12
ENSG00000072778_1,0.8390047,0.0,12
ENSG00000004975,1.9688478,2.2903464,12
ENSG00000161958_2,0.764729,0.0,12
ENSG00000196388,1.7366301,1.2827218,12
ENSG00000262188,0.29533052,1.1634417,12
ENSG00000132522,1.833082,1.4777722,12
ENSG00000170703,1.2863806,1.0063976,12
ENSG00000125409,0.83674806,0.0,12
ENSG00000197919,0.0089111775,0.0,12
ENSG00000164972_1,0.11294308,0.0,12
ENSG00000108702,0.12709074,0.0,12
ENSG00000129244,0.8437881,2.5590203,12
ENSG00000198863,2.2490745,2.4346488,12
ENSG00000107338,2.1346254,1.9094704,12
ENSG00000108387_4,0.08562051,0.0,12
ENSG00000212719_1,0.34302276,0.0,12
ENSG00000148341,2.0822601,2.0862565,12
ENSG00000108306,2.1913767,2.0970838,12
ENSG00000108395,2.3373537,0.0,12
ENSG00000155875_1,2.126411,1.2827127,12
ENSG00000136881_1,0.01751799,0.0,12
ENSG00000126861,0.011466917,0.0,12
ENSG00000109099_3,0.080102,0.0,12
ENSG00000214860,0.19792734,0.0,12
ENSG00000108509_2,1.8592702,2.2832108,12
ENSG00000186395,0.09079911,2.9390898,12
ENSG00000174238,1.9219949,2.435717,12
ENSG00000204054_3,1.5982379,0.0,12
ENSG00000236849,0.009286748,0.0,12
ENSG00000234506,0.05796371,0.0,12
ENSG00000136487_1,0.29430857,1.1330916,12
ENSG00000119335_1,2.2419872,2.0307415,12
ENSG00000108387_1,0.055618215,0.0,12
ENSG00000290924,1.7488002,1.0652809,12
ENSG00000141505,0.08823393,0.0,12
ENSG00000235453,1.6622429,1.9318849,12
ENSG00000004660,0.16903526,0.0,12
ENSG00000167525_1,2.230751,1.9271702,12
ENSG00000221829_1,1.5907099,1.7016457,12
ENSG00000141551_2,2.016374,2.2095606,12
ENSG00000141560,1.5807166,2.1111515,12
ENSG00000011052,2.3628657,2.9136455,12
ENSG00000130713,1.5872717,2.6358385,12
ENSG00000198113,1.0012697,0.0,12
ENSG00000137070,1.206137,0.0,12
ENSG00000136872,0.11195068,0.0,12
ENSG00000065559,1.7074883,1.9540977,12
ENSG00000154265,1.8079507,1.6930231,12
ENSG00000184557,2.290697,2.8150795,12
ENSG00000221926,0.069017015,0.0,12
ENSG00000196704,2.1458342,2.5019324,12
ENSG00000237886,0.4292945,0.0,12
ENSG00000136932,2.1690054,2.2996576,12
ENSG00000137145,2.171979,2.117798,12
ENSG00000141744,1.9712938,1.7673563,12
ENSG00000198844,0.1251223,0.0,12
ENSG00000119321_1,1.9802986,2.580204,12
ENSG00000172794,1.1157882,0.0,12
ENSG00000188386,0.50777614,0.0,12
ENSG00000230601,0.26202846,0.0,12
ENSG00000267278_2,1.0052391,1.2069337,12
ENSG00000148120_2,2.0232372,1.8750033,12
ENSG00000002919_1,1.5315781,1.662191,12
ENSG00000158122,1.9755394,2.3128288,12
ENSG00000141569,2.1432204,2.167524,12
ENSG00000198963,0.38792533,0.0,12
ENSG00000074356,0.04725018,0.0,12
ENSG00000148156,0.31304714,1.2826447,12
ENSG00000278535,2.0080135,2.536034,12
ENSG00000030582,1.4522712,2.603427,12
ENSG00000175854_1,2.1452906,2.8421535,12
ENSG00000200463,0.49674717,2.4469285,12
ENSG00000006744_1,1.971947,2.7032828,12
ENSG00000231806_1,0.8380744,0.0,12
ENSG00000161955,0.20009542,0.0,12
ENSG00000125430,1.4915547,2.316641,12
ENSG00000129214,0.5507253,0.0,12
ENSG00000007168_2,1.6335323,1.9457048,12
ENSG00000188554_1,2.2286134,2.5476751,12
ENSG00000253506,0.3589506,3.284126,12
ENSG00000108654_1,1.0956557,0.0,12
ENSG00000231902,0.03229703,0.0,12
ENSG00000222293,0.03595061,0.0,12
ENSG00000176358,0.09650804,0.0,12
ENSG00000185332,0.19724388,0.0,12
ENSG00000108474,0.49597502,2.609602,12
ENSG00000170043,1.7630055,2.6720443,12
ENSG00000082641_3,0.36247244,0.0,12
ENSG00000082641_2,1.0532856,0.93514436,12
ENSG00000128487_2,1.990423,2.2299352,12
ENSG00000260027,0.6977939,1.7938602,12
ENSG00000108825_1,0.5213388,0.0,12
ENSG00000108823_1,0.2009883,1.1389339,12
ENSG00000165219,2.348566,2.6803246,12
ENSG00000119121,0.09278312,1.0513146,12
ENSG00000148300,1.3754209,2.6044939,12
ENSG00000154240,0.0019628014,0.0,12
ENSG00000183011_1,1.7625935,2.4820156,12
ENSG00000127084,0.6121468,0.0,12
ENSG00000167863,2.009196,3.491968,12
ENSG00000170315,2.1603968,3.4736125,12
ENSG00000180787,1.1135535,1.5540165,12
ENSG00000007237_2,0.19448915,0.0,12
ENSG00000011258,1.3784053,1.8523519,12
ENSG00000184434,0.021936385,0.0,12
ENSG00000137074_1,2.0825055,0.0,12
ENSG00000141279_1,2.0655189,2.9820902,12
ENSG00000277688,0.16673574,0.0,12
ENSG00000176978,1.5472769,2.8025453,12
ENSG00000176170_2,1.47121,1.6633617,12
ENSG00000168610_3,2.1092043,2.5315785,12
ENSG00000034152_1,0.2340306,0.0,12
ENSG00000233901,0.7672051,0.0,12
ENSG00000136925,2.2725427,2.3284101,12
ENSG00000170049,0.657716,0.0,12
ENSG00000177302,1.9515811,2.3656938,12
ENSG00000187791,0.029293176,0.0,12
ENSG00000187742,2.092718,2.4487774,12
ENSG00000203993,2.2118535,2.3509648,12
ENSG00000157303,1.1651223,0.0,12
ENSG00000167916,0.35748962,0.0,12
ENSG00000131096,0.27018246,1.0854332,12
ENSG00000183077,1.3849076,0.0,12
ENSG00000186185,1.5710273,2.1628003,12
ENSG00000275410,0.41732836,0.0,12
ENSG00000263718,0.31640875,1.0168245,12
ENSG00000108576,1.4578636,1.0698531,12
ENSG00000171861,1.9516902,2.1541774,12
ENSG00000074356_1,1.7799101,2.4852571,12
ENSG00000109072,0.39835587,0.0,12
ENSG00000177728,1.55915,0.0,12
ENSG00000123453_1,0.6424987,0.0,12
ENSG00000188523,0.9930621,0.0,12
ENSG00000291172,0.041402366,0.0,12
ENSG00000187595_1,0.40337825,0.0,12
ENSG00000225626,0.39071468,0.0,12
ENSG00000109079,1.9234622,2.346355,12
ENSG00000148229_1,1.3891144,3.0198388,12
ENSG00000136828_1,1.2090659,1.1005222,12
ENSG00000136908,1.6948792,2.6721966,12
ENSG00000273018,0.8195519,0.0,12
ENSG00000184640_6,0.22038409,1.0560278,12
ENSG00000181409,0.4139675,0.0,12
ENSG00000263766,1.548042,1.4001752,12
ENSG00000183010_1,1.9618952,2.723081,12
ENSG00000269929,2.4586968,2.386481,12
ENSG00000157657,1.7322958,0.0,12
ENSG00000160360,1.6056705,1.9858125,12
ENSG00000275143,0.3633754,0.0,12
ENSG00000090054,1.7552722,0.0,12
ENSG00000108244,0.11229326,0.99572295,12
ENSG00000185920,1.4723984,1.5547192,12
ENSG00000108861,1.6999192,2.3180404,12
ENSG00000175893,1.6013615,1.7357585,12
ENSG00000141030,1.6615095,2.894718,12
ENSG00000136856,1.7331598,1.8015409,12
ENSG00000148019,1.6355473,2.230541,12
ENSG00000136448,1.2762133,3.6262817,12
ENSG00000277399,0.54917175,1.2509809,12
ENSG00000267280_1,1.6608102,1.4705281,12
ENSG00000141576_1,2.1195228,2.0619009,12
ENSG00000188938_1,0.52199674,0.0,12
ENSG00000131482,0.07205686,0.0,12
ENSG00000176058,2.031729,2.2861419,12
ENSG00000290858,0.06381631,0.0,12
ENSG00000106701,1.9828162,1.6328216,12
ENSG00000166750,0.53737575,0.0,12
ENSG00000280496,0.22012538,0.0,12
ENSG00000283329,0.018122787,0.0,12
ENSG00000153822_2,0.12242502,0.0,12
ENSG00000197958,1.7555203,4.0055194,12
ENSG00000108468,2.2126617,1.7146734,12
ENSG00000125485,2.0402408,0.0,12
ENSG00000148120,1.6314235,1.9124027,12
ENSG00000181778,0.20594917,0.0,12
ENSG00000160602_1,1.7021463,0.0,12
ENSG00000136938_1,0.23441654,0.0,12
ENSG00000187242,0.042402074,0.0,12
ENSG00000233516,0.061792895,0.0,12
ENSG00000277084,0.26838952,0.0,12
ENSG00000164972,0.18106791,0.0,12
ENSG00000169727,1.6968273,2.3690674,12
ENSG00000287553,1.9358264,1.4493241,12
ENSG00000106829_4,0.06808473,0.0,12
ENSG00000091947,0.72930866,2.096298,12
ENSG00000096872,1.2557683,2.2245772,12
ENSG00000166484_1,1.3086364,1.666312,12
ENSG00000178445_2,1.1138551,1.3109694,12
ENSG00000122733_1,1.5819802,1.2069068,12
ENSG00000178031,0.03370699,0.0,12
ENSG00000165025,1.8093342,1.582177,12
ENSG00000159202_1,2.3166885,1.7440034,12
ENSG00000183979,1.4764221,1.4873788,12
ENSG00000121057_1,1.0819118,0.0,12
ENSG00000204054,1.9493562,1.7900528,12
ENSG00000160606_1,1.1550024,0.81050134,12
ENSG00000141252,0.05512091,0.0,12
ENSG00000141753,2.0453265,3.2894464,12
ENSG00000172057,0.7713777,0.0,12
ENSG00000167525_2,1.6034918,1.7930427,12
ENSG00000178921_1,1.2349305,0.0,12
ENSG00000266967,1.3347485,2.697767,12
ENSG00000087152,2.0300155,2.291613,12
ENSG00000120159,2.0197525,1.8147868,12
ENSG00000122729,1.6134217,2.3457441,12
ENSG00000070495,2.3780937,2.6189785,12
ENSG00000141298,2.079822,2.6308274,12
ENSG00000106819,-0.0055194683,0.0,12
ENSG00000167106,0.4015581,0.0,12
ENSG00000262730,0.119078726,1.0854332,12
ENSG00000198720,1.42381,2.2278354,12
ENSG00000089685,1.7269415,3.08032,12
ENSG00000137100,0.4985662,0.0,12
ENSG00000167258,1.5453241,2.5221467,12
ENSG00000179761,0.056335155,0.0,12
ENSG00000183354,1.1720662,1.6908426,12
ENSG00000141526_1,0.8219916,1.1707016,12
ENSG00000132589,2.0589118,2.691549,12
ENSG00000185829,1.1728873,0.0,12
ENSG00000005102,0.079801574,0.0,12
ENSG00000235979,0.048768606,0.0,12
ENSG00000197879_1,1.785852,1.9137609,12
ENSG00000175061,2.0531547,3.611614,12
ENSG00000153930,0.024171107,0.0,12
ENSG00000287750,0.40059987,0.98484224,12
ENSG00000181031_1,0.2718792,0.0,12
ENSG00000196535,0.3168035,0.0,12
ENSG00000167874,0.5250177,0.0,12
ENSG00000173068,0.14947954,0.0,12
ENSG00000198917,1.5554066,2.4478183,12
ENSG00000123453,0.12005296,0.0,12
ENSG00000273061,1.6420816,0.0,12
ENSG00000108829,1.984144,3.2395222,12
ENSG00000107317,0.38505426,0.9984337,12
ENSG00000198443,0.45087203,0.0,12
ENSG00000135049,1.8076739,1.9646273,12
ENSG00000173065,2.195665,0.0,12
ENSG00000106993,2.028592,2.434441,12
ENSG00000136897,1.9354208,0.0,12
ENSG00000161929,0.090306506,1.3544273,12
ENSG00000184811,0.3299758,1.3083509,12
ENSG00000181409_1,1.4482194,1.5118299,12
ENSG00000108798_1,0.20008668,0.0,12
ENSG00000261408,2.293554,2.0028138,12
ENSG00000136811_2,2.0491786,1.4084944,12
ENSG00000221852,0.56210846,1.5849415,12
ENSG00000204706,1.0889297,0.0,12
ENSG00000132530_3,0.3076937,0.0,12
ENSG00000148339,2.4606,2.3949277,12
ENSG00000005884_1,1.4954387,1.3990678,12
ENSG00000096968,2.2533715,2.4352071,12
ENSG00000108691,0.11248259,1.0983667,12
ENSG00000133027_2,1.9529791,2.2971475,12
ENSG00000141526,0.42739317,0.0,12
ENSG00000177427,1.0064895,1.5736605,12
ENSG00000126351,1.8270816,2.0101643,12
ENSG00000154945,1.8494062,1.7303381,12
ENSG00000108846,1.0837874,1.3773427,12
ENSG00000122694,1.7403591,0.0,12
ENSG00000167118,1.8249652,2.8546581,12
ENSG00000173918,0.79093814,1.7110223,12
ENSG00000108443,2.1602418,3.0175633,12
ENSG00000108688,0.022384217,0.0,12
ENSG00000179148,0.42683592,0.9708023,12
ENSG00000174038,0.050337534,0.0,12
ENSG00000108788_1,2.07745,1.1688803,12
ENSG00000126561,2.1678019,2.2326303,12
ENSG00000070526,0.5126303,2.9708478,12
ENSG00000183691,1.553133,1.8851067,12
ENSG00000275532,0.67547864,1.4540517,12
ENSG00000137054,2.0929043,2.8649328,12
ENSG00000087152_1,2.2022336,2.3538008,12
ENSG00000138835_1,0.3051658,0.0,12
ENSG00000232859,1.9698288,1.8699354,12
ENSG00000189050,1.8147041,0.0,12
ENSG00000086065,1.6555967,2.9069016,12
ENSG00000219200,0.56050634,3.3678124,12
ENSG00000131473_1,1.5982099,1.8689029,12
ENSG00000108679,0.27290007,0.0,12
ENSG00000125457_1,1.9309813,2.1349354,12
ENSG00000136943,1.2856586,1.4464439,12
ENSG00000175768,2.1023762,3.366137,12
ENSG00000165699_1,0.6047997,0.0,12
ENSG00000167720,2.1219716,2.0130017,12
ENSG00000171962,0.25435826,0.0,12
ENSG00000188647_1,2.0522063,2.276193,12
ENSG00000073605,0.14835717,0.0,12
ENSG00000106868,2.1522563,2.49173,12
ENSG00000137073_1,2.4260578,2.822248,12
ENSG00000186407,0.007178886,0.0,12
ENSG00000283526,1.1257032,1.3071237,12
ENSG00000279561,1.2778065,0.0,12
ENSG00000121058,1.5089802,2.8544347,12
ENSG00000196873,1.680344,0.0,12
ENSG00000108641_1,1.5050905,1.5208162,12
ENSG00000132507_3,0.66284394,1.5101293,12
ENSG00000161509_1,1.4735813,1.457776,12
ENSG00000262814,2.1730905,3.1274483,12
ENSG00000141219,1.8061049,1.7454339,12
ENSG00000141524,2.0585914,2.9634223,12
ENSG00000213977,1.8776388,1.8347703,12
ENSG00000167113,2.5098605,3.1913364,12
ENSG00000173253,0.7248314,1.148541,12
ENSG00000121073,2.1362553,2.5880678,12
ENSG00000165113,1.7071531,1.757692,12
ENSG00000159199,1.964905,0.0,12
ENSG00000148334_1,1.962805,1.8862256,12
ENSG00000213246,1.8356187,2.9552715,12
ENSG00000171953,1.7035928,2.0960789,12
ENSG00000179409_1,0.71755344,1.3134664,12
ENSG00000136450,0.5258246,0.0,12
ENSG00000097007,1.876811,1.550314,12
ENSG00000169718,1.7422664,1.1089032,12
ENSG00000056558,0.13274153,0.0,12
ENSG00000165272,0.12944414,0.0,12
ENSG00000108654_2,2.0238957,4.0385127,12
ENSG00000129226_1,0.18762046,1.142796,12
ENSG00000011028,1.1279027,1.3817466,12
ENSG00000161381_1,0.36006582,1.3070893,12
ENSG00000135069,1.89638,2.7612736,12
ENSG00000002919,1.5928843,2.0337453,12
ENSG00000135052_1,0.43225223,1.0984014,12
ENSG00000290657,0.34195164,0.0,12
ENSG00000159842_3,1.4606656,1.4568062,12
ENSG00000197694,1.9525726,2.1744437,12
ENSG00000184451,0.09329949,0.89292896,12
ENSG00000148356,1.4367694,2.2526443,12
ENSG00000185862,0.08747734,0.0,12
ENSG00000174292_1,1.0913801,1.0721028,12
ENSG00000147889_1,1.1179814,0.0,12
ENSG00000181038,2.2354362,2.554615,12
ENSG00000119523,2.3338315,2.4707484,12
ENSG00000277972,1.9560647,2.1835916,12
ENSG00000108389,1.5350533,2.0067868,12
ENSG00000204706_1,1.7711952,1.4641615,12
ENSG00000006062,2.293765,2.044916,12
ENSG00000167842_1,2.1147444,2.2029784,12
ENSG00000197879,1.6587132,1.4794745,12
ENSG00000141293,0.918657,0.0,12
ENSG00000080503_1,1.6984577,2.2212915,12
ENSG00000181513_1,0.97974795,0.0,12
ENSG00000148362,1.9816415,2.5104244,12
ENSG00000138835_3,0.28952083,1.4218342,12
ENSG00000165695,1.3926351,1.232615,12
ENSG00000198887,1.9013242,2.235488,12
ENSG00000109089,1.8997761,2.1244063,12
ENSG00000260328,0.1095964,0.0,12
ENSG00000148308_1,1.4482872,2.4239206,12
ENSG00000188825_1,0.54782337,0.0,12
ENSG00000132470,1.5805249,1.8424845,12
ENSG00000131759_1,1.601791,2.4156942,12
ENSG00000064300,1.410891,1.9309388,12
ENSG00000204347,0.28529856,0.0,12
ENSG00000141252_2,1.5896652,2.431272,12
ENSG00000165684,1.7412474,2.0985227,12
ENSG00000136891,2.0759587,2.82593,12
ENSG00000136929,0.7644903,3.3559914,12
ENSG00000067191_2,1.3987253,1.9683756,12
ENSG00000125686,0.8584826,0.0,12
ENSG00000182938,0.62307113,0.0,12
ENSG00000148248,2.2645488,2.9684045,12
ENSG00000160271_2,0.17030224,0.0,12
ENSG00000276231,0.05146294,0.0,12
ENSG00000177885_1,2.0510626,0.0,12
ENSG00000198467_2,0.10859984,0.0,12
ENSG00000129235,1.6537838,3.2151005,12
ENSG00000034152,1.5440383,0.0,12
ENSG00000179598,2.0102339,2.153144,12
ENSG00000108387,0.23721403,0.0,12
ENSG00000108551,1.2858754,1.4864446,12
ENSG00000141510,0.09887935,0.0,12
ENSG00000263400,1.0162679,0.0,12
ENSG00000184640,1.6453512,2.2424893,12
ENSG00000108852_2,0.45531967,1.332499,12
ENSG00000184544,0.12879625,0.8021852,12
ENSG00000199426,0.48600683,1.5167865,12
ENSG00000225376_1,0.040949523,0.0,12
ENSG00000141376_1,0.00116634,0.0,12
ENSG00000141576,0.042663686,0.0,12
ENSG00000265359,0.02417286,0.0,12
ENSG00000261978,0.7085566,0.0,12
ENSG00000141378,1.9114208,2.7400143,12
ENSG00000141542,1.5759921,1.7120601,12
ENSG00000106829_3,1.3728287,1.6815217,12
ENSG00000049283,0.34326333,1.462398,12
ENSG00000262165,0.08186586,0.0,12
ENSG00000182628_1,1.0069664,0.0,12
ENSG00000231256,0.05718524,0.0,12
ENSG00000137075_2,1.4325881,1.8623103,12
ENSG00000059769,2.2292554,2.2030954,12
ENSG00000198909,1.8962834,2.1246085,12
ENSG00000148180_2,0.21551003,0.0,12
ENSG00000230537,0.07642821,0.0,12
ENSG00000173818_1,1.7909431,1.4812391,12
ENSG00000007237_5,0.06762342,0.0,12
ENSG00000160293,1.7182664,1.4520932,12
ENSG00000130045,1.1703497,1.2357304,12
ENSG00000108244_1,0.032476734,0.0,12
ENSG00000205309,2.1088462,2.0417874,12
ENSG00000204880,0.568846,1.8511959,12
ENSG00000141579,0.29338807,0.0,12
ENSG00000119421,1.6751075,2.8919299,12
ENSG00000135063,1.6944187,2.0475864,12
ENSG00000161381,0.20772284,0.0,12
ENSG00000179477_1,0.30488524,0.89289564,12
ENSG00000188921,0.8191148,0.0,12
ENSG00000198467,0.3277164,1.3070893,12
ENSG00000141527,0.087068364,0.0,12
ENSG00000169738_2,1.9271088,3.2218497,12
ENSG00000108984_1,0.01769004,0.0,12
ENSG00000173812,2.4772418,4.064151,12
ENSG00000263293_1,1.9558523,2.2374809,12
ENSG00000186566,1.937025,0.0,12
ENSG00000137055,1.9844983,2.3338199,12
ENSG00000135045,2.0022655,2.5398536,12
ENSG00000137098,0.98261446,2.7068944,12
ENSG00000185527,0.24002755,1.0142264,12
ENSG00000148123,1.2336574,1.604604,12
ENSG00000267206,0.34850058,0.0,12
ENSG00000007202,2.3416734,2.8562913,12
ENSG00000136854,2.0822763,2.345156,12
ENSG00000154330,0.6915829,1.1670691,12
ENSG00000107185,1.7599006,2.280856,12
ENSG00000141349,2.023272,2.687743,12
ENSG00000135070,2.0578978,2.5724883,12
ENSG00000285947,0.22462435,0.0,12
ENSG00000276070,0.08944684,1.9963715,12
ENSG00000167716_1,1.7382084,1.8770833,12
ENSG00000108298,1.9955525,3.9635947,12
ENSG00000068120,0.61468357,2.9642289,12
ENSG00000132535_3,0.8832185,0.0,12
ENSG00000160404,1.6904366,2.5122614,12
ENSG00000160271,2.032682,1.5925076,12
ENSG00000233670,0.12606512,0.982045,12
ENSG00000171532,0.41646805,0.0,12
ENSG00000181523_1,0.928745,1.440673,12
ENSG00000095383,2.1075094,1.420863,12
ENSG00000065320,1.4941823,2.0883842,12
ENSG00000188312,2.2945788,2.3467147,12
ENSG00000227619,0.17166182,0.0,12
ENSG00000006282,0.6096825,1.3530695,12
ENSG00000048828_2,0.068787076,0.0,12
ENSG00000132388,2.0663962,2.635996,12
ENSG00000119402,2.3501043,2.477564,12
ENSG00000198435,2.1185188,2.2725818,12
ENSG00000108840,2.4040313,2.472171,12
ENSG00000072849_1,1.7639035,2.3268273,12
ENSG00000197070,1.9302704,1.6072406,12
ENSG00000148334,1.9782609,2.2669134,12
ENSG00000065559_1,0.038574427,0.0,12
ENSG00000215041,2.1346316,1.7198117,12
ENSG00000180447,1.272045,1.7166543,12
ENSG00000006788,0.054611377,0.0,12
ENSG00000157654_2,0.2858791,0.8461515,12
ENSG00000169925_1,2.074175,2.1896868,12
ENSG00000267568,0.60249645,0.0,12
ENSG00000167941,0.21134806,0.0,12
ENSG00000074660_1,0.34606907,1.3905642,12
ENSG00000175866,1.9506593,2.3924103,12
ENSG00000196092,1.1512616,1.1466241,12
ENSG00000148090,1.8928411,2.512188,12
ENSG00000004139,1.0163493,0.0,12
ENSG00000186832,0.68842345,0.0,12
ENSG00000197879_2,0.34395793,0.8683505,12
ENSG00000154803,1.3892213,0.0,12
ENSG00000198000_1,2.104515,2.8690498,12
ENSG00000154920,1.7054863,1.8398236,12
ENSG00000181045_1,1.6769307,1.5972892,12
ENSG00000107105_2,0.2821676,0.0,12
ENSG00000108523_1,0.6784949,1.8098761,12
ENSG00000136807,2.1084092,2.0582135,12
ENSG00000156052,2.0281506,1.9182453,12
ENSG00000044574,2.4151607,3.817825,12
ENSG00000108518,1.6785529,4.1654224,12
ENSG00000167711,0.16338979,0.0,12
ENSG00000091640,1.3454432,2.6941743,12
ENSG00000186868,2.055513,1.6258472,12
ENSG00000157637,0.8063204,1.1985747,12
ENSG00000141349_1,2.0976467,2.4084334,12
ENSG00000119333,2.5703447,0.0,12
ENSG00000136848_2,0.1397876,0.0,12
ENSG00000108953,2.1186137,3.6385882,12
ENSG00000131746,0.26403126,0.0,12
ENSG00000108439_1,0.094723314,1.3109438,12
ENSG00000197417,1.8652759,2.072408,12
ENSG00000108417,0.3282965,0.0,12
ENSG00000167543_1,1.688046,1.674806,12
ENSG00000154258,0.06368753,0.0,12
ENSG00000186860,0.8351318,1.6957443,12
ENSG00000258890,2.0232322,2.4100194,12
ENSG00000205899,1.245521,1.3682683,12
ENSG00000222581,0.11394927,0.0,12
ENSG00000168913,1.7298617,1.1616075,12
ENSG00000108587,1.8677235,2.5975504,12
ENSG00000233198,0.39252385,0.9984773,12
ENSG00000259207,1.8108194,1.5910981,12
ENSG00000170004_1,0.21077438,0.0,12
ENSG00000132141,1.8706515,1.4085453,12
ENSG00000074370,1.8305222,2.5638487,12
ENSG00000165716,1.7496867,1.749744,12
ENSG00000119401,1.4007331,1.6804389,12
ENSG00000127080,2.292907,2.1572602,12
ENSG00000215548,1.8054633,2.5564413,12
ENSG00000272975,0.22641441,1.7031451,12
ENSG00000173917,0.49364373,2.875981,12
ENSG00000197291,1.5645876,0.0,12
ENSG00000136931,0.7455736,0.0,12
ENSG00000119509,2.0701299,2.0722022,12
ENSG00000225190,0.0653415,0.0,12
ENSG00000169583_1,0.3753642,0.0,12
ENSG00000260230,1.2986466,1.3682497,12
ENSG00000181222_1,1.8662138,1.9469236,12
ENSG00000054148,2.126185,2.211497,12
ENSG00000040633_2,2.095486,2.2757075,12
ENSG00000187713,2.1174855,2.2679527,12
ENSG00000258315,2.2968554,0.0,12
ENSG00000263489,0.36103472,0.0,12
ENSG00000186834,2.3040068,2.468715,12
ENSG00000204277,0.59168905,1.2450386,12
ENSG00000172794_1,1.1794685,1.2342135,12
ENSG00000092931,2.476657,2.4966528,12
ENSG00000108786,0.23930387,1.4269828,12
ENSG00000281000,1.2044306,3.1610084,12
ENSG00000107223,1.9733561,3.4268267,12
ENSG00000233223_2,1.1682107,2.720647,12
ENSG00000179314,0.056544393,1.0559896,12
ENSG00000130222,0.7159377,1.376084,12
ENSG00000177370,2.034844,0.0,12
ENSG00000166260,1.8575168,2.3265734,12
ENSG00000119408_1,1.7570792,1.2853998,12
ENSG00000182224,1.4536905,1.8019522,12
ENSG00000179314_1,1.5469325,1.4669417,12
ENSG00000184640_8,0.24066362,1.4677856,12
ENSG00000277027,1.7693675,2.7647178,12
ENSG00000283160,0.60795534,0.0,12
ENSG00000166582,1.8944733,2.76183,12
ENSG00000213930,1.1570933,1.75201,12
ENSG00000277363,1.2343137,0.0,12
ENSG00000167858,0.48819014,0.0,12
ENSG00000230647,0.07798611,0.0,12
ENSG00000119383_4,0.20713796,0.0,12
ENSG00000108852_1,0.5697462,1.1211789,12
ENSG00000108510,2.1344347,1.6091673,12
ENSG00000095303,0.28233567,0.0,12
ENSG00000135047_1,0.08825579,0.0,12
ENSG00000185963,2.2208147,2.0504184,12
ENSG00000080608,1.8456717,0.0,12
ENSG00000132518_1,0.60167557,0.7035493,12
ENSG00000276293,2.2519822,2.0628226,12
ENSG00000054179,1.5735352,1.5450472,12
ENSG00000262223,0.19324331,0.0,12
ENSG00000272763,1.7204406,0.0,12
ENSG00000148339_2,0.33735976,0.0,12
ENSG00000108469,0.3510289,0.73893905,12
ENSG00000135048,1.8363287,0.0,12
ENSG00000137106,2.0589771,0.0,12
ENSG00000141252_1,0.1273927,0.0,12
ENSG00000141738,0.31210154,1.2019976,12
ENSG00000167895,0.47301427,0.0,12
ENSG00000197506,0.07970446,0.0,12
ENSG00000107104_2,0.020329207,0.0,12
ENSG00000154262_2,0.11472224,0.0,12
ENSG00000170836,2.4651845,2.2828329,12
ENSG00000180340,1.7453582,1.856064,12
ENSG00000183684,2.1869864,3.3381276,12
ENSG00000108509_1,0.23971617,0.0,12
ENSG00000182896,0.12401639,0.0,12
ENSG00000141568,2.1624222,2.9615254,12
ENSG00000198740,2.275895,2.2449965,12
ENSG00000159202,2.3321705,2.570683,12
ENSG00000135052,1.6119831,1.8489338,12
