,Pred,actual,fold_idx
ENSG00000168522_1,2.5071223,2.0892336,10
ENSG00000213563,1.9323109,2.1836967,10
ENSG00000268655,0.5095949,0.0,10
ENSG00000147588,-0.046038985,0.0,10
ENSG00000153885,2.091577,1.8958092,10
ENSG00000147408_2,0.026778508,0.0,10
ENSG00000167702,1.9023322,1.519245,10
ENSG00000104892,0.57290184,1.3625956,10
ENSG00000124467,-0.010399606,0.0,10
ENSG00000170956,0.07340422,0.0,10
ENSG00000105722,1.8912995,0.0,10
ENSG00000189376,2.0405192,2.0682862,10
ENSG00000090339,1.6767975,2.7667658,10
ENSG00000169035,0.034401726,0.0,10
ENSG00000196267,0.5017985,0.99029446,10
ENSG00000136997,1.3710438,2.176641,10
ENSG00000104313,-0.031026326,0.0,10
ENSG00000125648,1.2606776,2.9391181,10
ENSG00000198182,0.73669684,0.0,10
ENSG00000105143_2,0.08890041,0.0,10
ENSG00000130193,2.1201327,2.4321191,10
ENSG00000006015,2.333995,2.501771,10
ENSG00000104980,2.5274901,3.1579158,10
ENSG00000099308_1,1.6313362,1.4053805,10
ENSG00000105185,2.244157,3.5462587,10
ENSG00000188293,0.06840274,0.0,10
ENSG00000198521,1.3004293,2.2645369,10
ENSG00000253490,-0.026398227,0.0,10
ENSG00000254101_2,1.180271,0.0,10
ENSG00000180921,2.258753,2.2405992,10
ENSG00000178078,0.3872945,0.0,10
ENSG00000069399,0.9823626,0.0,10
ENSG00000152467,1.4227536,1.3071322,10
ENSG00000198346,0.5371764,2.194259,10
ENSG00000104859,1.8825885,2.4248197,10
ENSG00000253250,2.2925186,2.8161705,10
ENSG00000042832_1,0.08218634,0.0,10
ENSG00000253395,2.082838,1.3374393,10
ENSG00000253598,-0.016546488,0.0,10
ENSG00000105576_2,2.184541,2.0667357,10
ENSG00000160392_1,2.343508,2.0950925,10
ENSG00000130202,2.4108896,2.7527213,10
ENSG00000147432,-0.01792863,0.0,10
ENSG00000179855,1.5717537,1.7709992,10
ENSG00000022556,0.7989502,0.0,10
ENSG00000007255,2.1908329,1.6815217,10
ENSG00000160111,1.3447078,1.3883677,10
ENSG00000105618,1.4448463,2.7629926,10
ENSG00000291131,0.27635366,1.3531272,10
ENSG00000169393,0.040023755,0.0,10
ENSG00000291235,0.016190864,0.6095944,10
ENSG00000076554_2,0.005791582,0.0,10
ENSG00000286138,2.218671,1.6444188,10
ENSG00000197782,1.2654793,2.0953193,10
ENSG00000105655,1.9597608,3.314434,10
ENSG00000070423,2.3203137,2.5170956,10
ENSG00000181666,0.13137545,0.0,10
ENSG00000267767,0.95449185,1.2373577,10
ENSG00000167555,0.20499472,1.4319425,10
ENSG00000176920,0.45750588,0.0,10
ENSG00000168546,0.71430564,1.2449695,10
ENSG00000188227,0.09058641,0.0,10
ENSG00000253658,-0.055788368,0.0,10
ENSG00000254377,-0.026970565,0.0,10
ENSG00000293246,0.847404,2.321909,10
ENSG00000121413,0.81118906,0.0,10
ENSG00000181896,0.9529604,1.5547435,10
ENSG00000105171,2.2078443,0.0,10
ENSG00000105675,0.13471441,0.0,10
ENSG00000130724,2.054485,0.0,10
ENSG00000132554_1,1.2607732,0.0,10
ENSG00000170608,1.7110599,1.6776617,10
ENSG00000245910,2.2240775,3.4465916,10
ENSG00000164808_1,0.003195744,0.0,10
ENSG00000251396,2.152651,0.0,10
ENSG00000198464,1.4106096,2.4360163,10
ENSG00000035681_2,2.3142402,2.1582026,10
ENSG00000081665,0.4656174,0.0,10
ENSG00000204920,0.3501045,0.9194442,10
ENSG00000167460_1,0.57906985,0.0,10
ENSG00000168522,2.5913503,2.8397858,10
ENSG00000215114,1.181662,0.0,10
ENSG00000147439,1.3440945,2.3004303,10
ENSG00000104447_1,0.7118665,0.0,10
ENSG00000011422_1,0.6164633,1.7576996,10
ENSG00000254101_1,-0.027115658,0.0,10
ENSG00000131931,2.0847895,2.2282207,10
ENSG00000185697_1,0.38827607,0.9984337,10
ENSG00000256683,0.4090279,0.0,10
ENSG00000167755_1,0.22641847,0.0,10
ENSG00000243207,2.3654475,2.2586372,10
ENSG00000076662,2.0248845,2.1534796,10
ENSG00000104432,0.19917981,0.0,10
ENSG00000187474,0.019546855,0.0,10
ENSG00000012124_1,0.12155038,0.0,10
ENSG00000267530,0.1719075,0.0,10
ENSG00000269729,0.24733636,0.0,10
ENSG00000254251,-0.037270404,0.0,10
ENSG00000066777,2.0695918,2.1127725,10
ENSG00000178125,0.5233369,0.0,10
ENSG00000105699_2,2.320989,3.0587676,10
ENSG00000160932,1.8156334,2.915689,10
ENSG00000147642_4,1.0166712,1.6752925,10
ENSG00000166770_1,0.39155754,0.0,10
ENSG00000063245,2.4327009,2.703386,10
ENSG00000083168,2.1527214,2.5822566,10
ENSG00000254092,0.2774731,0.0,10
ENSG00000165084,1.0533228,1.4926068,10
ENSG00000104827,0.22014728,0.0,10
ENSG00000133878,0.89298165,1.4864872,10
ENSG00000153879,2.3585722,2.4980485,10
ENSG00000160957_1,2.3176858,2.6904087,10
ENSG00000147526,-0.015223272,0.0,10
ENSG00000159871,0.14663297,0.0,10
ENSG00000105669,2.5068412,3.1625316,10
ENSG00000105402_1,0.076410726,0.0,10
ENSG00000169021,2.2410505,3.1644628,10
ENSG00000129911,2.2240696,2.828473,10
ENSG00000204851,1.1509502,1.368231,10
ENSG00000131142,0.04307704,0.9764875,10
ENSG00000105254,2.0646179,2.3951185,10
ENSG00000105523_1,0.2595078,1.0343477,10
ENSG00000159871_2,0.33813512,0.9875769,10
ENSG00000186526_1,0.05418216,0.8346114,10
ENSG00000130844_1,0.5518478,1.0269008,10
ENSG00000129451_1,0.6867449,0.0,10
ENSG00000198363_1,-0.0036516413,0.0,10
ENSG00000256087,1.126883,1.6924926,10
ENSG00000188343,1.5533031,0.0,10
ENSG00000104889,1.9080698,0.0,10
ENSG00000104979,2.2197402,2.8956225,10
ENSG00000242852,1.0703934,0.0,10
ENSG00000276043,1.9601357,2.5701108,10
ENSG00000132026,0.22019823,0.0,10
ENSG00000147570,-0.005430136,0.0,10
ENSG00000083807,2.1588902,2.4993901,10
ENSG00000232024,0.16625717,2.1244748,10
ENSG00000226696,2.5990126,1.7869855,10
ENSG00000261857,0.1886116,1.0919833,10
ENSG00000253361,-0.019746237,0.0,10
ENSG00000142227,1.2002262,0.0,10
ENSG00000126243_1,1.358001,1.5279005,10
ENSG00000104447,0.0038399324,0.0,10
ENSG00000130733,2.0145233,2.5714817,10
ENSG00000171044_1,0.30999434,1.5118567,10
ENSG00000204524,1.5406911,0.0,10
ENSG00000167604,0.8974992,0.0,10
ENSG00000167632_2,2.3158658,2.293095,10
ENSG00000129932,0.1896928,0.0,10
ENSG00000269834,0.3461833,0.0,10
ENSG00000196235,2.0958478,1.7063252,10
ENSG00000105202_3,0.74404955,0.0,10
ENSG00000215262,-0.04076799,0.0,10
ENSG00000183850_1,0.51510537,1.6913732,10
ENSG00000104880_1,1.7825805,1.8508422,10
ENSG00000286125,0.7793174,0.0,10
ENSG00000253661_1,0.10653429,0.0,10
ENSG00000105642,0.8454138,1.0583501,10
ENSG00000105223_1,1.2927685,2.9691153,10
ENSG00000214050,0.029048972,0.0,10
ENSG00000287325,0.17829032,0.0,10
ENSG00000161847,2.4613242,3.0139995,10
ENSG00000204866,-0.023180932,0.0,10
ENSG00000186115,0.098302856,0.0,10
ENSG00000188283,1.0192019,2.0106814,10
ENSG00000164756,0.25219393,0.0,10
ENSG00000129354_1,0.28976178,0.0,10
ENSG00000177570,0.88714933,1.2263678,10
ENSG00000171033,1.17301,0.0,10
ENSG00000104313_2,0.5060669,1.547233,10
ENSG00000140396_1,1.4575917,1.5502651,10
ENSG00000170619,2.0527554,1.9802171,10
ENSG00000066044,2.3278773,2.7830799,10
ENSG00000196150_1,2.0016158,1.5992497,10
ENSG00000278611,1.7721012,0.0,10
ENSG00000105339,2.0599227,1.892039,10
ENSG00000254377_1,0.32498318,0.0,10
ENSG00000137573_2,-0.019300818,0.0,10
ENSG00000168615_1,0.059997283,0.0,10
ENSG00000176909,0.2114993,0.0,10
ENSG00000105372_1,2.457116,1.2826447,10
ENSG00000160948_1,2.1541886,2.6522434,10
ENSG00000205155,1.5568655,0.0,10
ENSG00000130748,1.5361654,2.2666786,10
ENSG00000188785,1.5072153,1.0441084,10
ENSG00000104321,0.44637722,0.0,10
ENSG00000229833,0.78744316,0.0,10
ENSG00000088247_1,2.3306038,3.2622898,10
ENSG00000267575_1,2.2143438,2.0415978,10
ENSG00000254777_1,1.2287104,1.2199773,10
ENSG00000137563,2.1622856,0.0,10
ENSG00000105649,2.161547,0.0,10
ENSG00000178150_1,0.5773574,1.1706723,10
ENSG00000261949,0.27191305,1.0294243,10
ENSG00000070756_2,-0.024435736,0.0,10
ENSG00000011332_1,1.6820523,0.0,10
ENSG00000168487,2.13538,2.0494893,10
ENSG00000038945,-0.033707142,0.0,10
ENSG00000130283,1.7404529,2.673279,10
ENSG00000171060,0.29976258,0.0,10
ENSG00000188305,0.5486548,0.0,10
ENSG00000167470,2.1416812,2.4173121,10
ENSG00000182310_1,2.2840908,0.0,10
ENSG00000213297,0.6131911,1.1446987,10
ENSG00000130813_1,1.8416735,1.8728378,10
ENSG00000104826,0.41405895,0.0,10
ENSG00000167654,0.24718015,0.0,10
ENSG00000254202,-0.031830817,0.0,10
ENSG00000243130,0.032045946,0.0,10
ENSG00000213793,0.7803732,2.2816947,10
ENSG00000169136,2.3960202,3.3582585,10
ENSG00000147654_2,0.76885605,0.0,10
ENSG00000077312_1,2.769895,3.5770826,10
ENSG00000125746_4,1.2312111,1.2785021,10
ENSG00000169436,0.22533157,0.0,10
ENSG00000268500,0.3703686,0.0,10
ENSG00000286113,1.5579998,0.8499597,10
ENSG00000205268,2.4859881,2.1106975,10
ENSG00000077348,2.339677,0.0,10
ENSG00000167733_1,1.5668107,1.3938383,10
ENSG00000160888,0.8839284,2.4157126,10
ENSG00000130304,0.36394086,1.0441476,10
ENSG00000147650,2.3787162,2.3745303,10
ENSG00000153317,-0.013085507,0.0,10
ENSG00000198169,2.2154007,1.7618753,10
ENSG00000168575_2,2.2532725,1.9651546,10
ENSG00000130300,1.0205922,1.2627832,10
ENSG00000197838,-0.013805985,0.0,10
ENSG00000012061,2.1557305,2.2289364,10
ENSG00000198077,0.027565815,0.0,10
ENSG00000079435,0.0056207627,0.0,10
ENSG00000090661,1.818998,1.8224689,10
ENSG00000104897,2.2854578,3.0044675,10
ENSG00000167615,2.7294862,2.9004326,10
ENSG00000254775,-0.0011490956,0.0,10
ENSG00000285744,0.6124613,0.0,10
ENSG00000160336,0.62626016,2.429384,10
ENSG00000130528,0.9411175,2.4414437,10
ENSG00000089327_2,0.09044107,0.0,10
ENSG00000161249_1,0.7797283,0.9413126,10
ENSG00000147421_1,2.2988014,2.2347906,10
ENSG00000104413,0.3645401,0.0,10
ENSG00000104419_3,1.6060269,0.0,10
ENSG00000131943,1.6979309,1.8061664,10
ENSG00000169515,2.1271389,2.3913603,10
ENSG00000186019,0.4894396,0.0,10
ENSG00000284280,0.25137293,0.0,10
ENSG00000006016,1.5983552,1.8940667,10
ENSG00000254024,0.7367914,1.2881597,10
ENSG00000227500,0.57067084,1.2434845,10
ENSG00000249859,1.7137293,1.9107813,10
ENSG00000131941,1.7594107,1.8331727,10
ENSG00000126261,2.2473319,3.4697366,10
ENSG00000105258_1,2.209246,2.8598285,10
ENSG00000147684,1.1719743,3.7908254,10
ENSG00000104611,1.2273737,1.3625579,10
ENSG00000080031_1,0.5199765,0.0,10
ENSG00000213015,1.8310515,0.0,10
ENSG00000125726_1,0.36690566,0.0,10
ENSG00000270164_2,-0.010467581,0.0,10
ENSG00000213096,0.6423408,2.3871548,10
ENSG00000131408_2,2.4082386,2.3755264,10
ENSG00000278374,0.10055502,0.0,10
ENSG00000291231,0.19349998,0.0,10
ENSG00000105197,2.3830593,0.0,10
ENSG00000147586,2.073058,0.0,10
ENSG00000029534,0.3496922,0.0,10
ENSG00000130312,0.43215248,0.0,10
ENSG00000293314,1.7967966,1.6908762,10
ENSG00000225885,-0.024853379,0.0,10
ENSG00000086548,0.01324008,0.0,10
ENSG00000196218,0.61451876,0.0,10
ENSG00000173581,2.0324056,1.9921026,10
ENSG00000105072,2.1230428,0.0,10
ENSG00000104886_1,2.487388,2.2488801,10
ENSG00000136986_2,2.2616537,2.646492,10
ENSG00000292982,2.4502568,2.6118996,10
ENSG00000156103_1,0.9250529,0.0,10
ENSG00000147548,2.4859915,2.4340577,10
ENSG00000123143,1.9922339,2.4714882,10
ENSG00000179820_1,0.39421847,1.40752,10
ENSG00000099337,1.3292855,1.6221311,10
ENSG00000126264,0.041668914,1.6150111,10
ENSG00000267296,1.5529269,1.6438769,10
ENSG00000105699,1.5985209,2.1465404,10
ENSG00000130382,0.82096815,0.8997111,10
ENSG00000167608,0.13082702,0.0,10
ENSG00000099804,2.2595396,2.7328117,10
ENSG00000246145,2.023359,0.86111605,10
ENSG00000087088,2.213419,2.2495358,10
ENSG00000189114,0.89224434,2.1283636,10
ENSG00000104517,2.430896,2.5479407,10
ENSG00000198633,0.6316122,0.8683505,10
ENSG00000123146_2,1.7909616,2.6352212,10
ENSG00000104872_1,2.581228,2.3978357,10
ENSG00000064607,2.5842006,2.51383,10
ENSG00000071655_1,2.2594402,2.5260031,10
ENSG00000104755_1,0.092706695,0.0,10
ENSG00000179954,0.22312225,0.0,10
ENSG00000161677,1.9807996,0.0,10
ENSG00000104888,0.2814628,0.0,10
ENSG00000130402,2.4045506,3.1744697,10
ENSG00000160117_1,1.2649109,2.1018536,10
ENSG00000188624,-0.024137221,0.0,10
ENSG00000130313,2.5225585,2.765825,10
ENSG00000243137,-0.015911222,0.0,10
ENSG00000008438,0.55012774,0.0,10
ENSG00000175324,2.3544583,2.639068,10
ENSG00000183401_1,1.5563611,0.0,10
ENSG00000129354,0.6814176,0.0,10
ENSG00000310521,1.0245352,1.4943216,10
ENSG00000085788,2.279895,1.8685269,10
ENSG00000224910_1,0.0152081475,0.0,10
ENSG00000142347,0.08276106,0.0,10
ENSG00000007129,0.015537206,0.0,10
ENSG00000131408,0.8186333,0.0,10
ENSG00000182566,0.10469223,0.0,10
ENSG00000130734,2.3414128,2.4372685,10
ENSG00000029534_2,0.010079786,0.0,10
ENSG00000129355,2.6635513,1.7715139,10
ENSG00000198440,2.3359172,0.0,10
ENSG00000165071,-0.027715668,0.0,10
ENSG00000104365,1.8199987,2.177294,10
ENSG00000156011_4,1.4681276,0.0,10
ENSG00000074219,0.14934337,0.0,10
ENSG00000076944,1.6384263,2.8275592,10
ENSG00000141867_1,2.1628788,1.8886231,10
ENSG00000268595,1.0470572,0.0,10
ENSG00000022556_1,0.35045436,0.0,10
ENSG00000164683_1,2.135588,2.092931,10
ENSG00000189068,0.25412732,0.0,10
ENSG00000276043_1,2.0493214,2.0494196,10
ENSG00000127507,1.0784633,2.4080806,10
ENSG00000160959_1,2.4729857,1.8366848,10
ENSG00000167461,2.4537196,2.764728,10
ENSG00000160877,0.94006586,1.7352555,10
ENSG00000168172,2.3519657,2.295391,10
ENSG00000251136_2,2.243459,0.0,10
ENSG00000090661_1,1.6383315,1.2598566,10
ENSG00000014164,2.44582,2.1176093,10
ENSG00000119574,2.1037831,2.276071,10
ENSG00000185803_2,1.0111378,0.0,10
ENSG00000179526_1,2.4665859,2.0140414,10
ENSG00000253161_5,0.004260462,0.0,10
ENSG00000074181,0.6744313,0.0,10
ENSG00000186204,0.12748604,0.0,10
ENSG00000237452,0.8859446,1.3728015,10
ENSG00000089356,0.16302621,0.0,10
ENSG00000120915,1.7711443,2.664119,10
ENSG00000249816,0.24391463,0.0,10
ENSG00000164879,0.74823534,0.0,10
ENSG00000168619,0.12907262,0.0,10
ENSG00000164764,1.3104855,0.0,10
ENSG00000187994,1.088372,0.0,10
ENSG00000268027,-0.0070229173,0.0,10
ENSG00000250799,0.46882617,0.0,10
ENSG00000205882,-0.020076849,0.0,10
ENSG00000011422,1.9905881,0.0,10
ENSG00000119559,2.2899845,2.3723412,10
ENSG00000246662,1.3721946,0.0,10
ENSG00000071564,2.5736732,3.0647686,10
ENSG00000286449,0.36122993,0.0,10
ENSG00000239998,0.1570395,0.0,10
ENSG00000120896_5,1.2853976,1.5183165,10
ENSG00000171051_1,-0.009178247,0.0,10
ENSG00000132000_1,0.29216713,0.0,10
ENSG00000178386,0.26636317,0.78504497,10
ENSG00000160410_2,0.16970658,0.96796894,10
ENSG00000105220_1,1.882856,0.0,10
ENSG00000254166,-0.024246722,0.0,10
ENSG00000178980,2.0592084,0.0,10
ENSG00000255491_1,0.07917041,1.0218918,10
ENSG00000251369,0.9530678,1.9637406,10
ENSG00000105355,1.6231636,0.0,10
ENSG00000214049,0.51313937,2.5253441,10
ENSG00000147526_2,2.2393856,1.8172148,10
ENSG00000147679,2.2480938,2.4202776,10
ENSG00000179820_2,1.488893,0.0,10
ENSG00000165046_3,0.11470432,0.0,10
ENSG00000253161_3,-0.027584918,0.0,10
ENSG00000167685,2.2019448,0.0,10
ENSG00000164941,2.2449427,2.8356698,10
ENSG00000120896,0.2535549,0.74382323,10
ENSG00000131037_1,1.7698438,0.0,10
ENSG00000164953_1,0.028041303,0.0,10
ENSG00000018869,1.596815,1.362539,10
ENSG00000115255,2.413956,2.90455,10
ENSG00000076554_1,0.021337397,0.0,10
ENSG00000205138,2.328415,2.5327034,10
ENSG00000130477,0.013470195,0.0,10
ENSG00000167619,1.6264031,0.0,10
ENSG00000142046_1,0.5135106,1.135069,10
ENSG00000005007_1,0.23260625,1.0854332,10
ENSG00000090006,1.5702875,0.0,10
ENSG00000167578,2.2455692,0.0,10
ENSG00000253105,-0.01581201,0.7532766,10
ENSG00000105063_1,2.4137352,2.5918667,10
ENSG00000253729_2,0.8824394,3.387847,10
ENSG00000066827_1,0.14386877,0.7035493,10
ENSG00000218891,0.5651909,0.0,10
ENSG00000104886,2.469095,2.3716514,10
ENSG00000125740,1.1413931,0.0,10
ENSG00000130816,0.01576788,0.0,10
ENSG00000105220,1.7376131,1.4158744,10
ENSG00000167657,1.8612427,2.2312198,10
ENSG00000267498,1.9663674,1.1291741,10
ENSG00000188508,0.004318498,0.0,10
ENSG00000105176_1,2.0974867,2.774685,10
ENSG00000105664,1.2295526,1.0064232,10
ENSG00000126456,0.4154591,0.0,10
ENSG00000253339_1,-0.01500041,0.0,10
ENSG00000161265_1,0.9092195,0.0,10
ENSG00000164830,1.7026309,1.4614685,10
ENSG00000159885,1.1952335,1.6085474,10
ENSG00000164741_1,0.5593374,1.2433853,10
ENSG00000290812,1.503455,2.0072825,10
ENSG00000205209,0.08224391,0.0,10
ENSG00000223573,1.5372545,1.7576693,10
ENSG00000141971_1,0.53432494,0.0,10
ENSG00000254006,-0.029742546,0.0,10
ENSG00000142515,0.05910543,0.0,10
ENSG00000105255,1.4084679,1.3263563,10
ENSG00000196357,0.8804796,0.0,10
ENSG00000160471,0.57705927,1.172457,10
ENSG00000158856_4,1.0952761,1.2215551,10
ENSG00000199652,-0.064221404,0.0,10
ENSG00000120925,2.4010603,1.8516252,10
ENSG00000268001,0.7257892,2.3441663,10
ENSG00000178719,1.8012388,3.3352592,10
ENSG00000077782_3,1.5393716,1.8474616,10
ENSG00000131848,2.487187,1.8652343,10
ENSG00000167785,2.461577,0.0,10
ENSG00000167384,2.216128,2.0994735,10
ENSG00000185236,2.7253435,2.418964,10
ENSG00000267470,0.17966758,0.0,10
ENSG00000105419,1.3377492,1.5068837,10
ENSG00000105379,2.5618486,0.0,10
ENSG00000115268,2.3513896,3.0947123,10
ENSG00000142002_1,0.20525533,0.0,10
ENSG00000063244_1,2.7719467,2.434743,10
ENSG00000125498,-0.014352411,0.0,10
ENSG00000152443,1.0455862,2.1526062,10
ENSG00000032444_3,0.398295,0.8573928,10
ENSG00000127528,1.7455555,1.7223048,10
ENSG00000161551,0.6532701,1.3325394,10
ENSG00000251136,1.1742469,0.0,10
ENSG00000063177_1,2.6173449,0.0,10
ENSG00000167912,1.0516955,1.6781359,10
ENSG00000180479,1.688265,1.422918,10
ENSG00000198363_4,2.4095852,3.0833879,10
ENSG00000197858,2.1156986,2.4918392,10
ENSG00000105696,1.5536771,1.6492472,10
ENSG00000104332,1.5016443,1.6480867,10
ENSG00000105427,0.12225131,0.0,10
ENSG00000170906,2.141234,3.1943672,10
ENSG00000104442,1.4723979,2.738779,10
ENSG00000105376_1,2.4321215,2.2522728,10
ENSG00000130755,0.36199668,2.138748,10
ENSG00000008441,2.0434449,2.5490892,10
ENSG00000176956_2,1.1083595,1.4933883,10
ENSG00000104723,1.8061836,2.9021988,10
ENSG00000105656,2.5064495,2.4598355,10
ENSG00000128000,0.5671487,1.8663523,10
ENSG00000197405,0.17034017,0.0,10
ENSG00000293495_1,2.2106397,2.8866107,10
ENSG00000207215,-0.030533448,0.0,10
ENSG00000120963_1,2.168135,2.1041796,10
ENSG00000184635,1.8227178,0.0,10
ENSG00000267014,-0.010370843,0.0,10
ENSG00000253438_2,0.025589038,0.0,10
ENSG00000179526,2.3675404,0.0,10
ENSG00000160953,2.1497607,2.1751783,10
ENSG00000130175,0.9311738,0.0,10
ENSG00000166398_1,0.0020867363,0.0,10
ENSG00000198042,2.3637607,3.0918252,10
ENSG00000155100,2.2430186,2.618964,10
ENSG00000105373,2.00472,3.042733,10
ENSG00000129422,0.04316334,0.0,10
ENSG00000115286,2.3595374,3.0419962,10
ENSG00000261824_2,2.1716104,2.18489,10
ENSG00000005007,2.316903,2.77741,10
ENSG00000172164_1,0.011629157,0.0,10
ENSG00000178538,2.1021347,2.8046227,10
ENSG00000099875_1,2.2786536,3.1926622,10
ENSG00000253161_4,0.02076701,0.0,10
ENSG00000105219_1,1.1813005,1.9205095,10
ENSG00000169154,0.06964466,0.0,10
ENSG00000147614,-0.04437776,0.0,10
ENSG00000167487,1.8400013,0.0,10
ENSG00000147324,1.9106274,2.000911,10
ENSG00000221983,2.6157148,3.8707023,10
ENSG00000105483_1,0.120648764,1.5728832,10
ENSG00000197217,2.2318277,2.2839544,10
ENSG00000042980,0.07931382,0.0,10
ENSG00000174917_1,2.0011654,2.7904913,10
ENSG00000105219,0.3425032,1.2035768,10
ENSG00000130203,0.73156786,2.2606866,10
ENSG00000154319,1.3758861,1.1688509,10
ENSG00000161091_1,1.3117644,1.3188144,10
ENSG00000248099,0.3256993,1.3704761,10
ENSG00000240403,0.8654262,0.0,10
ENSG00000104419_1,0.043968283,0.0,10
ENSG00000253877,-0.029246002,0.0,10
ENSG00000268182,0.8842145,1.2867663,10
ENSG00000071655,2.3285067,1.7078936,10
ENSG00000176593,1.4966966,1.0810231,10
ENSG00000104824_1,2.2878249,2.1759987,10
ENSG00000164919,1.755432,3.6022565,10
ENSG00000169490,2.3883557,2.2567947,10
ENSG00000175489,0.5065212,0.0,10
ENSG00000166359,1.1244447,0.0,10
ENSG00000256771,1.8799009,1.9156952,10
ENSG00000197497,0.7415706,1.9153576,10
ENSG00000104537_1,-0.023018658,0.0,10
ENSG00000196437,1.8438898,2.086431,10
ENSG00000253593,-0.016803041,0.0,10
ENSG00000104299,0.8261142,0.0,10
ENSG00000186111,2.0497544,2.4399955,10
ENSG00000141867_2,2.0315478,3.000382,10
ENSG00000099864_2,0.092688374,0.0,10
ENSG00000197561,0.2176285,0.8105416,10
ENSG00000105372,2.613784,3.671899,10
ENSG00000076928,1.861742,2.3963754,10
ENSG00000160410,1.0483718,0.0,10
ENSG00000104883_1,0.039078113,0.0,10
ENSG00000204978,0.15939717,0.0,10
ENSG00000156735,1.9808046,2.6105037,10
ENSG00000196110,1.9979221,0.0,10
ENSG00000197813,0.8289659,1.3004433,10
ENSG00000104529_1,2.4987988,3.4276905,10
ENSG00000174521,1.4813889,1.8854743,10
ENSG00000104814_1,0.14462462,0.0,10
ENSG00000008513,0.20412806,1.1952353,10
ENSG00000186326,1.7308437,1.496002,10
ENSG00000123124,2.2338755,1.4577911,10
ENSG00000120899,1.7752864,0.0,10
ENSG00000170873,0.063937485,0.0,10
ENSG00000154188_2,0.05922954,0.0,10
ENSG00000182325,2.278803,1.9605612,10
ENSG00000099785_1,0.6372328,1.0090257,10
ENSG00000176731,1.4317259,0.0,10
ENSG00000099625,1.8441395,2.1548133,10
ENSG00000105127,2.448837,2.4856462,10
ENSG00000147813,1.9082712,2.329591,10
ENSG00000185728_1,2.0758069,1.411687,10
ENSG00000261526,2.5467958,2.0532668,10
ENSG00000267898,1.7260119,1.500977,10
ENSG00000105605,1.1797357,1.6334281,10
ENSG00000104760,-0.040271647,0.0,10
ENSG00000188505,1.3453137,1.6611024,10
ENSG00000083807_1,0.53158295,1.127202,10
ENSG00000235531,1.4592885,0.5825406,10
ENSG00000104979_1,2.0691397,0.0,10
ENSG00000188778,0.7237761,1.3624636,10
ENSG00000237807_1,0.06903377,0.0,10
ENSG00000099866,2.2788038,1.4238845,10
ENSG00000104415,0.16180426,0.0,10
ENSG00000005206,2.2738097,2.4038854,10
ENSG00000254254,-0.012202188,0.0,10
ENSG00000104901,1.2419304,1.4012282,10
ENSG00000130545,0.4434336,0.7717344,10
ENSG00000161277,2.2778862,1.6787187,10
ENSG00000133739,1.9611553,2.326815,10
ENSG00000132002_2,0.5444943,0.0,10
ENSG00000130881,1.5776992,1.7930217,10
ENSG00000105173,2.042124,2.1916466,10
ENSG00000131203,-0.015606619,0.0,10
ENSG00000253643,-0.037528396,0.0,10
ENSG00000285791,-0.012469359,0.0,10
ENSG00000170892,2.904189,1.8830763,10
ENSG00000168575_3,2.3065078,2.8396282,10
ENSG00000133265,1.9182125,0.0,10
ENSG00000167459_1,-0.017676309,0.0,10
ENSG00000105520,0.9178325,2.207136,10
ENSG00000254415,0.5598699,1.0629954,10
ENSG00000156011_3,-0.0059817173,0.0,10
ENSG00000269190,2.0246844,2.130575,10
ENSG00000196724,0.42854849,1.2910135,10
ENSG00000177182,0.02305498,0.0,10
ENSG00000167674,2.5334237,2.0507083,10
ENSG00000104805,1.1643572,0.0,10
ENSG00000130816_1,2.2397633,3.185015,10
ENSG00000219665,0.7138845,1.9262395,10
ENSG00000171606_1,2.7482688,2.0094128,10
ENSG00000174917,1.7431496,1.9051805,10
ENSG00000129696,0.9088887,1.9987997,10
ENSG00000253161_1,-0.019864023,0.0,10
ENSG00000213024,0.1027433,0.0,10
ENSG00000104888_1,0.43699312,0.0,10
ENSG00000124440,0.74090815,1.3004868,10
ENSG00000105755,0.28987646,1.9011978,10
ENSG00000167554,0.5921234,1.135069,10
ENSG00000158941,2.3466065,2.7909575,10
ENSG00000105323_3,0.14664012,0.8105685,10
ENSG00000164821,-0.021074489,1.0810375,10
ENSG00000167680_1,1.6041034,1.82007,10
ENSG00000074219_1,0.6817448,0.0,10
ENSG00000104660,2.146293,2.7080986,10
ENSG00000105613,1.9051536,2.2192674,10
ENSG00000269439_1,2.5863702,2.820648,10
ENSG00000185053,0.06036703,0.74374485,10
ENSG00000130513_1,0.3494936,0.0,10
ENSG00000142459,2.1859205,1.7253234,10
ENSG00000172270_1,2.507118,3.237149,10
ENSG00000221946,1.052105,1.708404,10
ENSG00000155792,1.1151272,1.7099481,10
ENSG00000090372,1.9857572,2.5274236,10
ENSG00000269343_1,0.06510164,0.0,10
ENSG00000105364,2.2949302,3.354416,10
ENSG00000072954,1.6358937,1.4148229,10
ENSG00000142546_1,0.8642541,0.0,10
ENSG00000126249,2.3024886,2.3986638,10
ENSG00000099341,2.6357434,3.5835614,10
ENSG00000184672_2,0.69017684,0.0,10
ENSG00000136997_2,2.059604,1.7750567,10
ENSG00000105516,1.6953667,1.1389592,10
ENSG00000221983_2,0.26119614,0.0,10
ENSG00000198363,-0.037428565,0.0,10
ENSG00000197933,1.63742,1.8659977,10
ENSG00000118620,1.7753803,2.3315873,10
ENSG00000071894,2.3932312,2.7287862,10
ENSG00000262874,1.1340921,0.0,10
ENSG00000063176_1,0.41221657,0.0,10
ENSG00000105409,1.4205781,1.4022958,10
ENSG00000174429,0.10460062,0.0,10
ENSG00000187116,0.039329663,0.0,10
ENSG00000104964_2,0.33103636,1.4605521,10
ENSG00000213988,0.2877495,1.4269828,10
ENSG00000178719_1,0.6638559,1.7549367,10
ENSG00000179832,2.241783,1.7943193,10
ENSG00000011478,1.927431,2.3127315,10
ENSG00000130475_1,0.50215405,2.6191049,10
ENSG00000183808,2.1898203,2.6005917,10
ENSG00000251247_1,0.4994572,0.0,10
ENSG00000090006_3,2.1107316,2.2282772,10
ENSG00000266976,1.002042,3.8454664,10
ENSG00000160007,2.5254352,2.1907153,10
ENSG00000142235_1,0.773105,0.0,10
ENSG00000011451_1,0.814397,1.188197,10
ENSG00000161652,0.63357747,0.0,10
ENSG00000166770,0.88477755,1.2509809,10
ENSG00000253434,0.034868184,0.0,10
ENSG00000104760_1,0.28713897,0.0,10
ENSG00000124459,1.1748666,1.745395,10
ENSG00000172232,0.18893692,0.9930657,10
ENSG00000267277,2.031094,1.7763379,10
ENSG00000196757,1.9546047,2.175184,10
ENSG00000105697,0.3758147,1.3472481,10
ENSG00000105131_1,0.606637,0.88606185,10
ENSG00000245910_1,1.922362,0.0,10
ENSG00000176406_3,-0.012114905,0.0,10
ENSG00000253363,-0.003938049,1.0167828,10
ENSG00000105671,2.2244704,0.0,10
ENSG00000120784,1.5431906,1.7420571,10
ENSG00000160321,0.7635672,0.0,10
ENSG00000266559,1.8769352,1.3031312,10
ENSG00000104313_3,1.251628,1.292389,10
ENSG00000104522_1,2.1707642,1.3828272,10
ENSG00000079102,0.55837464,0.0,10
ENSG00000124469,-0.016756013,0.0,10
ENSG00000254687,0.02033513,0.0,10
ENSG00000157110_1,-0.05318509,0.0,10
ENSG00000042832_2,-0.018264875,0.0,10
ENSG00000129951,1.8189981,2.0597868,10
ENSG00000141971,1.0150037,2.0204482,10
ENSG00000087076,0.25888428,1.0218918,10
ENSG00000278318,0.3545872,1.1171055,10
ENSG00000105321,2.4297931,2.563595,10
ENSG00000079102_2,0.78142023,0.0,10
ENSG00000132005,2.093259,2.2363155,10
ENSG00000170604,2.2177732,2.123623,10
ENSG00000269825,1.5895258,2.3158193,10
ENSG00000085872,2.155316,1.6957443,10
ENSG00000186806,0.79304755,0.0,10
ENSG00000105576_1,2.1367235,1.3693829,10
ENSG00000187650,2.2179406,0.0,10
ENSG00000213999_1,1.5855778,2.1762216,10
ENSG00000172006,2.1348698,1.6759341,10
ENSG00000130173,0.16685903,1.0141844,10
ENSG00000142530_1,1.7707008,2.563018,10
ENSG00000105088,0.21621397,0.7388915,10
ENSG00000167613_1,0.026107356,0.0,10
ENSG00000130176,0.31076735,0.0,10
ENSG00000147613,0.16866462,0.0,10
ENSG00000105137,1.3677329,1.0606601,10
ENSG00000029534_3,2.407735,3.1413085,10
ENSG00000160439_1,0.2418885,0.0,10
ENSG00000105398,0.012864739,0.0,10
ENSG00000167641,0.53150946,1.1504186,10
ENSG00000083845,1.474445,4.2364216,10
ENSG00000126254,2.1507776,0.0,10
ENSG00000164683,0.037046507,0.0,10
ENSG00000177599,1.0344564,1.0898274,10
ENSG00000253582,0.4132599,0.0,10
ENSG00000034677_1,0.09910853,0.7806917,10
ENSG00000099622_1,2.6478615,3.2405968,10
ENSG00000141934,1.6562332,1.6371093,10
ENSG00000267041,1.8170656,2.1570516,10
ENSG00000158815,0.19065832,1.1777961,10
ENSG00000089847,1.7795506,0.0,10
ENSG00000037757,1.9898164,2.5363715,10
ENSG00000075702,2.4489763,2.2703924,10
ENSG00000142552,1.1246572,0.0,10
ENSG00000176533,1.5392548,1.2627594,10
ENSG00000105366_1,0.2696794,1.2101686,10
ENSG00000170881,2.7611434,2.4022958,10
ENSG00000181035,2.2772915,2.1585674,10
ENSG00000249816_2,0.023216445,0.0,10
ENSG00000164830_2,0.032267645,0.0,10
ENSG00000136574_1,0.50949407,0.0,10
ENSG00000105327,2.1319392,2.5195076,10
ENSG00000169490_1,2.5600169,2.3972306,10
ENSG00000170892_1,2.4815133,0.0,10
ENSG00000172172_1,1.2449821,3.1070504,10
ENSG00000254004,0.66915345,2.0437002,10
ENSG00000289037,1.9378493,1.4065742,10
ENSG00000167600,1.1962336,0.0,10
ENSG00000268536,1.6633137,0.0,10
ENSG00000129932_1,1.8461536,0.0,10
ENSG00000147687,0.6989715,0.0,10
ENSG00000064490_2,0.78421915,0.0,10
ENSG00000248531,0.017371926,0.0,10
ENSG00000152439,0.9174427,0.0,10
ENSG00000079462_1,1.4290568,2.60045,10
ENSG00000197619,1.1011647,1.5736374,10
ENSG00000131115,0.7210369,0.9161907,10
ENSG00000293484,0.3149069,0.0,10
ENSG00000125726,0.12740108,1.6859387,10
ENSG00000076662_1,0.14668682,0.0,10
ENSG00000197256,2.0247178,0.0,10
ENSG00000167476,0.5415188,0.0,10
ENSG00000147606,0.25440297,0.6762728,10
ENSG00000244165,0.09068325,0.0,10
ENSG00000079459,0.5218284,0.98209023,10
ENSG00000102575_1,1.357626,1.2215811,10
ENSG00000131116,2.7983527,2.5443547,10
ENSG00000104218,2.1985714,2.6228604,10
ENSG00000180448_1,1.6983467,1.3212876,10
ENSG00000268889,2.2611768,2.1826172,10
ENSG00000237440,0.65017915,1.2373174,10
ENSG00000269086,1.0267255,1.3693086,10
ENSG00000272138,0.21346107,0.9351847,10
ENSG00000072071,1.68307,1.749226,10
ENSG00000179041,1.7486415,2.7145176,10
ENSG00000263002,0.25943935,1.3969208,10
ENSG00000204604,0.66035414,1.9717999,10
ENSG00000255364,-0.030037828,0.0,10
ENSG00000087903,0.44713414,0.0,10
ENSG00000105722_1,2.002053,0.0,10
ENSG00000142556,1.4626454,1.6188741,10
ENSG00000152475,2.4204373,1.8397859,10
ENSG00000284638,0.49192917,1.4309293,10
ENSG00000172687,1.0059615,2.1483343,10
ENSG00000104848,1.6621718,1.8401752,10
ENSG00000104941,0.49423215,0.0,10
ENSG00000105371,2.151083,2.42734,10
ENSG00000179950,2.263,1.2756798,10
ENSG00000248599,0.58517694,0.0,10
ENSG00000279300,0.0073073506,0.0,10
ENSG00000131400,0.19252819,0.0,10
ENSG00000183665,1.923876,0.0,10
ENSG00000031823,2.537314,2.3675292,10
ENSG00000223547,0.5649562,1.7691557,10
ENSG00000269696,1.1102817,0.7717638,10
ENSG00000253696,0.036171556,1.0788192,10
ENSG00000167910,-0.01718036,0.0,10
ENSG00000003987,1.3708447,1.0629954,10
ENSG00000105559,0.6934587,1.7790262,10
ENSG00000105609,0.32234055,0.0,10
ENSG00000104356,2.0804975,0.0,10
ENSG00000136982,2.0443842,2.53794,10
ENSG00000167749,0.18967938,1.2357304,10
ENSG00000104833_1,0.89432204,1.8455136,10
ENSG00000155096,2.4513755,3.3675628,10
ENSG00000164754,2.2736948,1.5555055,10
ENSG00000269858,2.6086607,2.5179503,10
ENSG00000142512,0.28213406,0.0,10
ENSG00000258405_1,0.25338197,0.0,10
ENSG00000080573,0.73952234,0.0,10
ENSG00000125656,2.1378517,2.5974758,10
ENSG00000205784,0.08540041,0.0,10
ENSG00000158856_6,1.6644281,1.6674529,10
ENSG00000120896_1,1.2242762,0.0,10
ENSG00000141837_3,0.3748791,0.0,10
ENSG00000170956_1,-0.01116208,0.0,10
ENSG00000253339,0.034337725,0.0,10
ENSG00000127511,0.6392211,2.5292764,10
ENSG00000177045,1.4664778,1.9024924,10
ENSG00000156413_1,0.2728355,0.0,10
ENSG00000267454,1.9254059,0.0,10
ENSG00000066855_1,-0.037444115,0.0,10
ENSG00000236827,1.3075745,2.0463624,10
ENSG00000216490,0.05229338,0.0,10
ENSG00000077009,0.33297485,0.0,10
ENSG00000275591,0.78159773,0.0,10
ENSG00000154188,-0.030094884,1.0919482,10
ENSG00000178814,2.3990338,0.0,10
ENSG00000253679,0.10595088,0.0,10
ENSG00000186567_1,0.07680364,1.0876039,10
ENSG00000164893,0.0021875277,0.0,10
ENSG00000164830_1,0.01766982,0.0,10
ENSG00000105221_1,0.1341607,0.0,10
ENSG00000130844,0.99023557,1.3135508,10
ENSG00000124302,1.6150005,1.6570559,10
ENSG00000169139,2.3806252,3.2183228,10
ENSG00000240247,-0.0062364377,0.0,10
ENSG00000266904,1.7919253,1.3519123,10
ENSG00000130159,1.2381765,2.5610359,10
ENSG00000183207,2.0724747,3.0156028,10
ENSG00000253893_1,0.4622101,0.0,10
ENSG00000253557,-0.028399795,0.7138264,10
ENSG00000167685_1,0.61225116,0.0,10
ENSG00000125746_3,0.9059292,0.0,10
ENSG00000197363,2.3678777,1.4732095,10
ENSG00000104381,0.59255004,0.0,10
ENSG00000011451_2,1.7718664,1.7696136,10
ENSG00000253702,0.20957801,0.0,10
ENSG00000120896_6,1.752455,1.8771293,10
ENSG00000132554,0.20696834,0.0,10
ENSG00000137574,2.510504,0.0,10
ENSG00000179913,0.67675674,1.4741142,10
ENSG00000039650_3,0.7121215,1.8816642,10
ENSG00000087086,1.0370804,4.520925,10
ENSG00000261787,1.1062592,1.5036137,10
ENSG00000011132,0.8112309,1.9593754,10
ENSG00000141994,2.3900442,2.5309114,10
ENSG00000164741_2,-0.032388806,0.0,10
ENSG00000279619,0.32008943,0.0,10
ENSG00000130164,2.1341898,2.8634543,10
ENSG00000254349,0.0014797375,0.0,10
ENSG00000164933,2.4673765,2.4889016,10
ENSG00000147471,1.9252526,0.0,10
ENSG00000104960_2,2.4521773,2.4747756,10
ENSG00000076928_1,2.1203663,1.567224,10
ENSG00000105278,1.1201738,1.467904,10
ENSG00000142252,2.0368588,2.3164506,10
ENSG00000074842,1.7442094,3.0463703,10
ENSG00000184672_1,0.957343,1.7031968,10
ENSG00000063241,2.36112,2.9514444,10
ENSG00000060566_1,0.293179,0.0,10
ENSG00000247081,1.4634691,0.0,10
ENSG00000214046,2.2528126,2.8549445,10
ENSG00000267519,2.1153104,1.8760619,10
ENSG00000213023_1,1.3598512,2.0342193,10
ENSG00000253138_1,-0.016813338,0.0,10
ENSG00000198046,1.423612,1.4358444,10
ENSG00000185000,2.3984342,2.4920757,10
ENSG00000269243,0.031213067,0.0,10
ENSG00000160013,0.33301017,0.0,10
ENSG00000160396,0.1713322,0.99033886,10
ENSG00000070756_4,2.3869336,1.7759743,10
ENSG00000141933,2.7551281,2.3038352,10
ENSG00000147437,0.027714703,0.0,10
ENSG00000108107,1.7857714,4.606044,10
ENSG00000157110,1.323522,1.4660368,10
ENSG00000104998,2.0838041,2.3618412,10
ENSG00000283959_1,1.0259465,0.0,10
ENSG00000179698_1,1.6589288,1.8549737,10
ENSG00000147654,2.3257575,2.4074419,10
ENSG00000176797,-0.019020706,0.0,10
ENSG00000161016_1,2.343849,4.086869,10
ENSG00000168484,0.10010257,0.0,10
ENSG00000042753_2,1.8667387,2.9486756,10
ENSG00000188039_1,0.39176652,0.9129656,10
ENSG00000121410,1.1482195,0.0,10
ENSG00000164924_5,1.210658,3.011769,10
ENSG00000078668,2.4045377,2.9121492,10
ENSG00000147434_1,-0.02331385,0.0,10
ENSG00000077782_2,1.6464399,1.5578078,10
ENSG00000104522,2.3708556,2.5580988,10
ENSG00000104859_1,1.4092314,0.0,10
ENSG00000197540,0.93462944,0.0,10
ENSG00000123136,2.4204082,0.0,10
ENSG00000266964,0.34085077,1.0441476,10
ENSG00000198093,0.420059,2.2519057,10
ENSG00000247317,1.7082363,1.5303278,10
ENSG00000129437,0.13363396,0.0,10
ENSG00000204949,0.029955603,0.0,10
ENSG00000176396,1.8238041,2.1276522,10
ENSG00000007080,2.3276148,2.8047647,10
ENSG00000275074,2.382248,2.1871257,10
ENSG00000087903_2,2.2857234,1.9835767,10
ENSG00000269091,0.48327994,0.0,10
ENSG00000199631,0.32353926,1.7745899,10
ENSG00000167595,1.5533451,2.219739,10
ENSG00000169035_1,0.52828676,0.7761925,10
ENSG00000090006_5,1.6339605,2.32176,10
ENSG00000156172,2.0985765,1.6201569,10
ENSG00000078674,2.6811817,3.077597,10
ENSG00000147689,0.28746676,0.0,10
ENSG00000105443_1,2.6090448,2.5006247,10
ENSG00000198453_2,0.36276078,1.221675,10
ENSG00000105289_1,0.30221927,0.6927941,10
ENSG00000169946,1.5641552,2.8680093,10
ENSG00000105483_2,0.68442035,0.0,10
ENSG00000104213,0.46435818,1.2263678,10
ENSG00000253196,0.056770828,0.7189996,10
ENSG00000099785,1.8019375,0.0,10
ENSG00000105193,2.2331889,4.089177,10
ENSG00000105202_1,0.72635007,1.2247609,10
ENSG00000197265,2.3415868,1.7192069,10
ENSG00000104695,1.8298517,2.084873,10
ENSG00000104938,0.12504421,0.0,10
ENSG00000228887,0.22117613,2.3373435,10
ENSG00000095932,0.42191634,0.0,10
ENSG00000161640,0.24830064,1.2812834,10
ENSG00000134815,2.3594978,2.295224,10
ENSG00000249859_8,1.3674136,2.6985703,10
ENSG00000186017,2.0539575,1.7202834,10
ENSG00000168081_2,0.047421657,0.0,10
ENSG00000177257,0.026006145,0.0,10
ENSG00000169169,0.29049596,0.0,10
ENSG00000179751,0.996825,1.201943,10
ENSG00000185803,1.3982168,0.0,10
ENSG00000011451,2.0580466,2.738265,10
ENSG00000283567,0.37843356,0.0,10
ENSG00000171747,0.41338947,0.0,10
ENSG00000130208_3,1.0966614,1.2118678,10
ENSG00000130433,0.689901,1.227938,10
ENSG00000154359,1.9636184,1.948413,10
ENSG00000160392,2.2976391,2.0142937,10
ENSG00000012232,1.8023003,0.0,10
ENSG00000032444,0.36266765,0.0,10
ENSG00000126247_3,0.78841555,0.0,10
ENSG00000104728,1.7604172,1.8010949,10
ENSG00000161281,0.18098147,0.0,10
ENSG00000142025,0.5592327,1.0675915,10
ENSG00000105053_1,1.671851,2.5155137,10
ENSG00000121410_1,0.15058415,0.7894397,10
ENSG00000104921,0.20689994,0.0,10
ENSG00000155897,1.0010946,1.6239725,10
ENSG00000175305_1,1.9534292,1.7140446,10
ENSG00000126583,0.3371865,0.0,10
ENSG00000105397_1,0.9347191,0.0,10
ENSG00000173273,2.1946585,2.198184,10
ENSG00000096996_1,0.5144089,0.0,10
ENSG00000125503,2.4942744,2.382971,10
ENSG00000233493,2.15657,2.0922644,10
ENSG00000008853,0.05884341,0.0,10
ENSG00000271171,0.84330165,1.0268927,10
ENSG00000051128_1,0.2753179,0.0,10
ENSG00000130669_1,0.41676584,0.6706354,10
ENSG00000202360,0.711938,0.0,10
ENSG00000136999,0.48153904,1.3484023,10
ENSG00000253944,1.6055933,1.5938175,10
ENSG00000290829,0.9735826,0.0,10
ENSG00000160472,0.18895052,0.0,10
ENSG00000105576_3,0.42271048,0.0,10
ENSG00000156006,-0.04554756,0.0,10
ENSG00000104960_1,2.5056272,2.9233165,10
ENSG00000104964_1,1.9615793,2.9096951,10
ENSG00000079462,2.2308905,2.2744582,10
ENSG00000171574,2.1535668,1.6516656,10
ENSG00000177669,0.07230282,0.0,10
ENSG00000169427_1,1.4517796,1.5621024,10
ENSG00000269043,0.16164213,1.1933361,10
ENSG00000105549,0.074129246,1.1934586,10
ENSG00000198791,1.740205,0.99576676,10
ENSG00000129422_1,0.024051618,0.0,10
ENSG00000136960,-0.03742685,0.0,10
ENSG00000141873,2.1541617,2.567283,10
ENSG00000105707,0.33409148,1.261358,10
ENSG00000181392,0.0206283,0.0,10
ENSG00000132026_1,0.51073766,1.0919833,10
ENSG00000124299,1.4341644,2.058741,10
ENSG00000066855,2.2986166,0.0,10
ENSG00000105568,2.7346609,3.0012143,10
ENSG00000176956,1.4851536,1.2084951,10
ENSG00000250571,2.2893918,2.1471908,10
ENSG00000258405,0.18573847,1.1579702,10
ENSG00000089847_1,1.3885248,0.0,10
ENSG00000087074,2.5649135,3.1128328,10
ENSG00000186579,-0.04518093,0.0,10
ENSG00000064313,0.79885185,2.774514,10
ENSG00000099817,2.2534888,2.9588118,10
ENSG00000130204,2.6271527,2.98219,10
ENSG00000130751,0.7427968,1.6104791,10
ENSG00000253507,-0.06241987,0.0,10
ENSG00000160229,0.49122185,0.0,10
ENSG00000095066_2,2.207581,1.6098717,10
ENSG00000099797_2,0.23879717,1.2069337,10
ENSG00000167642,1.529753,1.5525173,10
ENSG00000248538_1,0.04191534,0.0,10
ENSG00000118160,1.0602139,1.1813576,10
ENSG00000120885,0.073705345,0.0,10
ENSG00000032444_1,0.29693767,0.0,10
ENSG00000127533,1.8727711,2.082674,10
ENSG00000181786,0.41234872,0.0,10
ENSG00000254777_2,0.7299092,0.0,10
ENSG00000253972,-0.08501808,0.0,10
ENSG00000204653,0.2866167,1.0897921,10
ENSG00000167460_2,2.2484024,2.9845092,10
ENSG00000105204_1,1.3191769,0.0,10
ENSG00000099622,1.9512935,1.2464001,10
ENSG00000104881,0.8653425,0.0,10
ENSG00000130270,2.3463793,2.1498747,10
ENSG00000221803,0.48266336,0.8825815,10
ENSG00000170631,1.6224107,1.6493251,10
ENSG00000171903_1,0.04914774,0.0,10
ENSG00000104412,1.7471427,2.7479157,10
ENSG00000147457_1,2.3890054,1.8968238,10
ENSG00000062370,0.3666869,1.2554896,10
ENSG00000253154,0.10527517,0.0,10
ENSG00000121022_2,0.00017377362,0.0,10
ENSG00000182393,0.14411494,0.99572295,10
ENSG00000229140_3,0.66689456,3.232902,10
ENSG00000269343,2.0775886,2.5556602,10
ENSG00000130475,1.9862773,1.7042706,10
ENSG00000012061_3,2.3619802,1.5708463,10
ENSG00000253893_2,0.39909676,0.0,10
ENSG00000167491_2,0.19301343,0.0,10
ENSG00000132561_1,0.00836087,0.0,10
ENSG00000176619,0.29741472,0.0,10
ENSG00000185189,2.0199418,2.1459293,10
ENSG00000267191,0.54933393,1.3671695,10
ENSG00000176293,1.183905,1.1848617,10
ENSG00000105143_1,1.500935,1.6902758,10
ENSG00000198846,1.0635735,1.0629579,10
ENSG00000011485,2.4311988,2.5258362,10
ENSG00000133265_1,1.9067146,0.0,10
ENSG00000178209_3,2.0838923,0.0,10
ENSG00000178531,1.7188035,2.5559742,10
ENSG00000120913_3,0.18922967,0.85368603,10
ENSG00000008513_2,1.4449874,1.2167516,10
ENSG00000076641,1.559187,1.8641549,10
ENSG00000105366,0.10681364,0.0,10
ENSG00000171469,1.9759101,0.0,10
ENSG00000105393,1.121176,2.9569087,10
ENSG00000288596,1.6032759,0.0,10
ENSG00000099866_1,1.0760207,0.0,10
ENSG00000167646_1,1.2935745,1.1706723,10
ENSG00000196605,2.3052938,1.5778937,10
ENSG00000105486,2.4921916,2.8740687,10
ENSG00000156787,2.1297238,0.0,10
ENSG00000284268,2.0565403,3.3535547,10
ENSG00000268038,0.41960713,0.0,10
ENSG00000196081,0.7831911,1.8641561,10
ENSG00000197446,0.10524653,0.0,10
ENSG00000169085,0.10476037,0.0,10
ENSG00000189430,0.45011225,1.3003346,10
ENSG00000104756,1.7797397,2.2761261,10
ENSG00000064687,2.1223269,0.0,10
ENSG00000184162,1.6946073,1.951954,10
ENSG00000104671,1.9906622,2.6832461,10
ENSG00000120992,2.4605224,2.4379566,10
ENSG00000198342,1.8937768,1.7217612,10
ENSG00000186818,0.16259858,0.0,10
ENSG00000188033,2.157336,1.8724942,10
ENSG00000141905_2,2.1055565,2.632772,10
ENSG00000133246,0.20513609,0.0,10
ENSG00000153317_1,1.5503539,1.7317579,10
ENSG00000147804,1.9536629,3.4156528,10
ENSG00000104524_1,2.489817,2.1939702,10
ENSG00000126453,2.0685704,2.9456851,10
ENSG00000177191,0.42894316,0.0,10
ENSG00000105443,2.4886014,2.6241965,10
ENSG00000184661,2.582267,2.648354,10
ENSG00000104936_1,0.36898252,1.0392792,10
ENSG00000172081_1,2.3313155,2.1099293,10
ENSG00000267605,0.5415903,0.0,10
ENSG00000156162,2.363438,2.0963538,10
ENSG00000011243_1,2.3904762,2.9125392,10
ENSG00000182318,2.2030277,2.3183346,10
ENSG00000199985,-0.06055183,0.0,10
ENSG00000253230_1,0.2513382,0.0,10
ENSG00000170889_1,2.4418519,2.179207,10
ENSG00000118046,2.3345144,2.3606691,10
ENSG00000038945_2,-0.039353818,0.0,10
ENSG00000179168,0.6847919,1.0392158,10
ENSG00000181135,0.42541054,1.9450647,10
ENSG00000291177,1.5948576,1.8256338,10
ENSG00000268964,0.03821753,0.0,10
ENSG00000130811,1.1931992,3.3991215,10
ENSG00000089351,0.261637,0.0,10
ENSG00000171044,1.5960487,1.9233528,10
ENSG00000099326_1,2.638842,2.4213243,10
ENSG00000164749,-0.053509556,0.0,10
ENSG00000142528,1.0522503,0.0,10
ENSG00000104765,2.1870842,3.2895734,10
ENSG00000253926,0.16274914,0.0,10
ENSG00000213339,0.89553154,0.0,10
ENSG00000105641_1,0.13950022,0.8227041,10
ENSG00000047249,2.1203377,2.299128,10
ENSG00000104537,0.022389665,1.0919622,10
ENSG00000130311,2.0912044,2.877316,10
ENSG00000158856_5,0.51413774,1.2814243,10
ENSG00000124440_1,0.13113748,0.0,10
ENSG00000176909_1,0.15912126,0.0,10
ENSG00000141971_2,2.30356,2.2080784,10
ENSG00000249859_2,0.11127566,0.0,10
ENSG00000063176,2.4355175,1.5442418,10
ENSG00000267254,0.36030602,0.99033886,10
ENSG00000108106,2.7008092,3.4600494,10
ENSG00000010361,1.2576753,0.0,10
ENSG00000090659,0.010364313,0.0,10
ENSG00000105258,1.8781875,2.4817364,10
ENSG00000168495,2.2745636,2.7791562,10
ENSG00000253123,0.014449805,0.0,10
ENSG00000040341,-0.0036698394,0.0,10
ENSG00000077782_1,0.67319775,1.3806344,10
ENSG00000225975,1.650461,1.6322143,10
ENSG00000167613,0.26137814,0.8719814,10
ENSG00000099331,2.38391,2.4677162,10
ENSG00000126457_1,2.7057579,2.420182,10
ENSG00000176024,1.2744399,0.0,10
ENSG00000205922,1.5540899,2.1186285,10
ENSG00000267606,0.9696208,1.2357304,10
ENSG00000253729_1,0.009470567,0.0,10
ENSG00000123815,0.59813535,0.0,10
ENSG00000132010,0.7180617,1.5487701,10
ENSG00000197054,0.46034548,1.2785935,10
ENSG00000196705,1.9718755,2.8894002,10
ENSG00000147676,1.413005,1.9974606,10
ENSG00000197863_1,0.3997873,1.4614835,10
ENSG00000170949,1.9158428,2.6463625,10
ENSG00000090971,1.8567238,0.0,10
ENSG00000241852,1.5474005,1.5952051,10
ENSG00000134014_1,0.9979781,0.0,10
ENSG00000181588,1.8726232,2.1394067,10
ENSG00000184672,0.28254908,0.0,10
ENSG00000185198,0.56695867,0.9707652,10
ENSG00000088038,2.5400462,2.7145143,10
ENSG00000177025,-0.026398472,0.0,10
ENSG00000245680,0.27887875,0.0,10
ENSG00000130529,1.1471878,2.25747,10
ENSG00000079112,-0.018407047,0.0,10
ENSG00000147408,0.15418723,0.0,10
ENSG00000268061,2.212394,0.0,10
ENSG00000171049,-0.017669536,0.0,10
ENSG00000175691,2.3195584,2.0766478,10
ENSG00000233527,0.8425664,2.4423873,10
ENSG00000164924_3,2.5320911,2.3045766,10
ENSG00000125730,0.021588359,0.0,10
ENSG00000105202_2,0.21907362,2.0554166,10
ENSG00000154589,0.009036068,0.0,10
ENSG00000123159,2.0993674,0.0,10
ENSG00000169427,0.051323004,0.0,10
ENSG00000130518,0.09881225,0.0,10
ENSG00000198791_1,2.3650773,2.8967025,10
ENSG00000245848,1.7662002,1.4209454,10
ENSG00000020181,1.6863841,1.6881261,10
ENSG00000283674,1.362533,0.8536739,10
ENSG00000040341_2,1.5724708,1.701067,10
ENSG00000120526,2.1091545,2.7589383,10
ENSG00000167766,1.9657761,0.0,10
ENSG00000176619_1,2.1332538,2.7680607,10
ENSG00000105352,0.008341346,0.0,10
ENSG00000131401,0.17771259,0.0,10
ENSG00000105497,0.71144533,0.0,10
ENSG00000011590_1,0.10735225,0.0,10
ENSG00000090554,0.5926498,1.5547677,10
ENSG00000128016,1.7868289,2.8204129,10
ENSG00000153310,2.4494894,2.6264205,10
ENSG00000130377,0.16049847,0.0,10
ENSG00000160460_2,1.2960757,0.0,10
ENSG00000292979,2.5574965,2.440295,10
ENSG00000152454,0.86066914,1.4299299,10
ENSG00000130513_2,1.9424232,3.067874,10
ENSG00000105186,2.3228614,2.4880145,10
ENSG00000104331,1.6884036,2.622412,10
ENSG00000147596,0.7679646,1.0010843,10
ENSG00000156011,0.039886404,0.0,10
ENSG00000104221,0.7764317,0.0,10
ENSG00000287296,1.7010409,0.0,10
ENSG00000225950,0.21517992,0.0,10
ENSG00000008382,2.3355095,2.042969,10
ENSG00000141837_2,1.2581695,1.7563089,10
ENSG00000188493,1.6835275,2.6430478,10
ENSG00000183309,2.354779,2.0721064,10
ENSG00000104341,2.2171834,3.2932696,10
ENSG00000105397,1.0364687,0.0,10
ENSG00000105281,0.7902168,0.0,10
ENSG00000160949,2.2405474,2.2716768,10
ENSG00000249859_7,0.7890028,3.2635982,10
ENSG00000158941_1,2.2413404,1.9920762,10
ENSG00000275901,0.030388225,0.0,10
ENSG00000275183,1.5776774,1.5334543,10
ENSG00000167772,1.257835,1.6638893,10
ENSG00000253138,-0.013709303,0.0,10
ENSG00000127452,2.327843,2.5355978,10
ENSG00000164741_3,-0.06615913,0.0,10
ENSG00000167755,0.119775675,0.0,10
ENSG00000132002_1,1.8401891,0.0,10
ENSG00000164794,0.25708893,0.0,10
ENSG00000198816,1.7892783,1.7130703,10
ENSG00000267308,0.13619141,0.0,10
ENSG00000105341_1,1.783851,2.4601352,10
ENSG00000105642_1,0.6951885,1.4968743,10
ENSG00000268895,1.3489782,0.0,10
ENSG00000147364,1.6036669,1.9173027,10
ENSG00000253678,0.024987835,0.0,10
ENSG00000290933,-0.0145264305,0.7979596,10
ENSG00000196214_1,0.029114235,0.0,10
ENSG00000105479_1,2.466749,1.5708463,10
ENSG00000267265,0.42568862,0.0,10
ENSG00000105289,0.38854405,0.698118,10
ENSG00000156831,2.0344858,0.0,10
ENSG00000197892_1,2.0480068,2.0680485,10
ENSG00000185761,1.8470069,0.0,10
ENSG00000105676_1,2.0485234,0.0,10
ENSG00000198003,0.4905374,0.0,10
ENSG00000178814_1,0.26734146,1.5488192,10
ENSG00000167460_4,0.09566635,0.0,10
ENSG00000167641_1,2.0398521,2.3222978,10
ENSG00000038945_1,-0.028153874,0.0,10
ENSG00000105323,0.404709,0.0,10
ENSG00000104361,1.3969928,1.2494918,10
ENSG00000179091,2.3731127,3.1364574,10
ENSG00000293380,0.34875363,1.995328,10
ENSG00000254377_4,0.39344928,0.9984337,10
ENSG00000105552,1.8170177,0.0,10
ENSG00000253553,1.207493,0.0,10
ENSG00000196967,0.14530346,0.0,10
ENSG00000204611,1.2488502,0.0,10
ENSG00000261824,0.60834944,1.9885455,10
ENSG00000104635,1.9573394,2.1771438,10
ENSG00000099797_1,0.4984348,0.0,10
ENSG00000196961,2.1440382,3.131269,10
ENSG00000079313,0.5737941,1.2182571,10
ENSG00000198129,-0.027767114,0.0,10
ENSG00000248538_3,0.07843393,0.0,10
ENSG00000253764,0.42844868,1.2799634,10
ENSG00000181240,0.21041512,0.0,10
ENSG00000267213,2.4851851,1.7004892,10
ENSG00000234616_1,0.45258525,0.8345987,10
ENSG00000130255,2.4095151,3.7983716,10
ENSG00000172167,1.7527806,0.0,10
ENSG00000167604_1,0.52651644,1.399137,10
ENSG00000185697,2.207027,1.3851414,10
ENSG00000147647,0.7838216,1.258302,10
ENSG00000160948,0.2894836,0.0,10
ENSG00000104450_1,0.6574049,0.0,10
ENSG00000147526_1,1.275634,0.0,10
ENSG00000167491_1,2.444826,2.556692,10
ENSG00000285982,0.5464655,0.0,10
ENSG00000226763,0.45019868,0.0,10
ENSG00000186026,0.34262595,0.9503843,10
ENSG00000170873_1,1.4245834,0.0,10
ENSG00000042753_1,0.61979246,1.2626978,10
ENSG00000181690,1.9434787,1.7342156,10
ENSG00000232677,0.1890403,1.5842408,10
ENSG00000284505,0.22170329,0.0,10
ENSG00000229676,0.8407415,1.3949068,10
ENSG00000183779,1.7076644,1.7424895,10
ENSG00000188766,0.21117342,1.2248437,10
ENSG00000105058,1.8135414,2.924624,10
ENSG00000269404,0.18267217,0.0,10
ENSG00000172728,-0.0120396465,0.0,10
ENSG00000176840,0.13142696,0.0,10
ENSG00000198258,1.036501,3.073205,10
ENSG00000121297,1.5334427,1.7385428,10
ENSG00000105467,2.4311628,0.0,10
ENSG00000118162,2.0050905,1.7750932,10
ENSG00000168672,0.2302055,0.0,10
ENSG00000167815,0.34471548,0.0,10
ENSG00000179873,0.027779097,0.0,10
ENSG00000196684,0.17033222,0.0,10
ENSG00000267107_1,0.0065799877,0.0,10
ENSG00000181085,1.3691368,1.1670455,10
ENSG00000104518,0.7492775,0.0,10
ENSG00000157168_3,0.57304406,0.0,10
ENSG00000147804_1,0.70711815,1.2757028,10
ENSG00000213904_1,0.65612984,1.1578797,10
ENSG00000251247,0.570145,0.0,10
ENSG00000253877_1,-0.012668163,0.0,10
ENSG00000269058,1.9088454,0.0,10
ENSG00000180543,1.385239,0.0,10
ENSG00000245149,2.8247364,2.0821712,10
ENSG00000182013,1.2451657,2.2071009,10
ENSG00000131398,2.1550725,1.0011103,10
ENSG00000254367,0.103116766,0.0,10
ENSG00000088247,0.880579,0.0,10
ENSG00000105559_1,0.9276756,0.0,10
ENSG00000131849,0.55355287,1.076604,10
ENSG00000164830_4,0.1271275,0.0,10
ENSG00000167634,0.08836948,0.0,10
ENSG00000261824_1,2.0520346,2.4662447,10
ENSG00000076554,-0.031442285,0.0,10
ENSG00000233527_1,2.1660018,2.1364129,10
ENSG00000104205_1,1.8610575,1.8069528,10
ENSG00000187840,2.2606213,2.9966652,10
ENSG00000178904_1,2.1391943,1.8590181,10
ENSG00000261667,0.27628663,0.7761925,10
ENSG00000120963,2.532018,3.1611884,10
ENSG00000171954,1.020738,1.6026025,10
ENSG00000248538_2,0.17648694,0.0,10
ENSG00000197372,0.96696115,0.0,10
ENSG00000198131,2.1767147,2.3507614,10
ENSG00000147604,0.85584927,0.0,10
ENSG00000070756_1,-0.028687261,0.0,10
ENSG00000123143_2,0.3631998,1.8893017,10
ENSG00000141858,1.8393868,2.6429095,10
ENSG00000125755,2.231078,2.6388047,10
ENSG00000120913_2,0.17706174,0.8536982,10
ENSG00000284491,2.0088637,0.0,10
ENSG00000290859,0.18046886,1.6051973,10
ENSG00000168575_4,2.1369731,2.8299851,10
ENSG00000197360,0.28984952,0.0,10
ENSG00000183154,0.5008491,0.0,10
ENSG00000104853_1,2.5431597,0.0,10
ENSG00000104880,0.36224884,0.0,10
ENSG00000076984,2.64127,2.6723657,10
ENSG00000137573_3,-0.035621986,0.0,10
ENSG00000153896,0.93139184,1.449355,10
ENSG00000185869,0.3020164,0.0,10
ENSG00000167664,0.14915209,0.0,10
ENSG00000181781,0.23620383,0.0,10
ENSG00000104490_1,1.2446154,1.295039,10
ENSG00000160957,2.2659886,0.0,10
ENSG00000006638,1.9258966,2.7968516,10
ENSG00000269858_2,0.46401465,0.7034633,10
ENSG00000125657,2.4991257,2.659552,10
ENSG00000129347,2.117923,2.6584132,10
ENSG00000156675,2.3927352,2.7028103,10
ENSG00000167468,2.449403,3.708313,10
ENSG00000125746,1.9314693,0.0,10
ENSG00000166289,2.111257,1.528724,10
ENSG00000105221,0.38167226,0.0,10
ENSG00000142235,1.2552215,0.0,10
ENSG00000198551_1,1.4874798,2.1178975,10
ENSG00000137558,-0.040772215,0.0,10
ENSG00000105402_2,2.5505106,2.7284513,10
ENSG00000176182,1.5785561,0.0,10
ENSG00000125741,2.4688518,2.4030535,10
ENSG00000167637,0.58948624,2.1013725,10
ENSG00000039650_1,2.1458416,1.8560458,10
ENSG00000165046_2,1.2228807,0.0,10
ENSG00000104812,1.876701,2.248699,10
ENSG00000125734,2.3216612,0.0,10
ENSG00000198453,0.23226228,0.0,10
ENSG00000105499,0.7269125,1.2434349,10
ENSG00000105643,2.2339823,2.1244717,10
ENSG00000196109,0.28240943,1.3161381,10
ENSG00000239382,0.7932391,0.0,10
ENSG00000105695,0.66934526,0.0,10
ENSG00000129990_1,1.0519062,1.0854332,10
ENSG00000105717,1.2450744,1.4269015,10
ENSG00000174886,2.5025542,3.4022167,10
ENSG00000167459,0.055069454,0.0,10
ENSG00000104613,2.3116646,2.7086673,10
ENSG00000291049,1.7009333,1.4530277,10
ENSG00000261437,0.41511914,1.2539434,10
ENSG00000126461,2.6670933,2.4892101,10
ENSG00000253301,0.94326675,1.6924503,10
ENSG00000104524,0.20114304,0.99840754,10
ENSG00000105011,2.5496614,2.7731872,10
ENSG00000133243_1,0.7770091,0.0,10
ENSG00000070404,1.1659815,1.5577838,10
ENSG00000212473,0.0046766773,0.0,10
ENSG00000089351_3,0.7035551,1.5246531,10
ENSG00000104936,1.1434283,1.2371917,10
ENSG00000152433,1.2629286,0.0,10
ENSG00000167632,0.35217932,0.8461391,10
ENSG00000253773,2.1329489,1.6195108,10
ENSG00000147677,0.46075502,0.0,10
ENSG00000099330,2.1662633,2.3304646,10
ENSG00000019549,0.7464098,0.0,10
ENSG00000105568_1,0.4230998,1.1523495,10
ENSG00000167658,0.3478985,2.3004215,10
ENSG00000171817_1,1.0297832,0.0,10
ENSG00000229140,-0.023304805,0.0,10
ENSG00000267339,0.17803308,0.0,10
ENSG00000188032,0.98532844,1.0810591,10
ENSG00000189042,1.8232434,0.0,10
ENSG00000129991,1.1819985,0.0,10
ENSG00000174898,2.180752,1.1211658,10
ENSG00000186583,0.21145922,0.0,10
ENSG00000275342,1.3117802,1.2569342,10
ENSG00000129422_4,-0.027609557,0.0,10
ENSG00000105290,1.5230848,2.0835528,10
ENSG00000007047,1.5941159,2.231574,10
ENSG00000105705,2.114967,2.1459978,10
ENSG00000129933,2.588507,2.5159798,10
ENSG00000142230,2.4336689,2.9014502,10
ENSG00000286122,0.25873265,1.5502284,10
ENSG00000161671,2.146022,2.5120704,10
ENSG00000167653_1,0.17502533,0.0,10
ENSG00000105610,0.57014847,0.0,10
ENSG00000105202,0.019671004,0.0,10
ENSG00000120925_1,2.0856278,2.5237205,10
ENSG00000153902,0.3452658,1.0984014,10
ENSG00000254618,0.051441945,0.0,10
ENSG00000178935,1.0112177,1.8530896,10
ENSG00000286798,-0.0018712804,0.0,10
ENSG00000083307,0.36773562,0.0,10
ENSG00000129455_2,0.16240682,0.98209023,10
ENSG00000160972,2.2356455,2.1476083,10
ENSG00000104885,2.4559526,2.8980722,10
ENSG00000168490,0.7807765,1.3423042,10
ENSG00000105374,0.21732755,0.79367864,10
ENSG00000176907,-0.020805456,0.0,10
ENSG00000286010,0.08601196,0.88601667,10
ENSG00000179526_2,1.1132547,0.0,10
ENSG00000105514,0.9930464,0.0,10
ENSG00000083817,1.3542548,0.0,10
ENSG00000130544,2.0976605,1.9227307,10
ENSG00000164932,1.5795323,1.9885367,10
ENSG00000207110,0.09979255,0.0,10
ENSG00000250067,1.111533,1.1271696,10
ENSG00000187187,1.9567364,1.549506,10
ENSG00000267348,1.4940187,1.2167463,10
ENSG00000127507_1,0.24935243,1.380591,10
ENSG00000141905_1,2.2977583,2.6666424,10
ENSG00000156466,1.5689529,1.4968494,10
ENSG00000167755_2,0.2678486,1.1426772,10
ENSG00000173137,2.0710404,0.0,10
ENSG00000105329,2.2106974,2.427989,10
ENSG00000197050,1.6620067,0.0,10
ENSG00000147606_1,-0.029860564,0.0,10
ENSG00000283103,2.1733322,0.0,10
ENSG00000104825,2.2018669,2.3464625,10
ENSG00000157110_2,-0.009309065,1.2785021,10
ENSG00000172748,2.4557753,1.9596461,10
ENSG00000159917,1.5510299,1.414706,10
ENSG00000130312_1,2.234798,2.8763564,10
ENSG00000171017,1.2308179,0.0,10
ENSG00000186300,2.194884,2.1392493,10
ENSG00000155926_2,0.1716846,0.0,10
ENSG00000197134,0.5674882,2.4884267,10
ENSG00000039987,0.10054068,0.0,10
ENSG00000104312,2.306772,2.4557886,10
ENSG00000164823_1,2.2823403,2.6211348,10
ENSG00000167759,0.67332065,1.4033779,10
ENSG00000197961,1.1883317,0.0,10
ENSG00000269054,2.5415823,1.6714228,10
ENSG00000179262,2.3832715,3.4390879,10
ENSG00000254377_2,0.47788957,0.0,10
ENSG00000197863,0.66498387,1.2464739,10
ENSG00000168813,1.8070663,2.322736,10
ENSG00000170786,1.0487641,1.1900514,10
ENSG00000105507,0.044107188,0.7340153,10
ENSG00000104856,1.5175234,1.4951557,10
ENSG00000267858_1,2.3137822,2.0939817,10
ENSG00000158806,0.48103663,1.5985826,10
ENSG00000124466,0.23866045,1.4668676,10
ENSG00000185015_1,1.7476238,2.301811,10
ENSG00000039650_2,1.6355277,2.251648,10
ENSG00000036565,0.0038446262,0.0,10
ENSG00000134020,0.04623619,0.0,10
ENSG00000164751,1.8556129,0.0,10
ENSG00000171124,0.09430431,0.0,10
ENSG00000197928,0.6389917,0.0,10
ENSG00000079459_1,2.3204527,3.7850757,10
ENSG00000126267,1.3372828,3.786069,10
ENSG00000178685,0.2161794,0.0,10
ENSG00000164796,0.023641147,0.0,10
ENSG00000105618_1,0.21026808,0.0,10
ENSG00000131142_2,0.23917423,0.0,10
ENSG00000137547,0.7068325,0.0,10
ENSG00000042753,0.7665703,0.0,10
ENSG00000023287,2.3764143,2.5240078,10
ENSG00000104497,2.2393796,1.6831372,10
ENSG00000089639,0.61924803,0.0,10
ENSG00000104755,-0.03660904,0.0,10
ENSG00000142065,1.307321,0.0,10
ENSG00000157168_1,1.5170386,1.6748612,10
ENSG00000249859_3,0.13817337,0.0,10
ENSG00000198356,1.8608297,0.0,10
ENSG00000171804,1.3209318,0.0,10
ENSG00000077312,2.767638,3.673161,10
ENSG00000161681,1.1810554,1.7420099,10
ENSG00000053501,2.298061,2.366983,10
ENSG00000204673,2.348167,2.4625506,10
ENSG00000268480_1,0.036065746,1.3749682,10
ENSG00000104375,2.3775632,2.1084974,10
ENSG00000022567,1.9788326,2.5402806,10
ENSG00000213799,0.5460098,0.0,10
ENSG00000254288,0.04841528,0.0,10
ENSG00000183186,1.4684013,0.0,10
ENSG00000273111,0.38242576,0.0,10
ENSG00000164934,1.4341244,2.3729856,10
ENSG00000147481_1,0.18487412,0.0,10
ENSG00000176956_1,1.3916069,1.3484023,10
ENSG00000120899_2,0.0687572,0.0,10
ENSG00000269386_1,2.3959298,2.8047662,10
ENSG00000254251_1,-0.027849361,0.0,10
ENSG00000130208,0.38245475,0.0,10
ENSG00000196235_1,2.3140886,3.0684457,10
ENSG00000168661,1.6667902,1.9399234,10
ENSG00000160959,2.351771,1.7926087,10
ENSG00000160117,0.8721076,1.9484228,10
ENSG00000169122,1.3931059,1.353108,10
ENSG00000186020,2.1593058,0.0,10
ENSG00000133874,1.3229464,1.905526,10
ENSG00000204936,0.27277446,1.102612,10
ENSG00000160113,2.1540954,2.2881598,10
ENSG00000105701,2.2726238,3.03755,10
ENSG00000051128_2,1.4145665,1.798975,10
ENSG00000164924_2,2.6341088,3.5209222,10
ENSG00000127616_2,0.39101008,1.4651449,10
ENSG00000174652,1.7193756,0.0,10
ENSG00000011600,0.2027677,0.0,10
ENSG00000245281,2.3100245,1.3839409,10
ENSG00000249859_6,0.0714671,0.0,10
ENSG00000178719_2,0.18111995,1.4288796,10
ENSG00000105229,2.3658948,0.0,10
ENSG00000178297,0.18007453,0.0,10
ENSG00000155970,1.6564785,1.5780085,10
ENSG00000075702_1,0.061252154,0.0,10
ENSG00000171903,0.40153813,0.0,10
ENSG00000147533,2.142131,2.8244188,10
ENSG00000123146_1,0.9473028,2.8216903,10
ENSG00000130810,2.2398462,1.4454641,10
ENSG00000104866_1,2.5385823,2.1924727,10
ENSG00000105738,2.0226219,1.8143675,10
ENSG00000076944_1,0.17451948,1.5043893,10
ENSG00000205189,0.17762917,1.085469,10
ENSG00000167565,2.029366,2.2515848,10
ENSG00000267796,1.2098576,1.935603,10
ENSG00000099783_1,0.010010891,1.5577959,10
ENSG00000160352,2.0039494,0.0,10
ENSG00000120875,1.693224,1.9631737,10
ENSG00000164825,0.20969114,0.0,10
ENSG00000198858,1.9132916,2.961739,10
ENSG00000147724_1,1.4716247,1.7425052,10
ENSG00000171316,2.166444,2.2196553,10
ENSG00000182310,0.2596734,0.0,10
ENSG00000167460_3,1.8329351,1.4539907,10
ENSG00000174586,2.4258447,1.5373152,10
ENSG00000104904,2.3471522,3.9128919,10
ENSG00000147650_1,2.4405458,2.5355473,10
ENSG00000125505,2.3323507,2.2968647,10
ENSG00000104964,0.7821977,2.1296577,10
ENSG00000147536,2.2332442,2.1973577,10
ENSG00000155099,2.1654918,0.0,10
ENSG00000171649,0.58106804,0.0,10
ENSG00000141968,0.66959655,0.0,10
ENSG00000157168_2,1.5038604,1.5002228,10
ENSG00000205002,1.3209069,1.593895,10
ENSG00000104823,2.3722923,2.9295063,10
ENSG00000137571,0.88868964,1.5280292,10
ENSG00000169122_1,-0.007608779,0.0,10
ENSG00000179698,0.20916107,0.0,10
ENSG00000095066_1,0.826136,0.0,10
ENSG00000222501,0.099394724,4.9015403,10
ENSG00000175806,0.7179148,1.7347438,10
ENSG00000264515,1.447165,1.9912394,10
ENSG00000104472_1,2.493417,1.8893017,10
ENSG00000164684_1,0.43908206,0.0,10
ENSG00000156011_1,-0.0047716647,0.0,10
ENSG00000069206,0.0019966885,0.0,10
ENSG00000186010,1.1378125,3.015171,10
ENSG00000166704,1.4665321,1.5286982,10
ENSG00000253893,1.1444899,0.0,10
ENSG00000253799,0.31717336,0.0,10
ENSG00000186526,0.105983734,0.0,10
ENSG00000167554_1,0.0013053641,0.0,10
ENSG00000142046_2,0.4875777,0.0,10
ENSG00000129295,0.7267846,0.0,10
ENSG00000105227_1,0.41403332,0.0,10
ENSG00000091656,0.07346891,0.0,10
ENSG00000173535,1.0371416,0.7937066,10
ENSG00000176406,0.8094014,1.238949,10
ENSG00000224420,0.5437529,0.0,10
ENSG00000188283_1,1.869342,1.7660125,10
ENSG00000270164,0.004161302,0.0,10
ENSG00000089351_1,2.121697,2.350655,10
ENSG00000131944,1.906904,0.0,10
ENSG00000105383,0.23171604,0.0,10
ENSG00000142405,0.23201934,0.9592323,10
ENSG00000186529_1,0.25390416,0.0,10
ENSG00000196172,1.4207348,2.4619575,10
ENSG00000229140_4,0.18454438,0.0,10
ENSG00000267058,0.8524889,0.0,10
ENSG00000132002,2.6512544,2.510991,10
ENSG00000034677,2.3524466,0.0,10
ENSG00000221914_1,1.0150777,0.0,10
ENSG00000291086,0.009952024,0.0,10
ENSG00000073050,1.320495,0.0,10
ENSG00000293247,0.13186057,0.8755011,10
ENSG00000104903_1,1.5547067,2.880299,10
ENSG00000186017_1,1.4782118,1.9031986,10
ENSG00000123154,0.5494604,0.0,10
ENSG00000083812,2.2058,2.0396323,10
ENSG00000105198,-0.012242407,0.0,10
ENSG00000176531,0.9369105,0.0,10
ENSG00000185361,2.2182024,1.5985936,10
ENSG00000129422_3,-0.028340027,0.0,10
ENSG00000147421,2.2573748,2.7333658,10
ENSG00000253438_1,-0.0059556067,0.0,10
ENSG00000205517,0.620551,0.56841296,10
ENSG00000003989,1.5126151,1.8440048,10
ENSG00000164736,1.1772014,1.364851,10
ENSG00000091656_1,-0.026887774,0.0,10
ENSG00000186567,0.09086619,0.0,10
ENSG00000159167,0.23847133,2.3559875,10
ENSG00000160570_1,1.119067,0.0,10
ENSG00000220201,0.24465501,0.0,10
ENSG00000268095,0.43150088,0.0,10
ENSG00000155090,2.3118086,0.0,10
ENSG00000198597,1.02649,1.6815035,10
ENSG00000007306,0.051404286,1.0167409,10
ENSG00000105131,1.3914658,1.8844554,10
ENSG00000290587,0.6665962,1.3121858,10
ENSG00000198521_1,1.2956094,1.6510259,10
ENSG00000173581_1,2.010141,2.1204522,10
ENSG00000291089,0.9109509,1.0743409,10
ENSG00000011304,2.4424634,3.4205945,10
ENSG00000130751_1,0.20838569,0.0,10
ENSG00000291130,0.5336721,0.0,10
ENSG00000167232_1,0.8764807,0.0,10
ENSG00000090013,2.7458751,0.0,10
ENSG00000161082,1.5508304,1.9830089,10
ENSG00000160973,0.5668695,2.2960484,10
ENSG00000292997,-0.020904794,3.1068127,10
ENSG00000155096_1,0.008031964,0.0,10
ENSG00000165392,1.7583634,2.8379986,10
ENSG00000170323,-0.020172723,0.0,10
ENSG00000234906,0.17111167,0.0,10
ENSG00000253408_1,1.0810843,0.0,10
ENSG00000253711,-0.040891334,0.0,10
ENSG00000269386,2.2846582,0.0,10
ENSG00000167656,0.20503241,0.0,10
ENSG00000147443,0.25128403,1.1917863,10
ENSG00000147654_1,2.0777104,2.4172041,10
ENSG00000171425,0.99464536,2.2579305,10
ENSG00000130299,1.8692838,0.0,10
ENSG00000172817,1.319313,1.4713944,10
ENSG00000196646,0.6471317,1.9723741,10
ENSG00000253161,0.08908103,0.0,10
ENSG00000179218,2.4630468,4.049249,10
ENSG00000197128,0.3648298,1.554077,10
ENSG00000130175_1,0.42972198,1.3250844,10
ENSG00000105270,0.7374011,1.0984014,10
ENSG00000104687,2.4443643,2.9712536,10
ENSG00000010310,2.1616752,2.1880674,10
ENSG00000130477_1,0.96180713,1.1370058,10
ENSG00000090006_2,0.2943889,0.0,10
ENSG00000161265,0.35596243,0.0,10
ENSG00000099797,2.441887,3.187814,10
ENSG00000079459_2,0.23654962,0.7532766,10
ENSG00000198466,1.5572621,0.0,10
ENSG00000079999,2.1071236,1.9395951,10
ENSG00000147813_1,1.2369807,2.3087416,10
ENSG00000221983_1,2.599679,3.6400719,10
ENSG00000105492_1,0.42155594,0.0,10
ENSG00000105404,1.5092099,1.7016284,10
ENSG00000267751,0.66332054,2.0955808,10
ENSG00000105750,0.42277294,1.441648,10
ENSG00000127527,2.1124892,2.3819685,10
ENSG00000201231,-0.044176593,0.0,10
ENSG00000253408,0.2503083,0.0,10
ENSG00000267858,2.2379284,0.0,10
ENSG00000197380,2.019149,1.7696726,10
ENSG00000115257,1.7751802,1.687074,10
ENSG00000253880,0.056333005,0.0,10
ENSG00000130511,2.474935,2.5427508,10
ENSG00000196466,1.6470329,1.6737027,10
ENSG00000246089,1.0726097,1.295039,10
ENSG00000221878,0.00866884,0.0,10
ENSG00000063177,0.19038318,1.3436095,10
ENSG00000120913,0.80484426,1.4228852,10
ENSG00000105227,0.5236058,1.3123678,10
ENSG00000133872_1,2.4820607,2.8512833,10
ENSG00000269416,0.64706063,1.0464952,10
ENSG00000253394,0.324968,3.123633,10
ENSG00000127445,2.1172116,2.4954417,10
ENSG00000147573,0.0063972026,0.0,10
ENSG00000156413,0.23876938,0.0,10
ENSG00000167653,1.1671199,0.0,10
ENSG00000231412,0.09687102,0.0,10
ENSG00000179271,2.1597338,3.2808263,10
ENSG00000164983,2.1323621,2.1110272,10
ENSG00000105221_2,2.5637524,2.6042585,10
ENSG00000184672_3,-0.0311535,0.0,10
ENSG00000090006_7,1.7444342,2.147528,10
ENSG00000197181,0.12824212,1.19187,10
ENSG00000269235,0.023187209,0.0,10
ENSG00000261150,1.6865908,1.918261,10
ENSG00000108107_1,2.0350893,2.5324485,10
ENSG00000104957,0.7499558,0.0,10
ENSG00000123815_1,2.1505768,0.0,10
ENSG00000105438_1,1.624812,2.949183,10
ENSG00000161888,2.2784395,0.0,10
ENSG00000178982,2.4820697,0.0,10
ENSG00000293175,1.7435447,1.8998314,10
ENSG00000187244,1.017016,1.4416165,10
ENSG00000221818_1,0.62752604,0.0,10
ENSG00000004776,1.0429239,1.4838668,10
ENSG00000287001,0.53487873,1.4501567,10
ENSG00000133742_1,0.19452474,0.0,10
ENSG00000089327_1,1.9798418,2.8590302,10
ENSG00000253230_2,0.8463292,1.4454329,10
ENSG00000083838,1.8137707,1.2882046,10
ENSG00000167748,0.36018467,0.0,10
ENSG00000171051,0.0058400035,0.0,10
ENSG00000164808,2.0263693,2.2859037,10
ENSG00000127666,1.6058811,2.347078,10
ENSG00000167733,2.420575,1.3374393,10
ENSG00000126259,0.35773683,1.1150444,10
ENSG00000196263,1.2075866,1.2598566,10
ENSG00000186431,0.0013359189,0.0,10
ENSG00000197841,2.032816,2.05423,10
ENSG00000168476,1.9228119,2.739361,10
ENSG00000125733,1.7438768,2.2015064,10
ENSG00000048392,2.2345564,1.7227573,10
ENSG00000071626,2.5174515,2.3816817,10
ENSG00000187664,0.8211814,1.1917583,10
ENSG00000104419,-0.008529305,0.0,10
ENSG00000291114,0.3724583,0.0,10
ENSG00000105676,2.5830958,2.5582404,10
ENSG00000167491,2.5876544,2.8055143,10
ENSG00000198028,0.076997146,0.0,10
ENSG00000105617,2.3877208,2.1982694,10
ENSG00000204882,0.43143344,0.0,10
ENSG00000068903,2.2354429,2.3326888,10
ENSG00000205744_1,0.3230295,1.2357557,10
ENSG00000155926,-0.0159451,0.0,10
ENSG00000105122,0.32256085,0.0,10
ENSG00000147488_1,0.107910246,0.0,10
ENSG00000167757,0.6831713,1.4917117,10
ENSG00000254153,-0.0409192,0.0,10
ENSG00000200259,0.5504502,0.0,10
ENSG00000288041,-0.04953295,0.0,10
ENSG00000267779,0.23914021,0.0,10
ENSG00000104722,1.3076229,1.3750781,10
ENSG00000167733_2,1.6161715,1.2387735,10
ENSG00000105550,0.07671216,0.0,10
ENSG00000132004,1.7538236,1.9901524,10
ENSG00000171320,0.2019304,0.0,10
ENSG00000099308,1.175872,1.7595545,10
ENSG00000290722,-0.062351868,0.0,10
ENSG00000105447,1.7884713,2.4951944,10
ENSG00000078674_1,2.6542962,2.9589236,10
ENSG00000105612,1.7064912,2.1700268,10
ENSG00000142002_2,2.1693847,2.5295355,10
ENSG00000180900,1.9802814,2.101613,10
ENSG00000080031,0.7367182,0.0,10
ENSG00000104833,0.8156413,0.0,10
ENSG00000105287,1.5613741,0.0,10
ENSG00000225877,0.03884952,0.0,10
ENSG00000088256,2.191882,2.4395554,10
ENSG00000012061_1,2.680888,2.7204206,10
ENSG00000095752,0.7163565,1.3784705,10
ENSG00000064932,0.9226515,1.5532761,10
ENSG00000164951,1.7845528,1.641375,10
ENSG00000147649,2.435006,3.0647461,10
ENSG00000141965,2.6807535,2.1279953,10
ENSG00000013275,2.2676117,0.0,10
ENSG00000164761,1.06045,1.4821014,10
ENSG00000076554_3,-0.027050585,0.0,10
ENSG00000126467,0.22512545,0.0,10
ENSG00000248098,2.0135138,0.0,10
ENSG00000253666,0.15767926,0.0,10
ENSG00000176566,0.42248532,0.0,10
ENSG00000079385,-0.03294523,0.0,10
ENSG00000104368,0.088280365,0.0,10
ENSG00000196365,2.7788641,3.0705662,10
ENSG00000158863,1.9338052,2.2941706,10
ENSG00000104549,2.4349604,3.2714233,10
ENSG00000008441_3,1.3818364,1.1830989,10
ENSG00000160505,0.099964656,0.0,10
ENSG00000164695,1.7887065,1.8889878,10
ENSG00000129455,0.44308153,1.1311052,10
ENSG00000269793,1.0248163,0.0,10
ENSG00000178934,0.0764457,0.0,10
ENSG00000147586_2,2.1236594,2.5671077,10
ENSG00000290606,0.37746838,2.0041158,10
ENSG00000125753,2.081135,3.3495262,10
ENSG00000105135,1.1302305,1.458653,10
ENSG00000029534_4,1.5931154,1.2001115,10
ENSG00000177380,1.570109,1.2613105,10
ENSG00000130726_1,2.722431,3.082315,10
ENSG00000233270,0.09859058,0.0,10
ENSG00000253704,1.5133992,0.0,10
ENSG00000196214,1.9029435,2.02628,10
ENSG00000164796_1,0.13154964,0.0,10
ENSG00000178860_1,0.76669014,0.0,10
ENSG00000104870_1,1.0996215,1.5540286,10
ENSG00000105492,0.40236023,0.0,10
ENSG00000161249_2,0.55485535,0.0,10
ENSG00000064961,2.1161196,2.731318,10
ENSG00000147408_3,0.0056849048,0.0,10
ENSG00000169495,1.3186955,1.5820861,10
ENSG00000104804,0.4238808,0.0,10
ENSG00000196337,0.24914974,0.0,10
ENSG00000178719_3,0.10096723,1.2784106,10
ENSG00000180043,0.15490285,0.0,10
ENSG00000198723_1,0.22503564,1.016766,10
ENSG00000254266,0.011103239,0.0,10
ENSG00000105708,0.96006095,1.5917989,10
ENSG00000104870,0.29597458,0.0,10
ENSG00000117877,1.1372166,0.0,10
ENSG00000090674,1.690001,2.1175563,10
ENSG00000079102_1,0.27792627,1.1389655,10
ENSG00000267169,2.4982646,0.0,10
ENSG00000105176,0.03861833,0.8682917,10
ENSG00000134830,0.276627,0.0,10
ENSG00000182307,2.0953376,2.8428774,10
ENSG00000147535,1.2039437,0.0,10
ENSG00000167645,2.6057024,3.2258775,10
ENSG00000265817,0.1642967,1.6708857,10
ENSG00000130749,2.4665484,0.0,10
ENSG00000167700,2.3999078,1.9239897,10
ENSG00000164733_1,0.7238176,0.0,10
ENSG00000156103,0.8055811,1.1370058,10
ENSG00000286701,0.4021066,0.0,10
ENSG00000239039,1.4211189,0.0,10
ENSG00000007264_1,1.1853727,0.0,10
ENSG00000067167,1.7485288,2.8593676,10
ENSG00000169398_2,-0.02972582,0.0,10
ENSG00000185122,2.318801,2.9253638,10
ENSG00000168487_1,1.9937242,1.5869584,10
ENSG00000099875,2.3060863,1.5605642,10
ENSG00000173875,2.1707304,2.5105531,10
ENSG00000105227_2,0.15525512,0.0,10
ENSG00000214212,0.16489263,0.0,10
ENSG00000129353_1,0.8932655,0.0,10
ENSG00000105583,0.59250534,0.0,10
ENSG00000160951,0.89505804,0.0,10
ENSG00000254777,0.24187504,1.4259579,10
ENSG00000124444_1,2.0990536,0.0,10
ENSG00000254119,-0.027685478,0.0,10
ENSG00000168672_1,1.3589813,1.4426836,10
ENSG00000173928,0.97346723,1.4549059,10
ENSG00000167483,0.22689721,0.0,10
ENSG00000099840,2.0548127,1.4338977,10
ENSG00000132000,0.811551,0.0,10
ENSG00000182324,0.20228796,0.0,10
ENSG00000105136,1.06185,1.4318299,10
ENSG00000105723,2.665373,2.6143486,10
ENSG00000171295,2.3382943,2.422823,10
ENSG00000185988,1.5845069,1.6419696,10
ENSG00000213762,1.6860219,1.9558637,10
ENSG00000253926_1,0.1711087,0.0,10
ENSG00000178460,0.63327706,0.0,10
ENSG00000168333,0.10200709,0.0,10
ENSG00000126456_1,0.49141827,1.7347039,10
ENSG00000175606,2.1479537,2.6617465,10
ENSG00000130227_1,0.066529006,0.0,10
ENSG00000188171,1.1779474,2.3335783,10
ENSG00000129990,1.1370097,1.1796092,10
ENSG00000160410_1,0.8322607,1.0765895,10
ENSG00000160886_1,1.19873,1.2671483,10
ENSG00000185730,2.2898424,1.8965153,10
ENSG00000137561,1.3081545,1.8168045,10
ENSG00000204519,2.052215,2.10631,10
ENSG00000104903_2,2.2452354,1.8304603,10
ENSG00000201782,0.18217786,0.0,10
ENSG00000198453_1,0.91161025,1.6124129,10
ENSG00000130812_1,0.081008136,0.0,10
ENSG00000164944,1.8187747,0.0,10
ENSG00000105639,0.445695,0.0,10
ENSG00000165046,0.39061803,0.0,10
ENSG00000126247,1.9541713,3.1277397,10
ENSG00000189377,0.012068592,0.0,10
ENSG00000129353,1.6723222,2.116219,10
ENSG00000142039,1.6559688,2.325298,10
ENSG00000242852_1,0.73115087,0.96796894,10
ENSG00000006659,-0.03836696,0.0,10
ENSG00000267467,0.1564303,0.0,10
ENSG00000156469,2.3600285,0.0,10
ENSG00000105205,-0.018790886,0.0,10
ENSG00000120885_2,0.91822267,1.0368364,10
ENSG00000069399_1,1.8178577,1.8978305,10
ENSG00000166398,2.0744061,2.2562125,10
ENSG00000099338,1.4492766,0.8755127,10
ENSG00000076826,1.6456561,1.9224348,10
ENSG00000129292,2.16415,2.5145478,10
ENSG00000196350,0.6158974,0.0,10
ENSG00000253457,0.019266184,0.0,10
ENSG00000287134,0.0027735457,0.0,10
ENSG00000254277,0.0068294555,0.0,10
ENSG00000266983,2.3349526,2.063078,10
ENSG00000178896,2.5464451,2.521491,10
ENSG00000203499,1.3529029,0.0,10
ENSG00000115266,0.22962818,1.2700729,10
ENSG00000104450,1.3803018,1.1883659,10
ENSG00000125735,0.18817979,1.1005085,10
ENSG00000090554_1,0.5301763,1.1466551,10
ENSG00000287467,0.12506627,0.0,10
ENSG00000197019,2.2511327,1.9896367,10
ENSG00000121005_1,1.1758057,0.0,10
ENSG00000130511_1,1.9164091,1.7308307,10
ENSG00000253958,1.4888102,1.0962493,10
ENSG00000032444_2,1.7889875,1.7146649,10
ENSG00000095932_1,0.5763433,0.0,10
ENSG00000104228,2.3278222,2.1139433,10
ENSG00000187955_1,1.0098859,0.0,10
ENSG00000011590,0.32723865,0.0,10
ENSG00000099821,2.208522,2.0769207,10
ENSG00000121289,1.6753887,0.0,10
ENSG00000186562,-0.041689716,0.0,10
ENSG00000104946_1,0.9680091,1.1370374,10
ENSG00000099864,1.7658453,1.9426528,10
ENSG00000177202,0.2460903,0.0,10
ENSG00000253741,2.0507476,0.0,10
ENSG00000293171,0.48771492,1.3554707,10
ENSG00000066827,0.21164365,0.0,10
ENSG00000176401,1.2986453,1.8374811,10
ENSG00000245857,0.64952075,1.1634297,10
ENSG00000104870_2,0.5738416,1.1760623,10
ENSG00000104960,1.8445141,1.9383847,10
ENSG00000085872_1,2.418399,3.0741067,10
ENSG00000147689_2,1.08779,3.189785,10
ENSG00000205744,0.3804666,0.0,10
ENSG00000198538,0.73860157,0.0,10
ENSG00000120885_1,0.22269064,0.0,10
ENSG00000156011_2,-0.020789817,0.0,10
ENSG00000164934_1,1.2813767,2.9084458,10
ENSG00000129422_5,-0.03421361,0.0,10
ENSG00000164830_3,1.9120654,1.9111309,10
ENSG00000161609,0.8001652,0.0,10
ENSG00000178150,0.15153381,2.497582,10
ENSG00000267383,0.25795326,0.0,10
ENSG00000125912,2.5425746,2.6858196,10
ENSG00000267577,0.6045121,1.7692221,10
ENSG00000078668_1,-0.018410519,0.0,10
ENSG00000104450_2,1.617924,1.7834748,10
ENSG00000256229,0.85414374,1.783925,10
ENSG00000167632_1,0.4847885,0.0,10
ENSG00000269954,0.55275726,1.4159011,10
ENSG00000105472,0.5361016,1.4650942,10
ENSG00000171970,2.3286486,2.088097,10
ENSG00000147419,1.6557902,2.34973,10
ENSG00000289906,-0.054012865,0.0,10
ENSG00000156509,1.0703331,1.0941216,10
ENSG00000167680,0.07721089,0.0,10
ENSG00000291317,2.245445,2.1954098,10
ENSG00000104915,1.5453987,1.9054883,10
ENSG00000142444,2.1404803,2.0728784,10
ENSG00000104325,2.2559237,3.012694,10
ENSG00000171033_1,-0.08322552,0.0,10
ENSG00000120910,2.4386003,2.10631,10
ENSG00000169398,0.08454894,0.0,10
ENSG00000164935_1,-0.009694144,0.0,10
ENSG00000130254,2.7032733,3.0286403,10
ENSG00000172728_1,1.9510758,0.0,10
ENSG00000104946,2.3007815,1.6328721,10
ENSG00000105376,2.3843334,2.8259451,10
ENSG00000007264,1.8662231,1.7839036,10
ENSG00000008441_2,0.11701192,0.0,10
ENSG00000125741_1,0.9579345,1.5764865,10
ENSG00000254092_1,0.08782488,0.0,10
ENSG00000154582,2.1318276,2.9793189,10
ENSG00000267100,2.412707,2.360042,10
ENSG00000189052,0.30641407,0.0,10
ENSG00000253267,0.018997181,0.0,10
ENSG00000164871,0.029413458,0.0,10
ENSG00000213638,2.5795004,2.780065,10
ENSG00000189164,0.9034989,1.301759,10
ENSG00000142303,1.2521573,1.6892449,10
ENSG00000070718,2.0959666,2.0747142,10
ENSG00000105483,1.5624276,0.0,10
ENSG00000121413_1,1.3988613,1.0876395,10
ENSG00000197857,1.3627404,0.0,10
ENSG00000236144,2.2783966,2.1241617,10
ENSG00000179115,1.9235802,3.1103237,10
ENSG00000104808,0.7518791,0.0,10
ENSG00000164949,0.41199297,0.0,10
ENSG00000130299_2,1.6315297,0.0,10
ENSG00000104814,0.1143457,1.1211658,10
ENSG00000189001,0.18870012,0.0,10
ENSG00000129991_2,0.34190354,2.1784935,10
ENSG00000104728_1,0.17362404,0.0,10
ENSG00000120903,0.0005337335,0.0,10
ENSG00000063322,2.505995,2.4011574,10
ENSG00000104783,0.3584914,1.7750787,10
ENSG00000278129,2.4405897,2.1946726,10
ENSG00000198723,0.009537555,0.0,10
ENSG00000133275,2.3870254,2.7664948,10
ENSG00000224910,1.1027037,1.2357557,10
ENSG00000083828,0.5381547,2.1282248,10
ENSG00000179909,0.23488794,0.0,10
ENSG00000196150,2.2736847,2.2521415,10
ENSG00000104219,1.9014413,1.9982985,10
ENSG00000105699_1,2.3337357,3.1177087,10
ENSG00000164938,1.7731308,1.9860593,10
ENSG00000187994_1,0.2643886,0.0,10
ENSG00000184489,2.3011415,1.9306129,10
ENSG00000184661_1,0.0023603663,0.0,10
ENSG00000161249,0.40445212,0.0,10
ENSG00000160570,1.742416,2.270439,10
ENSG00000167034,1.2306827,1.3276653,10
ENSG00000132549,2.3992684,0.0,10
ENSG00000178904,2.484639,2.4319746,10
ENSG00000267534,1.9909334,1.8002977,10
ENSG00000105732,2.6579964,2.2715862,10
ENSG00000008988,1.6322606,1.4416951,10
ENSG00000132017,2.1096098,2.2005086,10
ENSG00000104972,0.01026839,1.085469,10
ENSG00000126456_2,2.2004733,2.6684418,10
ENSG00000169946_1,1.297824,1.554065,10
ENSG00000104490,-0.030789927,0.0,10
ENSG00000221916,2.4821656,1.9107897,10
ENSG00000104388,2.3509364,1.975464,10
ENSG00000142549,1.2710998,1.5247205,10
ENSG00000130545_1,1.0561252,1.2642982,10
ENSG00000204839,1.40072,1.6352425,10
ENSG00000104774,0.42064342,0.0,10
ENSG00000130244,2.3868954,2.1570637,10
ENSG00000171827,0.3749792,0.8146471,10
ENSG00000105341,0.60204625,0.0,10
ENSG00000147649_1,-0.018672362,0.0,10
ENSG00000154319_1,0.03770338,0.0,10
ENSG00000170889,2.6202466,3.5389934,10
ENSG00000136997_3,2.0061479,1.7728349,10
ENSG00000104419_4,1.7565086,2.032026,10
ENSG00000015592,0.29137385,1.1883322,10
ENSG00000130803,1.6382682,2.4937255,10
ENSG00000147488,-0.034237914,0.0,10
ENSG00000130005,1.738719,2.0434763,10
ENSG00000156802_1,1.3310226,0.0,10
ENSG00000155189,2.4636233,2.7688756,10
ENSG00000105176_2,-0.028080568,0.0,10
ENSG00000188321,1.0665315,1.9175948,10
ENSG00000147689_1,0.5910715,0.0,10
ENSG00000186230,2.0869493,2.2282488,10
ENSG00000105556,1.9964515,2.2755878,10
ENSG00000104903,2.547993,2.7645802,10
ENSG00000167644,0.47719702,0.0,10
ENSG00000130529_1,1.5591267,1.7981118,10
ENSG00000008853_2,1.6961449,1.6025699,10
ENSG00000105576,1.995032,0.0,10
ENSG00000179950_1,2.5051892,2.705501,10
ENSG00000104231_1,1.9357673,2.011181,10
ENSG00000120896_4,0.058331754,0.0,10
ENSG00000253210,1.9268413,1.1670809,10
ENSG00000173530,0.75923765,1.1985747,10
ENSG00000248858,0.15576074,0.0,10
ENSG00000130287,0.23014337,0.0,10
ENSG00000170954,0.18481945,0.0,10
ENSG00000053501_1,2.1844308,0.0,10
ENSG00000293495,2.745452,2.8065395,10
ENSG00000168081,0.12925145,0.95631254,10
ENSG00000099203,2.793318,1.7904259,10
ENSG00000212429,-0.023100644,0.0,10
ENSG00000283108,0.5745598,0.0,10
ENSG00000221923,0.6282798,1.3161381,10
ENSG00000133275_1,0.7348342,0.89298457,10
ENSG00000126262,0.08668493,0.0,10
ENSG00000153310_1,2.1456845,2.2880726,10
ENSG00000125910,0.87489605,0.0,10
ENSG00000008853_1,1.668053,2.2171943,10
ENSG00000104853,0.67362416,0.0,10
ENSG00000105429,0.91960037,0.0,10
ENSG00000126246,2.0228355,2.0191662,10
ENSG00000197766,0.32181606,0.0,10
ENSG00000157168_4,-0.03295265,0.0,10
ENSG00000147408_4,0.37025657,1.2990713,10
ENSG00000171320_1,1.706285,0.0,10
ENSG00000253474,0.030668557,0.0,10
ENSG00000161558_1,2.7291014,2.0806913,10
ENSG00000181894,1.1728851,1.6253124,10
ENSG00000105053,2.2141023,0.0,10
ENSG00000129691_1,2.1467724,3.1405647,10
ENSG00000270164_3,-0.021153763,0.0,10
ENSG00000130725,2.648028,2.6196046,10
ENSG00000198482_1,0.16230065,0.0,10
ENSG00000168077,1.5006775,1.5150919,10
ENSG00000105246,0.2877682,0.0,10
ENSG00000136986,0.033952404,0.0,10
ENSG00000185900,2.1655438,2.0427487,10
ENSG00000187912,0.05223135,0.0,10
ENSG00000161249_3,0.109346166,0.0,10
ENSG00000197808,0.17041658,0.0,10
ENSG00000105392,0.16202116,0.0,10
ENSG00000129968,1.7804149,2.1727722,10
ENSG00000178764,1.0053189,0.0,10
ENSG00000268516,2.4701653,2.224911,10
ENSG00000181027,1.9076918,2.5126576,10
ENSG00000156170,1.6856984,1.4873195,10
ENSG00000258724,2.1474457,2.2511368,10
ENSG00000183638,0.36395296,0.0,10
ENSG00000197714,2.6558928,2.044677,10
ENSG00000120913_1,1.6008366,1.5722907,10
ENSG00000238650,0.26705793,0.0,10
ENSG00000257446,1.188165,1.7146231,10
ENSG00000161243,0.9225365,1.5495305,10
ENSG00000176853,2.0142906,2.4181387,10
ENSG00000104951,0.17279509,0.0,10
ENSG00000104290,1.49153,1.6924062,10
ENSG00000104408,1.6078869,3.7954845,10
ENSG00000160460,1.7536525,1.9918019,10
ENSG00000130303,1.2380923,2.5471961,10
ENSG00000267575,1.5972337,2.1872668,10
ENSG00000130304_1,2.3234627,1.5918546,10
ENSG00000249859_1,0.23057172,0.0,10
ENSG00000174951,1.3283492,0.0,10
ENSG00000064490,1.642511,0.0,10
ENSG00000105607,1.1654778,2.301195,10
ENSG00000232098,2.4979289,1.9915096,10
ENSG00000126247_2,0.45735526,1.4299622,10
ENSG00000137573_1,0.608135,0.0,10
ENSG00000291128,0.50402355,2.3002954,10
ENSG00000125731,0.858863,1.7212796,10
ENSG00000167646,0.8527094,0.0,10
ENSG00000161082_1,1.1900107,1.1579099,10
ENSG00000133742,-0.029606402,0.0,10
ENSG00000133872,1.7966002,0.0,10
ENSG00000184428,1.7822837,2.557139,10
ENSG00000253161_2,0.09500855,0.0,10
ENSG00000171574_1,2.5777109,2.0199673,10
ENSG00000198597_1,-0.025754899,0.0,10
ENSG00000189190,0.7463188,2.3056867,10
ENSG00000167751,0.036992088,0.0,10
ENSG00000160505_1,-0.031575806,0.0,10
ENSG00000167460,0.2540757,0.0,10
ENSG00000131142_1,0.12230551,0.0,10
ENSG00000160439_2,0.14724565,0.0,10
ENSG00000269699,1.0123135,1.5288267,10
ENSG00000197937,0.5375291,0.0,10
ENSG00000147408_1,0.14435478,0.0,10
ENSG00000104320_1,2.778114,0.0,10
ENSG00000176209_1,2.3162572,2.7598567,10
ENSG00000131355,-0.021467075,0.0,10
ENSG00000182372_1,2.0386913,1.8328179,10
ENSG00000105552_1,1.2331308,2.704655,10
ENSG00000183709,0.08547716,0.0,10
ENSG00000133731,0.72977054,2.534431,10
ENSG00000130158,1.4203414,1.6189116,10
ENSG00000090006_1,0.5846312,0.95334405,10
ENSG00000104852,2.7998302,0.0,10
ENSG00000165392_1,-0.011322357,0.0,10
ENSG00000134013,1.0110875,1.4137188,10
ENSG00000180089,0.10709761,1.1688509,10
ENSG00000180884,1.3907424,1.903524,10
ENSG00000182372,0.42077726,0.0,10
ENSG00000105402,1.4993225,1.8061664,10
ENSG00000137573,0.058577787,0.0,10
ENSG00000251003,0.4072657,0.0,10
ENSG00000088002,0.62696207,1.0560049,10
ENSG00000129422_2,-0.016252413,0.0,10
ENSG00000268460,0.38647303,0.0,10
ENSG00000105438,0.8907176,1.1068026,10
ENSG00000105281_2,2.1196716,3.440205,10
ENSG00000171056,1.4431287,1.318731,10
ENSG00000246430,-0.0018989146,0.0,10
ENSG00000142530,1.9161444,0.0,10
ENSG00000253853,0.26733187,2.2386959,10
ENSG00000253665,-0.0069046244,0.0,10
ENSG00000079102_3,1.5080112,1.8951296,10
ENSG00000104738,2.385483,3.3314881,10
ENSG00000205038_1,0.122442365,0.0,10
ENSG00000267673_1,1.060511,2.4826021,10
ENSG00000246145_1,0.5652112,0.0,10
ENSG00000040341_1,2.1582994,2.587391,10
ENSG00000070404_1,1.4347247,1.3097153,10
ENSG00000104375_1,0.5932851,0.0,10
ENSG00000099804_1,0.29318553,0.0,10
ENSG00000105223_2,0.7046087,0.0,10
ENSG00000158856_1,0.22240028,0.0,10
ENSG00000158669,2.244776,2.293106,10
ENSG00000164822,-0.0089686215,0.65319324,10
ENSG00000237807,0.18435062,0.77620703,10
ENSG00000064666,2.0189416,0.0,10
ENSG00000147316,1.9954555,2.6377988,10
ENSG00000156471,2.448953,3.0417163,10
ENSG00000171223,2.225292,3.0780144,10
ENSG00000182315,-0.019257002,0.0,10
ENSG00000171606,2.0141473,2.3470957,10
ENSG00000248801,0.25160843,0.0,10
ENSG00000121417,1.3935244,1.916959,10
ENSG00000254402,1.8481146,0.0,10
ENSG00000287301,0.08681086,0.0,10
ENSG00000147642_3,1.1941386,1.5318364,10
ENSG00000213023,0.8034667,1.1251884,10
ENSG00000034239,0.8534783,0.0,10
ENSG00000229140_1,-0.030424714,0.0,10
ENSG00000204514,0.6288737,1.4632658,10
ENSG00000104237,-0.0066503063,0.0,10
ENSG00000288704,2.4641006,1.2373174,10
ENSG00000130309,2.5755422,2.883826,10
ENSG00000176472_1,0.90385187,0.0,10
ENSG00000105643_1,0.79015744,0.0,10
ENSG00000197332,1.3974113,1.8752928,10
ENSG00000125733_1,1.2717282,1.3325596,10
ENSG00000127616,2.5013192,2.9519978,10
ENSG00000285675,0.08684937,0.0,10
ENSG00000105662,2.1612961,1.7904681,10
ENSG00000187735,2.6152241,2.904039,10
ENSG00000104643,2.2779853,1.9486839,10
ENSG00000213999,0.10881206,0.0,10
ENSG00000253438,0.4135454,1.52961,10
ENSG00000267757,0.5847558,1.3614067,10
ENSG00000104881_1,1.5864621,1.9771701,10
ENSG00000164743,0.10526442,0.0,10
ENSG00000293438,1.0585476,0.0,10
ENSG00000085719,1.1543356,2.4754853,10
ENSG00000178209,0.7229475,1.8451725,10
ENSG00000253824,0.005489964,0.0,10
ENSG00000186838,0.35566512,1.1271696,10
ENSG00000130307,0.16632336,0.0,10
ENSG00000131126,0.03515055,0.0,10
ENSG00000168546_1,1.4564883,0.0,10
ENSG00000142273,0.73712206,0.0,10
ENSG00000132561,1.552999,1.4722883,10
ENSG00000099822,1.7909971,1.8833774,10
ENSG00000267855,1.3021325,3.3981364,10
ENSG00000182472_1,1.5173652,1.2539676,10
ENSG00000269858_1,0.988039,1.5142422,10
ENSG00000221826,0.11475754,0.0,10
ENSG00000184489_1,0.3554918,1.392697,10
ENSG00000099812,0.17366034,0.78067726,10
ENSG00000104763_1,0.5500299,1.7036868,10
ENSG00000086544,2.1561706,1.4916978,10
ENSG00000104884,2.2369556,2.2524767,10
ENSG00000167670,2.7072875,0.0,10
ENSG00000126460,0.266077,0.0,10
ENSG00000140396,-0.03161163,1.0721028,10
ENSG00000099783,2.4674504,3.6154134,10
ENSG00000035681,0.22309792,0.0,10
ENSG00000105329_1,2.2424958,3.5728483,10
ENSG00000134013_1,0.016715176,0.0,10
ENSG00000198551,1.4800154,0.0,10
ENSG00000080511,0.32887268,0.0,10
ENSG00000104863,2.0169067,1.8699647,10
ENSG00000186994,0.41306457,2.9242978,10
ENSG00000291317_1,2.1418412,2.2935836,10
ENSG00000197647,1.1551641,0.0,10
ENSG00000269439,2.458996,0.0,10
ENSG00000161298,0.995684,1.507775,10
ENSG00000169398_1,-0.01791069,0.0,10
ENSG00000187955,-0.030449659,0.0,10
ENSG00000104976,2.4842987,2.71671,10
ENSG00000214248,2.4544175,1.4238518,10
ENSG00000245080,1.231296,0.0,10
ENSG00000240694,1.1829742,0.0,10
ENSG00000228323,2.2235677,1.4623381,10
ENSG00000105428,0.34709194,1.0652809,10
ENSG00000197124,0.38374424,0.0,10
ENSG00000160886,0.35217562,1.0984014,10
ENSG00000104967,1.4118878,0.9289077,10
ENSG00000291231_1,0.1521909,1.6278266,10
ENSG00000174788,0.14974715,0.0,10
ENSG00000105700,2.2173183,0.0,10
ENSG00000126233,0.40345064,0.0,10
ENSG00000104953,1.8494493,0.0,10
ENSG00000167460_5,0.16057315,0.0,10
ENSG00000156467,0.69068277,0.0,10
ENSG00000120913_4,0.3023418,1.1273252,10
ENSG00000104894,0.55221295,0.0,10
ENSG00000183397,0.34278375,0.8574169,10
ENSG00000293376,0.11035458,0.96796894,10
ENSG00000266916,0.25074995,0.0,10
ENSG00000123119,1.3803807,0.0,10
ENSG00000188425,0.23501271,0.0,10
ENSG00000160882,0.15401788,0.0,10
ENSG00000164953,0.6501038,0.0,10
ENSG00000272333,2.290673,2.464564,10
ENSG00000036448,0.033742275,0.79372054,10
ENSG00000178860,-0.010933675,0.0,10
ENSG00000182141,1.522968,2.319978,10
ENSG00000130758,2.0539072,1.5863397,10
ENSG00000250305_1,1.3876381,1.2827218,10
ENSG00000243772,0.18917757,0.0,10
ENSG00000105707_1,0.258947,0.0,10
ENSG00000125744,0.9836718,2.3449638,10
ENSG00000160439,2.0023775,2.8166404,10
ENSG00000186529,0.030983545,0.0,10
ENSG00000257103,2.5461748,2.946327,10
ENSG00000130818,1.526169,1.9737927,10
ENSG00000164684,1.4183768,1.8466463,10
ENSG00000164951_1,0.82087183,0.0,10
ENSG00000035681_1,0.053132895,0.8647721,10
ENSG00000064547_1,1.3318745,1.5441921,10
ENSG00000197265_1,2.3161962,2.7891011,10
ENSG00000083844,1.4492775,1.4641466,10
ENSG00000291101,0.68951213,1.3251461,10
ENSG00000131845,1.3420659,0.0,10
ENSG00000123144,2.475089,3.0363095,10
ENSG00000116014,2.371092,2.5989568,10
ENSG00000086967,0.04198443,0.0,10
ENSG00000072062_1,2.0466428,2.8707416,10
ENSG00000176406_2,0.006100446,0.0,10
ENSG00000011332,1.3335263,1.4795321,10
ENSG00000090006_6,1.1070852,2.3935752,10
ENSG00000167468_1,0.6044601,1.7268299,10
ENSG00000167378,2.4762976,1.661074,10
ENSG00000065268,2.3354795,2.4418192,10
ENSG00000198363_3,0.06625866,0.0,10
ENSG00000105538,0.22849548,1.0629804,10
ENSG00000159871_1,0.004046101,0.98484224,10
ENSG00000181790,1.557477,1.9977226,10
ENSG00000205186,-0.017537028,0.0,10
ENSG00000131351,2.717294,1.9890803,10
ENSG00000105388,-0.0014501438,0.9412828,10
ENSG00000141867,0.04864828,0.0,10
ENSG00000197483,1.4020165,0.0,10
ENSG00000291145,2.905412,1.2627832,10
ENSG00000008988_1,2.0939233,4.0617504,10
ENSG00000156170_1,2.3648756,1.9723371,10
ENSG00000286034,-0.0063331835,0.0,10
ENSG00000011243,0.10260761,0.0,10
ENSG00000039650,1.6247184,0.9413126,10
ENSG00000176623_1,0.87241113,0.0,10
ENSG00000231924,0.08529437,0.0,10
ENSG00000124449,0.14494942,0.0,10
ENSG00000171827_1,0.30957142,0.0,10
ENSG00000105698,1.9780804,2.471912,10
ENSG00000164733,0.30006543,0.0,10
ENSG00000065000,2.506643,2.6775193,10
ENSG00000206579,1.4938291,1.905472,10
ENSG00000104267,1.5664498,1.426934,10
ENSG00000179922,0.72550035,1.4055171,10
ENSG00000147669,0.45654097,0.0,10
ENSG00000253868,0.0359943,0.0,10
ENSG00000105364_1,2.3740575,3.2029457,10
ENSG00000136573,-0.016433582,0.0,10
ENSG00000184374,-0.02450943,0.0,10
ENSG00000087903_1,2.382819,1.913745,10
ENSG00000255974,0.17436686,0.0,10
ENSG00000203326,0.26841038,2.0017397,10
ENSG00000186918,1.7670203,1.9958545,10
ENSG00000089356_1,0.108640015,0.0,10
ENSG00000039987_1,0.20267153,0.0,10
ENSG00000156735_1,-0.0033019744,0.0,10
ENSG00000168078,1.70529,2.7220783,10
ENSG00000186272,1.0683103,1.85827,10
ENSG00000267383_1,-0.04539311,0.0,10
ENSG00000189144,0.49665457,1.716671,10
ENSG00000253619,0.021841213,0.0,10
ENSG00000201966,0.16571248,1.0218754,10
ENSG00000227392,0.7190161,0.76258856,10
ENSG00000261678,1.5960232,1.2151086,10
ENSG00000172172,0.575086,3.080879,10
ENSG00000104689,1.7962412,2.5143619,10
ENSG00000267339_1,-0.04716763,0.0,10
ENSG00000179134,2.3079617,2.3060882,10
ENSG00000175305,1.5205345,0.0,10
ENSG00000130167,0.08246756,0.0,10
ENSG00000142409,2.3460658,2.610511,10
ENSG00000173281_1,1.2354447,0.81050134,10
ENSG00000062822,2.5465415,2.7572122,10
ENSG00000165046_1,2.0417378,1.4179199,10
ENSG00000132024,2.1792314,2.3078275,10
ENSG00000078579,0.3967086,0.99033886,10
ENSG00000251247_2,0.093232796,0.0,10
ENSG00000164924_1,2.3592906,1.5264298,10
ENSG00000147457,0.008215558,0.0,10
ENSG00000131042,0.16150936,0.0,10
ENSG00000105048,1.6063391,2.615203,10
ENSG00000267159,0.16312706,0.0,10
ENSG00000134028_1,-0.042761892,0.0,10
ENSG00000167671_2,1.805857,2.2281358,10
ENSG00000276980,0.17457573,1.5592241,10
ENSG00000183647,0.9289757,1.911738,10
ENSG00000083307_1,0.28285775,0.0,10
ENSG00000104231,1.5194453,2.3212152,10
ENSG00000164924,0.7567059,0.0,10
ENSG00000189013,-0.012809932,0.0,10
ENSG00000164935,-0.018107653,0.0,10
ENSG00000173273_2,0.0062686987,0.0,10
ENSG00000104976_1,1.9812087,2.2938993,10
ENSG00000197863_2,0.42923173,0.0,10
ENSG00000176209,1.6379163,1.9942292,10
ENSG00000125652,2.4139302,2.586801,10
ENSG00000147592,2.276906,2.9064755,10
ENSG00000130517,1.9926732,0.0,10
ENSG00000188868,0.88694715,1.4229672,10
ENSG00000158856,1.2985085,0.0,10
ENSG00000105369,0.06598848,0.0,10
ENSG00000253948,2.1152866,2.0923557,10
ENSG00000179886,2.453272,1.839063,10
ENSG00000171045,1.9652748,1.8652462,10
ENSG00000070756,0.15870266,0.0,10
ENSG00000291080,1.9795092,1.8409525,10
ENSG00000179284,0.22152057,0.0,10
ENSG00000105370,0.44206977,0.0,10
ENSG00000124444,2.6095788,2.2998993,10
ENSG00000104853_2,0.039102543,0.0,10
ENSG00000105619_1,2.0402975,2.1560037,10
ENSG00000178093,0.8557826,1.1331235,10
ENSG00000170848,0.093423694,0.92895883,10
ENSG00000134028,-0.0016102195,0.0,10
ENSG00000164920,2.2690563,1.541941,10
ENSG00000254858,2.3809273,2.5531545,10
ENSG00000089335,1.2740186,1.5495428,10
ENSG00000171773,0.24943414,1.0193241,10
ENSG00000164930,1.4885806,1.4288634,10
ENSG00000182986_1,2.004331,2.3412485,10
ENSG00000279847,-0.03486815,0.0,10
ENSG00000226807,0.09827915,1.150388,10
ENSG00000104626,2.3719583,2.7064815,10
ENSG00000185728,2.4349072,2.716831,10
ENSG00000104327,0.2927912,2.6161518,10
ENSG00000105643_2,1.7912071,1.8386351,10
ENSG00000201763,-0.0019215196,0.0,10
ENSG00000268318,0.2320421,0.0,10
ENSG00000104904_1,0.9531144,1.7366753,10
ENSG00000012061_2,1.0284208,0.0,10
ENSG00000105323_1,2.7778754,3.0565696,10
ENSG00000126458,2.1648104,0.0,10
ENSG00000160014,2.7113602,3.1843166,10
ENSG00000245598,0.7455275,0.0,10
ENSG00000064961_1,2.3004076,2.194692,10
ENSG00000167671_1,0.76502204,0.0,10
ENSG00000157110_3,0.72708035,1.0489155,10
ENSG00000283555,-0.060747527,0.6927941,10
ENSG00000064547,1.2781166,0.0,10
ENSG00000221947,2.168998,1.930947,10
ENSG00000105509,0.045345653,0.9679783,10
ENSG00000104969,2.4315434,2.87171,10
ENSG00000183617,2.4532697,2.1329956,10
ENSG00000171105,1.5968729,1.5855736,10
ENSG00000130725_1,2.8632104,2.6546674,10
ENSG00000131773,1.658934,1.8196887,10
ENSG00000010361_1,1.2858399,0.0,10
ENSG00000161618,2.5723703,2.4084945,10
ENSG00000160961,2.0816727,2.3042276,10
ENSG00000175895,2.4830723,2.6374598,10
ENSG00000246263,2.1741486,2.090526,10
ENSG00000167562_1,0.9891095,0.0,10
ENSG00000028277_1,1.6446631,2.1341772,10
ENSG00000307772,0.03771498,0.0,10
ENSG00000180739_1,0.5125762,1.3016766,10
ENSG00000147481_2,0.48673484,0.0,10
ENSG00000126934,0.3079256,1.0464952,10
ENSG00000181666_1,0.2550149,0.0,10
ENSG00000197020,1.0267388,2.3101897,10
ENSG00000167775,2.23005,2.5256264,10
ENSG00000188039,0.035004992,0.0,10
ENSG00000268621,0.03579367,1.2372873,10
ENSG00000131037,0.2352624,0.0,10
ENSG00000167904,2.5821085,2.4440713,10
ENSG00000253716,1.8605947,2.5475445,10
ENSG00000088053,1.2746147,0.0,10
ENSG00000164961,1.9741689,2.2620595,10
ENSG00000171236,0.70487547,2.219,10
ENSG00000156795,2.2992933,2.128464,10
ENSG00000156486,1.573758,2.1010249,10
ENSG00000197275,1.7766888,2.1170127,10
ENSG00000120896_2,0.2256907,1.1725154,10
ENSG00000186599,-0.03569752,0.0,10
ENSG00000123154_1,1.4165553,1.5434471,10
ENSG00000160460_1,1.5400451,1.2479978,10
ENSG00000167759_1,0.680678,1.2310871,10
ENSG00000168575_1,1.5715195,0.0,10
ENSG00000186583_1,0.30945945,0.0,10
ENSG00000167635,1.8862776,2.987204,10
ENSG00000213996,0.68993294,1.3828596,10
ENSG00000116017_1,2.3985882,2.6428294,10
ENSG00000104343,1.8931062,1.9343469,10
ENSG00000147465,1.3326085,2.7412674,10
ENSG00000253642,0.03485132,0.0,10
ENSG00000104313_1,0.020448867,0.0,10
ENSG00000167232,-0.0066289604,0.0,10
ENSG00000167701,0.3285366,0.89632773,10
ENSG00000198429,0.6331115,1.7141201,10
ENSG00000176472,1.8457899,1.8841153,10
ENSG00000176782,-0.03647995,0.0,10
ENSG00000169169_1,0.9399425,1.3312653,10
ENSG00000180061,0.19139248,0.0,10
ENSG00000126246_1,0.19056591,0.0,10
ENSG00000267106,1.7650763,1.2509564,10
ENSG00000253168,0.060846835,0.0,10
ENSG00000181007,1.3951751,1.6371193,10
ENSG00000168615,2.479247,0.0,10
ENSG00000269392,0.536899,0.0,10
ENSG00000155975,2.3253233,2.626287,10
ENSG00000065989_1,0.20819443,1.0698012,10
ENSG00000204839_1,0.7829982,1.1560886,10
ENSG00000074219_2,1.1521558,1.9890447,10
ENSG00000126934_1,2.2519953,3.0518508,10
ENSG00000213020,1.546688,0.0,10
ENSG00000269720,1.1309736,1.3411574,10
ENSG00000165156,2.4910018,2.490113,10
ENSG00000105479,0.47153643,0.0,10
ENSG00000167614,1.2306708,1.5599186,10
ENSG00000105726,2.543803,2.7062569,10
ENSG00000167617,0.14054598,0.0,10
ENSG00000064932_1,0.31054434,0.0,10
ENSG00000213096_1,0.6873963,2.5147629,10
ENSG00000160161,0.8412844,1.7682384,10
ENSG00000072062,0.34958616,0.0,10
ENSG00000105325,2.4617634,1.6072727,10
ENSG00000290720,2.276389,0.0,10
ENSG00000293317,1.0006822,0.0,10
ENSG00000104691,2.2679434,2.2071738,10
ENSG00000180257,1.8196607,2.0911286,10
ENSG00000254087,2.15749,2.815159,10
ENSG00000182986,0.13467622,0.0,10
ENSG00000170909,0.1625202,0.0,10
ENSG00000173273_1,0.016393727,0.0,10
ENSG00000159905,0.36267838,0.0,10
ENSG00000077463,1.8815652,2.125312,10
ENSG00000165102,2.3365123,1.8424845,10
ENSG00000079313_1,2.5202136,2.0677364,10
ENSG00000129451,0.9066937,0.0,10
ENSG00000142046,1.2079868,0.0,10
ENSG00000142347_1,0.11102995,0.0,10
ENSG00000130227,2.2105072,2.4631686,10
ENSG00000063127,0.2705649,0.0,10
ENSG00000266903,0.3509408,0.0,10
ENSG00000177335,0.3691468,0.0,10
ENSG00000267448,0.17726278,0.73901826,10
ENSG00000105559_2,0.2642948,1.3472325,10
ENSG00000268081,0.315316,0.95632213,10
ENSG00000123136_1,2.6261768,2.8784213,10
ENSG00000161860,1.8940929,1.2510539,10
ENSG00000164823,0.35955715,1.5786393,10
ENSG00000213967,1.4403261,2.4474308,10
ENSG00000142534,2.399493,3.831333,10
ENSG00000105677,2.2665522,2.2953823,10
ENSG00000128626,2.317112,2.8652093,10
ENSG00000168079,0.15298676,0.0,10
ENSG00000092964,0.46837726,0.0,10
ENSG00000256294,0.5588796,0.0,10
ENSG00000136997_1,1.9396662,3.740568,10
ENSG00000268595_1,0.12185808,0.7485756,10
ENSG00000178951,2.2660592,2.188906,10
ENSG00000104368_1,0.018752705,0.0,10
ENSG00000236814,0.062992066,0.0,10
ENSG00000248538_4,0.29554605,0.0,10
ENSG00000060558,0.16525948,0.8499719,10
ENSG00000127220,1.6605434,1.7692221,10
ENSG00000063244,2.5972283,2.1470916,10
ENSG00000235173,2.2881143,2.1905081,10
ENSG00000142408,0.4711746,1.5945473,10
ENSG00000226686,0.26202458,0.0,10
ENSG00000197140,0.5761814,0.9097164,10
ENSG00000198010,1.6117111,1.3806453,10
ENSG00000127903,0.9310025,1.0919482,10
ENSG00000205517_1,0.46092978,1.2524403,10
ENSG00000105143,1.4705901,1.7696358,10
ENSG00000130726,2.3424065,3.09572,10
ENSG00000130513,1.3524503,0.0,10
ENSG00000205133,1.1011959,0.0,10
ENSG00000130299_1,2.1140766,1.3483243,10
ENSG00000125743,1.0188093,0.0,10
ENSG00000042832,-0.021263316,0.0,10
ENSG00000168081_1,0.35912243,1.0269008,10
ENSG00000253190,1.8185662,1.1311373,10
ENSG00000121005_2,-0.05361519,0.0,10
ENSG00000006712,2.7252853,2.6576772,10
ENSG00000064687_1,0.7756703,0.0,10
ENSG00000076650,1.7842264,2.0973787,10
ENSG00000129691,2.805701,2.4978416,10
ENSG00000096996,0.18269828,0.0,10
ENSG00000076924,0.8149117,0.0,10
ENSG00000158856_2,0.79994535,0.6874398,10
ENSG00000249898,0.014732502,0.0,10
ENSG00000188227_1,0.18181622,0.0,10
ENSG00000083838_1,1.4901303,1.1150777,10
ENSG00000188368,1.992388,2.266561,10
ENSG00000129991_1,0.6650599,1.9243413,10
ENSG00000204869,0.24035233,0.0,10
ENSG00000104660_1,2.0664666,1.0319333,10
ENSG00000168575,0.0014441535,0.0,10
ENSG00000164741,2.0739305,2.2950501,10
ENSG00000249859_5,0.34984374,0.0,10
ENSG00000130749_1,1.1093274,2.3210266,10
ENSG00000172164,1.374391,1.8440421,10
ENSG00000099326,2.8784516,1.7614242,10
ENSG00000196415,0.1690788,0.0,10
ENSG00000172270,1.0868767,1.6702273,10
ENSG00000175073,2.6460485,2.0898697,10
ENSG00000260428,1.5318482,1.6696887,10
ENSG00000282164,0.7242607,0.0,10
ENSG00000185800,2.2722805,1.995328,10
ENSG00000167601,0.7118033,0.0,10
ENSG00000126243,-6.430596e-05,0.0,10
ENSG00000170791,2.1771762,0.0,10
ENSG00000130382_1,2.2174973,2.5302253,10
ENSG00000156802,2.685887,3.129706,10
ENSG00000180448,1.7150607,1.8390064,10
ENSG00000172006_1,2.0784206,1.4208268,10
ENSG00000104907,1.5900664,2.5180926,10
ENSG00000136574,0.11426156,0.0,10
ENSG00000179832_1,0.55200493,0.0,10
ENSG00000213015_1,2.0313447,2.665924,10
ENSG00000253745,0.29293367,0.0,10
ENSG00000125505_1,2.5645921,2.846266,10
ENSG00000104974,-0.010250714,0.0,10
ENSG00000104324,2.1179245,1.7410492,10
ENSG00000123908,2.001446,2.2934356,10
ENSG00000196268,1.7014837,2.126693,10
ENSG00000164751_1,2.0893652,0.0,10
ENSG00000213889_1,0.8624643,1.6946228,10
ENSG00000267133,0.025456026,0.0,10
ENSG00000104237_1,-0.02949839,0.0,10
ENSG00000173480,1.1610558,2.1025195,10
ENSG00000158856_3,0.40357387,1.5650091,10
ENSG00000105701_1,1.3446766,1.7581319,10
ENSG00000185015,0.4922815,0.0,10
ENSG00000171428,0.40846828,1.6065964,10
ENSG00000120889,1.553063,2.0491056,10
ENSG00000250305,0.5212585,0.0,10
ENSG00000105248,2.5124347,2.2807195,10
ENSG00000104957_1,2.2209141,0.0,10
ENSG00000228300_1,2.40605,1.8474493,10
ENSG00000253117,0.0032965764,0.0,10
ENSG00000198182_1,1.1856014,1.9140521,10
ENSG00000076554_4,1.509575,1.5600023,10
ENSG00000178209_2,1.8177512,1.8523275,10
ENSG00000125734_1,2.439281,1.9570515,10
ENSG00000239839,-0.0006761439,0.0,10
ENSG00000179388,1.7858919,2.0765712,10
ENSG00000160111_1,1.3795892,1.5891451,10
ENSG00000125651,0.9008366,3.0908046,10
ENSG00000254027,0.33904967,1.2524647,10
ENSG00000161914,2.3245723,1.808211,10
ENSG00000142453,2.1750014,2.8454702,10
ENSG00000102575,0.571785,1.2215707,10
ENSG00000130813,1.8040487,2.0415623,10
ENSG00000165061,0.5891948,1.3275714,10
ENSG00000131408_1,0.6637664,1.7464006,10
ENSG00000197353,0.21101129,1.4218506,10
ENSG00000104983,1.8616644,0.0,10
ENSG00000196417,0.66981924,0.0,10
ENSG00000147642_2,1.5312073,0.0,10
ENSG00000159915,0.22688378,0.0,10
ENSG00000095066,1.5556623,0.0,10
ENSG00000180739,1.0273321,0.0,10
ENSG00000189144_1,1.1297052,0.0,10
ENSG00000131115_1,0.8362901,1.986615,10
ENSG00000142544,2.1467068,2.0305188,10
ENSG00000104408_1,1.6426047,1.0116212,10
ENSG00000196378,2.0379226,1.841372,10
ENSG00000147655,0.7518847,1.4631671,10
ENSG00000029534_1,0.16707826,0.0,10
ENSG00000156482,2.0599663,3.9852922,10
ENSG00000129351,2.645777,3.4740472,10
ENSG00000104714,2.0565963,2.6051877,10
ENSG00000147601,2.1191041,0.0,10
ENSG00000147416,2.1905828,2.753988,10
ENSG00000171291,0.837922,1.3484411,10
ENSG00000104371,0.48490968,0.0,10
ENSG00000198363_2,0.020163659,0.0,10
ENSG00000161558,2.5994465,2.0038826,10
ENSG00000178287,-0.0036397278,0.0,10
ENSG00000147509,1.8983746,0.0,10
ENSG00000141905,1.9984729,2.2440171,10
ENSG00000179213,0.6449379,0.0,10
ENSG00000204941,-0.007632658,0.0,10
ENSG00000126247_1,0.56174004,2.082013,10
ENSG00000198482,0.93902516,2.2621257,10
ENSG00000133247,2.4773736,2.4543188,10
ENSG00000229140_2,0.6549585,0.0,10
ENSG00000082556,1.0010855,1.4377981,10
ENSG00000121406,0.8529353,1.2991585,10
ENSG00000178209_1,1.8445998,1.0536546,10
ENSG00000104866,1.2506528,1.1311694,10
ENSG00000070501,1.7032844,0.0,10
ENSG00000252179,-0.040958285,0.0,10
ENSG00000142396,2.2696235,3.1033897,10
ENSG00000279529,2.2252605,0.0,10
ENSG00000249859_4,0.24292879,0.0,10
ENSG00000105519,0.23521511,0.83071697,10
ENSG00000063245_1,0.16885628,1.4074589,10
ENSG00000147434,-0.017179266,0.0,10
ENSG00000283632,0.43127558,2.3002627,10
ENSG00000188629,0.6285881,0.0,10
ENSG00000105647,2.5740452,2.2961142,10
ENSG00000105711,1.751904,1.4377189,10
ENSG00000214456,1.4443408,0.0,10
ENSG00000130165,2.0142536,0.0,10
ENSG00000090006_4,0.9006754,0.0,10
ENSG00000099795,1.5757197,0.0,10
ENSG00000171711,-0.018171795,0.0,10
ENSG00000105619,0.7563549,0.0,10
ENSG00000267673,1.1102489,0.0,10
ENSG00000176623,1.7492338,2.8392045,10
ENSG00000155926_1,0.1834063,0.0,10
ENSG00000132016,2.194461,1.963462,10
ENSG00000160318,0.2454683,0.0,10
ENSG00000164816,-0.0155374035,0.0,10
ENSG00000267201,0.16254146,0.9504135,10
ENSG00000213904,0.9828588,1.684321,10
ENSG00000074855,2.2852051,1.8424594,10
ENSG00000104679,1.4746972,0.0,10
ENSG00000179820_3,1.9829137,0.0,10
ENSG00000141905_3,0.12056619,0.0,10
ENSG00000293178,0.6704,1.5093235,10
ENSG00000133863,0.54378486,2.2708442,10
ENSG00000095059,2.3335826,2.6807342,10
ENSG00000254008,0.7629739,1.3862135,10
ENSG00000012124,0.26362357,0.0,10
ENSG00000216490_1,0.88064027,3.1617212,10
ENSG00000169398_3,2.258224,2.4901369,10
ENSG00000164924_4,2.34539,2.5657887,10
ENSG00000213889,1.5082678,1.2909868,10
ENSG00000253554,0.009340301,0.0,10
ENSG00000008853_3,0.40195057,0.0,10
ENSG00000253227,0.060464095,0.0,10
ENSG00000155087,0.122670285,0.0,10
ENSG00000125746_2,0.43322983,0.0,10
ENSG00000171466,1.9973884,2.5448442,10
ENSG00000104879,0.059301924,0.70876074,10
ENSG00000130479,1.5841111,2.5324192,10
ENSG00000205189_1,1.7758976,1.8197412,10
ENSG00000142546,0.16769528,0.0,10
ENSG00000186106,1.042799,2.2575226,10
ENSG00000249898_1,2.3535583,1.989343,10
ENSG00000132541,1.9990209,0.0,10
ENSG00000269289,-0.01262999,0.0,10
ENSG00000249709,1.9238394,1.8713977,10
ENSG00000064932_3,1.8629273,2.593667,10
ENSG00000254340,0.074658476,0.0,10
ENSG00000130475_2,0.13731307,0.0,10
ENSG00000174837,0.029143017,0.0,10
ENSG00000257704,2.3849475,2.9826782,10
ENSG00000172009,2.20786,2.5551126,10
ENSG00000147789,2.2108293,1.9048724,10
ENSG00000167562,0.93747866,0.0,10
ENSG00000104320,0.0015664771,0.0,10
ENSG00000147576,1.1097252,1.3083509,10
ENSG00000183668,0.0071872883,0.0,10
ENSG00000228300,2.7700646,3.0464678,10
ENSG00000104951_1,2.5957453,3.3620677,10
ENSG00000253729,0.14045948,1.177825,10
ENSG00000099864_1,1.8142909,1.5183823,10
ENSG00000116017,2.4268358,2.7364683,10
ENSG00000172081,0.529361,1.1447299,10
ENSG00000251136_1,1.9336517,1.1865609,10
ENSG00000268751,0.9518615,1.6302752,10
ENSG00000147481_3,0.0522508,0.0,10
ENSG00000104472,2.5313642,2.9524002,10
ENSG00000129455_1,0.10074341,0.0,10
ENSG00000277531,0.688609,0.0,10
ENSG00000209702,0.4659743,1.307068,10
ENSG00000184647,0.123295546,0.0,10
ENSG00000132561_2,0.0021719933,0.0,10
ENSG00000007129_1,0.13289219,0.0,10
ENSG00000121022,0.78102565,3.0300326,10
ENSG00000133243,1.8797506,2.1284316,10
ENSG00000104883,1.7639395,1.3149201,10
ENSG00000168495_1,1.771532,2.2871206,10
ENSG00000104375_2,0.19175264,0.0,10
ENSG00000184428_1,1.3901252,0.0,10
ENSG00000104419_2,-0.01109476,0.0,10
ENSG00000255491_2,0.100270726,0.6095304,10
ENSG00000167702_1,1.9307578,1.1865834,10
ENSG00000261236,2.2119803,2.9159925,10
ENSG00000123146,0.052880872,0.0,10
ENSG00000277586,1.056985,1.8057251,10
ENSG00000004777,2.079108,0.0,10
ENSG00000255491,0.308031,1.9760104,10
ENSG00000105321_1,0.799003,1.490857,10
ENSG00000167815_1,2.3316567,3.1255398,10
ENSG00000205133_1,0.70415986,1.9920628,10
ENSG00000123810,2.55196,2.2552943,10
ENSG00000181638,2.1809235,1.8674321,10
ENSG00000127616_1,2.392577,1.6940873,10
ENSG00000256087_1,1.0942619,0.0,10
ENSG00000205883,-0.02141703,0.0,10
ENSG00000277494,0.17023201,0.0,10
ENSG00000099330_1,2.174009,2.4761589,10
ENSG00000171817,0.9874573,1.0983667,10
ENSG00000120533,2.1407273,3.4220002,10
ENSG00000104824,2.7086675,3.6108208,10
ENSG00000121005,0.9195695,1.5743902,10
ENSG00000268480,0.10793565,0.0,10
ENSG00000168300_1,2.2789106,2.4355419,10
ENSG00000183850,1.1199553,1.6725135,10
ENSG00000008441_1,0.0060483515,0.0,10
ENSG00000197124_1,0.36432636,1.1795633,10
ENSG00000105323_2,1.7825143,0.0,10
ENSG00000130813_2,0.49406764,0.0,10
ENSG00000267107,0.019572701,0.0,10
ENSG00000283992,0.90621626,0.0,10
ENSG00000129451_2,0.2149334,0.6224627,10
ENSG00000173334,2.1983218,2.384461,10
ENSG00000105048_1,0.08903538,0.0,10
ENSG00000167671,0.3843364,0.0,10
ENSG00000104825_1,1.966008,2.205104,10
ENSG00000164733_2,2.0257041,0.0,10
ENSG00000089327,1.9539149,3.626751,10
ENSG00000147697,0.19756705,0.0,10
ENSG00000180938,0.89080954,1.4357806,10
ENSG00000254521,0.22333658,1.8443902,10
ENSG00000105698_1,1.9382168,1.9163487,10
ENSG00000167380,1.3780249,1.8809656,10
ENSG00000169499,0.90878415,0.0,10
ENSG00000064545,0.8288356,0.0,10
ENSG00000156804,1.5619469,1.403395,10
ENSG00000253133,2.2669063,2.3890066,10
ENSG00000130669,0.912161,2.07829,10
ENSG00000099860,1.7750717,1.3904865,10
ENSG00000171443,2.5604331,2.0191746,10
ENSG00000221869,1.6584365,2.1548772,10
ENSG00000187266,1.0377638,0.0,10
ENSG00000127452_1,1.591978,1.6462175,10
ENSG00000165078,0.059139274,1.4086639,10
ENSG00000126266,0.23893754,0.0,10
ENSG00000064490_1,1.1664544,2.8439817,10
ENSG00000104872,1.8874639,2.7867854,10
ENSG00000245281_1,0.68216825,0.0,10
ENSG00000167658_1,2.3600173,4.2439356,10
ENSG00000253374,0.0874176,0.0,10
ENSG00000181894_1,1.5289036,1.3337696,10
ENSG00000223802,0.12553516,0.0,10
ENSG00000267106_1,1.6719389,0.0,10
ENSG00000161091,2.3747072,2.6925738,10
ENSG00000105426,0.46615967,0.0,10
ENSG00000154188_1,0.36022213,1.4406604,10
ENSG00000156162_1,2.4573421,1.9620092,10
ENSG00000267680,1.1848217,0.0,10
ENSG00000099624,2.199827,3.7279696,10
ENSG00000168481,1.5662545,1.4549972,10
ENSG00000187550,0.15020823,0.7340794,10
ENSG00000105672,1.0674084,1.6731223,10
ENSG00000164687,1.4731799,2.6899045,10
ENSG00000181781_1,0.50328845,1.3670949,10
ENSG00000253230,0.12251657,0.0,10
ENSG00000104774_1,0.39256564,2.1560795,10
ENSG00000105679,0.63882136,1.0392555,10
ENSG00000105287_1,1.0195029,2.7109284,10
ENSG00000147454,2.4406626,3.5195746,10
ENSG00000248538,1.102664,0.0,10
ENSG00000207166,0.1661391,1.0962493,10
ENSG00000028277,0.24486783,0.0,10
ENSG00000173809,0.66203034,1.0629954,10
ENSG00000242221,-0.004148353,0.0,10
ENSG00000293317_1,0.04441806,0.0,10
ENSG00000176490,1.6062093,1.8707023,10
ENSG00000104835,2.4989111,2.509392,10
ENSG00000253230_3,1.2814158,1.3121562,10
ENSG00000127526,2.3442085,2.599337,10
ENSG00000181195,0.893479,0.0,10
ENSG00000177045_1,1.5053324,1.6378298,10
ENSG00000104635_1,2.064609,1.2068528,10
ENSG00000141854,2.1182632,2.149927,10
ENSG00000290988,0.51961386,1.3554707,10
ENSG00000063180,0.5615765,1.2990713,10
ENSG00000228862,0.25134137,0.0,10
ENSG00000179820,0.093985185,0.0,10
ENSG00000077782,0.07878719,0.0,10
ENSG00000105514_1,0.9436377,0.0,10
ENSG00000127663,2.2262304,2.6708941,10
ENSG00000270164_1,0.031367578,0.0,10
ENSG00000147642_1,0.04471705,0.0,10
ENSG00000104529,1.9611558,0.0,10
ENSG00000205038,0.3103864,1.6691308,10
ENSG00000104973,1.4946451,2.8320968,10
ENSG00000127540,2.1802826,3.3802311,10
ENSG00000176571,-0.034435757,0.0,10
ENSG00000183401,0.17974071,0.0,10
ENSG00000254377_3,0.5721079,1.0489078,10
ENSG00000137575,2.1908395,2.6875308,10
ENSG00000221914_2,0.12065962,0.0,10
ENSG00000267260,0.89831495,0.0,10
ENSG00000179632,2.5997412,2.6372995,10
ENSG00000171119,1.6945722,1.6426228,10
ENSG00000167625,2.19688,2.1874135,10
ENSG00000141837_1,1.4245255,1.295039,10
ENSG00000185803_1,2.2765594,2.2225604,10
ENSG00000046889,1.3802577,1.6302651,10
ENSG00000121022_1,1.5050691,3.07359,10
ENSG00000147571,0.104937926,1.2771506,10
ENSG00000171777,0.54405344,1.1899953,10
ENSG00000187902,0.7220446,1.1848447,10
ENSG00000105523,0.34131688,0.8860957,10
ENSG00000066827_2,2.453819,1.8256662,10
ENSG00000205076,0.20192918,0.0,10
ENSG00000132294,1.9019945,2.230219,10
ENSG00000130208_2,0.5021677,2.3547173,10
ENSG00000253557_1,0.0011799261,0.0,10
ENSG00000126457,2.6400166,2.6949341,10
ENSG00000105298,2.495691,2.453534,10
ENSG00000147481,0.95081913,0.0,10
ENSG00000073008,1.2747766,1.7352235,10
ENSG00000204653_1,1.1988502,1.127202,10
ENSG00000105640,2.6423442,4.2224717,10
ENSG00000060566,0.3864312,0.886028,10
ENSG00000136986_1,0.013455011,0.0,10
ENSG00000172733,1.9938911,1.8069867,10
ENSG00000105771,2.8381994,2.875397,10
ENSG00000008513_1,0.0047049485,0.0,10
ENSG00000130208_1,0.47405714,2.4209635,10
ENSG00000267879,-0.011840478,0.0,10
ENSG00000179913_1,0.6061106,1.2670778,10
ENSG00000079805,2.3509626,2.8804648,10
ENSG00000205396,0.2772402,0.0,10
ENSG00000173281,1.6926173,0.0,10
ENSG00000104205,1.4616574,1.4425582,10
ENSG00000024422,1.299872,2.7522645,10
ENSG00000130332,2.2713785,0.0,10
ENSG00000105641,0.8362013,1.2699797,10
ENSG00000290427,-0.018204555,0.0,10
ENSG00000120896_3,0.46914563,0.0,10
ENSG00000021488,-0.003972944,0.0,10
ENSG00000182087,2.6083891,2.884546,10
ENSG00000130522,2.5128186,3.2739916,10
ENSG00000182759,1.9084946,1.5488806,10
ENSG00000251191,-0.03815475,0.0,10
ENSG00000065989,2.3605392,2.0357099,10
ENSG00000160994,0.46163154,1.3031096,10
ENSG00000180190,1.2876407,1.0142264,10
ENSG00000091879,0.23247558,0.0,10
ENSG00000249471,1.7078843,2.1074915,10
ENSG00000142541,2.4621232,4.3779454,10
ENSG00000104918,0.13955821,0.0,10
ENSG00000197892,0.05489127,0.0,10
ENSG00000115266_1,1.1562539,0.0,10
ENSG00000168300,-0.015502851,0.7894397,10
ENSG00000197013,0.95153487,2.0770588,10
ENSG00000125656_1,0.16865847,0.0,10
ENSG00000105357,0.0059883893,0.0,10
ENSG00000228801,2.2289608,1.6432256,10
ENSG00000126464,1.8002771,2.6522076,10
ENSG00000249115,1.5328165,2.4287047,10
ENSG00000142002,0.17237176,0.0,10
ENSG00000182472,0.6576123,0.0,10
ENSG00000252067,0.0063950717,0.0,10
ENSG00000064932_2,0.39261153,1.3374991,10
ENSG00000178229,2.2668037,1.856064,10
ENSG00000070756_3,1.9405892,4.3444433,10
ENSG00000105063,0.097904675,0.0,10
ENSG00000245164,0.029866189,1.1130404,10
ENSG00000216588,0.011931825,0.0,10
ENSG00000233927,2.032101,4.375638,10
ENSG00000147586_1,1.848058,1.5979254,10
ENSG00000201675,0.61838436,1.8564086,10
ENSG00000105204,1.9654839,1.6456482,10
ENSG00000154328,2.0027514,2.121983,10
ENSG00000176406_1,1.2023637,1.0319172,10
ENSG00000130876,1.0162514,1.2977387,10
ENSG00000175445,0.32964855,2.022721,10
ENSG00000051128,0.051167376,0.7340794,10
ENSG00000130520,2.553581,3.1025126,10
ENSG00000099800,2.6592343,3.095661,10
ENSG00000104529_2,2.4725718,3.4567091,10
ENSG00000187954,2.1509585,2.3444316,10
ENSG00000083814,0.6361673,0.0,10
ENSG00000168995,0.1586065,0.0,10
ENSG00000253819,0.0013751499,0.0,10
ENSG00000249861,-0.037648544,0.0,10
ENSG00000249816_1,0.18975675,0.0,10
ENSG00000186020_1,0.9943391,1.3614067,10
ENSG00000104435,-0.011111066,0.0,10
ENSG00000105245,2.2555006,2.355237,10
ENSG00000234616,2.1892235,2.197308,10
ENSG00000253314,0.0098039955,0.0,10
ENSG00000104427,1.4289898,0.0,10
ENSG00000089351_2,2.1720607,1.1130404,10
ENSG00000269855,0.20456292,0.97927517,10
ENSG00000175221,2.203688,2.449162,10
ENSG00000283103_1,1.7346374,2.3663108,10
ENSG00000283959,2.0453682,0.0,10
ENSG00000072958,2.1138487,2.440265,10
ENSG00000187556,0.16943353,0.81870085,10
ENSG00000104885_1,2.4297178,1.732257,10
ENSG00000147526_3,0.024688553,0.0,10
ENSG00000120899_1,0.37129372,0.0,10
ENSG00000179632_1,2.0488355,0.0,10
ENSG00000260001,0.9121072,1.3362796,10
ENSG00000125746_1,1.8150135,2.332709,10
ENSG00000198576,1.5213156,1.4329212,10
ENSG00000128011,1.7071776,2.002006,10
ENSG00000134014,-0.018011272,0.0,10
ENSG00000184156,1.3527372,2.1069045,10
ENSG00000159882,0.6660899,0.0,10
ENSG00000177051,1.3590448,2.0033183,10
ENSG00000196361,1.5469934,1.6163936,10
ENSG00000105397_2,2.3052065,0.0,10
ENSG00000063169,2.002912,2.1495578,10
ENSG00000167470_1,2.1699202,2.8094115,10
ENSG00000196357_1,2.6916032,1.9243517,10
ENSG00000133250,2.575888,2.2628307,10
ENSG00000104763,2.372406,2.6105547,10
ENSG00000287952,1.9620774,3.6152735,10
ENSG00000164758,0.82612956,0.0,10
ENSG00000141985,2.2259412,2.6751447,10
ENSG00000104320_2,2.2766092,2.8566008,10
ENSG00000221914,1.9952358,2.9257143,10
ENSG00000105281_1,0.77037096,0.0,10
ENSG00000180190_1,1.2344725,1.551811,10
ENSG00000147475,2.230726,2.488346,10
ENSG00000267508,0.61734843,1.0583197,10
ENSG00000180855,0.85541415,0.0,10
ENSG00000253796,-0.04613679,0.0,10
ENSG00000125744_1,1.8450812,1.8906893,10
ENSG00000105357_1,1.188055,0.0,10
ENSG00000267777,0.0012934394,0.0,10
ENSG00000185453,2.3731709,1.2613105,10
ENSG00000167769,0.29914916,0.0,10
ENSG00000160633,2.7236564,3.306873,10
ENSG00000147642,0.017496206,0.0,10
ENSG00000130812,2.1576214,0.0,10
ENSG00000104967_1,0.5823896,1.1485101,10
ENSG00000179943,1.9961947,1.9602376,10
ENSG00000188051,1.5208908,1.9543535,10
ENSG00000123143_1,1.875556,1.4959743,10
ENSG00000105223,2.268029,2.6713932,10
ENSG00000253661,0.24991971,0.7138768,10
ENSG00000012232_1,2.0630152,2.1397846,10
ENSG00000180155_1,1.0489358,0.0,10
ENSG00000267710,0.0033134706,0.0,10
ENSG00000105767,1.7208046,1.9480608,10
ENSG00000147485_1,0.23844776,0.0,10
ENSG00000183019,0.009259712,0.0,10
ENSG00000180155,0.83139,1.0488766,10
ENSG00000184608,0.009649403,0.0,10
ENSG00000141837,1.3803283,1.2069337,10
ENSG00000155097,2.2235835,2.6978629,10
ENSG00000177182_1,0.020853836,1.2295283,10
ENSG00000253138_2,0.036109168,0.0,10
ENSG00000160877_1,2.3241704,2.531862,10
ENSG00000197016,0.7331579,0.0,10
ENSG00000161016,2.4649193,2.531964,10
ENSG00000090924,1.1011131,1.1251884,10
