,Pred,actual,fold_idx
ENSG00000107104,1.7143208,0.0,12
ENSG00000107201,1.1766927,0.0,12
ENSG00000130558_1,1.3921593,1.7665913,12
ENSG00000136810,2.311228,3.5798407,12
ENSG00000119328,1.7115914,1.9144225,12
ENSG00000182938,0.52457374,1.1240149,12
ENSG00000108375_1,1.3491448,2.3769417,12
ENSG00000165119,0.23342413,2.089665,12
ENSG00000119514,1.467002,1.8251729,12
ENSG00000181634,0.22783431,0.0,12
ENSG00000126883_4,0.0409731,0.0,12
ENSG00000160446,2.0764334,2.675541,12
ENSG00000119403_1,2.294558,2.5954895,12
ENSG00000161547,2.328075,3.766241,12
ENSG00000131759,0.28109714,0.0,12
ENSG00000213218,0.06264895,0.0,12
ENSG00000136895_3,0.026273321,0.0,12
ENSG00000187742,2.3688228,2.470134,12
ENSG00000012048_1,1.9220183,2.6250737,12
ENSG00000171401,0.2119264,0.8309157,12
ENSG00000154263,0.03375147,0.0,12
ENSG00000164972_1,0.02950177,0.0,12
ENSG00000175866,1.2083335,1.4395221,12
ENSG00000175826,2.1739233,2.9577558,12
ENSG00000167880,0.2902271,1.0606978,12
ENSG00000126353,1.4705456,3.955719,12
ENSG00000170296_1,2.1743495,3.0458822,12
ENSG00000197506,-0.0010695942,1.0986818,12
ENSG00000176358,0.07657948,0.0,12
ENSG00000136881,-0.033658747,0.0,12
ENSG00000141738,0.1652005,0.0,12
ENSG00000141219,1.8974125,1.9779521,12
ENSG00000275143,0.81223315,0.89713204,12
ENSG00000176927_1,-0.0014601387,0.0,12
ENSG00000235530,2.2537653,1.913708,12
ENSG00000136929,0.08199586,0.0,12
ENSG00000108848,2.1754532,3.343046,12
ENSG00000011052,2.253569,3.1637008,12
ENSG00000131668,1.3433988,1.6663682,12
ENSG00000136824_1,1.6483363,2.349664,12
ENSG00000129204,0.80502623,1.3924859,12
ENSG00000161654_1,2.1700287,3.328561,12
ENSG00000293480,1.147831,1.5411422,12
ENSG00000108387_4,0.037122387,0.0,12
ENSG00000108506,1.7234296,2.4546635,12
ENSG00000122756,1.4484493,0.0,12
ENSG00000198000,1.658789,2.868254,12
ENSG00000141556,1.847026,2.454479,12
ENSG00000148248,2.164138,2.7425547,12
ENSG00000107105_1,1.3047746,1.8298181,12
ENSG00000148090,1.6195215,2.1446147,12
ENSG00000160271,2.0896735,1.5031476,12
ENSG00000107036,2.6890123,2.7122252,12
ENSG00000182752,0.0003479235,0.0,12
ENSG00000167434,1.0256846,1.451725,12
ENSG00000181885,0.42018488,0.0,12
ENSG00000184925,0.10641086,0.95616364,12
ENSG00000109047,0.062473197,0.0,12
ENSG00000012048,0.023124944,0.0,12
ENSG00000236849,-0.010080565,0.0,12
ENSG00000136444,1.9539748,0.0,12
ENSG00000167723_1,1.3000064,2.5559065,12
ENSG00000171928,1.8991272,2.2814243,12
ENSG00000196116,1.905456,2.2239914,12
ENSG00000132535_2,0.20674072,0.0,12
ENSG00000178607,2.3497822,2.3021967,12
ENSG00000083290,1.356695,1.592532,12
ENSG00000106852_2,1.1714058,1.7073061,12
ENSG00000222581,-0.028264578,0.0,12
ENSG00000108821_2,0.16131893,1.0122508,12
ENSG00000189375,0.053005766,0.66981876,12
ENSG00000148334_1,1.9962159,1.9065721,12
ENSG00000129245,2.4712062,2.228734,12
ENSG00000176927,2.2201529,2.8700643,12
ENSG00000108669_2,0.8990169,1.7183688,12
ENSG00000161653_1,0.89666945,1.1716679,12
ENSG00000166484_1,2.0384018,1.7005999,12
ENSG00000290657,0.3693231,0.0,12
ENSG00000125484_1,2.1789813,2.1764905,12
ENSG00000172889,0.21255606,0.0,12
ENSG00000249406,0.44354638,1.8520467,12
ENSG00000267432,1.6796788,0.36410052,12
ENSG00000005381_1,0.09694059,0.784389,12
ENSG00000109101_1,0.17313138,1.473846,12
ENSG00000287737,1.8360801,0.0,12
ENSG00000178927,2.2054598,2.2802777,12
ENSG00000066697,1.743236,2.3971229,12
ENSG00000108700,-0.020245325,0.0,12
ENSG00000233901,0.69616926,0.940068,12
ENSG00000136488,0.038388375,0.0,12
ENSG00000141510_1,1.7576306,3.1896474,12
ENSG00000180901_1,2.0596411,2.177112,12
ENSG00000171431,-0.013470177,0.49596038,12
ENSG00000196169,1.2270049,0.0,12
ENSG00000108654_2,2.531482,4.17879,12
ENSG00000178307,2.1398108,2.715614,12
ENSG00000188554_1,2.2990654,2.4388444,12
ENSG00000129226,1.0974708,1.9912127,12
ENSG00000186665_1,0.09209138,0.0,12
ENSG00000067191_2,1.5086457,1.9612597,12
ENSG00000184640_7,1.4804468,2.8363006,12
ENSG00000109113,0.8975283,1.1687626,12
ENSG00000161921_1,1.1906036,1.4680666,12
ENSG00000107263,1.1213359,0.81372106,12
ENSG00000170835,0.12403111,0.0,12
ENSG00000198000_1,2.3227842,2.929659,12
ENSG00000119403,1.0775485,0.7132805,12
ENSG00000108468_1,2.3118153,3.1489203,12
ENSG00000125454,2.504863,2.6476958,12
ENSG00000119508,1.7780722,1.9058229,12
ENSG00000132530,0.36867568,0.0,12
ENSG00000141524_1,1.7124556,2.048131,12
ENSG00000167914_1,0.13870136,0.0,12
ENSG00000141258,2.1156535,2.1774962,12
ENSG00000279602,2.2112753,2.332099,12
ENSG00000182459,0.09606324,0.0,12
ENSG00000107105_2,0.16779289,0.0,12
ENSG00000129219,1.2866184,1.8187536,12
ENSG00000148300,1.9975652,2.6519222,12
ENSG00000278834,2.2742965,2.127623,12
ENSG00000148154,2.306533,2.9908447,12
ENSG00000070159,1.2938207,1.409595,12
ENSG00000119326,1.8360744,2.288607,12
ENSG00000222760,0.054742422,0.0,12
ENSG00000263293_1,2.0052707,0.0,12
ENSG00000165684,1.9083694,2.1248822,12
ENSG00000167536,1.978783,2.195346,12
ENSG00000171855,0.034489546,0.6818741,12
ENSG00000240813,0.012997296,1.4749181,12
ENSG00000132535_3,0.42780748,1.6068755,12
ENSG00000135047,0.85505146,1.2676879,12
ENSG00000233901_1,0.044775296,0.0,12
ENSG00000148218,1.3610829,2.1141105,12
ENSG00000265542,0.021639,1.0024685,12
ENSG00000291022,0.10358569,0.0,12
ENSG00000168610,0.07128318,0.0,12
ENSG00000121057,2.4164855,2.625549,12
ENSG00000081377_1,1.1792377,1.7064618,12
ENSG00000148225,0.67435974,0.0,12
ENSG00000148290,1.9212874,1.8528105,12
ENSG00000132514,0.032174375,0.0,12
ENSG00000177728_1,0.23760462,0.91828257,12
ENSG00000167842,2.5059257,2.400253,12
ENSG00000269929,2.564687,2.1442192,12
ENSG00000165006,1.8943847,2.7114277,12
ENSG00000189159_1,2.2231853,3.5974538,12
ENSG00000179859_1,1.4981214,1.8417035,12
ENSG00000154262_2,0.030119907,0.76523626,12
ENSG00000291185,0.4380555,0.0,12
ENSG00000204278_1,1.1166664,1.5444897,12
ENSG00000198876,2.2582877,2.832943,12
ENSG00000107165,-0.04141188,0.0,12
ENSG00000148156,0.13095292,0.0,12
ENSG00000160271_2,0.66471803,1.379097,12
ENSG00000278774,2.348024,0.0,12
ENSG00000108773,1.1188635,1.4061824,12
ENSG00000165124,0.9122152,1.3476032,12
ENSG00000184451_1,0.98753434,1.2924776,12
ENSG00000277161,2.2907183,2.137164,12
ENSG00000187866,2.0295396,2.2184043,12
ENSG00000074660,1.0802097,0.0,12
ENSG00000141526_2,2.0667636,2.3973837,12
ENSG00000108312_1,2.1304853,2.5413496,12
ENSG00000106829_3,1.723773,1.5632437,12
ENSG00000179148,0.25305608,1.1262906,12
ENSG00000213246_1,0.73322016,1.2306533,12
ENSG00000108788,2.0427501,2.720151,12
ENSG00000185963,2.187795,2.0392952,12
ENSG00000109061,-0.048451986,0.0,12
ENSG00000126581,1.8003159,2.9092286,12
ENSG00000172301,1.3063643,0.0,12
ENSG00000146872,0.62906396,0.0,12
ENSG00000107186_2,-0.0047912337,0.0,12
ENSG00000201920,0.068479985,1.3706056,12
ENSG00000108946_1,2.3691146,3.2276502,12
ENSG00000207277,1.5735898,1.4155409,12
ENSG00000198920,0.018080782,0.0,12
ENSG00000133020,-0.048293967,0.0,12
ENSG00000108797,1.2766348,2.2034218,12
ENSG00000141510,0.06836687,0.0,12
ENSG00000277791,2.155922,3.2962549,12
ENSG00000119457,0.8956923,1.290869,12
ENSG00000225472,0.0045989044,0.0,12
ENSG00000166260,2.2168362,2.6881127,12
ENSG00000198642,2.2184472,2.4453707,12
ENSG00000154914,1.0545689,1.5106388,12
ENSG00000130222,0.73495436,1.2101847,12
ENSG00000108840,2.2755046,2.416712,12
ENSG00000132522_1,2.2452667,2.4067905,12
ENSG00000136819,2.232005,2.994296,12
ENSG00000141252,0.0009379275,0.0,12
ENSG00000148200,2.2251897,1.9657519,12
ENSG00000227036_2,0.9384493,1.5750642,12
ENSG00000131095_1,0.3354011,1.4384791,12
ENSG00000187210,1.1362578,1.3074105,12
ENSG00000160408,0.2242674,0.6964263,12
ENSG00000108984_1,0.3756332,1.7448092,12
ENSG00000231902,0.0028567873,0.0,12
ENSG00000006695,1.7347926,2.3939102,12
ENSG00000131475,1.1449686,2.8762681,12
ENSG00000180447,1.1186172,1.5548767,12
ENSG00000261371_1,0.2414119,1.5328435,12
ENSG00000197355,2.0368302,2.2458038,12
ENSG00000173068,0.019694906,0.0,12
ENSG00000290770,2.1506553,2.2631838,12
ENSG00000147912,1.8750094,1.2652897,12
ENSG00000095321,1.9222293,1.6050678,12
ENSG00000178921,2.1012487,1.4805387,12
ENSG00000135069,1.7630614,2.715984,12
ENSG00000108733,1.8613856,2.0058281,12
ENSG00000006062,2.6443036,2.5487688,12
ENSG00000188554,1.8533214,1.9333,12
ENSG00000141582,1.9350075,2.7148912,12
ENSG00000183684,2.0824518,3.4185069,12
ENSG00000167695,1.8771883,2.0190997,12
ENSG00000119333,2.4430754,0.0,12
ENSG00000073350_1,0.059688155,0.0,12
ENSG00000177602,2.1097682,2.3434086,12
ENSG00000185972,0.04274753,0.0,12
ENSG00000167850,0.04234502,1.0404441,12
ENSG00000108671,2.1771052,3.0438259,12
ENSG00000106688,2.326175,1.807738,12
ENSG00000095319,2.097858,2.6160731,12
ENSG00000270547,-0.02219576,0.0,12
ENSG00000108381,0.024235722,0.0,12
ENSG00000274512,0.17837226,0.0,12
ENSG00000267166,0.21562755,0.0,12
ENSG00000221676,1.8415037,0.0,12
ENSG00000204054_1,0.051138844,0.65739053,12
ENSG00000131899,1.5382863,1.6853117,12
ENSG00000141161,0.03521118,0.0,12
ENSG00000167103,0.070709884,0.793555,12
ENSG00000159217,0.8296339,2.5938475,12
ENSG00000161958_2,0.77153605,1.8122447,12
ENSG00000141255,0.34764907,0.72414476,12
ENSG00000136897,1.9809328,2.9164777,12
ENSG00000212724,0.88646346,0.0,12
ENSG00000132517,0.3095338,0.0,12
ENSG00000167914,0.14973986,0.8786941,12
ENSG00000167711,0.07739107,0.0,12
ENSG00000184640_3,0.8269395,0.0,12
ENSG00000160408_2,1.0190394,0.0,12
ENSG00000065559_1,0.039033454,0.0,12
ENSG00000136870,2.048506,2.1026156,12
ENSG00000174282,1.9057397,2.081495,12
ENSG00000278259_2,2.147868,2.1373858,12
ENSG00000178502,2.1212091,2.450189,12
ENSG00000132361,2.1438167,3.0646527,12
ENSG00000167112,1.4061412,2.7726693,12
ENSG00000235601,0.9806629,1.0272273,12
ENSG00000121053,0.03295586,0.83301955,12
ENSG00000188647_1,2.121431,2.3722067,12
ENSG00000182040,0.46004865,1.1904438,12
ENSG00000198909,2.1522424,2.2661612,12
ENSG00000004139,1.1418747,0.0,12
ENSG00000160408_1,1.7182721,2.1166973,12
ENSG00000156345,0.7805466,0.0,12
ENSG00000107014,0.23415121,0.0,12
ENSG00000265148_1,2.364654,2.193959,12
ENSG00000171403,0.46459398,0.89535624,12
ENSG00000222293,0.043110427,0.0,12
ENSG00000243678,2.2949255,3.6365602,12
ENSG00000106829_4,0.040143173,0.0,12
ENSG00000183153,0.08912365,0.0,12
ENSG00000185862,0.7297208,0.0,12
ENSG00000213373,0.036614154,0.0,12
ENSG00000119397,2.2720034,2.771509,12
ENSG00000132383,2.1065867,2.8294132,12
ENSG00000037042,1.5219837,1.6253844,12
ENSG00000179029,1.8325323,2.0393388,12
ENSG00000131473,2.0325928,2.4808488,12
ENSG00000148019,1.8164916,2.6381598,12
ENSG00000171097_1,2.1117866,2.009162,12
ENSG00000176155,1.7772015,2.0055108,12
ENSG00000169727,1.4113955,2.2108533,12
ENSG00000141564,0.9070611,2.5905833,12
ENSG00000137101_2,1.9944898,0.8224231,12
ENSG00000171345,0.7345373,1.3925738,12
ENSG00000131771,0.72718537,1.5791317,12
ENSG00000126861,-0.008869495,0.0,12
ENSG00000171953,2.0608807,2.3771367,12
ENSG00000178999,2.2071383,1.5277716,12
ENSG00000129657_1,0.14263895,0.0,12
ENSG00000132470_1,1.3193191,1.6200527,12
ENSG00000125430,0.9859305,1.8408586,12
ENSG00000030304_1,0.037856255,0.0,12
ENSG00000141527,0.031938333,0.5897039,12
ENSG00000277688,0.398991,0.6041504,12
ENSG00000125414,-0.039347667,0.0,12
ENSG00000265749,0.01740801,0.0,12
ENSG00000129214,0.9144112,0.0,12
ENSG00000168259,2.1822393,1.5509129,12
ENSG00000161513_1,2.1274626,2.6595187,12
ENSG00000293440_1,0.06424959,0.0,12
ENSG00000267104,0.24425465,0.0,12
ENSG00000062725_1,1.9836329,2.5727253,12
ENSG00000187024_1,0.25831196,0.8824505,12
ENSG00000277161_1,1.8893256,1.805086,12
ENSG00000171401_1,0.15753175,0.0,12
ENSG00000171634,2.1141868,2.7783322,12
ENSG00000064195,0.42783195,0.0,12
ENSG00000107018,0.40540802,1.1239692,12
ENSG00000136867,1.2880634,1.3312045,12
ENSG00000228696,1.9519135,0.0,12
ENSG00000276023,1.8740617,2.3113873,12
ENSG00000176101,2.2486346,2.3874254,12
ENSG00000225626,0.16977191,0.0,12
ENSG00000108312_2,1.5098289,2.2508223,12
ENSG00000233223_1,2.2996082,1.7917047,12
ENSG00000120071,0.047361534,1.0741249,12
ENSG00000252542,0.16054863,0.0,12
ENSG00000135002,1.545175,0.0,12
ENSG00000120068_1,0.12857151,0.0,12
ENSG00000185269,0.8179218,1.3552983,12
ENSG00000266962,2.2239003,2.3023698,12
ENSG00000122735,0.7932109,0.41629094,12
ENSG00000108830,0.97204214,0.0,12
ENSG00000136942,2.414223,4.3490114,12
ENSG00000108309,0.38463664,0.936775,12
ENSG00000166685,2.2644053,2.117712,12
ENSG00000073350,1.4341208,1.6608237,12
ENSG00000161970,1.6294402,4.265278,12
ENSG00000096968_1,2.3706589,2.1593688,12
ENSG00000181090,2.208334,2.5028229,12
ENSG00000228278,0.049070198,0.66058093,12
ENSG00000132507_3,1.5975579,1.9675947,12
ENSG00000170160,0.59602004,0.9165434,12
ENSG00000167543_2,1.3390442,2.2451375,12
ENSG00000122741,1.8398727,2.3156576,12
ENSG00000108669_3,0.58645934,1.740982,12
ENSG00000167741,0.14214402,0.0,12
ENSG00000128422,0.1375354,0.0,12
ENSG00000138835_3,0.19980444,1.214579,12
ENSG00000275465,0.0025684722,0.0,12
ENSG00000161692,1.1341028,2.301438,12
ENSG00000108591,1.8115393,2.3101685,12
ENSG00000147872_1,0.033510994,0.0,12
ENSG00000290585,0.19075792,0.0,12
ENSG00000167105,0.21233806,1.4523845,12
ENSG00000122707,1.149624,1.6401434,12
ENSG00000136918,1.0889035,0.87488174,12
ENSG00000148143_1,0.041817855,0.0,12
ENSG00000165118,1.1616263,2.5760279,12
ENSG00000165181_3,0.17904717,0.0,12
ENSG00000119139_3,0.03844506,0.0,12
ENSG00000277631,0.038042407,0.0,12
ENSG00000005961,0.09163737,0.75278574,12
ENSG00000159210,1.8209602,2.4818265,12
ENSG00000167740_1,2.037907,1.8994156,12
ENSG00000004939,0.023363736,0.0,12
ENSG00000129244,0.39568305,1.2684375,12
ENSG00000262481,1.3953978,2.7377794,12
ENSG00000184451,0.91324586,2.3245046,12
ENSG00000184811,0.23324382,1.08361,12
ENSG00000141337_1,2.4769123,1.963599,12
ENSG00000169683,1.8027371,1.8362608,12
ENSG00000185504,2.081762,2.1175961,12
ENSG00000108523_3,1.0186265,2.2829413,12
ENSG00000108823_1,0.17938831,0.0,12
ENSG00000212721,0.69414407,0.0,12
ENSG00000181523,1.928922,2.2638135,12
ENSG00000121057_1,1.5775434,0.0,12
ENSG00000234899,0.012481492,0.0,12
ENSG00000054148,1.8673446,2.3716404,12
ENSG00000068079,0.9847471,2.5488536,12
ENSG00000033627_1,0.061067756,0.0,12
ENSG00000235183,0.1105891,1.8408523,12
ENSG00000011143,1.5814722,2.355756,12
ENSG00000130948,0.023360673,0.8330323,12
ENSG00000184709,0.8913889,1.969318,12
ENSG00000119402,2.2146013,2.5534897,12
ENSG00000237339,0.05148012,0.0,12
ENSG00000160345,0.71702975,0.89713204,12
ENSG00000173801_1,0.99886245,1.9961263,12
ENSG00000119125_1,0.92148536,1.672735,12
ENSG00000148343,1.7537931,2.016348,12
ENSG00000083457,2.1308076,0.0,12
ENSG00000185527,0.28607252,0.0,12
ENSG00000219200,1.8275851,3.5211382,12
ENSG00000267568_1,0.30406395,0.9924386,12
ENSG00000165181_1,-0.009655278,0.0,12
ENSG00000198720,1.294613,2.2845662,12
ENSG00000141456,0.41218212,1.7463772,12
ENSG00000141504,1.2142094,1.4662075,12
ENSG00000147862,-0.0007155873,0.0,12
ENSG00000108439,1.9407139,2.6894393,12
ENSG00000141522_1,2.1302454,3.3234892,12
ENSG00000076382,2.0980837,2.8588643,12
ENSG00000141232_1,1.0789992,1.3198345,12
ENSG00000136872_1,0.01975121,0.0,12
ENSG00000175826_1,2.3664618,3.4672232,12
ENSG00000179477_1,0.19277558,0.0,12
ENSG00000185294,0.12331875,0.0,12
ENSG00000238423,1.3067743,2.0463,12
ENSG00000274808,0.19874394,0.0,12
ENSG00000171595,0.35023662,0.0,12
ENSG00000175832_1,1.040617,2.2388988,12
ENSG00000275718,0.01394869,0.0,12
ENSG00000273559,2.164775,2.513504,12
ENSG00000107187_1,0.96149296,1.2257227,12
ENSG00000233016,2.1100821,2.593792,12
ENSG00000196092,1.610104,1.7347358,12
ENSG00000107331,0.30232057,0.0,12
ENSG00000108924,1.0201751,1.258302,12
ENSG00000141503,2.2422116,2.281456,12
ENSG00000170291_1,1.9821867,2.4878182,12
ENSG00000204414,0.059189606,0.6005264,12
ENSG00000136811,0.11820768,0.0,12
ENSG00000197768,0.18291108,0.89164895,12
ENSG00000119401,1.6912665,2.0465732,12
ENSG00000185624_1,2.2555912,3.390384,12
ENSG00000196196,0.50532514,1.1469958,12
ENSG00000087152_1,2.4267924,2.3406227,12
ENSG00000123975,2.3925893,3.529153,12
ENSG00000127191_1,2.4096303,2.209826,12
ENSG00000154975,0.8568865,1.415591,12
ENSG00000262814,2.182472,3.1280406,12
ENSG00000168610_2,0.019556198,0.9200189,12
ENSG00000125450,2.1332266,2.392618,12
ENSG00000073670,1.40144,1.5784215,12
ENSG00000160539,0.3594528,0.940068,12
ENSG00000108946,2.1875186,2.0482125,12
ENSG00000183011_1,2.4229424,2.9334316,12
ENSG00000122696,2.1935854,2.3249345,12
ENSG00000153944_2,0.31215724,0.0,12
ENSG00000183914,0.28909856,0.8224296,12
ENSG00000129221,0.07296118,0.0,12
ENSG00000141580,1.8840686,2.7797003,12
ENSG00000184988_1,0.538624,0.0,12
ENSG00000278311_1,-0.0013173036,0.0,12
ENSG00000287750,0.43429318,1.1377338,12
ENSG00000181513,1.3763163,1.159988,12
ENSG00000174038_1,0.05885263,0.96861833,12
ENSG00000107331_2,0.58844894,0.9234098,12
ENSG00000280496,0.39072856,0.66058093,12
ENSG00000266967,1.789864,2.710417,12
ENSG00000119397_1,1.3208765,2.1678045,12
ENSG00000273611_1,0.066241115,0.72414476,12
ENSG00000170315_1,1.481074,1.0918076,12
ENSG00000184557,1.9455198,2.3723578,12
ENSG00000141030,1.7330794,2.8813555,12
ENSG00000159184,0.6779439,0.93843967,12
ENSG00000129197_1,1.4930545,2.5039675,12
ENSG00000180616,1.1736177,2.309945,12
ENSG00000185722_1,2.0316222,2.1490588,12
ENSG00000161929,2.468775,3.4002461,12
ENSG00000147862_1,-0.03576423,0.0,12
ENSG00000005238,1.352447,1.4400901,12
ENSG00000119514_1,0.02602109,0.0,12
ENSG00000141696,1.4488186,2.1542108,12
ENSG00000205899,0.6973553,1.633842,12
ENSG00000204952,0.22971877,0.0,12
ENSG00000062725,2.075889,1.392609,12
ENSG00000204291,1.1823782,1.1031809,12
ENSG00000169727_1,1.7047362,2.806119,12
ENSG00000006059,0.29896638,0.0,12
ENSG00000185813_1,1.5595913,2.3111453,12
ENSG00000108604,2.1260984,0.0,12
ENSG00000074755,2.3514469,2.2214196,12
ENSG00000108641_1,2.0911992,1.6788096,12
ENSG00000176974,1.8115865,2.3069866,12
ENSG00000159899,0.9899438,1.3731512,12
ENSG00000182534,1.287846,1.6176188,12
ENSG00000107104_2,-0.0072000213,0.0,12
ENSG00000177984,0.12728573,0.9465947,12
ENSG00000198844_1,0.040121082,0.0,12
ENSG00000187024,1.0586544,1.6715255,12
ENSG00000167840,2.0428004,2.024383,12
ENSG00000108375,0.38522074,1.9395243,12
ENSG00000275832,1.2001787,1.3589622,12
ENSG00000164989,2.153784,1.7259687,12
ENSG00000005381,0.86442053,1.1913671,12
ENSG00000278259_1,2.1676137,2.533308,12
ENSG00000108384,1.848409,3.0039299,12
ENSG00000189159,1.2644659,1.0789133,12
ENSG00000186185,1.9566884,2.590572,12
ENSG00000277363_1,1.4826118,1.556833,12
ENSG00000214860,0.15033922,0.0,12
ENSG00000188312,2.2735608,2.5280137,12
ENSG00000185813,1.6122214,1.1356732,12
ENSG00000108669_1,1.0092169,0.0,12
ENSG00000141519,1.0351173,1.0024685,12
ENSG00000267278_1,0.13524158,0.83925176,12
ENSG00000204054_2,0.4392895,0.0,12
ENSG00000141294,1.3875406,1.4353027,12
ENSG00000262879,0.8968287,2.1275,12
ENSG00000188163,0.17498377,1.0052663,12
ENSG00000277200,1.1090361,1.4145389,12
ENSG00000137075_1,2.2117789,1.8980228,12
ENSG00000132522,2.16594,1.4284588,12
ENSG00000233101,0.038580608,0.0,12
ENSG00000049283_1,0.075054616,0.60408556,12
ENSG00000087111,0.07997134,0.0,12
ENSG00000092931,2.358761,2.2716324,12
ENSG00000275722,0.01141135,0.0,12
ENSG00000281000,2.4589093,3.6678338,12
ENSG00000107147_2,1.2916884,1.2880032,12
ENSG00000106991_1,0.72265124,1.5312105,12
ENSG00000199744,0.19202533,1.400469,12
ENSG00000169718,1.709277,0.93018466,12
ENSG00000062716,2.1755123,2.6695297,12
ENSG00000224877,2.0047004,3.087998,12
ENSG00000108679,0.10889599,0.0,12
ENSG00000237626,-0.00050425157,0.0,12
ENSG00000184009,2.251567,4.8447704,12
ENSG00000147896,-0.0040100478,0.0,12
ENSG00000169696,2.0404541,2.193709,12
ENSG00000276070,0.37240893,3.518481,12
ENSG00000170175_1,0.32490957,0.96240246,12
ENSG00000108395,2.3652756,1.7752608,12
ENSG00000182446_2,1.9408339,2.7927678,12
ENSG00000205108,0.011525672,0.0,12
ENSG00000166484,1.6320163,1.836729,12
ENSG00000119139_2,2.0239198,2.5263896,12
ENSG00000225937,-0.047552425,0.74772245,12
ENSG00000108861,1.4274213,2.1941173,12
ENSG00000108352,1.2197205,1.9156584,12
ENSG00000285822,0.14662239,0.7269064,12
ENSG00000065325,0.10201986,1.0325704,12
ENSG00000136448,2.3137934,3.6734595,12
ENSG00000148187,2.095633,0.0,12
ENSG00000181323,0.065342024,0.8245814,12
ENSG00000275832_2,1.3189949,1.5537132,12
ENSG00000141579,0.3459709,0.0,12
ENSG00000132507_2,2.5478785,2.8332975,12
ENSG00000165140,0.90053505,1.2938265,12
ENSG00000108854,1.7810583,1.8793367,12
ENSG00000108604_1,2.2528815,1.8714094,12
ENSG00000286190,1.0666469,0.0,12
ENSG00000169696_2,0.3054599,0.0,12
ENSG00000239705,2.087657,1.6224524,12
ENSG00000293460,1.5551232,2.4703062,12
ENSG00000141552_1,1.858864,0.0,12
ENSG00000108599,2.1022713,2.5179029,12
ENSG00000167842_1,2.4884186,2.2236516,12
ENSG00000131480,0.102478355,0.0,12
ENSG00000236130,0.5184389,0.50494635,12
ENSG00000173826,0.86421645,0.9368102,12
ENSG00000148339_1,0.27557936,1.1469958,12
ENSG00000072849_1,2.2678373,2.3985302,12
ENSG00000147872,2.159399,2.6815624,12
ENSG00000186393,-0.012339029,0.0,12
ENSG00000175764,1.6364347,2.0025418,12
ENSG00000173068_1,-0.001987312,2.3179588,12
ENSG00000224307,0.035056483,0.0,12
ENSG00000157654_1,1.9740344,2.9745715,12
ENSG00000167716,2.5197036,1.3954138,12
ENSG00000148120_2,1.7533728,1.6972294,12
ENSG00000092929,1.5672897,0.88058496,12
ENSG00000175106,1.8224559,1.758753,12
ENSG00000264424,-0.04818667,0.0,12
ENSG00000125492,0.48111835,1.449216,12
ENSG00000225361,0.38108423,1.4477315,12
ENSG00000063015,0.08592361,0.9497948,12
ENSG00000235106,1.6158615,1.9846263,12
ENSG00000108849,0.08307706,0.8003734,12
ENSG00000172724,0.049354825,0.0,12
ENSG00000121104,1.9406409,2.1040874,12
ENSG00000165181,-0.0075915195,0.0,12
ENSG00000164970,1.2992166,2.0175843,12
ENSG00000182154,2.0383394,2.7608256,12
ENSG00000107186_1,-0.012984503,0.0,12
ENSG00000106692,1.621632,2.140027,12
ENSG00000106976,1.945175,2.2468014,12
ENSG00000068137,1.7140285,1.4426365,12
ENSG00000136457,0.89686006,0.0,12
ENSG00000169583,0.12302506,1.0986714,12
ENSG00000137145,2.3004756,2.3978028,12
ENSG00000108953,2.2913263,3.7648485,12
ENSG00000186860,0.9308019,1.6397852,12
ENSG00000267568,0.3319604,0.0,12
ENSG00000180329,1.5369853,2.74687,12
ENSG00000007237_2,0.2210854,1.2049065,12
ENSG00000154265,2.1145825,2.0313318,12
ENSG00000287782,0.048296597,0.0,12
ENSG00000176978,1.376874,2.84564,12
ENSG00000184640_5,0.35069868,0.0,12
ENSG00000165275,1.507099,1.6969126,12
ENSG00000132386,0.24869469,0.86332285,12
ENSG00000172794_1,0.87591606,1.5057156,12
ENSG00000196544,1.9028687,0.0,12
ENSG00000266088,0.29385173,2.6052814,12
ENSG00000291209,0.9387932,1.3024608,12
ENSG00000108852_1,0.24399891,0.940073,12
ENSG00000108883_1,2.069236,3.0843046,12
ENSG00000121058,1.6293973,2.740098,12
ENSG00000273604,1.6646874,2.264544,12
ENSG00000108590,1.266652,0.0,12
ENSG00000167100_1,1.1786562,1.8053173,12
ENSG00000188878,1.3362478,1.6281201,12
ENSG00000230074,1.2141882,0.0,12
ENSG00000226197,-0.025229681,0.0,12
ENSG00000181038,2.4190931,2.3669083,12
ENSG00000127774,2.1256716,2.800454,12
ENSG00000161654,0.10366419,1.48051,12
ENSG00000231991,0.15470454,1.6033208,12
ENSG00000165716,1.407859,1.27614,12
ENSG00000290924,1.7928497,1.2257485,12
ENSG00000136908,1.4378659,2.517407,12
ENSG00000119396,2.2891223,3.102228,12
ENSG00000136895_1,1.1986626,1.2316123,12
ENSG00000181610,1.9887403,0.0,12
ENSG00000267750,0.42908877,1.3204163,12
ENSG00000106772,0.030270163,0.0,12
ENSG00000095370_3,0.8582474,1.749914,12
ENSG00000224738_1,1.975016,1.5201297,12
ENSG00000235448,-0.027287867,0.0,12
ENSG00000167925,0.67626077,2.084165,12
ENSG00000136933,1.2803499,2.7481105,12
ENSG00000154217,2.0398514,2.8959692,12
ENSG00000160325,1.9055015,1.5596553,12
ENSG00000126883_1,1.3832926,0.0,12
ENSG00000168259_1,2.2027805,3.1326215,12
ENSG00000136830,1.4815806,1.2752422,12
ENSG00000108622_1,1.9087824,2.654831,12
ENSG00000173065_1,1.7614709,2.506092,12
ENSG00000108262,2.003466,2.4404383,12
ENSG00000214941,2.0857332,0.0,12
ENSG00000148356,1.93818,2.4846685,12
ENSG00000080608,1.9957222,0.0,12
ENSG00000277399,0.29316947,0.9865926,12
ENSG00000187242,-0.00028932467,0.0,12
ENSG00000235641,0.025338646,0.6381197,12
ENSG00000122733_1,1.357876,0.0,12
ENSG00000277632,1.7768737,3.968902,12
ENSG00000148362_1,1.195753,1.050689,12
ENSG00000275329,2.2597625,1.6871006,12
ENSG00000141744,1.1210996,0.0,12
ENSG00000252942,0.04238191,0.0,12
ENSG00000108813_1,0.3069818,0.0,12
ENSG00000120063,2.5122492,2.4279566,12
ENSG00000131482,0.0068662725,0.0,12
ENSG00000196597,1.5857579,2.1051252,12
ENSG00000175787,1.0333622,1.5697297,12
ENSG00000006788,-0.03744073,0.0,12
ENSG00000214929,-0.0064452924,0.0,12
ENSG00000198785,0.6446021,1.6377498,12
ENSG00000233223,2.4065123,1.3948717,12
ENSG00000161513,0.08020672,0.0,12
ENSG00000182575_1,0.95839363,1.3024392,12
ENSG00000169155,2.0228775,2.3546212,12
ENSG00000006740,1.3950297,1.6717743,12
ENSG00000130558_2,0.16198656,0.8224035,12
ENSG00000167525,1.173134,0.0,12
ENSG00000132581_1,2.4394352,2.5435092,12
ENSG00000120071_1,0.2590667,0.0,12
ENSG00000176386,2.0699878,2.6898034,12
ENSG00000187796,0.30546057,1.8883076,12
ENSG00000221926,0.049223464,0.0,12
ENSG00000126653,1.8665639,2.8373737,12
ENSG00000136950_1,2.5168006,2.9535992,12
ENSG00000197724_1,1.6810136,1.8746557,12
ENSG00000121068,0.89136165,1.3713449,12
ENSG00000107147_1,1.3094335,1.5412047,12
ENSG00000081377,0.95793396,1.7422851,12
ENSG00000119318,2.3993008,3.7422183,12
ENSG00000266934,0.054250482,0.7159616,12
ENSG00000168259_3,0.22142455,0.0,12
ENSG00000182224_1,1.7634498,1.7339191,12
ENSG00000011258,2.0860069,1.7644078,12
ENSG00000163597,2.0263565,3.4870138,12
ENSG00000119522,1.8540167,2.5440457,12
ENSG00000184060_2,0.055231553,0.0,12
ENSG00000131473_1,1.4555613,1.790081,12
ENSG00000168517,1.1686167,1.4363853,12
ENSG00000108306,2.073358,1.6790552,12
ENSG00000108344,2.4424274,3.150695,12
ENSG00000007202,2.338392,2.8678045,12
ENSG00000161405,0.82328516,2.5421405,12
ENSG00000137133,2.5111969,2.3493009,12
ENSG00000107021,1.6509268,1.5866402,12
ENSG00000167920,1.905458,1.9075956,12
ENSG00000291110_1,0.01564848,0.0,12
ENSG00000186868,1.3703164,1.5066403,12
ENSG00000179409_1,1.5056473,1.3351569,12
ENSG00000074356,0.0004090108,0.8071425,12
ENSG00000153976,1.0326393,1.5980022,12
ENSG00000232104,2.688732,2.0902581,12
ENSG00000125447_1,0.897431,1.2776756,12
ENSG00000233223_2,2.1931322,2.806058,12
ENSG00000265206,2.6112087,3.694204,12
ENSG00000127084,0.4868299,0.0,12
ENSG00000141198,1.1832697,1.5600382,12
ENSG00000161381_1,0.3271091,0.0,12
ENSG00000153930,-0.03395753,0.0,12
ENSG00000159640_2,0.13523129,1.2592354,12
ENSG00000127083,0.026503135,0.0,12
ENSG00000182481,2.0070221,3.8842294,12
ENSG00000123453_2,-0.009858515,0.0,12
ENSG00000161647,1.2795948,1.3602525,12
ENSG00000106803,2.0607936,3.1824431,12
ENSG00000263293,2.2558765,1.5291094,12
ENSG00000260785,-0.013549272,0.0,12
ENSG00000239704,0.016511079,0.0,12
ENSG00000177885_1,2.3383179,3.3567522,12
ENSG00000130653,0.28922382,0.0,12
ENSG00000076604,2.2920918,2.713938,12
ENSG00000137075_2,1.7048701,2.115677,12
ENSG00000126562,1.0106924,1.3143518,12
ENSG00000062716_1,2.0089352,3.1426241,12
ENSG00000214226,2.0628023,2.1323879,12
ENSG00000277108,2.0929744,1.7544783,12
ENSG00000158169_2,1.3573924,0.0,12
ENSG00000283439,0.041579988,0.73223287,12
ENSG00000008838,0.88070154,0.0,12
ENSG00000165272,0.036420014,0.8971155,12
ENSG00000185158,1.7546487,2.1309445,12
ENSG00000165185,2.051511,2.2198882,12
ENSG00000181396,1.8745973,2.3820133,12
ENSG00000266402,2.3125746,3.1907685,12
ENSG00000175061,2.4120095,3.6171556,12
ENSG00000091592,1.25078,2.5706213,12
ENSG00000131738,0.22656378,0.0,12
ENSG00000229109,0.012206662,0.0,12
ENSG00000189050,1.8256677,1.8294183,12
ENSG00000186130,1.895733,2.5201166,12
ENSG00000074660_1,0.55778605,0.0,12
ENSG00000108821,0.17526644,1.0544828,12
ENSG00000198435,1.6751069,2.0717237,12
ENSG00000141279_1,2.1599257,3.0063806,12
ENSG00000175866_4,0.101561666,0.0,12
ENSG00000129195,1.6786637,1.9749389,12
ENSG00000173818_1,1.7619121,1.3136774,12
ENSG00000008294_1,2.2257903,2.8292072,12
ENSG00000174231,1.8646501,3.1257088,12
ENSG00000182224_2,1.2546107,1.0417163,12
ENSG00000221829,1.9429756,0.0,12
ENSG00000235296,0.22778505,0.9216865,12
ENSG00000271503,0.759803,3.6270523,12
ENSG00000181513_1,1.2509176,1.695472,12
ENSG00000108798,2.0781834,3.2763515,12
ENSG00000131748_1,0.053854864,1.1031535,12
ENSG00000131242,1.7660742,2.1757987,12
ENSG00000141552,2.0701525,2.927355,12
ENSG00000179314_1,1.1372505,1.5411922,12
ENSG00000122711,0.116428256,0.7132637,12
ENSG00000167699,1.9627537,3.0246415,12
ENSG00000197879_2,0.1412945,1.0717348,12
ENSG00000155875,0.20397446,0.0,12
ENSG00000141542,1.1774852,1.5021539,12
ENSG00000197291,1.1823605,1.1283411,12
ENSG00000197063,0.6598101,1.1764357,12
ENSG00000237886,0.15883869,0.85746515,12
ENSG00000108587,1.8055891,2.7672925,12
ENSG00000167549,1.1015007,1.3993795,12
ENSG00000108924_2,-0.018742498,0.6111283,12
ENSG00000234323,-0.042105507,0.0,12
ENSG00000005882,1.5573124,0.0,12
ENSG00000167258,2.0256853,2.6951637,12
ENSG00000133030,2.0629199,2.6897082,12
ENSG00000108578,1.9303993,2.7637208,12
ENSG00000108958,0.064013004,2.2719135,12
ENSG00000125484,2.1243293,1.9483005,12
ENSG00000178789,0.0521391,0.0,12
ENSG00000136895,0.9146247,1.0789279,12
ENSG00000172123_1,0.77884555,1.5386817,12
ENSG00000275410,0.5239137,2.8511972,12
ENSG00000095397,0.86629605,2.5493257,12
ENSG00000141526,0.14922816,0.0,12
ENSG00000068120,1.5538052,2.997319,12
ENSG00000129646,0.5525487,1.1895183,12
ENSG00000154240_1,1.072313,0.9761665,12
ENSG00000136936,2.1774385,2.5852656,12
ENSG00000183010_1,1.5688728,2.405044,12
ENSG00000122140,1.7730492,3.3163815,12
ENSG00000075461,1.4484899,1.6849889,12
ENSG00000080503_3,0.0578018,0.0,12
ENSG00000169583_1,0.22722647,0.0,12
ENSG00000099810,1.5000037,2.7208207,12
ENSG00000214401,2.5695963,1.5592362,12
ENSG00000095303,0.11034985,1.2472857,12
ENSG00000281649,2.4114144,2.843002,12
ENSG00000130558,1.1153263,1.4572762,12
ENSG00000167123_1,1.1913108,1.9922485,12
ENSG00000109062,1.9913296,2.5724418,12
ENSG00000147905,2.4330928,2.7359827,12
ENSG00000186074,0.0908497,0.0,12
ENSG00000286799,1.2712187,1.0094678,12
ENSG00000004975,2.12795,2.2006042,12
ENSG00000129667,1.7801706,1.2083338,12
ENSG00000185379,1.9773666,2.0192575,12
ENSG00000279668,-0.026739541,0.0,12
ENSG00000153930_1,-0.03332111,0.0,12
ENSG00000174326,0.34780523,1.7115281,12
ENSG00000274755,-0.025696326,0.0,12
ENSG00000070444,2.1181195,2.3233964,12
ENSG00000212900,0.014878426,0.747738,12
ENSG00000291140,2.7269711,1.7460891,12
ENSG00000136826,1.4304699,1.4107267,12
ENSG00000170291,2.1740253,2.8074675,12
ENSG00000185156,0.9341414,1.0656544,12
ENSG00000270332,0.18779184,0.0,12
ENSG00000132481,0.9873937,1.5118834,12
ENSG00000132530_3,1.4078888,2.6960678,12
ENSG00000156052,1.4420539,2.2364113,12
ENSG00000197879,2.089485,2.2493231,12
ENSG00000273061,1.9907643,0.0,12
ENSG00000197816_1,0.060865734,0.0,12
ENSG00000108417,0.004198227,0.0,12
ENSG00000120242,0.03255905,0.0,12
ENSG00000187595,0.12993073,0.0,12
ENSG00000173077,0.012085702,0.0,12
ENSG00000188938_1,1.2145004,2.0031054,12
ENSG00000264666,1.9291191,2.5215003,12
ENSG00000277363,0.5605625,1.1734486,12
ENSG00000291075,2.6099668,2.9980106,12
ENSG00000131094,1.388011,2.0116508,12
ENSG00000137038,1.4903435,3.0236886,12
ENSG00000288701,1.9007837,2.700855,12
ENSG00000148180_1,1.1299578,1.5564412,12
ENSG00000165283,1.8274366,3.3147497,12
ENSG00000108551,1.0352936,1.2462991,12
ENSG00000136478,1.8811096,1.6820818,12
ENSG00000186350,1.5071062,1.6145598,12
ENSG00000067191,0.13856992,0.9497802,12
ENSG00000279561,1.8734075,0.0,12
ENSG00000225194,0.7680899,1.2332754,12
ENSG00000108799,1.4399211,2.2253609,12
ENSG00000165699_1,0.57482904,0.84538335,12
ENSG00000188612_1,2.4321208,3.8358445,12
ENSG00000170412,0.35918757,0.0,12
ENSG00000141376_2,-0.01322427,1.0136334,12
ENSG00000214553,0.30677244,0.9200189,12
ENSG00000291074_1,0.60625595,1.0191163,12
ENSG00000136938,2.415991,3.7388575,12
ENSG00000167193,2.2842247,2.324994,12
ENSG00000240871,0.58101434,1.4177871,12
ENSG00000204316_1,1.8772689,2.9683287,12
ENSG00000137094,1.9934529,1.7417581,12
ENSG00000096872,1.670494,0.0,12
ENSG00000106829,1.8830508,2.9726837,12
ENSG00000167113_1,2.132442,2.5286481,12
ENSG00000131477,0.35639694,1.2584697,12
ENSG00000161714,1.4787207,1.6767211,12
ENSG00000267321,1.31482,1.9958237,12
ENSG00000109079,1.8686637,2.3190415,12
ENSG00000108387_1,0.0022599883,0.0,12
ENSG00000169733,1.0063838,1.0404046,12
ENSG00000126878,1.2820145,1.2821461,12
ENSG00000186193,1.6445308,2.2810743,12
ENSG00000204278,0.6106707,0.0,12
ENSG00000141505_1,0.055600043,0.6877251,12
ENSG00000165269_1,0.15150289,0.0,12
ENSG00000121057_3,0.09532961,1.6613393,12
ENSG00000154229,1.509369,2.4392378,12
ENSG00000068489,1.7318623,3.0159461,12
ENSG00000141293,1.9596785,2.6811762,12
ENSG00000155621,1.4474411,2.4869602,12
ENSG00000137142,1.3941029,2.0425756,12
ENSG00000108406,1.4873724,2.4547687,12
ENSG00000128487,1.3378068,1.4349041,12
ENSG00000141753,1.4456326,2.1876702,12
ENSG00000108639,2.4011972,3.153882,12
ENSG00000132591,1.1624677,2.888828,12
ENSG00000275302,0.82134145,3.9778109,12
ENSG00000126351,1.4164106,0.0,12
ENSG00000187764,0.16232473,0.8309734,12
ENSG00000141540,1.5283891,0.0,12
ENSG00000161958,0.69412184,2.1181457,12
ENSG00000148229_1,2.1866038,2.9017932,12
ENSG00000160606_1,2.1911442,0.0,12
ENSG00000185359,2.077808,2.3557465,12
ENSG00000196730,0.22343582,0.0,12
ENSG00000161594,0.0517714,0.65431136,12
ENSG00000272975_2,0.06729531,0.0,12
ENSG00000159182,0.06101029,0.55543303,12
ENSG00000107371,2.1433017,2.8232589,12
ENSG00000108576,1.2037863,1.0164065,12
ENSG00000171861,1.9423913,2.5481904,12
ENSG00000158122,1.4928225,1.7443243,12
ENSG00000283526,0.84007853,1.2996162,12
ENSG00000141367,2.5259614,3.3404758,12
ENSG00000148362,1.5818915,0.0,12
ENSG00000141506,2.2706532,2.6400926,12
ENSG00000180336,0.82206976,1.232437,12
ENSG00000128482,0.17145303,0.7187175,12
ENSG00000120071_2,2.0946996,1.5079759,12
ENSG00000228317,1.5245429,2.286115,12
ENSG00000125457,1.5433986,1.1120685,12
ENSG00000154016,0.95713115,2.1115515,12
ENSG00000172809,1.7539889,4.117066,12
ENSG00000228072,0.7916269,0.0,12
ENSG00000106823,0.005380284,0.0,12
ENSG00000184619,1.5203239,1.0136545,12
ENSG00000107164,2.131326,2.7183938,12
ENSG00000176248,2.2130876,2.2200844,12
ENSG00000180638,0.23412934,0.0,12
ENSG00000181090_1,0.10050972,0.0,12
ENSG00000230148,1.8092719,2.2516139,12
ENSG00000044574,2.4907901,3.7641866,12
ENSG00000278535,1.5476897,2.1185756,12
ENSG00000119139,0.80532163,1.9279346,12
ENSG00000095203,1.0180284,1.845718,12
ENSG00000178852_1,2.2664149,0.0,12
ENSG00000184650,0.053302247,0.0,12
ENSG00000141298,2.1757987,2.85891,12
ENSG00000126337,0.29237682,0.82245576,12
ENSG00000108312,1.9760586,2.3009648,12
ENSG00000148219,1.7270454,0.0,12
ENSG00000187753,0.030777175,0.0,12
ENSG00000234506,0.771159,0.0,12
ENSG00000135049,2.0080404,2.488999,12
ENSG00000198496,1.8035315,0.0,12
ENSG00000132382,1.8706518,2.9696274,12
ENSG00000204880,0.63444346,1.8750635,12
ENSG00000132507,1.7081964,2.286479,12
ENSG00000184640_6,1.0117906,1.8323684,12
ENSG00000148110,2.2203195,2.5803776,12
ENSG00000213213,0.036462303,0.0,12
ENSG00000125482,0.89634913,0.0,12
ENSG00000070731_1,1.2776055,1.3988597,12
ENSG00000165092,0.00075815246,0.0,12
ENSG00000148411,1.754901,2.2878308,12
ENSG00000167083,0.28141996,0.0,12
ENSG00000170222,1.9550519,2.0606337,12
ENSG00000221852,0.37337455,1.77938,12
ENSG00000141371,0.084908605,0.71875906,12
ENSG00000160271_1,0.2790755,0.9576552,12
ENSG00000141756,0.19744973,0.9880236,12
ENSG00000171843_2,2.0034115,3.0195773,12
ENSG00000128487_2,2.1548083,2.5577478,12
ENSG00000040633_1,1.8862106,2.010003,12
ENSG00000187616,0.102963656,0.0,12
ENSG00000070540,2.1500268,1.9679129,12
ENSG00000171097,2.0151813,1.7871175,12
ENSG00000147854,2.4409497,2.651741,12
ENSG00000148288,0.5729075,1.1449476,12
ENSG00000188825_1,1.0435737,1.18489,12
ENSG00000186765,0.49674556,1.2232103,12
ENSG00000165113,1.7369246,1.7646618,12
ENSG00000181523_1,0.8311711,1.206691,12
ENSG00000109089,0.92939496,1.5052178,12
ENSG00000178031,0.0035901181,0.0,12
ENSG00000196739,0.9747028,1.4592869,12
ENSG00000120211,-0.015049245,0.0,12
ENSG00000293440,2.1683142,1.6493835,12
ENSG00000215644,1.07808,1.323953,12
ENSG00000160404,1.9695836,2.203824,12
ENSG00000070061,2.0307176,2.5839093,12
ENSG00000179761,0.097936794,0.0,12
ENSG00000275832_1,1.1043221,0.0,12
ENSG00000131748,2.0363166,2.7312543,12
ENSG00000127081,1.6345167,2.1754682,12
ENSG00000187609,1.667607,1.725985,12
ENSG00000148143,0.6961192,1.8484108,12
ENSG00000235453,1.9296881,2.3509648,12
ENSG00000148180_3,0.025607828,0.0,12
ENSG00000164975,2.1136785,2.7778544,12
ENSG00000227036_1,2.0957713,2.029749,12
ENSG00000198242_1,2.0815115,2.2466216,12
ENSG00000183018,0.22477299,0.66366327,12
ENSG00000133027_1,0.04781991,0.0,12
ENSG00000196642,2.1169107,2.7652512,12
ENSG00000125686,1.6896876,2.5995982,12
ENSG00000267121,1.7303097,2.6511714,12
ENSG00000073670_1,1.3016936,1.595044,12
ENSG00000235387,0.048947114,0.0,12
ENSG00000185722,0.010983828,0.0,12
ENSG00000107372,2.3941324,3.1219077,12
ENSG00000141738_1,0.23643759,0.0,12
ENSG00000213859,1.9338392,1.9773211,12
ENSG00000238058,1.7360351,1.689371,12
ENSG00000196535_1,1.5455325,1.9696069,12
ENSG00000270806,0.008931454,0.0,12
ENSG00000227517,0.006111998,0.0,12
ENSG00000204193,0.0053614117,0.0,12
ENSG00000183077,1.4770523,0.0,12
ENSG00000006125_1,0.021680202,0.7700268,12
ENSG00000109065,1.9350041,2.1205804,12
ENSG00000172782,0.799535,0.0,12
ENSG00000173838,0.0129054,0.669763,12
ENSG00000165238,1.2587157,1.7230203,12
ENSG00000095303_2,0.14737126,0.0,12
ENSG00000120094,0.2366232,1.2049065,12
ENSG00000244045,1.9939345,0.0,12
ENSG00000135045,2.088149,2.5209496,12
ENSG00000148120,1.8307304,2.048768,12
ENSG00000164978,2.255498,2.4358094,12
ENSG00000175854,0.5935202,1.0378128,12
ENSG00000187922_1,0.41407916,1.6065286,12
ENSG00000276070_1,0.4415891,3.4797409,12
ENSG00000178691,2.3009741,2.287309,12
ENSG00000119487_2,2.1390195,3.258321,12
ENSG00000175832,0.9650832,2.254403,12
ENSG00000265359,-0.008881923,0.0,12
ENSG00000167118,1.7279004,3.0180385,12
ENSG00000120160,-0.00660732,0.0,12
ENSG00000120159,2.3474736,1.9218425,12
ENSG00000172057_1,1.9527117,2.79199,12
ENSG00000108349,2.4119275,2.707681,12
ENSG00000161526,1.7054472,2.4977255,12
ENSG00000291094,0.24609473,0.0,12
ENSG00000177374,1.837871,2.4573429,12
ENSG00000005102,0.5373333,2.0702152,12
ENSG00000122729,1.1286885,1.7564938,12
ENSG00000137074_1,2.2407033,0.0,12
ENSG00000187272,0.34883264,0.0,12
ENSG00000132530_1,0.6538146,1.31575,12
ENSG00000177885,0.93468475,1.7939858,12
ENSG00000213246,2.25454,2.966704,12
ENSG00000264808,2.1199257,1.8548523,12
ENSG00000199753,2.4031951,1.9683895,12
ENSG00000167123_2,0.12872854,0.0,12
ENSG00000265222,2.1629703,1.192297,12
ENSG00000080298,0.09257576,0.0,12
ENSG00000136869,0.09740582,2.1091294,12
ENSG00000169750,1.6272928,1.7437919,12
ENSG00000136937,2.5240276,2.661894,12
ENSG00000204054_3,0.8079892,0.6414543,12
ENSG00000130956,1.6547261,2.0496445,12
ENSG00000095209,1.5095152,2.4840221,12
ENSG00000215126,1.748197,3.068301,12
ENSG00000171346_1,0.01953296,0.0,12
ENSG00000012048_3,1.7304782,1.7702185,12
ENSG00000278259,1.0065687,1.2240407,12
ENSG00000120158_1,0.020627853,0.0,12
ENSG00000196814,1.4916797,1.5608269,12
ENSG00000187922,0.32840505,0.0,12
ENSG00000005243,1.2061919,1.4390326,12
ENSG00000109113_1,0.65487736,1.4247347,12
ENSG00000186638,2.3454392,2.1518264,12
ENSG00000068137_1,1.7159158,2.4684167,12
ENSG00000159202_1,2.4922945,2.2027063,12
ENSG00000137124,1.760394,2.7542274,12
ENSG00000129197,2.284983,2.814161,12
ENSG00000184640_8,1.1746837,2.192428,12
ENSG00000159111,1.6124247,2.7895067,12
ENSG00000172301_1,1.3407265,2.4838724,12
ENSG00000233198,0.30383316,0.7843391,12
ENSG00000169733_1,1.6727906,2.1502345,12
ENSG00000171843,0.049940486,0.0,12
ENSG00000161509,0.9237648,1.0417242,12
ENSG00000157653,2.015834,1.4696158,12
ENSG00000108788_1,2.0361173,1.4321994,12
ENSG00000267128,0.26139,1.1479576,12
ENSG00000091592_1,0.15457925,1.2331738,12
ENSG00000182742,1.6513475,1.9951524,12
ENSG00000148334,2.2717125,2.482888,12
ENSG00000198963,0.44687203,0.93013364,12
ENSG00000223510,0.0545447,0.0,12
ENSG00000277370,1.0329825,1.3143308,12
ENSG00000267532,1.711844,0.0,12
ENSG00000176108,1.8856841,2.13007,12
ENSG00000224505,2.4293602,1.9962971,12
ENSG00000041982,0.31283525,0.0,12
ENSG00000141337,1.7727426,1.6236937,12
ENSG00000148123_1,0.030044962,0.60765874,12
ENSG00000267206,0.07031569,0.0,12
ENSG00000165209,2.1223557,2.7579045,12
ENSG00000291063,1.1532348,1.6887757,12
ENSG00000165272_1,1.1922559,2.044128,12
ENSG00000230601_1,0.09925561,0.0,12
ENSG00000174238,2.1142395,2.7132754,12
ENSG00000204669,0.010542333,0.0,12
ENSG00000108556,0.33877102,0.0,12
ENSG00000087191_1,1.9354688,1.0906354,12
ENSG00000171446,0.09935856,0.4107941,12
ENSG00000166263,2.0186157,2.1585042,12
ENSG00000132589,1.9126741,2.8727272,12
ENSG00000072818,1.4764932,1.9006511,12
ENSG00000160360,1.2239369,1.2197417,12
ENSG00000167280,1.9480199,2.3004541,12
ENSG00000010438_1,-0.0014613755,0.8805506,12
ENSG00000137101,0.25231168,0.0,12
ENSG00000086061,2.372284,3.4714062,12
ENSG00000172889_1,0.19173108,0.96082264,12
ENSG00000072134,1.2800059,0.0,12
ENSG00000142507,1.4424053,3.229116,12
ENSG00000109046,2.1260037,3.2113636,12
ENSG00000119408_2,0.95570564,0.0,12
ENSG00000072778,1.57198,2.718137,12
ENSG00000108509_2,2.2382128,2.2582061,12
ENSG00000186832,0.4747884,1.1153442,12
ENSG00000248714,2.0701318,1.3879128,12
ENSG00000119383_1,1.8479742,2.5695226,12
ENSG00000153982_1,1.5798436,0.0,12
ENSG00000087111_1,0.08304304,0.0,12
ENSG00000200463,1.6253395,3.1051593,12
ENSG00000260230,1.213936,1.5370001,12
ENSG00000261156,-0.039376985,0.0,12
ENSG00000182963,1.5019003,2.010003,12
ENSG00000135052_1,0.40776664,0.0,12
ENSG00000106723,1.7893468,2.0953088,12
ENSG00000129235,1.6922015,3.1821692,12
ENSG00000170315,2.1644258,3.5568607,12
ENSG00000214946,0.033116322,0.0,12
ENSG00000279069,2.204896,1.7609123,12
ENSG00000167302,1.8305196,1.9051101,12
ENSG00000080503_1,2.4640596,3.147005,12
ENSG00000156017_1,2.2627015,2.622587,12
ENSG00000148204,0.23859435,1.6114153,12
ENSG00000186566,2.1530945,2.3916302,12
ENSG00000070731,1.4241946,1.1599671,12
ENSG00000156049,0.4559962,1.0177426,12
ENSG00000291084,0.12552649,1.8396038,12
ENSG00000154920,1.763849,2.0747032,12
ENSG00000199483,0.030306835,1.2953845,12
ENSG00000234494_1,1.6250685,1.7965466,12
ENSG00000204148,-0.017445464,0.0,12
ENSG00000161533,2.3016956,2.2752514,12
ENSG00000179859,1.9402808,1.8327643,12
ENSG00000275532,1.152613,1.0824622,12
ENSG00000040531,2.0585818,1.9400232,12
ENSG00000188895,1.761627,2.3841813,12
ENSG00000225376,-0.002017621,0.0,12
ENSG00000109072,0.20017327,1.585147,12
ENSG00000176058,2.1136549,2.3686402,12
ENSG00000011028,1.0233744,1.326008,12
ENSG00000154258,0.01309203,0.0,12
ENSG00000106852_1,1.1157826,0.90254676,12
ENSG00000176208,1.9139673,2.5211356,12
ENSG00000106829_2,1.9898242,1.6308447,12
ENSG00000246731,1.6486167,1.341108,12
ENSG00000108622,0.06704983,0.0,12
ENSG00000185359_1,0.38183668,0.99530166,12
ENSG00000063015_1,1.1501762,1.670895,12
ENSG00000290366,0.52942353,1.3226534,12
ENSG00000213221,2.1370616,2.1366572,12
ENSG00000108509_1,0.22597721,1.4462264,12
ENSG00000078725,0.9399237,1.5758342,12
ENSG00000169992,1.3323478,1.4193774,12
ENSG00000177303,0.1267733,0.67584246,12
ENSG00000267364,0.057080302,0.0,12
ENSG00000198231,2.4160252,2.6674006,12
ENSG00000171302,1.9971851,2.52423,12
ENSG00000246640,0.75560635,0.992421,12
ENSG00000106868,1.3645216,0.0,12
ENSG00000261978,0.3583059,0.9334873,12
ENSG00000007237_4,0.89170504,0.0,12
ENSG00000154262,0.5099571,0.0,12
ENSG00000157637_1,2.0563262,2.3144908,12
ENSG00000141295_1,1.3306468,1.6610645,12
ENSG00000175711,1.7548217,2.049501,12
ENSG00000267221,1.119033,0.0,12
ENSG00000141505,0.07293525,0.0,12
ENSG00000136854,1.4939152,1.5265719,12
ENSG00000108852_2,0.10827264,1.1490035,12
ENSG00000108651,1.725306,2.9790587,12
ENSG00000199313,0.06520252,4.6832614,12
ENSG00000147862_3,0.53747684,1.2959847,12
ENSG00000108588,2.4487946,0.0,12
ENSG00000007174_1,-0.00051993504,0.0,12
ENSG00000204930,0.36733037,0.0,12
ENSG00000167291_1,1.1135997,1.5088124,12
ENSG00000168610_1,0.22849312,0.0,12
ENSG00000196156,0.7176098,1.6093168,12
ENSG00000276085,0.7762717,3.2149339,12
ENSG00000168792,1.6901226,1.7830957,12
ENSG00000136928,1.466323,2.4408147,12
ENSG00000188986,2.0943656,2.31982,12
ENSG00000182271,0.030655425,0.0,12
ENSG00000266357,0.009323295,0.38806742,12
ENSG00000120158,2.2760818,2.082997,12
ENSG00000160349,0.07180782,0.0,12
ENSG00000034152_1,1.5162141,1.7357968,12
ENSG00000086065_1,2.1112876,3.0389378,12
ENSG00000008294,0.26336572,1.4122252,12
ENSG00000262165,0.06108435,0.0,12
ENSG00000172421,0.018601429,0.0,12
ENSG00000136848_2,0.06930229,0.0,12
ENSG00000157654_2,0.3507326,1.008089,12
ENSG00000107105_3,0.18511027,0.0,12
ENSG00000285634,-0.0045096464,0.0,12
ENSG00000136802,2.1034267,2.243058,12
ENSG00000277084,0.23643622,0.0,12
ENSG00000205309,1.873243,1.8625131,12
ENSG00000167103_1,1.0934789,0.98213094,12
ENSG00000225194_1,0.57029945,0.9368303,12
ENSG00000230013_1,0.8435619,0.0,12
ENSG00000187764_1,0.1497105,0.0,12
ENSG00000070526,0.018639904,0.0,12
ENSG00000068097,1.2654829,2.328946,12
ENSG00000263069,1.9086791,1.2567418,12
ENSG00000007168_1,2.2205853,2.2050283,12
ENSG00000226609,1.7094686,0.0,12
ENSG00000200997,0.45544335,0.0,12
ENSG00000128422_2,0.40062225,1.3313463,12
ENSG00000213416,0.74183553,1.3122239,12
ENSG00000154760,2.2000067,2.4913616,12
ENSG00000173894,1.5675728,1.6663214,12
ENSG00000148335,0.30451468,0.0,12
ENSG00000196859,-0.030819166,0.0,12
ENSG00000161958_1,0.8755984,2.0195317,12
ENSG00000167840_1,1.012134,1.0544598,12
ENSG00000108669_4,2.303868,2.5861268,12
ENSG00000129255_1,2.185513,2.7443557,12
ENSG00000267280_1,1.324248,1.47201,12
ENSG00000184060,1.484977,1.3232727,12
ENSG00000230537,0.011531536,0.0,12
ENSG00000198863,2.0900524,2.5413046,12
ENSG00000092871_1,1.9089155,2.077197,12
ENSG00000168517_1,2.1466167,1.214579,12
ENSG00000006282_1,0.20070814,0.0,12
ENSG00000161542,2.2635052,1.7037555,12
ENSG00000065325_1,-0.02411965,0.5933636,12
ENSG00000108510,2.0674903,1.4704692,12
ENSG00000108813_2,0.71580154,1.5489051,12
ENSG00000197079,0.058296073,1.1904438,12
ENSG00000167874,0.18253894,0.0,12
ENSG00000136816,2.0244086,2.0734985,12
ENSG00000094796,0.2439762,0.8898617,12
ENSG00000121057_2,0.10185361,1.4627588,12
ENSG00000270885,0.8230844,1.4227047,12
ENSG00000148400,2.1880176,2.5666025,12
ENSG00000175611,2.407179,1.8357033,12
ENSG00000215041,2.4345644,1.8698299,12
ENSG00000234327,1.9797114,2.571025,12
ENSG00000200538,0.020751331,0.0,12
ENSG00000267532_1,0.0879744,0.0,12
ENSG00000136861,1.9029602,1.3607525,12
ENSG00000159921,2.1593497,2.1456003,12
ENSG00000161649,0.080672115,0.5932971,12
ENSG00000131470,1.9693178,2.2917573,12
ENSG00000233670,0.01373167,0.0,12
ENSG00000082641,2.4385834,2.5962188,12
ENSG00000121073,2.3513186,2.6025872,12
ENSG00000176658,2.0793319,2.4375603,12
ENSG00000165138,1.5162417,1.7597283,12
ENSG00000231806_1,0.14510928,0.0,12
ENSG00000287431,1.9862341,1.5303662,12
ENSG00000258315_1,2.3876545,0.0,12
ENSG00000059769,2.1872897,2.17843,12
ENSG00000171962,0.6946882,0.0,12
ENSG00000132471,2.0061195,3.0628564,12
ENSG00000198113,1.3089162,2.2235687,12
ENSG00000161381,0.14042585,0.0,12
ENSG00000182557,0.22607896,0.8412969,12
ENSG00000141543,2.3841524,3.1959136,12
ENSG00000198844,0.08196555,0.0,12
ENSG00000167182,2.4614923,2.57193,12
ENSG00000056558_1,1.2236722,1.9768542,12
ENSG00000265096,0.1064879,1.0136545,12
ENSG00000286685,1.0374168,0.0,12
ENSG00000264985,-0.0053296946,0.0,12
ENSG00000278619,2.0460055,2.2311382,12
ENSG00000108244,0.045407426,0.0,12
ENSG00000262061,0.19401014,0.90784115,12
ENSG00000165702,0.073899284,0.0,12
ENSG00000147889_2,1.4857217,1.5188823,12
ENSG00000108846,1.0207418,1.2316225,12
ENSG00000181284,1.3831218,1.9074436,12
ENSG00000165304,1.8309073,2.8560445,12
ENSG00000161653,0.8522733,1.7836034,12
ENSG00000108479,1.3015229,2.166513,12
ENSG00000225376_1,0.0046670027,0.0,12
ENSG00000106853_2,0.26610485,0.0,12
ENSG00000184361,1.34158,1.1479853,12
ENSG00000141316,0.07860133,0.0,12
ENSG00000055483_1,1.4174718,1.7014644,12
ENSG00000185298,2.303716,2.446441,12
ENSG00000075429,1.0318103,1.4016762,12
ENSG00000006025,0.90786487,2.2995508,12
ENSG00000119335,2.2831738,4.0064316,12
ENSG00000266947,0.9759192,1.1098585,12
ENSG00000056558,0.09039134,0.815976,12
ENSG00000188581,0.25832275,1.913888,12
ENSG00000030582,1.8972679,3.0865414,12
ENSG00000137040,1.488461,0.0,12
ENSG00000223125,0.014079224,1.8296099,12
ENSG00000234323_2,0.018696275,0.0,12
ENSG00000108771,1.8907185,2.5328944,12
ENSG00000106829_1,1.6501402,2.9662933,12
ENSG00000141279,0.017742734,0.0,12
ENSG00000198783,2.2306988,2.1077864,12
ENSG00000004939_1,0.14166555,0.0,12
ENSG00000119321,0.03652169,0.7399677,12
ENSG00000108561,2.3198276,3.7122195,12
ENSG00000106852,0.9386187,1.331326,12
ENSG00000141576,0.036548983,0.0,12
ENSG00000291074,0.16609694,1.0391364,12
ENSG00000126882,1.5320374,1.5516452,12
ENSG00000167861,0.8788216,0.0,12
ENSG00000237560,0.0029568635,0.0,12
ENSG00000236680,0.029076394,0.0,12
ENSG00000204323,0.25658366,0.8202606,12
ENSG00000196363_1,2.1312542,2.9306715,12
ENSG00000186532,2.0247386,0.0,12
ENSG00000196730_1,1.6933199,2.625017,12
ENSG00000107317_1,0.09277724,0.0,12
ENSG00000167525_3,1.1801687,1.4921875,12
ENSG00000108379,0.91132873,1.1283023,12
ENSG00000166596,0.14278384,0.0,12
ENSG00000141551_1,0.14874887,1.1325158,12
ENSG00000048828_2,0.025949094,0.0,12
ENSG00000165059,1.1160704,0.0,12
ENSG00000185158_1,0.060251858,0.0,12
ENSG00000040633,1.3581942,0.0,12
ENSG00000136811_3,1.2347438,1.1142772,12
ENSG00000148120_1,0.022105176,0.0,12
ENSG00000175768,2.0647376,3.4920855,12
ENSG00000119139_1,1.2803673,1.8447318,12
ENSG00000267432_1,0.11437556,0.0,12
ENSG00000277027,2.3508322,0.0,12
ENSG00000283538,-0.040791582,0.0,12
ENSG00000234705,1.8398174,2.1939285,12
ENSG00000169718_1,1.704148,2.6080241,12
ENSG00000119383_3,1.6148247,1.6217059,12
ENSG00000267288,0.124333024,1.0080974,12
ENSG00000125319,1.7512631,2.3572066,12
ENSG00000240505,1.7668284,3.573708,12
ENSG00000278540_1,2.131244,1.2939368,12
ENSG00000204889,0.011257682,0.0,12
ENSG00000106991,0.062658265,0.0,12
ENSG00000169925,0.15499297,0.0,12
ENSG00000233098_2,0.112158835,0.60056996,12
ENSG00000221926_1,0.58001524,0.0,12
ENSG00000185245,0.24335602,1.0998291,12
ENSG00000221829_1,2.0923269,2.099439,12
ENSG00000092931_1,1.9091811,1.0204856,12
ENSG00000119446,2.0483215,2.81716,12
ENSG00000159314,1.4388539,0.0,12
ENSG00000181409_1,1.1574726,1.3457462,12
ENSG00000262165_1,1.4478027,1.5754995,12
ENSG00000173258,0.70487076,1.9332554,12
ENSG00000173991,0.051385906,1.0122887,12
ENSG00000187607,1.8072968,2.126891,12
ENSG00000119431,1.6483248,2.108186,12
ENSG00000106804,0.0070652477,0.0,12
ENSG00000155876,2.356108,2.7201931,12
ENSG00000147852,1.4614755,1.8925009,12
ENSG00000185863,0.158741,0.0,12
ENSG00000167114,1.9230115,2.1817923,12
ENSG00000141295,0.06430934,0.0,12
ENSG00000204316,1.9843041,2.7069771,12
ENSG00000107331_1,1.4818286,1.6471579,12
ENSG00000107175,1.8734664,1.6554939,12
ENSG00000108878,0.33756712,0.949829,12
ENSG00000235979,0.051882204,0.0,12
ENSG00000108523_2,1.2686454,1.1949304,12
ENSG00000284976,0.14552552,0.0,12
ENSG00000154945,2.0169911,1.8742557,12
ENSG00000005381_2,0.0801857,0.0,12
ENSG00000108641,1.1731639,1.4384474,12
ENSG00000196363,1.5257143,1.6551385,12
ENSG00000177239,2.4029837,2.3336084,12
ENSG00000108852,0.36098325,0.8267225,12
ENSG00000172171,1.4514536,0.0,12
ENSG00000180340,1.4654757,1.7856857,12
ENSG00000119383,1.9303929,0.0,12
ENSG00000167123,0.09989786,0.71870923,12
ENSG00000290810,0.102693394,0.0,12
ENSG00000284977,-0.019331772,0.9368152,12
ENSG00000132510_1,0.15767834,0.0,12
ENSG00000273018,0.88781565,1.596828,12
ENSG00000272975_1,0.17810866,0.0,12
ENSG00000165119_2,2.1734045,3.7054935,12
ENSG00000089685,1.3744016,2.9766476,12
ENSG00000165152,0.5924188,1.0619423,12
ENSG00000165698,0.40989032,0.6788551,12
ENSG00000119139_4,0.03240038,0.8515091,12
ENSG00000166579_1,2.1763127,2.3967154,12
ENSG00000141736_1,0.7028911,1.0378247,12
ENSG00000107185,2.0397336,2.3662305,12
ENSG00000167941,0.09331128,0.0,12
ENSG00000169992_1,0.025877435,0.7374312,12
ENSG00000159842_3,1.579385,1.7589421,12
ENSG00000228395,2.1068842,1.5701108,12
ENSG00000188566,2.027385,2.561154,12
ENSG00000035862_2,1.350972,1.733117,12
ENSG00000147894,2.3012898,1.868944,12
ENSG00000136485,2.270068,2.938166,12
ENSG00000184988,1.7556962,2.543892,12
ENSG00000138835_4,0.48172173,0.0,12
ENSG00000108424,2.3461902,3.682637,12
ENSG00000130958,1.3146857,1.4518555,12
ENSG00000169696_1,0.12707606,0.9060655,12
ENSG00000091947,1.7386363,0.0,12
ENSG00000132478,2.7340016,2.5619595,12
ENSG00000251752,-0.021389756,0.0,12
ENSG00000204913,1.896787,0.0,12
ENSG00000141522,0.4291852,2.5868347,12
ENSG00000082641_1,2.0349677,2.6558037,12
ENSG00000197646,1.6665875,2.2583356,12
ENSG00000267206_1,0.097668275,0.0,12
ENSG00000179094,0.2166776,1.2813516,12
ENSG00000126561_1,0.060627963,1.0443045,12
ENSG00000226364,-0.018760074,0.0,12
ENSG00000167723,0.035516668,0.0,12
ENSG00000121060,2.281448,3.1812174,12
ENSG00000175283,2.0621612,1.8042076,12
ENSG00000188647,0.0033188984,1.0929346,12
ENSG00000213694,0.9013791,1.0801212,12
ENSG00000136828_1,0.99970955,0.9545898,12
ENSG00000136878,2.1999624,2.0305917,12
ENSG00000070214,1.7509433,2.546571,12
ENSG00000273702,2.7138584,2.0932815,12
ENSG00000182612,0.07591763,0.0,12
ENSG00000141127_1,2.0971415,3.0769062,12
ENSG00000169738_2,1.9441937,2.8791316,12
ENSG00000198467_2,0.071403965,0.0,12
ENSG00000056586,2.3887224,1.946177,12
ENSG00000178445_2,1.9471616,2.8856106,12
ENSG00000109118,2.4215305,1.7297397,12
ENSG00000165724,1.9621001,2.46933,12
ENSG00000176160,1.0661578,1.5520229,12
ENSG00000002919,2.0712059,2.2790964,12
ENSG00000129250,2.1150181,2.6920693,12
ENSG00000184434,0.018169876,0.0,12
ENSG00000196704,2.5305057,2.8428183,12
ENSG00000277268,1.0860907,1.1658584,12
ENSG00000226549,0.8350992,2.1020906,12
ENSG00000135052,1.4220113,1.519316,12
ENSG00000223478,2.011985,2.2025237,12
ENSG00000215548,1.1567787,2.0409186,12
ENSG00000090054,1.9638287,2.79719,12
ENSG00000136436_1,0.058344353,0.0,12
ENSG00000082641_3,0.60891455,0.0,12
ENSG00000170832,2.1288643,1.3016809,12
ENSG00000260027,0.7693925,2.1187937,12
ENSG00000141252_2,1.9291182,2.621171,12
ENSG00000198917,1.6054913,0.0,12
ENSG00000050555,1.3565669,1.6234044,12
ENSG00000136449,1.5267977,0.0,12
ENSG00000136487_1,0.07716212,0.0,12
ENSG00000106780,1.9850248,1.8112733,12
ENSG00000174038,0.061730932,0.0,12
ENSG00000124422,2.562939,3.1496162,12
ENSG00000204711,0.1538238,0.0,12
ENSG00000137135,1.9432513,2.2240694,12
ENSG00000107262,2.3913724,2.7407022,12
ENSG00000108256,2.0801513,3.5216806,12
ENSG00000165115,1.994037,1.6946052,12
ENSG00000119523,2.7043908,2.6083014,12
ENSG00000122733,0.10531519,0.9130452,12
ENSG00000230148_1,0.098066196,0.9716469,12
ENSG00000033627,1.6965905,2.6296818,12
ENSG00000055483,2.3991227,2.5871046,12
ENSG00000182446_1,0.07173103,0.0,12
ENSG00000261924,0.12080568,0.0,12
ENSG00000148331,2.0205076,1.9700538,12
ENSG00000187764_2,2.0989435,2.7645862,12
ENSG00000070610_1,2.0784938,2.441145,12
ENSG00000227036,2.2640164,1.6763552,12
ENSG00000188959,0.028343346,0.0,12
ENSG00000178445,0.05290198,0.0,12
ENSG00000161921,0.23540288,0.8093711,12
ENSG00000277258_2,1.0830597,2.2544997,12
ENSG00000160447,1.107276,1.276117,12
ENSG00000290585_1,0.81898636,0.0,12
ENSG00000200903,0.00023561344,0.0,12
ENSG00000160401,0.029874843,0.0,12
ENSG00000262768,0.23051128,0.0,12
ENSG00000070495,2.4142044,2.4274828,12
ENSG00000135046,0.011860054,0.0,12
ENSG00000186350_1,0.3810891,1.373721,12
ENSG00000108592_1,2.053476,3.2553039,12
ENSG00000148337,2.029667,2.8408568,12
ENSG00000070731_2,0.0694368,0.0,12
ENSG00000227531,0.016470011,0.0,12
ENSG00000160326,1.99253,2.096566,12
ENSG00000236320,0.026668433,0.0,12
ENSG00000281491,1.4622043,0.9095988,12
ENSG00000187186,0.43849,0.0,12
ENSG00000129226_1,0.27476054,0.0,12
ENSG00000266970,1.7128382,0.811575,12
ENSG00000108515,0.37640813,1.064443,12
ENSG00000131096,0.18737818,0.0,12
ENSG00000137101_1,0.7908107,1.2274753,12
ENSG00000078687,1.9730557,2.4048166,12
ENSG00000085265,0.010657433,0.0,12
ENSG00000074356_1,2.044892,2.707467,12
ENSG00000108509,0.46162143,0.0,12
ENSG00000175155,1.5680605,1.596124,12
ENSG00000256525,2.1220694,2.326301,12
ENSG00000087095,2.2260885,2.0770879,12
ENSG00000263567,0.04686944,0.0,12
ENSG00000182853,0.23798338,0.0,12
ENSG00000006740_1,0.002358172,0.0,12
ENSG00000132388,2.2812665,3.132061,12
ENSG00000136813_1,1.4051551,2.8847048,12
ENSG00000141349_1,1.8764967,2.3374333,12
ENSG00000170689,0.81502277,1.4226719,12
ENSG00000108469,0.37964618,0.0,12
ENSG00000119414,2.215276,2.9107604,12
ENSG00000136891,2.0685222,2.8245482,12
ENSG00000106799,2.043784,2.2248955,12
ENSG00000142484,0.099576265,0.6005046,12
ENSG00000129657_3,0.087013915,0.84743756,12
ENSG00000274736,-0.021936554,1.32789,12
ENSG00000225663,1.9701377,2.4884365,12
ENSG00000161664,0.44237748,1.0352296,12
ENSG00000165029,0.42942554,0.84538335,12
ENSG00000283160,2.0409067,0.0,12
ENSG00000095370,1.1601431,1.4411136,12
ENSG00000131462,2.4053962,3.3163626,12
ENSG00000167136,2.0862033,2.0029433,12
ENSG00000005100,1.9035987,2.6180596,12
ENSG00000197170,1.988808,3.0216522,12
ENSG00000272763,1.2930464,1.1207713,12
ENSG00000136931,0.26618832,1.220631,12
ENSG00000141748,0.0992872,0.0,12
ENSG00000160563,1.2373172,2.1571,12
ENSG00000167889,1.4284079,1.7268087,12
ENSG00000281769,0.4759901,1.0631682,12
ENSG00000214978,0.20491043,1.1197177,12
ENSG00000185168,0.1065501,0.0,12
ENSG00000188938,2.147478,2.2006974,12
ENSG00000141562,1.8872668,2.3283591,12
ENSG00000135070,2.0403087,2.568848,12
ENSG00000136451,1.9403383,2.767957,12
ENSG00000147955,1.8929515,2.5075119,12
ENSG00000177294,0.77507335,1.2512074,12
ENSG00000291075_1,0.11400303,1.0765349,12
ENSG00000182150,2.4668486,2.1480532,12
ENSG00000011295,2.1780424,2.3867486,12
ENSG00000171532,0.28283498,0.88430816,12
ENSG00000107317,0.25552788,1.1905278,12
ENSG00000228083,0.03108069,0.0,12
ENSG00000175906,0.6554485,0.0,12
ENSG00000175611_1,2.3992078,2.2107973,12
ENSG00000173757,2.0354407,2.2660222,12
ENSG00000288989,2.0535715,1.5423896,12
ENSG00000136877_1,1.6407721,0.0,12
ENSG00000081386,1.4261985,2.1722293,12
ENSG00000174282_1,2.3661427,1.7519255,12
ENSG00000196712_1,1.0338731,1.312262,12
ENSG00000196305,2.2442193,3.2612486,12
ENSG00000126883_2,-0.006550405,0.84534615,12
ENSG00000148291,1.9187151,2.2987397,12
ENSG00000267394,1.7822083,1.0285916,12
ENSG00000168646,1.4898127,1.5855509,12
ENSG00000223551,0.14243945,4.694259,12
ENSG00000180549,0.224426,1.0404204,12
ENSG00000164967,1.4070475,0.0,12
ENSG00000108961,1.9105812,2.8715935,12
ENSG00000004660,0.1185337,0.0,12
ENSG00000263412,2.429217,1.6751364,12
ENSG00000154330,0.4061257,1.2730476,12
ENSG00000172159_1,1.2829846,1.2013316,12
ENSG00000109083,2.031278,2.5727112,12
ENSG00000176994,2.1101928,2.4344077,12
ENSG00000184640_1,0.06883469,0.0,12
ENSG00000262223,0.1427702,0.88242775,12
ENSG00000147862_2,0.56989735,0.0,12
ENSG00000064218,1.0147369,1.1820749,12
ENSG00000108654_1,2.1171427,0.0,12
ENSG00000083457_2,0.31684834,1.1774211,12
ENSG00000196092_2,2.1805074,2.2724915,12
ENSG00000175866_2,0.051458042,0.0,12
ENSG00000170703_1,0.6929928,1.1540037,12
ENSG00000205808,1.8060099,1.8070545,12
ENSG00000129194,0.103085265,0.8181599,12
ENSG00000148180_2,0.054403912,0.0,12
ENSG00000072849,2.2957485,0.0,12
ENSG00000171396,0.5019929,1.4964037,12
ENSG00000178999_1,2.2537756,2.93884,12
ENSG00000165219,2.2490833,2.5506282,12
ENSG00000131467,2.1956694,2.9268084,12
ENSG00000159842_1,1.8067807,1.9689777,12
ENSG00000181045,0.6763615,0.73737556,12
ENSG00000136783,1.8617643,2.4492161,12
ENSG00000161940,0.35838035,0.0,12
ENSG00000264589,0.70715976,1.4333217,12
ENSG00000183979,1.130319,1.3519509,12
ENSG00000267023,0.12678313,0.73745507,12
ENSG00000168795,2.6972795,2.1922941,12
ENSG00000080503_2,1.7748027,1.379106,12
ENSG00000130957,0.12142372,0.49596038,12
ENSG00000030304,0.050195407,0.0,12
ENSG00000070366,2.371515,2.572674,12
ENSG00000196422_1,1.4389602,1.9173532,12
ENSG00000109113_2,0.3866882,1.6855626,12
ENSG00000141314,1.4419869,1.762626,12
ENSG00000264044,0.054039974,0.0,12
ENSG00000106686,0.38356727,0.0,12
ENSG00000148308_1,1.8116509,2.5068662,12
ENSG00000095370_1,0.0738837,0.0,12
ENSG00000182628_1,2.301726,0.0,12
ENSG00000273706,1.0655025,1.2677583,12
ENSG00000107290,2.5210283,2.6898324,12
ENSG00000141052,0.6696744,0.0,12
ENSG00000176919,0.5936263,0.0,12
ENSG00000177469,0.82184404,1.5799893,12
ENSG00000136802_1,0.05214892,0.67889154,12
ENSG00000172992_1,2.2800329,2.4241235,12
ENSG00000231107,0.042730812,0.0,12
ENSG00000222465,0.023983616,0.0,12
ENSG00000125445,2.0868998,2.7857106,12
ENSG00000203364,0.04174337,0.0,12
ENSG00000165140_1,0.14118281,0.0,12
ENSG00000186665,1.9999114,1.8402379,12
ENSG00000286194,0.6962872,1.2056509,12
ENSG00000171346,0.07109155,0.0,12
ENSG00000213930,1.5294344,1.6826143,12
ENSG00000073536,1.917033,2.3854687,12
ENSG00000131097,0.042450596,0.0,12
ENSG00000196358,1.2963485,1.289522,12
ENSG00000004142,2.0623696,2.7249374,12
ENSG00000157693,2.536594,2.0436294,12
ENSG00000175832_2,0.9502104,2.483289,12
ENSG00000179409,2.1991963,2.0456164,12
ENSG00000188229,2.2433665,3.896513,12
ENSG00000230647,0.03381304,0.0,12
ENSG00000141255_1,0.07144554,0.97317404,12
ENSG00000083223,0.02729882,0.0,12
ENSG00000265702,0.009018365,0.0,12
ENSG00000178919,0.7814839,1.0245677,12
ENSG00000233516,-0.011397857,0.0,12
ENSG00000267123,0.58322525,0.0,12
ENSG00000133026_1,1.4884568,1.5910312,12
ENSG00000181856,0.45985535,1.0218506,12
ENSG00000164976,0.8699952,1.3742038,12
ENSG00000169660,1.5840878,2.437608,12
ENSG00000007237_6,1.35157,1.3589622,12
ENSG00000177370,2.0721035,2.5946434,12
ENSG00000106789,1.3861412,1.5536404,12
ENSG00000275152,0.16030584,1.1619546,12
ENSG00000212195,1.599305,3.129545,12
ENSG00000142494,1.0433639,1.3832946,12
ENSG00000091640,2.3718686,3.0489388,12
ENSG00000275385,0.008832943,0.0,12
ENSG00000226604,-0.028887559,0.6040964,12
ENSG00000271086,2.2910986,1.7360218,12
ENSG00000107099,1.6995503,1.5579882,12
ENSG00000204237,2.353326,2.091927,12
ENSG00000136490_1,2.259346,3.2411828,12
ENSG00000185920_1,0.66040045,0.83715266,12
ENSG00000136932,2.287561,2.2843337,12
ENSG00000286435,0.13077448,1.0164065,12
ENSG00000225190_1,2.1282856,2.3250208,12
ENSG00000122692,2.0072603,3.0406222,12
ENSG00000169925_1,2.0303948,2.344058,12
ENSG00000029725,2.163688,3.0451117,12
ENSG00000006125,1.8529876,2.8548512,12
ENSG00000187239,2.411591,3.3720832,12
ENSG00000182963_1,0.5088685,1.2197678,12
ENSG00000290919,0.121154785,1.3633751,12
ENSG00000130635,1.3300649,1.4842429,12
ENSG00000165092_1,-0.025332872,0.0,12
ENSG00000181222_2,0.153186,1.321184,12
ENSG00000278311,2.103338,2.66272,12
ENSG00000132359,0.22802433,0.8554889,12
ENSG00000265055,1.0949293,0.84336984,12
ENSG00000136848_1,0.9972432,1.3646166,12
ENSG00000157654,1.0227288,1.5488412,12
ENSG00000107077_1,2.700185,1.8992404,12
ENSG00000108984,0.6988327,2.1190643,12
ENSG00000136929_1,0.008629244,0.0,12
ENSG00000136807,2.1852982,2.1486304,12
ENSG00000204897,-0.033831958,0.0,12
ENSG00000240498,1.7116305,1.6588506,12
ENSG00000158169_1,2.0791256,2.433765,12
ENSG00000160293,2.1454976,2.317913,12
ENSG00000095370_2,0.11262442,0.0,12
ENSG00000230303,0.011823762,0.0,12
ENSG00000167881,0.0511447,0.0,12
ENSG00000141551_2,2.1237414,2.481417,12
ENSG00000107147,0.7472148,0.91307175,12
ENSG00000171448_1,1.8599955,1.8428843,12
ENSG00000159842_2,0.32708794,0.0,12
ENSG00000279886,0.3310177,0.8115549,12
ENSG00000154957,2.0692813,1.9606372,12
ENSG00000121101,0.2338666,0.6214671,12
ENSG00000136859,0.5614186,1.0644093,12
ENSG00000188895_2,0.035950374,0.0,12
ENSG00000262188,0.44232768,0.85743505,12
ENSG00000263429,0.22233358,0.9465849,12
ENSG00000175854_1,1.7993747,0.0,12
ENSG00000097007,2.0896387,1.7524941,12
ENSG00000220205,2.3300586,2.8212626,12
ENSG00000167543,1.2966363,1.3993968,12
ENSG00000005238_1,0.11759733,0.0,12
ENSG00000073605,0.1529572,0.0,12
ENSG00000108813,0.745478,1.967164,12
ENSG00000155875_1,2.4115613,0.0,12
ENSG00000197063_1,1.852298,2.2031744,12
ENSG00000161905,0.3064144,0.55928403,12
ENSG00000010244,1.9043404,3.588796,12
ENSG00000167693,1.4932431,1.9962927,12
ENSG00000188352_1,0.08694008,0.0,12
ENSG00000132470,1.3309666,1.7648633,12
ENSG00000173068_2,0.8501262,1.7606878,12
ENSG00000182473,0.06428558,1.3801931,12
ENSG00000130714,1.4605469,1.9058607,12
ENSG00000275066,2.171643,2.55734,12
ENSG00000108468,2.2994516,1.5489174,12
ENSG00000171159,2.041647,2.6652675,12
ENSG00000141068_1,0.05604359,0.0,12
ENSG00000161509_1,1.2942711,1.4452305,12
ENSG00000212899,0.013570819,0.4479019,12
ENSG00000266173,2.5242074,2.446315,12
ENSG00000204001_1,0.27925858,0.8861409,12
ENSG00000182473_1,1.7494501,1.3417708,12
ENSG00000007312,1.4578234,2.6291301,12
ENSG00000108528,2.5504146,2.577508,12
ENSG00000137077,0.015460234,0.0,12
ENSG00000108557,2.0438783,2.6038802,12
ENSG00000125447,2.5599716,2.4275186,12
ENSG00000137055,2.2222872,2.6752439,12
ENSG00000108592,1.9691604,2.4259725,12
ENSG00000265000,0.77573556,0.0,12
ENSG00000188612,2.3468354,1.7098972,12
ENSG00000197070,1.9849545,1.31775,12
ENSG00000106689,1.307654,2.290313,12
ENSG00000167525_2,1.45376,1.5128177,12
ENSG00000120215,0.024855744,0.47735283,12
ENSG00000148396,2.12261,1.7143046,12
ENSG00000161395,1.6829749,1.9785137,12
ENSG00000235448_1,0.017244775,0.0,12
ENSG00000173714,0.34757414,1.7574719,12
ENSG00000183978,0.69280165,2.409216,12
ENSG00000172794,0.48205993,1.1541013,12
ENSG00000244537,0.58132,1.8052969,12
ENSG00000130713,1.6765031,0.0,12
ENSG00000290928,2.3741167,2.5203342,12
ENSG00000171246,1.3467971,2.17745,12
ENSG00000230013,0.16692978,0.0,12
ENSG00000007237_1,0.048049275,1.0052663,12
ENSG00000198467_1,0.26520658,0.0,12
ENSG00000065559,1.8868513,2.3858762,12
ENSG00000153944_3,0.020527367,0.0,12
ENSG00000108518,2.4065607,4.5606213,12
ENSG00000136824,2.0619519,2.9062057,12
ENSG00000277972,2.0613174,1.7232914,12
ENSG00000127080,2.193632,2.3370616,12
ENSG00000153822_1,-0.023195986,0.0,12
ENSG00000106993,2.1047983,2.4738955,12
ENSG00000131759_1,1.8588398,2.814121,12
ENSG00000167447,1.0452225,2.2938905,12
ENSG00000126561,2.1683345,2.5214167,12
ENSG00000161682,1.4329294,1.7724171,12
ENSG00000170777,0.13338497,0.0,12
ENSG00000173812,2.504404,4.0395174,12
ENSG00000073584,2.2487586,3.129158,12
ENSG00000148297,2.237234,2.295844,12
ENSG00000197694,2.1445186,2.9618719,12
ENSG00000148158,1.8447409,1.5799836,12
ENSG00000183048,1.724142,2.030531,12
ENSG00000129214_1,0.17471763,0.0,12
ENSG00000148357,1.157193,1.5796121,12
ENSG00000186407,-0.018668655,0.0,12
ENSG00000136866,0.8839826,0.0,12
ENSG00000280177,0.45647722,1.0204856,12
ENSG00000108773_1,1.0342499,2.6065211,12
ENSG00000159842,0.95399725,1.1164417,12
ENSG00000248871,1.1573826,0.0,12
ENSG00000198121,0.03398553,0.0,12
ENSG00000159640_1,1.1189581,0.9880236,12
ENSG00000136925,2.329686,2.320651,12
ENSG00000261408,2.3257406,2.2986784,12
ENSG00000176170,0.034840938,0.80040085,12
ENSG00000108823,0.05718383,0.68477356,12
ENSG00000120159_1,2.2535853,2.7533991,12
ENSG00000108828,1.2171279,2.1997004,12
ENSG00000293515,0.024071138,0.7160284,12
ENSG00000278845,1.8827773,0.0,12
ENSG00000155827,2.0033486,2.1318336,12
ENSG00000197816,0.31155023,0.67582417,12
ENSG00000242616,1.5193471,2.4625223,12
ENSG00000268996,2.3887534,1.9070888,12
ENSG00000141252_1,0.022308145,0.0,12
ENSG00000106992_1,0.72835195,0.0,12
ENSG00000197969,2.0575106,2.8180676,12
ENSG00000154025,0.10626176,0.0,12
ENSG00000035862_1,0.10872722,0.70491374,12
ENSG00000250850,1.6078831,1.9556348,12
ENSG00000148386,0.07560822,0.9334873,12
ENSG00000108654_4,2.3586416,2.3712895,12
ENSG00000275700,2.2977927,2.4164908,12
ENSG00000005884_1,1.5537752,1.9047372,12
ENSG00000125434,1.8208536,1.9907782,12
ENSG00000233175,1.1212509,1.5968609,12
ENSG00000107338,1.7131522,1.7227491,12
ENSG00000137073,2.5937898,2.8165727,12
ENSG00000173838_1,0.81363064,1.2472365,12
ENSG00000141279_2,2.1133971,2.1973302,12
ENSG00000092931_2,0.061728183,0.0,12
ENSG00000010438,0.47141328,0.8413282,12
ENSG00000266469,2.0915918,1.4963622,12
ENSG00000167740,2.2856243,0.0,12
ENSG00000107099_2,0.9947862,0.0,12
ENSG00000165028,1.257352,1.6159395,12
ENSG00000187791,0.02529471,0.4958772,12
ENSG00000106976_1,1.344797,1.4437479,12
ENSG00000119125,0.075858,0.0,12
ENSG00000167157,1.26701,1.590619,12
ENSG00000167525_1,1.5405154,1.1377275,12
ENSG00000169071,0.2423979,0.0,12
ENSG00000131746,0.0636103,0.0,12
ENSG00000278023,0.8367343,0.0,12
ENSG00000087152,2.2941306,2.2913244,12
ENSG00000154975_1,0.10731086,1.0729296,12
ENSG00000108370,1.9278115,1.0177844,12
ENSG00000226237,0.40778467,0.9006948,12
ENSG00000167117,0.05729821,0.8824107,12
ENSG00000260369,2.4415643,1.962535,12
ENSG00000266714,0.2032789,1.2240407,12
ENSG00000168961,0.96102506,0.0,12
ENSG00000087157,2.0895336,2.3707387,12
ENSG00000065320,1.5545025,1.9931275,12
ENSG00000136856_1,0.7831531,0.0,12
ENSG00000183691,1.3163713,1.6182469,12
ENSG00000048828,2.1714067,3.1984124,12
ENSG00000167703,2.14948,1.9057118,12
ENSG00000179673,1.2660936,1.3372995,12
ENSG00000133193,2.247657,3.0057294,12
ENSG00000168259_2,2.1740294,3.24312,12
ENSG00000165695,1.2537687,1.4671936,12
ENSG00000182687,1.0670829,1.5096729,12
ENSG00000233101_1,0.3458217,1.0122465,12
ENSG00000204873,0.17180112,1.2924798,12
ENSG00000204001,0.32361814,0.5093504,12
ENSG00000235361,1.6145207,0.9182925,12
ENSG00000238007,0.009744238,0.0,12
ENSG00000108379_1,0.028008264,0.0,12
ENSG00000136450_1,2.3717842,3.5255086,12
ENSG00000174327,2.2235916,1.9678942,12
ENSG00000181222_1,2.3834772,2.0726616,12
ENSG00000087111_2,2.15943,2.997589,12
ENSG00000007237,-0.019945528,0.0,12
ENSG00000170190_1,1.1791149,1.2865462,12
ENSG00000198271,0.72954476,1.8294003,12
ENSG00000171931,0.0006667115,0.0,12
ENSG00000129673,0.107373744,0.0,12
ENSG00000153944,1.7469784,1.8210547,12
ENSG00000006042,1.3022636,1.3976793,12
ENSG00000172057,0.7983407,0.9880682,12
ENSG00000260220,0.13289125,0.80046964,12
ENSG00000293325,0.5483262,0.0,12
ENSG00000007168_2,1.7874407,1.7937834,12
ENSG00000236404,1.3856312,1.4401058,12
ENSG00000165269,0.16141836,0.0,12
ENSG00000164985_2,2.5645676,3.5806742,12
ENSG00000261371,0.09598988,0.65739053,12
ENSG00000265118,1.129989,1.3456677,12
ENSG00000108387_2,1.3424491,1.5341277,12
ENSG00000107263_1,1.843839,2.6331553,12
ENSG00000172123,0.8847546,1.3552331,12
ENSG00000095380,2.2430472,2.1380563,12
ENSG00000266677,1.4866725,1.8725642,12
ENSG00000015532,2.0239913,2.3160124,12
ENSG00000169738,0.12496242,0.8267225,12
ENSG00000187003,0.0073194616,0.0,12
ENSG00000233098_1,0.020213883,0.0,12
ENSG00000092871,1.7423662,0.0,12
ENSG00000136875,2.100875,0.0,12
ENSG00000109016,1.8788856,2.2123713,12
ENSG00000141562_1,2.1559384,2.5050619,12
ENSG00000167107_1,0.3178025,0.7676011,12
ENSG00000006744_1,2.1849735,3.0367646,12
ENSG00000109099_3,0.031939562,0.0,12
ENSG00000165280,2.5914543,3.3423753,12
ENSG00000179593,0.0911468,0.87681806,12
ENSG00000229637,0.14076674,0.0,12
ENSG00000109107,1.2821583,2.7651088,12
ENSG00000106771,1.9741515,2.271772,12
ENSG00000161544,1.238187,2.041669,12
ENSG00000230054,0.04747432,0.0,12
ENSG00000177427,1.8635312,1.5697951,12
ENSG00000087995,1.6359183,2.7964473,12
ENSG00000148308,1.9195534,2.8723323,12
ENSG00000119392,1.740956,2.6303964,12
ENSG00000175866_1,0.20081155,0.6349204,12
ENSG00000182224,2.2686322,1.9653429,12
ENSG00000107186,-0.025922913,0.0,12
ENSG00000167291,0.12776548,1.0404046,12
ENSG00000228639,0.08500621,0.6728549,12
ENSG00000126883,2.174787,2.7426183,12
ENSG00000186075,2.4108756,0.88799965,12
ENSG00000184060_1,0.98763067,1.4210771,12
ENSG00000108688,-0.019528035,1.4100329,12
ENSG00000270765,0.30510077,1.2022431,12
ENSG00000170004,1.554248,2.5701692,12
ENSG00000121073_2,0.19785018,0.74261516,12
ENSG00000171448,1.3689773,0.0,12
ENSG00000265688,1.7249119,1.7699456,12
ENSG00000244187,1.9103206,1.5110005,12
ENSG00000004897,2.4320042,2.8092122,12
ENSG00000177992,0.016903285,0.0,12
ENSG00000136450,1.8285216,0.0,12
ENSG00000148153,1.9069585,2.5018013,12
ENSG00000291110,0.60670453,1.7440675,12
ENSG00000136930,1.3013467,3.4456913,12
ENSG00000132535_1,0.28500748,0.77487445,12
ENSG00000108684,1.0555286,1.533734,12
ENSG00000147874_1,2.0950773,2.5467868,12
ENSG00000302531,0.33854884,0.9821808,12
ENSG00000120068,0.6552108,1.5829833,12
ENSG00000148358,2.2066636,2.417392,12
ENSG00000107130,1.4624373,1.6966097,12
ENSG00000161920,1.8947947,2.4219575,12
ENSG00000106853,0.023551341,0.0,12
ENSG00000263400,0.90217286,1.3080946,12
ENSG00000120156,0.022393,1.2383171,12
ENSG00000174292_1,0.97820026,0.8652817,12
ENSG00000276409,-0.0062109344,0.0,12
ENSG00000274180,1.4301319,1.7752463,12
ENSG00000187838,1.8378359,2.588918,12
ENSG00000265148,1.8050965,1.230883,12
ENSG00000106686_1,0.4920331,0.0,12
ENSG00000176390,2.1631157,2.4094293,12
ENSG00000120162,1.3744396,2.1247551,12
ENSG00000121064,1.1991845,2.479319,12
ENSG00000185332,0.22797921,0.60405314,12
ENSG00000175866_3,0.10581145,0.8434197,12
ENSG00000287553,2.1563313,1.1479853,12
ENSG00000276231,0.9895151,3.3892121,12
ENSG00000181090_2,0.40273586,1.0204649,12
ENSG00000172716,0.761239,0.0,12
ENSG00000196712,1.7533427,2.5404735,12
ENSG00000137078,1.0561527,2.6068542,12
ENSG00000165282,2.086528,2.1510327,12
ENSG00000237159,0.036194902,0.0,12
ENSG00000108826,1.7466072,2.944547,12
ENSG00000198887,2.0598817,2.5934865,12
ENSG00000259384,0.07827343,0.96241194,12
ENSG00000141480,2.089812,2.9453657,12
ENSG00000080298_1,2.3003745,2.8335576,12
ENSG00000224848,0.68609804,0.97766465,12
ENSG00000160602,1.6531212,1.7031194,12
ENSG00000136940,1.9851803,2.5032609,12
ENSG00000173805,0.8735207,1.1849184,12
ENSG00000225434,0.10664645,0.0,12
ENSG00000173812_1,0.9845212,1.3977836,12
ENSG00000224383,0.76608163,0.0,12
ENSG00000271605,0.41901875,0.83925176,12
ENSG00000167363,1.0550576,1.8431082,12
ENSG00000253506,0.20383689,3.64242,12
ENSG00000188833,0.35903135,0.0,12
ENSG00000159224,0.022156473,0.0,12
ENSG00000121104_1,2.43108,1.3843248,12
ENSG00000165233,1.734222,1.9223621,12
ENSG00000179598,2.0649915,2.2148702,12
ENSG00000165661,1.7715757,2.7085738,12
ENSG00000141556_1,0.29130343,0.0,12
ENSG00000187838_1,1.7264059,2.5509129,12
ENSG00000173821,2.0429688,1.9838653,12
ENSG00000181885_1,0.15788506,1.0801103,12
ENSG00000221880,0.27574614,1.3663483,12
ENSG00000233901_2,0.4813967,0.9113707,12
ENSG00000167419,0.04258957,0.0,12
ENSG00000147869,-0.012139719,0.0,12
ENSG00000197566,1.3331465,1.7034031,12
ENSG00000170296,0.79623216,1.1499884,12
ENSG00000133027_2,1.9881824,2.5189862,12
ENSG00000267080,2.0272539,2.2369905,12
ENSG00000108846_1,0.077245966,0.0,12
ENSG00000181031_1,0.16462627,0.85546464,12
ENSG00000127804,1.9746708,2.6935334,12
ENSG00000073861,1.490913,2.55398,12
ENSG00000130935,2.269705,3.1360989,12
ENSG00000264399,1.8022338,2.4744158,12
ENSG00000119314_1,2.3989718,3.0888445,12
ENSG00000167862,1.8632761,2.9727304,12
ENSG00000185527_1,0.1444019,0.5433478,12
ENSG00000122136,0.04205462,0.0,12
ENSG00000141574,0.81576073,0.85946256,12
ENSG00000178921_1,2.1846883,2.8753803,12
ENSG00000170049,0.46102044,1.2358061,12
ENSG00000119321_1,2.0344543,2.7108574,12
ENSG00000175931,1.929785,2.2172759,12
ENSG00000108924_1,0.053210404,0.0,12
ENSG00000188825,1.9506058,0.0,12
ENSG00000204347,0.24223655,0.0,12
ENSG00000083457_1,0.17246164,0.0,12
ENSG00000132581,2.357597,0.0,12
ENSG00000230537_1,0.13573724,1.1218551,12
ENSG00000262049,2.1279352,2.0243626,12
ENSG00000185262,2.4388218,3.5660012,12
ENSG00000178607_1,1.431507,1.4200085,12
ENSG00000170043,2.127865,3.1485348,12
ENSG00000276170,0.07139832,0.0,12
ENSG00000284526,0.056959834,0.0,12
ENSG00000136874,1.5628711,2.27521,12
ENSG00000177728,1.5640591,0.0,12
ENSG00000180901,0.0920971,0.0,12
ENSG00000108387_3,0.032065142,0.0,12
ENSG00000179094_2,2.047281,2.099539,12
ENSG00000167130,2.1553497,2.424947,12
ENSG00000148057,1.8567474,1.8064513,12
ENSG00000196422,1.4462165,2.0049658,12
ENSG00000125457_1,2.2958915,2.3532043,12
ENSG00000002834_1,2.317086,3.3016355,12
ENSG00000013306,2.271374,3.1522913,12
ENSG00000129255,2.4017494,2.777869,12
ENSG00000277258_1,0.7867116,2.853927,12
ENSG00000274996,0.026943777,0.0,12
ENSG00000187824,0.98745996,1.2622849,12
ENSG00000177731,1.8504149,2.3684375,12
ENSG00000236088,1.7627144,2.328614,12
ENSG00000141068_2,0.052333128,0.9716469,12
ENSG00000092871_2,2.3956497,2.3041673,12
ENSG00000175175,0.8334646,1.3052653,12
ENSG00000228714,-0.016443048,0.0,12
ENSG00000262050,1.7025194,1.2752883,12
ENSG00000107281,1.2976905,1.8812705,12
ENSG00000148339,2.5550754,2.1628928,12
ENSG00000259207,1.7416158,1.9738618,12
ENSG00000263843,2.2803233,1.4364806,12
ENSG00000141736,1.7703807,1.8211138,12
ENSG00000048828_1,2.1560533,1.9260336,12
ENSG00000165244,2.0385935,2.184802,12
ENSG00000167085,1.317811,0.0,12
ENSG00000168610_3,2.4562833,2.729628,12
ENSG00000184640,1.3020691,2.4018984,12
ENSG00000154803,1.9255055,2.107783,12
ENSG00000170836,2.3667037,2.4388855,12
ENSG00000123453,0.06765178,0.7603245,12
ENSG00000197724,1.7542162,2.0533473,12
ENSG00000131747,2.1296837,3.4290218,12
ENSG00000198467,0.11896554,1.0777311,12
ENSG00000173917,0.1819832,0.0,12
ENSG00000106733,2.3157425,1.8086498,12
ENSG00000136811_2,2.1304166,1.1876616,12
ENSG00000157637,1.3498309,1.523135,12
ENSG00000167900,1.7974647,2.6056314,12
ENSG00000136935,2.4392865,2.2261796,12
ENSG00000270647,2.3428662,3.4987254,12
ENSG00000166750,0.87952226,1.3658248,12
ENSG00000007171,-0.005713094,0.0,12
ENSG00000173253,0.70869476,2.661131,12
ENSG00000094804,2.0568104,2.4999304,12
ENSG00000225190,0.06426114,0.0,12
ENSG00000267207,0.48980686,0.0,12
ENSG00000184502,0.07200597,0.0,12
ENSG00000167895,1.5432742,2.8665502,12
ENSG00000236024,0.00823338,0.0,12
ENSG00000131095,0.18021011,1.010868,12
ENSG00000125458,2.2410066,2.2862632,12
ENSG00000108387,0.081519485,0.0,12
ENSG00000176809,2.5421588,2.4025364,12
ENSG00000204136,1.0277108,1.5403545,12
ENSG00000221882,1.0157455,0.0,12
ENSG00000108774,2.0733287,0.0,12
ENSG00000181374,0.0062988214,0.0,12
ENSG00000141376_3,-0.018656302,1.3959777,12
ENSG00000234789,0.26971826,1.0443045,12
ENSG00000177369,0.081857726,0.0,12
ENSG00000159842_4,0.53069407,1.121888,12
ENSG00000108582,1.948001,2.419442,12
ENSG00000119411,0.9976092,1.3114996,12
ENSG00000147852_1,1.2952396,1.940855,12
ENSG00000161542_1,2.2261915,2.607616,12
ENSG00000134996,2.216609,2.8854218,12
ENSG00000181222,2.421951,3.365044,12
ENSG00000187595_1,0.5450198,1.0894706,12
ENSG00000231806,0.5624152,1.2528772,12
ENSG00000107159,0.118833035,1.4348499,12
ENSG00000121073_1,2.2924132,2.6069186,12
ENSG00000185920,1.8020647,2.0204442,12
ENSG00000148344,0.32226053,1.1848617,12
ENSG00000266473,1.3280202,2.8312213,12
ENSG00000108963,1.1130375,2.5012016,12
ENSG00000107187,1.1080456,1.7098718,12
ENSG00000170310,1.1662818,2.4583492,12
ENSG00000141200,0.11494309,0.8224296,12
ENSG00000183010,0.47766164,1.648116,12
ENSG00000178445_1,0.30453035,1.2776574,12
ENSG00000108433,2.0778265,2.437535,12
ENSG00000224738,2.361359,1.6742088,12
ENSG00000136868,1.9925932,2.0304093,12
ENSG00000119335_1,1.9786185,1.8568255,12
ENSG00000164985_1,0.09299709,2.342973,12
ENSG00000136811_1,1.9270464,2.865383,12
ENSG00000286322_1,0.13104819,0.50046974,12
ENSG00000136487,0.07919188,0.0,12
ENSG00000148175,1.7760005,1.4284426,12
ENSG00000159921_1,0.023727689,0.647862,12
ENSG00000187713,2.0555222,2.2182202,12
ENSG00000198265,1.8376338,2.7139306,12
ENSG00000260328,0.072407424,0.0,12
ENSG00000008283,1.4771513,1.4866854,12
ENSG00000137070,0.5753518,1.2677816,12
ENSG00000170703,0.66707903,1.2004948,12
ENSG00000178971,2.297466,2.4020686,12
ENSG00000135018,2.3827188,3.0881538,12
ENSG00000137074,2.1725755,2.611259,12
ENSG00000167716_1,2.3115327,2.0087278,12
ENSG00000119421,1.1603303,2.7845516,12
ENSG00000153982,1.5155431,0.0,12
ENSG00000228392,0.33043858,1.2119744,12
ENSG00000186919,0.53940094,1.223937,12
ENSG00000204054,0.8261222,0.0,12
ENSG00000197958,2.17713,4.1704173,12
ENSG00000141568,2.1421635,2.8773944,12
ENSG00000153714,0.015231889,0.0,12
ENSG00000176170_1,1.632311,1.4442478,12
ENSG00000213927,0.07462187,0.9716469,12
ENSG00000198920_1,1.7708517,2.326426,12
ENSG00000231256,0.022125576,0.0,12
ENSG00000109099_1,0.37962005,0.0,12
ENSG00000002834,2.3543253,3.3541641,12
ENSG00000167881_1,2.1725104,3.1611283,12
ENSG00000136492,1.6735045,2.2755947,12
ENSG00000131471,0.04105029,0.0,12
ENSG00000258890,2.3908007,2.2584002,12
ENSG00000215237,0.42224482,1.8925309,12
ENSG00000166579,0.013547961,0.0,12
ENSG00000212719,0.8543839,0.9895032,12
ENSG00000141526_3,0.32707444,1.0681117,12
ENSG00000244649,1.3973992,2.0832088,12
ENSG00000132475,2.367272,3.5421455,12
ENSG00000161542_2,1.4878638,2.5742397,12
ENSG00000160445,1.9655019,2.1108422,12
ENSG00000107295,1.056743,1.4280375,12
ENSG00000167695_1,1.8886755,1.650958,12
ENSG00000198853_1,0.07563095,0.0,12
ENSG00000277258,0.28742394,2.002555,12
ENSG00000106819,-0.024954166,0.0,12
ENSG00000179477,0.51937425,1.140841,12
ENSG00000135002_1,1.998964,2.5098515,12
ENSG00000173818,1.853203,1.6264635,12
ENSG00000160602_1,2.3045442,1.6690657,12
ENSG00000131771_1,0.10026005,0.0,12
ENSG00000148346,0.051082682,0.0,12
ENSG00000278910_1,0.013117846,0.6414741,12
ENSG00000072778_1,1.4196184,0.90955603,12
ENSG00000040633_2,2.2606032,2.2001607,12
ENSG00000095303_1,0.5832249,1.8961734,12
ENSG00000136856,2.144691,1.7612059,12
ENSG00000263718,0.42718136,0.72149736,12
ENSG00000204706_1,1.9803418,1.4874918,12
ENSG00000168256,1.6180998,2.3175724,12
ENSG00000172785,1.9614083,2.8400748,12
ENSG00000073598,0.03732163,0.0,12
ENSG00000283329,0.016023543,0.0,12
ENSG00000122133,0.18210727,0.0,12
ENSG00000076351,1.5877024,2.0730288,12
ENSG00000108798_1,2.3358414,3.1918113,12
ENSG00000141560,1.6256224,2.2967682,12
ENSG00000006042_1,1.2925993,1.0594801,12
ENSG00000126368,1.3770002,1.7342557,12
ENSG00000262074,2.3158302,4.0664153,12
ENSG00000108947,0.8403071,0.0,12
ENSG00000126858,2.1095495,2.4216976,12
ENSG00000161960,2.5447452,3.7687838,12
ENSG00000181409,0.20778674,0.92849827,12
ENSG00000108389_1,2.332971,2.1053433,12
ENSG00000198336,0.06576775,0.0,12
ENSG00000128487_1,0.1768215,0.0,12
ENSG00000182327,0.5185109,1.173565,12
ENSG00000167543_3,1.874237,1.6529132,12
ENSG00000122696_1,1.989498,2.613588,12
ENSG00000259120,0.45972916,1.6203183,12
ENSG00000148334_2,1.720101,1.9083134,12
ENSG00000095383,1.8926424,1.001041,12
ENSG00000108443,2.3197794,2.9369206,12
ENSG00000263489,0.23667383,0.876795,12
ENSG00000054179,1.2402246,1.4903238,12
ENSG00000080503_4,0.76932,0.0,12
ENSG00000287333,0.025340032,0.68774295,12
ENSG00000197879_1,1.7944821,1.7427565,12
ENSG00000136872,-0.008510027,0.0,12
ENSG00000133195,1.2602609,2.175033,12
ENSG00000258315,2.531144,3.2875016,12
ENSG00000106853_1,0.43515098,0.9924475,12
ENSG00000120071_4,1.9192122,1.9416704,12
ENSG00000136827,1.6643728,2.6415484,12
ENSG00000136840,2.0220535,2.4012265,12
ENSG00000159202,2.508201,2.7020686,12
ENSG00000005961_1,0.6813308,0.78668046,12
ENSG00000137054,2.1996396,2.8259509,12
ENSG00000161955_1,0.9833645,1.4662446,12
ENSG00000203987,0.18392864,0.0,12
ENSG00000136828,1.6518458,1.8704507,12
ENSG00000198121_1,1.0580286,1.9614496,12
ENSG00000136895_2,1.6158059,0.0,12
ENSG00000040531_1,1.8566096,1.666939,12
ENSG00000141699,2.4590251,2.5638323,12
ENSG00000119487_1,1.5473837,1.7877438,12
ENSG00000267278_2,1.4370502,1.2638466,12
ENSG00000261192,0.66864043,1.1867586,12
ENSG00000108474,0.93344206,2.5778203,12
ENSG00000199426,0.081406355,0.8652462,12
ENSG00000128422_1,0.42289883,0.50046974,12
ENSG00000138835_5,0.6341652,0.0,12
ENSG00000131737,0.19569214,0.0,12
ENSG00000165025,1.8575447,2.0447946,12
ENSG00000173918,0.7719833,1.5444525,12
ENSG00000185624,0.08093269,1.4380294,12
ENSG00000108825,0.54857796,0.0,12
ENSG00000131477_1,1.1924173,1.38616,12
ENSG00000012048_2,1.864856,2.6788552,12
ENSG00000132518,0.10403009,0.0,12
ENSG00000135063,1.3733714,1.8172348,12
ENSG00000164972,0.16107339,0.0,12
ENSG00000178966,2.3345475,2.3897488,12
ENSG00000278540,2.0526772,2.5910947,12
ENSG00000083454,1.6123012,1.5588285,12
ENSG00000188747,1.6453245,1.3807899,12
ENSG00000286718,2.0512817,2.2676528,12
ENSG00000141040,1.4457728,1.7443165,12
ENSG00000277511,1.4247997,0.0,12
ENSG00000196535,1.0902605,2.2720737,12
ENSG00000108439_1,0.2389,1.0883133,12
ENSG00000240498_1,-0.024092924,0.0,12
ENSG00000165688,2.2671192,2.936275,12
ENSG00000007237_3,0.03356112,0.0,12
ENSG00000109084,1.9358512,2.8426511,12
ENSG00000188352,2.2477992,2.3694181,12
ENSG00000184640_4,1.7724508,2.3201609,12
ENSG00000107077,2.6075048,2.3949068,12
ENSG00000167863,2.04684,3.3577235,12
ENSG00000108639_1,1.559342,0.0,12
ENSG00000108523_1,1.876867,1.7803173,12
ENSG00000181778,0.006287437,0.0,12
ENSG00000182628,0.08692369,0.0,12
ENSG00000108559,2.4956863,2.8540583,12
ENSG00000185561,0.88720673,1.228272,12
ENSG00000165689,2.265733,2.5791626,12
ENSG00000005884,1.405769,2.040377,12
ENSG00000108342,0.19522655,1.4347924,12
ENSG00000121067,2.0390851,2.7660134,12
ENSG00000108786,0.21249488,0.6215398,12
ENSG00000123453_1,0.39783862,0.0,12
ENSG00000141378,2.336116,2.7338655,12
ENSG00000172159,-0.009032715,0.0,12
ENSG00000148384,1.3737162,2.1548347,12
ENSG00000141698,1.2478439,2.2463164,12
ENSG00000170004_1,0.21017238,0.0,12
ENSG00000167100,1.1703707,0.0,12
ENSG00000198467_3,0.82466894,1.8736984,12
ENSG00000197191,0.18659708,0.0,12
ENSG00000188483,1.1041826,2.179724,12
ENSG00000182156,0.08053994,0.0,12
ENSG00000293669,2.150594,2.530288,12
ENSG00000176170_2,0.8121092,1.188591,12
ENSG00000181408,1.1356522,1.3682683,12
ENSG00000219200_1,1.174471,2.379378,12
ENSG00000169710,2.1085885,3.282441,12
ENSG00000080503_5,0.0066619106,0.0,12
ENSG00000197694_1,1.1962777,0.5632437,12
ENSG00000108654,0.23935333,1.0871422,12
ENSG00000197919,0.016119871,0.0,12
ENSG00000171169,2.114024,0.0,12
ENSG00000107282,1.3013937,1.6805531,12
ENSG00000166582,1.8849843,2.574899,12
ENSG00000109101,0.22084078,1.4617326,12
ENSG00000136877,2.1396072,2.3154035,12
ENSG00000153944_1,1.189167,1.4100649,12
ENSG00000161381_2,0.38132825,1.4921316,12
ENSG00000074370,1.9678344,2.45992,12
ENSG00000205045,0.70062107,0.0,12
ENSG00000238804,0.009823021,0.0,12
ENSG00000108556_1,0.22494984,0.0,12
ENSG00000172992,2.3917038,2.8614058,12
ENSG00000171916,0.3310178,0.0,12
ENSG00000106701,1.947792,1.8295867,12
ENSG00000107140,1.796332,2.1874728,12
ENSG00000146872_1,2.0577304,2.4437792,12
ENSG00000204815,1.4145702,1.0163856,12
ENSG00000091542,2.0773103,2.019378,12
ENSG00000108946_3,0.041552555,0.0,12
ENSG00000275023,2.2471924,2.526184,12
ENSG00000120071_3,2.5149295,2.3298452,12
ENSG00000240445,1.5285972,1.7312986,12
ENSG00000167183,0.16501683,0.0,12
ENSG00000160323,0.33274776,0.0,12
ENSG00000136861_1,1.9644192,2.650256,12
ENSG00000092929_1,1.6953366,2.1463482,12
ENSG00000272636,1.4090792,1.4016246,12
ENSG00000106785,2.2054002,2.534535,12
ENSG00000107105,0.00467607,0.0,12
ENSG00000132530_2,1.073079,2.7140949,12
ENSG00000169689,1.8265316,2.5478964,12
ENSG00000270379,0.012477394,0.0,12
ENSG00000148204_1,0.025236469,0.0,12
ENSG00000196730_2,2.088949,2.3631868,12
ENSG00000107099_1,1.5061823,1.1428741,12
ENSG00000147889_1,1.8345978,2.5610058,12
ENSG00000213213_1,1.0424513,0.8372095,12
ENSG00000267002,2.1913779,1.3365117,12
ENSG00000108960,2.312128,1.7401977,12
ENSG00000129654,0.8023992,0.87297165,12
ENSG00000007168,2.1585999,2.9389298,12
ENSG00000175061_1,2.2586696,2.927021,12
ENSG00000148296,1.8712231,2.8167362,12
ENSG00000172156,-0.01140305,0.86142087,12
ENSG00000147874,0.047400516,0.0,12
ENSG00000227619,0.011978429,0.0,12
ENSG00000209582,0.23676565,0.0,12
ENSG00000180787,1.9992999,1.9695929,12
ENSG00000225564,-0.019971896,0.0,12
ENSG00000167916,0.40872687,0.89348435,12
ENSG00000120093,0.07912852,0.0,12
ENSG00000141497,1.058395,0.0,12
ENSG00000196152,2.0664246,2.2185802,12
ENSG00000290858,0.02629279,0.0,12
ENSG00000120217,2.222211,2.9500375,12
ENSG00000136938_1,0.06585592,0.0,12
ENSG00000198933,1.2240225,1.3378385,12
ENSG00000141034,2.2641313,1.9912261,12
ENSG00000141551_3,1.8617536,2.871888,12
ENSG00000183354,1.4683114,2.0211189,12
ENSG00000107223,2.115908,3.5232053,12
ENSG00000276293,2.3526924,2.1150377,12
ENSG00000198443,0.5621425,1.4034122,12
ENSG00000106772_2,0.8317918,0.0,12
ENSG00000137100,1.1808933,0.0,12
ENSG00000137033,-0.023167718,0.0,12
ENSG00000070601,1.4090384,1.2221961,12
ENSG00000131469,2.1156518,3.6705632,12
ENSG00000168913,1.361164,1.2676879,12
ENSG00000238212,0.031164546,1.1043096,12
ENSG00000262879_1,1.9148451,2.2541394,12
ENSG00000072210,1.8698372,2.324262,12
ENSG00000198740,2.201178,2.2113342,12
ENSG00000260019,-0.03458802,0.0,12
ENSG00000181045_1,1.7817979,1.3212463,12
ENSG00000136950,2.313965,1.7365558,12
ENSG00000130560,2.089979,2.0255556,12
ENSG00000107317_2,0.059555683,0.0,12
ENSG00000200889,0.009682242,0.0,12
ENSG00000086065,2.2278316,3.1865468,12
ENSG00000131471_1,0.028510626,0.0,12
ENSG00000154945_1,1.988002,2.3552983,12
ENSG00000167720,2.2924895,1.9990044,12
ENSG00000179111,0.17726156,0.0,12
ENSG00000141068,1.9411625,2.8623402,12
ENSG00000175164,0.8529336,1.0365092,12
ENSG00000141376_1,-0.008732919,0.0,12
ENSG00000141499,1.8313477,0.0,12
ENSG00000136842,1.9395592,2.1968613,12
ENSG00000148154_1,2.1330745,1.778889,12
ENSG00000141376,1.6610383,0.0,12
ENSG00000184185,1.2572466,1.4597994,12
ENSG00000136504,2.361615,2.873754,12
ENSG00000161405_1,2.3591683,3.0980654,12
ENSG00000198265_1,1.326055,0.0,12
ENSG00000290656,0.38209793,1.5788397,12
ENSG00000265458,2.2467747,2.3349843,12
ENSG00000167543_1,1.7506007,1.5777675,12
ENSG00000125485,2.2513187,1.9818412,12
ENSG00000286322,0.013447169,0.0,12
ENSG00000137103,1.2779382,2.2461538,12
ENSG00000187775,0.020750683,0.0,12
ENSG00000266446,1.8032613,1.2356547,12
ENSG00000067191_1,0.31946966,0.0,12
ENSG00000099219,2.0984633,2.4215546,12
ENSG00000072310_1,2.003332,2.761206,12
ENSG00000086062,2.49271,2.89095,12
ENSG00000108469_1,1.6945318,0.0,12
ENSG00000236924,1.5291702,2.082875,12
ENSG00000175893,1.8428506,2.338293,12
ENSG00000148219_1,1.3890152,1.8321894,12
ENSG00000138835_1,0.15428175,0.0,12
ENSG00000070610,1.8611287,1.5646542,12
ENSG00000169738_1,2.06058,1.7203412,12
ENSG00000276234,2.1838906,2.6054883,12
ENSG00000035862,0.0454594,0.76522136,12
ENSG00000197417,2.1519463,2.1797757,12
ENSG00000271447,1.1568172,1.9548694,12
ENSG00000154240,-0.010060061,0.0,12
ENSG00000126883_3,0.15440866,0.0,12
ENSG00000132376,2.2657816,1.8283763,12
ENSG00000285947,0.5775723,0.0,12
ENSG00000171475,2.131937,2.4904823,12
ENSG00000189152,1.234882,2.2715628,12
ENSG00000002919_1,2.0972164,1.7589611,12
ENSG00000125409,0.33054677,0.0,12
ENSG00000256806,1.6797761,1.28201,12
ENSG00000108298,2.2462125,3.7774696,12
ENSG00000285634_1,-0.024458189,0.0,12
ENSG00000076351_1,0.55732584,0.0,12
ENSG00000108255,0.08782472,0.0,12
ENSG00000130717,1.8038017,1.6858402,12
ENSG00000214087,1.9234959,2.0567791,12
ENSG00000141027_1,2.3940346,2.8503633,12
ENSG00000083223_1,2.1376321,2.4123178,12
ENSG00000122694,1.2814999,1.6206981,12
ENSG00000108244_2,-0.022178147,0.53087944,12
ENSG00000011260,2.4626083,2.9473112,12
ENSG00000108825_1,0.5371102,0.0,12
ENSG00000147883,0.8206135,1.4269664,12
ENSG00000087095_1,0.15000921,1.7272158,12
ENSG00000108511,0.08377835,0.83298767,12
ENSG00000138835,0.7971572,0.0,12
ENSG00000230601,0.13186544,0.0,12
ENSG00000166292,-0.01493096,0.0,12
ENSG00000213424,0.03304774,0.0,12
ENSG00000132510,0.91812634,1.3687423,12
ENSG00000184544,-0.0085009225,0.0,12
ENSG00000108691,0.07676616,0.0,12
ENSG00000073584_1,0.6683682,1.8310695,12
ENSG00000154262_1,0.6616083,0.0,12
ENSG00000170175,0.4224856,1.258278,12
ENSG00000182575,1.3726641,1.4557886,12
ENSG00000167081,2.0451996,2.7201014,12
ENSG00000187531,1.6220578,2.2742386,12
ENSG00000007216,0.07799329,0.0,12
ENSG00000272975,0.004375186,1.1366888,12
ENSG00000148229,2.289141,2.765072,12
ENSG00000141570,1.8700923,1.9907871,12
ENSG00000141485,0.79732555,0.9791385,12
ENSG00000291169,0.012614924,0.0,12
ENSG00000131759_2,0.7008038,1.1922886,12
ENSG00000067596,2.033784,2.7070606,12
ENSG00000148339_2,0.12169108,0.0,12
ENSG00000131669,1.8578025,2.4390056,12
ENSG00000108924_3,-0.0035595335,0.0,12
ENSG00000187997,0.3039933,0.8613791,12
ENSG00000141026,1.8477069,0.0,12
ENSG00000108424_1,2.1005888,1.6739328,12
ENSG00000006047,1.141049,1.2273982,12
ENSG00000108405,0.6201953,0.9639577,12
ENSG00000177076,1.3582014,1.6832272,12
ENSG00000148303,2.289693,3.4981313,12
ENSG00000167107,1.2835009,0.0,12
ENSG00000122756_1,0.96150166,1.1867304,12
ENSG00000123700,0.94914126,1.8234482,12
ENSG00000086102,2.4786708,2.8655334,12
ENSG00000259349,1.8930706,0.0,12
ENSG00000184640_2,1.2451802,2.5223465,12
ENSG00000235641_1,0.040869627,1.0455576,12
ENSG00000171298,1.8403792,1.6509968,12
ENSG00000261879,2.1615608,0.0,12
ENSG00000238898,0.0026133023,0.0,12
ENSG00000264672,0.025670785,0.0,12
ENSG00000132518_1,0.57441765,0.9806396,12
ENSG00000130045,0.81561583,1.0847907,12
ENSG00000164985,0.07666889,2.148618,12
ENSG00000169692,1.9460498,2.1120384,12
ENSG00000168591,2.1828716,2.1112626,12
ENSG00000147853,2.2023609,2.9989808,12
ENSG00000108389,1.7927734,2.5438955,12
ENSG00000127191,0.98347,0.0,12
ENSG00000157303,1.2820739,2.809316,12
ENSG00000119408_1,2.3388321,2.1607056,12
ENSG00000167858,0.21552953,0.0,12
ENSG00000132535_4,1.256154,0.0,12
ENSG00000188379,0.24883938,1.0325664,12
ENSG00000148337_2,0.39910004,1.0456046,12
ENSG00000141258_1,2.029382,1.4724493,12
ENSG00000173611,1.5813297,2.1062896,12
ENSG00000262730,0.07838951,1.6100348,12
ENSG00000186395,0.18197016,1.0519625,12
ENSG00000273611,1.9189624,2.5759969,12
ENSG00000091583,0.033719104,0.0,12
ENSG00000125449,1.175115,2.2280974,12
ENSG00000188386,0.2229639,0.0,12
ENSG00000005379,1.9429847,2.1854289,12
ENSG00000138835_6,0.7845435,1.2639437,12
ENSG00000158079,0.13324001,1.2282643,12
ENSG00000182446,0.60368174,0.0,12
ENSG00000278505,0.0028740428,0.90427184,12
ENSG00000263766,2.1525588,1.4573216,12
ENSG00000148341,1.9284662,2.122029,12
ENSG00000236819,0.1738612,0.0,12
ENSG00000006282,1.2257196,2.1229692,12
ENSG00000196092_1,0.93094224,2.2522023,12
ENSG00000119383_5,1.0566617,0.0,12
ENSG00000189051,0.16628346,1.1608286,12
ENSG00000153933,1.886574,2.142646,12
ENSG00000159069,2.1405838,2.4764316,12
ENSG00000148399,1.761639,1.9750594,12
ENSG00000148337_1,1.8752521,2.9088066,12
ENSG00000130707,0.7759014,1.4306232,12
ENSG00000156017,2.37172,2.3527997,12
ENSG00000183034,0.36410913,0.0,12
ENSG00000262664,2.1210015,2.564646,12
ENSG00000072310,1.5825094,1.5235918,12
ENSG00000167106_1,2.17429,1.9582819,12
ENSG00000185504_1,1.2063977,2.0044332,12
ENSG00000129657,2.0546625,2.395286,12
ENSG00000064300,1.2176386,1.7656462,12
ENSG00000173762,0.2860804,1.3664416,12
ENSG00000136436,1.6440917,3.0923803,12
ENSG00000232283,-0.01070362,0.0,12
ENSG00000155158,0.9094844,1.9815468,12
ENSG00000239697,0.96222967,1.9702306,12
ENSG00000173065_2,1.2229458,0.0,12
ENSG00000154240_2,1.1414155,1.6733896,12
ENSG00000141569,1.9481951,2.044383,12
ENSG00000179604,1.871761,2.072588,12
ENSG00000241322,0.04477894,0.0,12
ENSG00000165802,1.8271068,2.4927282,12
ENSG00000234860,-0.034037236,0.0,12
ENSG00000203993,2.1351237,2.3107357,12
ENSG00000106772_1,-0.02110764,0.6728365,12
ENSG00000141456_1,2.0259988,2.6650863,12
ENSG00000196739_1,0.22163987,0.93843466,12
ENSG00000125691,2.2666528,3.966287,12
ENSG00000167113,1.8599476,2.77432,12
ENSG00000260454,-0.042480517,0.0,12
ENSG00000137073_1,2.545881,2.9054344,12
ENSG00000141756_1,0.1475212,1.0205022,12
ENSG00000070601_1,0.014337834,0.0,12
ENSG00000141179,1.3303071,1.9112855,12
ENSG00000130560_1,1.9538659,2.462299,12
ENSG00000267278,2.23689,1.871243,12
ENSG00000005156,2.2069378,2.608526,12
ENSG00000182173,1.9655262,2.198855,12
ENSG00000179314,0.27566305,0.0,12
ENSG00000271086_1,2.2411866,1.7822576,12
ENSG00000267042,2.3603866,1.731629,12
ENSG00000141499_1,1.5340254,1.9385548,12
ENSG00000179094_1,1.6646959,2.372227,12
ENSG00000137075,1.8894407,1.1755756,12
ENSG00000164946,-0.01472402,0.0,12
ENSG00000198722,1.0702821,1.4011074,12
ENSG00000109103,1.5637754,3.1509836,12
ENSG00000172889_2,1.433252,1.608205,12
ENSG00000167705,0.8799276,0.0,12
ENSG00000196388,1.7371349,1.2835047,12
ENSG00000137154,2.2980306,3.7964196,12
ENSG00000108839,0.78101605,1.5954411,12
ENSG00000165264,2.0032325,3.0083191,12
ENSG00000184640_9,0.678734,0.76029426,12
ENSG00000108821_1,0.08987364,0.6697296,12
ENSG00000119383_4,1.2475532,1.9090209,12
ENSG00000212719_1,0.2569761,0.0,12
ENSG00000108883,0.025286991,0.8071628,12
ENSG00000183011,2.4257987,2.8249273,12
ENSG00000044459,0.5520982,2.33102,12
ENSG00000225050,0.0072365254,0.0,12
ENSG00000108523,2.6650274,2.7997746,12
ENSG00000132535,0.9600763,0.7820137,12
ENSG00000136813,2.0728989,2.2956111,12
ENSG00000264364,2.0979884,2.733068,12
ENSG00000169925_2,1.3336169,1.1530217,12
ENSG00000173801,0.63181764,1.0443437,12
ENSG00000141526_1,1.390778,1.7142962,12
ENSG00000167721,1.680807,0.0,12
ENSG00000188176,1.2261479,1.9732202,12
ENSG00000141524,1.7177945,2.5391364,12
ENSG00000198853,1.0719833,1.5356991,12
ENSG00000158955,1.165946,1.4405155,12
ENSG00000173908,-0.027060155,0.0,12
ENSG00000181031,0.04152279,0.0,12
ENSG00000157657,1.3808523,1.1304302,12
ENSG00000011454,2.0177476,2.2595747,12
ENSG00000293499,2.014103,1.8033205,12
ENSG00000109099_2,0.027078811,0.0,12
ENSG00000287193,2.020257,0.0,12
ENSG00000133026,0.9949258,1.5643346,12
ENSG00000173786,1.9966427,2.1954458,12
ENSG00000232859,1.7790953,1.8238978,12
ENSG00000141232,2.1612022,2.2690692,12
ENSG00000213977,2.0331204,1.8622924,12
ENSG00000108602,0.1509921,1.0680745,12
ENSG00000109066,2.0058753,2.3029258,12
ENSG00000082641_2,0.61377317,1.0883133,12
ENSG00000137076,2.356664,3.0259855,12
ENSG00000120235,0.033283237,0.0,12
ENSG00000137106,2.2079654,2.9037302,12
ENSG00000119314,1.9241028,0.0,12
ENSG00000198336_1,0.11083974,0.93180865,12
ENSG00000005238_2,1.2031797,0.0,12
ENSG00000135047_1,0.008282524,0.0,12
ENSG00000180071,0.83156013,1.0519239,12
ENSG00000161955,1.1641159,2.2182467,12
ENSG00000096968,2.4530761,2.3441172,12
ENSG00000108666,1.9018377,1.3749169,12
ENSG00000108666_2,1.7493037,1.5484754,12
ENSG00000141576_1,1.6643623,1.6403621,12
ENSG00000136490,1.806306,2.9032772,12
ENSG00000188921,1.7127169,2.4388254,12
ENSG00000129667_1,2.1402779,2.3304949,12
ENSG00000227543,2.0614765,1.4517711,12
ENSG00000106992,0.067362145,0.0,12
ENSG00000023318,2.1557257,3.12197,12
ENSG00000186594,2.3593116,1.3627651,12
ENSG00000108423,2.0566232,1.958313,12
ENSG00000136888,2.1933815,3.1246445,12
ENSG00000141349,1.9981405,2.5872507,12
ENSG00000287355,-0.010215398,0.0,12
ENSG00000107020,2.5953388,2.5764427,12
ENSG00000188394,0.041617196,0.0,12
ENSG00000120075,0.7438585,0.0,12
ENSG00000120210,0.34286842,0.0,12
ENSG00000188895_1,2.050659,1.4452149,12
ENSG00000198242,2.2848337,4.01598,12
ENSG00000132507_1,2.7054563,4.0913787,12
ENSG00000254876,0.6686428,2.1206496,12
ENSG00000141568_1,0.20148204,0.0,12
ENSG00000227355,1.3298302,0.0,12
ENSG00000007237_5,0.100793645,0.0,12
ENSG00000214654,2.1475236,1.8754085,12
ENSG00000170190,1.00445,1.5282738,12
ENSG00000212901,0.031043995,1.1031741,12
ENSG00000167524,0.07554367,0.0,12
ENSG00000234494,2.0578578,0.0,12
ENSG00000119509,2.0404372,2.0243955,12
ENSG00000122705,2.405578,3.4414327,12
ENSG00000136881_1,-0.018460277,0.0,12
ENSG00000278910,0.022627186,0.0,12
ENSG00000119383_2,1.5238448,1.6456089,12
ENSG00000080503,2.4467247,3.25685,12
ENSG00000129657_2,2.3025303,2.1918924,12
ENSG00000135040,2.1740663,2.421538,12
ENSG00000153822_2,-0.0180309,0.0,12
ENSG00000156345_1,0.6985616,1.5210726,12
ENSG00000121075,0.9240682,0.97468203,12
ENSG00000125398,1.492426,3.0768516,12
ENSG00000091542_1,2.3230538,2.9143696,12
ENSG00000136943,0.8909157,0.0,12
ENSG00000108946_2,1.9277327,1.2479683,12
ENSG00000276234_1,1.8961664,1.6230425,12
ENSG00000233098,0.10520892,0.0,12
ENSG00000167106,0.14886421,0.0,12
ENSG00000087191,2.1449332,3.0238736,12
ENSG00000133028,1.9856962,2.7398088,12
ENSG00000167851_1,1.9028114,2.1224616,12
ENSG00000173065,1.9099942,1.4709556,12
ENSG00000175662,1.9105494,2.0171752,12
ENSG00000181481,2.1390157,2.1712582,12
ENSG00000175287,0.096491456,0.0,12
ENSG00000182896,0.23283216,0.6637386,12
ENSG00000196873,1.7588357,0.0,12
ENSG00000277887,2.3578448,1.551633,12
ENSG00000119408,2.316673,3.0709202,12
ENSG00000135048,1.3361276,1.3718803,12
ENSG00000126860,0.5751397,0.0,12
ENSG00000108829,1.8401374,3.096044,12
ENSG00000177302,2.1923738,2.464658,12
ENSG00000095261,2.2276683,2.19757,12
ENSG00000207955,0.73362577,1.4889172,12
ENSG00000005882_1,0.057517115,0.7890163,12
ENSG00000141127,1.4518186,0.0,12
ENSG00000108784,2.1885028,2.207365,12
ENSG00000004660_1,1.8632659,1.2662082,12
ENSG00000137098,2.0104477,2.784015,12
ENSG00000108654_3,2.5189652,4.1733613,12
ENSG00000108602_1,0.019160781,0.0,12
ENSG00000165060,1.7258826,2.8146138,12
ENSG00000167851,1.7835637,2.8951461,12
ENSG00000180626,2.296932,2.0982664,12
ENSG00000160539_1,0.4298323,1.0067227,12
ENSG00000091622,1.4028348,1.5949888,12
ENSG00000187624,2.0462852,1.2607152,12
ENSG00000108702,0.045755748,1.5669663,12
ENSG00000132141,2.230659,1.5993229,12
ENSG00000034152,2.043131,2.8180609,12
ENSG00000108669,0.06432539,0.0,12
ENSG00000204277,0.17753659,0.0,12
ENSG00000167081_1,1.8329812,1.7178785,12
ENSG00000136463,1.2889864,2.4495678,12
ENSG00000107249,0.6430289,1.2646998,12
ENSG00000148123,1.1045178,1.4274698,12
ENSG00000138835_2,0.052503902,0.0,12
ENSG00000109111,2.4604096,3.0053265,12
ENSG00000133027,0.19933051,0.8613552,12
ENSG00000141551,0.1049031,1.344353,12
ENSG00000165181_2,-0.0026532896,0.0,12
ENSG00000262920,0.40571436,1.1345915,12
ENSG00000108932,2.0228875,1.3634051,12
ENSG00000185829,1.9234129,2.2627926,12
ENSG00000108950,0.9974384,1.288808,12
ENSG00000265313,0.0040320717,0.0,12
ENSG00000167419_1,0.04477873,0.5933082,12
ENSG00000148180,0.4157022,0.0,12
ENSG00000166482,0.30556676,0.85545856,12
ENSG00000108666_1,1.7453381,2.401004,12
ENSG00000290567,0.045286592,0.0,12
ENSG00000124422_1,2.0498564,2.2790895,12
ENSG00000168591_1,1.5240805,0.0,12
ENSG00000170037,2.2238345,2.0670598,12
ENSG00000225551,-2.175197e-05,0.0,12
ENSG00000108244_1,-0.007909898,0.6348399,12
ENSG00000161939,1.9948605,0.0,12
ENSG00000174292,0.49871078,0.940073,12
ENSG00000147889,0.94432265,1.4088994,12
ENSG00000165119_1,2.3275464,3.8426342,12
ENSG00000188523,0.98336726,1.3246117,12
ENSG00000107104_1,1.423984,1.5472577,12
ENSG00000109099,0.8220101,0.78670883,12
ENSG00000267280,0.4539104,1.2873538,12
ENSG00000187688,2.0277073,2.7478707,12
ENSG00000106952,0.008992579,1.0544522,12
ENSG00000132386_2,0.19444779,0.6906213,12
ENSG00000147905_1,0.18183856,0.0,12
ENSG00000238227,2.253143,2.2586133,12
ENSG00000175866_5,0.16075592,1.5140561,12
ENSG00000159884,2.3519735,2.0666838,12
ENSG00000006744,1.9279879,0.0,12
ENSG00000108819,1.6930369,1.8471776,12
ENSG00000136449_1,1.5608517,0.0,12
ENSG00000215183,0.08725077,0.9670469,12
ENSG00000186834,2.4135907,2.4783745,12
ENSG00000141741,1.6406878,2.425575,12
ENSG00000119471,2.1589282,2.5193357,12
ENSG00000136848,0.08726919,0.0,12
ENSG00000049283,0.20740508,1.2646054,12
ENSG00000185681,1.1397967,0.0,12
ENSG00000293514,2.3331068,2.0524669,12
ENSG00000141027,-0.017251078,0.0,12
ENSG00000119121,0.06500891,0.0,12
ENSG00000120156_1,0.03621879,0.0,12
ENSG00000178852,2.1904156,2.05367,12
ENSG00000278053,1.3924752,2.9384818,12
ENSG00000160339,0.094815314,0.0,12
ENSG00000170425,1.308433,1.1153775,12
ENSG00000159199,2.129779,2.7704287,12
ENSG00000165271,1.6472557,2.6241646,12
ENSG00000148335_1,1.9322652,2.5637076,12
ENSG00000165699,1.9408976,2.3659856,12
ENSG00000168517_2,1.5389446,0.0,12
ENSG00000170412_1,1.11978,1.2358061,12
ENSG00000171843_1,2.1620853,1.7221912,12
ENSG00000119487,0.004796263,0.0,12
ENSG00000160606,2.0422843,1.6966621,12
ENSG00000197579,1.9625684,2.4111314,12
ENSG00000204706,1.1045246,0.83925176,12
ENSG00000159640,1.3667562,1.6455795,12
ENSG00000108465,2.178304,2.3524778,12
ENSG00000291172,-0.020485412,0.0,12
ENSG00000132386_1,0.33568308,0.77963257,12
ENSG00000153822,-0.013490532,0.0,12
ENSG00000158169,0.28319937,0.0,12
ENSG00000119408_3,1.967924,2.4287825,12
