,Pred,actual,fold_idx
ENSG00000186973,0.53512037,0.0,1
ENSG00000236427_1,0.14318098,0.0,1
ENSG00000116675_1,1.8065107,1.6560886,1
ENSG00000143387,0.21659411,0.0,1
ENSG00000159166,1.232417,0.0,1
ENSG00000117480,1.5036693,1.3588862,1
ENSG00000158864_1,2.3524587,3.0928996,1
ENSG00000162836,1.3786014,1.3424128,1
ENSG00000162891,0.43197024,0.7374153,1
ENSG00000284770,1.7369481,0.0,1
ENSG00000182866,2.1080692,2.527894,1
ENSG00000135862,2.219204,2.3926091,1
ENSG00000133067_1,0.18270679,0.50498706,1
ENSG00000248333,2.5910084,2.890132,1
ENSG00000135766,2.3097932,2.5720232,1
ENSG00000079335,0.13625452,0.0,1
ENSG00000116171_1,0.7542324,0.0,1
ENSG00000226835,1.5291799,0.0,1
ENSG00000154027_1,0.6853007,0.80270535,1
ENSG00000223175,0.1279809,0.0,1
ENSG00000097046_1,2.345367,2.1167538,1
ENSG00000162695,2.3228428,2.793895,1
ENSG00000118733_1,0.95900077,0.0,1
ENSG00000171735_1,1.62468,1.7017579,1
ENSG00000117859,1.0794806,2.4150386,1
ENSG00000121454,1.2391237,1.2206049,1
ENSG00000204624,1.7151145,1.4597241,1
ENSG00000211452,0.3679937,1.1397815,1
ENSG00000213366,0.98391753,1.5692885,1
ENSG00000117519,1.6907865,1.9830035,1
ENSG00000157873_2,2.1707952,2.1590073,1
ENSG00000282221,1.2556778,1.4577684,1
ENSG00000186205,1.6065196,1.5026183,1
ENSG00000197965,2.3653576,2.551995,1
ENSG00000177181,1.7316858,1.513191,1
ENSG00000234222_1,2.3040874,1.9726586,1
ENSG00000159592_1,2.531476,2.721508,1
ENSG00000066027,2.556811,2.6722827,1
ENSG00000154358,0.6844614,0.70205986,1
ENSG00000204859,1.9219472,1.9928229,1
ENSG00000120656,2.5581188,2.6915095,1
ENSG00000183682,1.7191166,1.4907448,1
ENSG00000143452,0.4045083,0.0,1
ENSG00000162383,0.4762954,1.218903,1
ENSG00000137944_1,2.2628407,2.4595237,1
ENSG00000162814,1.3234174,0.0,1
ENSG00000130762_1,0.57966113,0.0,1
ENSG00000287839,0.5543181,0.0,1
ENSG00000162511,1.997416,3.5840778,1
ENSG00000143153_1,1.9247253,2.4354987,1
ENSG00000143669_1,0.90866834,1.1985168,1
ENSG00000238142,0.5904269,0.75528014,1
ENSG00000171608,2.264921,3.2364566,1
ENSG00000244057,0.14969902,0.0,1
ENSG00000163354,0.45659894,0.61806905,1
ENSG00000203697,0.23391478,0.0,1
ENSG00000135749,1.7323542,2.230178,1
ENSG00000134644,2.3425894,0.0,1
ENSG00000137960_1,1.318057,1.38144,1
ENSG00000132680,2.2800095,0.0,1
ENSG00000159173_1,0.33163148,0.0,1
ENSG00000185668,1.7084777,2.386142,1
ENSG00000117593_1,2.0835793,2.0360897,1
ENSG00000183508,1.394125,1.0404441,1
ENSG00000198691_1,0.17176776,0.0,1
ENSG00000160838,1.1187906,1.2653131,1
ENSG00000130695,2.2655005,2.2866967,1
ENSG00000123685,2.0923994,1.8812306,1
ENSG00000130775,2.0273416,2.765459,1
ENSG00000203747_1,0.26683265,0.0,1
ENSG00000203740,0.21635456,0.0,1
ENSG00000137955_2,0.5187366,2.4905288,1
ENSG00000180287,0.11770137,0.0,1
ENSG00000132906,2.2325337,0.0,1
ENSG00000116922,1.497244,0.0,1
ENSG00000234807,1.2532809,0.0,1
ENSG00000233079_1,0.10939784,0.0,1
ENSG00000132768,1.4613016,2.5376077,1
ENSG00000117748_1,2.4487607,3.0108383,1
ENSG00000116337_1,1.4130828,1.0789279,1
ENSG00000196660,1.1535625,1.1726321,1
ENSG00000116218,1.4142897,1.4856917,1
ENSG00000153898,2.3080919,3.0880723,1
ENSG00000142611,1.2228655,1.3748583,1
ENSG00000121851,1.8802371,2.6537614,1
ENSG00000078369_1,2.2797356,3.3206697,1
ENSG00000116679,2.6122403,2.865981,1
ENSG00000117143,2.4002507,1.6803129,1
ENSG00000187608,1.9045942,3.3426318,1
ENSG00000143520,0.08282448,0.0,1
ENSG00000154027_2,0.41733515,0.0,1
ENSG00000198492_1,2.6264985,3.1109633,1
ENSG00000132881,2.127135,0.0,1
ENSG00000152332,2.1322691,2.8821783,1
ENSG00000203859,0.11231355,0.0,1
ENSG00000158485,0.16681412,0.0,1
ENSG00000186197,0.15431015,0.0,1
ENSG00000162409,1.6126962,1.7399598,1
ENSG00000179085,1.3282444,0.0,1
ENSG00000160050,1.8505425,2.7737865,1
ENSG00000229956,1.6392263,0.0,1
ENSG00000231365_1,2.4041014,0.0,1
ENSG00000291072,2.5919251,1.8387798,1
ENSG00000123080_1,0.8028829,0.0,1
ENSG00000283227,0.19739561,0.56321996,1
ENSG00000186056,2.5259893,1.7264909,1
ENSG00000117298_3,2.1925595,2.8309093,1
ENSG00000119280,1.630377,1.6563761,1
ENSG00000272145,2.788438,2.9404666,1
ENSG00000284686,0.2289087,0.0,1
ENSG00000265808,1.8782026,3.1880336,1
ENSG00000163909,1.5145922,0.9449266,1
ENSG00000169403,1.2973363,3.066341,1
ENSG00000174950,0.7929898,0.0,1
ENSG00000196420,0.27876288,0.86911434,1
ENSG00000291141_1,1.2144209,1.4548296,1
ENSG00000143184,0.11598724,0.0,1
ENSG00000198793,1.9168994,0.0,1
ENSG00000136634,1.2646077,1.5002776,1
ENSG00000090621_1,2.10738,3.3206406,1
ENSG00000125462_3,0.53428125,0.63820964,1
ENSG00000154309,1.7666827,0.0,1
ENSG00000123472,0.16813272,0.0,1
ENSG00000117298,0.41835815,1.2224563,1
ENSG00000169598,2.0799181,2.0622735,1
ENSG00000197472,1.4492779,0.6381597,1
ENSG00000064703_2,2.521806,2.5381362,1
ENSG00000183726,2.3987772,3.253849,1
ENSG00000163565_3,0.94365746,2.2467446,1
ENSG00000237976,2.3848119,2.7431726,1
ENSG00000116213,1.9090998,2.161811,1
ENSG00000007933,0.07153039,0.0,1
ENSG00000196418_1,1.9697888,2.1185193,1
ENSG00000065135,2.3096616,3.0203116,1
ENSG00000162706,1.1283166,1.1802692,1
ENSG00000117707_2,0.44652015,0.0,1
ENSG00000116584_1,2.473241,1.5021812,1
ENSG00000158022,0.18076257,0.7772767,1
ENSG00000143774,2.7566261,3.0628188,1
ENSG00000018625,0.38340712,0.0,1
ENSG00000280587_1,0.526306,0.8224296,1
ENSG00000142621_2,0.32039797,0.0,1
ENSG00000188257,0.1873675,0.0,1
ENSG00000143373,2.6180897,2.1879435,1
ENSG00000143633,2.0692852,0.0,1
ENSG00000236427,0.9413973,0.0,1
ENSG00000198756,1.1772674,1.5920657,1
ENSG00000000971,0.11933045,0.0,1
ENSG00000121931,2.6491647,2.646538,1
ENSG00000184908_2,0.45372087,0.0,1
ENSG00000116661,1.5085902,1.3747886,1
ENSG00000163344,2.5890505,2.278477,1
ENSG00000143156,1.2549462,0.0,1
ENSG00000171790,0.44539952,0.7451451,1
ENSG00000084623,0.37354273,0.70489657,1
ENSG00000081237,0.9648388,0.0,1
ENSG00000152061_4,0.35335302,0.0,1
ENSG00000143119,0.8310624,2.525199,1
ENSG00000134686,2.3242037,1.7333739,1
ENSG00000162745_1,1.2449701,0.9821808,1
ENSG00000067533,1.4198835,1.8563784,1
ENSG00000187554,1.5266927,1.8559963,1
ENSG00000163463_1,2.0698004,2.9653814,1
ENSG00000162650,2.2622247,2.2526639,1
ENSG00000142655,1.7701864,2.6824753,1
ENSG00000162636,2.233087,2.1945698,1
ENSG00000143297,0.44266665,2.4006622,1
ENSG00000135801,2.3301632,2.322426,1
ENSG00000134748,2.178834,2.8818774,1
ENSG00000160789_2,0.4440906,0.0,1
ENSG00000116857,1.817465,2.0012836,1
ENSG00000188404,0.24078785,0.0,1
ENSG00000225880,2.3976405,2.0101302,1
ENSG00000143570,2.1857965,2.2729018,1
ENSG00000176320,0.16156079,0.0,1
ENSG00000066322,2.2964494,2.7537355,1
ENSG00000116251_1,0.30501837,0.68181086,1
ENSG00000188910_1,0.3912285,0.0,1
ENSG00000025800,1.8993528,2.7999005,1
ENSG00000143630,1.65663,1.4379566,1
ENSG00000116785,0.10396768,0.0,1
ENSG00000177000_1,1.2881896,1.2323531,1
ENSG00000203709,1.6484389,2.0497568,1
ENSG00000168765_1,1.8868906,1.8154781,1
ENSG00000162736_1,0.28571337,0.7912695,1
ENSG00000142621,0.18713568,0.0,1
ENSG00000162755,1.7185419,1.2953031,1
ENSG00000201699,0.8534929,0.9639341,1
ENSG00000185155,1.6273165,1.3430736,1
ENSG00000176393_1,1.4646413,0.0,1
ENSG00000162688,1.9803436,0.0,1
ENSG00000171492_2,2.003893,2.1349099,1
ENSG00000184260,2.5746958,4.0823545,1
ENSG00000157064,0.89030296,0.0,1
ENSG00000184144_1,1.0362093,1.2828645,1
ENSG00000187801,2.3624628,1.9609462,1
ENSG00000021852_1,0.12064524,0.0,1
ENSG00000142583_2,0.5811823,1.0024685,1
ENSG00000185436,1.5359826,0.0,1
ENSG00000228526_2,1.360141,1.6676135,1
ENSG00000120937,1.0194314,0.0,1
ENSG00000081026,1.8634712,1.480998,1
ENSG00000197880,0.483572,0.0,1
ENSG00000130939,2.3215806,2.4635198,1
ENSG00000116584_5,0.63249046,0.0,1
ENSG00000134200,0.16678597,0.0,1
ENSG00000162434_1,1.6194471,1.5460242,1
ENSG00000274428,0.8817387,0.0,1
ENSG00000060688,2.4465163,3.1672375,1
ENSG00000203739,2.3759007,1.8636796,1
ENSG00000157216_2,0.29334402,0.0,1
ENSG00000011007,2.4541242,2.844392,1
ENSG00000158710_1,1.7529031,0.0,1
ENSG00000178104_3,0.6190804,0.7981532,1
ENSG00000291137,0.32395506,0.0,1
ENSG00000125462,0.51077724,0.82241,1
ENSG00000196407,0.37794852,0.0,1
ENSG00000122432,2.443516,2.3999054,1
ENSG00000117394_1,2.3369372,3.0360777,1
ENSG00000117616_1,2.370849,2.7379348,1
ENSG00000125944,2.4652588,3.3358288,1
ENSG00000116161,2.502063,2.2452657,1
ENSG00000203288,1.5029165,0.0,1
ENSG00000162694_1,1.1624299,2.5721395,1
ENSG00000235750,1.8684503,2.442345,1
ENSG00000181036_1,0.24579875,0.0,1
ENSG00000133226,2.7110114,3.306099,1
ENSG00000097021_1,0.45728296,0.0,1
ENSG00000130768,0.430744,0.9284793,1
ENSG00000117533,2.2668006,2.2455819,1
ENSG00000222009,1.8504047,1.4285235,1
ENSG00000143401,2.1692033,0.0,1
ENSG00000163531_1,0.30745715,0.0,1
ENSG00000014914_1,0.3908924,0.8071493,1
ENSG00000027869,1.1980591,2.136971,1
ENSG00000143643,2.4374382,2.3434618,1
ENSG00000143376_1,2.176122,1.8191885,1
ENSG00000142599_2,2.3970835,2.2144015,1
ENSG00000163154,1.2879878,0.0,1
ENSG00000266338,1.9377079,2.0999222,1
ENSG00000123843_1,0.26217192,0.0,1
ENSG00000116209,2.4423244,2.7272582,1
ENSG00000117500,2.646472,2.8508434,1
ENSG00000077152,1.9468184,0.0,1
ENSG00000117016_1,1.2484736,1.9109604,1
ENSG00000171680_4,0.27919972,0.8048887,1
ENSG00000196449,2.403021,2.4722152,1
ENSG00000007908_1,0.18786468,0.0,1
ENSG00000222046,0.54959846,0.0,1
ENSG00000122482,2.3103764,1.5735736,1
ENSG00000160753_2,1.9564211,2.105166,1
ENSG00000291234_1,0.56872356,0.0,1
ENSG00000160691,0.46669328,0.0,1
ENSG00000117616,0.2610994,0.0,1
ENSG00000180098,1.8636092,0.0,1
ENSG00000134744,2.1379082,2.3713782,1
ENSG00000143641,2.4033792,2.163239,1
ENSG00000184270,2.5724394,3.5729365,1
ENSG00000077549,2.5144513,3.3442626,1
ENSG00000198799,2.3332698,1.9815286,1
ENSG00000198734,0.7447929,0.0,1
ENSG00000222009_1,1.0862477,0.0,1
ENSG00000074964_1,0.73950046,0.0,1
ENSG00000134250,1.939702,1.546925,1
ENSG00000158887_2,0.41773605,0.8613552,1
ENSG00000215835,0.28960645,2.687536,1
ENSG00000274020_1,2.0842333,2.2021122,1
ENSG00000237853,0.12627561,0.0,1
ENSG00000291158_3,2.096962,1.8041872,1
ENSG00000183431,2.2140477,3.231291,1
ENSG00000090432,1.5788584,1.8551798,1
ENSG00000240386,0.15858053,0.0,1
ENSG00000078618_1,1.0471585,0.0,1
ENSG00000133019_1,1.3198681,1.1408222,1
ENSG00000137955,2.2161105,3.2579257,1
ENSG00000125462_1,1.2210737,1.0544828,1
ENSG00000152061_1,0.14039084,0.0,1
ENSG00000198842,0.2973454,0.0,1
ENSG00000228288,1.3701694,0.0,1
ENSG00000237413,0.09358512,0.0,1
ENSG00000162723,0.26982296,0.0,1
ENSG00000159023_1,2.0962288,2.1205344,1
ENSG00000082512_1,2.403731,2.3146024,1
ENSG00000206680,0.19930781,2.178577,1
ENSG00000250734,0.63583916,0.8898617,1
ENSG00000127603_1,0.6659818,1.5715947,1
ENSG00000197312,2.5296257,2.6453536,1
ENSG00000198216_1,0.91183,1.9925358,1
ENSG00000228794_1,2.4530365,2.37289,1
ENSG00000134201,0.93451613,1.1399388,1
ENSG00000162441_1,2.2991855,2.1647394,1
ENSG00000154305_1,2.3337662,0.0,1
ENSG00000136636,1.984832,2.4317658,1
ENSG00000135824_2,0.92892534,0.0,1
ENSG00000116584_3,1.6863092,1.7587606,1
ENSG00000066279,2.0606565,2.7841907,1
ENSG00000274020,0.19614802,0.0,1
ENSG00000297423,2.2797565,1.5044165,1
ENSG00000137936,0.26762593,0.0,1
ENSG00000143398,2.1137757,2.6851737,1
ENSG00000158773,2.6631362,2.4154208,1
ENSG00000143147,1.712472,1.2850394,1
ENSG00000117148,0.5606531,1.393066,1
ENSG00000169442,1.495828,3.5553665,1
ENSG00000177888,2.2764685,0.0,1
ENSG00000198830,2.400785,3.5167732,1
ENSG00000263956,1.5645808,1.6224524,1
ENSG00000153187,0.20336415,2.3270645,1
ENSG00000203784,0.12153633,0.0,1
ENSG00000143549,0.33090734,0.0,1
ENSG00000203910,0.8525773,0.91305053,1
ENSG00000117481_1,2.004232,0.0,1
ENSG00000120333,0.34658152,1.0494041,1
ENSG00000143442_1,1.3534592,2.5801983,1
ENSG00000158062,1.8785057,2.1494007,1
ENSG00000117461,2.4923518,2.3986585,1
ENSG00000117152,0.23263143,0.0,1
ENSG00000230615,2.160742,1.3190852,1
ENSG00000143178,0.21111779,0.70205986,1
ENSG00000162618_1,0.0879994,0.0,1
ENSG00000188060,1.2732548,0.0,1
ENSG00000116254,1.6842241,1.3645885,1
ENSG00000116212,2.3408492,2.5334797,1
ENSG00000162894,1.7129772,2.9897332,1
ENSG00000162493_2,0.48970085,0.75276273,1
ENSG00000120948_1,0.20321207,0.0,1
ENSG00000130770,2.4148617,3.704522,1
ENSG00000188800,0.28094113,0.0,1
ENSG00000142751,2.039859,2.6940768,1
ENSG00000162817,1.4376981,1.5755111,1
ENSG00000272205,2.1953323,1.6934631,1
ENSG00000281406_1,1.561521,1.5176576,1
ENSG00000137975,0.1721704,0.0,1
ENSG00000092847_1,2.0069666,0.0,1
ENSG00000117450_1,0.25857365,0.0,1
ENSG00000162772,2.390706,2.6469955,1
ENSG00000158195,2.4691193,3.055768,1
ENSG00000183856,1.0405377,1.6814493,1
ENSG00000163155,1.8540748,0.0,1
ENSG00000272865,0.26532358,0.0,1
ENSG00000251503,2.2578275,2.4844992,1
ENSG00000185220,2.2324345,1.9834414,1
ENSG00000004487,2.337106,3.0676138,1
ENSG00000049246,1.8627915,0.0,1
ENSG00000184678,2.6841998,4.452651,1
ENSG00000235545,2.1749895,0.0,1
ENSG00000143793,2.148235,2.2260945,1
ENSG00000158864,0.3480686,0.0,1
ENSG00000173614,2.045069,0.0,1
ENSG00000118454,2.3209774,2.5618203,1
ENSG00000173372_1,0.22835009,0.0,1
ENSG00000162458,0.30302387,0.0,1
ENSG00000188783,0.51902354,0.0,1
ENSG00000197622,2.39677,3.018276,1
ENSG00000162493,0.7119089,0.9096095,1
ENSG00000143196,0.3067376,0.0,1
ENSG00000008118,0.19098625,0.0,1
ENSG00000197106,1.2854683,1.3595889,1
ENSG00000185104,2.464273,2.5609105,1
ENSG00000143702_3,2.241638,1.7087556,1
ENSG00000176022,2.4248803,2.0126686,1
ENSG00000143627,0.28380865,0.0,1
ENSG00000143036,1.4803344,1.0456007,1
ENSG00000160087,2.280503,2.8196795,1
ENSG00000143344_1,2.0307977,2.0336006,1
ENSG00000135744,0.37114608,0.0,1
ENSG00000197989,2.4886148,3.2623348,1
ENSG00000236719_1,0.12291686,0.0,1
ENSG00000160753_1,2.0145948,1.6288486,1
ENSG00000117133,1.4606769,2.962863,1
ENSG00000116754_1,2.399381,3.0253263,1
ENSG00000207056,0.13737918,0.0,1
ENSG00000228971_1,0.14528139,0.0,1
ENSG00000007968,2.2798402,2.5830173,1
ENSG00000117000,2.0207577,2.3443804,1
ENSG00000143157,2.300748,2.5409422,1
ENSG00000142687,2.488143,2.5494263,1
ENSG00000169914,2.3010886,2.2873313,1
ENSG00000224051,2.2465062,2.3897648,1
ENSG00000134183,0.31304306,0.0,1
ENSG00000178104,1.2418306,1.0351895,1
ENSG00000004455,2.21204,3.1483219,1
ENSG00000163349,2.1149647,2.5565317,1
ENSG00000162599_2,1.641509,1.3693643,1
ENSG00000097046,2.1246989,2.5916166,1
ENSG00000196240,0.30175352,0.0,1
ENSG00000159346,2.2402003,2.564549,1
ENSG00000169885,0.28934145,0.0,1
ENSG00000142684,1.9606326,2.917471,1
ENSG00000184148,0.18600246,0.0,1
ENSG00000231057,1.8498179,1.0417005,1
ENSG00000131788,2.2863786,2.0136082,1
ENSG00000188807,2.234225,2.0634835,1
ENSG00000066557,2.2132163,2.8301926,1
ENSG00000273544,0.98435575,1.2638348,1
ENSG00000132781_2,2.3039303,2.4555757,1
ENSG00000116771,1.5527782,2.1968832,1
ENSG00000197520,0.17771019,0.0,1
ENSG00000117707,1.4097023,1.5921879,1
ENSG00000276600,0.48235738,0.9880236,1
ENSG00000134709,1.9988844,1.5784558,1
ENSG00000187815,1.9885552,1.7604451,1
ENSG00000284188,1.4228884,1.7211261,1
ENSG00000134369_1,0.99525994,1.2599521,1
ENSG00000203667,2.353987,3.1821206,1
ENSG00000253313,0.414429,0.0,1
ENSG00000132716,2.6670415,2.7524402,1
ENSG00000224445,0.07056852,0.0,1
ENSG00000157184,2.222316,2.598983,1
ENSG00000177628,0.33156788,0.96553093,1
ENSG00000058673,2.122062,2.8827345,1
ENSG00000085831_3,1.1441531,1.4327321,1
ENSG00000135842,1.8293085,2.7458732,1
ENSG00000116898,2.154921,3.066829,1
ENSG00000009724,0.5020267,0.0,1
ENSG00000196182,2.6417084,2.01127,1
ENSG00000116251,2.3592672,3.2212029,1
ENSG00000153904,1.6056452,1.7772093,1
ENSG00000198929_1,0.41413522,0.9685763,1
ENSG00000168679,0.14844969,0.0,1
ENSG00000163867,1.9541352,2.2785707,1
ENSG00000160741_1,2.5513337,2.7108238,1
ENSG00000162374,0.24279313,0.0,1
ENSG00000233602,0.21924178,0.0,1
ENSG00000157916,2.428999,2.9718852,1
ENSG00000116667,1.712384,1.6227009,1
ENSG00000082482_1,1.264277,1.6224109,1
ENSG00000116151,2.3720808,1.8332045,1
ENSG00000117394,0.89410084,1.0417085,1
ENSG00000271601,2.0880597,2.6852937,1
ENSG00000168264_2,2.4430182,3.2787879,1
ENSG00000264522,2.047074,2.0359738,1
ENSG00000090020,2.3439867,2.37212,1
ENSG00000143171,1.0586401,0.0,1
ENSG00000118217,1.6638727,2.760197,1
ENSG00000162851,2.4613614,2.734479,1
ENSG00000116984,2.3009207,2.7247329,1
ENSG00000177301_2,1.6724021,1.7227162,1
ENSG00000243062,0.1438135,0.0,1
ENSG00000227712,0.35926777,0.82885313,1
ENSG00000154342,1.694423,1.5365584,1
ENSG00000082497,1.417755,1.4369097,1
ENSG00000117632_1,1.9138124,1.8063991,1
ENSG00000215717,2.1017578,2.3821216,1
ENSG00000174606,2.2859986,2.1736379,1
ENSG00000116604,2.4603128,2.7847884,1
ENSG00000143494,1.9785492,2.686632,1
ENSG00000160783,2.2992313,2.9131248,1
ENSG00000081019,2.5441968,2.5047154,1
ENSG00000179163,2.2164552,1.9735574,1
ENSG00000142698,1.087684,1.4072889,1
ENSG00000085491,1.7910236,2.365516,1
ENSG00000117411,1.9643893,2.2170758,1
ENSG00000116151_1,2.409033,1.9289639,1
ENSG00000118729,0.24984603,0.0,1
ENSG00000121905_2,0.97645575,0.0,1
ENSG00000162599_1,1.6491736,1.5855848,1
ENSG00000171488,2.341687,2.3139937,1
ENSG00000117360,1.9979486,2.7807896,1
ENSG00000065600,2.2309427,2.5642812,1
ENSG00000202408,1.2923304,1.827895,1
ENSG00000223694,0.21385954,0.0,1
ENSG00000143314,2.1906059,2.6150322,1
ENSG00000171729,0.60489076,0.76520646,1
ENSG00000123472_1,2.3203704,2.4061823,1
ENSG00000143390_1,2.252643,1.5188297,1
ENSG00000160789_1,1.4738669,0.8748759,1
ENSG00000119283,1.3468169,1.4628022,1
ENSG00000263961,1.562881,1.0632057,1
ENSG00000185420,0.29664385,0.0,1
ENSG00000160691_1,0.59681123,0.0,1
ENSG00000143179_1,2.450846,2.5938075,1
ENSG00000143149,2.2061656,2.2212813,1
ENSG00000143418_2,2.1174443,2.4164724,1
ENSG00000198758,0.5383686,0.0,1
ENSG00000134202,1.123237,0.0,1
ENSG00000229960,0.34831917,0.0,1
ENSG00000059588,2.0204494,2.3185432,1
ENSG00000066294,0.92741114,2.4229558,1
ENSG00000236782,0.24710111,0.0,1
ENSG00000223764,1.3381796,1.3657312,1
ENSG00000180758,2.1925814,1.5659304,1
ENSG00000168148,1.083184,1.1570032,1
ENSG00000162896,0.5408769,1.0052663,1
ENSG00000143093,1.9648159,2.2772698,1
ENSG00000237950,2.4130225,0.0,1
ENSG00000286109,0.36850542,0.0,1
ENSG00000116237,2.366113,2.6061814,1
ENSG00000157216_1,2.0949285,2.538018,1
ENSG00000184292,1.6323032,1.6620586,1
ENSG00000117016,1.1743892,0.0,1
ENSG00000116141_1,1.6649189,1.2084414,1
ENSG00000267272,1.1549779,1.1550535,1
ENSG00000162843,0.13506748,0.0,1
ENSG00000122176,0.35340667,0.0,1
ENSG00000227868,0.0879152,0.0,1
ENSG00000189337,1.5773404,1.5399413,1
ENSG00000228536_1,0.2045299,0.0,1
ENSG00000182898,0.12238215,0.0,1
ENSG00000273727,1.1922307,0.0,1
ENSG00000171621,1.6903627,1.6234767,1
ENSG00000162669,1.2708246,1.2275525,1
ENSG00000070831,2.3764255,3.5604541,1
ENSG00000187634_1,0.61264455,0.0,1
ENSG00000291137_1,2.1746666,0.0,1
ENSG00000008128,2.5070426,2.4441557,1
ENSG00000121310,1.4809879,1.0443437,1
ENSG00000163125_1,2.2236283,1.9664046,1
ENSG00000122481,1.960717,2.3671284,1
ENSG00000188396,1.4660535,0.0,1
ENSG00000198892,0.8433417,1.1087679,1
ENSG00000198160,2.490328,2.6253545,1
ENSG00000116251_2,1.6336014,1.4911796,1
ENSG00000143669,2.50768,1.892929,1
ENSG00000163874_2,0.53815544,1.118526,1
ENSG00000116701_1,2.1199577,3.019158,1
ENSG00000117054,2.2040143,3.2445939,1
ENSG00000157911,2.3668287,1.869281,1
ENSG00000188404_1,1.2699611,3.3267577,1
ENSG00000127054,2.3395808,2.8996181,1
ENSG00000121905,0.7213274,0.0,1
ENSG00000053371,2.3578186,2.5411272,1
ENSG00000011009,1.9662285,2.279546,1
ENSG00000116962,2.214319,1.8075148,1
ENSG00000162571,0.6607721,0.8672317,1
ENSG00000090104,1.259995,3.9547546,1
ENSG00000236423,2.4437938,1.075328,1
ENSG00000116649,2.4524298,3.056783,1
ENSG00000159588,0.3184588,0.0,1
ENSG00000134184,1.509774,2.5584314,1
ENSG00000175087,2.2043123,1.4368144,1
ENSG00000163879,0.41992074,0.0,1
ENSG00000143321,1.6424831,1.8048683,1
ENSG00000118473_1,0.6024554,0.51814526,1
ENSG00000188976,1.986131,2.8732252,1
ENSG00000189195,0.9108022,1.0871422,1
ENSG00000116729,1.0860568,0.8861522,1
ENSG00000117543,1.8477951,0.0,1
ENSG00000155380,0.19727291,0.0,1
ENSG00000224051_1,1.375136,0.0,1
ENSG00000233514,0.25750357,2.0888658,1
ENSG00000162688_1,0.34173024,0.7936249,1
ENSG00000155816_1,0.35388976,0.0,1
ENSG00000055732,1.6796389,1.1540282,1
ENSG00000189195_1,0.09646745,0.0,1
ENSG00000198771,2.545019,2.7140472,1
ENSG00000235200,0.21165673,0.0,1
ENSG00000225630,2.139607,3.2055833,1
ENSG00000116521_2,2.0504415,3.0820885,1
ENSG00000134375,2.3168886,0.0,1
ENSG00000054282,2.2191207,0.0,1
ENSG00000185630,0.9694068,0.9670516,1
ENSG00000122223,0.62789875,1.4949279,1
ENSG00000143514,0.12697384,0.0,1
ENSG00000117410,2.4359887,2.5421567,1
ENSG00000158711,2.612757,2.2383723,1
ENSG00000142867,2.5772393,2.7817626,1
ENSG00000162594,0.47457302,0.0,1
ENSG00000117475_1,1.8411157,1.7344813,1
ENSG00000117758,2.4742143,2.3386736,1
ENSG00000159592,2.31127,0.0,1
ENSG00000198715_1,0.47631556,0.0,1
ENSG00000226067_1,1.8941604,1.1499884,1
ENSG00000228794,0.9099393,0.98365337,1
ENSG00000242485,2.4456747,3.3341298,1
ENSG00000183386,0.5184308,0.0,1
ENSG00000134222,1.8950334,1.446767,1
ENSG00000177614,1.6562437,1.87616,1
ENSG00000230630,0.17425936,0.0,1
ENSG00000163479_1,1.758332,3.0602672,1
ENSG00000121766,2.4731736,2.8148215,1
ENSG00000160789,1.2828369,1.3101621,1
ENSG00000171163,1.9857697,2.350248,1
ENSG00000199666,0.24407281,0.0,1
ENSG00000160097_1,0.7304728,0.0,1
ENSG00000198860,2.1447551,2.2713444,1
ENSG00000117600_1,1.073411,0.0,1
ENSG00000171680_3,1.4027486,1.3286242,1
ENSG00000162654,0.96742755,2.7025702,1
ENSG00000134216,0.35604745,0.0,1
ENSG00000228536,0.12970768,0.0,1
ENSG00000132702,0.256141,0.0,1
ENSG00000179639,0.12980582,0.0,1
ENSG00000163393,1.5310163,1.2615246,1
ENSG00000143569,2.6680813,2.9303172,1
ENSG00000169174,0.51415354,0.75776035,1
ENSG00000187961,1.6256168,2.1310601,1
ENSG00000170498,0.4176901,0.0,1
ENSG00000233461_1,2.204276,1.3937296,1
ENSG00000160712_1,2.0766602,1.73943,1
ENSG00000186283,2.36292,2.6561422,1
ENSG00000118298_1,0.6383711,1.0163772,1
ENSG00000116983,1.3612615,0.0,1
ENSG00000243709,0.6900072,1.3502151,1
ENSG00000204084_1,1.476522,0.0,1
ENSG00000173372,0.13487512,0.0,1
ENSG00000196482_1,0.29580063,0.99387693,1
ENSG00000142632,1.4271419,1.080085,1
ENSG00000168509,0.33549994,0.0,1
ENSG00000172456_1,2.3646605,1.85083,1
ENSG00000075151,2.27163,2.3004932,1
ENSG00000229989,0.33953804,0.0,1
ENSG00000164007,0.5097977,0.0,1
ENSG00000183291,2.2453392,2.8740938,1
ENSG00000293478,0.9634792,1.8899568,1
ENSG00000094975,2.701887,2.1060889,1
ENSG00000203601,0.4000008,0.45295116,1
ENSG00000287064,0.39853817,0.0,1
ENSG00000036549_2,2.5283754,2.4279613,1
ENSG00000252501,0.1093445,1.4452274,1
ENSG00000291242,1.1414224,0.0,1
ENSG00000162391,0.38699108,0.7772702,1
ENSG00000162849,1.0074638,0.6728734,1
ENSG00000196187,0.37726104,0.67886513,1
ENSG00000116990,1.9864776,1.3645698,1
ENSG00000290735,1.4127196,2.9276063,1
ENSG00000163207,0.4603485,0.0,1
ENSG00000163435,0.51469404,2.1271663,1
ENSG00000054392_1,2.150465,1.7747797,1
ENSG00000214193_1,1.9203737,1.9410118,1
ENSG00000160058,2.1510286,2.261082,1
ENSG00000285053,2.168488,1.8774866,1
ENSG00000162607,2.5024288,2.8188195,1
ENSG00000273274,1.0368872,1.0191579,1
ENSG00000157873_1,2.199639,2.4287226,1
ENSG00000023909,2.1016624,2.0250435,1
ENSG00000188672,0.29541707,0.0,1
ENSG00000178096,1.1908015,0.0,1
ENSG00000233621,2.1431007,0.0,1
ENSG00000229989_1,0.85706145,0.0,1
ENSG00000258673,0.24879827,0.0,1
ENSG00000290867,1.5292782,1.6622856,1
ENSG00000143476,2.6906035,3.0521436,1
ENSG00000250719,0.26559067,0.0,1
ENSG00000143632,0.74029464,0.9217021,1
ENSG00000121774,2.8381078,3.6362872,1
ENSG00000158246,1.3171035,1.1408222,1
ENSG00000163352,0.5463116,0.8861578,1
ENSG00000117362,2.1704447,2.5379574,1
ENSG00000182795,0.30924708,0.0,1
ENSG00000126698,1.8602753,0.0,1
ENSG00000133048,0.5124849,0.0,1
ENSG00000131697,2.2963963,2.006102,1
ENSG00000070886,1.6116344,1.6400838,1
ENSG00000116266,2.2842286,2.6209114,1
ENSG00000117632_2,1.7815114,3.525199,1
ENSG00000152061,2.4549704,1.1540098,1
ENSG00000197959_1,0.06619078,0.0,1
ENSG00000137996,2.0620415,3.0976112,1
ENSG00000120948,2.3129256,3.2081563,1
ENSG00000143412,0.39371145,1.4166987,1
ENSG00000162493_1,0.8940984,0.0,1
ENSG00000184007,0.24822883,0.0,1
ENSG00000162433,1.8545067,2.0194902,1
ENSG00000285873,1.7882606,1.7755085,1
ENSG00000199377,1.7959851,4.507385,1
ENSG00000085831_2,1.6597245,1.1239822,1
ENSG00000157870,1.9535153,1.6721256,1
ENSG00000169598_1,1.6576979,1.9180409,1
ENSG00000143850,0.18409567,0.0,1
ENSG00000077254,2.0928934,2.4914892,1
ENSG00000231563,1.4408064,1.3178817,1
ENSG00000198162,2.3536518,2.3980546,1
ENSG00000236810,2.286229,1.8333766,1
ENSG00000007341_1,2.2942584,2.0060978,1
ENSG00000143811,2.400324,2.477989,1
ENSG00000116584_2,2.4128153,2.8546824,1
ENSG00000122417_1,1.9644194,2.051307,1
ENSG00000158488,0.2153589,0.0,1
ENSG00000117399,2.1729162,2.7891011,1
ENSG00000270106,2.2876618,0.0,1
ENSG00000134389,0.07558954,0.0,1
ENSG00000064886_1,1.2613463,2.3225315,1
ENSG00000183386_1,1.6631768,1.8483801,1
ENSG00000159592_2,1.7146924,0.0,1
ENSG00000198198,2.316529,2.1833751,1
ENSG00000143740,1.5063305,0.9199824,1
ENSG00000160710,2.4953973,3.0776985,1
ENSG00000082512,2.160045,2.5277717,1
ENSG00000244038,2.264375,2.9782107,1
ENSG00000171492,2.266487,2.1830478,1
ENSG00000143674,1.5408652,1.0430084,1
ENSG00000117640_1,2.3510623,1.1510142,1
ENSG00000197915,0.096223354,0.60762656,1
ENSG00000142789,0.2959515,0.0,1
ENSG00000163479,0.6511067,0.0,1
ENSG00000142676,2.2657042,0.0,1
ENSG00000081870,2.3634684,0.0,1
ENSG00000169231,0.42744648,0.0,1
ENSG00000135773,0.27483404,0.0,1
ENSG00000183831,0.8464925,0.7268657,1
ENSG00000121904,1.3911066,1.612116,1
ENSG00000153187_5,2.5924,4.0270557,1
ENSG00000176261,1.9685655,0.0,1
ENSG00000227579,0.1288775,0.0,1
ENSG00000163346,1.2573237,0.0,1
ENSG00000186160,0.116750315,0.0,1
ENSG00000235358_1,1.9426336,0.0,1
ENSG00000232077,0.102595404,0.0,1
ENSG00000163565_2,1.6580694,3.6110847,1
ENSG00000183780,1.4905713,1.7078255,1
ENSG00000117461_1,2.57966,2.4460135,1
ENSG00000134262_1,2.6745813,2.5698419,1
ENSG00000049239,2.3867545,2.104726,1
ENSG00000143258,1.8952,2.10598,1
ENSG00000142875_4,0.13011025,0.0,1
ENSG00000234694,2.067149,1.5119195,1
ENSG00000117697,2.2173326,2.6652489,1
ENSG00000117222,2.3866847,2.4664643,1
ENSG00000187889,0.4950543,0.0,1
ENSG00000187800,0.71449614,0.0,1
ENSG00000163563,1.1681142,3.0261817,1
ENSG00000142920,1.1072235,0.9865478,1
ENSG00000179051,2.1992474,3.124501,1
ENSG00000213047_1,2.0352175,1.6539358,1
ENSG00000143603_1,1.4276695,2.5669687,1
ENSG00000270722,1.9256634,3.4158745,1
ENSG00000169972,2.186307,1.9973034,1
ENSG00000142892,1.0752761,0.0,1
ENSG00000162909_1,1.8484546,2.0049744,1
ENSG00000203685,1.5440533,1.3849982,1
ENSG00000162496_1,1.3773305,1.839214,1
ENSG00000204219,1.0258403,1.0940937,1
ENSG00000173662,0.4448812,0.0,1
ENSG00000020633,2.4266717,3.2122517,1
ENSG00000206828,2.130911,0.0,1
ENSG00000158825,0.6824449,0.0,1
ENSG00000134369,1.3998269,1.4083927,1
ENSG00000287338,0.24590348,0.7320961,1
ENSG00000202444,2.2401106,0.0,1
ENSG00000196189,0.61318624,0.0,1
ENSG00000117419_1,2.027303,0.0,1
ENSG00000122224,1.4208415,0.0,1
ENSG00000127124_1,0.34640598,0.63813967,1
ENSG00000285053_1,0.5623019,0.0,1
ENSG00000152092,1.0232176,1.1418573,1
ENSG00000150681,0.033967316,0.0,1
ENSG00000259788,2.2139874,0.0,1
ENSG00000238164,1.6747286,1.9388849,1
ENSG00000272426,1.8074099,0.0,1
ENSG00000228382,0.7510585,0.0,1
ENSG00000160781,0.65595233,0.0,1
ENSG00000116544,1.6436411,1.4301234,1
ENSG00000203965_1,2.3270948,0.0,1
ENSG00000162521,2.7097433,3.3034682,1
ENSG00000118194_1,0.1344406,0.0,1
ENSG00000058804,2.396458,2.9215217,1
ENSG00000160753,1.0417038,1.208315,1
ENSG00000169291,1.5818707,1.0975002,1
ENSG00000230623,0.28081453,1.3265673,1
ENSG00000162819_1,1.7131975,1.9744458,1
ENSG00000143842_1,0.15397714,0.0,1
ENSG00000240563,0.39470696,0.47259557,1
ENSG00000116337_4,1.0936931,0.7913116,1
ENSG00000164002,2.0524576,1.756487,1
ENSG00000117448,2.2095137,2.959089,1
ENSG00000232113,0.050440207,0.0,1
ENSG00000132122_1,1.23431,0.8805735,1
ENSG00000162384,2.3702092,2.1672554,1
ENSG00000280587,0.37886113,0.0,1
ENSG00000090686,2.9558554,2.8254325,1
ENSG00000175793,0.6355947,1.0066799,1
ENSG00000116690,0.09612997,0.0,1
ENSG00000198952,2.4846556,2.8562272,1
ENSG00000047410,2.583277,3.101977,1
ENSG00000204084,2.1598685,2.4504185,1
ENSG00000243480,0.13834365,0.6574479,1
ENSG00000274978,2.3925095,3.0892727,1
ENSG00000187017,1.621519,1.7453558,1
ENSG00000201609,0.21640871,0.0,1
ENSG00000227006,0.15678824,0.0,1
ENSG00000123843,0.14482556,0.0,1
ENSG00000265107,0.61490524,0.0,1
ENSG00000143819,1.4607913,1.3123255,1
ENSG00000274265,2.046027,1.8414596,1
ENSG00000127124,2.1213913,2.4892664,1
ENSG00000156869,0.43385637,0.0,1
ENSG00000117155_2,2.1201408,2.344058,1
ENSG00000142623_1,0.17463738,0.0,1
ENSG00000159388,2.5417917,3.3426418,1
ENSG00000187147_1,2.637123,2.682506,1
ENSG00000171793_1,2.4412663,1.5521204,1
ENSG00000233730,0.3925284,0.0,1
ENSG00000163462,0.6063007,1.0765276,1
ENSG00000085832_1,2.3234537,2.7181554,1
ENSG00000117298_2,0.21665095,0.9894943,1
ENSG00000163565_1,1.404566,2.8200483,1
ENSG00000116977_1,1.1003876,0.0,1
ENSG00000143384,2.5418465,3.1606336,1
ENSG00000131233,0.12515377,0.0,1
ENSG00000198049,0.9949179,0.0,1
ENSG00000163362_1,0.36850196,1.3463138,1
ENSG00000076258,0.68461114,0.0,1
ENSG00000171502,0.6206951,1.1705551,1
ENSG00000203865,2.0584927,0.0,1
ENSG00000198744,2.4176748,3.5870147,1
ENSG00000010072,2.3071282,1.7106842,1
ENSG00000177606,2.1450057,1.871573,1
ENSG00000234741,0.52048576,1.5248374,1
ENSG00000160716,1.0812075,1.2472365,1
ENSG00000174514_1,0.31701052,0.0,1
ENSG00000117245,0.58422655,0.8027395,1
ENSG00000282564,1.5303445,1.2894552,1
ENSG00000207349,0.59742653,0.0,1
ENSG00000204362,0.110011324,0.0,1
ENSG00000076321,1.5641091,2.187374,1
ENSG00000092853,0.15392579,0.0,1
ENSG00000182901,1.6805215,1.5062072,1
ENSG00000243284,0.3157748,0.0,1
ENSG00000134243,0.19330262,0.0,1
ENSG00000014914,0.34962255,0.8672317,1
ENSG00000117139,0.14571813,0.47259557,1
ENSG00000225206_1,0.92938864,2.0290468,1
ENSG00000227733,0.62030727,0.0,1
ENSG00000079335_2,2.1791182,1.8128065,1
ENSG00000142583_1,0.9906334,0.0,1
ENSG00000187642,0.7267196,0.0,1
ENSG00000236528,2.2782767,0.0,1
ENSG00000162458_1,1.3663527,1.0481699,1
ENSG00000133065,1.5649586,1.3437827,1
ENSG00000187862,0.27860308,0.0,1
ENSG00000224870,2.429258,2.1965299,1
ENSG00000132681,0.4377162,0.0,1
ENSG00000184588_4,1.1147721,2.2391994,1
ENSG00000186197_1,1.3299744,1.7344638,1
ENSG00000026751,1.4968195,3.2565253,1
ENSG00000265972,1.7811967,2.3401744,1
ENSG00000158887,1.2799323,0.0,1
ENSG00000117069,0.49697638,1.4066764,1
ENSG00000135778,1.6036439,2.529651,1
ENSG00000227421,0.09242427,0.0,1
ENSG00000162399,0.26556814,0.0,1
ENSG00000143549_1,2.4351623,3.8593628,1
ENSG00000117419,0.11581038,0.0,1
ENSG00000134248,2.2957046,3.0744836,1
ENSG00000162775,2.6124501,2.743396,1
ENSG00000034971,0.36650658,0.0,1
ENSG00000290592,0.6926088,0.8392894,1
ENSG00000143549_2,0.41366655,0.0,1
ENSG00000134243_1,1.7948439,2.0278957,1
ENSG00000290569,2.1475527,0.0,1
ENSG00000077157_1,0.2094699,0.0,1
ENSG00000117620_1,1.4857588,0.0,1
ENSG00000142615,0.17058997,0.0,1
ENSG00000215883,1.8003838,2.036461,1
ENSG00000134371_1,1.7167683,1.3971053,1
ENSG00000085433,1.9280567,1.9954202,1
ENSG00000238107,1.817681,1.5378971,1
ENSG00000258082,2.5774863,1.6820999,1
ENSG00000088280,0.4962135,0.0,1
ENSG00000143379,1.7115461,1.9195853,1
ENSG00000065978,2.5214207,4.078283,1
ENSG00000219073,0.25411433,0.0,1
ENSG00000133055,0.39554507,0.63491035,1
ENSG00000127129,0.9741489,1.2814356,1
ENSG00000186094,1.0050645,0.0,1
ENSG00000198929,1.6875236,1.3743083,1
ENSG00000184371_2,2.2180378,1.9562645,1
ENSG00000266094_1,0.61092466,0.0,1
ENSG00000065243,2.484627,2.571596,1
ENSG00000169504,2.5350997,3.0671601,1
ENSG00000186564,2.1010487,1.7170627,1
ENSG00000171385_1,1.7052248,1.5837314,1
ENSG00000160752,2.5395982,0.0,1
ENSG00000197241,0.32217067,0.52671397,1
ENSG00000160062,1.284595,1.512284,1
ENSG00000134249,0.3210991,0.0,1
ENSG00000121933,0.42416632,0.0,1
ENSG00000197147,2.4387681,2.2418702,1
ENSG00000163444,2.1091096,2.4938498,1
ENSG00000188290,1.6793451,1.4898179,1
ENSG00000153029,1.699584,0.0,1
ENSG00000226026,1.8803076,0.0,1
ENSG00000160685,1.9916945,1.9938328,1
ENSG00000054392_2,2.0761833,0.0,1
ENSG00000158747,0.2702272,0.86917305,1
ENSG00000143553,2.0870008,0.0,1
ENSG00000116525,0.86964494,2.0569239,1
ENSG00000077157,2.0636551,2.04159,1
ENSG00000122435,2.135691,2.4945483,1
ENSG00000176256,0.14252771,0.59328604,1
ENSG00000085998,2.2421038,2.2451794,1
ENSG00000119285,1.8864169,0.0,1
ENSG00000230426_1,0.07560103,0.0,1
ENSG00000293264,0.5380222,0.0,1
ENSG00000142765,1.0479535,1.9995655,1
ENSG00000237463_1,0.11844544,0.0,1
ENSG00000160789_3,0.36982822,0.0,1
ENSG00000223075,0.122015044,0.0,1
ENSG00000287452,0.19768183,0.0,1
ENSG00000123473,2.2808192,2.5672886,1
ENSG00000198746,1.941273,1.9996959,1
ENSG00000203804,2.342771,0.8159561,1
ENSG00000116747,2.4611073,2.9595752,1
ENSG00000261595,1.484165,0.0,1
ENSG00000158859,0.49825126,1.1345915,1
ENSG00000282843,0.21419273,0.0,1
ENSG00000196352_1,2.5541337,2.73464,1
ENSG00000160741,0.390925,0.0,1
ENSG00000162390,0.6659725,0.0,1
ENSG00000143612,2.436069,3.0090513,1
ENSG00000074964,1.5928191,1.7735816,1
ENSG00000117751,2.1490543,2.4356964,1
ENSG00000198570,0.7028214,0.64466506,1
ENSG00000178715,0.38081163,1.8119702,1
ENSG00000162641_1,0.15264821,0.0,1
ENSG00000189334,0.4749409,0.0,1
ENSG00000116668,2.082908,1.4729465,1
ENSG00000275291,1.3263934,0.0,1
ENSG00000137948,0.78396183,0.0,1
ENSG00000117091,2.1038861,3.7228699,1
ENSG00000162782,1.172296,1.0777311,1
ENSG00000137936_3,0.3749485,0.0,1
ENSG00000224609,1.4279073,0.0,1
ENSG00000162402,2.401563,2.3900921,1
ENSG00000143499,2.2365263,2.0640085,1
ENSG00000230337,1.7675948,1.769067,1
ENSG00000162889,2.0020921,2.4791577,1
ENSG00000207241,0.43749213,1.2075536,1
ENSG00000168118,1.86397,2.281129,1
ENSG00000168528_2,1.2324564,1.0986784,1
ENSG00000049247,0.109813884,0.0,1
ENSG00000186118,0.1299756,0.8115616,1
ENSG00000170128,0.9987295,1.4210113,1
ENSG00000118298,0.48014385,0.0,1
ENSG00000197785,2.512344,2.8766997,1
ENSG00000127481_1,2.7287235,2.9878852,1
ENSG00000223883,0.26891798,0.0,1
ENSG00000184371_1,1.7277856,2.3222399,1
ENSG00000163050,2.3860636,1.9958282,1
ENSG00000213088,0.3202728,0.0,1
ENSG00000238260,1.8909669,0.0,1
ENSG00000117505,2.6120384,2.8261461,1
ENSG00000117281,0.23180084,0.0,1
ENSG00000180999,0.19199495,0.0,1
ENSG00000116774_1,0.32265395,0.0,1
ENSG00000118194,0.33059388,0.0,1
ENSG00000134186,2.338942,2.9747374,1
ENSG00000120337,0.09967145,0.0,1
ENSG00000232284,0.27281964,0.0,1
ENSG00000132677,0.85382456,0.0,1
ENSG00000009790,1.2536346,0.0,1
ENSG00000162542,2.2572792,1.9969798,1
ENSG00000198912,2.4873645,2.665246,1
ENSG00000171680_1,1.1861515,1.1876616,1
ENSG00000196154,0.46348226,2.5169213,1
ENSG00000122483_1,2.3344254,2.3961155,1
ENSG00000159363,1.7598152,2.0602634,1
ENSG00000160710_1,1.6888428,1.4290252,1
ENSG00000158869,0.46049017,0.88244486,1
ENSG00000231663_1,2.5110059,3.0051377,1
ENSG00000143353,2.204987,2.6832263,1
ENSG00000163545,1.2858875,1.999722,1
ENSG00000162543,0.90306425,0.0,1
ENSG00000156150,0.5444888,0.0,1
ENSG00000177868,2.114679,1.7971983,1
ENSG00000226486,0.16729927,0.0,1
ENSG00000134690,2.1505659,3.0314085,1
ENSG00000282048,0.11737856,0.0,1
ENSG00000143753,2.5110047,2.7327476,1
ENSG00000226891,0.55539757,0.0,1
ENSG00000118193,1.9818609,2.3984382,1
ENSG00000143032,1.0496154,0.8786539,1
ENSG00000136634_1,0.5646618,1.3754076,1
ENSG00000090273,2.3540318,3.4186046,1
ENSG00000175756,2.5781925,2.7613144,1
ENSG00000049245,2.1030722,2.30656,1
ENSG00000203814,2.0860207,4.2237372,1
ENSG00000227963,2.4757392,1.6823256,1
ENSG00000142875_1,0.18432061,0.0,1
ENSG00000175087_1,2.329785,0.0,1
ENSG00000082482,0.18011773,0.0,1
ENSG00000162599_3,0.2060738,0.0,1
ENSG00000173728,0.3083877,0.0,1
ENSG00000234593,0.17797926,0.0,1
ENSG00000159352,1.9450212,2.702675,1
ENSG00000142694,1.3806398,1.3601085,1
ENSG00000158715,1.4718661,1.6934104,1
ENSG00000174567,0.80275136,1.2959583,1
ENSG00000162545,1.1398132,1.2995727,1
ENSG00000203709_1,2.1759925,1.7922025,1
ENSG00000272438,1.7510095,1.2908356,1
ENSG00000123838,0.111166954,0.0,1
ENSG00000162641,0.14068846,0.71598667,1
ENSG00000293455,0.56824905,0.0,1
ENSG00000142973,0.38672453,0.0,1
ENSG00000143226,0.2796656,0.0,1
ENSG00000143420_1,2.5211499,3.3279757,1
ENSG00000133019,0.52477866,0.0,1
ENSG00000203710,1.3973806,2.0166073,1
ENSG00000162407,1.222822,2.6576962,1
ENSG00000001461,1.4542501,0.0,1
ENSG00000067606_1,0.5995696,0.0,1
ENSG00000143556,0.28666866,0.0,1
ENSG00000284543,0.9003767,2.407357,1
ENSG00000143158_1,2.3333366,2.8082852,1
ENSG00000116793_1,2.3739889,0.0,1
ENSG00000131778,2.227982,2.6230104,1
ENSG00000198797,0.62716043,1.7232931,1
ENSG00000130762,1.5630215,1.4045259,1
ENSG00000157181,1.8837091,2.277788,1
ENSG00000189280,0.23483019,0.0,1
ENSG00000237973,2.4843214,2.7108364,1
ENSG00000143442,2.0555568,2.1207714,1
ENSG00000197056,1.8146831,1.7644153,1
ENSG00000137941,1.3331035,0.93349236,1
ENSG00000179051_1,1.9917157,2.6812701,1
ENSG00000180488,1.3199723,2.3700948,1
ENSG00000183114,1.2106379,1.1418573,1
ENSG00000143344,2.2531111,2.2744582,1
ENSG00000197956,1.3050959,0.0,1
ENSG00000116329,1.6425498,1.38144,1
ENSG00000235501,1.6491296,1.3942783,1
ENSG00000286071,0.14755256,0.0,1
ENSG00000159173,0.36408103,0.0,1
ENSG00000188157,2.0267198,2.2368066,1
ENSG00000135824,0.4749322,0.0,1
ENSG00000184007_1,2.4275477,1.4107097,1
ENSG00000048707_2,0.17930256,0.0,1
ENSG00000142609_1,0.77275187,0.7132225,1
ENSG00000143252,1.9245883,0.0,1
ENSG00000064703,1.6359417,1.8499658,1
ENSG00000188782,0.33684343,0.89164895,1
ENSG00000142748,0.1663122,0.0,1
ENSG00000162413,2.2562742,2.0805542,1
ENSG00000143333,1.9752891,2.963951,1
ENSG00000049089,0.6789938,0.8843138,1
ENSG00000134255_1,2.6980627,2.8750439,1
ENSG00000143033,2.1990745,2.4895394,1
ENSG00000004455_1,0.77757126,0.0,1
ENSG00000196878_1,0.26511985,0.0,1
ENSG00000158850,2.0475214,2.5067904,1
ENSG00000230623_1,0.29494172,0.0,1
ENSG00000058668,1.0547233,1.3675982,1
ENSG00000058799,2.0446174,2.1021523,1
ENSG00000163472_1,0.35404098,0.0,1
ENSG00000271736,0.17595069,0.0,1
ENSG00000224259_1,0.17193596,0.0,1
ENSG00000135870,2.372353,2.411788,1
ENSG00000086015,2.1203763,0.0,1
ENSG00000228126,1.8406281,0.0,1
ENSG00000163877,1.9535656,2.5015864,1
ENSG00000142875_3,0.122719735,0.8613552,1
ENSG00000136630,1.4499674,1.4737934,1
ENSG00000227496,0.1587544,0.0,1
ENSG00000164011,2.205425,2.1043437,1
ENSG00000125462_2,1.4843047,0.0,1
ENSG00000134369_2,0.13533767,0.0,1
ENSG00000066135,2.3550618,0.0,1
ENSG00000157077,1.8704528,1.8381877,1
ENSG00000143851_1,2.2773921,3.2685406,1
ENSG00000163374,2.6195056,2.2032778,1
ENSG00000163874,2.2938335,2.35858,1
ENSG00000162461,0.6102567,0.0,1
ENSG00000097096,1.8475664,1.3564657,1
ENSG00000168710_1,2.4987767,1.3640254,1
ENSG00000131584,2.269054,1.6374497,1
ENSG00000133069_1,0.21835549,0.0,1
ENSG00000117298_1,1.8713377,1.8312937,1
ENSG00000097021_3,2.343243,2.3336487,1
ENSG00000152760,0.7704964,1.1263165,1
ENSG00000203857,0.103302166,0.0,1
ENSG00000143514_2,2.1969056,2.1310313,1
ENSG00000183814,2.3700044,2.3473125,1
ENSG00000116786,2.265281,2.3707333,1
ENSG00000282143,1.0061451,1.1995633,1
ENSG00000162378,1.994245,2.3225956,1
ENSG00000175130,2.007361,3.3151157,1
ENSG00000065978_1,2.32761,2.2016702,1
ENSG00000116337,2.0954838,2.289531,1
ENSG00000143375,1.23039,1.0801103,1
ENSG00000122482_2,2.078692,2.539578,1
ENSG00000137942,1.3118178,1.3748399,1
ENSG00000182118,1.7385234,1.4436853,1
ENSG00000162769,2.4611063,2.4394748,1
ENSG00000159176,2.2009594,2.980223,1
ENSG00000091483,2.2743769,3.1660094,1
ENSG00000143554,1.728432,1.5994354,1
ENSG00000207501,2.2876258,3.3327978,1
ENSG00000116954,2.3146613,2.2117424,1
ENSG00000159208_1,0.55821544,0.0,1
ENSG00000142875,2.0468228,1.7352715,1
ENSG00000134371,2.5393007,2.8388875,1
ENSG00000143013,2.2820513,2.5784993,1
ENSG00000157881,2.0961535,2.5152512,1
ENSG00000159166_2,0.5697054,1.4665859,1
ENSG00000117595,0.94657356,0.0,1
ENSG00000158714,0.45645046,0.0,1
ENSG00000163239,1.4605585,1.1530523,1
ENSG00000143740_1,2.2508075,2.2662716,1
ENSG00000058085,0.95927733,0.0,1
ENSG00000134255,1.5774369,2.460883,1
ENSG00000116833_1,0.74657863,0.6697816,1
ENSG00000143702,0.30720502,0.0,1
ENSG00000214193,1.3399577,1.1609485,1
ENSG00000132122,0.13182066,0.0,1
ENSG00000168710_2,0.76430666,0.0,1
ENSG00000168264,1.6544755,2.399248,1
ENSG00000121957,2.0309896,2.1887681,1
ENSG00000203783,0.14181581,0.0,1
ENSG00000224699,2.180177,0.0,1
ENSG00000132849,1.6850531,1.6760714,1
ENSG00000054277,2.1479137,1.9671359,1
ENSG00000174827,0.23380773,0.5553726,1
ENSG00000200972,0.65009123,2.2653463,1
ENSG00000175206,0.4154595,0.604118,1
ENSG00000000938_1,1.8615787,2.9644623,1
ENSG00000116791,1.6882799,3.2052667,1
ENSG00000084073,2.1627433,0.0,1
ENSG00000158156,2.0268724,1.684944,1
ENSG00000133063,0.28385985,0.0,1
ENSG00000231246,0.2044806,0.0,1
ENSG00000162517,2.510125,2.9104066,1
ENSG00000143409_1,0.91376203,1.7960885,1
ENSG00000133067,1.2435848,1.3814942,1
ENSG00000238279,0.29510492,0.0,1
ENSG00000186501,2.2903578,2.439647,1
ENSG00000206620,0.7176562,1.2615246,1
ENSG00000274265_1,1.974154,1.6331148,1
ENSG00000212144,0.18393488,0.0,1
ENSG00000159377,2.0561163,2.9886026,1
ENSG00000136631_1,1.9211476,0.0,1
ENSG00000155816,1.4330815,0.0,1
ENSG00000249087_1,1.6903689,0.5860019,1
ENSG00000143622,1.0949566,1.3185225,1
ENSG00000116750_1,1.8715379,1.7409229,1
ENSG00000081248,0.50771815,0.0,1
ENSG00000179397,1.9977129,0.0,1
ENSG00000069702,1.9451418,1.77938,1
ENSG00000196517,0.8377088,0.0,1
ENSG00000252947,0.23097931,0.85938454,1
ENSG00000203852,2.4206235,3.7737339,1
ENSG00000116260,2.243737,2.773507,1
ENSG00000143153,1.8545606,2.683038,1
ENSG00000131788_1,1.3907549,2.1652918,1
ENSG00000163874_1,1.6444001,0.0,1
ENSG00000157193,1.5697185,1.1098821,1
ENSG00000157933,1.6532164,1.3825933,1
ENSG00000160051,1.774729,1.690243,1
ENSG00000201558,1.802613,2.3559875,1
ENSG00000157216,0.19763331,0.6110964,1
ENSG00000135775,2.1516535,2.350597,1
ENSG00000143799_1,2.334964,3.3798835,1
ENSG00000143226_1,0.20797063,0.0,1
ENSG00000198830_1,2.2437465,1.3966004,1
ENSG00000116299,1.328408,0.0,1
ENSG00000086015_1,0.23273994,0.0,1
ENSG00000117139_2,1.229369,2.6470678,1
ENSG00000142949_1,1.5796404,1.5769055,1
ENSG00000174371,2.1555655,2.291775,1
ENSG00000116809,1.8747475,2.4759035,1
ENSG00000116514,2.2556055,2.381945,1
ENSG00000000460,2.1040437,0.0,1
ENSG00000189171,0.31496084,0.0,1
ENSG00000186226,0.19558789,0.0,1
ENSG00000154007,0.083991244,0.0,1
ENSG00000169991,1.8795309,1.9011912,1
ENSG00000188643,0.3948549,0.0,1
ENSG00000142599_1,0.92408663,0.0,1
ENSG00000178104_1,1.1797943,0.0,1
ENSG00000134744_1,1.798493,2.1110642,1
ENSG00000125462_4,0.36619103,0.0,1
ENSG00000153187_2,1.7104388,2.2858272,1
ENSG00000154511,2.5304267,2.2734065,1
ENSG00000231789,1.8849236,1.7227656,1
ENSG00000143320,0.6960955,0.0,1
ENSG00000173641,0.7082976,0.9561684,1
ENSG00000143748,1.8170093,0.0,1
ENSG00000196482_4,0.93124676,0.0,1
ENSG00000069424,2.345897,2.1910121,1
ENSG00000143376,2.115798,2.3296216,1
ENSG00000143801,1.8332986,1.871059,1
ENSG00000196189_3,0.55861455,0.0,1
ENSG00000162482,1.378569,1.2646054,1
ENSG00000173369,0.38064307,1.0258995,1
ENSG00000163485_2,0.28025556,0.0,1
ENSG00000174059,1.0014439,1.1668266,1
ENSG00000184908,0.57101566,0.91826314,1
ENSG00000233593,0.67808926,0.70773196,1
ENSG00000162779,1.7714889,1.0052878,1
ENSG00000176083,0.22803377,0.0,1
ENSG00000160075,2.4901497,2.0343757,1
ENSG00000142959,0.31737095,0.0,1
ENSG00000142875_2,0.123410985,0.0,1
ENSG00000126106,2.3008971,2.1177485,1
ENSG00000160688,1.6603081,0.0,1
ENSG00000121634,0.11811024,0.0,1
ENSG00000272106,2.4884722,1.6691308,1
ENSG00000118292,0.57189506,0.0,1
ENSG00000127603,2.198561,1.8028557,1
ENSG00000142910_1,0.28649336,0.0,1
ENSG00000163485_1,0.53484493,1.1904718,1
ENSG00000116285,1.9389181,1.8174398,1
ENSG00000241794,0.08240846,0.0,1
ENSG00000136636_1,0.14680673,0.0,1
ENSG00000132676,1.4824226,1.9291021,1
ENSG00000169469,0.09176971,0.0,1
ENSG00000273338,1.5152228,0.0,1
ENSG00000072694,1.1212785,0.0,1
ENSG00000162510,0.7785678,1.4720027,1
ENSG00000293271,1.3496739,0.65747654,1
ENSG00000142784,2.2410176,2.1681378,1
ENSG00000162613,2.906623,3.722029,1
ENSG00000143179,2.267966,2.9899347,1
ENSG00000263528,1.5411773,2.3836772,1
ENSG00000154027,1.5327255,1.5097132,1
ENSG00000197769,0.35657632,0.0,1
ENSG00000198520,2.2131844,0.0,1
ENSG00000207475,0.31708306,0.0,1
ENSG00000162664,2.448301,2.6375058,1
ENSG00000116675,0.11616783,0.0,1
ENSG00000127124_2,0.20387174,0.0,1
ENSG00000126088_1,0.72697264,1.0631832,1
ENSG00000116212_1,2.0958858,2.3796318,1
ENSG00000081019_1,2.4852161,2.5041173,1
ENSG00000127483_2,2.3399987,2.8525739,1
ENSG00000143195,1.8109934,1.5463872,1
ENSG00000078808,2.4854534,2.8134768,1
ENSG00000162704,2.561359,3.732504,1
ENSG00000233008_1,0.8199408,0.0,1
ENSG00000116161_1,2.8886905,3.5379148,1
ENSG00000082497_1,0.27060688,0.0,1
ENSG00000135821,2.03246,0.0,1
ENSG00000137960,2.2396772,0.0,1
ENSG00000174151,1.927489,1.8135009,1
ENSG00000116455,2.299507,2.7925646,1
ENSG00000116350,2.7811449,2.9971542,1
ENSG00000116586,1.9561939,2.9099307,1
ENSG00000132780,2.4171112,3.592088,1
ENSG00000134193,0.13870983,0.0,1
ENSG00000224536,2.2464018,0.0,1
ENSG00000228063,2.040789,1.4095274,1
ENSG00000284657,2.236521,1.8990705,1
ENSG00000178028,1.6969731,2.1447082,1
ENSG00000162702,2.2022958,2.456817,1
ENSG00000180198_1,2.2003913,2.460206,1
ENSG00000284882_1,2.4714777,0.0,1
ENSG00000143167,0.29064667,0.0,1
ENSG00000172380,1.4946921,2.6199954,1
ENSG00000186150,0.277974,0.0,1
ENSG00000158764,0.3492633,0.0,1
ENSG00000162601,1.7706898,0.0,1
ENSG00000199879,1.0575875,1.9382274,1
ENSG00000085465_1,0.21178661,0.0,1
ENSG00000143543,2.4465132,2.8182523,1
ENSG00000171680_2,0.5390067,0.0,1
ENSG00000289881,1.6847914,0.9791385,1
ENSG00000198574,0.15999557,0.6447241,1
ENSG00000116641,2.246939,2.08743,1
ENSG00000158161,2.1977382,2.9254472,1
ENSG00000157131,0.16063818,0.0,1
ENSG00000135828,1.0962051,0.0,1
ENSG00000116688_1,2.1975076,2.8048472,1
ENSG00000162377,1.8009238,2.294197,1
ENSG00000119280_2,0.08733159,0.0,1
ENSG00000143368,2.243589,3.2990057,1
ENSG00000213190,0.49152118,1.9156584,1
ENSG00000197921,1.4296987,1.7552801,1
ENSG00000160789_7,0.8704113,0.0,1
ENSG00000160789_5,1.3702744,1.3177083,1
ENSG00000116745,0.15614153,0.0,1
ENSG00000197747_1,1.4333199,1.3942765,1
ENSG00000143507_1,2.3855321,3.11585,1
ENSG00000162734,2.3179784,3.000976,1
ENSG00000224000,0.09261523,0.0,1
ENSG00000236021,2.3957264,1.7983744,1
ENSG00000227733_1,0.47040462,0.5671323,1
ENSG00000066056,0.34970438,0.0,1
ENSG00000152061_2,0.11492367,0.0,1
ENSG00000132854,1.2472758,1.4685541,1
ENSG00000206585,1.8521869,2.9060915,1
ENSG00000171824,2.116264,3.0030985,1
ENSG00000181036,0.33449537,0.0,1
ENSG00000213512,0.15648265,0.0,1
ENSG00000143158_2,2.412664,2.7161453,1
ENSG00000162520,1.4750792,0.0,1
ENSG00000143390,0.48415893,0.0,1
ENSG00000117090,2.364389,3.7894156,1
ENSG00000160691_3,2.5098639,2.3868787,1
ENSG00000227811,0.8070478,0.8898617,1
ENSG00000274265_2,1.9045057,1.4416213,1
ENSG00000117560,0.44300604,1.3018327,1
ENSG00000224209,1.3187602,0.0,1
ENSG00000291234,0.9671002,0.0,1
ENSG00000291156,1.308753,0.0,1
ENSG00000198400,0.32881737,0.0,1
ENSG00000117020_2,1.8218349,1.1109599,1
ENSG00000076864_1,1.6040932,1.3938208,1
ENSG00000233396,1.5746369,0.0,1
ENSG00000116863,2.236303,2.3627012,1
ENSG00000188770,0.19275759,0.0,1
ENSG00000143862,2.1573188,2.6354938,1
ENSG00000142634,2.1754825,3.1755002,1
ENSG00000304119,1.5535817,1.3292453,1
ENSG00000188984,0.31675327,0.0,1
ENSG00000143842,1.0920467,1.5158871,1
ENSG00000116711,0.38059944,0.0,1
ENSG00000154358_1,0.5503394,0.0,1
ENSG00000168159,2.573961,2.837355,1
ENSG00000075151_1,1.5835953,1.4781479,1
ENSG00000169241,1.5507064,1.6611205,1
ENSG00000235358,2.2303674,1.2901905,1
ENSG00000169241_1,2.1993635,2.4791808,1
ENSG00000135845,1.9301497,2.0870285,1
ENSG00000127125,2.581535,2.6505377,1
ENSG00000310526,2.0928714,0.0,1
ENSG00000183347,0.34835505,0.0,1
ENSG00000185278,2.3559945,1.8569704,1
ENSG00000143369,0.25546473,0.0,1
ENSG00000281406,0.9143471,0.73481584,1
ENSG00000230798,1.1391532,0.0,1
ENSG00000223635,2.187111,1.1142772,1
ENSG00000155380_1,2.518767,3.106806,1
ENSG00000264294,2.5553703,2.0977397,1
ENSG00000273004_1,1.4379253,1.2961034,1
ENSG00000198520_1,0.96861345,0.0,1
ENSG00000295836,1.6607815,1.1782861,1
ENSG00000188822,1.3781205,0.0,1
ENSG00000117748,2.5644677,2.9455996,1
ENSG00000130766,1.9402002,2.2074673,1
ENSG00000159339,0.21561052,0.68185604,1
ENSG00000117523_1,0.1359314,0.0,1
ENSG00000143845_1,1.5947293,1.3212255,1
ENSG00000162783,2.2112203,2.9743965,1
ENSG00000135824_1,0.22351675,0.7724684,1
ENSG00000162852,2.4717162,2.3421462,1
ENSG00000203985,0.28198254,0.0,1
ENSG00000162735,0.5132665,0.0,1
ENSG00000121900,1.6471257,1.3191268,1
ENSG00000170075,0.65885293,0.0,1
ENSG00000168275,2.429582,3.0227458,1
ENSG00000143845,0.22247045,0.0,1
ENSG00000226167,2.2286136,0.0,1
ENSG00000134183_1,1.5821886,0.0,1
ENSG00000154429_1,1.7081501,2.0156488,1
ENSG00000168765,1.9245254,2.5133908,1
ENSG00000225767,0.66695595,0.78899515,1
ENSG00000159348,1.9164925,1.9294547,1
ENSG00000116198,2.1344674,2.2125924,1
ENSG00000285910,0.25527167,1.156034,1
ENSG00000198468,2.3265011,0.0,1
ENSG00000177272,1.8035238,1.6200423,1
ENSG00000060656,1.517269,1.3790697,1
ENSG00000119280_1,0.6634978,0.81600255,1
ENSG00000055070,2.5531158,3.2444725,1
ENSG00000162599,0.8370303,0.0,1
ENSG00000279430,1.2601185,0.96703756,1
ENSG00000058453,0.8192977,0.9284696,1
ENSG00000143578_2,1.119281,0.5670852,1
ENSG00000120334,1.782804,1.8158765,1
ENSG00000117593,2.5185082,2.9188688,1
ENSG00000121903,1.7553267,1.6919916,1
ENSG00000290989,2.5454197,2.2591374,1
ENSG00000078900,2.2299783,2.3812559,1
ENSG00000092978,1.5429511,0.0,1
ENSG00000135776,2.4410064,2.2706254,1
ENSG00000160072,2.2986674,2.6790426,1
ENSG00000085831,0.65838516,0.8633645,1
ENSG00000198821,0.80826545,1.0557222,1
ENSG00000203785,0.08071481,0.0,1
ENSG00000085840,2.4042609,2.654032,1
ENSG00000290525,0.16619404,0.0,1
ENSG00000118200,2.2079537,2.1607566,1
ENSG00000158796,2.6431384,2.4977214,1
ENSG00000178104_4,1.9589922,2.0230465,1
ENSG00000233079,0.18074583,0.0,1
ENSG00000231768,0.35777056,0.6574001,1
ENSG00000174842,2.1947095,2.3838584,1
ENSG00000253097,0.15285717,0.0,1
ENSG00000023572,2.148844,2.6082542,1
ENSG00000116497,2.4422219,2.2168517,1
ENSG00000184588_1,0.08848806,0.5553605,1
ENSG00000196517_1,0.87053174,1.3925738,1
ENSG00000162594_1,0.1622714,0.0,1
ENSG00000184005,1.2293376,0.0,1
ENSG00000116670_2,1.6317431,1.4647131,1
ENSG00000235098,0.5044111,0.0,1
ENSG00000162819,2.23835,2.4892833,1
ENSG00000287756,0.1397905,0.0,1
ENSG00000000938_2,1.2248702,1.6207293,1
ENSG00000120942,2.33125,2.7220478,1
ENSG00000196505,2.1628075,2.0749261,1
ENSG00000116675_3,1.3550019,1.0177426,1
ENSG00000237330,0.9181315,0.0,1
ENSG00000287217,0.22638984,0.0,1
ENSG00000135744_1,0.09280853,0.0,1
ENSG00000142583_3,0.38134342,0.0,1
ENSG00000143319_1,2.5455627,3.034897,1
ENSG00000123836_1,1.5805022,0.0,1
ENSG00000117625,2.4279933,2.5953639,1
ENSG00000054267_1,2.3150895,2.5470617,1
ENSG00000007341_2,2.2495751,1.775756,1
ENSG00000163209,0.087808475,0.0,1
ENSG00000163156,2.1292202,2.6624339,1
ENSG00000205116,0.63864744,1.460221,1
ENSG00000224965,1.3444493,0.0,1
ENSG00000132781,2.5573905,2.241671,1
ENSG00000132704,0.21175425,2.118906,1
ENSG00000271252,0.2703182,0.0,1
ENSG00000143537,1.7453647,0.0,1
ENSG00000229588,0.45715994,1.1764386,1
ENSG00000143420,2.186091,0.0,1
ENSG00000242252,0.77707636,0.0,1
ENSG00000143199,0.22965594,0.0,1
ENSG00000117262,2.0269673,1.6100317,1
ENSG00000010932,0.079084545,0.0,1
ENSG00000143702_2,2.481516,2.5948012,1
ENSG00000162639,2.1774085,0.0,1
ENSG00000291138,0.2682132,0.0,1
ENSG00000142910,0.42737848,0.8266578,1
ENSG00000162383_1,0.22341286,0.802678,1
ENSG00000158006,1.6430193,0.0,1
ENSG00000143337,1.730366,1.3538586,1
ENSG00000134684,2.3748178,3.2860386,1
ENSG00000116560,1.8639655,4.041199,1
ENSG00000187730,1.6408882,1.8057644,1
ENSG00000225556,1.1884596,1.7013867,1
ENSG00000184588_5,0.29103082,0.67584246,1
ENSG00000121764,0.9482481,0.0,1
ENSG00000142856,1.8507708,2.6022477,1
ENSG00000084072,1.5121236,2.5969388,1
ENSG00000154222,2.4508016,2.0615127,1
ENSG00000117597,1.5874962,2.6951277,1
ENSG00000009709,0.7225607,1.4432019,1
ENSG00000233791,0.989405,0.0,1
ENSG00000122483,2.1389942,1.7396514,1
ENSG00000224093,0.7410997,0.9639294,1
ENSG00000143390_2,2.5894885,2.6576676,1
ENSG00000163374_1,2.429789,2.508112,1
ENSG00000163382,2.017683,2.0676472,1
ENSG00000143256,2.4103317,3.0129426,1
ENSG00000135835_1,0.285271,0.0,1
ENSG00000162728,0.37626523,0.0,1
ENSG00000151418,0.13575314,0.0,1
ENSG00000117614,2.2511551,3.1899364,1
ENSG00000142632_1,2.157388,1.5436336,1
ENSG00000225265,1.7173517,1.6607801,1
ENSG00000143107,0.21751718,0.0,1
ENSG00000132849_1,0.1797014,0.0,1
ENSG00000162885,2.5273302,2.0326672,1
ENSG00000189337_1,1.6114883,2.0686646,1
ENSG00000154370,2.1119323,2.529158,1
ENSG00000162877,0.7025992,0.81372106,1
ENSG00000273213,1.5767343,3.2965577,1
ENSG00000162385,2.0548937,0.0,1
ENSG00000168528_1,1.2857229,1.8106155,1
ENSG00000182134,1.9644899,1.5269334,1
ENSG00000117450,2.396121,3.76979,1
ENSG00000143125,0.247007,0.0,1
ENSG00000117707_1,1.0051651,0.0,1
ENSG00000158286,2.115516,2.0263944,1
ENSG00000143436,2.0474057,2.997733,1
ENSG00000196878,0.2009557,1.6231252,1
ENSG00000231663,2.3275552,0.0,1
ENSG00000143545,1.0960544,1.896708,1
ENSG00000234741_1,2.2695563,3.0702116,1
ENSG00000088280_1,1.6084563,1.1153775,1
ENSG00000135823,2.2909389,2.4704075,1
ENSG00000117602,0.48073018,1.2938728,1
ENSG00000116685,2.1131375,2.6026404,1
ENSG00000116337_3,1.9594259,0.0,1
ENSG00000117155,2.2017987,1.9250696,1
ENSG00000126107,1.9473584,2.1146777,1
ENSG00000203325,1.717865,1.0519625,1
ENSG00000137962,1.6251364,1.4390167,1
ENSG00000197530,2.3735702,1.7852159,1
ENSG00000234222,1.5101231,1.0906107,1
ENSG00000233791_1,2.5650198,1.932631,1
ENSG00000116183,0.10141094,0.0,1
ENSG00000116922_1,2.0939128,1.6308142,1
ENSG00000173436_1,2.6117847,3.1414466,1
ENSG00000163873,1.6903844,1.6116596,1
ENSG00000180198,2.2853363,4.0805798,1
ENSG00000117155_1,2.3127255,2.2776322,1
ENSG00000097021,0.37918824,0.0,1
ENSG00000116748_1,0.20550118,0.0,1
ENSG00000117594_1,0.20838578,0.0,1
ENSG00000143486,2.0525098,0.0,1
ENSG00000170989_1,1.8728528,0.0,1
ENSG00000226419,2.5056396,2.3839588,1
ENSG00000143575,2.1101687,3.0526402,1
ENSG00000158882,1.4694285,0.0,1
ENSG00000116133,2.3747575,3.1143107,1
ENSG00000143858,0.9661252,0.0,1
ENSG00000224535,0.1779986,0.0,1
ENSG00000065243_1,2.3792677,1.3023742,1
ENSG00000142619,0.38442397,0.8633645,1
ENSG00000134240,0.30745202,0.0,1
ENSG00000143512,0.41344035,0.0,1
ENSG00000203666_1,1.7339976,1.3724701,1
ENSG00000162913,0.9299377,1.0299112,1
ENSG00000122484,2.2186947,2.5335991,1
ENSG00000134376_1,0.08204624,0.0,1
ENSG00000117676,2.0035288,2.3816042,1
ENSG00000116141,1.5890274,1.5145743,1
ENSG00000134668,0.37847638,0.0,1
ENSG00000231648,0.089138374,0.0,1
ENSG00000120333_1,2.1038911,2.8492498,1
ENSG00000031698,1.9093118,2.2854314,1
ENSG00000092621,0.5720072,2.608739,1
ENSG00000117308,0.5933436,0.0,1
ENSG00000221978,2.5614827,2.5680866,1
ENSG00000121644,2.3745716,2.318011,1
ENSG00000163518,0.4353016,0.0,1
ENSG00000137948_1,0.15878317,0.0,1
ENSG00000142621_3,0.31271917,0.0,1
ENSG00000189433,0.27769518,0.0,1
ENSG00000116675_2,0.17135772,0.0,1
ENSG00000162374_1,0.30816334,0.0,1
ENSG00000116521_1,2.1390302,2.922014,1
ENSG00000163263,0.19040653,0.0,1
ENSG00000143303,2.4100802,2.690639,1
ENSG00000266472,1.3173155,3.0421462,1
ENSG00000287516,0.15322064,0.0,1
ENSG00000116539_1,2.6391456,2.363969,1
ENSG00000163531,1.3826827,0.0,1
ENSG00000196754_1,0.5407291,0.0,1
ENSG00000120949,0.84079355,1.1459419,1
ENSG00000173436,1.5855147,1.4880004,1
ENSG00000143437_1,2.2095063,2.300791,1
ENSG00000287627,0.17276761,0.0,1
ENSG00000162630,0.34954166,0.70208573,1
ENSG00000230424,2.6809075,2.2548718,1
ENSG00000232596,0.14706644,0.0,1
ENSG00000117620,2.1154718,2.4263763,1
ENSG00000143753_1,2.3552039,1.2568139,1
ENSG00000163463,1.4385781,0.6381597,1
ENSG00000143515_1,1.5690564,1.0871636,1
ENSG00000156097,0.3212641,0.0,1
ENSG00000227290,0.25150698,0.0,1
ENSG00000000457,2.6469076,2.3725235,1
ENSG00000079335_3,0.21030246,0.0,1
ENSG00000143443,1.2295805,1.3150252,1
ENSG00000143595,0.38647377,0.0,1
ENSG00000157873,1.8298509,2.1184003,1
ENSG00000169242,1.0753311,1.3319938,1
ENSG00000162522_2,0.84949464,0.0,1
ENSG00000027644,0.7901737,1.1164616,1
ENSG00000122406,2.2890537,4.19076,1
ENSG00000172339,1.9352931,2.2958858,1
ENSG00000196188,0.32375193,0.0,1
ENSG00000159423,2.1521478,2.08152,1
ENSG00000182749,1.965828,1.9838517,1
ENSG00000162753,0.10474242,0.0,1
ENSG00000177954,2.1160517,4.2551613,1
ENSG00000154305,2.1165783,2.4238863,1
ENSG00000041988_1,2.2489736,2.1406872,1
ENSG00000178796,1.175901,1.5298793,1
ENSG00000162373,1.0236332,0.96238357,1
ENSG00000143851,1.7597959,1.7752753,1
ENSG00000203747,0.27356595,0.0,1
ENSG00000215845,1.878211,2.3745835,1
ENSG00000226919,0.30085325,0.0,1
ENSG00000085552,1.2463349,0.0,1
ENSG00000237429,1.3174722,1.3508487,1
ENSG00000186790,1.3145546,1.5591762,1
ENSG00000203739_1,2.4904716,1.8406079,1
ENSG00000081277,1.0300105,1.4215447,1
ENSG00000069275,2.0311315,2.9657927,1
ENSG00000117523,2.4438915,3.354888,1
ENSG00000162711,0.6301542,1.6542189,1
ENSG00000162616_1,1.5397277,0.0,1
ENSG00000116852,2.037318,2.5824633,1
ENSG00000134258,0.36611307,0.0,1
ENSG00000133019_2,0.11013268,0.0,1
ENSG00000203737,0.24510203,0.0,1
ENSG00000157191,2.1840813,2.7100124,1
ENSG00000132122_2,1.2646078,1.256785,1
ENSG00000134215,0.08860567,0.0,1
ENSG00000185842_1,0.056509256,0.0,1
ENSG00000117594,0.234022,0.8026438,1
ENSG00000117632,0.924197,0.0,1
ENSG00000123689,1.164718,2.2534542,1
ENSG00000163157,0.2843755,0.0,1
ENSG00000044012,0.46331787,0.0,1
ENSG00000225206_2,0.23202,0.0,1
ENSG00000117477,0.81735563,0.87868834,1
ENSG00000198890,1.6415603,2.7071552,1
ENSG00000184908_1,0.6707373,0.0,1
ENSG00000160710_3,1.8183079,2.9571617,1
ENSG00000127603_3,0.75315046,1.6186202,1
ENSG00000213281,1.8010128,3.0425715,1
ENSG00000215784,2.022343,2.7531157,1
ENSG00000163395,0.3579483,0.0,1
ENSG00000162897,0.3610084,0.0,1
ENSG00000182866_1,0.30724138,0.0,1
ENSG00000117153,2.123295,2.3819358,1
ENSG00000197084,0.22112362,0.0,1
ENSG00000228526,2.2643375,2.2995944,1
ENSG00000174332_1,1.7599037,1.4358603,1
ENSG00000179862,1.2031107,1.4016935,1
ENSG00000118194_3,0.3508752,0.6697816,1
ENSG00000143603,1.6332065,0.0,1
ENSG00000169905,1.0955675,2.7762935,1
ENSG00000117115_1,1.2514613,1.82217,1
ENSG00000223944,0.4137739,0.0,1
ENSG00000162585,2.12973,2.5376956,1
ENSG00000163875,2.3601272,2.921663,1
ENSG00000143374,1.7378213,2.778364,1
ENSG00000162946,1.5106608,0.96085113,1
ENSG00000159208,0.8184611,0.7241693,1
ENSG00000133065_1,0.7256932,1.3700132,1
ENSG00000132692,1.4845625,1.7712493,1
ENSG00000188529,2.8883462,3.3788865,1
ENSG00000135750,2.2889502,2.656558,1
ENSG00000143028,1.4251474,1.5039405,1
ENSG00000155363,2.3460817,1.1995083,1
ENSG00000116815,2.4073231,3.3584375,1
ENSG00000158828,1.5919495,1.7958522,1
ENSG00000160856,0.22312762,1.0443045,1
ENSG00000081721,2.2437332,2.6394835,1
ENSG00000162736,2.4598303,2.8681917,1
ENSG00000178585,2.3756173,2.205356,1
ENSG00000168528,0.18776527,0.0,1
ENSG00000228594,1.7095103,1.7186677,1
ENSG00000081985,1.3118949,1.0481309,1
ENSG00000117713,2.553079,2.5148,1
ENSG00000157933_1,0.7846076,0.0,1
ENSG00000160712,1.9027871,1.9521141,1
ENSG00000134376,0.12688911,0.0,1
ENSG00000237505,2.187694,1.820648,1
ENSG00000085999,2.2965417,2.8026848,1
ENSG00000132128,2.2612636,2.5851493,1
ENSG00000160789_6,1.8416939,0.92510575,1
ENSG00000224174,0.47319013,0.0,1
ENSG00000126709,1.6159139,0.0,1
ENSG00000143110,0.42959607,0.0,1
ENSG00000232480,1.4083527,0.0,1
ENSG00000173171_1,1.8409888,2.5587914,1
ENSG00000200087,1.1455591,1.610394,1
ENSG00000160075_1,2.5010462,3.1067348,1
ENSG00000218510,2.3584495,2.1046202,1
ENSG00000010165,1.9637442,2.1504679,1
ENSG00000290683,2.0390425,2.8724248,1
ENSG00000021852,0.1591405,0.0,1
ENSG00000230630_1,0.2659415,0.0,1
ENSG00000163156_1,1.5291399,0.6666958,1
ENSG00000143318,0.4543724,0.0,1
ENSG00000143194,0.99559695,0.6818741,1
ENSG00000116717,2.1436565,2.9312508,1
ENSG00000198700,2.2905335,2.6528747,1
ENSG00000117151,2.4239528,2.4953458,1
ENSG00000198400_1,1.5460671,1.301811,1
ENSG00000170382,1.2199172,1.5946356,1
ENSG00000088035,2.0631845,0.0,1
ENSG00000117139_1,1.4350566,1.0765312,1
ENSG00000116874_1,2.4190133,2.855713,1
ENSG00000064703_1,2.4686599,2.656491,1
ENSG00000127423,2.3438213,0.0,1
ENSG00000156150_1,1.1019337,1.248836,1
ENSG00000172155,0.13783546,0.0,1
ENSG00000073754,0.1767768,0.0,1
ENSG00000143337_2,2.6742456,2.9037952,1
ENSG00000177807,0.6999407,0.0,1
ENSG00000235169,1.5990618,0.9639766,1
ENSG00000253368,1.446651,1.5439688,1
ENSG00000162745,0.1781528,0.0,1
ENSG00000143514_1,0.12797095,0.92510575,1
ENSG00000232537,0.24645527,0.0,1
ENSG00000171960,1.9044449,2.7005825,1
ENSG00000198837,2.297212,2.141732,1
ENSG00000118655,2.4687445,2.5604663,1
ENSG00000169962,0.4674105,0.0,1
ENSG00000152078,1.6150155,1.4101189,1
ENSG00000183888,0.33605593,0.0,1
ENSG00000168275_1,2.5251596,2.2056482,1
ENSG00000180875,0.7900879,0.0,1
ENSG00000142661_1,0.37004513,0.0,1
ENSG00000143437,2.2029333,2.1734195,1
ENSG00000143493,2.6823046,2.4881048,1
ENSG00000160049,2.1564448,0.0,1
ENSG00000130764,2.202476,2.5874302,1
ENSG00000143786_1,1.4482927,1.6896551,1
ENSG00000187010,0.2582847,0.0,1
ENSG00000162551,1.3981619,1.5975306,1
ENSG00000120370,2.246285,2.4617987,1
ENSG00000143621,2.1666448,0.0,1
ENSG00000121753,0.44615173,0.58971506,1
ENSG00000265491,2.4033926,2.833195,1
ENSG00000143222,1.8757073,3.0145876,1
ENSG00000134207_1,1.0271726,1.2607628,1
ENSG00000213047,2.039769,1.6130909,1
ENSG00000143224,1.9870627,1.838978,1
ENSG00000160678,0.39918154,0.6005852,1
ENSG00000143393,2.22576,2.4374192,1
ENSG00000159214_1,1.6024595,1.2552484,1
ENSG00000057252,2.1618218,2.951259,1
ENSG00000291129,1.0294489,1.6268226,1
ENSG00000227070,1.1809044,1.7011628,1
ENSG00000271723,0.2184305,0.0,1
ENSG00000185519,1.4832578,1.4166905,1
ENSG00000117676_2,1.8517675,0.0,1
ENSG00000235750_1,1.9275881,2.534937,1
ENSG00000143079,1.9580784,2.3286037,1
ENSG00000287808,2.15739,0.0,1
ENSG00000180667_1,1.2146039,0.0,1
ENSG00000159214,1.4364457,1.5132443,1
ENSG00000171680_5,1.5193806,1.2415042,1
ENSG00000143479,2.371566,1.9178782,1
ENSG00000042781,0.11049436,0.63816965,1
ENSG00000189171_1,2.4898274,3.1648405,1
ENSG00000143319,2.3807151,2.738366,1
ENSG00000173846,2.5247219,2.2667208,1
ENSG00000236963_1,0.30156988,0.86335856,1
ENSG00000231507,2.6283724,1.5560576,1
ENSG00000284668,0.43689382,0.70488805,1
ENSG00000285280,0.11228135,0.0,1
ENSG00000132855,0.14540637,0.0,1
ENSG00000230124,2.4649312,2.468628,1
ENSG00000230461_1,1.0154539,0.67585164,1
ENSG00000143190,2.294952,2.5049098,1
ENSG00000189339,2.5091598,2.0950997,1
ENSG00000023902,2.474264,2.688829,1
ENSG00000162496_2,0.3117138,0.7399993,1
ENSG00000184163,1.508533,1.2463754,1
ENSG00000198815_1,2.5064852,2.8209977,1
ENSG00000155367,1.9879124,1.260739,1
ENSG00000143278,0.10324441,0.0,1
ENSG00000143816,1.6518497,1.5891786,1
ENSG00000134256,0.5728728,0.0,1
ENSG00000160789_4,1.8883182,3.0029647,1
ENSG00000270882,2.5606327,3.733414,1
ENSG00000231666,0.23268215,0.0,1
ENSG00000126091_1,0.24074389,0.0,1
ENSG00000067208,0.1485051,0.0,1
ENSG00000213064,2.3611648,2.7868054,1
ENSG00000116704,2.1628788,1.9985427,1
ENSG00000162642,1.8336301,2.328149,1
ENSG00000162571_1,0.45172054,0.0,1
ENSG00000162623,1.8257484,2.9327426,1
ENSG00000117318,2.3272653,3.5266325,1
ENSG00000230798_1,1.5905802,1.3488382,1
ENSG00000233593_1,1.2193799,1.4563661,1
ENSG00000143416,0.4113778,0.0,1
ENSG00000081026_1,1.3583226,1.0656544,1
ENSG00000162396,2.1796844,0.0,1
ENSG00000160803,2.3233855,2.1557245,1
ENSG00000196418,0.10641901,0.0,1
ENSG00000236975,0.15861645,0.80716956,1
ENSG00000153187_4,2.5674608,3.0035036,1
ENSG00000185842,1.1561007,2.3393242,1
ENSG00000123684,2.2322962,2.4811988,1
ENSG00000171680,0.8753327,0.0,1
ENSG00000162757,2.1621325,1.7539529,1
ENSG00000233461,1.9199362,0.64794993,1
ENSG00000048707_1,0.56972307,0.0,1
ENSG00000143768,0.6142211,1.668521,1
ENSG00000163485,0.6825621,0.8433574,1
ENSG00000196352,2.5792701,2.7482114,1
ENSG00000271576,1.9674551,1.0929661,1
ENSG00000122180,0.68043154,0.0,1
ENSG00000173171,1.794831,1.396025,1
ENSG00000215808,0.24951057,0.0,1
ENSG00000116191,1.7597737,1.8536191,1
ENSG00000116288,2.4331934,3.096385,1
ENSG00000117280,1.2826822,2.5083008,1
ENSG00000054116,2.4592164,2.690699,1
ENSG00000142657_2,1.6171011,0.0,1
ENSG00000131236_1,2.598654,2.8637552,1
ENSG00000143570_1,2.3681226,1.8465846,1
ENSG00000252135,0.22732534,0.7502306,1
ENSG00000121940,2.3385563,2.5778134,1
ENSG00000137992,1.7686219,2.2677934,1
ENSG00000157870_1,1.547528,1.5030957,1
ENSG00000231252,0.20969222,0.3938734,1
ENSG00000131236,2.7286856,1.5669675,1
ENSG00000175984,1.4195447,0.77246106,1
ENSG00000143786,0.25288838,0.0,1
ENSG00000232679,0.6636397,0.0,1
ENSG00000282718,0.4585324,0.6478923,1
ENSG00000137965,1.0472199,3.319333,1
ENSG00000143164,2.4630444,2.7528012,1
ENSG00000203724,1.8659048,1.6022879,1
ENSG00000163467,2.2828324,0.0,1
ENSG00000159596,1.6748543,3.0242803,1
ENSG00000048707_3,0.23244183,0.0,1
ENSG00000117335,2.2934005,3.181512,1
ENSG00000278274,0.76321954,1.1783149,1
ENSG00000066136_2,1.4435536,0.0,1
ENSG00000130772,2.106593,0.0,1
ENSG00000143324,2.1703904,2.3833396,1
ENSG00000116273,2.2689636,2.153763,1
ENSG00000143507,0.48011643,0.0,1
ENSG00000224616,2.133577,1.2583115,1
ENSG00000153363,2.3172452,2.5497265,1
ENSG00000158481,0.3203169,1.8215135,1
ENSG00000162591,1.5162672,1.3966352,1
ENSG00000187583,0.9407534,1.2074647,1
ENSG00000162598,0.39541483,0.55932,1
ENSG00000048707,1.5689877,0.0,1
ENSG00000065183,2.0885859,2.5392218,1
ENSG00000235527,1.6188105,0.75281644,1
ENSG00000233290,0.11651443,0.0,1
ENSG00000116396,1.800945,1.7251681,1
ENSG00000158615,2.768363,2.8071568,1
ENSG00000066027_1,0.13202195,0.0,1
ENSG00000163534,0.24034168,0.0,1
ENSG00000174514,1.6053675,1.2722826,1
ENSG00000158793,2.350671,2.1180828,1
ENSG00000212916,2.1586978,1.9221387,1
ENSG00000174175,0.16602744,0.0,1
ENSG00000152382,2.4028654,2.3862562,1
ENSG00000230628,0.89797807,0.0,1
ENSG00000177628_1,0.5279029,2.0624766,1
ENSG00000286219,1.7521107,2.2373176,1
ENSG00000162545_1,0.7569815,1.2231584,1
ENSG00000146463,2.3024209,1.4890158,1
ENSG00000172456_2,2.0082505,1.3326,1
ENSG00000014914_2,0.50068325,0.0,1
ENSG00000116906,2.043373,2.9138985,1
ENSG00000142875_5,0.09844664,0.0,1
ENSG00000160767,0.4929065,1.0218092,1
ENSG00000300262,2.4891484,1.6004502,1
ENSG00000136643,1.8679193,2.3331912,1
ENSG00000162365,0.30130243,0.0,1
ENSG00000162763,0.30125833,0.63162637,1
ENSG00000173110,1.76513,0.0,1
ENSG00000177414,0.4416409,0.0,1
ENSG00000170989,1.8967588,1.689986,1
ENSG00000173660,1.6290545,0.0,1
ENSG00000181218,2.2490294,2.4421644,1
ENSG00000116584_4,0.79405457,0.0,1
ENSG00000127463,2.1359348,0.0,1
ENSG00000215866,1.0823933,1.0024685,1
ENSG00000143756,2.0844185,2.5825984,1
ENSG00000260088,2.3646998,2.2207355,1
ENSG00000284738,2.2222724,1.845749,1
ENSG00000285184,1.9337578,1.7985609,1
ENSG00000142623,0.293518,0.0,1
ENSG00000288867,0.22473623,0.0,1
ENSG00000228697,0.19489942,0.0,1
ENSG00000117154,1.4845927,1.7173376,1
ENSG00000137955_1,1.3035672,2.6396358,1
ENSG00000236719,0.36457688,0.0,1
ENSG00000049089_1,1.0976477,1.2020876,1
ENSG00000238142_1,0.5226794,0.7425759,1
ENSG00000130940,1.4432912,1.5193028,1
ENSG00000162438,0.31207144,0.0,1
ENSG00000184588_3,0.23789357,0.0,1
ENSG00000162415,1.6427627,1.380356,1
ENSG00000117122_1,1.2571357,1.1491082,1
ENSG00000156171,1.2725061,2.5639472,1
ENSG00000158008,0.5769715,0.9368152,1
ENSG00000117475,1.6339722,2.351835,1
ENSG00000228971,0.16593361,0.0,1
ENSG00000177674,1.4350513,1.7849886,1
ENSG00000197520_1,0.18153991,0.0,1
ENSG00000083444,2.1054585,2.3708608,1
ENSG00000163206,0.15368007,0.0,1
ENSG00000171357,1.1173012,0.9716469,1
ENSG00000135750_1,0.22124751,0.0,1
ENSG00000158748,1.6409323,1.5192293,1
ENSG00000171612,2.3746397,2.406506,1
ENSG00000099260,0.5291195,0.0,1
ENSG00000162670,0.23371138,0.0,1
ENSG00000067606_2,0.42020696,0.8224296,1
ENSG00000162745_2,1.3125081,1.413903,1
ENSG00000162909,0.2746477,0.0,1
ENSG00000136628,2.3479488,3.3037682,1
ENSG00000287033,2.2214,0.0,1
ENSG00000143036_1,1.2936171,0.0,1
ENSG00000188295,1.9803843,1.9872845,1
ENSG00000151414,2.2431514,2.7609122,1
ENSG00000158710,1.7861505,1.0494196,1
ENSG00000035687,2.5485642,2.9707508,1
ENSG00000243725,1.6713384,2.7086995,1
ENSG00000084070_1,2.1693735,3.1704142,1
ENSG00000162729,2.1360154,2.3904953,1
ENSG00000120334_1,2.3039978,2.9142585,1
ENSG00000233203,2.3204901,3.1328325,1
ENSG00000293505,1.8331404,0.0,1
ENSG00000239887,0.18361284,0.0,1
ENSG00000057757,2.3543367,2.6192853,1
ENSG00000186603,2.033972,2.1789596,1
ENSG00000134668_1,0.44209725,0.0,1
ENSG00000160714,2.6014702,2.445682,1
ENSG00000116478,2.2665265,3.1298027,1
ENSG00000134262,2.3859375,2.0238407,1
ENSG00000084652_1,2.3713129,2.49545,1
ENSG00000207181,0.69333184,0.0,1
ENSG00000143106,2.403905,3.3466816,1
ENSG00000054523,2.3015044,2.2401671,1
ENSG00000116353,1.901777,2.482675,1
ENSG00000287684,0.6108145,1.001041,1
ENSG00000172456,2.3088396,2.0222633,1
ENSG00000085831_1,1.3544811,0.0,1
ENSG00000116874,0.2654823,0.0,1
ENSG00000117724,1.9744024,3.1278722,1
ENSG00000185966,0.1435182,0.0,1
ENSG00000116459,1.9044774,2.7433412,1
ENSG00000182004,2.0515397,3.5859118,1
ENSG00000117791,1.4018828,1.6268123,1
ENSG00000179456,0.39398652,0.0,1
ENSG00000116701,2.1158652,3.3167899,1
ENSG00000116783,0.16120525,0.0,1
ENSG00000117226,0.5337534,1.722206,1
ENSG00000134259,1.134588,1.3494252,1
ENSG00000235782,0.10419886,0.0,1
ENSG00000163191,0.8962857,0.0,1
ENSG00000162434,2.2567842,2.5316067,1
ENSG00000237980,1.0107286,1.0245677,1
ENSG00000132694,2.04306,2.0536776,1
ENSG00000131686,0.39696795,0.0,1
ENSG00000162747,0.33348835,0.78197783,1
ENSG00000265961,0.19466136,0.0,1
ENSG00000066185_1,1.9084866,1.3450207,1
ENSG00000277610,1.599819,0.0,1
ENSG00000236069,1.3943347,1.6301328,1
ENSG00000198492,2.1254165,3.0996876,1
ENSG00000143294,2.4008086,2.969374,1
ENSG00000142661,0.5143769,0.0,1
ENSG00000224259,0.1893303,0.0,1
ENSG00000094963,0.1513973,0.0,1
ENSG00000198691,0.09403856,0.0,1
ENSG00000079277,1.9292724,0.0,1
ENSG00000143337_3,2.5689542,1.3783925,1
ENSG00000078900_1,0.4873191,0.8824107,1
ENSG00000159479,2.327243,2.6366293,1
ENSG00000143546,0.18579845,0.0,1
ENSG00000171492_1,1.6502051,1.1630002,1
ENSG00000156875,2.3918564,2.8393824,1
ENSG00000213085,0.7152602,0.70212024,1
ENSG00000142945_1,0.38611174,0.0,1
ENSG00000186007_1,0.58919847,0.0,1
ENSG00000121753_1,1.7768117,1.8632932,1
ENSG00000158816,0.4230731,0.0,1
ENSG00000215704,0.13589884,0.0,1
ENSG00000143450,0.8190316,1.1570032,1
ENSG00000143624_1,0.3197676,1.0163814,1
ENSG00000182004_1,1.7305282,1.5821543,1
ENSG00000134198,1.4403768,1.2040114,1
ENSG00000137947,2.0643442,3.0050046,1
ENSG00000233482,0.13052917,0.0,1
ENSG00000120341,0.23444502,0.0,1
ENSG00000154380_1,1.6169631,1.3700614,1
ENSG00000135747,1.7009822,1.9024429,1
ENSG00000186207,0.13593031,0.0,1
ENSG00000228526_1,1.088804,0.0,1
ENSG00000187801_1,2.2513468,0.9368152,1
ENSG00000142973_1,0.18060155,0.0,1
ENSG00000188931,0.3281663,0.5513524,1
ENSG00000023572_1,0.24029775,0.0,1
ENSG00000286172,1.6067773,2.380441,1
ENSG00000054392_3,0.1356382,0.0,1
ENSG00000197852,1.687245,1.8182985,1
ENSG00000047410_1,2.310238,2.1167405,1
ENSG00000196189_1,1.1267508,0.97160053,1
ENSG00000121446,0.15854396,0.0,1
ENSG00000081692,2.2730513,0.0,1
ENSG00000162825,1.8624929,0.0,1
ENSG00000230138,0.91618115,0.0,1
ENSG00000260971,0.13305528,0.0,1
ENSG00000187634_2,1.610111,1.0494312,1
ENSG00000097021_2,2.2911143,2.7547488,1
ENSG00000291068,2.462916,1.9559474,1
ENSG00000196187_1,0.3794815,0.0,1
ENSG00000143761_2,0.3207602,0.0,1
ENSG00000116793,2.3376396,1.3045552,1
ENSG00000143771,1.5203493,2.6070774,1
ENSG00000198841,1.9028748,2.5035114,1
ENSG00000186409,1.4788119,0.0,1
ENSG00000282849,0.43019754,0.0,1
ENSG00000162604,1.7577043,2.612771,1
ENSG00000157978,1.8509388,2.308639,1
ENSG00000187180,0.1960061,0.0,1
ENSG00000162836_1,1.1374899,1.3325273,1
ENSG00000171793,2.3762639,2.9075403,1
ENSG00000127603_2,1.5416738,2.5661192,1
ENSG00000223956,0.109898835,0.0,1
ENSG00000227533,1.8652471,0.0,1
ENSG00000133059_1,2.033504,1.8480042,1
ENSG00000162490,1.687036,1.2488312,1
ENSG00000162551_1,0.15178847,0.7076553,1
ENSG00000132681_1,0.27604252,0.0,1
ENSG00000163564,0.18576857,0.0,1
ENSG00000163866,2.034951,0.0,1
ENSG00000273004,2.6342204,1.481987,1
ENSG00000186827,0.6557046,2.0231743,1
ENSG00000142686,2.1719801,2.0684717,1
ENSG00000185483,1.2077334,1.3443923,1
ENSG00000237491,2.532032,1.8708485,1
ENSG00000197530_1,2.403939,1.3919402,1
ENSG00000001460,1.0492035,1.4184008,1
ENSG00000162430,1.7445161,1.5476542,1
ENSG00000197780,1.9301966,2.8179445,1
ENSG00000178104_2,0.41471648,0.0,1
ENSG00000137944,2.1873498,1.8375254,1
ENSG00000149527,0.7819682,0.9060925,1
ENSG00000173409,2.0218508,0.0,1
ENSG00000274210,2.8237898,3.1989264,1
ENSG00000181773,1.6990924,1.5114743,1
ENSG00000143552,0.5832417,0.0,1
ENSG00000158874_1,0.48454684,1.2206049,1
ENSG00000230937,0.25070733,2.436282,1
ENSG00000067606_3,0.35335648,0.0,1
ENSG00000198483,0.6884408,0.0,1
ENSG00000143393_1,2.1553307,2.5734982,1
ENSG00000224968,0.31615102,0.86136115,1
ENSG00000171812,1.5350232,0.0,1
ENSG00000133216,1.7181423,1.884053,1
ENSG00000168653,2.2644522,3.6784976,1
ENSG00000116703,0.16231138,0.0,1
ENSG00000163348,2.5999372,2.6190233,1
ENSG00000143257_1,0.23052059,0.0,1
ENSG00000269934,1.1071253,0.8071425,1
ENSG00000183615,0.31613213,0.0,1
ENSG00000117691,1.9808753,2.4653025,1
ENSG00000117592,2.48229,3.265596,1
ENSG00000284882,2.1416993,2.5763068,1
ENSG00000284719,1.5592759,0.0,1
ENSG00000184371,1.2321295,2.3030448,1
ENSG00000163472,2.3537407,1.5516342,1
ENSG00000159658,2.474807,2.6299586,1
ENSG00000132688,0.74706525,1.1867586,1
ENSG00000134253,1.7231355,1.3266021,1
ENSG00000163220,0.30324155,0.0,1
ENSG00000069248,2.1016953,2.683708,1
ENSG00000143248,0.20431723,0.0,1
ENSG00000143119_1,1.7589477,3.1615837,1
ENSG00000174307,2.208802,2.1232145,1
ENSG00000198815_2,0.9642692,0.9545802,1
ENSG00000188739,2.3654783,2.7828379,1
ENSG00000143257,0.3479932,0.0,1
ENSG00000203786,0.09539522,0.0,1
ENSG00000189266,2.9067547,3.0614676,1
ENSG00000227043,0.15521191,0.0,1
ENSG00000155366,2.1147387,0.0,1
ENSG00000116678,1.4968706,0.9716469,1
ENSG00000016490,0.11210066,0.0,1
ENSG00000162433_1,1.9307225,1.9880285,1
ENSG00000174606_1,2.0034804,2.412679,1
ENSG00000221986,0.45637476,0.0,1
ENSG00000143315,1.4206071,2.09072,1
ENSG00000174332,0.14058986,0.0,1
ENSG00000197429,2.5300014,1.9100852,1
ENSG00000253304,0.8749754,0.94657016,1
ENSG00000133056,2.3387153,2.5034912,1
ENSG00000202027,0.2837829,0.0,1
ENSG00000248485,1.4203236,1.6068648,1
ENSG00000116750,2.5157719,2.961849,1
ENSG00000137968,0.06730467,0.0,1
ENSG00000143228,2.193701,2.9369025,1
ENSG00000143365,0.42950588,0.7399756,1
ENSG00000154027_3,1.1364645,0.0,1
ENSG00000171161,2.4894204,2.5978706,1
ENSG00000143303_1,2.2077887,1.2110671,1
ENSG00000117676_1,1.5346769,1.3031528,1
ENSG00000132676_1,1.9413161,3.0551107,1
ENSG00000117479,2.2468245,2.0131617,1
ENSG00000234754,0.1568905,0.0,1
ENSG00000078618_2,2.6703646,2.8462567,1
ENSG00000143624,2.5410287,2.8077028,1
ENSG00000228192,1.72139,1.8268778,1
ENSG00000143498,1.538568,2.329644,1
ENSG00000178395,0.97123116,0.96085113,1
ENSG00000116774,0.38106632,0.0,1
ENSG00000225675,1.9835715,1.4410506,1
ENSG00000121310_1,1.1020085,1.6651024,1
ENSG00000116754,2.3142774,2.82122,1
ENSG00000156869_1,1.0864626,0.0,1
ENSG00000162526,0.5974622,0.75024605,1
ENSG00000143365_1,0.46987706,0.0,1
ENSG00000119535,0.3074441,0.0,1
ENSG00000232671,2.7726393,1.3663296,1
ENSG00000282881,0.17920314,0.42709643,1
ENSG00000117408,2.3580196,2.3300524,1
ENSG00000060642_1,2.806493,1.7344158,1
ENSG00000158786,0.25863266,0.0,1
ENSG00000074800_2,2.650338,4.4529743,1
ENSG00000183317,0.8792028,1.2851295,1
ENSG00000117118,0.40235794,0.0,1
ENSG00000143622_1,2.0370371,2.2213542,1
ENSG00000181656,0.24344288,0.0,1
ENSG00000173673,0.30800498,0.0,1
ENSG00000185499,0.69277054,0.0,1
ENSG00000162813,1.2885145,0.0,1
ENSG00000185860,0.15388294,0.0,1
ENSG00000007923,2.1828263,2.7432353,1
ENSG00000143217,0.7199543,0.0,1
ENSG00000286389,1.2928661,0.9761206,1
ENSG00000228606,0.94267386,1.3023525,1
ENSG00000203705,2.3266037,2.5443497,1
ENSG00000162873_1,0.4247892,0.7321363,1
ENSG00000277344,0.44682437,0.0,1
ENSG00000237463,0.09413643,0.0,1
ENSG00000233008,0.22722815,0.0,1
ENSG00000184330,0.1329814,0.0,1
ENSG00000011021,2.2897952,2.0253305,1
ENSG00000162522,1.6908334,1.323314,1
ENSG00000117528,2.188212,2.601295,1
ENSG00000169224_1,0.20932661,0.0,1
ENSG00000127124_3,2.1403139,2.058183,1
ENSG00000050628,1.1684749,1.373096,1
ENSG00000162692,0.343962,0.0,1
ENSG00000076864_2,1.5594904,1.611075,1
ENSG00000162676,0.90706927,1.9313053,1
ENSG00000117481,2.0634973,2.363311,1
ENSG00000187223,0.1885092,0.0,1
ENSG00000183520,1.9690776,3.064368,1
ENSG00000293477,1.1029196,0.0,1
ENSG00000287587,1.8417842,1.078906,1
ENSG00000162595,0.59482455,1.0765203,1
ENSG00000177301,0.23926155,0.0,1
ENSG00000162714,2.2657127,2.022222,1
ENSG00000188092,2.0169656,2.6620255,1
ENSG00000143761_1,2.377935,1.290969,1
ENSG00000163141,0.1797202,0.0,1
ENSG00000143578_1,1.834835,0.0,1
ENSG00000160097,1.6969662,1.578536,1
ENSG00000202031,0.4853685,1.5291479,1
ENSG00000162910,2.0629141,2.5459685,1
ENSG00000116824,0.13475347,0.0,1
ENSG00000116885,1.9883001,0.0,1
ENSG00000116752,1.8734956,3.0675023,1
ENSG00000075945,2.2837932,3.1910455,1
ENSG00000163218,0.23717673,0.6818741,1
ENSG00000234546,2.1298997,2.2907023,1
ENSG00000143515,1.7693801,1.8559914,1
ENSG00000186510,0.47050697,0.0,1
ENSG00000143590,1.4049022,1.8367734,1
ENSG00000116171,1.3825507,1.7946972,1
ENSG00000131781_2,2.266365,2.6291015,1
ENSG00000143847,1.5496392,1.9408699,1
ENSG00000142657_1,1.9665506,1.1356541,1
ENSG00000160685_1,1.5206149,1.3832767,1
ENSG00000117525,1.4531809,1.1510326,1
ENSG00000076356,1.6347147,1.4527521,1
ENSG00000160818,1.7496336,0.0,1
ENSG00000118197,2.537879,2.2799177,1
ENSG00000156876,2.0474873,2.679417,1
ENSG00000009709_1,1.097085,0.8652935,1
ENSG00000116459_1,2.2346928,3.5720568,1
ENSG00000116574,1.5516431,1.4117038,1
ENSG00000117625_1,2.0946524,1.1570244,1
ENSG00000185090,1.6224642,2.0045793,1
ENSG00000060642,2.6649992,1.5219092,1
ENSG00000163216,0.07880364,0.0,1
ENSG00000116205,2.3515453,2.3582356,1
ENSG00000116670,2.0646212,2.225348,1
ENSG00000133059,2.1708124,1.674264,1
ENSG00000162777,2.4606452,2.9370463,1
ENSG00000186063_1,1.7248698,0.0,1
ENSG00000085465,0.3436206,0.0,1
ENSG00000117411_1,1.2703669,1.2753482,1
ENSG00000178821,1.6588244,1.5052856,1
ENSG00000177301_1,1.1258373,0.0,1
ENSG00000131781_1,0.6022363,1.1377338,1
ENSG00000163468_1,2.0322347,3.7028673,1
ENSG00000133069,1.5499194,1.4671491,1
ENSG00000135838,1.5580717,0.0,1
ENSG00000157060,1.421036,1.2544272,1
ENSG00000198815,2.4323015,1.1142772,1
ENSG00000291132,0.92162853,1.2197417,1
ENSG00000213625,2.4226809,2.3214328,1
ENSG00000160785,2.031461,2.572932,1
ENSG00000008130,2.3667762,2.0934882,1
ENSG00000067704,2.1479504,2.9384112,1
ENSG00000186517,2.4331818,2.4862235,1
ENSG00000116288_1,2.4387221,1.2894998,1
ENSG00000197568,2.2986321,2.1178775,1
ENSG00000229953,1.5779366,2.5567644,1
ENSG00000162368,2.4215405,2.7607315,1
ENSG00000180287_1,1.6189654,1.4981037,1
ENSG00000236546,0.40343928,0.0,1
ENSG00000117020_3,1.386242,1.0232112,1
ENSG00000174502,0.3194201,1.0150453,1
ENSG00000117395,1.9655688,3.229999,1
ENSG00000132763,2.0068512,0.0,1
ENSG00000143185,0.1295815,3.9153345,1
ENSG00000162873_2,0.3672496,0.0,1
ENSG00000203965,2.2325883,2.3145204,1
ENSG00000143819_1,0.32713658,0.0,1
ENSG00000183598,2.0736728,3.6603446,1
ENSG00000143127,0.24918441,0.0,1
ENSG00000143409,0.93662685,0.0,1
ENSG00000116580,1.8230238,2.4530935,1
ENSG00000162592,0.3381375,0.0,1
ENSG00000116670_1,1.6519412,1.4038923,1
ENSG00000268043,2.0239432,2.0617917,1
ENSG00000143479_1,2.2005084,0.0,1
ENSG00000160055,2.0834608,1.6724396,1
ENSG00000153207,2.4066525,2.6136453,1
ENSG00000231605,0.33827168,0.0,1
ENSG00000070759,2.0672176,2.3017027,1
ENSG00000143457,1.2632536,2.5204115,1
ENSG00000224977,2.2472684,0.0,1
ENSG00000162460,0.40056616,0.0,1
ENSG00000171806,2.0988295,2.1855054,1
ENSG00000280670,1.9300624,0.0,1
ENSG00000143153_2,0.33200705,0.0,1
ENSG00000143409_2,1.5720166,0.68181086,1
ENSG00000163221,0.1556582,0.0,1
ENSG00000143761,2.6160948,3.47242,1
ENSG00000162733,0.3736031,0.0,1
ENSG00000092847,0.2988853,0.0,1
ENSG00000143418_1,2.2762213,1.3719356,1
ENSG00000169717,0.28179896,0.0,1
ENSG00000187017_2,0.5842583,1.155014,1
ENSG00000158315,0.58326375,0.0,1
ENSG00000116584,0.5840586,0.0,1
ENSG00000143469_1,1.603484,1.285062,1
ENSG00000213057,1.9303633,1.1580005,1
ENSG00000183155,2.4678662,2.5343091,1
ENSG00000142621_1,1.2415376,0.75277036,1
ENSG00000176393,2.0401533,2.5899272,1
ENSG00000143578,2.3835824,2.0046651,1
ENSG00000116977,1.5315027,2.7782228,1
ENSG00000227181,0.14702173,0.0,1
ENSG00000204160_1,0.71399236,1.3918874,1
ENSG00000175137,2.2796252,1.4044368,1
ENSG00000188004,1.488213,0.0,1
ENSG00000143815,2.4007313,3.0412347,1
ENSG00000155761,0.35017294,0.0,1
ENSG00000117395_1,0.11890198,0.0,1
ENSG00000143355_1,0.57416564,0.0,1
ENSG00000134369_3,0.378527,0.0,1
ENSG00000273694,0.11075018,0.0,1
ENSG00000152763_1,2.3172138,0.0,1
ENSG00000116521,1.5178043,1.0259078,1
ENSG00000117682,1.7886899,2.047045,1
ENSG00000153187_1,0.52304304,0.0,1
ENSG00000132128_1,1.8175972,2.525063,1
ENSG00000196660_1,1.1025757,1.1031878,1
ENSG00000173218,1.7620885,1.8426716,1
ENSG00000185630_1,0.3700289,0.0,1
ENSG00000184588,1.3030187,1.523187,1
ENSG00000184588_2,0.11995733,0.0,1
ENSG00000131779,2.186857,2.6325555,1
ENSG00000116396_1,1.3632939,1.4291626,1
ENSG00000162618_2,0.07109596,0.0,1
ENSG00000286391,1.0322304,0.5180662,1
ENSG00000074800_1,2.1260726,0.0,1
ENSG00000169218,1.3988515,1.1894903,1
ENSG00000286619,1.4598982,1.47201,1
ENSG00000290842,2.0585473,1.5149195,1
ENSG00000162374_2,0.3272038,0.72419393,1
ENSG00000200169,2.02365,2.054701,1
ENSG00000116157,1.8636737,1.7455978,1
ENSG00000143742,2.4338946,3.5264375,1
ENSG00000229344,1.9679523,3.9164224,1
ENSG00000131910,0.81889397,0.0,1
ENSG00000028137,2.144963,3.3581767,1
ENSG00000162739,1.180814,2.9052534,1
ENSG00000181873,2.661047,2.0706363,1
ENSG00000243364,1.4347731,2.2154896,1
ENSG00000116761,1.9938824,2.2642794,1
ENSG00000067334,1.7514954,2.6503289,1
ENSG00000285041,0.0670569,0.678846,1
ENSG00000162676_2,1.3327552,1.9909158,1
ENSG00000162896_1,0.33048075,0.0,1
ENSG00000168243_1,0.49169385,0.8392266,1
ENSG00000174021,2.0372417,2.6349406,1
ENSG00000223745,2.570389,2.3663595,1
ENSG00000163239_1,1.2856363,0.0,1
ENSG00000116183_1,0.09012084,0.0,1
ENSG00000143367,1.6830717,1.2496141,1
ENSG00000158887_1,0.32864708,1.4879793,1
ENSG00000162771,0.16633998,0.0,1
ENSG00000142599,1.5587213,2.2135708,1
ENSG00000160679,2.4135444,3.1503541,1
ENSG00000285728,1.8775997,0.0,1
ENSG00000184144,0.67505443,1.4295585,1
ENSG00000073756,0.6985743,1.5712312,1
ENSG00000066136,2.5741923,2.932286,1
ENSG00000143473,1.3300879,0.99677426,1
ENSG00000142700,1.2326834,1.3101813,1
ENSG00000134716,0.92964023,0.0,1
ENSG00000131238,1.5477657,2.8998358,1
ENSG00000181450,1.9451141,2.2023385,1
ENSG00000259030,1.541755,2.3636703,1
ENSG00000117859_1,2.3984325,2.84367,1
ENSG00000142632_2,0.3358351,0.0,1
ENSG00000069812,1.536691,1.2745734,1
ENSG00000143322,0.14588387,0.0,1
ENSG00000175707,1.2770913,1.3299468,1
ENSG00000252826,0.43022287,0.73212826,1
ENSG00000160691_2,0.975004,1.6410873,1
ENSG00000142657,2.2420309,3.119945,1
ENSG00000203943,0.40476388,0.0,1
ENSG00000163159,2.1560428,2.4270866,1
ENSG00000152904,2.195712,2.471966,1
ENSG00000154429,2.050245,2.1678548,1
ENSG00000052723,2.10127,2.9333618,1
ENSG00000116991,1.7969202,1.4284264,1
ENSG00000203730,0.14331381,0.0,1
ENSG00000162892,0.3142395,0.0,1
ENSG00000116981,1.312764,1.465704,1
ENSG00000117600,0.8554129,1.4395679,1
ENSG00000171603,1.9945779,3.019216,1
ENSG00000219481,2.0241067,1.6138735,1
ENSG00000169641,1.0957276,2.4298153,1
ENSG00000230489,0.49230248,1.0066799,1
ENSG00000159409,0.68849087,1.1357018,1
ENSG00000163554,0.05654183,0.0,1
ENSG00000162444,1.2938114,1.1764386,1
ENSG00000158473,0.6023452,1.6277856,1
ENSG00000143337_4,1.005844,0.0,1
ENSG00000036549,0.16318181,0.0,1
ENSG00000142945,2.2293477,3.0206761,1
ENSG00000197721,1.0175887,1.0894458,1
ENSG00000168264_1,2.356921,2.2081456,1
ENSG00000160710_2,2.2488945,0.8989116,1
ENSG00000177000_2,2.3787363,1.8597505,1
ENSG00000265241,2.4754148,3.0358257,1
ENSG00000086619,2.4984257,2.6061566,1
ENSG00000142864,2.6444206,3.8623426,1
ENSG00000134686_1,1.6623688,1.4636691,1
ENSG00000198765,0.4657734,0.9561204,1
ENSG00000162676_1,1.8377193,2.299747,1
ENSG00000126070,2.478861,2.4328122,1
ENSG00000134242,1.369714,2.6933486,1
ENSG00000142798_1,1.7619816,2.1941507,1
ENSG00000143162,2.0995548,2.542458,1
ENSG00000121769,0.6437546,0.0,1
ENSG00000162670_1,0.12910312,0.0,1
ENSG00000153936,2.6659412,2.3597975,1
ENSG00000186141,2.3579237,2.7768986,1
ENSG00000188672_1,1.9362597,1.3603017,1
ENSG00000288825,2.7175741,3.8223243,1
ENSG00000287396,0.22061454,0.0,1
ENSG00000142627,1.3042403,1.2240822,1
ENSG00000171729_1,1.6852372,2.066773,1
ENSG00000152763,0.1316336,0.0,1
ENSG00000159516,0.09034024,0.0,1
ENSG00000132718,1.5043446,2.4315455,1
ENSG00000270276,2.644954,3.3913746,1
ENSG00000143013_1,2.070321,1.2723151,1
ENSG00000186364,1.8808099,1.4205333,1
ENSG00000235942,0.21566652,0.0,1
ENSG00000117650,1.968653,2.6254802,1
ENSG00000228044,0.28747416,0.0,1
ENSG00000178965,1.0580635,1.1387635,1
ENSG00000290867_1,2.0564234,1.6790279,1
ENSG00000121775,2.4322555,2.437657,1
ENSG00000053372,2.336457,2.3059316,1
ENSG00000074800,0.41124588,1.6535888,1
ENSG00000064886,0.50213104,0.0,1
ENSG00000142798,0.19952534,0.5180926,1
ENSG00000178828,0.50796384,0.7104643,1
ENSG00000127483_1,2.403773,2.383803,1
ENSG00000186063,2.2580574,2.5148225,1
ENSG00000224459,0.26975113,0.0,1
ENSG00000234476,0.32245356,0.0,1
ENSG00000230426,0.7118425,0.0,1
ENSG00000286106,1.7939286,1.4117712,1
ENSG00000143851_2,0.87056243,1.5350155,1
ENSG00000186891,0.8286964,1.9023075,1
ENSG00000197959,1.6812627,1.5034775,1
ENSG00000123836,0.1058972,0.0,1
ENSG00000203963,0.5686547,0.715995,1
ENSG00000143839,0.3545854,0.0,1
ENSG00000079335_1,2.1439152,2.1197968,1
ENSG00000118473,0.50656205,0.0,1
ENSG00000134245,1.6374953,1.005262,1
ENSG00000126091,2.5391524,2.172016,1
ENSG00000117115,0.2649225,0.0,1
ENSG00000277918,2.0627096,2.8575628,1
ENSG00000149527_1,0.47114486,0.0,1
ENSG00000117245_1,1.595845,1.3960074,1
ENSG00000159023,1.5508835,2.7494695,1
ENSG00000171735,2.266991,1.8829285,1
ENSG00000196890,1.7064204,2.553378,1
ENSG00000197982,2.229881,2.4505877,1
ENSG00000126067,1.9996278,0.0,1
ENSG00000143631,0.07741813,0.43239197,1
ENSG00000187017_1,1.2326689,1.334494,1
ENSG00000177628_2,2.2588735,0.0,1
ENSG00000135835,1.8071115,1.5158473,1
ENSG00000226758,0.16181657,0.0,1
ENSG00000273002,1.6163965,1.9567398,1
ENSG00000163041_1,1.8386843,1.351487,1
ENSG00000116871_1,2.548959,2.3509765,1
ENSG00000162645,0.4317702,1.7474234,1
ENSG00000163399,2.2957811,3.2527585,1
ENSG00000158874,0.33164656,1.1142439,1
ENSG00000049249,0.22167061,0.0,1
ENSG00000174514_2,1.4749038,2.211094,1
ENSG00000180667,1.2435982,2.0492568,1
ENSG00000007908,0.18314706,0.0,1
ENSG00000143799,0.29049897,0.0,1
ENSG00000174574,2.364933,2.9102812,1
ENSG00000070785,1.6461736,0.0,1
ENSG00000137936_2,1.7943826,2.0462103,1
ENSG00000188859,1.8336039,2.2659023,1
ENSG00000066185,1.5244062,0.0,1
ENSG00000143183,2.0670483,3.129764,1
ENSG00000054392,0.26916283,0.0,1
ENSG00000121905_1,1.3053681,1.0656544,1
ENSG00000132906_1,2.3737764,2.1248596,1
ENSG00000143458,2.2785897,1.8702283,1
ENSG00000204160,2.2545595,3.1107445,1
ENSG00000009780,2.4349134,1.6966271,1
ENSG00000232265_1,0.27546686,0.0,1
ENSG00000287445,1.6815261,1.0717385,1
ENSG00000215853,0.16234605,0.0,1
ENSG00000189409,0.95549744,0.0,1
ENSG00000117322,1.4364438,1.3982526,1
ENSG00000228436,2.0852273,0.0,1
ENSG00000169213,1.5340934,0.9267539,1
ENSG00000057468,0.75312096,1.339193,1
ENSG00000175262,0.28315383,0.0,1
ENSG00000197747,0.22598962,0.0,1
ENSG00000233079_2,0.11879285,0.53921413,1
ENSG00000060656_1,0.5957725,0.0,1
ENSG00000240038,0.17889683,0.0,1
ENSG00000117308_1,2.2151773,2.2125604,1
ENSG00000164008,2.184443,2.1006668,1
ENSG00000137959,1.7660568,3.6577163,1
ENSG00000117400,0.24050604,0.0,1
ENSG00000203811,2.5082874,3.0841758,1
ENSG00000131591,1.9017872,1.8474,1
ENSG00000163462_1,0.7487666,0.9384697,1
ENSG00000127483,0.14943586,1.9647055,1
ENSG00000135837,2.5749075,2.5089066,1
ENSG00000188786,1.7437537,2.042284,1
ENSG00000207205,2.381334,2.8987975,1
ENSG00000207340,0.5736266,0.0,1
ENSG00000213047_2,1.2764208,1.5114822,1
ENSG00000162923_1,0.18661158,0.0,1
ENSG00000244094,0.04766901,0.0,1
ENSG00000117122,0.30023444,0.6636538,1
ENSG00000285554,2.1774786,2.385474,1
ENSG00000286600,0.23059143,0.0,1
ENSG00000116406,2.3995926,2.233359,1
ENSG00000126088,1.1293089,0.0,1
ENSG00000230424_1,2.6036527,0.0,1
ENSG00000078618,0.11575371,1.7517439,1
ENSG00000171517,1.4551226,1.0594498,1
ENSG00000116871,2.4392288,2.8908064,1
ENSG00000107404,2.1431649,1.9770099,1
ENSG00000135763,2.31455,2.094062,1
ENSG00000162923,2.112378,2.9410243,1
ENSG00000232093,1.9087567,1.3589243,1
ENSG00000181817,2.2258666,2.3698168,1
ENSG00000069424_1,2.0610728,3.0223749,1
ENSG00000154309_1,0.22519575,0.0,1
ENSG00000204138,2.1073194,2.2486057,1
ENSG00000202056,0.5131194,0.0,1
ENSG00000163468,0.24280559,0.0,1
ENSG00000134717,2.4971132,3.0656283,1
ENSG00000168710,2.3263865,2.7881117,1
ENSG00000240409,1.9283036,4.2366633,1
ENSG00000116688,2.1947873,2.8368871,1
ENSG00000176092,0.37286532,0.0,1
ENSG00000223382,0.3972811,0.0,1
ENSG00000188643_1,0.4567079,0.9113228,1
ENSG00000117054_2,2.3013825,3.2250843,1
ENSG00000162735_1,1.5757654,2.62893,1
ENSG00000084070,0.3706873,0.0,1
ENSG00000204138_1,0.5113387,0.0,1
ENSG00000134697,2.033089,2.9414582,1
ENSG00000230461,0.3050291,0.0,1
ENSG00000228309,0.10882965,0.0,1
ENSG00000117010,1.7733092,1.945237,1
ENSG00000143126,1.5617582,1.4072549,1
ENSG00000143155,2.2541227,1.824939,1
ENSG00000162437,1.6049645,1.6500452,1
ENSG00000291158,0.4527672,0.0,1
ENSG00000171722,0.1272354,0.0,1
ENSG00000198160_1,2.4054673,2.5351372,1
ENSG00000291157,0.19569288,0.0,1
ENSG00000121486,2.2883284,2.2896068,1
ENSG00000162873,0.39393055,0.0,1
ENSG00000120332,0.35159135,0.0,1
ENSG00000171385,0.6951479,0.0,1
ENSG00000269113,1.5972006,1.156034,1
ENSG00000249087,2.2060304,1.359642,1
ENSG00000197245,0.17889895,0.0,1
ENSG00000231999,2.1767728,1.9245894,1
ENSG00000231163,0.11144404,0.0,1
ENSG00000116791_1,1.861237,3.202916,1
ENSG00000142669,2.38949,0.0,1
ENSG00000020129,2.2223637,2.3779416,1
ENSG00000117305,1.9785886,0.0,1
ENSG00000187147,0.8332853,2.0575633,1
ENSG00000201317,0.173075,4.3497515,1
ENSG00000286071_1,0.16250256,0.0,1
ENSG00000284693,1.6536907,0.0,1
ENSG00000291158_1,2.0710983,2.4979932,1
ENSG00000142609,0.5139816,0.0,1
ENSG00000132185,1.5927571,2.8650613,1
ENSG00000143363,1.7056594,0.0,1
ENSG00000196754,0.3961709,0.0,1
ENSG00000221040,0.3875633,0.0,1
ENSG00000201801,1.4937054,2.8608391,1
ENSG00000226251,2.3982625,1.3966004,1
ENSG00000244020,0.3479004,0.9113281,1
ENSG00000076864,1.5817499,1.0729077,1
ENSG00000227066,0.31003857,0.0,1
ENSG00000078369,2.2736428,1.9102187,1
ENSG00000143653,1.9765708,2.340666,1
ENSG00000187513,1.0764903,0.92510575,1
ENSG00000142871,1.2567194,1.3583156,1
ENSG00000118194_2,0.3772143,0.0,1
ENSG00000143158,2.5708,2.8129294,1
ENSG00000285629,0.29379338,0.0,1
ENSG00000272031,2.0078516,1.4582449,1
ENSG00000162687,0.36772794,0.0,1
ENSG00000232265,0.94225234,1.0204815,1
ENSG00000143207,2.4408119,2.463333,1
ENSG00000118733,0.22781564,0.0,1
ENSG00000143418,0.569576,0.0,1
ENSG00000143627_1,0.29596573,0.0,1
ENSG00000077522,1.6249529,1.3826113,1
ENSG00000121957_1,2.0883663,1.3989291,1
ENSG00000238287,1.8325772,0.0,1
ENSG00000197323,2.557699,2.7900176,1
ENSG00000241563,0.5134023,0.92683613,1
ENSG00000163202,0.21039514,0.0,1
ENSG00000187048,0.29131418,0.0,1
ENSG00000163362,0.49502212,0.0,1
ENSG00000171819,0.3190124,0.0,1
ENSG00000189410,0.8843839,1.1020218,1
ENSG00000162419,2.6013987,2.2378705,1
ENSG00000162366,0.5545203,1.2291185,1
ENSG00000116830,2.4329505,2.7618835,1
ENSG00000134215_1,1.8365052,1.9230107,1
ENSG00000132781_1,2.4658177,2.2770128,1
ENSG00000173627,0.44101727,0.0,1
ENSG00000196187_2,2.0199993,2.3410347,1
ENSG00000122218,2.511175,2.9426231,1
ENSG00000054267,2.4791896,1.0122339,1
ENSG00000125703,2.1923347,0.0,1
ENSG00000077585,2.1632845,2.9887862,1
ENSG00000142937,2.489226,3.3731768,1
ENSG00000188015,0.27887493,0.0,1
ENSG00000236021_1,1.8662095,0.0,1
ENSG00000054118,2.645714,3.2161288,1
ENSG00000288859,2.6838338,4.430246,1
ENSG00000134207,1.452097,1.3773427,1
ENSG00000116819,0.9387482,0.0,1
ENSG00000143355,0.3056271,0.0,1
ENSG00000162614,1.1406784,1.482955,1
ENSG00000143179_2,0.38922185,0.0,1
ENSG00000198715,0.9004826,0.0,1
ENSG00000116489,2.2652733,3.7534306,1
ENSG00000227959,0.802147,0.7502692,1
ENSG00000116698,2.6114347,2.570718,1
ENSG00000127074,0.22223918,0.0,1
ENSG00000259823,0.29362118,0.99674803,1
ENSG00000036549_1,1.5443234,2.24968,1
ENSG00000162620,1.4538223,1.4000024,1
ENSG00000143850_1,0.56044483,1.0351815,1
ENSG00000263513,2.3849292,0.0,1
ENSG00000228794_2,0.21062766,0.0,1
ENSG00000143341,0.78842914,0.0,1
ENSG00000123080,2.0939233,1.8482014,1
ENSG00000074800_3,2.7818422,2.7467275,1
ENSG00000117152_1,0.20547651,0.0,1
ENSG00000227907,0.17097262,0.0,1
ENSG00000225632,0.2379178,0.0,1
ENSG00000293279,2.0934556,0.0,1
ENSG00000185946,2.292694,2.6608882,1
ENSG00000287453,0.1653256,0.0,1
ENSG00000116337_2,1.9838469,1.8725584,1
ENSG00000143320_1,0.77204686,0.7105151,1
ENSG00000169224,0.13318317,0.0,1
ENSG00000198216,2.205139,2.6748428,1
ENSG00000203721,0.13213949,0.604118,1
ENSG00000151414_1,0.116564825,0.0,1
ENSG00000116198_1,2.0709064,2.2838256,1
ENSG00000117385,2.382515,2.018301,1
ENSG00000116539,2.7124984,2.3948894,1
ENSG00000291158_2,2.0075955,2.4165573,1
ENSG00000143450_1,0.14635922,0.0,1
ENSG00000137936_1,1.4693536,0.8824335,1
ENSG00000127481,0.18858711,0.0,1
ENSG00000116147,0.4984361,0.0,1
ENSG00000132698,0.39375848,0.0,1
ENSG00000162616,2.730117,1.9645425,1
ENSG00000230285,0.20302151,0.95927995,1
ENSG00000158109,1.9235905,1.6778805,1
ENSG00000123091,2.3839872,2.0511525,1
ENSG00000197530_2,0.5232004,1.1250842,1
ENSG00000236963,0.115129635,0.0,1
ENSG00000122417,0.2917987,0.0,1
ENSG00000157193_1,2.2233446,2.7676752,1
ENSG00000158014,1.6455144,1.3564408,1
ENSG00000160094,2.0970643,2.1052716,1
ENSG00000177788,1.819349,0.0,1
ENSG00000162694,1.2606281,0.0,1
ENSG00000133069_2,0.41160965,0.0,1
ENSG00000090621,1.644002,0.0,1
ENSG00000162512,1.776114,1.9628427,1
ENSG00000204178,1.9664261,2.0222428,1
ENSG00000116741,1.7888534,0.0,1
ENSG00000009307,2.446142,3.8464768,1
ENSG00000291141,0.96647614,1.6110538,1
ENSG00000116747_1,2.5447714,2.828642,1
ENSG00000040487,2.3408148,1.9033668,1
ENSG00000154429_2,1.2845736,1.8021817,1
ENSG00000009790_1,1.4066048,0.0,1
ENSG00000181754,1.768836,1.3730224,1
ENSG00000117862,2.1004894,0.0,1
ENSG00000116882,0.1330057,0.0,1
ENSG00000117601,0.2016338,0.0,1
ENSG00000116833,0.10096772,0.0,1
ENSG00000037637,2.4959326,2.5652301,1
ENSG00000117215,0.46799046,0.0,1
ENSG00000173947,1.302435,0.0,1
ENSG00000007341,0.8400268,0.0,1
ENSG00000162496,0.73107094,1.171785,1
ENSG00000215915,0.94475,1.7633755,1
ENSG00000116138,2.1714005,2.0989861,1
ENSG00000171786,0.5407196,0.0,1
ENSG00000162576,0.4671414,0.0,1
ENSG00000116199,2.1173851,2.193959,1
ENSG00000116721,0.08581951,0.0,1
ENSG00000196352_2,0.21038572,0.0,1
ENSG00000164010,2.182689,2.3437827,1
ENSG00000132773,2.5441935,2.3646336,1
ENSG00000079277_1,1.9899268,1.7384158,1
ENSG00000092969,0.19555871,0.0,1
ENSG00000159166_1,1.2713199,1.0094934,1
ENSG00000176444,2.4411047,2.6468446,1
ENSG00000092850,0.7718949,1.008089,1
ENSG00000132693,0.14153992,0.0,1
ENSG00000121933_1,0.16672306,0.0,1
ENSG00000159189,0.21605481,0.0,1
ENSG00000225206,0.704626,0.5474301,1
ENSG00000122420,1.0331933,1.270003,1
ENSG00000182827,2.4154236,3.0735571,1
ENSG00000066136_1,2.766396,1.9872863,1
ENSG00000237728,0.32023478,0.0,1
ENSG00000135835_2,0.5358652,1.0378247,1
ENSG00000177000,0.3621016,0.0,1
ENSG00000158769,1.8789877,2.5891764,1
ENSG00000117118_1,1.9909887,3.2154815,1
ENSG00000159164,0.6595917,0.0,1
ENSG00000158716,1.5820341,1.5061667,1
ENSG00000184454,0.99939674,1.3873364,1
ENSG00000121481,1.9543881,2.420807,1
ENSG00000143401_1,2.177956,3.523174,1
ENSG00000168243,1.5379773,1.3701243,1
ENSG00000196805,0.06560546,0.0,1
ENSG00000173726,2.5188205,3.1998894,1
ENSG00000025800_1,0.25256842,0.0,1
ENSG00000084652,2.3106363,2.9105935,1
ENSG00000134247,1.4028465,2.1041796,1
ENSG00000156171_1,2.667236,3.007351,1
ENSG00000117602_1,1.7753589,1.2423675,1
ENSG00000142677,0.3469308,0.0,1
ENSG00000269713,1.9022157,2.0044074,1
ENSG00000162813_1,1.2573254,0.90607095,1
ENSG00000214114,2.1683943,2.8116915,1
ENSG00000186007,0.13411184,0.3821972,1
ENSG00000117036,2.3100893,2.131686,1
ENSG00000240021,0.2600714,0.0,1
ENSG00000000938,1.9539206,2.6490388,1
ENSG00000203666_2,2.310818,1.749968,1
ENSG00000049089_2,1.1471163,1.0390967,1
ENSG00000117174,2.0131946,3.013709,1
ENSG00000117640,2.307525,1.979143,1
ENSG00000227634,0.20037301,0.0,1
ENSG00000157330,0.19506745,0.0,1
ENSG00000184007_2,2.66386,3.5611086,1
ENSG00000203666,1.1340526,1.4680666,1
ENSG00000142949,0.34286374,0.0,1
ENSG00000274266,1.3268936,2.0818512,1
ENSG00000116663,1.8854175,1.8417035,1
ENSG00000041988,1.1110437,2.1392996,1
ENSG00000187980,0.4147467,0.0,1
ENSG00000228536_2,0.22906034,0.0,1
ENSG00000188910,0.35444665,0.0,1
ENSG00000233290_1,0.08208063,0.0,1
ENSG00000163125,2.464296,2.8028147,1
ENSG00000162600,2.2104661,2.5933568,1
ENSG00000143702_1,0.9623036,0.0,1
ENSG00000143776,1.6637545,1.8366911,1
ENSG00000243710,1.9411364,1.0569962,1
ENSG00000236358,1.698963,0.0,1
ENSG00000126705,1.8119413,2.3421462,1
ENSG00000162946_1,0.14523743,0.5969268,1
ENSG00000157978_1,0.43521076,0.0,1
ENSG00000117266,0.9903626,1.7270367,1
ENSG00000237928,0.2655185,0.0,1
ENSG00000097033,2.4559414,0.0,1
ENSG00000291135,0.19466735,0.0,1
ENSG00000198626,1.5059785,1.526559,1
ENSG00000153187_3,2.331927,2.026288,1
ENSG00000142675,0.43800038,0.0,1
ENSG00000131791,2.333041,1.9750594,1
ENSG00000122482_1,2.5495515,2.451172,1
ENSG00000143382,1.4839706,0.0,1
ENSG00000163041,2.5454373,3.7494226,1
ENSG00000143198,1.943146,0.0,1
ENSG00000286383,0.15660708,0.0,1
ENSG00000143502,1.5996296,0.0,1
ENSG00000043514,1.9763708,2.6999044,1
ENSG00000085832,0.16316098,0.9545802,1
ENSG00000143337_1,2.5272799,1.8259451,1
ENSG00000159173_2,0.73416376,0.0,1
ENSG00000143614,2.641037,2.9605682,1
ENSG00000230550,0.26375926,0.0,1
ENSG00000142794,1.7001619,1.8468008,1
ENSG00000203782,0.19114368,0.0,1
ENSG00000222650,0.16474314,2.0581753,1
ENSG00000236963_2,0.2602545,0.0,1
ENSG00000158292,1.8036281,1.818892,1
ENSG00000290592_1,0.6168224,0.0,1
ENSG00000116731,2.287658,2.2842028,1
ENSG00000116691,2.4255354,0.0,1
ENSG00000183780_1,1.6784437,1.576157,1
ENSG00000227764,0.20070796,0.0,1
ENSG00000134698,1.7529428,1.9503648,1
ENSG00000135821_1,2.1328814,0.0,1
ENSG00000288905,0.9410757,0.0,1
ENSG00000131781,0.75514543,0.0,1
ENSG00000163565,0.44442064,0.0,1
ENSG00000152061_3,0.30424184,0.0,1
ENSG00000162909_2,0.2962584,0.0,1
ENSG00000184677,2.0175269,2.4428654,1
ENSG00000275538,2.2722185,2.9155924,1
ENSG00000132879,1.2096868,1.6403124,1
ENSG00000136631,2.1652873,1.7668291,1
ENSG00000162894_1,1.8971503,2.161476,1
ENSG00000143248_1,1.90313,2.30659,1
ENSG00000172031,1.550082,1.5843538,1
ENSG00000132485,1.8774706,0.0,1
ENSG00000084623_1,2.108068,3.3595605,1
ENSG00000143006,0.6518307,1.2075806,1
ENSG00000159445,2.1592023,2.5668063,1
ENSG00000174348,1.2772332,1.1629227,1
ENSG00000229258,0.2945783,0.6478718,1
ENSG00000116748,0.20337622,0.0,1
ENSG00000198892_1,1.0915006,0.0,1
ENSG00000199347,2.0051572,3.1786864,1
ENSG00000143772,1.1550138,2.2266128,1
ENSG00000116688_2,2.3247802,0.0,1
ENSG00000178922,1.8419513,1.6436007,1
ENSG00000168389,2.0620797,2.541222,1
ENSG00000117834,0.36609507,0.0,1
ENSG00000291123,1.8018384,1.7729082,1
ENSG00000179546,1.5939442,1.264629,1
ENSG00000196189_2,0.8901849,0.0,1
ENSG00000179403,1.7165275,1.8648409,1
ENSG00000075391,1.7024555,1.2528287,1
ENSG00000117020,0.14901228,0.0,1
ENSG00000163131,1.0082401,0.0,1
ENSG00000122188,1.1893961,0.0,1
ENSG00000163431,0.5519877,0.67886424,1
ENSG00000117020_1,1.7532002,1.0594877,1
ENSG00000169509,0.1773034,0.0,1
ENSG00000173207,2.709006,3.0630443,1
ENSG00000196482,0.25694484,0.0,1
ENSG00000185420_1,1.81168,2.2990975,1
ENSG00000215906,0.25053895,0.0,1
ENSG00000187634,1.1061983,0.0,1
ENSG00000122477,0.15240383,0.0,1
ENSG00000079739,1.9283279,2.5995884,1
ENSG00000266094,2.2819011,2.8937674,1
ENSG00000117054_1,2.2950747,3.2407913,1
ENSG00000116221,1.9720583,3.3776085,1
ENSG00000067606,1.8414919,1.4333377,1
ENSG00000143322_1,2.0259016,1.936755,1
ENSG00000118873,2.2808726,2.3920865,1
ENSG00000117472,0.24723636,0.0,1
ENSG00000162643,1.0128303,0.0,1
ENSG00000230426_2,0.08806527,0.0,1
ENSG00000117009,0.9371891,0.0,1
ENSG00000198625,2.7521806,2.9215438,1
ENSG00000116985,1.914154,2.0785294,1
ENSG00000143793_1,1.7402837,2.4042861,1
ENSG00000117586,0.46640885,2.6348197,1
ENSG00000152104,1.4073958,1.8905329,1
ENSG00000143434,1.4284303,1.238989,1
ENSG00000154380,0.108536586,0.0,1
ENSG00000183853,1.1110934,0.90955603,1
ENSG00000179914,0.24427618,0.0,1
ENSG00000162441,1.356267,0.0,1
ENSG00000222222,0.7211043,0.0,1
ENSG00000143751,2.5337322,0.0,1
ENSG00000162522_1,1.2557409,1.1839528,1
ENSG00000162408,2.2269356,2.7258823,1
ENSG00000235933,0.14343621,0.0,1
ENSG00000135829,2.3910892,3.4323325,1
ENSG00000024526,1.8643843,2.5965598,1
ENSG00000231365,2.4276545,2.8946095,1
ENSG00000142583,1.9316605,0.0,1
ENSG00000291199,0.43641692,0.9078358,1
ENSG00000117009_1,0.7750788,0.0,1
ENSG00000143353_1,2.1875532,1.2014599,1
ENSG00000226067,2.0230117,0.0,1
ENSG00000271380,2.6206317,1.560815,1
ENSG00000016602,0.077684686,0.0,1
ENSG00000143469,0.22807465,0.0,1
