,Pred,actual,fold_idx
ENSG00000248538_1,0.12950923,0.61803764,10
ENSG00000133247,2.5496583,2.2223263,10
ENSG00000105643,2.1648412,1.9533731,10
ENSG00000104228,2.413078,2.3070037,10
ENSG00000256294,1.4946941,1.9336036,10
ENSG00000118160,0.7316928,0.9880236,10
ENSG00000161016,2.47651,2.5771239,10
ENSG00000105576_2,2.5071235,1.9245635,10
ENSG00000137573,0.13393916,0.0,10
ENSG00000205155,2.3539655,0.0,10
ENSG00000164756,0.16184461,0.0,10
ENSG00000169122,1.0994819,1.4034637,10
ENSG00000181781_1,0.3561441,0.89713204,10
ENSG00000104974,0.22158171,0.97617567,10
ENSG00000157110_3,0.41788083,0.53089094,10
ENSG00000104946_1,2.0034082,0.0,10
ENSG00000174586,2.2183597,1.7003316,10
ENSG00000253267,0.06941457,0.0,10
ENSG00000130724,2.4472542,2.4186823,10
ENSG00000275074,2.4870784,1.9091922,10
ENSG00000156795,2.3840218,2.3724148,10
ENSG00000104756,2.1775455,1.9835857,10
ENSG00000125726_1,1.282071,0.0,10
ENSG00000130748,1.8790556,2.337968,10
ENSG00000131355,0.1849777,0.0,10
ENSG00000104879,0.17769708,0.0,10
ENSG00000186115,0.12598383,0.84539574,10
ENSG00000249859_2,1.3642348,1.6465703,10
ENSG00000155926_1,0.20626444,0.0,10
ENSG00000032444_1,0.33185795,1.0532014,10
ENSG00000104885_1,2.3649569,2.0630143,10
ENSG00000267575_1,2.1421025,1.6974647,10
ENSG00000070404,1.0828127,2.2788177,10
ENSG00000089327_1,1.6778878,2.539653,10
ENSG00000142409,2.3180048,2.4556365,10
ENSG00000125753,2.335596,3.3671694,10
ENSG00000253868,2.6568012,0.855398,10
ENSG00000222501,0.17614855,4.8369756,10
ENSG00000105357,0.075461075,0.0,10
ENSG00000079102_2,0.3065484,0.0,10
ENSG00000083807_1,0.6073767,1.229221,10
ENSG00000104883,1.0744648,1.2945544,10
ENSG00000105443,2.3876739,2.406467,10
ENSG00000291231_1,0.25125876,1.0272517,10
ENSG00000160932,2.1851015,3.2253094,10
ENSG00000104888_1,0.6690633,1.0824622,10
ENSG00000089351,0.21243457,0.0,10
ENSG00000104356,2.1509447,2.837461,10
ENSG00000197256,1.6492475,1.9020993,10
ENSG00000169169,0.3277946,0.0,10
ENSG00000224420,0.39651367,0.7077575,10
ENSG00000147684,2.294143,3.452752,10
ENSG00000267348,2.1301954,1.0906459,10
ENSG00000105723,2.6981752,2.7042105,10
ENSG00000178209_3,2.1849337,2.0510135,10
ENSG00000197892_1,1.8382819,2.3405473,10
ENSG00000132541,2.036438,0.0,10
ENSG00000130726_1,2.6928868,2.9859786,10
ENSG00000186020_1,1.7939333,1.3920107,10
ENSG00000051128_2,0.96211123,1.9594069,10
ENSG00000006015,2.295357,2.2732096,10
ENSG00000164933,2.7339575,2.9104698,10
ENSG00000171469,2.4588208,2.277609,10
ENSG00000105325,2.4848223,1.5982542,10
ENSG00000183154,1.6589967,0.0,10
ENSG00000268889,2.7554665,2.0716095,10
ENSG00000182325,2.0284247,2.365705,10
ENSG00000125744_1,1.4623669,1.8266383,10
ENSG00000174951,0.67579097,0.0,10
ENSG00000104312,2.4715075,2.9340792,10
ENSG00000108107,2.655057,4.532539,10
ENSG00000251247_2,0.41191664,0.0,10
ENSG00000160570,2.209829,2.1243541,10
ENSG00000051128_1,0.3081508,0.0,10
ENSG00000078579,0.47054112,0.0,10
ENSG00000267058,0.7699445,0.0,10
ENSG00000133874,1.5882901,2.4036865,10
ENSG00000118620,2.1696196,2.6386719,10
ENSG00000104522,2.2496247,2.5320904,10
ENSG00000249859_4,0.5035254,1.227321,10
ENSG00000196757,2.6992695,2.2559788,10
ENSG00000160410_1,1.4812399,1.2022158,10
ENSG00000131944,1.8365825,2.1857517,10
ENSG00000130204,2.6493845,3.1462893,10
ENSG00000137571,1.7153826,1.8375632,10
ENSG00000213904,2.1841547,0.0,10
ENSG00000267777,0.06232439,0.0,10
ENSG00000277494,0.33245277,0.0,10
ENSG00000198356,2.32265,2.5774884,10
ENSG00000099625,1.5082852,1.711824,10
ENSG00000278611,1.4246273,0.0,10
ENSG00000104365,2.5431755,2.6064975,10
ENSG00000278374,0.22378135,0.0,10
ENSG00000130475,1.7324234,1.9774767,10
ENSG00000131941,1.5682973,1.653849,10
ENSG00000183850,0.57463455,1.2623324,10
ENSG00000216490,1.331992,1.7169794,10
ENSG00000254340,0.16466643,0.0,10
ENSG00000156831,2.0725238,2.5163305,10
ENSG00000182472,0.58510303,0.0,10
ENSG00000105443_1,2.5056446,2.1675477,10
ENSG00000132005,2.0866349,2.3883178,10
ENSG00000175221,2.2580264,2.501444,10
ENSG00000077463,2.3262086,2.4272182,10
ENSG00000197353,0.34887418,0.9806396,10
ENSG00000243207,2.854206,2.675595,10
ENSG00000270164_2,0.9966424,1.7552649,10
ENSG00000179913_1,0.64225686,0.0,10
ENSG00000028277,1.2458633,2.554965,10
ENSG00000104728,0.9805607,0.92681044,10
ENSG00000180190_1,0.8299482,0.0,10
ENSG00000286034,0.12680434,0.0,10
ENSG00000079459,0.1897992,0.0,10
ENSG00000167468,2.514183,3.7622447,10
ENSG00000155100,2.4394498,2.5568137,10
ENSG00000105669,2.7288966,3.263108,10
ENSG00000012061_2,1.5764856,0.9924046,10
ENSG00000167644,0.29616633,0.0,10
ENSG00000147364,1.8277918,0.0,10
ENSG00000161298,1.8144437,1.5394776,10
ENSG00000168672_1,0.95436215,1.3983567,10
ENSG00000187840,2.1510892,2.4797537,10
ENSG00000214050,1.2741239,0.0,10
ENSG00000160949,2.1053774,2.3051965,10
ENSG00000126457_1,2.908696,3.017976,10
ENSG00000244165,1.0782603,0.0,10
ENSG00000254367,0.27634442,0.0,10
ENSG00000186019,1.2000617,0.0,10
ENSG00000268027,0.20274357,0.0,10
ENSG00000104783,1.9423536,2.8886309,10
ENSG00000278129,2.3194602,2.0164943,10
ENSG00000147571,0.4134292,1.2240407,10
ENSG00000198482_1,1.9295069,1.875206,10
ENSG00000291130,0.66008675,1.7468443,10
ENSG00000012061_3,2.4785595,1.6018536,10
ENSG00000104951,2.5616288,3.1592934,10
ENSG00000064961,2.0069218,2.640033,10
ENSG00000179526_1,2.120124,1.9412181,10
ENSG00000099822,1.5436038,1.8943715,10
ENSG00000178982,2.6901262,3.4049773,10
ENSG00000164683,0.14235087,0.60405314,10
ENSG00000266559,2.1098847,1.2952812,10
ENSG00000087086,2.253802,4.1823406,10
ENSG00000277531,0.470834,0.9024924,10
ENSG00000090006_7,1.5555452,1.5163106,10
ENSG00000104497,1.949534,1.3339106,10
ENSG00000105372_1,2.933335,1.8662224,10
ENSG00000206579,1.2301162,1.965766,10
ENSG00000239039,2.1143723,3.1664894,10
ENSG00000185198,0.30120677,0.7187507,10
ENSG00000141905_2,2.2775202,2.6599076,10
ENSG00000147573,0.25295153,0.7241636,10
ENSG00000120896_6,1.5310577,1.4562597,10
ENSG00000291101,0.7347298,1.2850394,10
ENSG00000105137,0.67049885,0.95773655,10
ENSG00000130513_2,0.5504145,2.2735777,10
ENSG00000172687,1.6769661,2.4199228,10
ENSG00000065989,1.4561819,1.886265,10
ENSG00000170906,2.3274727,3.2425737,10
ENSG00000105507,0.24116825,0.0,10
ENSG00000104408_1,2.0852547,1.4010575,10
ENSG00000130511,2.097674,2.4422915,10
ENSG00000172081_1,2.5987935,2.4418397,10
ENSG00000187955_1,0.8825285,0.0,10
ENSG00000188425,0.2544397,0.0,10
ENSG00000105221_1,0.46242756,0.0,10
ENSG00000125746_3,0.85289955,0.0,10
ENSG00000130303,2.3202252,2.9192874,10
ENSG00000182986,0.14254566,0.0,10
ENSG00000176472_1,2.3381896,0.0,10
ENSG00000104883_1,0.084722534,0.0,10
ENSG00000134815,2.2793078,2.2021258,10
ENSG00000227392,0.43617535,0.0,10
ENSG00000156162_1,2.2221422,1.9030194,10
ENSG00000105438_1,1.8396207,2.659414,10
ENSG00000207110,0.17455013,3.479869,10
ENSG00000254254,0.07119192,0.0,10
ENSG00000147526_2,2.6760073,2.746237,10
ENSG00000169136,2.7050138,3.8643153,10
ENSG00000261150,1.2179705,1.118645,10
ENSG00000253702,0.14812432,0.0,10
ENSG00000104490_1,1.9849229,2.0271988,10
ENSG00000188868,1.9460264,2.0497837,10
ENSG00000126249,1.9356848,2.2706742,10
ENSG00000269343_1,0.39768097,0.0,10
ENSG00000221983,2.4908705,3.7148845,10
ENSG00000267308,0.11428101,0.0,10
ENSG00000130158,1.3201492,1.5611134,10
ENSG00000198723,0.09325903,0.0,10
ENSG00000161847,2.360465,3.0395806,10
ENSG00000184156,1.4689921,2.011951,10
ENSG00000253796,0.12252431,0.0,10
ENSG00000040341,0.03465245,0.0,10
ENSG00000133275,2.31093,2.7336009,10
ENSG00000184672_1,1.1054398,1.602635,10
ENSG00000223573,1.3799131,1.7668588,10
ENSG00000198429,0.6444979,0.72684944,10
ENSG00000131408_1,1.5631944,1.431219,10
ENSG00000083812,2.0276487,1.9279295,10
ENSG00000283108,0.48642567,0.6667613,10
ENSG00000182315,0.07991898,0.0,10
ENSG00000168995,0.29484114,0.9165434,10
ENSG00000253729,0.18578698,1.0680745,10
ENSG00000147419,2.0754578,2.8900642,10
ENSG00000131116,2.680947,2.5868144,10
ENSG00000105699_2,2.393506,2.8949432,10
ENSG00000152454,1.6494316,1.7445745,10
ENSG00000213015,2.4137611,2.1860263,10
ENSG00000168081_1,0.42343327,0.0,10
ENSG00000242221,0.10682659,0.84538954,10
ENSG00000127526,2.60918,2.6313524,10
ENSG00000196235_1,2.892715,3.1921492,10
ENSG00000201782,0.17659847,0.0,10
ENSG00000253438_2,0.46710566,0.0,10
ENSG00000105323_1,3.1650262,3.3229136,10
ENSG00000204978,0.22710676,0.6788187,10
ENSG00000131037,0.18880628,0.0,10
ENSG00000161558_1,2.906393,2.1689303,10
ENSG00000087076,0.9630044,0.97312784,10
ENSG00000189376,1.7124461,2.2916198,10
ENSG00000179855,0.79423344,1.4880146,10
ENSG00000171119,1.3386387,1.4709835,10
ENSG00000012124_1,1.2231439,3.0301096,10
ENSG00000134013,0.8590679,0.97010547,10
ENSG00000188033,2.507165,0.0,10
ENSG00000123119,0.9571626,1.0163647,10
ENSG00000198551,2.359599,1.5307887,10
ENSG00000130475_1,2.0323803,2.329052,10
ENSG00000253490,0.18825515,0.0,10
ENSG00000105397_2,2.8558927,2.8134089,10
ENSG00000167769,0.37383166,0.9367801,10
ENSG00000161091_1,0.9402572,1.0569811,10
ENSG00000171017,0.6082369,0.0,10
ENSG00000196646,2.2874694,2.347615,10
ENSG00000126247_2,1.5895854,0.0,10
ENSG00000182472_1,0.96264887,1.3657687,10
ENSG00000173809,0.63070583,1.174525,10
ENSG00000105364,2.2077026,3.4813852,10
ENSG00000198597_1,0.08840039,0.0,10
ENSG00000253711,0.12817036,0.0,10
ENSG00000104833_1,0.9677434,1.7629111,10
ENSG00000079459_2,0.35582975,0.0,10
ENSG00000131142_1,0.4524781,0.0,10
ENSG00000167617,0.4467422,0.0,10
ENSG00000160013,0.9660664,2.081405,10
ENSG00000196378,2.166256,1.6954029,10
ENSG00000104880,1.8279971,1.3907938,10
ENSG00000253363,0.20531815,0.0,10
ENSG00000253161_2,0.115775734,0.0,10
ENSG00000125734_1,3.0663338,2.319283,10
ENSG00000293317_1,0.26376238,0.5473439,10
ENSG00000254377_2,0.30098987,0.0,10
ENSG00000283959_1,2.181728,0.0,10
ENSG00000105072,1.7260028,0.0,10
ENSG00000267213,2.4636695,1.7101512,10
ENSG00000105447,2.4327126,2.733686,10
ENSG00000105523_1,0.24154285,0.0,10
ENSG00000142347_1,0.39422655,0.0,10
ENSG00000261678,1.5014545,1.2197417,10
ENSG00000267534,2.3383758,2.6794052,10
ENSG00000221818_1,0.6168834,1.0391364,10
ENSG00000120784,1.9121195,2.0617766,10
ENSG00000283555,0.06762691,0.8433449,10
ENSG00000156804,1.2886363,1.252853,10
ENSG00000160117_1,1.4882799,2.1759408,10
ENSG00000213904_1,0.9888201,1.0150243,10
ENSG00000267858,2.7533622,1.8095396,10
ENSG00000276043_1,2.1506872,2.2184253,10
ENSG00000104687,2.175376,2.9012992,10
ENSG00000176531,1.4035268,1.0917724,10
ENSG00000129451_2,0.12813966,0.5747487,10
ENSG00000253230_3,1.2925073,0.97011435,10
ENSG00000167641,0.25066897,0.7676604,10
ENSG00000132002_2,0.48624498,1.4353027,10
ENSG00000127663,2.2646348,2.6229959,10
ENSG00000104419_2,0.1526365,0.0,10
ENSG00000171044,2.1141362,1.958946,10
ENSG00000169035_1,0.6612809,0.60765874,10
ENSG00000166770,0.59934044,1.0619423,10
ENSG00000197813,1.0179013,1.7331972,10
ENSG00000066855,2.204323,2.3879626,10
ENSG00000152433,2.41461,0.0,10
ENSG00000164684,1.2642753,1.8367164,10
ENSG00000169398,0.199722,0.0,10
ENSG00000177202,0.22275914,1.1031878,10
ENSG00000255491_2,0.13478355,0.0,10
ENSG00000205189,0.74148035,1.3559302,10
ENSG00000156162,2.0937958,2.091178,10
ENSG00000104218,1.6899639,2.3523831,10
ENSG00000179168,0.4728923,0.88058496,10
ENSG00000142303,1.0610242,1.6440021,10
ENSG00000164924_5,1.5854932,3.2756705,10
ENSG00000204920,1.2481463,2.0355418,10
ENSG00000104872_1,2.9770927,2.3998468,10
ENSG00000185000,2.173798,2.2909245,10
ENSG00000104375,2.2747238,1.9382294,10
ENSG00000104679,1.4130563,2.1575656,10
ENSG00000129691,2.6569543,2.2827353,10
ENSG00000178685,1.3435744,2.4908752,10
ENSG00000130876,0.88434803,1.3157605,10
ENSG00000179262,2.5585456,3.5121732,10
ENSG00000147465,0.7844412,1.4607956,10
ENSG00000253394,0.061062776,0.0,10
ENSG00000268964,0.14653288,0.0,10
ENSG00000160321,0.36513808,0.0,10
ENSG00000136997_3,1.4030173,1.7034547,10
ENSG00000168172,2.324154,2.4740996,10
ENSG00000074855,1.8534917,1.5476886,10
ENSG00000104755,0.027719645,0.0,10
ENSG00000253944,1.4259988,1.5375043,10
ENSG00000125731,2.1844487,1.7175956,10
ENSG00000164794,0.47698513,0.0,10
ENSG00000175489,0.66047823,0.0,10
ENSG00000253361,0.25406876,0.0,10
ENSG00000120885,0.19458638,0.0,10
ENSG00000172748,2.2527807,1.50974,10
ENSG00000176623,2.3571453,3.0275617,10
ENSG00000105136,1.518525,0.0,10
ENSG00000105341,1.8170844,0.0,10
ENSG00000197016,0.9734883,1.4221135,10
ENSG00000129422_2,0.12793528,0.0,10
ENSG00000175691,2.1512198,1.2813289,10
ENSG00000169122_1,0.16879584,0.0,10
ENSG00000176782,0.18175352,0.65421504,10
ENSG00000176293,0.7915698,1.3482465,10
ENSG00000239839,0.058246635,0.58232474,10
ENSG00000120896_1,0.97870517,1.0024555,10
ENSG00000085872,2.3329847,1.613493,10
ENSG00000147481_3,0.4169556,0.90608174,10
ENSG00000171051,0.05912354,0.0,10
ENSG00000253314,0.11789717,0.0,10
ENSG00000069399_1,2.2798827,2.8881178,10
ENSG00000099795,1.9451548,3.0523553,10
ENSG00000121297,1.4854326,1.6582023,10
ENSG00000130382_1,2.0955887,2.5581083,10
ENSG00000196110,2.0772243,0.0,10
ENSG00000085788,2.3424351,2.0580463,10
ENSG00000249115,2.006456,0.0,10
ENSG00000147586_2,2.509928,2.7372086,10
ENSG00000142530,1.7632377,0.9996307,10
ENSG00000064932_1,0.2849795,1.0150243,10
ENSG00000105223_1,0.7298296,0.0,10
ENSG00000142534,2.723998,0.0,10
ENSG00000166289,2.1446948,2.125224,10
ENSG00000197140,0.58615124,0.0,10
ENSG00000077009,0.22835922,0.0,10
ENSG00000099783,2.5414991,3.7399676,10
ENSG00000133243_1,0.28856027,0.0,10
ENSG00000179632_1,1.6658758,0.0,10
ENSG00000167733_2,1.398858,1.025879,10
ENSG00000172164_1,0.20123644,0.0,10
ENSG00000010361,0.79001856,0.0,10
ENSG00000147570,0.21851376,0.0,10
ENSG00000132554,0.3259419,0.0,10
ENSG00000253161,0.1400876,1.288761,10
ENSG00000253729_2,2.189653,3.2790072,10
ENSG00000147457,0.3055288,0.0,10
ENSG00000147669,1.8490044,3.273344,10
ENSG00000176731,2.004253,3.3339427,10
ENSG00000010361_1,1.8498677,1.3292148,10
ENSG00000105053_1,2.5456717,0.0,10
ENSG00000130208_2,0.33644813,0.0,10
ENSG00000287296,2.2545824,0.8554707,10
ENSG00000047249,2.5835173,2.279037,10
ENSG00000008382,2.3024359,2.1255138,10
ENSG00000104427,2.0982106,2.3379662,10
ENSG00000160460,1.4295337,1.7737864,10
ENSG00000168081,0.22681735,0.0,10
ENSG00000105559,0.65201485,0.0,10
ENSG00000220201,0.2517936,0.65428245,10
ENSG00000130511_1,1.4650222,2.107617,10
ENSG00000104870_2,0.71682894,1.2188767,10
ENSG00000226696,2.648514,1.6311991,10
ENSG00000125498,0.25391382,0.0,10
ENSG00000120925_1,2.140708,2.6709135,10
ENSG00000120992,2.4348679,2.8134582,10
ENSG00000279529,2.522429,1.6942892,10
ENSG00000188283_1,2.3100975,1.8564208,10
ENSG00000261787,1.035373,1.4762982,10
ENSG00000179751,0.83591664,1.2945764,10
ENSG00000134028,0.122225955,1.069335,10
ENSG00000095066,1.0948418,0.0,10
ENSG00000161265_1,2.3894558,2.0887632,10
ENSG00000197933,1.7761104,2.1470916,10
ENSG00000174788,0.19581588,0.68481845,10
ENSG00000142347,0.14057823,0.0,10
ENSG00000164953_1,0.09029699,0.0,10
ENSG00000105329,2.2935262,2.4763968,10
ENSG00000167232,0.144336,0.0,10
ENSG00000185988,1.4079186,1.5768595,10
ENSG00000205076,0.20258726,0.0,10
ENSG00000286113,1.7375454,0.99821573,10
ENSG00000158863,1.5393244,2.0270967,10
ENSG00000105523,0.306152,0.98065776,10
ENSG00000166770_1,0.42998224,0.87297744,10
ENSG00000186204,0.13348402,0.0,10
ENSG00000104371,0.27957726,0.8824335,10
ENSG00000198482,2.1020746,0.0,10
ENSG00000260001,0.8116145,1.2223262,10
ENSG00000130299_2,1.7975918,2.1674297,10
ENSG00000176956_1,1.1642214,1.3143518,10
ENSG00000104375_1,0.69244504,0.0,10
ENSG00000170949,2.186897,2.716856,10
ENSG00000105750,1.8107551,2.245695,10
ENSG00000161091,2.1880937,2.5287406,10
ENSG00000121005_1,0.8712419,0.8137744,10
ENSG00000104824_1,2.3410234,2.2453127,10
ENSG00000249471,1.9356068,1.894172,10
ENSG00000115286,2.2492614,2.9815001,10
ENSG00000171223,2.4880238,3.773986,10
ENSG00000077348,2.7904177,2.8217428,10
ENSG00000082556,0.75318646,1.2448212,10
ENSG00000171827,1.6652522,1.7297155,10
ENSG00000147434_1,1.1401869,1.530315,10
ENSG00000080511,0.21474549,0.0,10
ENSG00000253438_1,0.1442268,0.0,10
ENSG00000223547,1.4903892,1.0859823,10
ENSG00000104918,0.26740885,1.1469958,10
ENSG00000153885,1.4700625,1.4129307,10
ENSG00000169490_1,2.603352,2.49764,10
ENSG00000173137,2.1558156,0.0,10
ENSG00000105619_1,2.332752,2.2902572,10
ENSG00000184647,0.21742983,0.0,10
ENSG00000213793,1.2785352,1.9837481,10
ENSG00000267530,0.15072139,0.0,10
ENSG00000164983,1.7625014,1.9339527,10
ENSG00000125743,2.1193638,2.9055262,10
ENSG00000127616_1,2.442465,1.7291648,10
ENSG00000105339,2.4136932,2.6125147,10
ENSG00000089847_1,1.1112652,0.0,10
ENSG00000129354,0.32201684,0.0,10
ENSG00000105063_1,2.453963,2.8515825,10
ENSG00000201966,0.12336183,0.0,10
ENSG00000147649_1,0.06964083,0.0,10
ENSG00000189001,0.28568867,0.0,10
ENSG00000250067,0.61735284,0.8767892,10
ENSG00000104983,2.0463715,2.0886285,10
ENSG00000198816,1.3518656,1.6140953,10
ENSG00000129691_1,1.9581549,0.0,10
ENSG00000073008,1.0109428,1.7016716,10
ENSG00000130477_1,0.78427446,1.0777457,10
ENSG00000104490,0.7226475,0.0,10
ENSG00000104320_1,2.6884038,1.6308345,10
ENSG00000064490,2.5510092,1.809724,10
ENSG00000249859_1,1.2227074,1.7590027,10
ENSG00000130522,2.5379202,3.0749152,10
ENSG00000253408,1.6862075,0.0,10
ENSG00000104231_1,0.46082813,1.0177885,10
ENSG00000105281,1.2984022,1.586675,10
ENSG00000196150_1,1.9617821,1.592521,10
ENSG00000161558,2.661232,2.0946631,10
ENSG00000137563,1.8263711,2.8061094,10
ENSG00000204949,0.2347806,0.0,10
ENSG00000254153,0.19219483,0.0,10
ENSG00000105219_1,0.8331328,1.6367687,10
ENSG00000183309,2.259409,1.860332,10
ENSG00000168546_1,1.1909064,0.0,10
ENSG00000189068,0.31737873,0.77490366,10
ENSG00000042753_1,0.9609766,0.0,10
ENSG00000256771,2.183074,1.5946908,10
ENSG00000129354_1,0.52636933,0.7502306,10
ENSG00000179820_3,0.54409224,0.0,10
ENSG00000166359,0.7508266,0.79130036,10
ENSG00000261824_2,2.1961632,2.0144575,10
ENSG00000156413,0.20921715,0.0,10
ENSG00000267201,1.0288227,0.0,10
ENSG00000105220_1,1.9889333,3.80297,10
ENSG00000105171,2.592076,2.7313952,10
ENSG00000196357,2.4415722,1.4962237,10
ENSG00000130803,1.6459563,2.5550945,10
ENSG00000287467,0.14991468,0.0,10
ENSG00000182566,0.22360215,0.0,10
ENSG00000141837_1,1.1759368,1.085968,10
ENSG00000012061_1,2.644675,2.734599,10
ENSG00000182141,2.0083766,0.0,10
ENSG00000267383_1,0.060904324,0.0,10
ENSG00000269834,0.91303325,0.0,10
ENSG00000268318,0.2963172,0.0,10
ENSG00000105472,0.24190615,0.6315655,10
ENSG00000164961,2.104292,2.386811,10
ENSG00000104853_2,0.2843335,0.6697723,10
ENSG00000173535,0.72869635,1.474362,10
ENSG00000182372_1,1.6168207,1.6656841,10
ENSG00000179284,0.2671652,0.96085113,10
ENSG00000266983,2.4767132,1.9146129,10
ENSG00000104381,1.18181,2.4891016,10
ENSG00000158856_1,0.23683524,0.6348801,10
ENSG00000236144,2.2890925,0.0,10
ENSG00000104611,0.8599629,1.1377022,10
ENSG00000116017,2.2889905,2.7485757,10
ENSG00000160972,1.4228891,1.9324585,10
ENSG00000291235,0.14058882,0.0,10
ENSG00000201231,0.05324898,0.0,10
ENSG00000254858,2.5087838,2.535718,10
ENSG00000104763_1,1.0458564,0.0,10
ENSG00000104915,1.8770233,2.162415,10
ENSG00000042753,0.37563807,0.58604693,10
ENSG00000177045,1.7125819,1.7736402,10
ENSG00000104964_1,2.0371795,3.1814034,10
ENSG00000261437,0.4011741,1.0053092,10
ENSG00000269858_1,1.4184413,1.3489276,10
ENSG00000167658,0.3965262,2.5542116,10
ENSG00000168615_1,0.2502943,0.0,10
ENSG00000225950,0.59474707,0.0,10
ENSG00000104613,2.278681,2.652199,10
ENSG00000164935,0.1300182,0.0,10
ENSG00000147642,0.1624737,0.0,10
ENSG00000170881,3.058175,2.300465,10
ENSG00000130005,1.33612,1.4123765,10
ENSG00000104660_1,2.108237,1.0836459,10
ENSG00000125734,2.6407661,1.666031,10
ENSG00000253339_1,0.0819505,0.0,10
ENSG00000105722,1.8816414,2.0045364,10
ENSG00000167755_2,0.3612549,0.8494194,10
ENSG00000197540,0.4111215,0.75531065,10
ENSG00000198597,0.7658743,1.3185433,10
ENSG00000164754,2.3103912,1.8342363,10
ENSG00000105379,2.4800944,0.0,10
ENSG00000099860,2.4236467,3.270595,10
ENSG00000172172,1.844053,3.1916494,10
ENSG00000125741_1,0.7866451,1.3682572,10
ENSG00000129451_1,0.33645168,1.088324,10
ENSG00000245857,0.9445423,0.0,10
ENSG00000105552_1,1.8475343,2.6511579,10
ENSG00000283103_1,2.0885286,2.3696425,10
ENSG00000197181,0.48701793,1.0245677,10
ENSG00000076662_1,1.4034413,0.0,10
ENSG00000141837_3,0.2567434,0.59697074,10
ENSG00000171711,0.18109374,0.90778744,10
ENSG00000011478,2.7434392,2.220108,10
ENSG00000169946,1.3817834,1.6506766,10
ENSG00000186994,0.88344693,2.599288,10
ENSG00000267519,2.0944722,1.9126577,10
ENSG00000196150,2.366772,2.1738474,10
ENSG00000164808,2.1038353,2.3942835,10
ENSG00000104524_1,2.499141,2.1158268,10
ENSG00000160460_2,1.0563167,0.0,10
ENSG00000178719,2.0244927,3.456785,10
ENSG00000130813,2.1826591,2.656242,10
ENSG00000167910,0.07503937,0.0,10
ENSG00000268480,0.19831254,0.6636727,10
ENSG00000160439_2,0.12588309,0.48206282,10
ENSG00000131203,0.084078215,0.0,10
ENSG00000008988,2.0859914,1.4172558,10
ENSG00000071894,2.296177,2.5431898,10
ENSG00000020181,1.5620692,1.6654966,10
ENSG00000198093,1.3704214,2.0421224,10
ENSG00000141933,2.5742145,2.1527958,10
ENSG00000147588,0.040610455,0.0,10
ENSG00000105438,1.5186335,1.3449422,10
ENSG00000007047,1.4790627,2.1459544,10
ENSG00000039987_1,0.17231248,0.0,10
ENSG00000123815,1.5585778,1.6294911,10
ENSG00000161652,0.46512946,0.9592895,10
ENSG00000243130,0.17890029,0.0,10
ENSG00000142528,2.2497144,0.0,10
ENSG00000105708,1.3268899,2.0565772,10
ENSG00000164941,2.0546517,2.6149194,10
ENSG00000284638,0.71396494,0.0,10
ENSG00000137574,2.5876884,2.7633755,10
ENSG00000181085,0.58604825,1.0952392,10
ENSG00000181894_1,1.1753577,1.130366,10
ENSG00000160352,1.3735443,0.0,10
ENSG00000251003,0.18429841,0.8710823,10
ENSG00000261667,0.43667695,0.8880109,10
ENSG00000090659,0.20787601,0.5969378,10
ENSG00000168300,0.07168713,0.0,10
ENSG00000165071,0.11598002,0.0,10
ENSG00000141985,2.279368,2.7044027,10
ENSG00000034677,2.619187,2.8528159,10
ENSG00000213638,2.7768862,2.7223213,10
ENSG00000076554,0.21052776,0.0,10
ENSG00000147488_1,0.2006241,0.0,10
ENSG00000167460,0.25430864,0.0,10
ENSG00000104765,2.1934059,3.1764472,10
ENSG00000228300,2.6144853,3.0504959,10
ENSG00000065000,2.7271452,2.8548112,10
ENSG00000076924,2.3601925,2.5991852,10
ENSG00000167460_2,2.7935717,3.724493,10
ENSG00000198003,1.3546243,0.0,10
ENSG00000172232,0.35948887,0.89348435,10
ENSG00000120925,2.2944877,2.0645328,10
ENSG00000156011,0.10596548,0.0,10
ENSG00000171425,2.0916877,2.3217785,10
ENSG00000142408,0.97029454,1.3346145,10
ENSG00000180089,0.17945834,0.0,10
ENSG00000221914,2.1140647,2.9209368,10
ENSG00000159871_2,0.4371061,0.876795,10
ENSG00000253893,1.3366476,0.0,10
ENSG00000105649,2.2684011,2.3197637,10
ENSG00000130173,0.23782325,0.58964807,10
ENSG00000186918,1.5457903,2.3791242,10
ENSG00000126267,1.695604,3.7442617,10
ENSG00000188624,0.101298265,0.0,10
ENSG00000104957,1.6976871,0.0,10
ENSG00000186020,2.426519,0.0,10
ENSG00000293376,0.41695395,0.0,10
ENSG00000267605,0.5364531,0.65742016,10
ENSG00000164930,1.6112207,1.3045552,10
ENSG00000104812,2.3675747,2.6050107,10
ENSG00000129991_2,0.15271376,0.5267398,10
ENSG00000070756_4,2.0754657,1.6891134,10
ENSG00000171316,2.1485925,2.4585924,10
ENSG00000142227,1.6796659,0.0,10
ENSG00000116017_1,2.2866359,2.6451097,10
ENSG00000178538,1.1610465,1.4833233,10
ENSG00000240247,0.07169455,0.0,10
ENSG00000159917,1.2337371,1.9297764,10
ENSG00000176619_1,2.3947887,3.0287786,10
ENSG00000127540,2.3135624,3.2777283,10
ENSG00000228300_1,2.2470324,0.0,10
ENSG00000071626,2.459361,2.2681637,10
ENSG00000104415,0.22411759,0.0,10
ENSG00000293495_1,2.5897875,3.020469,10
ENSG00000253661_1,0.1995724,0.8671987,10
ENSG00000142002,0.23088215,0.8181137,10
ENSG00000165392,1.576051,2.5867076,10
ENSG00000126583,0.63403153,1.0391086,10
ENSG00000105270,0.7025603,1.1773922,10
ENSG00000160111_1,1.070633,1.5349014,10
ENSG00000164751_1,2.7512784,2.7999501,10
ENSG00000198466,1.979484,2.0046954,10
ENSG00000178980,1.8771615,2.4160511,10
ENSG00000253926_1,0.5327817,0.6381097,10
ENSG00000153317,0.26642713,0.0,10
ENSG00000239382,2.2272553,2.2529185,10
ENSG00000105402_2,2.8813953,2.9007516,10
ENSG00000188629,0.5296637,1.1904438,10
ENSG00000147679,2.5374708,2.5826156,10
ENSG00000197782,1.9328402,2.1953905,10
ENSG00000142025,0.56192875,0.9096095,10
ENSG00000179271,2.0833848,3.24814,10
ENSG00000249898_1,2.661785,1.8577726,10
ENSG00000105483_1,1.8251898,2.4512029,10
ENSG00000165156,2.2605453,2.219967,10
ENSG00000196417,1.3835586,2.2219121,10
ENSG00000088053,0.21869133,0.0,10
ENSG00000157110,1.3072278,1.3494718,10
ENSG00000156172,2.2791586,1.8535948,10
ENSG00000198576,1.3788213,1.4156743,10
ENSG00000072062_1,2.1851404,2.963755,10
ENSG00000254119,0.05367963,0.0,10
ENSG00000253819,0.075947344,0.0,10
ENSG00000105229,2.248187,2.2720158,10
ENSG00000142552,0.6529039,0.914819,10
ENSG00000156735,2.306572,2.510093,10
ENSG00000121410,1.4496814,1.7219424,10
ENSG00000105281_1,1.3026496,0.0,10
ENSG00000167641_1,0.9819242,1.4269177,10
ENSG00000129353,1.9675986,2.4521868,10
ENSG00000064607,2.5799882,2.616629,10
ENSG00000105677,2.2497363,2.3151052,10
ENSG00000205883,0.082866766,0.0,10
ENSG00000123136_1,2.5814674,3.0075471,10
ENSG00000229140,0.07947916,0.0,10
ENSG00000087903,0.26009622,0.7425445,10
ENSG00000213297,1.4148668,1.2495164,10
ENSG00000197483,2.2529283,1.5697308,10
ENSG00000125740,0.6782701,1.2730314,10
ENSG00000181588,1.6444067,2.1222813,10
ENSG00000183850_1,0.62695676,1.1109599,10
ENSG00000105717,1.9486247,2.188425,10
ENSG00000268895,1.297017,0.0,10
ENSG00000171105,2.325582,1.4537463,10
ENSG00000105726,2.93361,2.7976594,10
ENSG00000246145,1.8721997,1.4200053,10
ENSG00000249709,2.6189914,1.8786137,10
ENSG00000178719_3,0.25111058,1.7745754,10
ENSG00000004776,0.75637513,0.0,10
ENSG00000130881,1.5074733,1.6220481,10
ENSG00000125746,1.3946352,0.0,10
ENSG00000105383,0.38526398,1.8957992,10
ENSG00000123154_1,2.2032404,1.6018689,10
ENSG00000164934,2.3243804,2.8196096,10
ENSG00000213889_1,0.8148396,1.5559888,10
ENSG00000074842,1.5095481,2.9135056,10
ENSG00000253138,0.11442861,0.0,10
ENSG00000142541,2.8109093,0.0,10
ENSG00000105697,0.3650575,0.88982815,10
ENSG00000147592,1.7017637,2.495314,10
ENSG00000120885_1,0.109358765,0.5933082,10
ENSG00000245080,1.2335011,0.93841964,10
ENSG00000104450,1.862929,2.27591,10
ENSG00000130479,1.7731727,2.7445629,10
ENSG00000167554_1,0.08871572,0.0,10
ENSG00000131849,1.8872174,1.1923165,10
ENSG00000130164,1.830758,2.4556608,10
ENSG00000129951,1.2352234,1.3533776,10
ENSG00000269416,0.44513133,1.1303982,10
ENSG00000129347,2.5196216,2.6372294,10
ENSG00000246662,1.4182941,1.4998795,10
ENSG00000120526,2.2486973,2.761639,10
ENSG00000104892,0.5544327,1.2233038,10
ENSG00000099308_1,1.7574638,1.5395151,10
ENSG00000167615,2.8632638,2.9268363,10
ENSG00000186567_1,0.21922305,0.7795965,10
ENSG00000173581_1,1.9642056,2.3330925,10
ENSG00000141905_3,0.28768256,0.0,10
ENSG00000124469,0.18862736,0.4479081,10
ENSG00000086544,2.5988264,1.7084744,10
ENSG00000249859_6,0.35575256,0.0,10
ENSG00000253434,0.13143465,0.0,10
ENSG00000141858,1.7390735,2.741569,10
ENSG00000136997_2,1.3210622,1.7621231,10
ENSG00000158669,2.295457,2.388657,10
ENSG00000251396,2.049311,0.0,10
ENSG00000083838_1,2.3609586,1.1490035,10
ENSG00000105656,2.604613,2.60707,10
ENSG00000147649,2.5403476,3.2503614,10
ENSG00000291145,2.5434363,0.0,10
ENSG00000105143,1.2967505,1.6882418,10
ENSG00000130193,2.2530584,2.4868977,10
ENSG00000126247_3,1.4934449,0.0,10
ENSG00000165084,0.9177509,1.285062,10
ENSG00000132002_1,2.2398834,0.0,10
ENSG00000147613,0.5429926,0.0,10
ENSG00000198046,0.8268059,1.0191163,10
ENSG00000104331,1.3981467,2.6614208,10
ENSG00000197128,1.1348001,1.8182787,10
ENSG00000129292,1.9842309,2.5317597,10
ENSG00000147586_1,2.5102546,1.3919579,10
ENSG00000126467,0.111633174,0.8494317,10
ENSG00000181027,1.9231615,2.4837785,10
ENSG00000167755_1,0.14160214,0.0,10
ENSG00000105538,0.12955992,0.0,10
ENSG00000236814,0.19466063,0.0,10
ENSG00000253210,2.1920328,1.4995221,10
ENSG00000197275,2.0903401,2.5902967,10
ENSG00000011422_1,0.9261974,1.9685483,10
ENSG00000127616,2.5531397,3.104009,10
ENSG00000129991_1,0.56977075,0.50048345,10
ENSG00000168575,0.12400167,0.0,10
ENSG00000130669_1,0.43866247,0.0,10
ENSG00000105698_1,1.9944364,1.790067,10
ENSG00000198363_1,0.1296383,0.0,10
ENSG00000164808_1,0.28005597,0.0,10
ENSG00000133872,1.6051589,0.99818087,10
ENSG00000176406,0.9274715,1.3178962,10
ENSG00000189144_1,0.54418045,0.0,10
ENSG00000196235,2.4040372,0.0,10
ENSG00000136960,0.5625815,0.0,10
ENSG00000164821,0.10362326,0.85349745,10
ENSG00000254349,0.10081878,0.0,10
ENSG00000157110_1,0.04852099,0.0,10
ENSG00000167670,2.733253,0.0,10
ENSG00000104976,2.028725,2.6595454,10
ENSG00000186818,0.6553951,0.0,10
ENSG00000160994,0.5300689,1.2967091,10
ENSG00000176566,0.36403272,0.82026714,10
ENSG00000178093,1.2359011,0.83307695,10
ENSG00000126261,2.1729112,3.2817717,10
ENSG00000197808,1.3048007,1.73075,10
ENSG00000196365,2.6543067,2.9578466,10
ENSG00000142230,2.6966772,2.8756566,10
ENSG00000126246,2.0215874,1.3918945,10
ENSG00000188051,0.83246636,1.9904677,10
ENSG00000229140_4,0.14387818,0.0,10
ENSG00000164733,0.22380833,0.0,10
ENSG00000177599,1.0352933,0.84738755,10
ENSG00000279300,0.2084126,0.0,10
ENSG00000064545,1.470088,2.2251775,10
ENSG00000187244,0.7508334,0.0,10
ENSG00000189042,2.0916922,1.8044162,10
ENSG00000165392_1,0.0886822,0.559308,10
ENSG00000167642,1.3531541,1.4447316,10
ENSG00000187187,2.507682,0.0,10
ENSG00000161249_3,0.2742273,1.0929661,10
ENSG00000160633,2.8945246,3.3090913,10
ENSG00000186579,0.08208078,0.0,10
ENSG00000142396,2.594876,0.0,10
ENSG00000267159,0.21262458,0.0,10
ENSG00000071564,2.544693,3.2234077,10
ENSG00000185015,2.0304828,1.4106592,10
ENSG00000287001,0.43019667,0.85545856,10
ENSG00000077782_2,1.5452796,1.3920107,10
ENSG00000179115,2.2151985,3.0832052,10
ENSG00000168522,2.5902667,2.8684094,10
ENSG00000255974,0.16977969,0.0,10
ENSG00000132026,0.25025484,0.8843365,10
ENSG00000104375_2,0.29150817,0.0,10
ENSG00000077312_1,2.7862794,3.6589925,10
ENSG00000075702_1,0.1826409,1.0245677,10
ENSG00000104953,1.7628856,1.8702575,10
ENSG00000266916,0.5914373,0.0,10
ENSG00000186017,2.7523952,1.8278924,10
ENSG00000104827,0.24574484,0.0,10
ENSG00000089327,1.4513832,3.479997,10
ENSG00000079102_1,0.39587006,0.8494194,10
ENSG00000197892,0.11417456,0.0,10
ENSG00000212473,0.17019537,0.0,10
ENSG00000083844,1.7483524,2.195706,10
ENSG00000197013,0.8690146,1.43802,10
ENSG00000105568_1,0.5215436,1.4305749,10
ENSG00000188227_1,0.5054139,0.8330132,10
ENSG00000105483_2,1.9025527,2.5116053,10
ENSG00000198010,1.4357729,1.2316225,10
ENSG00000198633,0.38082027,0.0,10
ENSG00000124467,0.14544238,0.0,10
ENSG00000178860_1,2.4769073,2.845842,10
ENSG00000104537_1,0.017054142,0.0,10
ENSG00000131845,1.4863666,1.6043903,10
ENSG00000292979,2.372747,2.1372876,10
ENSG00000105755,1.2446905,0.0,10
ENSG00000267448,0.17779242,0.0,10
ENSG00000105514,1.4308261,1.9500775,10
ENSG00000167632,0.23565312,0.7242021,10
ENSG00000254202,0.15073007,0.0,10
ENSG00000177182_1,0.32981676,0.88244486,10
ENSG00000064932_2,0.25697598,0.8093509,10
ENSG00000269954,0.8037814,1.1408222,10
ENSG00000174652,2.068547,2.4576504,10
ENSG00000269054,2.3097105,1.5362301,10
ENSG00000205209,1.5920213,0.0,10
ENSG00000155897,0.8173022,1.3073249,10
ENSG00000164758,1.9726714,1.5943892,10
ENSG00000136986_2,2.3750947,2.834511,10
ENSG00000221878,0.17067663,0.0,10
ENSG00000181666_1,1.7368155,0.0,10
ENSG00000169436,0.49922347,0.8880109,10
ENSG00000267014,0.13044013,0.0,10
ENSG00000136986,0.2907796,0.0,10
ENSG00000037757,1.8604306,2.4211102,10
ENSG00000205922,1.4517556,1.928447,10
ENSG00000164944,2.4630108,0.0,10
ENSG00000131126,0.22582962,0.0,10
ENSG00000168546,0.44989136,1.3831688,10
ENSG00000179943,2.6561444,2.063386,10
ENSG00000104368,0.23195402,0.0,10
ENSG00000121417,1.3774625,1.9434649,10
ENSG00000267879,0.16621497,0.8494194,10
ENSG00000268038,0.33339775,0.0,10
ENSG00000120913_1,1.4475236,1.7186594,10
ENSG00000245164,0.10454843,0.0,10
ENSG00000179820_1,0.58215237,1.4532877,10
ENSG00000142544,1.7892941,2.1991599,10
ENSG00000267260,1.7615298,1.0975107,10
ENSG00000072071,1.1409303,1.2872641,10
ENSG00000310521,1.5637451,0.0,10
ENSG00000104946,2.7990708,1.8868177,10
ENSG00000010310,1.8664742,2.0647237,10
ENSG00000175073,2.8306813,2.2589724,10
ENSG00000176956,1.1126864,1.368231,10
ENSG00000147316,2.4245696,2.7334692,10
ENSG00000285982,0.4243147,1.6554458,10
ENSG00000164924_3,2.2946024,2.1640851,10
ENSG00000104885,2.4296546,3.0503025,10
ENSG00000267106,2.4603534,1.7008767,10
ENSG00000178814,1.0210272,1.2240407,10
ENSG00000079805,2.7693822,2.8480265,10
ENSG00000172167,1.7791733,0.0,10
ENSG00000253853,0.3082259,0.0,10
ENSG00000267673,1.1021687,1.4140202,10
ENSG00000007264,1.2469923,1.3164107,10
ENSG00000104967_1,0.98196924,1.3024608,10
ENSG00000104472,2.4980512,2.7915714,10
ENSG00000104408,2.477708,3.9508805,10
ENSG00000099804_1,0.33246282,0.0,10
ENSG00000283674,1.050658,0.36410052,10
ENSG00000089639,2.5042887,2.5583017,10
ENSG00000157168_2,1.42386,1.12827,10
ENSG00000198028,0.2628123,0.0,10
ENSG00000132004,2.0656111,1.9282781,10
ENSG00000105357_1,0.91386175,1.1065309,10
ENSG00000105675,0.20192045,0.80712897,10
ENSG00000167562_1,1.5738165,1.3456677,10
ENSG00000108106,2.8050766,3.3240106,10
ENSG00000253679,0.21076816,0.0,10
ENSG00000130726,2.314017,2.9851992,10
ENSG00000090006_3,1.2654613,1.83774,10
ENSG00000118162,2.438026,1.5958267,10
ENSG00000290933,0.5814654,1.5549129,10
ENSG00000147604,1.9351348,2.691307,10
ENSG00000012232,1.7067829,1.1941534,10
ENSG00000104635_1,1.9307839,0.0,10
ENSG00000253598,0.11129971,0.0,10
ENSG00000126233,0.35551488,0.0,10
ENSG00000147642_2,1.7297938,2.1861281,10
ENSG00000123144,2.56445,3.2156982,10
ENSG00000291049,2.3331041,1.6835604,10
ENSG00000167470_1,2.2045543,2.8124661,10
ENSG00000204604,1.7695658,2.3636966,10
ENSG00000104848,1.562471,1.8467699,10
ENSG00000105131,0.87839454,1.7976483,10
ENSG00000164830_4,0.42050216,0.0,10
ENSG00000170791,2.2195578,2.962519,10
ENSG00000198182_1,1.1139764,1.2257227,10
ENSG00000133275_1,1.5093926,1.2945764,10
ENSG00000161860,1.5577738,1.2004128,10
ENSG00000015592,0.36245713,1.1185954,10
ENSG00000177191,0.64096063,0.0,10
ENSG00000173928,2.57019,1.7008507,10
ENSG00000239998,0.33382732,0.0,10
ENSG00000253773,2.0294175,1.8599545,10
ENSG00000167646,0.421561,0.0,10
ENSG00000267606,0.74447346,0.93013364,10
ENSG00000099326_1,2.6688125,2.0305188,10
ENSG00000153902,0.59303343,0.800449,10
ENSG00000204524,2.101239,1.7597207,10
ENSG00000170892,2.7445252,1.784767,10
ENSG00000006712,2.904687,2.8065937,10
ENSG00000182310_1,1.9352947,1.0997945,10
ENSG00000196605,2.2880921,1.3814075,10
ENSG00000229833,2.0372903,0.0,10
ENSG00000183638,0.16343822,0.0,10
ENSG00000186583,0.7154645,0.8749165,10
ENSG00000253926,0.4708248,0.7076894,10
ENSG00000170954,0.2427441,0.0,10
ENSG00000160886,0.48212224,1.3258849,10
ENSG00000267169,2.5490015,1.7560028,10
ENSG00000171295,1.7860489,1.622442,10
ENSG00000179886,2.2786665,1.6128474,10
ENSG00000035681_2,2.3586202,2.367654,10
ENSG00000253457,0.11638281,0.0,10
ENSG00000129355,2.4227517,1.9151359,10
ENSG00000104859_1,1.6661109,0.95454156,10
ENSG00000254777_2,1.2954637,1.121888,10
ENSG00000253582,1.0028622,0.0,10
ENSG00000018869,1.6461536,0.0,10
ENSG00000083814,2.076588,2.083911,10
ENSG00000254777,1.7461256,1.7969904,10
ENSG00000105227_2,0.26532713,0.0,10
ENSG00000105088,0.27661985,0.9417102,10
ENSG00000254101_1,0.18372433,0.0,10
ENSG00000007129,1.0852746,2.5076265,10
ENSG00000160117,1.1983433,2.1502867,10
ENSG00000130312_1,2.4523275,3.0951762,10
ENSG00000249859_8,1.1317481,1.5093101,10
ENSG00000159871_1,0.11482917,0.0,10
ENSG00000105520,0.70408916,1.3178335,10
ENSG00000105143_2,0.25319377,0.0,10
ENSG00000066827_1,0.3603876,0.0,10
ENSG00000167671_1,0.2486371,0.0,10
ENSG00000125656,2.0866852,2.7981532,10
ENSG00000147485_1,0.5626807,0.0,10
ENSG00000180543,1.4923595,1.2917461,10
ENSG00000070404_1,1.5515472,0.98214453,10
ENSG00000164949,1.4266843,1.720027,10
ENSG00000147421,2.5669875,2.5096111,10
ENSG00000186529_1,0.3778757,0.6214982,10
ENSG00000171777,0.58001685,0.0,10
ENSG00000214212,0.468591,0.0,10
ENSG00000087074,2.676878,2.8598034,10
ENSG00000160392,2.4033105,0.0,10
ENSG00000048392,2.8816082,2.3328424,10
ENSG00000104413,0.353608,0.6963739,10
ENSG00000141965,2.6205473,2.1611223,10
ENSG00000077782_3,1.496823,1.943638,10
ENSG00000172164,1.1832789,2.1383343,10
ENSG00000126457,2.8936028,3.2518935,10
ENSG00000126456_2,2.2817464,2.7557833,10
ENSG00000167653_1,0.22069743,0.0,10
ENSG00000229140_3,0.2523414,0.0,10
ENSG00000104960_1,2.0608087,2.7963593,10
ENSG00000011304,2.4283195,3.4382908,10
ENSG00000105550,0.133366,0.0,10
ENSG00000170608,0.8326585,1.1830134,10
ENSG00000253643,0.10142273,0.0,10
ENSG00000172728_1,2.1321797,2.2084198,10
ENSG00000126266,1.9253014,0.0,10
ENSG00000130312,0.66397893,0.0,10
ENSG00000104221,1.9831862,2.2765653,10
ENSG00000147324,1.7723099,2.0779853,10
ENSG00000185803_2,1.4253247,1.1560006,10
ENSG00000125733_1,1.960427,1.1303982,10
ENSG00000236827,1.3929464,2.082527,10
ENSG00000104341,1.3133756,1.5899831,10
ENSG00000039650_1,2.362146,1.9006621,10
ENSG00000105388,0.13816574,0.0,10
ENSG00000147654_1,2.1596196,2.2503345,10
ENSG00000169021,2.1870604,3.3047123,10
ENSG00000105662,1.8954358,1.8492228,10
ENSG00000174917,2.101859,0.0,10
ENSG00000130812,2.253993,1.4931093,10
ENSG00000088038,2.7318163,2.7584577,10
ENSG00000142235,0.6126518,1.1293676,10
ENSG00000268061,2.3825483,1.9460247,10
ENSG00000120899_2,1.7047731,2.8402748,10
ENSG00000196350,0.4715692,0.0,10
ENSG00000089327_2,0.34649864,0.0,10
ENSG00000105549,0.20975828,0.9351393,10
ENSG00000167664,0.2758497,0.0,10
ENSG00000171060,0.25477228,0.0,10
ENSG00000159905,0.9967276,1.8050997,10
ENSG00000204869,0.31069532,0.0,10
ENSG00000126243,0.15766267,0.0,10
ENSG00000183709,0.20027386,0.6605619,10
ENSG00000132294,2.2476354,2.5606418,10
ENSG00000269858,2.5174112,2.471714,10
ENSG00000167757,0.5023045,1.3589622,10
ENSG00000290722,0.066706784,0.0,10
ENSG00000204514,1.2939044,2.5658395,10
ENSG00000104237,0.111241646,0.0,10
ENSG00000076944_1,0.5730949,1.316308,10
ENSG00000264515,1.085024,1.7323697,10
ENSG00000104856,2.3392081,2.3905466,10
ENSG00000183186,1.1154777,1.517605,10
ENSG00000188778,0.5265484,1.0494119,10
ENSG00000221914_1,1.5544461,1.0812752,10
ENSG00000154188_1,0.22860806,0.0,10
ENSG00000160396,0.23196186,0.0,10
ENSG00000186326,0.982928,1.3908116,10
ENSG00000197838,0.13571484,0.0,10
ENSG00000060566,0.29778913,1.9019077,10
ENSG00000251247,1.6248273,1.4795321,10
ENSG00000160957_1,2.143678,2.4448564,10
ENSG00000011590_1,1.9871724,2.784988,10
ENSG00000173581,1.5934898,2.276255,10
ENSG00000011485,2.378083,2.7917588,10
ENSG00000171817,0.7148298,0.9182873,10
ENSG00000170889,2.854415,3.4861498,10
ENSG00000078674_1,2.8930912,3.0267007,10
ENSG00000253123,0.11694932,0.0,10
ENSG00000197647,1.5012493,0.98511195,10
ENSG00000120896_2,0.3939745,0.84540814,10
ENSG00000142453,2.3134546,3.1698124,10
ENSG00000126247_1,1.9827067,2.2343907,10
ENSG00000007255,2.201974,1.7668737,10
ENSG00000251191,0.12606348,0.0,10
ENSG00000128011,1.2776052,1.5361164,10
ENSG00000253554,0.12186987,0.0,10
ENSG00000269386_1,2.3846104,3.0971322,10
ENSG00000253154,0.05371082,0.0,10
ENSG00000008441_2,0.5258737,1.0532129,10
ENSG00000285675,0.18877341,0.7552649,10
ENSG00000255491_1,0.27204216,0.0,10
ENSG00000099875_1,2.566804,3.855679,10
ENSG00000246145_1,1.2684675,0.0,10
ENSG00000167759_1,0.49810007,0.0,10
ENSG00000173480,2.303493,0.0,10
ENSG00000141971,2.262517,2.4900568,10
ENSG00000204611,1.4736415,0.0,10
ENSG00000123143_2,1.3468717,0.0,10
ENSG00000160877,1.5568323,1.9390697,10
ENSG00000253880,0.11968663,0.0,10
ENSG00000086548,0.08160086,0.0,10
ENSG00000126456,1.7009035,0.0,10
ENSG00000077312,3.1100802,0.0,10
ENSG00000167555,0.8782104,1.3346709,10
ENSG00000181896,2.718089,2.1715598,10
ENSG00000142273,0.6267263,1.6040207,10
ENSG00000096996,1.6399804,2.0510328,10
ENSG00000003987,1.0964999,1.0494119,10
ENSG00000105204,1.9946631,1.4123429,10
ENSG00000105245,1.8564404,1.7034547,10
ENSG00000105258,2.2908854,2.6031108,10
ENSG00000243137,0.15093735,0.69357747,10
ENSG00000104723,0.96457744,1.4719368,10
ENSG00000132002,2.663741,2.4281235,10
ENSG00000014164,2.4160116,2.1408975,10
ENSG00000204851,0.716251,1.5057738,10
ENSG00000129422_1,0.246533,0.0,10
ENSG00000090674,1.5126442,1.8350389,10
ENSG00000186599,0.050299235,0.0,10
ENSG00000031823,2.4930556,2.6970453,10
ENSG00000170909,0.14476891,0.8071628,10
ENSG00000164684_1,0.26526797,1.0338619,10
ENSG00000265817,1.1497728,2.5968542,10
ENSG00000011132,2.3057837,2.1377306,10
ENSG00000269386,2.3692884,1.5167732,10
ENSG00000253799,0.29519135,0.0,10
ENSG00000104886,2.4217956,2.3616352,10
ENSG00000132026_1,0.62875843,1.0378247,10
ENSG00000083838,2.519637,1.5052178,10
ENSG00000186300,1.9208021,1.7971914,10
ENSG00000221869,1.3120698,1.4532877,10
ENSG00000167604_1,2.0321202,1.9989791,10
ENSG00000142549,1.0715508,1.5758227,10
ENSG00000147689,0.14898969,0.0,10
ENSG00000267508,0.25685963,0.0,10
ENSG00000089351_1,2.2465239,2.5461328,10
ENSG00000197858,2.1295576,2.2789454,10
ENSG00000105409,1.0833658,0.0,10
ENSG00000185697,2.2082238,1.4095442,10
ENSG00000293317,0.5581048,0.0,10
ENSG00000104643,2.2532752,1.9761298,10
ENSG00000130734,1.8316991,2.157481,10
ENSG00000083307,0.64910424,1.3066823,10
ENSG00000105556,1.6231252,1.9067336,10
ENSG00000160410_2,0.2855623,0.0,10
ENSG00000105289_1,0.4795051,0.80270535,10
ENSG00000267751,1.3438913,2.0063376,10
ENSG00000130518,0.2488633,0.0,10
ENSG00000183647,1.1299897,1.785707,10
ENSG00000141905,1.6226845,1.9221627,10
ENSG00000147548,2.4603121,2.5267913,10
ENSG00000079102_3,1.0724562,1.8337843,10
ENSG00000155097,2.4106448,2.5791671,10
ENSG00000197857,1.7342819,2.2346869,10
ENSG00000141968,2.2750406,2.5879433,10
ENSG00000158856_4,0.23530811,0.0,10
ENSG00000188785,2.4689372,0.0,10
ENSG00000120903,0.1922638,0.0,10
ENSG00000104432,0.9264455,0.0,10
ENSG00000105619,2.1440806,0.0,10
ENSG00000242852_1,0.55628496,1.0038481,10
ENSG00000171051_1,0.10833797,0.0,10
ENSG00000177051,2.334373,2.548328,10
ENSG00000105366_1,0.2924818,0.97312784,10
ENSG00000154359,2.3091326,2.1343684,10
ENSG00000099326,3.0686274,1.6075836,10
ENSG00000134020,0.18442728,0.0,10
ENSG00000105610,0.16680826,0.0,10
ENSG00000178150,0.21421294,0.0,10
ENSG00000196337,0.59005487,0.90605474,10
ENSG00000141837,1.4103888,0.87297165,10
ENSG00000176619,0.45668027,0.0,10
ENSG00000062822,2.3519483,2.591671,10
ENSG00000127452,2.4545016,2.3727648,10
ENSG00000253764,0.45494097,1.0544598,10
ENSG00000072062,0.20765471,0.0,10
ENSG00000105607,1.9850723,2.6417477,10
ENSG00000178934,0.2171873,0.6963739,10
ENSG00000099864_2,0.18902148,0.0,10
ENSG00000142046,1.2016889,0.8137544,10
ENSG00000188039_1,0.25330603,1.0391364,10
ENSG00000090554,1.4483947,1.8909014,10
ENSG00000105576_3,1.0674185,2.7383509,10
ENSG00000022556,0.47891486,0.0,10
ENSG00000252179,0.031876057,0.0,10
ENSG00000160505_1,0.35001338,1.3379861,10
ENSG00000183401,0.38891628,0.0,10
ENSG00000124449,0.22129089,0.0,10
ENSG00000134028_1,0.09958553,0.0,10
ENSG00000091656,0.46777362,0.0,10
ENSG00000160951,0.54029644,0.0,10
ENSG00000267383,0.46286663,0.0,10
ENSG00000090554_1,0.9164292,1.071698,10
ENSG00000079999,1.8881975,2.0223458,10
ENSG00000070756_3,2.2424006,4.5039105,10
ENSG00000104980,2.4506214,2.8976617,10
ENSG00000154319_1,0.21300267,0.0,10
ENSG00000089847,2.38265,0.0,10
ENSG00000176401,1.7996591,1.8158897,10
ENSG00000224910_1,0.35907957,0.6479206,10
ENSG00000186526,0.076861545,0.0,10
ENSG00000267265,0.41124758,1.1609784,10
ENSG00000132549,2.4992843,2.1940174,10
ENSG00000152475,2.5247705,1.5822906,10
ENSG00000063180,1.0252215,1.0352296,10
ENSG00000169398_3,1.8281187,1.7762362,10
ENSG00000253666,2.4432127,2.3378086,10
ENSG00000166704,2.111401,1.9503648,10
ENSG00000253877_1,0.018478138,0.74778455,10
ENSG00000104884,2.0723567,2.2820394,10
ENSG00000263002,1.2262592,2.0396242,10
ENSG00000179950_1,2.390072,2.7744346,10
ENSG00000187954,1.7722279,2.1611283,10
ENSG00000161888,2.4283059,0.0,10
ENSG00000199985,0.052059427,0.0,10
ENSG00000178764,1.5691606,2.2231636,10
ENSG00000160948_1,2.0950131,2.5793216,10
ENSG00000006659,1.1122547,1.4627572,10
ENSG00000197360,0.5116315,0.0,10
ENSG00000169169_1,0.32888982,0.8245814,10
ENSG00000066827,1.2539667,1.8369125,10
ENSG00000253619,0.1260131,1.3326203,10
ENSG00000129455,0.31242827,0.0,10
ENSG00000188766,0.6425035,1.335177,10
ENSG00000228801,2.4303567,1.8185163,10
ENSG00000168495_1,1.8647778,0.0,10
ENSG00000179913,0.49232134,1.2206049,10
ENSG00000269392,1.585106,0.0,10
ENSG00000176209_1,2.3872948,2.683974,10
ENSG00000167751,0.17683113,0.0,10
ENSG00000177380,1.2893889,1.2902795,10
ENSG00000178904_1,2.0746012,1.7596754,10
ENSG00000105290,1.0781584,2.0887737,10
ENSG00000131401,2.1405132,3.3604817,10
ENSG00000104695,1.7112077,2.1178014,10
ENSG00000124459,1.8662483,2.2192047,10
ENSG00000127616_2,0.46222767,1.6971421,10
ENSG00000104964,1.4509412,1.8798009,10
ENSG00000136986_1,0.30181664,0.0,10
ENSG00000167459_1,0.037230015,0.0,10
ENSG00000175445,0.5897509,1.0532322,10
ENSG00000130300,0.5621568,1.1131743,10
ENSG00000164823_1,2.4550967,2.82069,10
ENSG00000251247_1,1.4137923,0.0,10
ENSG00000254377_1,0.33134,0.8672907,10
ENSG00000155189,2.860151,3.1209784,10
ENSG00000115266_1,0.5465402,1.0569811,10
ENSG00000089356_1,0.19859217,0.0,10
ENSG00000207166,0.50279564,0.0,10
ENSG00000136574_1,0.69868207,0.0,10
ENSG00000142235_1,0.74280024,1.0765312,10
ENSG00000115266,0.814592,1.2350231,10
ENSG00000232024,0.28475803,2.349394,10
ENSG00000248801,0.3863798,1.0067014,10
ENSG00000125746_4,0.9256246,0.0,10
ENSG00000184661_1,0.18050648,0.0,10
ENSG00000147481_2,0.40642422,0.0,10
ENSG00000064961_1,2.135236,2.048605,10
ENSG00000008513_2,1.6031946,1.7582228,10
ENSG00000161249_1,1.3013544,1.6180062,10
ENSG00000127528,1.7635735,1.9516871,10
ENSG00000147421_1,2.2731173,1.2392119,10
ENSG00000105696,1.1988789,1.6374197,10
ENSG00000197863,1.8511204,1.5035046,10
ENSG00000132000,0.44907668,0.5350788,10
ENSG00000160886_1,0.8865875,1.0813041,10
ENSG00000167601,0.3424423,0.84342587,10
ENSG00000168661,1.0459799,1.5520717,10
ENSG00000171817_1,1.1972437,1.6700045,10
ENSG00000104760,0.09288323,0.0,10
ENSG00000011332,0.8035079,1.2215968,10
ENSG00000079313,0.5312667,0.0,10
ENSG00000253138_1,0.12836069,0.0,10
ENSG00000104691,1.9781833,1.8488109,10
ENSG00000171045,2.088815,2.0744982,10
ENSG00000165046_2,1.0847392,0.0,10
ENSG00000105248,2.5968208,2.6195545,10
ENSG00000127507,0.784008,1.4488454,10
ENSG00000127507_1,0.21491726,0.92337877,10
ENSG00000131408_2,2.398707,2.6384714,10
ENSG00000293246,1.2801757,2.1288707,10
ENSG00000169427,0.19529161,0.0,10
ENSG00000287134,0.12494842,0.6876894,10
ENSG00000177257,0.10647609,0.0,10
ENSG00000130520,2.6943262,2.9594574,10
ENSG00000077782,0.08611168,0.0,10
ENSG00000175324,2.4019823,2.781116,10
ENSG00000172081,2.543548,0.0,10
ENSG00000142546_1,1.5654474,2.5817244,10
ENSG00000104957_1,2.4787016,0.0,10
ENSG00000104979,1.8044679,3.0388982,10
ENSG00000177025,0.060149767,0.0,10
ENSG00000184672,0.40988895,0.0,10
ENSG00000104941,0.52150124,0.7214726,10
ENSG00000205744_1,2.1711183,2.780411,10
ENSG00000164683_1,1.8557614,1.9407157,10
ENSG00000105767,1.4706067,1.6374197,10
ENSG00000204882,0.31452155,0.7700637,10
ENSG00000105323_3,1.0923398,0.0,10
ENSG00000269825,1.5772672,2.6423585,10
ENSG00000170848,0.110356994,0.7627393,10
ENSG00000184672_3,0.06646834,0.0,10
ENSG00000133742_1,0.082069084,0.704948,10
ENSG00000011451_1,0.7613068,1.3694199,10
ENSG00000205517,0.6063417,0.687734,10
ENSG00000105202_1,0.65264225,1.4547687,10
ENSG00000104529_1,2.2664003,3.4648798,10
ENSG00000205138,2.4338965,2.412427,10
ENSG00000253716,1.7279912,2.3409812,10
ENSG00000283567,0.4058337,0.0,10
ENSG00000155087,0.25348327,0.0,10
ENSG00000155096_1,0.22134157,0.0,10
ENSG00000137547,1.9812042,0.0,10
ENSG00000156469,2.4554758,2.5115852,10
ENSG00000053501_1,1.7220886,1.1449289,10
ENSG00000090006_5,0.8845862,1.1658672,10
ENSG00000172270,1.764778,1.8468318,10
ENSG00000011243,0.17593667,0.8898617,10
ENSG00000159871,0.13013625,1.1560158,10
ENSG00000179820_2,0.63353693,0.0,10
ENSG00000254687,0.1357867,0.0,10
ENSG00000105254,2.4702458,2.8976107,10
ENSG00000164736,0.7645538,1.1589954,10
ENSG00000269289,0.123730615,0.0,10
ENSG00000042753_2,1.8278996,2.8044932,10
ENSG00000154188,0.039847292,0.0,10
ENSG00000076928_1,2.4423761,1.7328873,10
ENSG00000105427,0.22648478,0.0,10
ENSG00000072954,2.054431,1.9620756,10
ENSG00000105467,2.6780915,1.4167403,10
ENSG00000083817,1.9835261,1.7912273,10
ENSG00000105176_1,2.0951238,2.7802453,10
ENSG00000164830_2,0.1625825,0.0,10
ENSG00000168672,0.44531825,0.0,10
ENSG00000012061,2.1776793,0.0,10
ENSG00000102575_1,1.5213269,2.188045,10
ENSG00000029534_3,0.7628752,1.3645698,10
ENSG00000197405,0.4327074,1.4890158,10
ENSG00000267779,0.25486165,0.0,10
ENSG00000186526_1,0.24431606,0.41629094,10
ENSG00000172006,1.453091,1.6261761,10
ENSG00000175305,1.4628187,2.1187177,10
ENSG00000130749,2.6854153,2.7276852,10
ENSG00000213020,1.7552556,2.3252242,10
ENSG00000267107,0.19960047,0.0,10
ENSG00000283992,0.3854269,0.7676011,10
ENSG00000064932_3,2.0082726,2.6750953,10
ENSG00000161551,0.6971507,1.3601767,10
ENSG00000104671,1.656907,2.844622,10
ENSG00000039650_3,1.4268084,1.9915229,10
ENSG00000180257,1.9541448,2.0145626,10
ENSG00000221803,0.19756114,0.0,10
ENSG00000266976,0.10922,2.105609,10
ENSG00000268500,0.5578704,0.0,10
ENSG00000178386,0.60732913,1.4800788,10
ENSG00000125912,2.5502288,2.6570625,10
ENSG00000197561,0.22282699,0.0,10
ENSG00000132000_1,0.4789461,0.6214463,10
ENSG00000197841,2.1882808,1.7123466,10
ENSG00000269729,0.19873886,0.0,10
ENSG00000181666,1.9774631,0.0,10
ENSG00000290859,0.37078962,0.0,10
ENSG00000051128,0.1723352,0.76275355,10
ENSG00000267467,0.24017546,0.0,10
ENSG00000178814_1,0.6232126,1.2349726,10
ENSG00000105376_1,1.1893048,1.278342,10
ENSG00000147654_2,1.3620279,0.0,10
ENSG00000147697,0.09991184,0.0,10
ENSG00000104825_1,2.544465,2.6828027,10
ENSG00000247317,2.1046412,1.2031145,10
ENSG00000126934,0.35850066,0.0,10
ENSG00000080031,0.13696325,0.0,10
ENSG00000130244,2.1958356,2.0389378,10
ENSG00000290427,0.14381911,0.0,10
ENSG00000105655,1.0808039,1.5712545,10
ENSG00000196466,1.7499261,2.0407486,10
ENSG00000173273,2.2535932,2.2714188,10
ENSG00000023287,2.122004,2.1009355,10
ENSG00000171773,0.33212084,1.1490189,10
ENSG00000104904_1,1.7562464,1.3588862,10
ENSG00000234616_1,0.30788562,0.67582417,10
ENSG00000129422_4,0.088669,0.0,10
ENSG00000142546,0.223468,0.0,10
ENSG00000185803,0.9213639,0.0,10
ENSG00000127903,0.5751404,1.1208042,10
ENSG00000130299,1.281241,0.88982254,10
ENSG00000176797,0.10197435,0.0,10
ENSG00000221914_2,0.52630144,0.0,10
ENSG00000105771,2.9740038,2.8046913,10
ENSG00000158856_5,0.17906307,0.67288256,10
ENSG00000169139,2.3171806,3.141779,10
ENSG00000197937,0.8395053,0.0,10
ENSG00000177182,0.13759473,0.0,10
ENSG00000125746_1,1.4886197,2.231816,10
ENSG00000180921,1.6057011,1.2559958,10
ENSG00000253138_2,0.1665786,0.0,10
ENSG00000130202,1.2485727,1.4757844,10
ENSG00000039987,0.1706938,0.0,10
ENSG00000249816_1,0.2119626,0.0,10
ENSG00000130203,0.30203423,1.2119478,10
ENSG00000181786,0.24021271,0.6041396,10
ENSG00000154319,2.0257378,1.9492778,10
ENSG00000196172,0.83088064,1.3988597,10
ENSG00000213762,1.4335829,2.0621154,10
ENSG00000099864_1,1.5408639,1.6068219,10
ENSG00000142002_2,2.4899206,2.8010316,10
ENSG00000155096,2.6213,3.6282408,10
ENSG00000160460_1,1.0419453,1.2798266,10
ENSG00000286138,1.9514247,1.2708232,10
ENSG00000105676,2.5493832,2.5470974,10
ENSG00000167034,1.4238111,1.6523721,10
ENSG00000204653,0.27545887,1.18489,10
ENSG00000090006_1,0.3208122,0.87301236,10
ENSG00000255491,0.2016222,0.0,10
ENSG00000130811,1.7632372,3.4535325,10
ENSG00000168481,1.3250831,1.3292961,10
ENSG00000168575_2,2.3524284,2.0305593,10
ENSG00000130402,2.4320822,3.1424582,10
ENSG00000160336,1.8526832,2.577532,10
ENSG00000104313_2,0.5964655,1.317129,10
ENSG00000070756_2,0.10640428,0.0,10
ENSG00000079102,0.415149,0.60055906,10
ENSG00000248538_2,0.26866058,0.0,10
ENSG00000099341,2.6848898,3.5277872,10
ENSG00000137558,0.080117665,0.0,10
ENSG00000267575,1.5614108,2.0173047,10
ENSG00000147614,0.08569123,0.0,10
ENSG00000105220,2.1583564,0.0,10
ENSG00000105583,1.9038355,2.708274,10
ENSG00000171044_1,1.1291884,1.9942292,10
ENSG00000167562,1.8622663,2.2730012,10
ENSG00000064547,1.4463288,2.1695216,10
ENSG00000073050,2.2121444,0.0,10
ENSG00000083807,2.1347444,2.1068807,10
ENSG00000197766,0.26441407,0.8350942,10
ENSG00000125505_1,2.554481,2.2427301,10
ENSG00000218891,1.0337805,1.623456,10
ENSG00000105258_1,2.467997,3.017701,10
ENSG00000169398_1,0.03688603,0.0,10
ENSG00000007129_1,0.45750836,0.0,10
ENSG00000261824,1.0877033,1.8064717,10
ENSG00000104660,2.2150726,2.716705,10
ENSG00000105370,0.28493437,0.9938329,10
ENSG00000267296,1.181194,1.0813113,10
ENSG00000198131,2.256703,2.4328442,10
ENSG00000104903_2,1.1091348,1.8242886,10
ENSG00000260428,1.4076843,1.5840937,10
ENSG00000205038,0.46741506,1.5975525,10
ENSG00000167674,2.4490795,2.1522822,10
ENSG00000105613,1.3175381,0.0,10
ENSG00000171574_1,2.1235561,1.7562404,10
ENSG00000181135,1.4997308,1.8806741,10
ENSG00000213024,0.711275,0.78905165,10
ENSG00000231412,0.15626,0.0,10
ENSG00000105048_1,0.1150112,0.68477356,10
ENSG00000060566_1,0.30863297,0.0,10
ENSG00000174917_1,2.3354833,0.0,10
ENSG00000167565,2.2706883,2.3882823,10
ENSG00000169515,0.48962432,1.1669095,10
ENSG00000282164,0.5136191,1.0668885,10
ENSG00000029534_4,1.5592333,1.1142772,10
ENSG00000250571,1.9878933,1.8488078,10
ENSG00000164871,0.11579248,0.0,10
ENSG00000185900,2.1859074,2.383566,10
ENSG00000120896,0.11893953,0.0,10
ENSG00000171320,0.44220558,0.0,10
ENSG00000167459,0.06025745,0.0,10
ENSG00000087903_2,2.4086814,1.825984,10
ENSG00000248098,2.6427717,0.0,10
ENSG00000179698_1,1.5361782,1.6604575,10
ENSG00000285791,0.2309329,0.6511617,10
ENSG00000254266,0.14622457,0.0,10
ENSG00000187735,2.3609633,2.9881482,10
ENSG00000134830,0.17720026,0.0,10
ENSG00000076554_1,0.20142941,1.0164065,10
ENSG00000156509,1.5100697,1.9632919,10
ENSG00000104972,0.3946351,0.0,10
ENSG00000167702_1,1.5775329,1.1087679,10
ENSG00000196684,2.6241875,3.1757843,10
ENSG00000164823,1.0912405,1.7453325,10
ENSG00000179526_2,0.7807518,0.0,10
ENSG00000130227_1,0.068532474,0.0,10
ENSG00000147606_1,0.10388187,0.0,10
ENSG00000077782_1,1.133664,1.2789822,10
ENSG00000099622,2.4256678,1.4005034,10
ENSG00000188032,0.62941337,1.1109565,10
ENSG00000167491_1,2.6763725,2.3639464,10
ENSG00000147724_1,1.4641393,1.7264909,10
ENSG00000160472,0.33669266,0.96396714,10
ENSG00000130255,2.56535,3.8876865,10
ENSG00000269720,0.60024726,1.152013,10
ENSG00000167654,0.6811186,1.4548448,10
ENSG00000008853_1,1.9525324,2.5847383,10
ENSG00000105699_1,2.2805982,2.9869509,10
ENSG00000171954,0.7890653,1.8167714,10
ENSG00000161281,0.35649177,0.0,10
ENSG00000289037,1.8481946,1.5647016,10
ENSG00000196218,0.35824707,0.92844707,10
ENSG00000022567,1.6529633,1.8769622,10
ENSG00000147687,2.2306678,0.0,10
ENSG00000286701,0.28994116,0.0,10
ENSG00000189430,0.3612438,1.0871422,10
ENSG00000160471,0.62967527,0.0,10
ENSG00000167657,2.1479769,2.2611797,10
ENSG00000174521,1.259745,1.6986312,10
ENSG00000105135,2.253418,1.827886,10
ENSG00000120896_3,0.33148992,0.7935809,10
ENSG00000105576_1,2.385763,1.2128798,10
ENSG00000198169,2.3225396,1.794258,10
ENSG00000115257,0.9981091,1.0312388,10
ENSG00000105372,2.9609358,3.5721986,10
ENSG00000105173,1.8996698,2.2683089,10
ENSG00000130544,2.6494737,2.302872,10
ENSG00000130751_1,0.28032473,0.0,10
ENSG00000156482,2.2690454,4.054337,10
ENSG00000131142,0.6315969,0.0,10
ENSG00000062370,0.40260503,0.9060655,10
ENSG00000288041,0.09670323,0.0,10
ENSG00000105202_3,2.2354014,3.387854,10
ENSG00000123143_1,1.7963154,0.0,10
ENSG00000221983_1,2.5274482,3.4695938,10
ENSG00000105176_2,0.14211921,0.0,10
ENSG00000186017_1,2.4752688,1.884206,10
ENSG00000188368,1.3614799,2.0960057,10
ENSG00000267470,0.4763718,0.0,10
ENSG00000105221,0.42286584,1.0123014,10
ENSG00000120896_4,0.28251415,0.0,10
ENSG00000167733_1,1.8000467,1.0765312,10
ENSG00000133250,2.5278206,2.4237208,10
ENSG00000104897,2.5212803,0.0,10
ENSG00000170956,0.1361791,0.0,10
ENSG00000253893_1,0.35574338,0.0,10
ENSG00000256229,0.5350695,0.0,10
ENSG00000160961,2.383643,2.2560222,10
ENSG00000269793,1.2319332,1.6257856,10
ENSG00000132561_1,0.11822817,0.0,10
ENSG00000226807,0.16020657,0.0,10
ENSG00000292997,0.12503497,3.1001775,10
ENSG00000147526,0.26118147,0.5433602,10
ENSG00000169490,2.5112739,2.3754404,10
ENSG00000167749,0.5025048,0.0,10
ENSG00000125648,1.9539231,3.2679598,10
ENSG00000133243,1.6156268,2.1381133,10
ENSG00000213889,1.1194128,1.1812546,10
ENSG00000090006_4,0.7536724,1.1819865,10
ENSG00000104313_3,1.054785,0.99960893,10
ENSG00000105327,2.368466,2.3740551,10
ENSG00000160410,1.460357,2.9320383,10
ENSG00000253230,0.20186661,0.0,10
ENSG00000179632,2.407744,2.5387006,10
ENSG00000179041,1.9744817,3.1064358,10
ENSG00000180884,1.1756793,1.5328817,10
ENSG00000253190,2.4887018,1.4401217,10
ENSG00000104870_1,0.59968597,1.2575825,10
ENSG00000273111,0.39351973,0.50943106,10
ENSG00000171574,1.7187515,1.5034639,10
ENSG00000078674,2.9197001,3.099076,10
ENSG00000203499,0.92221695,0.0,10
ENSG00000121413_1,1.060726,1.2988749,10
ENSG00000254024,0.55463034,1.2180626,10
ENSG00000171970,2.1458004,1.9121939,10
ENSG00000267767,0.6915821,1.3558537,10
ENSG00000132561,1.4062194,1.5223268,10
ENSG00000185728,2.5533943,2.7993999,10
ENSG00000005206,2.324105,2.274802,10
ENSG00000104998,2.1673684,3.1569004,10
ENSG00000176209,1.5806941,2.0503025,10
ENSG00000275342,1.9088954,2.525045,10
ENSG00000066827_2,2.6092157,1.8808993,10
ENSG00000186026,0.9233177,1.6586124,10
ENSG00000158856_3,0.2608783,0.0,10
ENSG00000147642_1,0.15632178,0.0,10
ENSG00000169427_1,1.4315355,1.1559552,10
ENSG00000253877,0.031790465,0.82241654,10
ENSG00000147689_1,0.1891067,0.0,10
ENSG00000127220,1.6601061,0.0,10
ENSG00000105641_1,0.11341803,0.66363496,10
ENSG00000121406,1.4085857,1.9372169,10
ENSG00000065268,2.3268795,2.5197334,10
ENSG00000147481_1,0.29865408,0.0,10
ENSG00000185015_1,1.277289,1.1658672,10
ENSG00000188493,2.6409154,2.8037574,10
ENSG00000164924_2,2.7607944,3.6657038,10
ENSG00000076662,0.6668978,1.1293354,10
ENSG00000178125,0.5789776,0.0,10
ENSG00000290812,1.0029814,0.7981415,10
ENSG00000182393,0.1859891,1.1931803,10
ENSG00000104313,0.06570613,0.0,10
ENSG00000105647,2.6314526,2.5337758,10
ENSG00000011243_1,2.4847329,2.714608,10
ENSG00000123815_1,2.2989228,2.1283863,10
ENSG00000170619,2.1197283,2.205456,10
ENSG00000181035,2.4239993,1.7549596,10
ENSG00000204519,1.5483625,2.0459173,10
ENSG00000120913_2,0.7415662,1.7006172,10
ENSG00000105374,1.4574711,1.1896138,10
ENSG00000184428_1,0.882702,0.9200189,10
ENSG00000167470,1.5554882,2.0669742,10
ENSG00000130433,0.63145757,1.30103,10
ENSG00000187556,0.21243002,0.0,10
ENSG00000064687_1,1.0617026,0.0,10
ENSG00000120915,1.467384,2.6973505,10
ENSG00000076984,2.5677576,2.5263884,10
ENSG00000254166,0.32122302,0.8672317,10
ENSG00000161618,2.782741,2.4377189,10
ENSG00000182324,0.29711363,0.7959217,10
ENSG00000152467,1.1570561,1.1009216,10
ENSG00000008513_1,2.4978776,2.3590534,10
ENSG00000174898,2.3800454,1.1377338,10
ENSG00000180739_1,0.4935499,0.0,10
ENSG00000197054,2.0559595,1.2938485,10
ENSG00000115255,1.5276324,1.1940979,10
ENSG00000160229,1.658584,2.422854,10
ENSG00000188171,0.48459408,1.4847836,10
ENSG00000171606,2.0028334,1.97488,10
ENSG00000156486,1.540944,1.915827,10
ENSG00000253438,0.7338884,1.4931372,10
ENSG00000105699,1.8443336,2.3493202,10
ENSG00000104903,1.3753216,0.0,10
ENSG00000170956_1,0.053298756,0.0,10
ENSG00000291177,2.3425999,2.1941895,10
ENSG00000070718,2.4907696,2.5653589,10
ENSG00000205133,1.6846215,0.9685903,10
ENSG00000245281_1,0.92934954,0.0,10
ENSG00000141905_1,2.1767817,2.7301102,10
ENSG00000160570_1,2.0911305,1.7661101,10
ENSG00000147813_1,1.1159962,0.0,10
ENSG00000167232_1,1.8160074,2.2851927,10
ENSG00000105221_2,2.6654541,2.72534,10
ENSG00000105376,1.1792163,1.3791023,10
ENSG00000283959,2.454956,1.6298375,10
ENSG00000104826,0.12901767,0.0,10
ENSG00000184672_2,0.76706344,0.0,10
ENSG00000292982,1.9147738,2.5799687,10
ENSG00000130477,0.13693719,0.0,10
ENSG00000254402,1.3942562,1.1609784,10
ENSG00000130175_1,0.33387813,1.0094806,10
ENSG00000133731,1.873224,2.8458035,10
ENSG00000254087,2.404554,3.1450286,10
ENSG00000176396,1.6418308,2.1115785,10
ENSG00000188039,0.62967753,0.0,10
ENSG00000079459_1,2.4431696,3.4291706,10
ENSG00000179526,2.2238898,2.0703557,10
ENSG00000248538_4,0.25650898,0.0,10
ENSG00000268595_1,0.3361728,1.072937,10
ENSG00000293314,2.1445007,1.575003,10
ENSG00000257704,2.2098317,2.312685,10
ENSG00000185361,2.0944915,1.623394,10
ENSG00000105404,1.6162499,1.9001273,10
ENSG00000105369,2.6238918,3.6056552,10
ENSG00000183019,0.23765743,0.0,10
ENSG00000268001,1.8679112,2.5499713,10
ENSG00000104853,1.557619,0.0,10
ENSG00000090006_2,0.37509173,0.8843138,10
ENSG00000142046_2,0.6076505,1.1087679,10
ENSG00000176406_3,0.08633129,0.0,10
ENSG00000246089,1.7615422,1.3312653,10
ENSG00000167645,2.071985,2.5005972,10
ENSG00000165102,2.347458,1.9135754,10
ENSG00000105281_2,1.4198698,2.986004,10
ENSG00000105426,0.5564958,0.0,10
ENSG00000156103,0.81836337,0.9670329,10
ENSG00000160318,0.39735833,0.0,10
ENSG00000130208_1,0.25408244,0.35789675,10
ENSG00000185869,1.4447632,0.0,10
ENSG00000186583_1,0.8003367,1.2715327,10
ENSG00000132010,1.3542813,1.7878075,10
ENSG00000279847,0.10065591,0.0,10
ENSG00000173281_1,1.1599716,1.0531937,10
ENSG00000167491,2.6664886,2.7125907,10
ENSG00000153317_1,1.4057162,1.4762954,10
ENSG00000129991,0.49617678,1.5747048,10
ENSG00000147650,2.4136038,1.9216344,10
ENSG00000099864,1.4593738,1.8078055,10
ENSG00000164830_1,0.0814856,0.0,10
ENSG00000123159,1.6640532,2.0779018,10
ENSG00000136997,1.37158,2.2217531,10
ENSG00000105514_1,2.330493,2.2757995,10
ENSG00000105639,2.3840554,2.7082355,10
ENSG00000188293,0.14429437,0.0,10
ENSG00000229140_1,0.07551171,0.0,10
ENSG00000130545,0.4749755,1.0531937,10
ENSG00000284280,0.36519673,0.9880548,10
ENSG00000167632_1,0.3470064,1.0272313,10
ENSG00000253642,0.14552014,0.0,10
ENSG00000185453,2.1968787,1.4940432,10
ENSG00000171903,0.34821466,0.0,10
ENSG00000270164,0.2912218,0.0,10
ENSG00000267710,0.126436,0.0,10
ENSG00000254251,0.09028799,0.62823564,10
ENSG00000254277,0.07856374,0.0,10
ENSG00000168079,0.46406272,0.0,10
ENSG00000164733_1,0.17747568,0.940068,10
ENSG00000079462_1,1.2659737,2.5097804,10
ENSG00000104833,0.63169324,0.7425759,10
ENSG00000104881,0.7577415,0.0,10
ENSG00000213096,1.419004,2.2693238,10
ENSG00000267673_1,0.90028787,2.3476422,10
ENSG00000290829,0.92015266,0.85144794,10
ENSG00000252067,0.07638578,0.0,10
ENSG00000164924_1,2.2784317,1.514999,10
ENSG00000167646_1,0.65511525,1.187673,10
ENSG00000180061,0.31431293,0.0,10
ENSG00000181638,1.387158,1.7830527,10
ENSG00000099797,2.5317054,2.750314,10
ENSG00000216490_1,2.3518908,3.7345414,10
ENSG00000130813_1,2.333641,2.493936,10
ENSG00000105483,2.4775145,0.0,10
ENSG00000126453,2.1837275,2.5683966,10
ENSG00000165046_3,0.15831874,0.0,10
ENSG00000141971_2,2.324151,2.1652029,10
ENSG00000268081,0.32844397,1.0952531,10
ENSG00000205002,1.1205016,1.6805984,10
ENSG00000168333,0.20143045,0.0,10
ENSG00000083845,2.3604016,4.138154,10
ENSG00000104205,1.43777,1.5739502,10
ENSG00000076554_3,0.15528348,0.0,10
ENSG00000104435,0.3116615,0.0,10
ENSG00000131115,1.5188893,0.88618606,10
ENSG00000167815_1,1.96918,2.8252509,10
ENSG00000090971,1.5212618,1.730233,10
ENSG00000130725,2.7008343,2.628348,10
ENSG00000176853,2.1972857,2.680602,10
ENSG00000011332_1,1.0729439,1.3483243,10
ENSG00000088002,0.47091696,0.0,10
ENSG00000124302,1.5352365,1.3232727,10
ENSG00000181240,0.27081302,0.0,10
ENSG00000253696,0.07543871,0.0,10
ENSG00000105559_1,0.323076,0.0,10
ENSG00000158941,2.4153767,2.9145532,10
ENSG00000293438,1.9965127,1.1397847,10
ENSG00000147813,1.8107461,2.305676,10
ENSG00000088247_1,2.6085258,3.3964295,10
ENSG00000126262,0.26415583,0.0,10
ENSG00000164741_3,0.017257595,0.0,10
ENSG00000178951,1.7295278,2.2061698,10
ENSG00000197332,1.0372779,1.1449476,10
ENSG00000197961,1.928277,2.8008318,10
ENSG00000179954,0.47850263,0.71883374,10
ENSG00000164743,0.41106957,0.0,10
ENSG00000160113,1.9009984,1.9849322,10
ENSG00000171033_1,0.102704145,0.0,10
ENSG00000105205,0.164436,0.0,10
ENSG00000167701,0.37606534,1.1261638,10
ENSG00000160014,2.7078176,3.616321,10
ENSG00000104894,2.1401365,3.6047616,10
ENSG00000083307_1,0.43526012,0.0,10
ENSG00000137573_1,0.56591964,0.0,10
ENSG00000268595,0.6345596,1.0975349,10
ENSG00000286798,0.10227497,0.0,10
ENSG00000185697_1,0.62468535,0.8534853,10
ENSG00000104412,2.3021545,3.061113,10
ENSG00000164893,0.07924934,0.0,10
ENSG00000105509,0.3070632,0.0,10
ENSG00000219665,1.7955381,0.0,10
ENSG00000105186,2.0058823,2.4568288,10
ENSG00000104835,2.838509,2.4145856,10
ENSG00000176182,1.9646758,2.2305384,10
ENSG00000221916,2.2002072,1.743047,10
ENSG00000183668,0.18088397,0.0,10
ENSG00000154589,1.4390467,1.3306978,10
ENSG00000269058,1.5737594,0.0,10
ENSG00000269858_2,0.6519961,0.855501,10
ENSG00000198538,1.4439456,2.0948658,10
ENSG00000127511,1.5488037,2.5545242,10
ENSG00000120913_3,0.7831707,1.6258472,10
ENSG00000099821,1.8951921,2.074608,10
ENSG00000136997_1,1.8220017,3.6918354,10
ENSG00000104960_2,2.2767358,2.3062942,10
ENSG00000167772,0.7072246,1.7687713,10
ENSG00000197619,1.3771979,0.0,10
ENSG00000089351_2,2.1968327,0.9836218,10
ENSG00000177335,0.32713917,0.5747718,10
ENSG00000168575_4,2.301162,2.777963,10
ENSG00000261526,2.3974223,2.0140374,10
ENSG00000104324,1.0333654,1.2040548,10
ENSG00000125755,2.530578,2.8169072,10
ENSG00000268460,0.107765734,0.0,10
ENSG00000131042,0.24076642,0.0,10
ENSG00000248099,0.47437045,1.1950135,10
ENSG00000108107_1,2.164844,2.596817,10
ENSG00000147647,0.74110806,0.97464985,10
ENSG00000161671,2.084258,2.7319553,10
ENSG00000120913,0.8087863,1.3171018,10
ENSG00000160007,2.4027243,2.1449351,10
ENSG00000243772,0.20871726,0.0,10
ENSG00000105352,0.29851726,0.0,10
ENSG00000172172_1,1.7619582,3.210519,10
ENSG00000099800,2.604463,3.1072474,10
ENSG00000147576,1.3220636,1.2821167,10
ENSG00000105287_1,1.8522506,3.0668995,10
ENSG00000089356,0.22136675,0.0,10
ENSG00000269086,0.6781584,0.8787515,10
ENSG00000136982,1.720117,2.621014,10
ENSG00000147677,1.8319051,0.0,10
ENSG00000269439_1,2.6837368,2.7755594,10
ENSG00000130167,0.16061506,0.5785934,10
ENSG00000090661,2.127633,2.5097132,10
ENSG00000204839_1,0.39435497,0.79363674,10
ENSG00000287952,2.126877,3.73707,10
ENSG00000095066_1,2.043942,1.6628805,10
ENSG00000178904,2.4963071,2.1701736,10
ENSG00000167487,1.7444452,1.7641836,10
ENSG00000105058,2.0641298,3.1204488,10
ENSG00000147509,2.0471363,1.1009216,10
ENSG00000129911,2.0177958,2.7580106,10
ENSG00000287325,0.11707458,0.89169353,10
ENSG00000105492_1,0.6023737,1.0312266,10
ENSG00000253395,1.2676604,1.322674,10
ENSG00000196268,1.2027999,2.0651276,10
ENSG00000040341_1,2.2167993,2.8198175,10
ENSG00000240403,0.21809529,0.0,10
ENSG00000105711,1.5497596,1.2608582,10
ENSG00000158856_2,0.41962305,0.0,10
ENSG00000178209,0.91646343,1.6879658,10
ENSG00000172009,2.3843822,2.738656,10
ENSG00000164687,1.8677099,3.8423314,10
ENSG00000167815,0.23406732,1.1648879,10
ENSG00000181781,0.21863605,0.8494808,10
ENSG00000235531,2.8831387,3.0133514,10
ENSG00000253948,2.4360626,1.7619729,10
ENSG00000153896,1.1335799,1.6351016,10
ENSG00000130311,2.3489513,2.9025755,10
ENSG00000189190,1.2537102,2.5371501,10
ENSG00000147533,2.1339233,2.8420916,10
ENSG00000269343,2.3975768,2.5751936,10
ENSG00000063322,2.8677177,2.6713655,10
ENSG00000176623_1,1.2511487,0.0,10
ENSG00000105559_2,0.5851098,1.0232112,10
ENSG00000179909,0.685993,0.0,10
ENSG00000256683,0.9516753,2.013907,10
ENSG00000291231,0.3274543,1.001041,10
ENSG00000185730,2.1162422,0.0,10
ENSG00000105643_1,0.83545053,0.0,10
ENSG00000293247,0.34934595,0.0,10
ENSG00000197134,0.35960016,1.3165154,10
ENSG00000175895,2.4266477,2.7263033,10
ENSG00000105617,2.8455133,2.300839,10
ENSG00000125730,0.34311587,0.0,10
ENSG00000233527,1.9068347,2.4173455,10
ENSG00000164733_2,1.7448562,2.4584854,10
ENSG00000070423,2.3232002,2.76636,10
ENSG00000032444_2,1.7061251,2.1250353,10
ENSG00000067167,2.391494,3.04254,10
ENSG00000167614,1.0641869,1.4588342,10
ENSG00000161082,1.3123026,1.8879491,10
ENSG00000171056,1.0877918,1.2479978,10
ENSG00000184428,1.0250704,2.23262,10
ENSG00000253250,1.7123884,2.305433,10
ENSG00000063176,2.7295332,2.3294427,10
ENSG00000147789,2.2099195,1.9405464,10
ENSG00000105701,2.1596196,3.094583,10
ENSG00000085719,1.4592234,3.0923731,10
ENSG00000167460_1,0.7189008,1.4067615,10
ENSG00000104967,1.1388689,1.1132078,10
ENSG00000167685_1,0.8985998,0.0,10
ENSG00000267107_1,0.18365894,0.0,10
ENSG00000125735,2.2893019,2.6993477,10
ENSG00000254008,0.61011547,1.0894812,10
ENSG00000176907,0.15664712,0.0,10
ENSG00000196267,1.3858528,0.0,10
ENSG00000105722_1,1.7966274,2.6905506,10
ENSG00000256087,2.1301126,1.8655955,10
ENSG00000225877,0.06964374,0.6758791,10
ENSG00000064313,1.684727,2.695892,10
ENSG00000156802,2.645053,2.9859562,10
ENSG00000130813_2,1.4633471,1.1250907,10
ENSG00000167634,0.10661262,0.5180794,10
ENSG00000168081_2,2.0191524,2.490836,10
ENSG00000105204_1,1.7677207,1.6110932,10
ENSG00000160957,2.1007826,1.6911346,10
ENSG00000034239,0.67131054,0.9623693,10
ENSG00000104976_1,1.2160484,1.5043757,10
ENSG00000268516,2.354429,1.9491118,10
ENSG00000229676,0.46406874,0.9836353,10
ENSG00000254775,0.101923876,0.0,10
ENSG00000186806,1.232524,0.0,10
ENSG00000130513_1,0.21475445,0.69064784,10
ENSG00000099331,2.7012496,2.6670914,10
ENSG00000227500,0.9004151,1.3184807,10
ENSG00000104728_1,0.05967781,0.0,10
ENSG00000119559,2.2002258,2.2715025,10
ENSG00000237807_1,0.14519395,0.0,10
ENSG00000156103_1,1.1718255,1.3306572,10
ENSG00000226763,0.19909355,1.1131843,10
ENSG00000156413_1,0.15158783,0.0,10
ENSG00000156467,2.2074957,3.5435963,10
ENSG00000104755_1,0.37654307,0.0,10
ENSG00000175806,1.7851646,2.056192,10
ENSG00000176909_1,0.38934973,0.0,10
ENSG00000288596,2.205094,1.6217619,10
ENSG00000164751,2.4969473,2.5252547,10
ENSG00000237440,1.234465,1.7471787,10
ENSG00000007080,2.435295,2.7511797,10
ENSG00000035681_1,0.11580551,0.0,10
ENSG00000178209_1,0.9492464,1.0081315,10
ENSG00000225885,1.209859,0.0,10
ENSG00000130844,1.1603519,1.6387378,10
ENSG00000241852,1.3341051,1.3462747,10
ENSG00000068903,2.4901922,2.5293367,10
ENSG00000129933,2.6133754,2.5448368,10
ENSG00000176533,1.6191499,1.685585,10
ENSG00000105676_1,2.0281775,1.7068458,10
ENSG00000105202,0.16776077,0.0,10
ENSG00000235173,2.160943,2.169786,10
ENSG00000213799,1.4147742,0.0,10
ENSG00000293171,1.2993897,0.0,10
ENSG00000269190,0.96678466,2.0112574,10
ENSG00000099840,2.028821,2.248929,10
ENSG00000286125,0.5951176,0.0,10
ENSG00000104522_1,1.8142474,1.20044,10
ENSG00000178078,0.6041283,1.6835027,10
ENSG00000147586,2.237678,1.0404046,10
ENSG00000238650,1.1078845,1.3093959,10
ENSG00000198363,0.03122403,0.0,10
ENSG00000147475,2.4377732,2.3327796,10
ENSG00000129451,0.7282367,0.0,10
ENSG00000246430,0.38524154,0.0,10
ENSG00000006016,1.4908059,2.0398502,10
ENSG00000105679,0.6647512,1.0232112,10
ENSG00000126264,0.9225099,0.0,10
ENSG00000198858,1.8118422,2.7189374,10
ENSG00000186562,0.032155856,0.0,10
ENSG00000104936,0.9173588,1.0164232,10
ENSG00000197372,1.9081424,0.0,10
ENSG00000212429,0.08283725,0.0,10
ENSG00000104938,0.13289164,0.58232474,10
ENSG00000147408_2,0.10995082,0.0,10
ENSG00000104814_1,2.3134024,3.3699985,10
ENSG00000104903_1,1.6446961,1.5016754,10
ENSG00000275591,0.99897397,1.6644332,10
ENSG00000087903_1,1.7553443,1.6654637,10
ENSG00000124299,1.2091471,2.3438869,10
ENSG00000130159,2.0879579,2.5915098,10
ENSG00000267454,1.5840685,0.0,10
ENSG00000269235,0.3594868,0.0,10
ENSG00000130283,1.555884,2.5834255,10
ENSG00000246263,2.7180202,1.8710531,10
ENSG00000213023,0.45506576,0.0,10
ENSG00000104823,2.5942092,3.24235,10
ENSG00000261824_1,2.0428166,2.3715482,10
ENSG00000105193,2.7099662,4.1377435,10
ENSG00000159167,0.69650894,2.3371816,10
ENSG00000167625,2.487969,2.3160334,10
ENSG00000164938,2.0395262,2.157807,10
ENSG00000019549,0.51024073,0.9592847,10
ENSG00000126259,0.6044228,0.9131036,10
ENSG00000105393,2.5874786,0.0,10
ENSG00000164741,1.233842,1.3411574,10
ENSG00000147654,2.6657085,2.4523997,10
ENSG00000141854,1.7043545,1.9635706,10
ENSG00000042980,0.2450077,0.0,10
ENSG00000142046_1,0.49194756,1.1802262,10
ENSG00000167680_1,1.3107849,1.6274068,10
ENSG00000160439,1.5443155,2.4419606,10
ENSG00000005007,2.312841,2.8522177,10
ENSG00000147676,1.4793123,1.9246927,10
ENSG00000161243,0.90211535,2.01976,10
ENSG00000060558,0.64444995,2.7298448,10
ENSG00000169499,1.8614268,2.3810627,10
ENSG00000189377,0.18578368,0.0,10
ENSG00000268182,0.70849776,1.3184599,10
ENSG00000118046,2.3544095,2.3681753,10
ENSG00000169495,1.0990571,1.5628042,10
ENSG00000153310,2.5121644,2.4411025,10
ENSG00000132024,1.8680364,2.3790643,10
ENSG00000183401_1,2.4381793,1.9303019,10
ENSG00000164761,0.9624032,2.1382902,10
ENSG00000137573_2,0.0879832,0.0,10
ENSG00000161914,2.369585,1.8722029,10
ENSG00000074181,1.113037,0.0,10
ENSG00000104325,2.127828,3.0645478,10
ENSG00000291128,0.2690398,0.5180662,10
ENSG00000127445,2.3178215,2.6721506,10
ENSG00000290720,1.0410515,0.0,10
ENSG00000197380,1.9136653,1.4907448,10
ENSG00000131408,1.4086238,0.0,10
ENSG00000070756,0.39438793,0.0,10
ENSG00000083828,1.7616552,2.309545,10
ENSG00000116014,1.2121764,1.6014733,10
ENSG00000245910_1,0.38457122,0.0,10
ENSG00000269243,1.2815273,0.0,10
ENSG00000125657,2.769154,3.0709684,10
ENSG00000076641,1.8837028,2.3526127,10
ENSG00000178287,0.095657945,0.0,10
ENSG00000038945_2,0.10621966,0.0,10
ENSG00000286010,0.17465566,0.0,10
ENSG00000011451,2.2348368,2.619886,10
ENSG00000164825,0.17559366,0.0,10
ENSG00000185236,2.8079233,2.784774,10
ENSG00000248531,0.15611309,0.0,10
ENSG00000011590,0.4451107,0.0,10
ENSG00000038945_1,0.073762104,0.0,10
ENSG00000287301,0.40807626,0.0,10
ENSG00000182013,0.94405115,1.5858779,10
ENSG00000158856,0.74973863,1.2669134,10
ENSG00000012124,0.31773856,0.0,10
ENSG00000147655,0.5756395,1.2332754,10
ENSG00000161082_1,0.8068853,0.9529715,10
ENSG00000249816_2,0.09772232,0.0,10
ENSG00000105552,1.8853837,1.7601736,10
ENSG00000130816_1,2.6249728,3.2875264,10
ENSG00000185122,2.2795658,3.0450256,10
ENSG00000158815,0.5484091,0.9400979,10
ENSG00000153310_1,1.9525523,2.2698958,10
ENSG00000105612,2.0055792,2.574692,10
ENSG00000104442,2.2957578,0.0,10
ENSG00000262874,0.35860583,0.0,10
ENSG00000136574,0.33658445,0.0,10
ENSG00000250305_1,1.2293435,1.4194435,10
ENSG00000160161,0.59026915,1.6785092,10
ENSG00000102575,0.34637585,0.98511195,10
ENSG00000131037_1,0.7194468,1.0052835,10
ENSG00000196081,1.9462165,2.4589565,10
ENSG00000120910,2.629919,2.3724148,10
ENSG00000008441,1.5810829,2.371991,10
ENSG00000004777,1.7286466,1.8424976,10
ENSG00000120875,2.0009158,3.2067423,10
ENSG00000288704,2.2897027,1.3365998,10
ENSG00000147642_3,0.92677104,1.458819,10
ENSG00000268536,2.0063431,0.0,10
ENSG00000147804_1,0.5553833,1.2623324,10
ENSG00000179922,1.2441634,1.3982074,10
ENSG00000092964,0.96259856,1.0443045,10
ENSG00000105341_1,2.3318872,2.4724288,10
ENSG00000130529_1,0.45095038,0.959299,10
ENSG00000245680,1.1133556,0.0,10
ENSG00000132017,2.1057296,2.2682362,10
ENSG00000164934_1,2.3835816,0.0,10
ENSG00000170889_1,2.7115943,1.7776805,10
ENSG00000253507,0.0653743,0.0,10
ENSG00000285744,1.5242299,0.0,10
ENSG00000179873,0.20537633,0.72952116,10
ENSG00000167554,0.8516575,0.0,10
ENSG00000198182,0.8377099,0.0,10
ENSG00000168619,0.31572863,0.0,10
ENSG00000196415,0.15000464,0.70772344,10
ENSG00000126456_1,2.2591221,1.8255495,10
ENSG00000199631,1.0584475,1.6928998,10
ENSG00000123146_2,2.3059025,3.0116677,10
ENSG00000170873_1,1.5533215,0.0,10
ENSG00000105419,0.91202956,1.2030873,10
ENSG00000161265,1.1818913,1.9178939,10
ENSG00000167766,1.9099743,2.3831239,10
ENSG00000095066_2,2.5611706,2.2025428,10
ENSG00000032444,0.6626792,0.0,10
ENSG00000164920,1.5810055,0.9967524,10
ENSG00000213999,0.96389985,2.4867535,10
ENSG00000117877,2.071732,2.2419548,10
ENSG00000189013,0.12840655,0.0,10
ENSG00000042832_2,0.14939876,0.0,10
ENSG00000104805,1.5972522,2.537353,10
ENSG00000198363_3,0.10745613,0.0,10
ENSG00000104907,1.767388,2.4719515,10
ENSG00000168484,0.14644922,0.69060624,10
ENSG00000147471,2.4433422,2.773527,10
ENSG00000182372,0.16482796,0.0,10
ENSG00000205268,2.5864797,2.6581259,10
ENSG00000130725_1,2.8817945,2.6363375,10
ENSG00000008441_3,0.8448136,0.86917305,10
ENSG00000251369,1.2428614,1.8824106,10
ENSG00000105255,0.9151494,1.1009183,10
ENSG00000176956_2,0.79801637,1.027268,10
ENSG00000105698,1.8875374,2.7025347,10
ENSG00000160888,1.8921542,1.7397084,10
ENSG00000070501,1.7164253,2.3940153,10
ENSG00000141994,2.5207572,2.466001,10
ENSG00000180155_1,1.0409975,0.0,10
ENSG00000090924,1.5628935,1.1387668,10
ENSG00000154188_2,0.18072729,0.0,10
ENSG00000204936,0.24089111,0.7528241,10
ENSG00000213988,0.54146194,1.2520614,10
ENSG00000269404,1.42204,3.229623,10
ENSG00000189052,0.22068508,0.0,10
ENSG00000251136,1.6345156,0.0,10
ENSG00000105618,2.344277,0.0,10
ENSG00000293484,0.3464461,0.95298606,10
ENSG00000105373,2.3956652,3.1272311,10
ENSG00000104419_1,0.1275297,0.0,10
ENSG00000268480_1,0.36903206,1.2981541,10
ENSG00000267339_1,0.023506897,0.0,10
ENSG00000186431,0.049525328,0.0,10
ENSG00000130751,0.621362,1.1734223,10
ENSG00000181195,0.71946985,0.0,10
ENSG00000189114,2.0787015,2.1575687,10
ENSG00000147601,2.0461774,2.6777356,10
ENSG00000245598,1.2481542,0.0,10
ENSG00000147408_1,0.1576551,0.0,10
ENSG00000125744,0.8785777,0.0,10
ENSG00000202360,0.88030577,0.0,10
ENSG00000141934,1.1740001,1.0108509,10
ENSG00000164919,1.9204938,3.7274373,10
ENSG00000127533,1.5915121,1.3312268,10
ENSG00000126464,2.13792,2.854154,10
ENSG00000104852,2.601741,3.37581,10
ENSG00000161016_1,2.4294786,4.0462728,10
ENSG00000248599,0.28114352,0.0,10
ENSG00000164951,1.7045563,1.3564657,10
ENSG00000204866,0.10674656,0.0,10
ENSG00000157168_1,1.3258787,1.6592505,10
ENSG00000178209_2,1.5136176,1.5851334,10
ENSG00000188321,1.8362437,1.6687958,10
ENSG00000249861,0.106022194,0.0,10
ENSG00000156802_1,1.4533166,0.0,10
ENSG00000130517,1.8125588,2.615766,10
ENSG00000007306,0.14585814,0.71874243,10
ENSG00000104763,2.451635,2.8941255,10
ENSG00000076928,2.3262768,2.5750065,10
ENSG00000087088,2.710932,2.7509563,10
ENSG00000204653_1,0.5985591,0.0,10
ENSG00000021488,0.13880052,0.0,10
ENSG00000168575_3,2.423975,2.7970104,10
ENSG00000164924_4,2.3422782,2.6902316,10
ENSG00000099203,2.6636524,1.592887,10
ENSG00000267680,1.4359201,2.0636635,10
ENSG00000130313,2.5674412,2.6927059,10
ENSG00000071655,2.3170323,1.627847,10
ENSG00000121005_2,0.05688829,0.6414939,10
ENSG00000137575,1.7887312,2.5114315,10
ENSG00000253553,0.85225207,0.84333247,10
ENSG00000104518,1.8261503,2.5166688,10
ENSG00000130287,0.64161074,0.0,10
ENSG00000156787,1.5873631,2.1055613,10
ENSG00000276980,0.25734374,1.7312664,10
ENSG00000196437,1.9414425,2.2253094,10
ENSG00000105479_1,2.859418,1.333286,10
ENSG00000272138,1.0638263,1.1408222,10
ENSG00000076554_4,2.4834783,3.0675693,10
ENSG00000167635,2.6370559,3.004605,10
ENSG00000167680,0.13593441,0.0,10
ENSG00000180155,0.7698096,1.1418384,10
ENSG00000289906,0.14982975,0.0,10
ENSG00000156735_1,0.08758025,0.0,10
ENSG00000291317_1,1.3731745,1.7762071,10
ENSG00000140396_1,2.0083451,2.1881688,10
ENSG00000291317,1.6236315,1.6354938,10
ENSG00000125741,2.9349499,2.6122348,10
ENSG00000105321,2.260958,2.4232721,10
ENSG00000129990,0.81475174,0.0,10
ENSG00000152443,1.5130765,2.2360003,10
ENSG00000157110_2,0.39984888,0.0,10
ENSG00000120963_1,2.1903248,1.9500726,10
ENSG00000198342,1.4424788,1.1250907,10
ENSG00000133742,0.04622151,0.0,10
ENSG00000197446,0.27209532,1.2214925,10
ENSG00000105364_1,2.604901,3.3118873,10
ENSG00000105568,2.9550178,3.2327013,10
ENSG00000035681,0.8077377,0.0,10
ENSG00000181690,2.1657848,2.0583236,10
ENSG00000104205_1,1.6137642,1.6604481,10
ENSG00000104320_2,2.3539383,3.1225533,10
ENSG00000147454,2.1016047,2.6318576,10
ENSG00000253729_1,0.17185228,0.0,10
ENSG00000271171,0.66489464,1.0532322,10
ENSG00000184635,1.7829151,1.972499,10
ENSG00000197124_1,0.556612,0.87678343,10
ENSG00000254415,0.68330586,1.5149726,10
ENSG00000039650,2.0299203,0.0,10
ENSG00000104419_3,1.7541344,1.9844958,10
ENSG00000171033,1.9974889,0.0,10
ENSG00000266903,0.49195346,0.79588,10
ENSG00000213023_1,0.8866353,1.9617552,10
ENSG00000105321_1,1.5911855,0.0,10
ENSG00000214456,0.60403466,1.1886191,10
ENSG00000248538,0.92054284,0.0,10
ENSG00000160882,0.21087904,0.0,10
ENSG00000251136_1,1.8011086,1.6959804,10
ENSG00000253161_3,0.13855469,0.0,10
ENSG00000251136_2,2.4675126,2.1316893,10
ENSG00000160505,0.27987388,0.681829,10
ENSG00000267898,2.1172533,1.9083027,10
ENSG00000187474,0.047371402,0.0,10
ENSG00000176024,1.6237215,1.5508372,10
ENSG00000160877_1,2.2706568,2.7085423,10
ENSG00000182087,2.7267323,2.9476836,10
ENSG00000267577,0.17963438,0.0,10
ENSG00000156471,2.40408,3.1752305,10
ENSG00000174886,2.7420683,0.0,10
ENSG00000183779,1.6239892,1.6864575,10
ENSG00000189144,1.3088533,1.4061313,10
ENSG00000134014_1,2.447843,2.745831,10
ENSG00000196361,1.2646123,1.5021812,10
ENSG00000104267,1.5446862,1.3184807,10
ENSG00000125746_2,1.2277201,1.3109481,10
ENSG00000130513,2.0234354,0.0,10
ENSG00000105492,0.74705267,0.0,10
ENSG00000099866_1,0.6198831,0.88245624,10
ENSG00000291080,1.6584238,1.6526331,10
ENSG00000198723_1,0.17387564,0.0,10
ENSG00000011451_2,1.5795172,1.6977522,10
ENSG00000156011_1,0.16046073,0.0,10
ENSG00000011422,1.0622817,0.79591477,10
ENSG00000156011_4,1.3184763,0.0,10
ENSG00000205517_1,0.5254386,1.1031878,10
ENSG00000130529,0.627245,1.0378327,10
ENSG00000126246_1,1.8129817,0.0,10
ENSG00000104213,0.698766,0.95455605,10
ENSG00000253168,0.07082227,0.0,10
ENSG00000104447,0.10985024,0.62155324,10
ENSG00000197217,1.7956134,2.3254213,10
ENSG00000063169,1.9902314,2.2754266,10
ENSG00000105664,0.5830283,0.92337877,10
ENSG00000167700,1.9389037,1.8034639,10
ENSG00000254377_3,0.3762845,0.5748181,10
ENSG00000090372,2.078158,2.5126045,10
ENSG00000079385,0.6110085,0.0,10
ENSG00000186106,1.9451138,2.5515232,10
ENSG00000186838,0.3536029,0.89167124,10
ENSG00000160392_1,2.3809373,0.0,10
ENSG00000170631,1.283229,1.8114946,10
ENSG00000039650_2,2.3533874,2.2530665,10
ENSG00000078668,2.6753902,3.1441631,10
ENSG00000137561,1.0817611,1.7082679,10
ENSG00000156006,0.046187036,0.0,10
ENSG00000130844_1,2.1662624,1.8475789,10
ENSG00000180448_1,2.2641158,2.287421,10
ENSG00000167759,0.37456372,1.1725124,10
ENSG00000032444_3,0.5945835,0.99239886,10
ENSG00000121005,0.87366605,1.2886739,10
ENSG00000253678,0.40643963,0.0,10
ENSG00000070756_1,0.07415064,1.2707092,10
ENSG00000266904,2.3810098,1.5026592,10
ENSG00000179134,2.2796888,2.3106573,10
ENSG00000105227_1,0.31484866,0.0,10
ENSG00000254251_1,0.10717584,0.0,10
ENSG00000291131,0.93266183,1.1356382,10
ENSG00000105323_2,2.2470155,2.477541,10
ENSG00000104327,0.46782133,0.0,10
ENSG00000165046_1,1.6104258,1.6573523,10
ENSG00000121022,2.474647,2.9866097,10
ENSG00000184608,0.18156855,0.0,10
ENSG00000104969,2.562842,2.8907316,10
ENSG00000064490_2,2.0849576,2.5506148,10
ENSG00000147650_1,2.3503494,2.2631152,10
ENSG00000213563,1.3287429,1.871386,10
ENSG00000221923,1.529804,2.2518766,10
ENSG00000198464,2.1779835,0.0,10
ENSG00000188305,0.5700099,0.0,10
ENSG00000254521,0.30589786,1.5394524,10
ENSG00000064490_1,2.1815002,2.5913217,10
ENSG00000125656_1,0.6034333,0.0,10
ENSG00000173334,1.8361889,2.540188,10
ENSG00000105642_1,0.9284049,1.4953222,10
ENSG00000090006,0.89142495,0.0,10
ENSG00000167637,0.8342067,1.4533795,10
ENSG00000076554_2,0.25483143,1.276048,10
ENSG00000105053,2.4126449,0.60762656,10
ENSG00000130669,1.833066,2.2595747,10
ENSG00000169154,0.12523833,0.0,10
ENSG00000268655,0.63696957,0.0,10
ENSG00000104361,2.0423088,2.0839932,10
ENSG00000170323,0.05030676,0.0,10
ENSG00000088247,1.6403785,0.0,10
ENSG00000167658_1,2.51278,4.29064,10
ENSG00000172270_1,2.4451451,3.431838,10
ENSG00000046889,1.2216223,1.6733527,10
ENSG00000104866_1,2.6065922,2.1944616,10
ENSG00000166398,2.0613742,2.040634,10
ENSG00000180479,1.3130677,1.3102046,10
ENSG00000198453,1.5432829,0.0,10
ENSG00000130254,2.8021774,2.899185,10
ENSG00000182307,2.0578089,2.6523712,10
ENSG00000182310,0.18898547,0.0,10
ENSG00000105397_1,0.68329626,1.3638752,10
ENSG00000173273_2,0.8506957,0.0,10
ENSG00000161249_2,1.0514067,2.7963314,10
ENSG00000088256,1.7628231,2.1728423,10
ENSG00000128016,2.6335218,3.4949696,10
ENSG00000130758,2.0982776,1.5735446,10
ENSG00000187116,0.11825284,0.0,10
ENSG00000203326,1.5950041,0.0,10
ENSG00000249816,0.16915639,0.0,10
ENSG00000130755,1.6346012,2.5786438,10
ENSG00000167785,1.428131,1.2333008,10
ENSG00000254777_1,2.4480853,1.1783149,10
ENSG00000167755,0.20249961,0.8824221,10
ENSG00000164830,1.5807835,1.592521,10
ENSG00000105185,2.151247,3.6543498,10
ENSG00000128000,1.8567506,2.2616792,10
ENSG00000133265_1,1.4822925,2.7568932,10
ENSG00000053501,2.3182328,1.803505,10
ENSG00000104774_1,1.9145263,3.0373907,10
ENSG00000197265_1,2.6164718,2.9743598,10
ENSG00000147526_1,1.3434602,1.8026028,10
ENSG00000104814,0.27885008,0.0,10
ENSG00000176571,0.07376376,0.0,10
ENSG00000164879,0.56791854,0.0,10
ENSG00000105329_1,1.9931811,3.4421346,10
ENSG00000204673,3.0220392,2.1248171,10
ENSG00000240694,1.1163231,0.9465996,10
ENSG00000272333,2.3954248,2.4558098,10
ENSG00000253824,0.28816202,0.0,10
ENSG00000104880_1,2.1265912,2.1838646,10
ENSG00000159882,2.0306501,1.7115254,10
ENSG00000105143_1,1.24177,1.624086,10
ENSG00000269696,1.1013031,1.0443045,10
ENSG00000121022_2,0.14294608,0.0,10
ENSG00000164796,0.34435752,0.9700864,10
ENSG00000104921,2.5002708,3.3144045,10
ENSG00000105366,0.15622216,0.0,10
ENSG00000186272,1.4555967,1.9001049,10
ENSG00000129437,0.20313093,0.0,10
ENSG00000104936_1,0.41364446,1.0557222,10
ENSG00000198521,0.6291323,1.4739101,10
ENSG00000123154,1.6901599,0.0,10
ENSG00000168078,1.7177144,2.8126488,10
ENSG00000176909,0.48202834,0.0,10
ENSG00000123143,1.8680159,2.409057,10
ENSG00000105011,2.3375769,2.7909098,10
ENSG00000225975,2.0577407,1.8562381,10
ENSG00000197363,2.1700947,1.6200736,10
ENSG00000104290,2.2533345,2.255393,10
ENSG00000164951_1,0.9168289,0.0,10
ENSG00000134013_1,0.27955934,0.6479206,10
ENSG00000128626,2.5381393,2.962898,10
ENSG00000205038_1,1.3542572,0.0,10
ENSG00000121413,0.7167051,1.4767302,10
ENSG00000105246,2.1568465,3.9184194,10
ENSG00000213015_1,1.992395,2.6432197,10
ENSG00000254377_4,0.41675547,0.7819707,10
ENSG00000130208_3,0.50081486,0.8786832,10
ENSG00000253133,2.307778,2.474867,10
ENSG00000188508,0.12388294,0.0,10
ENSG00000071655_1,2.322419,2.5167997,10
ENSG00000255364,0.07799426,0.0,10
ENSG00000126243_1,1.1610163,1.3045552,10
ENSG00000028277_1,1.4567397,2.119589,10
ENSG00000167748,0.31988463,0.0,10
ENSG00000178150_1,1.0924648,0.9880727,10
ENSG00000307772,0.11188496,0.0,10
ENSG00000196263,0.84123755,1.3907338,10
ENSG00000253593,0.08629684,0.5747834,10
ENSG00000254377,0.23458263,0.9318645,10
ENSG00000196705,1.9503077,2.751674,10
ENSG00000104863,0.91068316,1.4976897,10
ENSG00000160959,2.1656702,1.8717772,10
ENSG00000179832,2.2696304,2.0079226,10
ENSG00000187664,0.49848792,0.0,10
ENSG00000105479,0.48318067,0.707766,10
ENSG00000267277,2.8137193,1.8119167,10
ENSG00000258405,0.42630604,0.0,10
ENSG00000229140_2,0.24944629,0.0,10
ENSG00000167595,2.535266,2.2628376,10
ENSG00000155792,1.1950918,1.6397852,10
ENSG00000167468_1,1.0132121,1.8004009,10
ENSG00000130818,1.4557277,1.7076179,10
ENSG00000120889,2.313901,2.9689972,10
ENSG00000167600,0.94053304,1.7724391,10
ENSG00000129455_2,0.23052557,0.0,10
ENSG00000154582,2.7363048,3.052671,10
ENSG00000198453_2,0.5105597,0.0,10
ENSG00000069399,1.6059026,1.7709771,10
ENSG00000196357_1,2.686544,1.951726,10
ENSG00000284268,2.317214,3.3386078,10
ENSG00000159915,0.67267084,1.3333404,10
ENSG00000065989_1,0.30399206,1.2684844,10
ENSG00000213339,1.4324313,2.3330703,10
ENSG00000213999_1,2.4163387,2.2727232,10
ENSG00000008513,0.27019832,0.94333124,10
ENSG00000104951_1,2.9644587,3.875264,10
ENSG00000105576,2.272881,0.0,10
ENSG00000213996,0.8899806,1.3109694,10
ENSG00000167613,0.20954521,0.0,10
ENSG00000158941_1,2.3931637,1.9822487,10
ENSG00000201675,1.3921775,1.847992,10
ENSG00000233927,2.551469,0.0,10
ENSG00000152439,1.863536,1.8334085,10
ENSG00000156011_3,0.27397516,0.0,10
ENSG00000008988_1,2.505455,4.032522,10
ENSG00000105197,2.5411892,3.0356538,10
ENSG00000130332,2.2981968,0.0,10
ENSG00000178229,2.4340906,2.1396303,10
ENSG00000099797_2,0.408205,1.1335708,10
ENSG00000104450_2,1.8315563,1.9235083,10
ENSG00000168476,2.0148656,2.6929412,10
ENSG00000171443,2.720314,1.9923944,10
ENSG00000199652,0.06462796,2.327179,10
ENSG00000063177,0.50951254,0.0,10
ENSG00000156170,1.2085145,1.1687626,10
ENSG00000267796,1.5327796,2.0643082,10
ENSG00000008853_2,2.001744,1.7788961,10
ENSG00000142039,2.5946302,2.5656354,10
ENSG00000125733,1.7967412,2.3956146,10
ENSG00000234616,2.0506768,2.2189555,10
ENSG00000131115_1,1.7033058,2.1845496,10
ENSG00000104738,2.4963398,3.3962743,10
ENSG00000029534,0.95899093,1.2909268,10
ENSG00000161681,1.2770666,1.6227216,10
ENSG00000104808,0.7907659,0.0,10
ENSG00000198042,2.4584913,3.0327678,10
ENSG00000133863,0.39194754,0.0,10
ENSG00000226686,0.62895036,0.0,10
ENSG00000176472,2.3699298,1.9073038,10
ENSG00000104343,2.1902304,2.2575874,10
ENSG00000253474,0.1265331,1.3456482,10
ENSG00000159885,0.8645507,0.0,10
ENSG00000105705,2.0077803,2.4512243,10
ENSG00000105392,0.25876603,0.0,10
ENSG00000066855_1,0.104112685,0.0,10
ENSG00000104964_2,0.7180997,2.3398092,10
ENSG00000089351_3,1.2475656,1.4493086,10
ENSG00000095932,0.3193532,0.0,10
ENSG00000267100,2.79855,2.1005015,10
ENSG00000105640,2.7114933,4.295052,10
ENSG00000249859_5,0.44669,0.895312,10
ENSG00000261949,0.1594974,0.0,10
ENSG00000168495,2.353578,2.625878,10
ENSG00000099812,0.4556988,0.86338234,10
ENSG00000012232_1,2.1472774,2.2279844,10
ENSG00000169035,0.4654545,0.0,10
ENSG00000104824,2.9658074,3.7588446,10
ENSG00000268621,0.12905023,0.0,10
ENSG00000104859,2.1255815,2.4848506,10
ENSG00000242852,1.6665692,1.5277973,10
ENSG00000261236,2.1872716,2.9625084,10
ENSG00000171124,0.1261576,0.0,10
ENSG00000006638,0.8269104,1.3101833,10
ENSG00000129455_1,0.19340499,0.0,10
ENSG00000254092,0.26748693,0.0,10
ENSG00000167460_5,0.17743246,0.0,10
ENSG00000253230_2,0.5705372,1.2938265,10
ENSG00000127666,2.3812258,2.9838648,10
ENSG00000132561_2,0.10750518,0.0,10
ENSG00000105609,0.196443,0.70767236,10
ENSG00000228323,0.63287866,1.0299112,10
ENSG00000131398,1.7788062,0.85545856,10
ENSG00000121410_1,0.2550368,0.0,10
ENSG00000196214_1,0.13763191,0.0,10
ENSG00000105695,0.3088174,0.0,10
ENSG00000173273_1,0.1912228,0.0,10
ENSG00000104888,0.23502995,0.0,10
ENSG00000104689,1.3078882,2.5089874,10
ENSG00000066044,2.3043246,3.082412,10
ENSG00000130299_1,1.08642,1.3620487,10
ENSG00000142252,2.4286008,2.3935192,10
ENSG00000186529,0.10887718,0.0,10
ENSG00000291089,0.5106271,1.3232521,10
ENSG00000188505,1.1213833,1.6919651,10
ENSG00000040341_2,1.1680115,1.8964105,10
ENSG00000197020,1.8674058,2.474123,10
ENSG00000064547_1,1.3951105,2.1978867,10
ENSG00000129422,0.18681088,0.0,10
ENSG00000091879,0.2588537,0.5709747,10
ENSG00000089335,2.5253,2.3531966,10
ENSG00000125910,1.8284032,1.7634654,10
ENSG00000105738,2.4415503,2.8120506,10
ENSG00000075702,2.5738497,2.3546827,10
ENSG00000172733,1.7158291,1.901747,10
ENSG00000286122,0.12367767,0.0,10
ENSG00000179091,2.145133,3.1595461,10
ENSG00000099785,1.6207532,1.836903,10
ENSG00000147488,0.12523907,0.0,10
ENSG00000269091,0.7172421,0.9182401,10
ENSG00000283103,2.2686243,1.9726517,10
ENSG00000104231,1.7081105,2.631049,10
ENSG00000104237_1,0.04245416,0.0,10
ENSG00000177045_1,1.7320443,1.6757417,10
ENSG00000167578,3.2396693,2.2147193,10
ENSG00000167604,1.6440341,0.0,10
ENSG00000207215,0.09744272,0.0,10
ENSG00000291086,2.251764,2.077037,10
ENSG00000167653,1.1190532,0.0,10
ENSG00000196109,0.2571039,0.9821355,10
ENSG00000253374,0.1615452,1.0150158,10
ENSG00000237807,0.36548802,0.0,10
ENSG00000129295,0.6316937,0.75273967,10
ENSG00000099817,2.4348052,3.003383,10
ENSG00000079313_1,2.5282435,2.2879987,10
ENSG00000258405_1,0.32868007,1.0800996,10
ENSG00000168300_1,2.5196648,2.4515193,10
ENSG00000253741,2.2105036,1.2729734,10
ENSG00000132554_1,0.94468105,0.96547455,10
ENSG00000130208,0.17410736,0.6877251,10
ENSG00000254618,0.16447215,1.7648976,10
ENSG00000003989,1.2976873,1.4405313,10
ENSG00000164816,0.1411178,0.0,10
ENSG00000196724,0.90158814,1.0417242,10
ENSG00000095059,2.6975641,2.7496645,10
ENSG00000182986_1,1.4729232,2.1926036,10
ENSG00000254092_1,0.1794959,0.0,10
ENSG00000142444,2.1583052,2.1837537,10
ENSG00000176406_1,1.0435874,1.1197177,10
ENSG00000253665,0.14019433,0.0,10
ENSG00000176920,0.20904852,0.8309285,10
ENSG00000232098,2.2363582,1.5918323,10
ENSG00000170604,2.343637,2.0726027,10
ENSG00000277586,1.062178,1.7435803,10
ENSG00000171466,1.639748,2.2758777,10
ENSG00000167461,2.6506894,3.471167,10
ENSG00000142556,2.3578951,1.7660706,10
ENSG00000253196,0.20419692,0.0,10
ENSG00000160439_1,0.32147264,0.9530006,10
ENSG00000124440,0.63686335,1.304497,10
ENSG00000164741_2,0.08492033,0.0,10
ENSG00000184374,0.09349868,0.0,10
ENSG00000187266,0.38286397,0.0,10
ENSG00000179213,0.65823245,0.0,10
ENSG00000232677,0.48261797,1.1792932,10
ENSG00000168813,1.8888488,2.3482425,10
ENSG00000156170_1,2.4739296,2.2143352,10
ENSG00000198346,1.1240569,0.0,10
ENSG00000253227,0.08544293,0.0,10
ENSG00000063127,0.55023116,0.0,10
ENSG00000249859_7,0.11201398,0.0,10
ENSG00000105402,0.4426618,1.4215546,10
ENSG00000124444,2.796278,2.3285222,10
ENSG00000198363_4,2.0848722,2.6354134,10
ENSG00000130812_1,2.6890802,1.7283537,10
ENSG00000126458,2.2582328,1.8595766,10
ENSG00000275901,0.30796155,0.0,10
ENSG00000155099,2.1930597,3.0076838,10
ENSG00000196961,2.5203166,2.694298,10
ENSG00000216588,0.17895466,0.0,10
ENSG00000253105,0.07959685,0.0,10
ENSG00000104313_1,0.14607576,0.0,10
ENSG00000129353_1,0.8519673,1.124028,10
ENSG00000278318,0.39905176,0.9716052,10
ENSG00000155970,1.4560797,1.4022614,10
ENSG00000164822,0.20424534,0.992421,10
ENSG00000091656_1,0.2907032,0.0,10
ENSG00000161249,0.49232334,1.2214664,10
ENSG00000180043,0.27480122,0.0,10
ENSG00000187994_1,1.5554947,2.382588,10
ENSG00000099330,2.0580292,2.072992,10
ENSG00000127452_1,1.8813461,1.4762228,10
ENSG00000205133_1,1.0829076,2.108528,10
ENSG00000185189,1.6333126,1.4958633,10
ENSG00000184162,1.4386355,1.7972267,10
ENSG00000253339,0.13460852,0.0,10
ENSG00000182759,1.2620617,1.2040114,10
ENSG00000147536,2.3805666,0.0,10
ENSG00000130377,0.12397033,0.5266752,10
ENSG00000147481,0.49986103,1.0894847,10
ENSG00000269439,2.446016,0.0,10
ENSG00000161609,0.66449714,0.0,10
ENSG00000174837,0.28772405,0.0,10
ENSG00000072958,2.49712,2.7579682,10
ENSG00000184489_1,0.21367331,0.0,10
ENSG00000215262,0.07021695,0.0,10
ENSG00000147596,0.6556699,0.8861522,10
ENSG00000105219,0.30977884,1.1109935,10
ENSG00000147439,2.1968143,2.5383675,10
ENSG00000169946_1,0.78556526,1.2591636,10
ENSG00000196967,1.2476103,0.0,10
ENSG00000201763,0.19751687,0.0,10
ENSG00000133878,0.51597404,1.3009431,10
ENSG00000121022_1,2.1652918,3.0277612,10
ENSG00000253972,0.044262104,0.0,10
ENSG00000167619,1.1542737,2.077346,10
ENSG00000147437,0.12098453,0.0,10
ENSG00000164695,0.5527085,1.8132674,10
ENSG00000165078,0.29911375,1.1197275,10
ENSG00000076650,1.6901916,2.0951903,10
ENSG00000105700,2.6119974,3.2312734,10
ENSG00000173530,1.2599534,2.5742025,10
ENSG00000074219_2,0.62974524,1.4302042,10
ENSG00000104866,2.1109335,1.2820939,10
ENSG00000105122,1.8931407,2.5679986,10
ENSG00000196214,2.343697,2.3956113,10
ENSG00000249859_3,1.5510758,2.7186985,10
ENSG00000141873,1.8615537,2.1100845,10
ENSG00000179388,1.7241176,2.6589725,10
ENSG00000198453_1,0.63583994,1.3305761,10
ENSG00000254004,2.144607,2.3342245,10
ENSG00000142405,0.27701142,0.0,10
ENSG00000253661,0.21586828,0.6479333,10
ENSG00000081665,2.1004658,0.0,10
ENSG00000197714,2.8735023,2.2786622,10
ENSG00000171649,1.0410147,0.0,10
ENSG00000129932_1,2.601327,0.0,10
ENSG00000099875,2.576073,2.3760493,10
ENSG00000124440_1,0.18381609,0.0,10
ENSG00000267254,1.35822,0.0,10
ENSG00000257446,1.6105039,1.9132097,10
ENSG00000022556_1,0.50621665,0.0,10
ENSG00000157168_3,0.75871634,1.7164909,10
ENSG00000155090,2.4591582,2.6639664,10
ENSG00000141867_2,2.3363895,3.0590065,10
ENSG00000167685,2.0502641,2.2882156,10
ENSG00000270164_1,0.94938886,1.7565068,10
ENSG00000104537,0.119757794,0.0,10
ENSG00000129696,2.0291047,2.2539604,10
ENSG00000104626,2.195908,2.8037438,10
ENSG00000104517,2.611763,2.950579,10
ENSG00000170892_1,2.6505435,1.6526524,10
ENSG00000126461,2.6436038,2.5505304,10
ENSG00000173875,2.667368,2.712595,10
ENSG00000214046,2.5450919,0.0,10
ENSG00000164764,1.153202,1.1783149,10
ENSG00000275183,1.9210129,1.3902284,10
ENSG00000180938,0.59242487,0.0,10
ENSG00000090006_6,1.39795,1.7795964,10
ENSG00000290587,0.5666554,0.0,10
ENSG00000095932_1,0.5103189,0.9006948,10
ENSG00000130227,2.177921,2.435588,10
ENSG00000175305_1,1.4668862,1.4205663,10
ENSG00000187550,0.44866708,1.0443045,10
ENSG00000165061,0.50025237,1.1417413,10
ENSG00000253117,0.20111705,0.0,10
ENSG00000105519,0.17006986,0.88434213,10
ENSG00000176840,0.19259575,0.0,10
ENSG00000198077,0.15986565,0.0,10
ENSG00000042832_1,0.11489414,0.0,10
ENSG00000105289,0.25469485,0.0,10
ENSG00000267133,0.14147644,0.0,10
ENSG00000104635,1.8673402,2.2972527,10
ENSG00000120913_4,0.54772484,0.8843025,10
ENSG00000180900,1.8427771,2.3003912,10
ENSG00000099622_1,2.625051,3.4108987,10
ENSG00000142002_1,0.693458,0.0,10
ENSG00000130475_2,0.45736292,0.9200189,10
ENSG00000105223_2,0.7570703,0.0,10
ENSG00000215114,1.9470378,0.0,10
ENSG00000185800,2.2685711,2.21288,10
ENSG00000125503,2.138733,2.2209184,10
ENSG00000188283,2.1116772,1.8576038,10
ENSG00000197863_2,1.501992,1.334695,10
ENSG00000125726,2.8811932,3.4009178,10
ENSG00000160959_1,2.3919778,1.7153347,10
ENSG00000120896_5,0.74691015,1.2137568,10
ENSG00000086967,0.6324334,1.4005708,10
ENSG00000179218,2.5958958,4.1576443,10
ENSG00000267757,2.2773635,1.785458,10
ENSG00000178896,2.4651675,2.435172,10
ENSG00000234906,0.3023257,0.0,10
ENSG00000123146_1,1.5388546,3.2208922,10
ENSG00000080031_1,0.47918978,1.6315076,10
ENSG00000164935_1,0.12878738,0.0,10
ENSG00000167632_2,2.279015,2.3028264,10
ENSG00000063244,2.8968744,2.3408267,10
ENSG00000074219,0.21724792,0.6574861,10
ENSG00000099785_1,0.23867516,1.1229692,10
ENSG00000167702,1.3830293,1.4993846,10
ENSG00000104722,1.0980785,1.072948,10
ENSG00000258724,2.288121,2.4007192,10
ENSG00000261857,0.2692689,0.0,10
ENSG00000188343,1.5563241,2.4697824,10
ENSG00000186111,1.8025869,2.4042177,10
ENSG00000129422_3,0.13825516,0.0,10
ENSG00000253161_1,0.06667009,0.0,10
ENSG00000164924,1.7387866,1.5283381,10
ENSG00000168487,1.7198634,1.537038,10
ENSG00000169393,0.0623689,0.0,10
ENSG00000105641,0.4286075,1.4676229,10
ENSG00000129351,2.7746358,3.4559877,10
ENSG00000105499,1.0595928,1.623394,10
ENSG00000104549,2.4328916,2.8570006,10
ENSG00000099866,2.2435846,1.1868716,10
ENSG00000267106_1,2.015512,1.3755538,10
ENSG00000253893_2,0.3832825,0.0,10
ENSG00000126247,2.58709,3.1139867,10
ENSG00000013275,2.6178336,3.2409134,10
ENSG00000036448,0.11440301,0.93841964,10
ENSG00000167775,2.4008007,2.7377808,10
ENSG00000293380,0.4816502,0.0,10
ENSG00000142512,1.5056381,0.0,10
ENSG00000099624,2.0836904,3.604633,10
ENSG00000283632,0.1891632,0.74770695,10
ENSG00000076826,1.4428041,2.0016904,10
ENSG00000130175,2.3174088,3.3440835,10
ENSG00000104825,2.4966183,2.7963037,10
ENSG00000105398,0.07493672,0.0,10
ENSG00000129932,0.24913143,0.0,10
ENSG00000290988,0.6188284,1.025879,10
ENSG00000198440,2.1424942,0.0,10
ENSG00000142515,0.26914293,0.6511132,10
ENSG00000167671,0.4031038,1.3468965,10
ENSG00000167378,2.7160554,0.0,10
ENSG00000189164,2.2599254,1.6401036,10
ENSG00000250799,0.1674115,0.7399914,10
ENSG00000181894,1.0593897,1.8135142,10
ENSG00000147408,0.4006927,1.0519509,10
ENSG00000154328,1.9730352,2.2328615,10
ENSG00000267855,2.4926987,3.3099663,10
ENSG00000142459,1.9617059,1.699725,10
ENSG00000105707_1,0.2539657,1.0231961,10
ENSG00000125505,2.490527,0.0,10
ENSG00000177570,1.969725,2.5069797,10
ENSG00000254101_2,0.8606832,0.0,10
ENSG00000011600,0.3868371,0.79817396,10
ENSG00000064932,1.7329851,1.955452,10
ENSG00000127527,2.3089867,2.5788786,10
ENSG00000183808,2.6131682,2.6575816,10
ENSG00000130307,0.24986015,0.0,10
ENSG00000279619,0.31124973,0.6414741,10
ENSG00000147606,0.13684918,0.0,10
ENSG00000178719_2,0.36896303,1.5873629,10
ENSG00000105278,0.8914069,1.3539547,10
ENSG00000198791_1,2.3134105,3.0226016,10
ENSG00000233270,0.34962615,0.0,10
ENSG00000160948,0.40843523,0.0,10
ENSG00000104881_1,2.0210557,1.6462665,10
ENSG00000214049,0.15482129,0.8916824,10
ENSG00000105618_1,0.40106156,0.0,10
ENSG00000105497,1.4108199,0.0,10
ENSG00000104870,0.32023278,0.8412969,10
ENSG00000164830_3,2.0789387,1.8381687,10
ENSG00000126460,0.23629256,0.0,10
ENSG00000120885_2,0.89836305,1.3896267,10
ENSG00000099797_1,0.58665764,1.2316225,10
ENSG00000186230,2.0946107,2.1819608,10
ENSG00000123124,2.1409676,1.4073128,10
ENSG00000256087_1,1.3013369,0.0,10
ENSG00000204941,0.22558148,0.0,10
ENSG00000074219_1,0.17912343,0.0,10
ENSG00000253557,0.06215646,0.0,10
ENSG00000105298,2.4760838,2.3138926,10
ENSG00000130545_1,0.73243725,1.2179837,10
ENSG00000221947,1.3991514,0.0,10
ENSG00000169085,0.1133985,0.0,10
ENSG00000079435,0.18916653,0.7020943,10
ENSG00000198521_1,0.6092694,0.992421,10
ENSG00000104760_1,0.1555243,0.0,10
ENSG00000183207,2.1036062,2.870505,10
ENSG00000293495,2.784089,2.9673665,10
ENSG00000293178,1.5624143,1.5910312,10
ENSG00000205396,0.2331597,0.0,10
ENSG00000172006_1,1.4004351,1.3507015,10
ENSG00000099338,1.5933849,0.0,10
ENSG00000104979_1,2.049544,0.0,10
ENSG00000182318,2.2737083,2.2918127,10
ENSG00000161677,2.0472121,1.1677927,10
ENSG00000158856_6,1.2505786,1.5665789,10
ENSG00000248538_3,0.24985157,0.0,10
ENSG00000141837_2,1.0482744,1.5521326,10
ENSG00000167613_1,0.18169273,0.0,10
ENSG00000186567,0.12605965,0.0,10
ENSG00000105371,1.0720638,1.5972234,10
ENSG00000176406_2,0.11138463,0.80265063,10
ENSG00000029534_1,0.6788802,0.9776779,10
ENSG00000147408_4,0.45424142,1.1668148,10
ENSG00000291114,0.43413782,0.0,10
ENSG00000213096_1,1.612286,0.0,10
ENSG00000104529_2,2.353561,3.490721,10
ENSG00000104332,1.3016417,1.6341043,10
ENSG00000141867,0.15360843,0.0,10
ENSG00000185728_1,2.3445888,1.3163059,10
ENSG00000245149,2.6217222,1.8950742,10
ENSG00000185053,0.059502453,0.34519723,10
ENSG00000276043,1.6592933,2.97806,10
ENSG00000125652,2.3837347,2.7493203,10
ENSG00000147434,1.1431559,1.1142772,10
ENSG00000064666,2.3841133,3.1285188,10
ENSG00000104872,2.1043274,2.605585,10
ENSG00000200259,0.68872666,1.3171332,10
ENSG00000147408_3,0.04084915,0.0,10
ENSG00000120899,2.086454,1.585112,10
ENSG00000131142_2,0.2157709,0.0,10
ENSG00000104529,1.9593799,1.2448286,10
ENSG00000266964,0.44144878,0.0,10
ENSG00000119574,2.6749043,2.4537601,10
ENSG00000080573,0.68718493,1.5222225,10
ENSG00000085872_1,2.5730324,3.124993,10
ENSG00000167380,2.4289274,2.3037834,10
ENSG00000209702,0.30952317,1.3658248,10
ENSG00000156011_2,0.073709115,0.0,10
ENSG00000130309,2.3199534,2.70293,10
ENSG00000176490,1.3584267,1.2768981,10
ENSG00000105429,2.1612563,1.8514112,10
ENSG00000223802,0.30490622,0.0,10
ENSG00000099783_1,0.1568034,0.0,10
ENSG00000188227,0.7859876,0.9465505,10
ENSG00000221826,0.1565901,0.5392016,10
ENSG00000267858_1,2.5316713,2.1243086,10
ENSG00000125651,2.6708355,3.276795,10
ENSG00000197265,2.7275515,1.8208777,10
ENSG00000099308,1.9574026,2.1526766,10
ENSG00000184661,2.7664356,2.7719328,10
ENSG00000104219,1.8665861,2.0261655,10
ENSG00000121289,1.9618448,0.0,10
ENSG00000205882,0.05230985,0.0,10
ENSG00000066777,2.26233,2.4155376,10
ENSG00000183617,2.373845,2.2072842,10
ENSG00000168522_1,2.6305242,2.1676717,10
ENSG00000104450_1,1.0031469,0.0,10
ENSG00000269043,0.18627699,0.0,10
ENSG00000042832,0.120962776,0.0,10
ENSG00000167671_2,1.5217065,2.2460995,10
ENSG00000187912,1.5151883,0.0,10
ENSG00000171428,0.7259368,2.0149908,10
ENSG00000179950,2.2886896,0.9952709,10
ENSG00000063177_1,2.8008559,4.0687017,10
ENSG00000105131_1,0.62910604,1.0164065,10
ENSG00000123146,0.5289055,1.1904157,10
ENSG00000213967,0.92679703,1.8589821,10
ENSG00000079112,0.12257604,0.0,10
ENSG00000249898,0.2374339,0.80048543,10
ENSG00000134014,0.09608914,0.0,10
ENSG00000167733,2.3749447,0.9909601,10
ENSG00000197928,0.5514122,1.0245514,10
ENSG00000205189_1,1.7536324,1.8778894,10
ENSG00000178460,0.696328,0.0,10
ENSG00000115268,2.3388352,2.9640026,10
ENSG00000198551_1,2.4180949,1.8541845,10
ENSG00000129968,1.6560098,2.4208894,10
ENSG00000270164_3,0.9184659,0.0,10
ENSG00000104714,1.9964553,2.8471894,10
ENSG00000253408_1,2.5152001,1.671839,10
ENSG00000036565,0.04382819,0.0,10
ENSG00000160973,0.28215626,0.81153476,10
ENSG00000038945,0.13028531,0.0,10
ENSG00000099337,1.3138554,1.6135459,10
ENSG00000165046,1.2175715,1.9995568,10
ENSG00000180855,1.8696488,2.101283,10
ENSG00000157168_4,0.10791996,0.0,10
ENSG00000286449,0.54345125,0.0,10
ENSG00000104904,2.406023,3.8710992,10
ENSG00000126254,2.5117095,2.6273627,10
ENSG00000140396,0.27506375,1.0557605,10
ENSG00000131773,1.5600599,1.9974214,10
ENSG00000167483,0.8620166,0.0,10
ENSG00000231924,0.16055155,0.0,10
ENSG00000063245_1,0.81273365,1.1754017,10
ENSG00000099804,2.1906834,2.1637247,10
ENSG00000177669,0.0677092,0.0,10
ENSG00000078668_1,0.11662811,0.0,10
ENSG00000161277,2.6096225,1.8896546,10
ENSG00000250305,0.6816816,1.6844863,10
ENSG00000254288,0.17630126,0.8181401,10
ENSG00000168487_1,1.4472829,1.290978,10
ENSG00000253557_1,0.071902096,0.0,10
ENSG00000178297,0.234422,0.0,10
ENSG00000170786,0.6516555,1.0777311,10
ENSG00000253301,0.49003807,0.0,10
ENSG00000233527_1,2.475832,2.1501238,10
ENSG00000171804,1.7948571,0.0,10
ENSG00000167904,2.6212978,2.5201964,10
ENSG00000105486,2.4988887,3.0564475,10
ENSG00000247081,1.5754439,0.0,10
ENSG00000141971_1,2.2196615,1.2880837,10
ENSG00000105402_1,0.5573426,0.895312,10
ENSG00000131931,2.5013132,2.6010273,10
ENSG00000155926_2,0.25552475,0.0,10
ENSG00000153879,2.2797108,2.569313,10
ENSG00000024422,0.608631,1.3748217,10
ENSG00000132016,1.8864007,0.0,10
ENSG00000171827_1,1.4085993,0.0,10
ENSG00000197124,0.6410112,0.67883694,10
ENSG00000245281,1.9862577,0.0,10
ENSG00000184489,2.0576022,2.0753133,10
ENSG00000141867_1,2.3025784,1.7059321,10
ENSG00000228887,0.3593794,2.3247762,10
ENSG00000221983_2,0.40415186,2.624476,10
ENSG00000290606,0.04226104,0.0,10
ENSG00000130528,0.34401006,0.86911434,10
ENSG00000170873,0.12716654,0.5632912,10
ENSG00000187650,2.2164419,1.952119,10
ENSG00000248858,0.115241244,0.42709643,10
ENSG00000104321,0.8402654,0.0,10
ENSG00000124444_1,2.4574404,2.2161343,10
ENSG00000172728,0.09023209,0.0,10
ENSG00000147416,2.0581431,2.714495,10
ENSG00000104901,0.18560134,0.0,10
ENSG00000167476,0.41683593,0.0,10
ENSG00000267041,2.019027,1.9628427,10
ENSG00000158806,0.56762654,1.2342186,10
ENSG00000181790,1.450941,1.9255854,10
ENSG00000268751,0.5939194,1.7526937,10
ENSG00000181007,1.8155653,1.658883,10
ENSG00000104774,0.5852992,0.851454,10
ENSG00000136999,0.50167704,1.8870093,10
ENSG00000104368_1,0.24651138,0.0,10
ENSG00000168615,2.5226412,2.3462884,10
ENSG00000105672,0.78969467,0.0,10
ENSG00000105287,0.51531404,0.0,10
ENSG00000237452,0.6329918,0.0,10
ENSG00000104320,0.86764884,2.5205019,10
ENSG00000253658,0.057486907,0.0,10
ENSG00000257103,2.7579322,3.169745,10
ENSG00000147689_2,0.32533458,0.0,10
ENSG00000105127,2.5656555,2.5921767,10
ENSG00000164749,0.10874941,2.321671,10
ENSG00000105227,1.0100693,1.0705439,10
ENSG00000179698,0.4162041,0.0,10
ENSG00000105605,1.124786,1.4296069,10
ENSG00000253230_1,0.4425178,1.2144464,10
ENSG00000104524,0.9652236,0.0,10
ENSG00000269855,0.22729562,0.8266837,10
ENSG00000245848,1.5424658,1.3856242,10
ENSG00000104472_1,2.7718654,2.0220695,10
ENSG00000064687,1.9850904,0.0,10
ENSG00000136573,2.0871344,2.713204,10
ENSG00000183665,1.8954514,1.9177129,10
ENSG00000105355,1.7721745,0.0,10
ENSG00000267191,0.97548664,1.2952812,10
ENSG00000063244_1,2.841284,2.5744364,10
ENSG00000205744,0.28549403,0.0,10
ENSG00000179832_1,0.8850242,0.0,10
ENSG00000253161_5,0.074715495,0.77010053,10
ENSG00000164741_1,0.73163325,1.0299152,10
ENSG00000142065,1.7224203,1.771425,10
ENSG00000185803_1,1.772933,2.1125045,10
ENSG00000147526_3,1.7723036,0.0,10
ENSG00000147642_4,0.76467806,1.5345718,10
ENSG00000156466,1.4309994,1.1913644,10
ENSG00000063241,2.4624414,2.8562515,10
ENSG00000123908,1.9886379,2.3281634,10
ENSG00000105323,1.6247709,0.0,10
ENSG00000176593,2.0951722,0.0,10
ENSG00000160953,1.8732795,2.1458766,10
ENSG00000161640,0.54664886,0.0,10
ENSG00000130382,0.2628525,0.0,10
ENSG00000104886_1,2.544476,2.3360393,10
ENSG00000104299,2.2935555,0.0,10
ENSG00000104388,2.4042363,2.4292855,10
ENSG00000063176_1,0.37810504,0.0,10
ENSG00000171236,0.3623685,1.8189309,10
ENSG00000130304,0.5295393,0.6145914,10
ENSG00000105428,0.33969215,1.1142772,10
ENSG00000034677_1,0.19670698,0.8371969,10
ENSG00000167912,1.1077687,1.4156243,10
ENSG00000267498,1.6890849,0.0,10
ENSG00000120533,2.0947561,3.4048388,10
ENSG00000130749_1,2.0659053,2.1679256,10
ENSG00000105202_2,0.4925162,2.1700857,10
ENSG00000105063,1.2639964,0.0,10
ENSG00000131943,2.348857,2.1647513,10
ENSG00000169398_2,0.05024919,0.55928767,10
ENSG00000130176,0.21386723,0.0,10
ENSG00000105176,0.062174745,0.0,10
ENSG00000104419_4,1.6204734,2.0431342,10
ENSG00000214248,2.09998,1.2249835,10
ENSG00000155975,2.2946162,2.6398847,10
ENSG00000105671,2.2858925,2.5360532,10
ENSG00000173281,1.4489726,1.7048023,10
ENSG00000076944,1.6071402,2.5674627,10
ENSG00000105701_1,1.1580253,2.0875614,10
ENSG00000104973,2.5129156,2.8266706,10
ENSG00000147804,1.2838434,2.5704975,10
ENSG00000171049,0.0530082,0.0,10
ENSG00000179820,0.13433145,0.0,10
ENSG00000147432,0.10706064,0.0,10
ENSG00000160111,0.6925984,0.9042826,10
ENSG00000164796_1,0.3170958,0.0,10
ENSG00000164932,1.3182793,1.905094,10
ENSG00000178719_1,0.5325397,2.0577042,10
ENSG00000187955,0.057525456,0.0,10
ENSG00000123136,2.476594,1.3417708,10
ENSG00000099330_1,2.276362,1.7697501,10
ENSG00000105198,0.07434186,0.0,10
ENSG00000104853_1,2.6411734,2.7964542,10
ENSG00000008438,0.61069906,1.285062,10
ENSG00000178935,1.9869658,1.9860817,10
ENSG00000130270,1.66949,1.4814426,10
ENSG00000245910,2.3388107,3.28533,10
ENSG00000131351,2.5508237,1.9575355,10
ENSG00000171747,0.35163054,1.408469,10
ENSG00000133246,0.47439268,0.92675906,10
ENSG00000126934_1,2.1640894,3.2166197,10
ENSG00000083168,2.0766778,2.6699953,10
ENSG00000130304_1,2.0089777,1.7178369,10
ENSG00000198129,0.052814297,0.0,10
ENSG00000147457_1,2.472804,2.0614412,10
ENSG00000120963,2.5004652,3.15171,10
ENSG00000166398_1,0.18028148,0.0,10
ENSG00000133872_1,2.6152692,2.9405818,10
ENSG00000124466,0.41412988,0.0,10
ENSG00000198846,1.1309768,0.0,10
ENSG00000249859,1.7672137,0.0,10
ENSG00000180739,0.77992773,0.84331375,10
ENSG00000167491_2,0.366386,0.0,10
ENSG00000008853_3,0.4033323,0.0,10
ENSG00000253161_4,0.06822414,0.0,10
ENSG00000253745,0.1434666,0.0,10
ENSG00000233493,1.9541293,2.2272182,10
ENSG00000008853,0.088238984,0.0,10
ENSG00000007264_1,0.63562137,0.0,10
ENSG00000130733,1.7524256,2.152817,10
ENSG00000221946,0.71444297,1.432809,10
ENSG00000130810,2.6368268,0.0,10
ENSG00000005007_1,0.41246596,0.0,10
ENSG00000180190,0.7794659,1.3878701,10
ENSG00000104419,0.12223944,0.0,10
ENSG00000133739,1.5861796,1.9932554,10
ENSG00000254006,0.3616288,0.0,10
ENSG00000168575_1,1.3022935,0.49590495,10
ENSG00000254027,1.1140759,1.3437433,10
ENSG00000142530_1,2.0290558,2.8053174,10
ENSG00000171606_1,2.5497985,0.0,10
ENSG00000147443,1.2989093,0.0,10
ENSG00000197863_1,1.5197543,1.6903201,10
ENSG00000293175,1.812421,1.3595129,10
ENSG00000105707,0.20862515,0.0,10
ENSG00000137573_3,0.11170684,0.0,10
ENSG00000105732,2.7383811,2.3942416,10
ENSG00000120899_1,1.2351698,2.7535937,10
ENSG00000147535,2.3158004,2.2741163,10
ENSG00000164953,1.2102062,0.0,10
ENSG00000174429,0.22826062,0.76275355,10
ENSG00000167460_3,2.2693467,1.3743451,10
ENSG00000105516,2.1235905,1.9856402,10
ENSG00000105642,0.9362873,0.0,10
ENSG00000156675,1.8014127,2.614239,10
ENSG00000129990_1,0.72230077,1.0232112,10
ENSG00000130165,2.2840157,2.8096418,10
ENSG00000131848,2.6484551,2.0560622,10
ENSG00000284491,1.7307423,1.5282815,10
ENSG00000133265,1.2232751,1.1754596,10
ENSG00000096996_1,2.3464403,1.9056464,10
ENSG00000105397,0.7436464,1.469925,10
ENSG00000171903_1,0.122298226,0.0,10
ENSG00000178531,1.4139402,1.7626486,10
ENSG00000090013,2.156587,0.0,10
ENSG00000175606,2.0986624,2.9268808,10
ENSG00000131400,1.2129544,0.0,10
ENSG00000198258,1.7490047,3.0157118,10
ENSG00000205784,0.14314844,0.0,10
ENSG00000172817,1.6562715,2.5854495,10
ENSG00000105223,2.3308625,2.432878,10
ENSG00000104889,1.8372134,2.7315493,10
ENSG00000198363_2,0.036157623,0.0,10
ENSG00000228862,0.9004991,1.0668476,10
ENSG00000167384,2.2571602,2.2560558,10
ENSG00000268095,0.55912864,0.0,10
ENSG00000178860,1.9031746,1.5007578,10
ENSG00000224910,0.7777989,0.0,10
ENSG00000168077,1.3171164,1.4880569,10
ENSG00000197050,1.9810319,1.7788528,10
ENSG00000008441_1,0.107693665,0.0,10
ENSG00000105643_2,1.811546,1.6767119,10
ENSG00000130816,0.13758025,0.0,10
ENSG00000063245,2.5086188,2.4399638,10
ENSG00000069206,0.11765191,0.0,10
ENSG00000104804,0.33911714,0.0,10
ENSG00000187902,0.70801675,1.008089,10
ENSG00000104447_1,0.6159253,0.0,10
ENSG00000186010,2.256105,3.1607895,10
ENSG00000167460_4,0.4866691,0.0,10
ENSG00000168490,0.642437,1.6206669,10
ENSG00000185761,0.87994254,0.0,10
ENSG00000155926,0.30020759,0.0,10
ENSG00000167656,0.4255131,1.1175364,10
ENSG00000267339,0.28467062,0.0,10
ENSG00000180448,2.1021876,2.6769953,10
ENSG00000253958,1.4057163,0.8805278,10
ENSG00000205186,0.057260484,0.0,10
ENSG00000171320_1,2.297056,2.861369,10
ENSG00000090661_1,2.2766771,1.7663385,10
ENSG00000123810,3.157794,2.3723116,10
ENSG00000171291,0.9173622,0.0,10
ENSG00000284505,0.15159471,0.0,10
ENSG00000105048,0.53025603,1.1629525,10
ENSG00000197019,2.456884,2.0747068,10
ENSG00000029534_2,0.17258976,0.0,10
ENSG00000129422_5,0.050894894,0.0,10
ENSG00000181392,0.19397347,0.8392894,10
ENSG00000198791,1.8104259,0.9182925,10
ENSG00000197497,0.46590382,1.0163647,10
ENSG00000204839,1.4619447,1.5595475,10
ENSG00000269699,0.76938367,1.3287057,10
ENSG00000079462,1.9173847,2.085469,10
ENSG00000090339,2.2749448,3.522486,10
ENSG00000095752,0.6089283,1.0668848,10
ENSG00000167608,0.1713855,0.0,10
ENSG00000253704,2.3328094,1.6452965,10
ENSG00000187994,1.5905646,1.9319458,10
ENSG00000183397,0.21058616,0.83308333,10
ENSG00000104960,1.4807018,1.8658203,10
