,Pred,actual,fold_idx
ENSG00000263567,0.15469664,1.6143804,12
ENSG00000212719,0.9942889,1.7313148,12
ENSG00000130045,1.1248516,1.2357304,12
ENSG00000267288,0.24675804,0.0,12
ENSG00000073584,1.8172206,2.773603,12
ENSG00000066697,2.3224175,2.3645134,12
ENSG00000122733,0.4427322,0.0,12
ENSG00000108379,1.0476803,1.1068026,12
ENSG00000125482,0.58718324,0.0,12
ENSG00000167740,1.4867725,0.0,12
ENSG00000167112,1.8477311,2.8056538,12
ENSG00000226237,0.35181102,0.0,12
ENSG00000136929,1.1354079,3.3559914,12
ENSG00000183010,0.93593466,0.0,12
ENSG00000054148,2.099813,2.211497,12
ENSG00000196873,1.3962257,0.0,12
ENSG00000119522,2.1292653,2.2963603,12
ENSG00000169733_1,1.8534625,2.3135297,12
ENSG00000136895_1,1.3290515,1.135069,12
ENSG00000187922_1,0.5215854,0.0,12
ENSG00000228072,0.85611755,0.0,12
ENSG00000049283,0.5211248,1.462398,12
ENSG00000108671,2.221407,2.777784,12
ENSG00000106785,1.4704878,2.2395747,12
ENSG00000172724,0.16010828,0.0,12
ENSG00000291172,0.10539415,0.0,12
ENSG00000148057,1.4783324,1.4759907,12
ENSG00000274736,0.13071524,0.0,12
ENSG00000097007,1.8168848,1.550314,12
ENSG00000275329,2.3879488,1.6876003,12
ENSG00000184650,0.16034757,0.0,12
ENSG00000178502,1.9701202,2.3309412,12
ENSG00000167103,0.21154848,0.0,12
ENSG00000265000,0.8565593,0.0,12
ENSG00000132386_1,0.6850055,0.0,12
ENSG00000132589,1.888735,2.691549,12
ENSG00000175893,1.4113741,1.7357585,12
ENSG00000260454,0.06524829,0.0,12
ENSG00000005379,0.8612786,0.0,12
ENSG00000184060,1.2187144,1.1271696,12
ENSG00000204706,0.7741244,0.0,12
ENSG00000107077_1,2.423929,1.7912976,12
ENSG00000161395,1.5851513,1.9268875,12
ENSG00000161905,0.60031205,1.1211987,12
ENSG00000141027,0.124738716,0.0,12
ENSG00000265688,2.2485201,1.8229262,12
ENSG00000175175,1.0402097,1.9511188,12
ENSG00000141232_1,0.56452554,0.0,12
ENSG00000167525,1.8894032,0.0,12
ENSG00000167705,1.7579095,2.0748787,12
ENSG00000214087,2.328356,2.1113937,12
ENSG00000119487,0.105267935,0.0,12
ENSG00000108691,0.17832099,1.0983667,12
ENSG00000169738_1,2.190295,2.2761445,12
ENSG00000187531,1.7829659,2.3172984,12
ENSG00000109066,1.8085343,0.0,12
ENSG00000153944_3,0.14239508,0.81870085,12
ENSG00000108312_1,2.0536747,0.0,12
ENSG00000132388,2.232166,2.635996,12
ENSG00000154262_2,0.18980542,0.0,12
ENSG00000175866,1.9216007,2.3924103,12
ENSG00000141252_1,0.15915155,0.0,12
ENSG00000141294,1.204812,1.5191505,12
ENSG00000147869,0.1285739,0.0,12
ENSG00000141736,1.7333199,0.0,12
ENSG00000167258,1.7127048,2.5221467,12
ENSG00000174292_1,0.9817064,1.0721028,12
ENSG00000275410,0.17871128,0.0,12
ENSG00000132522,1.7828357,1.4777722,12
ENSG00000167723_1,0.26881492,0.0,12
ENSG00000130948,0.14789161,1.0464952,12
ENSG00000180616,0.8785639,1.828866,12
ENSG00000177885,1.0758803,0.0,12
ENSG00000160271_2,0.20385756,0.0,12
ENSG00000011258,1.4803404,1.8523519,12
ENSG00000153976,1.2674947,1.944142,12
ENSG00000141198,1.0867088,2.4076374,12
ENSG00000167851_1,0.23232819,0.53857374,12
ENSG00000159842,1.0162246,1.2247401,12
ENSG00000012048_1,1.2825097,2.6078978,12
ENSG00000171401_1,0.2120687,0.91939193,12
ENSG00000204323,0.42150918,0.0,12
ENSG00000185813_1,2.023657,2.749274,12
ENSG00000180901_1,2.0652702,2.1706724,12
ENSG00000136811_1,1.8954828,2.9592762,12
ENSG00000085265,0.1117518,0.0,12
ENSG00000271086_1,2.4209988,1.7016112,12
ENSG00000095203,1.4166151,1.9390198,12
ENSG00000148339_1,0.45942876,0.0,12
ENSG00000275152,0.18526268,0.0,12
ENSG00000204237,2.4465168,2.2064857,12
ENSG00000286718,1.7870967,0.0,12
ENSG00000169925_1,2.0639024,2.1896868,12
ENSG00000276234_1,2.1492686,1.4696571,12
ENSG00000005238_1,0.27613094,0.0,12
ENSG00000148290,1.8250207,1.6604347,12
ENSG00000148019,1.5355709,2.230541,12
ENSG00000107105_1,1.3743371,1.9001923,12
ENSG00000199313,0.17943726,0.0,12
ENSG00000078725,1.0471445,1.5216218,12
ENSG00000167525_2,2.0647147,1.7930427,12
ENSG00000184988_1,0.22696187,0.0,12
ENSG00000203987,0.1730803,0.0,12
ENSG00000131748_1,0.2839791,0.89970016,12
ENSG00000167363,1.7477193,0.0,12
ENSG00000266967,1.0099474,2.697767,12
ENSG00000187775,0.1520884,0.0,12
ENSG00000171401,0.2216489,0.0,12
ENSG00000141376,1.0184492,0.0,12
ENSG00000141337_1,2.177601,1.6638987,12
ENSG00000173762,0.48471898,0.0,12
ENSG00000166685,2.3390872,2.0661356,12
ENSG00000175826_1,1.748713,3.069631,12
ENSG00000141522,0.9282495,2.0630555,12
ENSG00000108592,1.4139426,2.1281536,12
ENSG00000108387,0.17993495,0.0,12
ENSG00000108352,1.2952371,2.0006943,12
ENSG00000183010_1,2.0318487,2.723081,12
ENSG00000196092_2,0.8403171,0.0,12
ENSG00000187003,0.15354845,0.0,12
ENSG00000010244,1.6205878,3.458458,12
ENSG00000167103_1,1.2296948,0.0,12
ENSG00000199426,0.5867708,1.5167865,12
ENSG00000128487,1.7067881,1.9958475,12
ENSG00000188895,1.8893335,2.323679,12
ENSG00000175832_1,1.6464326,2.4974687,12
ENSG00000182154,2.398501,2.874042,12
ENSG00000224307,0.15666738,0.80222625,12
ENSG00000171346,0.16416992,0.74382323,12
ENSG00000167107,0.99921006,1.3784778,12
ENSG00000119335_1,2.3296778,2.0307415,12
ENSG00000136950_1,2.4886312,2.6885052,12
ENSG00000081377_1,1.4987162,2.079109,12
ENSG00000132507,0.9911225,1.7405916,12
ENSG00000087152,2.0172966,2.291613,12
ENSG00000235296,0.57169443,1.065251,12
ENSG00000168517,0.8471498,1.2964238,12
ENSG00000168610_3,1.9611458,2.5315785,12
ENSG00000239704,0.1443719,0.0,12
ENSG00000271447,1.365828,2.162206,12
ENSG00000227036_1,0.18965805,0.0,12
ENSG00000107317_2,0.21096982,0.0,12
ENSG00000166750,0.44242066,0.0,12
ENSG00000129255,2.1295989,2.7242432,12
ENSG00000131746,0.21692477,0.0,12
ENSG00000189375,0.14506325,0.0,12
ENSG00000141179,1.8238971,2.4152071,12
ENSG00000165181,0.12310096,0.98209023,12
ENSG00000185158_1,0.16217351,0.0,12
ENSG00000125484,1.9286056,0.0,12
ENSG00000288989,1.4529878,1.5192109,12
ENSG00000233901_1,0.23697937,1.0559896,12
ENSG00000108381,0.091883294,0.0,12
ENSG00000265458,2.3609085,2.0656133,12
ENSG00000148411,1.9546882,2.2840922,12
ENSG00000167123,0.20179471,0.0,12
ENSG00000002834,2.1077583,3.5764048,12
ENSG00000196859,0.10728126,0.0,12
ENSG00000198909,1.9165391,2.1246085,12
ENSG00000108852_1,0.45453748,1.1211789,12
ENSG00000244537,0.52144617,1.8351387,12
ENSG00000223125,0.13078195,0.0,12
ENSG00000129654,0.86521715,0.9764417,12
ENSG00000108829,1.7700338,3.2395222,12
ENSG00000264399,0.9876075,1.177825,12
ENSG00000276231,0.13095799,0.0,12
ENSG00000119139_1,1.309096,1.9771472,12
ENSG00000160563,0.52935034,2.0843725,12
ENSG00000277258,0.34151235,1.6897439,12
ENSG00000136872,0.1509163,0.0,12
ENSG00000156345_1,0.9044886,1.6359158,12
ENSG00000037042,0.758542,1.4811846,12
ENSG00000159842_2,0.31416702,1.1150777,12
ENSG00000200997,0.7918707,0.0,12
ENSG00000171475,1.5739731,2.3311458,12
ENSG00000131095_1,0.55665416,1.854913,12
ENSG00000120094,0.46783286,1.0788192,12
ENSG00000148343,1.8905373,2.1751492,12
ENSG00000169689,2.1849868,2.852744,12
ENSG00000226604,0.12314879,0.0,12
ENSG00000204054,2.2724473,1.7900528,12
ENSG00000132535_3,0.528342,0.0,12
ENSG00000108587,1.3121507,2.5975504,12
ENSG00000169925,0.23796758,0.0,12
ENSG00000092871_2,2.199035,1.7307984,12
ENSG00000136492,1.1202523,0.0,12
ENSG00000153714,0.13755605,0.0,12
ENSG00000170412,0.40221253,0.9592323,12
ENSG00000198265,1.7145286,2.44711,12
ENSG00000230013,0.2745505,0.0,12
ENSG00000164972,0.14853382,0.0,12
ENSG00000167716,2.0902963,1.241895,12
ENSG00000280496,0.40393755,0.0,12
ENSG00000147853,2.1406076,2.974988,12
ENSG00000131094,1.7462196,2.2319715,12
ENSG00000068137,1.8767731,1.5555539,12
ENSG00000172301_1,1.8043871,2.3022833,12
ENSG00000123453_1,0.46480778,0.0,12
ENSG00000141456,0.28501257,0.0,12
ENSG00000160602,1.7512949,2.2112808,12
ENSG00000122729,1.3357,2.3457441,12
ENSG00000132535,0.349401,0.0,12
ENSG00000226364,0.065887205,0.0,12
ENSG00000173757,2.3564248,2.6991177,12
ENSG00000004939_1,0.30177817,0.0,12
ENSG00000108702,0.12533394,0.0,12
ENSG00000090054,1.3770804,0.0,12
ENSG00000188895_1,1.9881625,1.4856788,12
ENSG00000277084,0.22656192,0.0,12
ENSG00000237159,0.16379437,0.0,12
ENSG00000175866_2,0.35052398,0.0,12
ENSG00000109083,1.7299879,2.6310205,12
ENSG00000262481,0.7946695,0.0,12
ENSG00000159069,2.3200552,2.2929866,12
ENSG00000141252,0.12271487,0.0,12
ENSG00000196730_1,1.3091849,2.4666986,12
ENSG00000198336_1,0.96604735,3.3755758,12
ENSG00000121101,0.47963545,0.0,12
ENSG00000089685,1.4876752,3.08032,12
ENSG00000230013_1,0.86612964,0.0,12
ENSG00000108375_1,0.5253679,0.0,12
ENSG00000225551,0.11467048,0.0,12
ENSG00000108651,1.3274231,0.0,12
ENSG00000148156,0.2279745,1.2826447,12
ENSG00000106853_2,0.41529235,0.0,12
ENSG00000010438_1,0.16056412,1.354339,12
ENSG00000170832,2.4154334,1.5035183,12
ENSG00000004660,0.15505159,0.0,12
ENSG00000171928,1.604856,2.3528557,12
ENSG00000108578,1.8874621,0.0,12
ENSG00000196363_1,2.179135,3.0217845,12
ENSG00000157303,1.2823644,0.0,12
ENSG00000204952,0.22860932,0.0,12
ENSG00000222465,0.14945243,0.0,12
ENSG00000141736_1,0.75394857,1.1109599,12
ENSG00000167695,1.8731129,2.0030682,12
ENSG00000167106,0.29925272,0.0,12
ENSG00000141524,1.9647199,2.9634223,12
ENSG00000287750,0.6181673,0.98484224,12
ENSG00000141552,2.3941805,2.9534938,12
ENSG00000137101,0.16855003,0.0,12
ENSG00000225663,2.2552989,2.3099282,12
ENSG00000204711,0.3362085,0.0,12
ENSG00000171345,1.4499503,2.8525348,12
ENSG00000131759_2,1.1960697,1.4463352,12
ENSG00000197694,1.9741911,2.1744437,12
ENSG00000172123_1,0.18994111,0.7340794,12
ENSG00000108654_4,2.225301,2.398218,12
ENSG00000177885_1,2.0882444,0.0,12
ENSG00000126878,1.8719358,1.6058758,12
ENSG00000224848,0.6940775,0.0,12
ENSG00000131470,1.7192132,2.4103706,12
ENSG00000261156,0.10423743,1.3301499,12
ENSG00000182473,0.26099595,0.0,12
ENSG00000166579,0.16707078,0.568366,12
ENSG00000136897,1.4346163,0.0,12
ENSG00000204001,0.30085412,0.88603926,12
ENSG00000137101_2,1.0360872,0.0,12
ENSG00000176974,1.7529387,2.1023343,12
ENSG00000264808,2.1776893,1.8221353,12
ENSG00000197417,1.4846283,2.072408,12
ENSG00000148225,0.98555106,1.1231785,12
ENSG00000260369,2.4508128,1.6730946,12
ENSG00000119523,2.4645092,2.4707484,12
ENSG00000181610,1.5628853,0.0,12
ENSG00000187764_2,0.98007363,2.0802548,12
ENSG00000121060,2.1106603,2.4273434,12
ENSG00000267121,1.4650615,2.2644637,12
ENSG00000171962,0.39018455,0.0,12
ENSG00000286435,0.4210171,0.0,12
ENSG00000183978,0.93949777,0.0,12
ENSG00000293480,2.3152938,1.987961,12
ENSG00000107317,0.35748705,0.9984337,12
ENSG00000141579,0.30756032,0.0,12
ENSG00000120068,1.006385,1.4106592,12
ENSG00000008838,1.0301892,0.0,12
ENSG00000148384,1.5056955,2.0873697,12
ENSG00000067191_2,1.3254535,1.9683756,12
ENSG00000126882,2.236321,1.5271142,12
ENSG00000262061,0.23772278,0.81050134,12
ENSG00000261371,0.43605518,0.0,12
ENSG00000196535_1,1.8301771,2.5032334,12
ENSG00000225564,0.08422614,0.0,12
ENSG00000261978,0.68164605,0.0,12
ENSG00000108384,1.6747054,2.7357147,12
ENSG00000173714,0.41923806,1.8094789,12
ENSG00000273018,0.7375258,0.0,12
ENSG00000133026_1,1.8707123,2.6247234,12
ENSG00000181090_1,0.14695522,0.0,12
ENSG00000106976,2.183929,2.022717,12
ENSG00000106823,0.09712047,0.0,12
ENSG00000075461,1.5493802,1.7247918,12
ENSG00000137142,1.5774009,1.9768542,12
ENSG00000262730,0.1750755,1.0854332,12
ENSG00000007168_1,2.1820934,2.1303594,12
ENSG00000263718,0.2321011,1.0168245,12
ENSG00000080503_1,1.8021126,2.2212915,12
ENSG00000107140,1.719774,2.077146,12
ENSG00000230148_1,0.6820508,1.5532396,12
ENSG00000136488,0.21484095,0.0,12
ENSG00000108669_4,2.2423842,1.8792163,12
ENSG00000106853_1,0.49540472,0.0,12
ENSG00000146872_1,2.109593,2.4214888,12
ENSG00000095380,2.2332413,2.228236,12
ENSG00000179477,0.7231968,0.7717344,12
ENSG00000277399,0.3953417,1.2509809,12
ENSG00000004975,1.699969,2.2903464,12
ENSG00000160349,0.19025154,0.0,12
ENSG00000275700,2.2437785,2.326008,12
ENSG00000108654_2,1.6717798,4.0385127,12
ENSG00000136811,0.28450444,0.0,12
ENSG00000225376,0.15543148,0.0,12
ENSG00000165698,0.18346122,1.0787829,12
ENSG00000161960,1.8219777,3.7209826,12
ENSG00000082641,2.1801002,2.556294,12
ENSG00000176160,1.1632211,0.0,12
ENSG00000196092_1,0.23403344,0.8423221,12
ENSG00000178789,0.14501815,0.0,12
ENSG00000256806,1.2779536,1.1883097,12
ENSG00000170043,1.8342645,2.6720443,12
ENSG00000212721,0.44201413,1.4568365,12
ENSG00000267432,0.44058695,0.0,12
ENSG00000167695_1,1.8346677,1.6486527,12
ENSG00000148219,1.187586,0.0,12
ENSG00000173077,0.11045953,0.0,12
ENSG00000214553,0.28045723,1.0368284,12
ENSG00000129646,0.68857473,0.9030357,12
ENSG00000121073_1,2.3161018,2.6232493,12
ENSG00000199483,0.15435347,0.0,12
ENSG00000074660,0.14324296,0.0,12
ENSG00000176994,1.8341775,2.2362323,12
ENSG00000161381,0.25395602,0.0,12
ENSG00000161939,1.3822349,0.0,12
ENSG00000163597,1.7143168,0.0,12
ENSG00000270647,2.2609704,3.4311578,12
ENSG00000204148,0.10271316,0.0,12
ENSG00000148219_1,1.4424839,1.9914919,12
ENSG00000165283,1.2944065,3.0621343,12
ENSG00000182150,2.1647625,2.2477427,12
ENSG00000106780,2.2274477,2.063971,12
ENSG00000182473_1,1.1156275,1.399085,12
ENSG00000207277,0.96652323,0.0,12
ENSG00000172057_1,1.6004167,2.3577633,12
ENSG00000108883,0.14071284,0.0,12
ENSG00000187688,0.6537481,2.5206735,12
ENSG00000159921,1.9959706,2.3322384,12
ENSG00000148153,1.6120152,2.437078,12
ENSG00000267280,0.7863408,1.4549515,12
ENSG00000214978,0.3426462,0.0,12
ENSG00000108700,0.12096929,0.0,12
ENSG00000200538,0.12945779,0.0,12
ENSG00000238058,2.2210581,2.1672583,12
ENSG00000203364,0.14911768,0.0,12
ENSG00000132507_2,2.3274293,2.4418743,12
ENSG00000262049,2.389787,2.0393586,12
ENSG00000131475,1.0739108,2.9082377,12
ENSG00000219200_1,0.59814054,2.3349,12
ENSG00000160408_2,0.24760452,0.0,12
ENSG00000168259,2.0426004,1.4899023,12
ENSG00000148356,1.3281369,2.2526443,12
ENSG00000212195,1.243339,2.5806181,12
ENSG00000141295,0.18025288,0.0,12
ENSG00000160447,1.8618023,2.3623693,12
ENSG00000154957,1.6430175,1.7078851,12
ENSG00000120156,0.12712398,0.0,12
ENSG00000175283,2.024094,2.0014784,12
ENSG00000183048,2.1895218,2.1025023,12
ENSG00000159884,1.9173622,1.778144,12
ENSG00000121057,2.5133045,2.3678515,12
ENSG00000168610,0.9969708,2.7027235,12
ENSG00000065325,0.18970354,0.0,12
ENSG00000228317,0.7795334,0.0,12
ENSG00000099810,0.7324649,1.3044044,12
ENSG00000179314,0.35674807,1.0559896,12
ENSG00000006744_1,1.7883741,2.7032828,12
ENSG00000040633_1,1.675681,1.9734973,12
ENSG00000107223,2.062402,3.4268267,12
ENSG00000130714,1.559958,1.9928803,12
ENSG00000200463,1.0591308,2.4469285,12
ENSG00000171446,0.14916107,0.8460896,12
ENSG00000266357,0.15110758,0.0,12
ENSG00000131759_1,1.4339893,2.4156942,12
ENSG00000167123_1,1.6447917,2.358074,12
ENSG00000154265,1.7308986,1.6930231,12
ENSG00000119383_1,2.0230057,2.4871001,12
ENSG00000131899,1.9306387,1.7609725,12
ENSG00000073350_1,0.24846621,0.99034774,12
ENSG00000136451,2.1155698,2.553265,12
ENSG00000178691,2.6151083,2.5025773,12
ENSG00000108599,1.5747961,2.32917,12
ENSG00000273611,1.5111483,2.590291,12
ENSG00000180638,0.34819144,0.0,12
ENSG00000279561,1.0281751,0.0,12
ENSG00000167858,0.3996386,0.0,12
ENSG00000137124,1.4797783,2.516214,12
ENSG00000168792,1.3956959,1.6059296,12
ENSG00000188394,0.16736016,0.0,12
ENSG00000107099,2.262593,2.1394067,12
ENSG00000138835_5,0.1588929,0.0,12
ENSG00000186860,0.55279267,1.6957443,12
ENSG00000106733,2.0612576,1.7162372,12
ENSG00000188566,2.1715255,2.469025,12
ENSG00000108788_1,2.0272558,1.1688803,12
ENSG00000065320,1.4834434,2.0883842,12
ENSG00000107186,0.099563666,0.0,12
ENSG00000291063,0.8096248,1.6480573,12
ENSG00000148399,2.2029877,2.00937,12
ENSG00000198467_2,0.1560808,0.0,12
ENSG00000272636,1.4372516,1.6352625,12
ENSG00000182224_1,0.99202955,1.5959148,12
ENSG00000120158_1,0.17965278,0.0,12
ENSG00000228278,0.1691514,0.88252455,12
ENSG00000141551_2,2.222768,2.2095606,12
ENSG00000136824_1,1.4445162,0.0,12
ENSG00000179593,0.14507017,1.3110032,12
ENSG00000141279,0.12871094,0.0,12
ENSG00000096968_1,2.2693791,2.298152,12
ENSG00000108506,0.942692,0.0,12
ENSG00000160323,0.23328505,0.0,12
ENSG00000141068_2,0.23395687,0.0,12
ENSG00000011260,2.6092052,2.8435256,12
ENSG00000187753,0.17370486,0.0,12
ENSG00000040633_2,2.1103282,2.2757075,12
ENSG00000121075,1.024533,1.1968668,12
ENSG00000160360,1.5327194,1.9858125,12
ENSG00000136830,1.9545735,1.783067,12
ENSG00000181090,2.3090835,2.2858498,12
ENSG00000148303,1.9426553,3.8118243,12
ENSG00000170425,1.8021829,1.9683475,12
ENSG00000095397,1.3568237,1.8343571,12
ENSG00000274996,0.16071823,0.0,12
ENSG00000148154_1,2.1203086,0.0,12
ENSG00000200889,0.13595691,0.0,12
ENSG00000136485,2.234887,2.9889867,12
ENSG00000148229,2.3697436,2.732211,12
ENSG00000196544,1.2620792,0.0,12
ENSG00000141279_1,2.2309935,2.9820902,12
ENSG00000119314,1.9635308,0.0,12
ENSG00000161533,1.9360646,2.338319,12
ENSG00000048828_2,0.12995052,0.0,12
ENSG00000168610_1,1.6791717,2.904986,12
ENSG00000267206,0.30822465,0.0,12
ENSG00000148339_2,0.62198937,0.0,12
ENSG00000108523_3,0.238118,0.0,12
ENSG00000130560,2.3576393,3.2275345,12
ENSG00000189159,0.89230025,1.0343878,12
ENSG00000108370,0.748476,0.0,12
ENSG00000233098,0.66648924,2.849562,12
ENSG00000214946,0.14421819,0.0,12
ENSG00000141542,1.5525275,1.7120601,12
ENSG00000198844_1,0.1939291,0.0,12
ENSG00000276085,0.1267967,0.0,12
ENSG00000286799,1.6603014,1.3904405,12
ENSG00000267221,1.2064995,1.3162011,12
ENSG00000171855,0.108347066,0.0,12
ENSG00000135049,1.7009747,1.9646273,12
ENSG00000230601,0.17322236,0.0,12
ENSG00000225626,0.3294512,0.0,12
ENSG00000154262_1,0.14648664,0.0,12
ENSG00000156017,2.3046606,2.1908693,12
ENSG00000148187,1.9291428,0.0,12
ENSG00000132359,0.29188868,0.0,12
ENSG00000135045,2.1206107,2.5398536,12
ENSG00000244649,1.7405984,1.8044666,12
ENSG00000221882,1.0334914,0.0,12
ENSG00000233101_1,0.6318759,0.0,12
ENSG00000187242,0.16174085,0.0,12
ENSG00000262188,0.4684311,1.1634417,12
ENSG00000095370_2,0.23074928,0.0,12
ENSG00000120063,2.450542,2.3192728,12
ENSG00000132471,1.2635025,3.2788725,12
ENSG00000182628_1,1.7786303,0.0,12
ENSG00000135069,1.9374113,2.7612736,12
ENSG00000161649,0.23100689,0.0,12
ENSG00000068079,0.56699705,0.0,12
ENSG00000012048_3,1.3122545,1.8432302,12
ENSG00000173838,0.114759214,0.0,12
ENSG00000264672,0.15534973,0.95927995,12
ENSG00000095303_1,0.81085974,0.0,12
ENSG00000141293,0.6850866,0.0,12
ENSG00000185262,2.4220757,3.361367,12
ENSG00000172809,1.4245116,3.9704165,12
ENSG00000107185,1.2152784,2.280856,12
ENSG00000288701,1.9439887,2.7002537,12
ENSG00000181885_1,0.44497767,1.5702043,12
ENSG00000137073,1.7610922,2.7849545,12
ENSG00000188163,0.36862618,0.0,12
ENSG00000204054_3,1.1442696,0.0,12
ENSG00000142507,0.90937185,0.0,12
ENSG00000120235,0.11363988,0.0,12
ENSG00000184640_9,0.2833329,0.0,12
ENSG00000108854,1.923418,1.8209236,12
ENSG00000119403_1,3.056727,3.3876088,12
ENSG00000073605,0.19096205,0.0,12
ENSG00000266469,2.1134655,0.0,12
ENSG00000141480,1.722646,2.0823903,12
ENSG00000155827,1.5608987,1.9284266,12
ENSG00000185972,0.18464756,0.0,12
ENSG00000141756,0.2521344,1.2840741,12
ENSG00000266173,2.2029047,2.1481829,12
ENSG00000274180,1.8445284,1.8608768,12
ENSG00000034152_1,0.21374035,0.0,12
ENSG00000177992,0.1594758,0.0,12
ENSG00000141569,2.244905,2.167524,12
ENSG00000198853_1,0.24560848,0.0,12
ENSG00000230647,0.1578854,0.0,12
ENSG00000108773_1,1.4954581,2.462431,12
ENSG00000184640_3,0.64916915,1.1211854,12
ENSG00000123453,0.13865435,0.0,12
ENSG00000225190_1,2.0825548,2.2486598,12
ENSG00000167113_1,2.9399967,2.9025197,12
ENSG00000106688,1.3983676,1.6239725,12
ENSG00000107295,1.2612756,1.6209061,12
ENSG00000136950,2.141667,0.0,12
ENSG00000175164,1.8911195,2.3822746,12
ENSG00000107077,1.8950462,1.9561251,12
ENSG00000133028,1.6098769,2.3853989,12
ENSG00000134996,1.9069451,2.3875713,12
ENSG00000184060_2,0.14795098,0.0,12
ENSG00000136490,0.58751845,1.2231843,12
ENSG00000270765,0.32954216,1.1331235,12
ENSG00000119414,2.1128612,2.6223872,12
ENSG00000121067,1.6229482,0.0,12
ENSG00000141574,1.0505176,1.2102115,12
ENSG00000181778,0.12371806,0.0,12
ENSG00000119408,1.6838354,2.0518546,12
ENSG00000183011,1.9059215,0.0,12
ENSG00000293514,2.9769328,2.6061513,12
ENSG00000126883_3,0.28097618,0.0,12
ENSG00000035862,0.16718732,0.0,12
ENSG00000119446,1.9025686,0.0,12
ENSG00000175662,1.3373919,1.3399917,12
ENSG00000182963_1,0.18478392,1.4279402,12
ENSG00000279886,0.41683987,0.9129656,12
ENSG00000108786,0.3053334,1.4269828,12
ENSG00000184640_6,0.20581046,1.0560278,12
ENSG00000156017_1,2.2784872,2.494099,12
ENSG00000136811_2,2.2278051,1.4084944,12
ENSG00000068489,1.196593,2.7784212,12
ENSG00000166260,1.8381714,2.3265734,12
ENSG00000174231,1.0654129,2.910657,12
ENSG00000240813,0.12196799,0.0,12
ENSG00000187764,0.14816462,0.9503648,12
ENSG00000237560,0.12866472,0.0,12
ENSG00000278311_1,0.16091749,0.83848387,12
ENSG00000148334_1,2.054807,1.8862256,12
ENSG00000161594,0.19108167,0.0,12
ENSG00000173908,0.123975955,0.0,12
ENSG00000184640_8,0.40447494,1.4677856,12
ENSG00000188612,2.3848417,1.8184898,12
ENSG00000182459,0.3014675,0.0,12
ENSG00000189051,0.22819185,0.0,12
ENSG00000147862_3,0.6382944,1.5287753,12
ENSG00000222760,0.14319348,0.0,12
ENSG00000108469_1,1.4976046,0.0,12
ENSG00000184925,0.3046312,1.0629954,12
ENSG00000141540,1.2559627,0.0,12
ENSG00000172794_1,0.9495455,1.2342135,12
ENSG00000168610_2,0.20797859,0.98484224,12
ENSG00000136895_3,0.12895396,0.0,12
ENSG00000290656,0.6986602,1.4812132,12
ENSG00000172794,0.7594494,0.0,12
ENSG00000188581,0.5067512,1.9005529,12
ENSG00000187997,0.90538985,0.0,12
ENSG00000197879_2,0.42946848,0.8683505,12
ENSG00000141376_2,0.14586666,0.0,12
ENSG00000267432_1,0.15602557,0.0,12
ENSG00000070610,1.5912018,1.5287753,12
ENSG00000278834,1.8227334,1.8300109,12
ENSG00000129255_1,1.8525828,2.632358,12
ENSG00000119408_3,0.34882423,0.0,12
ENSG00000277258_2,1.420246,1.9593801,12
ENSG00000005100,1.3319438,2.1344736,12
ENSG00000181222_1,2.0992823,1.9469236,12
ENSG00000169738_2,2.198879,3.2218497,12
ENSG00000141068_1,0.2103928,0.9162012,12
ENSG00000147862_1,0.12841816,0.0,12
ENSG00000107262,1.9860055,2.6328084,12
ENSG00000167549,1.3906114,1.7415298,12
ENSG00000167851,0.21085867,1.288294,12
ENSG00000263412,2.239719,1.6999243,12
ENSG00000119335,2.6754978,4.218764,12
ENSG00000120242,0.10988014,0.0,12
ENSG00000063015,0.22431181,0.0,12
ENSG00000148120_2,1.8511722,1.8750033,12
ENSG00000275066,1.9274573,2.4225094,12
ENSG00000227517,0.08558788,0.0,12
ENSG00000171159,2.5149539,3.0331461,12
ENSG00000159202_1,2.4149263,1.7440034,12
ENSG00000135052_1,0.12683167,1.0984014,12
ENSG00000196305,2.0226996,3.3455853,12
ENSG00000259384,0.21746066,1.072066,12
ENSG00000141744,1.8248298,1.7673563,12
ENSG00000185920,1.540512,1.5547192,12
ENSG00000072134,1.3621315,2.247605,12
ENSG00000108669_3,0.564357,1.872098,12
ENSG00000129657,1.485317,2.524631,12
ENSG00000166263,1.5173893,2.1293902,12
ENSG00000153933,1.827977,1.8958036,12
ENSG00000233901_2,0.71209747,1.1251884,12
ENSG00000125434,1.3356647,2.081005,12
ENSG00000183011_1,1.7105552,2.4820156,12
ENSG00000184009,2.281162,4.4993143,12
ENSG00000108509_2,1.620347,2.2832108,12
ENSG00000125457_1,2.1589482,2.1349354,12
ENSG00000174327,1.2541819,1.9028456,12
ENSG00000170296_1,1.5320954,3.0157578,12
ENSG00000277363,0.8704522,0.0,12
ENSG00000291074_1,0.6454332,1.1579099,12
ENSG00000012048,0.1549856,0.0,12
ENSG00000007237_3,0.11467994,0.0,12
ENSG00000107165,0.11670571,0.0,12
ENSG00000187922,0.3730416,0.0,12
ENSG00000119383_5,0.4017495,0.0,12
ENSG00000175866_1,0.30610728,0.0,12
ENSG00000131477,0.5664586,1.0698531,12
ENSG00000108602_1,0.17736578,0.0,12
ENSG00000188379,0.12096844,0.0,12
ENSG00000122707,1.0255015,1.886891,12
ENSG00000186074,0.19239867,0.0,12
ENSG00000230601_1,0.1715459,0.0,12
ENSG00000167881_1,1.534594,2.9885817,12
ENSG00000108424_1,2.0865672,1.5951324,12
ENSG00000141699,2.3824928,2.2937007,12
ENSG00000179673,1.2798822,1.5200117,12
ENSG00000119383_3,0.790362,1.4168735,12
ENSG00000184619,0.5482744,1.1813576,12
ENSG00000073350,1.803304,1.9107738,12
ENSG00000187024_1,0.3866646,0.0,12
ENSG00000136874,1.5532043,2.352584,12
ENSG00000167543_2,0.7141912,2.1060004,12
ENSG00000141497,1.1933453,0.0,12
ENSG00000182224_2,0.9769837,0.0,12
ENSG00000132382,1.3276551,2.5751867,12
ENSG00000109103,1.3330878,2.3418775,12
ENSG00000011028,0.977144,1.3817466,12
ENSG00000080503_5,0.11428905,0.0,12
ENSG00000168259_3,0.54186714,2.537445,12
ENSG00000176170_2,1.5159695,1.6633617,12
ENSG00000107099_1,2.015472,1.524788,12
ENSG00000252542,0.18578471,0.0,12
ENSG00000180549,0.14903575,0.92577606,12
ENSG00000108406,1.2952551,2.6271067,12
ENSG00000204001_1,0.63344437,0.0,12
ENSG00000246731,0.93648016,0.0,12
ENSG00000273706,1.1283779,1.1951687,12
ENSG00000136828_1,1.0043988,1.1005222,12
ENSG00000177427,1.3045465,1.5736605,12
ENSG00000109099_2,0.136347,0.0,12
ENSG00000175106,1.7440212,1.9855028,12
ENSG00000227036_2,0.8198299,1.2785021,12
ENSG00000108984,0.15928434,0.0,12
ENSG00000126353,0.21012124,0.0,12
ENSG00000107331_2,0.44296688,1.254016,12
ENSG00000121053,0.15435599,0.0,12
ENSG00000141556,2.2026892,2.5994277,12
ENSG00000204873,0.3698716,1.3004216,12
ENSG00000277108,1.345307,1.7696506,12
ENSG00000067191,0.22709373,0.0,12
ENSG00000287333,0.17936495,0.84229714,12
ENSG00000136840,1.4488453,2.2746496,12
ENSG00000107331_1,1.8651388,1.8752928,12
ENSG00000204316,2.1029413,2.370317,12
ENSG00000141522_1,2.4116657,2.7926717,12
ENSG00000148175,2.1889007,2.6329358,12
ENSG00000129667_1,1.5952222,0.0,12
ENSG00000197969,2.032802,2.5555418,12
ENSG00000120071_1,0.14576867,0.0,12
ENSG00000231806,0.46467504,0.0,12
ENSG00000106799,2.3498223,2.3154876,12
ENSG00000283538,0.17260677,0.0,12
ENSG00000148335_1,1.560674,2.6127446,12
ENSG00000074660_1,0.40553883,1.3905642,12
ENSG00000291209,1.0646449,1.6598496,12
ENSG00000109047,0.23821373,0.0,12
ENSG00000185963,2.4277258,2.0504184,12
ENSG00000179148,0.2651038,0.9708023,12
ENSG00000132581,2.3152368,2.0434685,12
ENSG00000154263,0.1333242,0.0,12
ENSG00000137133,2.3497508,2.180513,12
ENSG00000267532,1.076204,0.0,12
ENSG00000109107,1.2166305,3.2317882,12
ENSG00000267128,0.4120976,1.2713768,12
ENSG00000092931_2,0.22364692,0.0,12
ENSG00000153930,0.13436031,0.0,12
ENSG00000182446_2,2.055854,2.9431012,12
ENSG00000108622_1,0.20773801,0.0,12
ENSG00000135063,1.4269224,2.0475864,12
ENSG00000274512,0.1961168,0.0,12
ENSG00000275465,0.11553637,0.0,12
ENSG00000108255,0.16200912,0.0,12
ENSG00000065559_1,0.11218443,0.0,12
ENSG00000121068,1.2079669,1.3850518,12
ENSG00000091542_1,2.224048,2.7512946,12
ENSG00000136935,2.0120993,2.2221544,12
ENSG00000096968,2.360439,2.4352071,12
ENSG00000198496,1.3216689,0.0,12
ENSG00000132535_4,1.2795962,0.0,12
ENSG00000262165,0.15286258,0.0,12
ENSG00000168961,0.20696768,0.0,12
ENSG00000185269,1.3573794,1.5327289,12
ENSG00000157637_1,2.06951,2.338064,12
ENSG00000122756_1,1.3535001,1.4578516,12
ENSG00000074356,0.11902397,0.0,12
ENSG00000136802,2.1091523,2.2370734,12
ENSG00000062725_1,1.4523814,2.3666825,12
ENSG00000171448_1,1.4527794,0.0,12
ENSG00000275722,0.1626544,0.0,12
ENSG00000229109,0.13545108,0.0,12
ENSG00000160271,2.0002434,1.5925076,12
ENSG00000196712,1.7782285,2.6044204,12
ENSG00000161542_1,2.4423654,2.5020404,12
ENSG00000275143,0.56112844,0.0,12
ENSG00000161653,0.8499061,1.703128,12
ENSG00000121057_2,0.18122196,0.0,12
ENSG00000277632,0.10913079,0.0,12
ENSG00000108784,2.4151785,2.1913114,12
ENSG00000188825_1,0.5004136,0.0,12
ENSG00000131473,1.9909966,2.7481966,12
ENSG00000126562,2.3666077,2.357134,12
ENSG00000015532,2.1139095,1.9328288,12
ENSG00000108861,1.497801,2.3180404,12
ENSG00000125449,1.3756661,2.1995988,12
ENSG00000176386,1.8286668,2.4780366,12
ENSG00000108798_1,0.23105554,0.0,12
ENSG00000175155,1.5877918,1.7497132,12
ENSG00000198121_1,1.1944786,1.4687165,12
ENSG00000212901,0.12741919,1.0876039,12
ENSG00000092871_1,1.1410768,1.0606601,12
ENSG00000108309,0.7299819,1.4686869,12
ENSG00000065325_1,0.12143294,0.0,12
ENSG00000132481,1.5439065,1.6563857,12
ENSG00000125445,1.9166124,2.7880056,12
ENSG00000273604,1.8385227,1.8641787,12
ENSG00000196116,1.7609615,1.6340357,12
ENSG00000198467,0.21516487,1.3070893,12
ENSG00000119411,1.0600334,1.4968328,12
ENSG00000185624_1,2.2240865,3.478366,12
ENSG00000137074,1.2731764,0.0,12
ENSG00000108469,0.62043184,0.73893905,12
ENSG00000080503,1.7353505,2.3034055,12
ENSG00000133027,0.23151392,1.1917863,12
ENSG00000164972_1,0.14493573,0.0,12
ENSG00000265749,0.14519534,0.0,12
ENSG00000240445,0.9045832,0.0,12
ENSG00000188523,1.079561,0.0,12
ENSG00000095209,1.7040958,2.6598296,12
ENSG00000185158,2.0065758,1.7861052,12
ENSG00000171403,0.61685485,1.2977387,12
ENSG00000108846,1.1846167,1.3773427,12
ENSG00000179598,2.1388476,2.153144,12
ENSG00000204897,0.11717179,0.0,12
ENSG00000235641_1,0.49277952,0.8345987,12
ENSG00000108592_1,2.1645174,3.2929003,12
ENSG00000187796,0.5717793,1.9537646,12
ENSG00000177369,0.16038528,0.0,12
ENSG00000137055,1.6179111,2.3338199,12
ENSG00000080298,0.13490197,0.0,12
ENSG00000165282,1.5453701,1.9734834,12
ENSG00000286322,0.24829014,0.0,12
ENSG00000125454,2.179437,2.5212598,12
ENSG00000169925_2,1.5775476,1.2656667,12
ENSG00000006744,1.4525518,1.2449695,12
ENSG00000187624,1.4247193,1.5085297,12
ENSG00000108622,0.9076,0.0,12
ENSG00000177370,2.0859568,0.0,12
ENSG00000167083,0.18109795,0.0,12
ENSG00000107104_1,1.8163439,1.7714405,12
ENSG00000221829,1.4716818,0.0,12
ENSG00000136938,2.6298883,3.9308293,12
ENSG00000161509_1,1.4641626,1.457776,12
ENSG00000154945_1,1.97173,2.38591,12
ENSG00000197079,0.22176665,0.0,12
ENSG00000275832_1,0.94596124,1.250976,12
ENSG00000171843_2,0.66333103,1.6825693,12
ENSG00000141258_1,1.8247578,1.6358857,12
ENSG00000073670,1.5476027,1.7701079,12
ENSG00000198887,1.9022021,2.235488,12
ENSG00000109113_1,0.539173,0.0,12
ENSG00000108588,2.1322033,0.0,12
ENSG00000170315,2.0390756,3.4736125,12
ENSG00000130560_1,2.2963793,3.330637,12
ENSG00000127083,0.14129655,0.0,12
ENSG00000187764_1,0.18642882,1.5319104,12
ENSG00000130707,1.2309408,0.0,12
ENSG00000136888,2.063569,3.3251173,12
ENSG00000072818,0.27068415,1.1291741,12
ENSG00000184502,0.17985857,0.0,12
ENSG00000271086,2.4503531,1.6552441,12
ENSG00000092929,1.2050937,2.0647686,12
ENSG00000165119_1,1.7773322,3.7004173,12
ENSG00000148337_1,2.1913664,3.3777597,12
ENSG00000141258,1.8134644,2.0229642,12
ENSG00000107105_2,0.17834453,0.0,12
ENSG00000109118,2.362194,1.2728854,12
ENSG00000141232,2.3419154,2.345001,12
ENSG00000107249,0.7127254,1.4767447,12
ENSG00000213977,1.907727,1.8347703,12
ENSG00000223510,0.15544337,0.0,12
ENSG00000165695,1.0382789,1.232615,12
ENSG00000237886,0.21736795,0.0,12
ENSG00000137038,0.9296647,2.8911023,12
ENSG00000095321,2.1578548,1.9531989,12
ENSG00000006695,0.9860262,2.06849,12
ENSG00000108826,1.6570574,0.0,12
ENSG00000285947,0.23193724,0.0,12
ENSG00000272763,1.5759941,0.0,12
ENSG00000252942,0.13377133,0.0,12
ENSG00000007174_1,0.14330494,0.0,12
ENSG00000148337,2.1762826,3.333034,12
ENSG00000182938,0.68649596,0.0,12
ENSG00000266947,0.3685888,0.0,12
ENSG00000148341,2.0683753,2.0862565,12
ENSG00000107099_2,0.5032722,0.0,12
ENSG00000119318,2.4715357,3.4966004,12
ENSG00000169696,2.277914,1.9774035,12
ENSG00000033627,1.4986472,0.0,12
ENSG00000136824,2.0882769,2.493179,12
ENSG00000108433,1.9089735,0.0,12
ENSG00000188825,0.9587169,0.0,12
ENSG00000004660_1,2.0124538,0.0,12
ENSG00000196363,0.75607896,1.5263393,12
ENSG00000173065_1,1.5728012,2.6435277,12
ENSG00000154760,0.6384655,1.1370374,12
ENSG00000290924,1.6872537,1.0652809,12
ENSG00000167863,2.3005826,3.491968,12
ENSG00000161920,1.521052,2.1039987,12
ENSG00000148180_3,0.91433936,0.0,12
ENSG00000235453,1.1111132,1.9318849,12
ENSG00000164989,1.070073,0.0,12
ENSG00000172992_1,2.2520957,2.3343954,12
ENSG00000126860,0.13217576,0.0,12
ENSG00000137075_2,1.8523731,1.8623103,12
ENSG00000173917,0.7656823,2.875981,12
ENSG00000266473,0.8727713,2.5588837,12
ENSG00000221880,0.62593484,1.1191238,12
ENSG00000008294_1,2.4965498,2.897231,12
ENSG00000107164,2.066302,2.776213,12
ENSG00000198853,2.1200366,2.0636187,12
ENSG00000167916,0.28680217,0.0,12
ENSG00000107104_2,0.12218987,0.0,12
ENSG00000179409,2.0763443,1.7764033,12
ENSG00000059769,2.246165,2.2030954,12
ENSG00000213218,0.20430842,0.0,12
ENSG00000180071,0.9371894,0.0,12
ENSG00000106852_1,1.1702727,0.0,12
ENSG00000225050,0.110795386,0.0,12
ENSG00000204193,0.1146834,0.0,12
ENSG00000119125,0.92917705,2.4204922,12
ENSG00000293669,2.0175297,2.4164941,12
ENSG00000006125,1.6550958,3.0973094,12
ENSG00000108840,2.3765614,2.472171,12
ENSG00000157654_2,0.2309533,0.8461515,12
ENSG00000161542,2.4497926,1.6018863,12
ENSG00000128487_1,0.19727674,0.982045,12
ENSG00000165702,0.54565275,2.9462352,12
ENSG00000136478,1.8872833,1.8393964,12
ENSG00000232104,2.177207,1.979093,12
ENSG00000197879,1.5617867,1.4794745,12
ENSG00000204414,0.21667953,0.8536982,12
ENSG00000065559,1.6709082,1.9540977,12
ENSG00000170836,2.5990946,2.2828329,12
ENSG00000179094_1,1.0844834,0.0,12
ENSG00000141526,0.59177136,0.0,12
ENSG00000293460,1.1868671,2.2738042,12
ENSG00000167113,2.5438483,3.1913364,12
ENSG00000205899,0.8526391,1.3682683,12
ENSG00000221829_1,1.5161202,1.7016457,12
ENSG00000070601,1.5576655,1.2167463,12
ENSG00000136932,2.2422774,2.2996576,12
ENSG00000266677,1.1861005,0.0,12
ENSG00000165115,1.8870763,1.6848274,12
ENSG00000148180,0.17594016,0.0,12
ENSG00000227355,1.9538759,0.0,12
ENSG00000231991,0.2318516,0.0,12
ENSG00000073861,1.3422111,1.7042192,12
ENSG00000176058,2.2726753,2.2861419,12
ENSG00000198265_1,1.297076,1.2909468,12
ENSG00000108468,2.157143,1.7146734,12
ENSG00000120156_1,0.1048053,0.0,12
ENSG00000121104,1.7848985,2.925344,12
ENSG00000119397,2.1274538,0.0,12
ENSG00000266088,0.4597329,0.9930657,12
ENSG00000293499,1.5470036,1.9791385,12
ENSG00000188352,2.1508846,2.0803955,12
ENSG00000274808,0.18608662,0.0,12
ENSG00000108591,1.3512563,0.0,12
ENSG00000258315_1,2.2484906,0.0,12
ENSG00000055483,2.283587,2.3430538,12
ENSG00000214860,0.28332904,0.0,12
ENSG00000108654_3,2.3340688,4.03569,12
ENSG00000175866_4,0.20223719,0.8825815,12
ENSG00000136931,0.47288254,0.0,12
ENSG00000186185,1.7059094,2.1628003,12
ENSG00000109061,0.107395224,0.0,12
ENSG00000198231,2.435695,2.6421142,12
ENSG00000108878,0.43690565,0.0,12
ENSG00000126883_1,2.3332007,0.0,12
ENSG00000125492,0.7567394,1.4416165,12
ENSG00000108604,2.2279167,1.218378,12
ENSG00000187024,0.9765967,1.642603,12
ENSG00000265313,0.13231242,0.0,12
ENSG00000197724,1.8182328,2.080915,12
ENSG00000120217,0.49805558,0.0,12
ENSG00000158169_1,2.3360946,2.416141,12
ENSG00000165724,2.1610403,2.5183613,12
ENSG00000204930,0.42591462,0.0,12
ENSG00000291140,2.4306073,1.8428962,12
ENSG00000178607_1,0.21196659,0.7389549,12
ENSG00000164970,1.6644263,2.3677845,12
ENSG00000148154,2.3064263,2.644074,12
ENSG00000227531,0.10346789,0.0,12
ENSG00000124422_1,1.9302101,2.3272607,12
ENSG00000166596,0.21658675,0.0,12
ENSG00000005156,2.1824772,2.7122877,12
ENSG00000108946_1,2.0777237,2.9504423,12
ENSG00000277258_1,0.6402009,2.5740962,12
ENSG00000161929,0.13989888,1.3544273,12
ENSG00000275302,0.16417709,0.0,12
ENSG00000087191,2.3799849,2.992496,12
ENSG00000271503,0.28984228,0.0,12
ENSG00000197879_1,1.8160851,1.9137609,12
ENSG00000147872,1.2690098,2.4099112,12
ENSG00000160445,1.6705903,2.2310565,12
ENSG00000141526_1,0.7859896,1.1707016,12
ENSG00000153930_1,0.09582543,0.0,12
ENSG00000173801,1.1342143,0.0,12
ENSG00000141510_1,0.8227702,0.0,12
ENSG00000170037,1.6708528,0.0,12
ENSG00000148362,2.104793,2.5104244,12
ENSG00000179604,1.5618986,1.9963715,12
ENSG00000188554_1,1.5941765,2.5476751,12
ENSG00000175866_3,0.41297832,0.0,12
ENSG00000198242_1,1.8627102,2.1038344,12
ENSG00000136842,1.8421519,3.037777,12
ENSG00000178445,0.13008067,0.9413325,12
ENSG00000108389,1.4765712,2.0067868,12
ENSG00000094796,0.49553385,0.0,12
ENSG00000136881_1,0.14156368,0.0,12
ENSG00000178307,2.185847,2.569231,12
ENSG00000196704,2.15993,2.5019324,12
ENSG00000161513_1,1.6559508,2.4613168,12
ENSG00000182156,0.3031016,0.4895929,12
ENSG00000156052,2.0077403,1.9182453,12
ENSG00000007237_5,0.12378325,0.0,12
ENSG00000154330,0.5193072,1.1670691,12
ENSG00000108641,1.5440145,1.5052314,12
ENSG00000108465,2.2381387,2.1638975,12
ENSG00000108641_1,1.1632903,1.5208162,12
ENSG00000181038,2.2939603,2.554615,12
ENSG00000263293_1,1.6531534,2.2374809,12
ENSG00000183684,2.4381015,3.3381276,12
ENSG00000290770,2.211922,2.2967968,12
ENSG00000169696_1,0.3102222,0.70876074,12
ENSG00000182224,1.3031236,1.8019522,12
ENSG00000030304_1,0.11188119,0.0,12
ENSG00000291110,0.64010566,0.0,12
ENSG00000165124,0.8510678,1.3958678,12
ENSG00000108510,2.0613263,1.6091673,12
ENSG00000167081_1,1.1822712,0.0,12
ENSG00000091592,0.19345047,1.0606601,12
ENSG00000224877,2.2678235,2.9625068,12
ENSG00000157654_1,0.46721742,1.3727463,12
ENSG00000091622,1.5479403,1.7439407,12
ENSG00000044459,0.7053853,1.069816,12
ENSG00000108799,1.6285584,2.2664316,12
ENSG00000106853,0.12040197,0.0,12
ENSG00000106701,1.9551244,1.6328216,12
ENSG00000264364,2.311403,2.860565,12
ENSG00000167130,2.2494664,2.676035,12
ENSG00000181513_1,0.7967104,0.0,12
ENSG00000141748,0.13775216,1.1026257,12
ENSG00000108443,1.9597607,3.0175633,12
ENSG00000166292,0.19224492,0.0,12
ENSG00000141560,1.8859421,2.1111515,12
ENSG00000265118,0.15394078,0.0,12
ENSG00000108244_1,0.12791334,0.0,12
ENSG00000148362_1,1.3848743,1.177825,12
ENSG00000108825_1,0.98612124,0.0,12
ENSG00000186130,0.9670911,2.1326375,12
ENSG00000225937,0.114083014,0.0,12
ENSG00000091542,1.1634781,1.7439767,12
ENSG00000165140_1,0.13054904,1.346079,12
ENSG00000185829,0.9667576,0.0,12
ENSG00000286190,1.1210141,1.2151086,12
ENSG00000070540,1.7032179,1.9841356,12
ENSG00000108688,0.11052247,0.0,12
ENSG00000178607,2.0104692,2.1932359,12
ENSG00000265702,0.1647136,0.0,12
ENSG00000277363_1,1.7354988,1.5729203,12
ENSG00000108953,1.8590207,3.6385882,12
ENSG00000106829_2,1.4501501,1.4454174,12
ENSG00000148204,0.4517678,1.5965091,12
ENSG00000178927,2.092147,1.8260813,12
ENSG00000181031,0.09828351,0.0,12
ENSG00000007171,0.12329995,0.0,12
ENSG00000176358,0.20834015,0.0,12
ENSG00000170291_1,1.5330317,2.2997622,12
ENSG00000119328,1.8517505,0.0,12
ENSG00000204136,1.1384776,1.5472454,12
ENSG00000125457,0.74470353,0.8267225,12
ENSG00000271605,0.37523463,0.0,12
ENSG00000173805,0.80893767,1.3148359,12
ENSG00000187616,0.22274995,0.0,12
ENSG00000108417,0.12742543,0.0,12
ENSG00000107371,1.9383563,2.8545308,12
ENSG00000137073_1,2.3375263,2.822248,12
ENSG00000172057,0.40928656,0.0,12
ENSG00000160339,0.18255818,0.0,12
ENSG00000272975_2,0.20249213,0.0,12
ENSG00000287553,1.9148915,1.4493241,12
ENSG00000120071_2,1.6849171,0.0,12
ENSG00000136807,2.2687201,2.0582135,12
ENSG00000267280_1,1.5425442,1.4705281,12
ENSG00000148120,1.2695395,1.9124027,12
ENSG00000164946,0.12690614,0.0,12
ENSG00000171097_1,2.1541605,2.0719557,12
ENSG00000148200,2.4755158,2.145793,12
ENSG00000215126,1.3859924,2.7819715,12
ENSG00000153982_1,1.667053,0.9764784,12
ENSG00000181396,2.135296,2.6861274,12
ENSG00000175764,1.7846196,2.0637498,12
ENSG00000120075,1.0289388,0.0,12
ENSG00000137076,2.1008713,2.771262,12
ENSG00000108846_1,0.25383005,0.0,12
ENSG00000213221,2.1950681,2.2004948,12
ENSG00000119321,0.17951065,0.0,12
ENSG00000165119,0.22979546,0.0,12
ENSG00000030582,0.76045656,2.603427,12
ENSG00000231902,0.0978524,0.0,12
ENSG00000133027_2,1.9727086,2.2971475,12
ENSG00000132507_1,2.4218,3.8139963,12
ENSG00000148110,2.1964962,2.4447145,12
ENSG00000181409_1,1.2885239,1.5118299,12
ENSG00000095370_3,0.43547472,0.84991056,12
ENSG00000136436,1.6849263,2.9542642,12
ENSG00000005884,1.1366233,1.4105917,12
ENSG00000091592_1,0.4719201,2.9254632,12
ENSG00000120162,1.5106704,2.2516382,12
ENSG00000108468_1,2.1582098,2.9631832,12
ENSG00000188938_1,0.78056544,0.0,12
ENSG00000083457_1,0.18777558,1.1089032,12
ENSG00000012048_2,1.308039,2.6665742,12
ENSG00000167291_1,1.4375957,1.707851,12
ENSG00000108557,1.9358373,2.2030058,12
ENSG00000006025,0.81064516,2.1426022,12
ENSG00000158169_2,1.4855984,0.0,12
ENSG00000276070,0.14632428,1.9963715,12
ENSG00000005102,0.10484698,0.0,12
ENSG00000141562_1,2.3527915,3.3256984,12
ENSG00000267123,0.2347484,0.0,12
ENSG00000006062,2.4938703,2.044916,12
ENSG00000121057_1,1.114917,0.0,12
ENSG00000177602,2.1661742,2.2798698,12
ENSG00000236320,0.8833435,0.0,12
ENSG00000083457,2.1492798,1.9392916,12
ENSG00000175826,1.7612246,2.4572504,12
ENSG00000185527_1,0.21422955,0.0,12
ENSG00000108669_2,0.5329343,1.8463309,12
ENSG00000125414,0.12436085,1.5287882,12
ENSG00000141738_1,0.37997404,0.0,12
ENSG00000177984,0.19195431,1.0116128,12
ENSG00000086061,1.8616827,3.2356648,12
ENSG00000278619,1.8081554,2.1597025,12
ENSG00000005243,1.0623001,1.3249817,12
ENSG00000174282,1.8557832,1.7362052,12
ENSG00000160446,1.949018,2.2400172,12
ENSG00000129214,0.47507218,0.0,12
ENSG00000171843_1,1.3217596,1.560612,12
ENSG00000213930,1.0985053,1.75201,12
ENSG00000236849,0.15038851,0.0,12
ENSG00000204347,0.25214836,0.0,12
ENSG00000129195,1.1506798,0.0,12
ENSG00000187866,2.007162,2.2798038,12
ENSG00000159217,1.9450951,2.6539648,12
ENSG00000130558_1,1.4852378,1.7130787,12
ENSG00000159202,2.4320319,2.570683,12
ENSG00000087095_1,0.18224493,2.0054808,12
ENSG00000165233,1.6083546,1.6137319,12
ENSG00000136867,1.4271268,1.4348084,12
ENSG00000108424,2.1972644,3.8853958,12
ENSG00000228083,0.11258877,0.0,12
ENSG00000184811,0.37469688,1.3083509,12
ENSG00000106991_1,0.694259,1.2896558,12
ENSG00000005882,0.9374122,1.4328891,12
ENSG00000170412_1,1.280012,1.4856646,12
ENSG00000133193,1.7777476,2.8170276,12
ENSG00000198467_1,0.39916745,0.0,12
ENSG00000215041,2.2959511,1.7198117,12
ENSG00000148396,2.3324997,1.7063593,12
ENSG00000136848_1,1.0391377,1.3338904,12
ENSG00000183153,0.18597138,1.0417085,12
ENSG00000186832,0.70114744,0.0,12
ENSG00000148308,1.6068165,2.843637,12
ENSG00000197958,1.4046091,4.0055194,12
ENSG00000168591,1.9664136,2.2252576,12
ENSG00000108312,1.8328897,2.2272182,12
ENSG00000275832_2,1.4421642,1.5917878,12
ENSG00000070526,1.1072435,2.9708478,12
ENSG00000141698,1.3731798,2.7659924,12
ENSG00000153944,1.7995787,1.6426623,12
ENSG00000137077,0.17744286,0.0,12
ENSG00000127191,0.31601664,0.0,12
ENSG00000240498_1,0.09168146,0.0,12
ENSG00000187713,2.1203358,2.2679527,12
ENSG00000187595_1,0.59515095,0.0,12
ENSG00000131477_1,1.4397608,1.392609,12
ENSG00000181409,0.39822724,0.0,12
ENSG00000221852,0.6029126,1.5849415,12
ENSG00000226197,0.10365502,0.0,12
ENSG00000185359,2.364208,2.633057,12
ENSG00000173258,0.6881418,2.1139634,12
ENSG00000119139,1.0872904,2.0692499,12
ENSG00000108523,2.0667381,2.3598733,12
ENSG00000230074,1.560718,0.0,12
ENSG00000107282,1.5652905,1.7366992,12
ENSG00000141485,0.67604744,1.2434349,12
ENSG00000148334_2,1.7764428,1.8516375,12
ENSG00000277200,1.5517429,1.5487701,12
ENSG00000154025,0.21361983,0.0,12
ENSG00000196196,0.6159512,1.2263421,12
ENSG00000158169,0.69953835,0.0,12
ENSG00000214401,2.6298497,1.8597926,12
ENSG00000107317_1,0.17489609,0.0,12
ENSG00000171298,1.8599249,1.6628333,12
ENSG00000119125_1,0.97013223,1.6516559,12
ENSG00000169718,1.7402464,1.1089032,12
ENSG00000125686,1.1634157,0.0,12
ENSG00000165272_1,1.3085513,2.6232028,12
ENSG00000073670_1,1.5812325,1.7052563,12
ENSG00000004142,2.0860126,2.6354344,12
ENSG00000068120,1.1011945,2.9642289,12
ENSG00000185624,0.24524893,1.4669714,12
ENSG00000082641_1,1.7092334,2.2265277,12
ENSG00000223478,1.7646546,0.0,12
ENSG00000212719_1,0.483148,0.0,12
ENSG00000204669,0.17873771,0.0,12
ENSG00000006282_1,0.1718677,0.0,12
ENSG00000185863,0.28663248,0.0,12
ENSG00000107018,0.18198016,0.6649239,12
ENSG00000166579_1,1.975808,2.1419575,12
ENSG00000178445_1,0.12366984,0.0,12
ENSG00000130222,0.7356867,1.376084,12
ENSG00000159182,0.21607289,0.83065283,12
ENSG00000135047_1,0.16034687,0.0,12
ENSG00000099219,1.9761574,2.347174,12
ENSG00000263400,0.7884438,0.0,12
ENSG00000141367,2.222403,3.6210952,12
ENSG00000141337,0.63613546,0.0,12
ENSG00000184640_1,0.19877169,0.7189996,12
ENSG00000107263,0.14091301,0.0,12
ENSG00000182575_1,1.342365,1.1831274,12
ENSG00000167081,1.6447002,1.748715,12
ENSG00000007168_2,1.7201372,1.9457048,12
ENSG00000108423,1.4155188,2.312987,12
ENSG00000147905,2.5192266,2.587083,12
ENSG00000244187,1.914237,0.0,12
ENSG00000291084,0.15483886,0.0,12
ENSG00000279602,0.24268073,0.97927517,12
ENSG00000184640_2,0.99607176,2.5647962,12
ENSG00000137098,0.99416864,2.7068944,12
ENSG00000148346,0.22511253,0.0,12
ENSG00000136828,1.7019904,1.6461684,12
ENSG00000147912,1.2510127,1.3948543,12
ENSG00000265055,1.3042991,1.0652734,12
ENSG00000170835,0.23708129,0.0,12
ENSG00000131668,1.5035439,1.580697,12
ENSG00000183077,1.422768,0.0,12
ENSG00000070444,1.6575505,2.2967749,12
ENSG00000141551_1,0.18525241,0.0,12
ENSG00000106952,0.11997036,0.99033886,12
ENSG00000186566,2.1370609,0.0,12
ENSG00000108813_1,0.5318677,1.8135409,12
ENSG00000287355,0.16390666,0.0,12
ENSG00000108379_1,0.17592533,0.0,12
ENSG00000126337,0.25252005,0.90639967,12
ENSG00000165181_2,0.10770973,0.0,12
ENSG00000122733_1,1.5230083,1.2069068,12
ENSG00000086065_1,1.3271643,2.639801,12
ENSG00000107105_3,0.22977956,0.0,12
ENSG00000091640,1.5150046,2.6941743,12
ENSG00000197063_1,2.2773116,2.3580492,12
ENSG00000004139,0.88526714,0.0,12
ENSG00000196739,1.2023841,1.3671136,12
ENSG00000236819,0.20776948,0.0,12
ENSG00000187239,1.4603158,1.6450388,12
ENSG00000215237,0.86792564,1.9972194,12
ENSG00000005238_2,0.6969203,0.0,12
ENSG00000136878,2.4494445,2.681082,12
ENSG00000082641_3,0.41938502,0.0,12
ENSG00000182327,0.6390431,1.3938208,12
ENSG00000283329,0.11485029,0.0,12
ENSG00000253506,0.14905924,3.284126,12
ENSG00000233223_1,2.0813718,1.7865882,12
ENSG00000048828,2.2653859,2.8337843,12
ENSG00000197816,0.5465985,0.0,12
ENSG00000197768,0.6060742,0.0,12
ENSG00000173065,2.022497,0.0,12
ENSG00000129226_1,0.4263659,1.142796,12
ENSG00000148204_1,0.1745401,0.0,12
ENSG00000261408,2.154797,2.0028138,12
ENSG00000262920,0.4696081,1.0743409,12
ENSG00000175787,0.60826755,0.0,12
ENSG00000213859,1.4864771,1.7659813,12
ENSG00000187186,0.7264933,0.0,12
ENSG00000161526,1.4166855,2.1032596,12
ENSG00000148386,0.19710355,0.0,12
ENSG00000160401,0.20587176,0.0,12
ENSG00000196814,1.5912939,1.6176293,12
ENSG00000179477_1,0.24406588,0.89289564,12
ENSG00000170291,1.8577534,2.548156,12
ENSG00000212900,0.14421906,0.0,12
ENSG00000227543,2.1172705,1.5027684,12
ENSG00000108666_2,1.4558088,0.0,12
ENSG00000230303,0.11841852,0.0,12
ENSG00000127191_1,2.4201534,2.297235,12
ENSG00000108828,1.9910622,2.756598,12
ENSG00000198740,2.366132,2.2449965,12
ENSG00000176208,1.7979178,2.5795448,12
ENSG00000161647,1.7747488,1.9465996,12
ENSG00000266962,2.02995,2.322116,12
ENSG00000291074,0.705171,2.0897532,12
ENSG00000141696,1.506066,2.0753279,12
ENSG00000291075_1,0.24414079,0.0,12
ENSG00000108654_1,1.3969436,0.0,12
ENSG00000136861_1,1.6683698,2.6485279,12
ENSG00000106993,1.8962522,2.434441,12
ENSG00000177374,1.0191116,1.1291741,12
ENSG00000173812_1,1.0427493,1.4208959,12
ENSG00000122696_1,2.129166,2.6538875,12
ENSG00000119487_2,1.7555244,2.7026484,12
ENSG00000204889,0.13098542,0.0,12
ENSG00000049283_1,0.26493454,0.8860957,12
ENSG00000131469,1.7527181,3.7490132,12
ENSG00000119408_1,1.7988429,1.2853998,12
ENSG00000106772,0.16260737,0.0,12
ENSG00000129204,1.0573622,1.3361795,12
ENSG00000131482,0.15818965,0.0,12
ENSG00000136856,1.8292315,1.8015409,12
ENSG00000141570,2.3205879,2.1330597,12
ENSG00000171169,1.5609504,2.1782804,12
ENSG00000276170,0.20675607,0.0,12
ENSG00000108244,0.18889925,0.99572295,12
ENSG00000173812,2.3109667,4.064151,12
ENSG00000106852_2,1.2988366,1.6770409,12
ENSG00000213213,0.25994718,0.0,12
ENSG00000158955,1.3801419,1.7420335,12
ENSG00000132530_3,0.14588176,0.0,12
ENSG00000136848_2,0.13414903,0.0,12
ENSG00000157657,1.6016649,0.0,12
ENSG00000171448,0.8436421,0.0,12
ENSG00000121064,0.81465584,2.101912,12
ENSG00000167703,2.2593625,0.0,12
ENSG00000136848,0.17680056,0.0,12
ENSG00000141279_2,2.2560723,2.197137,12
ENSG00000161653_1,1.1215832,1.1742634,12
ENSG00000178031,0.1301883,0.0,12
ENSG00000209582,0.22540204,0.0,12
ENSG00000108946_3,0.1280659,0.0,12
ENSG00000184185,1.5689888,1.605208,12
ENSG00000165684,1.9991859,2.0985227,12
ENSG00000170703_1,0.8452663,1.0392555,12
ENSG00000138835_1,0.22871535,0.0,12
ENSG00000132507_3,1.0062406,1.5101293,12
ENSG00000083457_2,0.24752153,0.9503648,12
ENSG00000277370,0.50000197,1.3109906,12
ENSG00000108684,1.2305508,1.4358125,12
ENSG00000198963,0.36387625,0.0,12
ENSG00000278023,0.68942815,0.0,12
ENSG00000004897,2.3267984,2.7334058,12
ENSG00000050555,1.474513,1.6881528,12
ENSG00000153944_2,0.14259133,0.0,12
ENSG00000161654,0.15834396,0.0,12
ENSG00000108821_1,0.16519764,0.0,12
ENSG00000108821_2,0.4364304,0.96510756,12
ENSG00000130558,1.2011349,1.4785665,12
ENSG00000161921,0.42935196,0.0,12
ENSG00000130558_2,0.32207063,0.0,12
ENSG00000175906,0.7300058,1.2002593,12
ENSG00000154229,2.0374455,2.344962,12
ENSG00000183034,0.33726272,0.0,12
ENSG00000235530,2.2549155,1.9581815,12
ENSG00000167842,2.0345323,2.3317976,12
ENSG00000148180_1,0.96277755,2.0420396,12
ENSG00000119321_1,1.7590551,2.580204,12
ENSG00000262050,1.761362,0.0,12
ENSG00000196712_1,0.15126632,0.8963609,12
ENSG00000184361,0.9467342,0.0,12
ENSG00000154920,1.6794336,1.8398236,12
ENSG00000123700,0.87710273,1.599206,12
ENSG00000127081,0.8391641,1.9172744,12
ENSG00000267080,1.7373872,0.0,12
ENSG00000226549,0.84045506,2.1909225,12
ENSG00000167118,1.4511398,2.8546581,12
ENSG00000141376_3,0.13743693,0.0,12
ENSG00000120068_1,0.22021773,1.943543,12
ENSG00000023318,2.0128524,2.975605,12
ENSG00000070366,2.288927,2.3370998,12
ENSG00000132478,2.6882715,2.225397,12
ENSG00000235106,1.5924559,1.9628521,12
ENSG00000279069,1.2937497,1.840194,12
ENSG00000184451,0.23067228,0.89292896,12
ENSG00000228696,1.3486416,0.0,12
ENSG00000008294,0.24115914,1.4473907,12
ENSG00000092931,2.6652627,2.4966528,12
ENSG00000159111,1.1507685,0.0,12
ENSG00000107187_1,1.1484168,1.3363396,12
ENSG00000158122,2.0016687,2.3128288,12
ENSG00000238898,0.14402318,0.0,12
ENSG00000167302,2.1383467,1.8605176,12
ENSG00000136487_1,0.2748361,1.1330916,12
ENSG00000121104_1,2.280372,0.0,12
ENSG00000157693,2.165475,1.5828358,12
ENSG00000233098_2,0.25340745,0.0,12
ENSG00000159184,0.7039536,1.1969495,12
ENSG00000177728,0.9803116,0.0,12
ENSG00000183018,0.25036582,1.0488766,12
ENSG00000231806_1,0.44118908,0.0,12
ENSG00000223551,0.242459,3.6649003,12
ENSG00000131097,0.14885655,0.8755243,12
ENSG00000181045_1,1.4170355,1.5972892,12
ENSG00000185527,0.27784756,1.0142264,12
ENSG00000108963,1.0269183,0.0,12
ENSG00000188747,2.0982025,1.1934863,12
ENSG00000107020,0.9244426,1.7429999,12
ENSG00000064300,1.2965368,1.9309388,12
ENSG00000070061,2.2203777,2.5571725,12
ENSG00000175061,1.9869568,3.611614,12
ENSG00000290810,0.12354072,0.0,12
ENSG00000141026,1.5587274,2.2963514,12
ENSG00000180901,0.22920075,0.0,12
ENSG00000278505,0.14163855,0.0,12
ENSG00000173894,2.084759,2.0070133,12
ENSG00000267278_1,0.27207276,0.99033886,12
ENSG00000122692,0.95736206,0.0,12
ENSG00000261879,1.3262641,0.0,12
ENSG00000186765,0.48861435,0.0,12
ENSG00000120071_3,2.575504,2.2013972,12
ENSG00000230537,0.06934755,0.0,12
ENSG00000129219,1.6076682,1.8192806,12
ENSG00000213694,1.1733623,1.3508292,12
ENSG00000230537_1,0.2783201,0.0,12
ENSG00000236680,0.14767873,1.4482888,12
ENSG00000164985_1,0.13530761,0.0,12
ENSG00000169992_1,0.22351499,0.0,12
ENSG00000176170_1,2.3950193,1.9896277,12
ENSG00000119121,0.11878788,1.0513146,12
ENSG00000157653,1.8075606,1.2480714,12
ENSG00000147854,1.2819035,2.4818509,12
ENSG00000148300,1.6671673,2.6044939,12
ENSG00000161958,0.70495605,2.1111248,12
ENSG00000285634_1,0.085750274,0.0,12
ENSG00000169583_1,0.35507965,0.0,12
ENSG00000154217,1.3645236,0.0,12
ENSG00000136877_1,1.2867445,0.0,12
ENSG00000179094_2,1.2558577,1.8106719,12
ENSG00000181523,1.4285097,0.0,12
ENSG00000067596,1.2063421,2.482562,12
ENSG00000120160,0.11657954,0.0,12
ENSG00000182534,1.6980529,2.1220849,12
ENSG00000188554,1.3904533,2.1312754,12
ENSG00000196597,1.3724445,2.0135198,12
ENSG00000136810,2.4566343,3.0997496,12
ENSG00000185920_1,0.50368726,1.7741811,12
ENSG00000033627_1,0.3942716,0.0,12
ENSG00000126368,1.6054127,1.5318875,12
ENSG00000126861,0.1164413,0.0,12
ENSG00000267568_1,0.47220394,1.2613105,12
ENSG00000108298,2.0293152,3.9635947,12
ENSG00000213373,0.14860405,0.0,12
ENSG00000188386,0.35359666,0.0,12
ENSG00000108342,0.31324044,1.7812454,12
ENSG00000187742,2.102463,2.4487774,12
ENSG00000235361,0.36663598,0.0,12
ENSG00000131242,2.0365632,1.9172639,12
ENSG00000136490_1,1.655509,2.1575475,12
ENSG00000011052,2.1096065,2.9136455,12
ENSG00000106771,2.2657926,2.4393485,12
ENSG00000044574,2.482527,3.817825,12
ENSG00000169155,1.8888772,2.2311535,12
ENSG00000136449_1,0.86601895,0.0,12
ENSG00000157637,0.87314165,1.1985747,12
ENSG00000108551,1.3046184,1.4864446,12
ENSG00000131480,0.29383916,0.0,12
ENSG00000167693,1.6932979,1.9835812,12
ENSG00000228714,0.086866625,0.0,12
ENSG00000215183,0.22256044,1.0441084,12
ENSG00000168517_1,1.9970943,1.4367667,12
ENSG00000122133,0.24941519,0.0,12
ENSG00000181222,1.84135,3.0628338,12
ENSG00000171097,2.150876,0.0,12
ENSG00000136861,1.5863569,0.0,12
ENSG00000188483,1.8168879,2.1591158,12
ENSG00000108819,1.6624457,1.4785377,12
ENSG00000108515,0.33938172,0.0,12
ENSG00000136450,1.0176456,0.0,12
ENSG00000136866,0.69968724,0.0,12
ENSG00000136872_1,0.20611182,0.0,12
ENSG00000235448_1,0.11560648,0.0,12
ENSG00000186407,0.10927192,0.0,12
ENSG00000035862_2,1.5510186,1.7968518,12
ENSG00000108932,1.0494354,0.0,12
ENSG00000165269_1,0.25384858,0.0,12
ENSG00000147889,0.8287905,0.0,12
ENSG00000148229_1,1.759258,3.0198388,12
ENSG00000187609,2.0877078,1.8656132,12
ENSG00000169738,0.3075362,1.4407202,12
ENSG00000265148,1.0602573,0.0,12
ENSG00000067191_1,0.60866463,0.0,12
ENSG00000107130,1.8045201,2.1451902,12
ENSG00000185504_1,0.48758134,1.7887126,12
ENSG00000236130,0.5538719,0.0,12
ENSG00000166484_1,1.361477,1.666312,12
ENSG00000277688,0.3118637,0.0,12
ENSG00000258315,2.2882295,0.0,12
ENSG00000041982,0.27412018,1.1311373,12
ENSG00000106686_1,0.31716263,0.0,12
ENSG00000108639_1,0.76338845,0.0,12
ENSG00000172171,1.0813398,0.0,12
ENSG00000184640_5,0.2206583,0.0,12
ENSG00000203993,2.279608,2.3509648,12
ENSG00000167117,0.18629938,0.0,12
ENSG00000205045,0.5212508,0.0,12
ENSG00000130713,1.1918299,2.6358385,12
ENSG00000119326,2.142501,2.636508,12
ENSG00000238423,1.0417415,1.864861,12
ENSG00000121073,2.0167193,2.5880678,12
ENSG00000171346_1,0.32990983,0.0,12
ENSG00000234494,1.3125298,0.0,12
ENSG00000083454,1.0176446,1.3186684,12
ENSG00000126883,3.592197,3.5060935,12
ENSG00000136877,1.9379454,2.117248,12
ENSG00000167900,1.7049456,2.7834134,12
ENSG00000182853,0.32299367,0.0,12
ENSG00000109089,1.853709,2.1244063,12
ENSG00000125398,0.37738517,1.2854673,12
ENSG00000263069,2.0748365,1.4650407,12
ENSG00000132530,0.12974827,0.0,12
ENSG00000131471,0.212148,0.0,12
ENSG00000141034,2.2886255,2.26689,12
ENSG00000198242,2.3319361,4.1183143,12
ENSG00000198920,0.123041,0.0,12
ENSG00000196535,0.38149905,0.0,12
ENSG00000108306,2.2119133,2.0970838,12
ENSG00000108556,0.35824224,1.1504186,12
ENSG00000262814,2.40018,3.1274483,12
ENSG00000175854,1.0579696,1.4882207,12
ENSG00000261371_1,0.14550032,0.0,12
ENSG00000165244,2.5093887,2.0642333,12
ENSG00000129244,0.73295254,2.5590203,12
ENSG00000070610_1,1.609458,2.3783433,12
ENSG00000135070,2.0293097,2.5724883,12
ENSG00000236024,0.15908298,0.0,12
ENSG00000131467,1.8715123,2.815836,12
ENSG00000274755,0.10313239,0.0,12
ENSG00000108639,2.1753635,2.850533,12
ENSG00000229637,0.16534716,0.0,12
ENSG00000165688,2.325827,2.945166,12
ENSG00000187791,0.12894306,0.0,12
ENSG00000129657_3,0.1662477,0.0,12
ENSG00000204815,1.4582323,0.0,12
ENSG00000132518,0.2077285,0.0,12
ENSG00000148339,2.5515518,2.3949277,12
ENSG00000126581,1.3137962,2.7120981,12
ENSG00000185298,2.3986218,2.6083827,12
ENSG00000242616,1.6272737,2.5214362,12
ENSG00000004939,0.16932976,0.0,12
ENSG00000179859_1,2.0133116,1.905202,12
ENSG00000108924_2,0.12924188,0.0,12
ENSG00000198844,0.2366955,0.0,12
ENSG00000074370,1.8124101,2.5638487,12
ENSG00000005381_2,0.19672105,0.0,12
ENSG00000109099_3,0.13105324,0.0,12
ENSG00000136444,1.9542596,2.2761376,12
ENSG00000148357,1.3840954,1.6748796,12
ENSG00000086062,2.2617877,2.3665164,12
ENSG00000287431,2.4511948,1.4318621,12
ENSG00000290585,0.2440597,0.0,12
ENSG00000138835_3,0.3367587,1.4218342,12
ENSG00000095303_2,0.7821193,0.0,12
ENSG00000107201,0.38343877,0.0,12
ENSG00000138835_4,0.24841246,0.0,12
ENSG00000108387_4,0.14673181,0.0,12
ENSG00000160408,0.56095016,0.0,12
ENSG00000173826,1.0596308,0.0,12
ENSG00000196156,0.62446415,1.2728391,12
ENSG00000174238,2.0276895,2.435717,12
ENSG00000267023,0.25743183,0.0,12
ENSG00000168259_1,2.0020964,0.0,12
ENSG00000136937,2.509214,0.0,12
ENSG00000002919,1.5401899,2.0337453,12
ENSG00000188612_1,2.5900705,3.7502692,12
ENSG00000135002,1.1706916,0.0,12
ENSG00000170703,0.92470014,1.0063976,12
ENSG00000182575,1.5840341,1.1830989,12
ENSG00000136819,2.3874452,3.4057646,12
ENSG00000176108,1.9203521,2.0766768,12
ENSG00000267278_2,0.8655533,1.2069337,12
ENSG00000108523_1,1.0700178,1.8098761,12
ENSG00000080298_1,1.2796981,0.0,12
ENSG00000165025,1.430527,1.582177,12
ENSG00000108823,0.21917689,0.0,12
ENSG00000136881,0.13202417,0.0,12
ENSG00000197919,0.11215129,0.0,12
ENSG00000267278,2.2237341,2.152218,12
ENSG00000290567,0.20784879,0.0,12
ENSG00000159210,1.7096362,2.4484992,12
ENSG00000165272,0.1778515,0.0,12
ENSG00000108946_2,1.7817278,0.0,12
ENSG00000131759,0.370312,0.0,12
ENSG00000187824,1.0453031,1.0269008,12
ENSG00000081386,1.4225898,2.2127733,12
ENSG00000136859,0.6937386,0.0,12
ENSG00000095319,2.1794093,2.7715375,12
ENSG00000170160,0.7138356,0.0,12
ENSG00000213424,0.14525764,0.0,12
ENSG00000164985,0.1324614,0.0,12
ENSG00000196358,1.4317497,1.5918101,12
ENSG00000083290,1.330317,1.7709256,12
ENSG00000198113,1.055285,0.0,12
ENSG00000125409,0.5091088,0.0,12
ENSG00000154258,0.14746378,0.0,12
ENSG00000165271,0.94072855,2.4362867,12
ENSG00000278259_1,1.7875937,2.678491,12
ENSG00000135052,1.5179925,1.8489338,12
ENSG00000136868,1.8948678,2.29427,12
ENSG00000120159_1,2.072686,2.544192,12
ENSG00000188921,0.59427035,0.0,12
ENSG00000136827,1.9130211,2.731168,12
ENSG00000108576,1.1899751,1.0698531,12
ENSG00000178919,0.6865754,1.4054488,12
ENSG00000165661,1.9622074,2.7598114,12
ENSG00000198722,1.5468608,1.923327,12
ENSG00000083223,0.133399,0.0,12
ENSG00000136875,1.7776252,2.6578128,12
ENSG00000092929_1,1.0363077,2.2664223,12
ENSG00000129657_1,0.28632763,0.0,12
ENSG00000109113_2,0.1932247,0.0,12
ENSG00000165264,1.1180701,2.9151866,12
ENSG00000182963,1.4777069,1.7405679,12
ENSG00000136811_3,1.1014986,0.0,12
ENSG00000087111_1,0.17078124,0.0,12
ENSG00000147872_1,0.15459397,0.0,12
ENSG00000228395,1.9388146,1.2756798,12
ENSG00000270379,0.1518104,0.0,12
ENSG00000107290,2.364875,2.5782952,12
ENSG00000148123_1,0.15334062,1.0193157,12
ENSG00000108797,0.44522756,1.2510052,12
ENSG00000198917,1.2936559,2.4478183,12
ENSG00000106829_1,0.57895994,0.0,12
ENSG00000122136,0.27021304,0.0,12
ENSG00000188352_1,0.11733597,0.0,12
ENSG00000141161,0.14629555,0.0,12
ENSG00000108961,0.58177876,0.0,12
ENSG00000204706_1,1.6383888,1.4641615,12
ENSG00000170190,1.5804315,1.5532031,12
ENSG00000165113,1.6523819,1.757692,12
ENSG00000141582,2.3755624,2.7570617,12
ENSG00000198783,1.7410347,2.0674615,12
ENSG00000174292,0.6822598,1.6831732,12
ENSG00000010438,0.6453264,0.0,12
ENSG00000188312,2.066387,2.3467147,12
ENSG00000091583,0.09707319,0.0,12
ENSG00000167881,0.229388,0.0,12
ENSG00000214929,0.11738827,0.0,12
ENSG00000161955_1,0.23240045,0.0,12
ENSG00000154240_1,0.9519905,0.0,12
ENSG00000172782,1.2153621,1.3083723,12
ENSG00000165699_1,0.55086976,0.0,12
ENSG00000087157,1.7569693,0.0,12
ENSG00000107263_1,1.6766583,2.2263162,12
ENSG00000123975,1.9820179,3.1579883,12
ENSG00000107147,0.8910761,0.92576575,12
ENSG00000293325,0.6674817,1.1795806,12
ENSG00000182752,0.20919102,0.0,12
ENSG00000182896,0.21922025,0.0,12
ENSG00000263429,0.22371525,1.1130404,12
ENSG00000141738,0.3960797,1.2019976,12
ENSG00000225194_1,0.60709715,1.1068026,12
ENSG00000148120_1,0.11633196,0.0,12
ENSG00000007237_6,1.5015898,1.6930494,12
ENSG00000235387,0.20219354,0.0,12
ENSG00000165238,1.458539,1.9061842,12
ENSG00000141562,1.8934758,2.0307615,12
ENSG00000154803,1.2451812,0.0,12
ENSG00000165269,0.2629424,0.0,12
ENSG00000108666_1,1.7958198,2.2631862,12
ENSG00000225361,0.40230215,1.7218024,12
ENSG00000125484_1,2.1341164,1.8900183,12
ENSG00000280177,0.24624479,0.7761925,12
ENSG00000175866_5,0.29252103,0.0,12
ENSG00000125458,1.8558782,2.325331,12
ENSG00000283160,0.89105487,0.0,12
ENSG00000122140,1.7439094,3.327001,12
ENSG00000106829,0.65559167,1.9876887,12
ENSG00000108389_1,1.9338605,1.8424658,12
ENSG00000119402,2.3778117,2.477564,12
ENSG00000094804,1.4815819,2.738023,12
ENSG00000260230,1.4002534,1.3682497,12
ENSG00000270332,0.16915202,0.0,12
ENSG00000181045,0.33321247,0.0,12
ENSG00000168259_2,2.0557652,3.0564742,12
ENSG00000173918,0.96529907,1.7110223,12
ENSG00000264044,0.20213558,0.0,12
ENSG00000168913,1.5553589,1.1616075,12
ENSG00000141456_1,1.3685321,0.0,12
ENSG00000006042,1.7091991,2.6414979,12
ENSG00000181634,0.20619771,0.0,12
ENSG00000073598,0.15718782,0.0,12
ENSG00000108788,2.0014029,2.5742779,12
ENSG00000181284,0.6176008,1.5502772,12
ENSG00000011295,2.3204637,2.4382257,12
ENSG00000064195,0.7800224,1.5093639,12
ENSG00000095370_1,0.16186097,0.0,12
ENSG00000106689,1.4548954,1.2263678,12
ENSG00000283439,0.16606955,0.0,12
ENSG00000108244_2,0.1639539,0.0,12
ENSG00000178966,2.2300417,2.084283,12
ENSG00000165280,2.3763428,3.2733185,12
ENSG00000222581,0.084510766,0.0,12
ENSG00000109099_1,0.55129766,0.0,12
ENSG00000141506,1.1970265,1.5118032,12
ENSG00000131096,0.19312611,1.0854332,12
ENSG00000184988,0.47556275,1.0675544,12
ENSG00000107187,1.4498224,1.8082178,12
ENSG00000197646,0.11262158,0.56841296,12
ENSG00000148143_1,0.14029154,0.0,12
ENSG00000284526,0.17092115,0.8610682,12
ENSG00000129214_1,0.25772488,0.0,12
ENSG00000261924,0.2050456,0.0,12
ENSG00000205309,2.2251968,2.0417874,12
ENSG00000198121,0.11208024,0.0,12
ENSG00000062716,1.5929592,0.0,12
ENSG00000167880,0.47422636,0.9503843,12
ENSG00000259349,1.692695,0.0,12
ENSG00000136933,1.2723796,2.6800635,12
ENSG00000182612,0.17208391,0.0,12
ENSG00000186393,0.13917598,0.0,12
ENSG00000281769,0.4929632,0.98203593,12
ENSG00000266446,1.0642514,1.4633255,12
ENSG00000087095,2.0092685,2.5436833,12
ENSG00000182271,0.12214386,0.0,12
ENSG00000126883_2,0.28523868,1.3004433,12
ENSG00000188986,2.285546,2.3690116,12
ENSG00000169710,2.2738988,3.7835612,12
ENSG00000167543_3,1.8818508,2.0252607,12
ENSG00000119383_4,0.41651663,0.0,12
ENSG00000183691,1.4683716,1.8851067,12
ENSG00000167182,2.3139188,2.4309952,12
ENSG00000109062,2.183034,2.348916,12
ENSG00000153822_1,0.13950294,0.0,12
ENSG00000196730,0.20309496,0.0,12
ENSG00000006047,1.557888,1.3174156,12
ENSG00000170777,0.16762483,0.0,12
ENSG00000166582,1.901351,2.76183,12
ENSG00000107147_1,1.4376854,1.7371926,12
ENSG00000147889_2,0.590379,1.2729781,12
ENSG00000170296,0.5363583,2.1101148,12
ENSG00000262879,0.82641625,0.0,12
ENSG00000141298,1.983531,2.6308274,12
ENSG00000121057_3,0.16419327,1.5751417,12
ENSG00000161381_2,0.4394633,1.38616,12
ENSG00000154240,0.097214915,0.0,12
ENSG00000167447,1.0264916,2.3144634,12
ENSG00000291110_1,0.19648047,0.0,12
ENSG00000238212,0.10362842,0.0,12
ENSG00000185862,0.20840237,0.0,12
ENSG00000238227,2.4702814,2.3624449,12
ENSG00000136943,1.1928096,1.4464439,12
ENSG00000153982,1.2534592,2.1251688,12
ENSG00000227619,0.17159614,0.0,12
ENSG00000147862,0.11965885,0.0,12
ENSG00000197694_1,1.0521679,0.0,12
ENSG00000148090,2.0050995,2.512188,12
ENSG00000198642,0.665367,1.375133,12
ENSG00000141040,1.1064254,1.5036137,12
ENSG00000167183,0.28522488,0.0,12
ENSG00000278540_1,2.1778095,1.0743409,12
ENSG00000186638,1.6751714,1.9677678,12
ENSG00000127084,0.5986788,0.0,12
ENSG00000108312_2,0.40611765,2.1220586,12
ENSG00000141505_1,0.20115185,0.0,12
ENSG00000213213_1,1.2798611,0.95921314,12
ENSG00000107331,0.3865207,0.0,12
ENSG00000214941,2.2405145,2.0813437,12
ENSG00000081377,0.9957778,0.0,12
ENSG00000068097,1.3769902,2.1155207,12
ENSG00000106829_4,0.1329953,0.0,12
ENSG00000126561_1,0.26974764,1.5093504,12
ENSG00000165304,1.2799184,2.6131692,12
ENSG00000179111,0.24152192,0.0,12
ENSG00000188938,2.2097678,2.2364137,12
ENSG00000108813,0.76146144,0.0,12
ENSG00000106789,2.0457866,2.042284,12
ENSG00000108924_1,0.22116761,0.0,12
ENSG00000174326,0.3638573,1.6770592,12
ENSG00000278540,2.3858726,0.0,12
ENSG00000241322,0.14751461,0.0,12
ENSG00000148334,2.322385,2.2669134,12
ENSG00000107372,2.0372882,2.8182788,12
ENSG00000270806,0.14407635,0.0,12
ENSG00000108262,2.0221725,2.1821864,12
ENSG00000108669,0.13048813,0.0,12
ENSG00000167105,0.38002083,1.0488689,12
ENSG00000185294,0.27209693,1.0116128,12
ENSG00000171634,2.2170188,2.6573715,12
ENSG00000228639,0.13141689,0.0,12
ENSG00000007216,0.15117654,0.8894698,12
ENSG00000108349,2.3440661,2.6399415,12
ENSG00000166482,0.4932901,0.0,12
ENSG00000137075_1,2.1558158,1.5890443,12
ENSG00000267104,0.29021728,0.0,12
ENSG00000167914,0.17835335,0.0,12
ENSG00000212724,0.65823174,0.0,12
ENSG00000175832_2,1.3586211,2.6036153,12
ENSG00000148337_2,0.6775358,1.2684703,12
ENSG00000136925,2.4637625,2.3284101,12
ENSG00000197816_1,0.15149908,0.0,12
ENSG00000141314,1.6027837,1.9783175,12
ENSG00000147852_1,1.0011619,1.9396241,12
ENSG00000173786,1.7958335,1.881339,12
ENSG00000186193,2.0628731,2.403637,12
ENSG00000119396,2.281062,2.8482323,12
ENSG00000170315_1,1.2842201,0.0,12
ENSG00000174282_1,1.4676487,1.5849415,12
ENSG00000161958_2,0.63084006,0.0,12
ENSG00000188878,1.5991812,0.0,12
ENSG00000165152,0.79457027,1.7440269,12
ENSG00000233016,2.3553596,2.694162,12
ENSG00000262074,1.1336814,0.0,12
ENSG00000107147_2,1.2760005,1.4358284,12
ENSG00000161955,0.27139866,0.0,12
ENSG00000232859,1.9411236,1.8699354,12
ENSG00000277268,0.93910265,1.3762666,12
ENSG00000285822,1.2539833,2.881033,12
ENSG00000185681,1.3857607,0.0,12
ENSG00000278259,0.83465177,0.0,12
ENSG00000182687,1.3675189,1.7130703,12
ENSG00000108559,1.3342547,2.5436373,12
ENSG00000072849,1.251376,2.116704,12
ENSG00000119383,2.5011146,1.7990123,12
ENSG00000167874,0.28097102,0.0,12
ENSG00000080503_4,0.12417755,0.0,12
ENSG00000107338,2.2985938,1.9094704,12
ENSG00000173068_1,0.091753714,0.8499719,12
ENSG00000086102,2.1212199,0.0,12
ENSG00000188647,0.15885049,0.0,12
ENSG00000141552_1,2.2526164,1.8670619,12
ENSG00000108813_2,1.066474,1.6881349,12
ENSG00000168517_2,1.4096144,0.0,12
ENSG00000141756_1,0.35635772,1.2713071,12
ENSG00000275532,0.49666297,1.4540517,12
ENSG00000136463,1.5392146,2.3928902,12
ENSG00000270885,1.061057,1.4687165,12
ENSG00000137145,2.2745948,2.117798,12
ENSG00000126561,2.2105882,2.2326303,12
ENSG00000189050,1.8747604,0.0,12
ENSG00000273061,1.7695836,0.0,12
ENSG00000006059,0.34726977,0.0,12
ENSG00000154016,0.2260195,0.0,12
ENSG00000167543_1,1.6430094,1.674806,12
ENSG00000291185,1.0491048,0.0,12
ENSG00000127804,1.0492256,0.0,12
ENSG00000165059,0.78899425,0.0,12
ENSG00000176658,2.3266551,2.7725492,12
ENSG00000198933,1.6198915,1.1026052,12
ENSG00000132141,1.7346408,1.4085453,12
ENSG00000175854_1,2.0938113,2.8421535,12
ENSG00000159199,1.9830031,0.0,12
ENSG00000108950,1.3340878,1.3980268,12
ENSG00000173801_1,2.0035028,3.2530446,12
ENSG00000184640_4,1.9675076,2.5656955,12
ENSG00000187838_1,1.7034537,2.4762692,12
ENSG00000165138,2.0343664,2.4747696,12
ENSG00000178852_1,2.0522692,1.9163013,12
ENSG00000172889_2,2.0494266,1.9121104,12
ENSG00000135040,2.2526717,2.3874736,12
ENSG00000096872,1.0959607,2.2245772,12
ENSG00000141526_2,1.4659195,1.5986264,12
ENSG00000213246,2.0344505,2.9552715,12
ENSG00000122741,1.9166505,2.5858386,12
ENSG00000131748,1.8059922,2.7780282,12
ENSG00000129194,0.16607842,0.0,12
ENSG00000281000,1.3143579,3.1610084,12
ENSG00000137106,1.7308106,0.0,12
ENSG00000135002_1,2.0086462,2.5202477,12
ENSG00000141499,0.85181546,2.1105123,12
ENSG00000167280,1.8909041,2.4528518,12
ENSG00000198271,0.76171464,1.5303022,12
ENSG00000236088,0.9687638,0.0,12
ENSG00000141349_1,1.8876246,2.4084334,12
ENSG00000186834,2.1010127,2.468715,12
ENSG00000160404,1.9396447,2.5122614,12
ENSG00000155876,1.8749816,2.5420783,12
ENSG00000095370,1.3848087,1.5465304,12
ENSG00000260220,0.41007927,0.0,12
ENSG00000173068,0.13753322,0.0,12
ENSG00000281491,1.0308172,0.0,12
ENSG00000147905_1,0.1358794,0.0,12
ENSG00000167193,2.243727,2.403661,12
ENSG00000167920,2.3193738,0.0,12
ENSG00000141349,1.7435441,2.687743,12
ENSG00000167716_1,1.7463084,1.8770833,12
ENSG00000167100_1,1.2829367,1.3773427,12
ENSG00000131771_1,0.16455188,0.0,12
ENSG00000120159,1.8045211,1.8147868,12
ENSG00000147889_1,1.1367512,0.0,12
ENSG00000165118,1.548533,2.408352,12
ENSG00000171916,0.11959445,0.0,12
ENSG00000266402,1.5743775,2.7178702,12
ENSG00000185379,1.3782995,1.8023837,12
ENSG00000155875,0.35406438,1.6296848,12
ENSG00000136891,2.051827,2.82593,12
ENSG00000276234,2.288454,2.4037552,12
ENSG00000137101_1,0.17415123,0.0,12
ENSG00000165092_1,0.15476412,0.0,12
ENSG00000133195,0.59928536,1.9255987,12
ENSG00000109079,1.7997735,2.346355,12
ENSG00000007312,0.3201974,0.82275635,12
ENSG00000136936,2.134626,2.6118538,12
ENSG00000267002,1.7505248,1.2855258,12
ENSG00000284976,0.7940374,1.5672711,12
ENSG00000129667,0.2700003,0.0,12
ENSG00000106686,0.4137063,0.0,12
ENSG00000108666,1.5459303,0.0,12
ENSG00000181513,1.7691774,0.0,12
ENSG00000235448,0.11790242,0.0,12
ENSG00000173818,2.1627452,1.7683051,12
ENSG00000170004,1.434037,2.3010952,12
ENSG00000136449,0.8273022,0.0,12
ENSG00000258890,2.2456088,2.4100194,12
ENSG00000141499_1,1.1360012,1.8841097,12
ENSG00000161682,1.5738921,0.0,12
ENSG00000165716,1.6189754,1.749744,12
ENSG00000167895,0.7135214,0.0,12
ENSG00000182173,1.876256,2.2553353,12
ENSG00000171431,0.17007378,0.0,12
ENSG00000167723,0.1691463,0.0,12
ENSG00000186395,0.24034518,2.9390898,12
ENSG00000170004_1,0.1984174,0.0,12
ENSG00000222293,0.12514502,0.0,12
ENSG00000141503,2.2166755,2.4073381,12
ENSG00000196092,0.86447567,1.1466241,12
ENSG00000197063,1.0766362,2.331326,12
ENSG00000141580,2.272852,2.6928804,12
ENSG00000068137_1,1.7100773,2.217118,12
ENSG00000277631,0.32039016,0.0,12
ENSG00000174038_1,0.1990783,1.1026394,12
ENSG00000171953,1.6874616,2.0960789,12
ENSG00000186350,1.8990581,2.563018,12
ENSG00000171843,0.10189959,0.0,12
ENSG00000197506,0.1120662,0.0,12
ENSG00000137054,1.7512766,2.8649328,12
ENSG00000171532,0.41581598,0.0,12
ENSG00000175931,1.8137832,2.079561,12
ENSG00000056558,0.20883264,0.0,12
ENSG00000169696_2,0.3064603,0.9533247,12
ENSG00000201920,0.18982644,1.3213499,12
ENSG00000238804,0.18601075,0.0,12
ENSG00000184060_1,0.90985864,1.7891645,12
ENSG00000080608,1.3482842,0.0,12
ENSG00000185245,0.1850612,1.0984014,12
ENSG00000188895_2,0.17756873,0.0,12
ENSG00000108883_1,1.8186462,3.0108595,12
ENSG00000080503_3,0.11895821,0.0,12
ENSG00000132376,2.0855014,0.0,12
ENSG00000159842_1,1.362992,0.9764875,12
ENSG00000196422_1,1.7874126,1.9474827,12
ENSG00000179314_1,1.4893017,1.4669417,12
ENSG00000119397_1,0.533671,0.0,12
ENSG00000200903,0.22826071,0.0,12
ENSG00000141510,0.18032584,0.0,12
ENSG00000148296,1.9867692,2.9861114,12
ENSG00000184557,2.3330338,2.8150795,12
ENSG00000121073_2,0.31827727,0.0,12
ENSG00000268996,2.3459122,1.9265431,12
ENSG00000106692,0.798115,2.038779,12
ENSG00000076351,1.3469878,1.9325244,12
ENSG00000107159,0.22267856,0.0,12
ENSG00000135047,1.7601168,3.1130738,12
ENSG00000005381_1,0.19513446,0.0,12
ENSG00000142484,0.18810143,0.0,12
ENSG00000072849_1,1.6995541,2.3268273,12
ENSG00000174038,0.16679692,0.0,12
ENSG00000198000_1,2.206866,2.8690498,12
ENSG00000160325,1.9401693,1.4732826,12
ENSG00000136895_2,1.7650855,0.0,12
ENSG00000259120,0.1945536,0.0,12
ENSG00000177076,1.7315638,1.9380592,12
ENSG00000197191,0.2306622,0.8186877,12
ENSG00000263293,1.9553679,1.4511322,12
ENSG00000127774,1.9980234,2.6536446,12
ENSG00000070495,2.49256,2.6189785,12
ENSG00000167107_1,0.3908038,1.3566759,12
ENSG00000167524,0.19516721,0.64119637,12
ENSG00000160293,1.7066616,1.4520932,12
ENSG00000185561,1.299009,1.1985747,12
ENSG00000266934,0.15760674,1.1504186,12
ENSG00000147894,1.6812234,1.7586092,12
ENSG00000267394,1.0487916,0.63502103,12
ENSG00000119333,2.9769878,0.0,12
ENSG00000132530_1,0.22580269,1.1311373,12
ENSG00000291094,0.26042774,0.0,12
ENSG00000154945,1.9051518,1.7303381,12
ENSG00000233098_1,0.15002376,0.0,12
ENSG00000287782,0.1974377,0.0,12
ENSG00000178999,1.5305527,0.0,12
ENSG00000277027,1.8599348,2.7647178,12
ENSG00000161547,2.2947123,3.6908267,12
ENSG00000132386_2,0.2544972,0.0,12
ENSG00000132514,0.17953841,0.0,12
ENSG00000179094,0.46130505,1.4096965,12
ENSG00000185359_1,0.52934074,1.3795049,12
ENSG00000132383,1.832112,2.6739807,12
ENSG00000170689,2.4548633,3.0185423,12
ENSG00000185722_1,1.8600365,2.0861819,12
ENSG00000141027_1,2.2665925,2.4992292,12
ENSG00000290919,0.9928756,3.2418451,12
ENSG00000120071,0.13997741,0.0,12
ENSG00000198467_3,0.91764045,1.1917583,12
ENSG00000277161,2.2392287,1.9175843,12
ENSG00000154975,1.0483531,1.6383893,12
ENSG00000176248,2.3431747,2.1018672,12
ENSG00000002919_1,1.3272712,1.662191,12
ENSG00000198435,2.2344968,2.2725818,12
ENSG00000264589,0.602534,1.3199593,12
ENSG00000132470_1,1.515557,1.662276,12
ENSG00000293440,2.0754545,1.6691215,12
ENSG00000055483_1,1.1479595,1.4651151,12
ENSG00000204278,0.654533,0.0,12
ENSG00000225376_1,0.16528657,0.0,12
ENSG00000129250,2.08428,2.4333713,12
ENSG00000108479,1.5429649,2.430251,12
ENSG00000129657_2,2.2470605,1.7882674,12
ENSG00000160539_1,0.46105012,1.3096727,12
ENSG00000181090_2,0.48906317,0.8384461,12
ENSG00000076351_1,0.21405126,0.0,12
ENSG00000169992,1.1435862,1.7985554,12
ENSG00000070731_1,1.450371,1.6836863,12
ENSG00000136813,2.195244,2.5639672,12
ENSG00000170175,0.8586349,1.6052942,12
ENSG00000167699,1.6264944,0.0,12
ENSG00000161921_1,1.2936769,1.2714466,12
ENSG00000263766,2.1915834,1.4001752,12
ENSG00000119383_2,0.7713569,1.6598496,12
ENSG00000125319,1.7527325,2.3596249,12
ENSG00000234323,0.12048673,0.0,12
ENSG00000125447_1,0.76772916,1.373978,12
ENSG00000168646,1.4306452,1.4368303,12
ENSG00000126858,2.2656915,2.2760594,12
ENSG00000106976_1,1.9391407,1.5821543,12
ENSG00000266714,0.41182312,1.385034,12
ENSG00000224383,0.58615935,1.0810231,12
ENSG00000167925,0.5543815,0.0,12
ENSG00000265359,0.13655652,0.0,12
ENSG00000278910_1,0.11938655,0.0,12
ENSG00000165699,1.9749624,2.210313,12
ENSG00000236924,0.5925892,0.0,12
ENSG00000169733,1.4015628,1.325064,12
ENSG00000095261,2.794156,2.6630664,12
ENSG00000177302,2.0267181,2.3656938,12
ENSG00000265148_1,0.78242606,1.2356799,12
ENSG00000062725,1.6002737,1.1934975,12
ENSG00000169583,0.40318295,0.0,12
ENSG00000119408_2,0.1730136,0.0,12
ENSG00000159640,1.5417337,1.9734927,12
ENSG00000196152,1.7854844,2.106626,12
ENSG00000233223,2.1330457,1.5396155,12
ENSG00000172421,0.13946494,0.0,12
ENSG00000141524_1,0.41212216,1.2757258,12
ENSG00000276023,2.1681054,2.4716144,12
ENSG00000087111,0.16378772,0.0,12
ENSG00000167941,0.2196529,0.0,12
ENSG00000109072,0.2993289,0.0,12
ENSG00000108439_1,0.16756567,1.3109438,12
ENSG00000109065,1.9398482,0.0,12
ENSG00000164978,1.5945826,0.0,12
ENSG00000287737,1.934354,1.2264711,12
ENSG00000180787,0.81102943,1.5540165,12
ENSG00000171302,1.8320132,2.552392,12
ENSG00000177731,1.4265959,2.2321827,12
ENSG00000078687,2.1575289,2.326336,12
ENSG00000136448,1.5538075,3.6262817,12
ENSG00000007202,2.37245,2.8562913,12
ENSG00000087191_1,2.039596,0.0,12
ENSG00000092871,0.66846836,0.0,12
ENSG00000196739_1,0.13729605,0.0,12
ENSG00000175768,1.9754903,3.366137,12
ENSG00000161509,0.7455522,0.0,12
ENSG00000165060,1.3810042,2.728297,12
ENSG00000173253,0.68935156,1.148541,12
ENSG00000225190,0.20326987,0.0,12
ENSG00000148400,1.9690665,2.3864276,12
ENSG00000165092,0.16634166,0.0,12
ENSG00000173068_2,0.6884816,1.2388487,12
ENSG00000074356_1,1.7747209,2.4852571,12
ENSG00000165219,2.154691,2.6803246,12
ENSG00000275718,0.14288795,0.0,12
ENSG00000204277,0.5568542,1.2450386,12
ENSG00000159640_2,0.35702688,1.3161381,12
ENSG00000132510_1,0.28123254,0.0,12
ENSG00000108960,1.9391828,1.0984014,12
ENSG00000167850,0.15532474,1.2358565,12
ENSG00000007168,2.1249318,2.6720054,12
ENSG00000154240_2,1.1202582,1.540367,12
ENSG00000173991,0.24114159,0.0,12
ENSG00000213246_1,0.6732248,0.0,12
ENSG00000165181_1,0.11867865,0.0,12
ENSG00000161381_1,0.4687197,1.3070893,12
ENSG00000107105,0.11012501,0.0,12
ENSG00000108344,2.3953044,3.413221,12
ENSG00000167525_3,1.8243785,1.7308307,12
ENSG00000240505,0.16341853,0.0,12
ENSG00000167434,1.1269491,1.4095442,12
ENSG00000133027_1,0.16317153,0.0,12
ENSG00000181856,0.8136975,0.95631254,12
ENSG00000159842_3,1.3955021,1.4568062,12
ENSG00000136813_1,1.9627751,2.8855817,12
ENSG00000286685,1.1199042,0.0,12
ENSG00000147862_2,0.5447273,1.1580306,12
ENSG00000172889_1,1.0987211,3.5864184,12
ENSG00000108839,1.0200906,1.6725873,12
ENSG00000167861,1.0995023,1.1616075,12
ENSG00000181885,0.5338115,0.0,12
ENSG00000136854,2.0568504,2.345156,12
ENSG00000141252_2,1.6576483,2.431272,12
ENSG00000172716,0.33597523,0.0,12
ENSG00000224738_1,2.0904899,1.3761059,12
ENSG00000178921_1,1.3342462,0.0,12
ENSG00000131473_1,1.1879196,1.8689029,12
ENSG00000123453_2,0.11871823,0.0,12
ENSG00000120071_4,1.406796,1.9120891,12
ENSG00000141576,0.14895396,0.0,12
ENSG00000277161_1,1.8502617,1.6468251,12
ENSG00000197170,1.8808317,2.9508219,12
ENSG00000231107,0.10941412,0.0,12
ENSG00000180336,1.160626,1.4586983,12
ENSG00000136783,1.3512155,2.688572,12
ENSG00000227036,0.16462237,0.0,12
ENSG00000141753,1.9746058,3.2894464,12
ENSG00000129245,2.2507026,2.2175102,12
ENSG00000169683,1.8601466,1.5142688,12
ENSG00000290585_1,1.4193999,0.0,12
ENSG00000176978,1.385911,2.8025453,12
ENSG00000233198,0.3971718,0.9984773,12
ENSG00000087152_1,2.3906808,2.3538008,12
ENSG00000133020,0.104544155,0.0,12
ENSG00000133026,0.97392225,2.5708766,12
ENSG00000165006,1.7672158,2.4508724,12
ENSG00000196730_2,1.5918286,1.9649099,12
ENSG00000130957,0.1820142,0.0,12
ENSG00000198920_1,1.1307074,0.0,12
ENSG00000108823_1,0.26931584,1.1389339,12
ENSG00000007237_2,0.117151074,0.0,12
ENSG00000108474,0.72624636,2.609602,12
ENSG00000175611_1,1.7667373,2.2282617,12
ENSG00000132361,2.1843755,2.8307939,12
ENSG00000263489,0.3043503,0.0,12
ENSG00000130958,1.3270693,1.716162,12
ENSG00000219200,1.1489972,3.3678124,12
ENSG00000132518_1,0.6600641,0.7035493,12
ENSG00000221926_1,0.44344094,0.0,12
ENSG00000235979,0.121263705,0.0,12
ENSG00000119487_1,0.112604685,0.0,12
ENSG00000142494,1.112984,1.6234044,12
ENSG00000074755,2.125085,2.1355524,12
ENSG00000108511,0.5365211,2.058411,12
ENSG00000155158,0.88641596,1.9703469,12
ENSG00000148297,2.0642068,2.358873,12
ENSG00000076604,2.4296854,2.6621003,12
ENSG00000070731,1.398905,1.6131121,12
ENSG00000108523_2,0.5298467,0.0,12
ENSG00000181523_1,0.8047257,1.440673,12
ENSG00000184451_1,0.66832095,1.3904759,12
ENSG00000197724_1,1.8542964,1.9511139,12
ENSG00000119139_3,0.17156985,0.0,12
ENSG00000136504,2.0325177,2.885529,12
ENSG00000172301,1.8241252,1.2786164,12
ENSG00000186075,0.8637563,0.0,12
ENSG00000128422_2,0.7001235,1.5744133,12
ENSG00000106829_3,1.3679714,1.6815217,12
ENSG00000185332,0.27601317,0.0,12
ENSG00000131771,0.6767729,1.3861243,12
ENSG00000109111,2.1426704,3.1162589,12
ENSG00000109099,1.1317673,1.6195108,12
ENSG00000136870,1.7689068,0.0,12
ENSG00000173838_1,0.8520376,0.0,12
ENSG00000153822,0.13559836,0.0,12
ENSG00000180329,1.4314878,2.531964,12
ENSG00000107186_1,0.09939764,0.0,12
ENSG00000169727,1.6569756,2.3690674,12
ENSG00000141505,0.16759686,0.0,12
ENSG00000269929,2.6251318,2.386481,12
ENSG00000276293,2.4101508,2.0628226,12
ENSG00000141127_1,1.5958049,2.603297,12
ENSG00000109101_1,0.34347865,0.0,12
ENSG00000167889,1.5893584,1.7623184,12
ENSG00000108395,2.3335037,0.0,12
ENSG00000120158,2.2941225,2.3980095,12
ENSG00000119457,0.6836612,1.2495408,12
ENSG00000293440_1,0.13260433,0.0,12
ENSG00000273611_1,0.15731217,0.0,12
ENSG00000172159_1,1.2600453,1.314857,12
ENSG00000186350_1,0.665135,1.4512182,12
ENSG00000132517,0.38504273,0.0,12
ENSG00000165185,2.403286,2.5819838,12
ENSG00000173611,1.666297,0.0,12
ENSG00000186594,2.070214,1.7386299,12
ENSG00000178445_2,1.0661199,1.3109694,12
ENSG00000197566,1.0240554,1.6252816,12
ENSG00000205108,0.15344185,0.0,12
ENSG00000148143,0.29028597,0.8683505,12
ENSG00000234789,0.31837404,0.0,12
ENSG00000262768,0.2861621,0.0,12
ENSG00000179029,1.292108,0.0,12
ENSG00000141741,1.2743727,2.653878,12
ENSG00000171246,1.5152193,2.216166,12
ENSG00000131669,1.5328152,1.4925648,12
ENSG00000007237_4,0.11939075,0.0,12
ENSG00000148335,0.39554036,0.8860957,12
ENSG00000275023,2.2449234,2.2931857,12
ENSG00000172785,1.1080273,0.0,12
ENSG00000129226,0.6569547,2.9555626,12
ENSG00000106991,0.18456624,0.0,12
ENSG00000108825,0.77578247,0.0,12
ENSG00000108733,1.7546027,2.0721765,12
ENSG00000148344,0.5255307,0.0,12
ENSG00000108947,1.0768108,0.0,12
ENSG00000248871,1.1768713,1.0193241,12
ENSG00000165119_2,2.213691,3.3332417,12
ENSG00000232283,0.14755954,0.0,12
ENSG00000279668,0.16237395,0.0,12
ENSG00000167157,1.4538807,1.6376998,12
ENSG00000204054_2,1.3750677,0.0,12
ENSG00000183914,0.6291912,0.0,12
ENSG00000130635,1.4017277,1.4660368,12
ENSG00000260785,0.04975554,0.0,12
ENSG00000278910,0.13735855,0.0,12
ENSG00000175611,1.8384795,0.0,12
ENSG00000132581_1,2.2303088,2.4811273,12
ENSG00000276070_1,0.17467867,1.9993438,12
ENSG00000108771,0.32469466,1.902487,12
ENSG00000197291,1.3586962,0.0,12
ENSG00000108679,0.28597087,0.0,12
ENSG00000128482,0.30641198,0.0,12
ENSG00000213416,0.5831737,0.0,12
ENSG00000119139_4,0.15557827,0.0,12
ENSG00000167840_1,1.1540625,0.8384713,12
ENSG00000169692,2.094626,2.2064993,12
ENSG00000119514,1.7463217,2.5412297,12
ENSG00000108256,2.0382714,3.461599,12
ENSG00000290657,0.4615145,0.0,12
ENSG00000138835_6,0.26017013,0.0,12
ENSG00000127080,2.3094504,2.1572602,12
ENSG00000171861,1.6396767,2.1541774,12
ENSG00000221926,0.19150296,0.0,12
ENSG00000281649,1.8698347,2.5456583,12
ENSG00000121058,1.7123789,2.8544347,12
ENSG00000141526_3,0.6346542,1.4367667,12
ENSG00000225434,0.15418975,0.0,12
ENSG00000108946,1.6482574,1.8328345,12
ENSG00000137094,1.0111872,0.0,12
ENSG00000204316_1,1.8231198,2.6451666,12
ENSG00000072310_1,1.9730319,2.7723951,12
ENSG00000070601_1,0.14646107,0.0,12
ENSG00000254876,1.709652,2.3780706,12
ENSG00000108439,1.5294569,2.2493966,12
ENSG00000082641_2,0.87106335,0.93514436,12
ENSG00000248714,2.2626162,1.2085596,12
ENSG00000175061_1,1.6398593,2.8201292,12
ENSG00000070214,1.7394154,2.1380594,12
ENSG00000199744,0.22516666,1.1088964,12
ENSG00000167106_1,2.3356001,1.8474431,12
ENSG00000107186_2,0.10677489,0.0,12
ENSG00000007237,0.13939619,0.0,12
ENSG00000141316,0.26072598,0.0,12
ENSG00000198863,2.3421886,2.4346488,12
ENSG00000277972,2.1297138,2.1835916,12
ENSG00000165140,1.1468561,1.3648323,12
ENSG00000108556_1,0.23340364,0.0,12
ENSG00000287193,2.059914,0.0,12
ENSG00000129197_1,0.8886694,0.0,12
ENSG00000250850,0.9342379,0.0,12
ENSG00000177469,1.6380048,3.083732,12
ENSG00000246640,0.5352481,1.1597176,12
ENSG00000106819,0.107348286,0.0,12
ENSG00000161970,0.88242435,0.0,12
ENSG00000108604_1,2.414609,2.2914977,12
ENSG00000182446_1,0.17566226,0.0,12
ENSG00000176101,2.5058408,2.4261208,12
ENSG00000129235,1.1767126,3.2151005,12
ENSG00000265542,0.14167428,0.0,12
ENSG00000230054,0.14427051,0.0,12
ENSG00000234860,0.118406646,0.0,12
ENSG00000030304,0.11379749,0.0,12
ENSG00000293515,0.1772524,0.0,12
ENSG00000135046,0.3110235,0.0,12
ENSG00000148158,2.2597222,1.8944157,12
ENSG00000291075,2.0340917,3.0871387,12
ENSG00000160606,2.499569,2.213252,12
ENSG00000170049,0.7131775,0.0,12
ENSG00000095303,0.3149751,0.0,12
ENSG00000186868,2.0257764,1.6258472,12
ENSG00000167543,0.70248735,1.0560278,12
ENSG00000290366,0.6141604,0.9161907,12
ENSG00000011454,1.6457334,1.9751881,12
ENSG00000131747,1.7647616,0.0,12
ENSG00000153944_1,0.97503114,0.0,12
ENSG00000107281,1.4269648,1.9107845,12
ENSG00000159921_1,0.13915795,0.0,12
ENSG00000064218,1.3497007,1.3325596,12
ENSG00000171595,0.27805653,1.4678892,12
ENSG00000172889,0.3904685,0.0,12
ENSG00000272975,0.14272197,1.7031451,12
ENSG00000197070,2.1559951,1.6072406,12
ENSG00000167136,2.2133975,2.271242,12
ENSG00000138835,0.83588356,0.0,12
ENSG00000132510,0.7886387,0.0,12
ENSG00000161664,0.68884665,1.4549059,12
ENSG00000236404,1.2025038,1.5599545,12
ENSG00000262664,1.9038628,2.1284575,12
ENSG00000108852,0.5870726,0.0,12
ENSG00000126883_4,0.24250379,0.0,12
ENSG00000148308_1,1.5833969,2.4239206,12
ENSG00000141255,0.27166465,0.0,12
ENSG00000181481,1.0207928,1.7795243,12
ENSG00000283526,0.898528,1.3071237,12
ENSG00000073584_1,0.67002416,1.3851414,12
ENSG00000164976,1.2596561,1.0720954,12
ENSG00000213927,0.19037884,0.75797266,12
ENSG00000215644,1.377998,1.3740147,12
ENSG00000106852,2.0674398,2.2835612,12
ENSG00000120210,0.42865333,0.0,12
ENSG00000122756,1.6084287,1.7146566,12
ENSG00000137075,1.2539613,0.0,12
ENSG00000108518,1.5482835,4.1654224,12
ENSG00000204291,1.4827478,1.6214567,12
ENSG00000278845,1.9498969,0.0,12
ENSG00000207955,1.0607802,1.4348562,12
ENSG00000011143,1.467316,0.0,12
ENSG00000148218,1.2262115,1.982737,12
ENSG00000214654,2.4322052,2.06668,12
ENSG00000221676,1.0154295,0.0,12
ENSG00000107021,1.5310546,0.0,12
ENSG00000233175,1.2169495,1.1951687,12
ENSG00000181408,1.4006741,1.5231739,12
ENSG00000159899,1.0374292,1.327604,12
ENSG00000286322_1,0.5218864,0.0,12
ENSG00000167100,1.462721,0.0,12
ENSG00000167419,0.17487808,0.0,12
ENSG00000187210,0.8830571,1.3314071,12
ENSG00000120211,0.12274333,0.0,12
ENSG00000161542_2,1.4115207,2.4737744,12
ENSG00000137100,0.74319476,0.0,12
ENSG00000108924,0.8609245,1.3806634,12
ENSG00000169660,2.020921,2.73033,12
ENSG00000172123,0.1782106,0.7626035,12
ENSG00000141255_1,0.19467364,0.0,12
ENSG00000056558_1,0.22115159,0.0,12
ENSG00000072778,1.5223241,2.8167276,12
ENSG00000131462,2.2150555,3.1593747,12
ENSG00000120215,0.13940877,0.0,12
ENSG00000261192,0.6285133,1.4319425,12
ENSG00000233670,0.14201707,0.982045,12
ENSG00000130653,0.49429017,0.0,12
ENSG00000135018,2.4278738,2.780094,12
ENSG00000277511,0.41683397,0.0,12
ENSG00000168591_1,1.1182858,1.8834059,12
ENSG00000259207,1.6969461,1.5910981,12
ENSG00000214226,2.1530125,1.9185545,12
ENSG00000108852_2,0.5080285,1.332499,12
ENSG00000260328,0.14706948,0.0,12
ENSG00000171931,0.14229774,0.0,12
ENSG00000034152,1.4338253,0.0,12
ENSG00000267207,0.30584267,1.5068702,12
ENSG00000178999_1,1.5522997,2.714531,12
ENSG00000165181_3,0.3299286,0.0,12
ENSG00000075429,0.8664524,1.339948,12
ENSG00000148123,1.1204759,1.604604,12
ENSG00000141200,0.17764372,1.0854332,12
ENSG00000006788,0.11793756,0.0,12
ENSG00000131471_1,0.15671028,1.0941216,12
ENSG00000177239,2.3412228,2.3000364,12
ENSG00000137154,1.631994,3.6127744,12
ENSG00000176170,0.15113199,0.98479724,12
ENSG00000233101,0.23720397,0.0,12
ENSG00000185722,0.159226,0.0,12
ENSG00000225194,0.8978106,0.0,12
ENSG00000234327,1.7557251,0.0,12
ENSG00000119509,1.9154311,2.0722022,12
ENSG00000199753,2.0258296,1.9024924,12
ENSG00000275385,0.11612906,0.0,12
ENSG00000240498,1.1829963,0.0,12
ENSG00000147955,1.6617117,0.0,12
ENSG00000141052,0.91022784,0.0,12
ENSG00000244045,2.1115463,2.56215,12
ENSG00000108654,0.17100307,1.0810591,12
ENSG00000141568_1,0.23009631,0.0,12
ENSG00000128422_1,0.6063433,0.99574924,12
ENSG00000196169,1.3719803,0.0,12
ENSG00000137078,0.22076616,0.0,12
ENSG00000092931_1,1.9890858,1.7714258,12
ENSG00000106723,1.9485202,1.8988348,12
ENSG00000161405,0.12788767,0.0,12
ENSG00000154914,1.3054298,1.701041,12
ENSG00000204880,0.3926259,1.8511959,12
ENSG00000249406,0.7407462,0.8790385,12
ENSG00000129221,0.19022478,0.0,12
ENSG00000125450,2.1241608,0.0,12
ENSG00000108798,0.28876486,0.0,12
ENSG00000198785,0.5576329,1.3828093,12
ENSG00000122705,2.0113971,3.400985,12
ENSG00000006282,0.8029462,1.3530695,12
ENSG00000187272,0.4477025,0.0,12
ENSG00000126653,1.2377533,2.7832832,12
ENSG00000108561,1.9139044,3.5902765,12
ENSG00000164985_2,2.0681417,3.0240092,12
ENSG00000109084,2.0750284,3.0977187,12
ENSG00000187838,1.6837678,2.370465,12
ENSG00000167740_1,1.7559869,1.6875825,12
ENSG00000109046,1.6488397,3.2112033,12
ENSG00000136856_1,0.7556207,0.0,12
ENSG00000169718_1,1.7987039,2.428339,12
ENSG00000005884_1,1.1993762,1.3990678,12
ENSG00000154262,0.14690578,0.0,12
ENSG00000264666,1.4099941,2.2821233,12
ENSG00000119431,1.4165105,1.9794164,12
ENSG00000165689,2.3053944,2.5801628,12
ENSG00000119392,1.4434673,0.0,12
ENSG00000278053,0.6849837,2.9336503,12
ENSG00000125447,2.3762875,2.2927432,12
ENSG00000083223_1,1.8488741,2.1014926,12
ENSG00000136436_1,0.13456295,0.0,12
ENSG00000132475,2.2006414,3.446391,12
ENSG00000212899,0.11545863,0.0,12
ENSG00000122696,2.2888489,2.3215218,12
ENSG00000147896,0.12127354,0.0,12
ENSG00000264985,0.13280863,0.0,12
ENSG00000106772_1,0.12295855,0.8499719,12
ENSG00000147874,0.14625904,0.0,12
ENSG00000197579,1.1664582,2.0678887,12
ENSG00000177728_1,0.26581305,0.0,12
ENSG00000178852,1.9886982,2.0724154,12
ENSG00000273559,1.5397688,2.4675727,12
ENSG00000128487_2,1.8831683,2.2299352,12
ENSG00000125485,2.223633,0.0,12
ENSG00000234323_2,0.1011877,0.0,12
ENSG00000172156,0.13084793,0.0,12
ENSG00000184640,1.675177,2.2424893,12
ENSG00000119314_1,2.5285168,3.2260687,12
ENSG00000070731_2,0.14932416,0.0,12
ENSG00000137135,1.4164537,0.0,12
ENSG00000290858,0.13688023,0.0,12
ENSG00000167536,2.4566422,2.127267,12
ENSG00000008283,2.0495646,1.9274731,12
ENSG00000182446,0.17447731,0.0,12
ENSG00000196642,2.2875545,3.0980515,12
ENSG00000204278_1,1.3365271,1.564382,12
ENSG00000141295_1,0.80858094,1.660467,12
ENSG00000177294,0.5926278,0.0,12
ENSG00000234899,0.08855554,0.0,12
ENSG00000132470,1.4792016,1.8424845,12
ENSG00000285634,0.088038884,0.0,12
ENSG00000080503_2,0.6326099,1.2554413,12
ENSG00000278774,2.258853,0.0,12
ENSG00000188647_1,2.130312,2.276193,12
ENSG00000006042_1,1.8270698,2.080933,12
ENSG00000108958,0.14133632,0.0,12
ENSG00000159640_1,1.294038,0.0,12
ENSG00000170222,1.7272644,1.8756573,12
ENSG00000136940,1.7305757,2.5615962,12
ENSG00000157654,1.2045407,0.0,12
ENSG00000136869,0.18476775,0.0,12
ENSG00000129673,0.17799105,0.0,12
ENSG00000141527,0.1427364,0.0,12
ENSG00000267750,0.7056925,1.5167601,12
ENSG00000198443,0.41636297,0.0,12
ENSG00000108821,0.30921376,0.96510756,12
ENSG00000189159_1,2.2012923,3.2966652,12
ENSG00000135048,1.7015494,0.0,12
ENSG00000109016,1.6478182,2.0046651,12
ENSG00000160408_1,1.6842747,1.9637218,12
ENSG00000136928,1.7593907,2.4570034,12
ENSG00000278311,2.1583953,2.7551887,12
ENSG00000182557,0.25367033,0.0,12
ENSG00000147874_1,1.461623,0.0,12
ENSG00000240871,0.6591531,0.0,12
ENSG00000185168,0.91854656,0.0,12
ENSG00000108602,0.2028031,0.9382194,12
ENSG00000131737,0.33638513,1.142796,12
ENSG00000136826,1.6756754,1.6708022,12
ENSG00000141378,1.845902,2.7400143,12
ENSG00000260019,0.1398914,0.0,12
ENSG00000136802_1,0.18658756,0.0,12
ENSG00000183979,1.5673053,1.4873788,12
ENSG00000167720,2.1784713,2.0130017,12
ENSG00000184640_7,0.5087092,1.6967669,12
ENSG00000198720,1.4547077,2.2278354,12
ENSG00000170190_1,1.2759453,1.3289094,12
ENSG00000275832,1.3605839,1.4367826,12
ENSG00000054179,1.5600723,1.5450472,12
ENSG00000119471,2.1866026,2.8231623,12
ENSG00000132386,0.37096366,0.0,12
ENSG00000167721,1.0417944,3.0138268,12
ENSG00000141551,0.18382056,1.0116043,12
ENSG00000178971,1.0629919,0.0,12
ENSG00000183354,1.224617,1.6908426,12
ENSG00000141568,2.3497517,2.9615254,12
ENSG00000136457,1.0823977,1.7151924,12
ENSG00000006740_1,0.13661806,0.0,12
ENSG00000148180_2,0.46708673,0.0,12
ENSG00000148331,2.1654332,0.0,12
ENSG00000302531,1.2743773,3.1492622,12
ENSG00000189152,0.22072186,0.0,12
ENSG00000147883,0.90509677,0.0,12
ENSG00000270547,0.11422186,0.0,12
ENSG00000136942,2.3560247,4.161317,12
ENSG00000108773,1.213779,1.4821415,12
ENSG00000119401,1.0590622,1.6804389,12
ENSG00000120093,0.22937226,0.0,12
ENSG00000119403,2.1830235,0.0,12
ENSG00000167741,0.17650083,0.0,12
ENSG00000108509_1,0.20743287,0.0,12
ENSG00000146872,0.15512133,0.0,12
ENSG00000167842_1,2.1504571,2.2029784,12
ENSG00000106772_2,1.0080848,0.0,12
ENSG00000251752,0.11246114,0.0,12
ENSG00000170310,0.54526705,1.8710122,12
ENSG00000128422,0.27284762,1.2118678,12
ENSG00000167114,2.447045,2.2352328,12
ENSG00000176809,2.5088217,2.320005,12
ENSG00000260027,0.9376048,1.7938602,12
ENSG00000168795,2.3520482,2.2121742,12
ENSG00000136930,1.1445615,0.0,12
ENSG00000267364,0.1648258,1.1331235,12
ENSG00000176919,0.56979686,0.0,12
ENSG00000182628,0.17809382,0.0,12
ENSG00000108590,0.77451074,0.0,12
ENSG00000130717,1.8299192,1.5700758,12
ENSG00000131738,0.39588085,0.0,12
ENSG00000167862,1.6183046,3.0561004,12
ENSG00000108774,1.4624152,2.7759714,12
ENSG00000171396,0.27946413,1.2882268,12
ENSG00000087111_2,1.8406907,0.0,12
ENSG00000188176,1.4459343,2.0322156,12
ENSG00000215548,1.7202003,2.5564413,12
ENSG00000235601,1.0748502,0.0,12
ENSG00000161513,0.6596499,0.0,12
ENSG00000173065_2,1.3270798,1.5598947,12
ENSG00000108848,2.3385725,3.3760896,12
ENSG00000013306,2.0921211,3.4748192,12
ENSG00000181374,0.14691748,0.0,12
ENSG00000137074_1,1.8015113,0.0,12
ENSG00000002834_1,2.2343535,3.5259902,12
ENSG00000286194,0.19282308,0.0,12
ENSG00000007237_1,0.22602563,0.78500223,12
ENSG00000198876,1.7184186,2.6222348,12
ENSG00000005961,0.21202463,0.0,12
ENSG00000186919,0.43786743,0.87906146,12
ENSG00000237626,0.111738525,0.0,12
ENSG00000165029,0.632924,0.9793207,12
ENSG00000172992,2.4926598,2.572507,12
ENSG00000226609,2.1230876,0.0,12
ENSG00000230148,1.9403772,2.0017338,12
ENSG00000167840,1.6505917,1.7312874,12
ENSG00000278535,1.932819,2.536034,12
ENSG00000006125_1,0.17838667,1.1670809,12
ENSG00000167419_1,0.17389947,0.0,12
ENSG00000119508,1.7499845,1.7015939,12
ENSG00000040531,1.6932786,2.0616786,12
ENSG00000137070,1.014527,0.0,12
ENSG00000198000,1.1529,2.7940927,12
ENSG00000006740,1.2524986,1.7558291,12
ENSG00000136908,1.3324559,2.6721966,12
ENSG00000136450_1,2.4020839,3.322455,12
ENSG00000204054_1,0.4413132,0.0,12
ENSG00000148291,1.8832412,2.2607176,12
ENSG00000239705,2.1026554,0.0,12
ENSG00000276409,0.1332103,0.0,12
ENSG00000180626,1.4137055,1.6725873,12
ENSG00000178921,0.7674072,0.0,12
ENSG00000159842_4,0.52291036,0.0,12
ENSG00000029725,1.9001517,2.7323253,12
ENSG00000265222,0.13333902,0.0,12
ENSG00000005238,1.4116969,1.7803533,12
ENSG00000186665,2.4046109,2.0615354,12
ENSG00000180340,1.5268923,1.856064,12
ENSG00000291169,0.1681337,0.0,12
ENSG00000132591,1.2748263,2.8602817,12
ENSG00000167123_2,0.17429921,0.0,12
ENSG00000231256,0.13875264,0.0,12
ENSG00000165028,1.5025314,1.8634418,12
ENSG00000264424,0.10930348,0.0,12
ENSG00000108830,1.2668304,1.4464595,12
ENSG00000188229,2.345639,3.9043596,12
ENSG00000165275,0.96721554,0.0,12
ENSG00000267532_1,0.26359394,1.0269008,12
ENSG00000141551_3,2.023485,2.7794595,12
ENSG00000141543,2.3213446,3.0386918,12
ENSG00000262223,0.22940557,0.0,12
ENSG00000063015_1,1.3177675,1.554065,12
ENSG00000005381,0.8641045,1.4158077,12
ENSG00000160271_1,0.37289205,1.1150777,12
ENSG00000148358,1.5400126,2.45722,12
ENSG00000119139_2,1.929381,2.1759784,12
ENSG00000159314,0.2241269,0.0,12
ENSG00000161654_1,2.17721,3.2278636,12
ENSG00000108924_3,0.13398266,0.0,12
ENSG00000160602_1,1.827827,0.0,12
ENSG00000137033,0.11090758,0.0,12
ENSG00000167525_1,2.2393053,1.9271702,12
ENSG00000141504,0.63032883,1.3122197,12
ENSG00000141127,0.4567731,1.737668,12
ENSG00000173818_1,1.8521392,1.4812391,12
ENSG00000225472,0.15241268,0.0,12
ENSG00000125691,1.6511128,3.9269578,12
ENSG00000158079,0.3004113,0.0,12
ENSG00000087995,1.5559323,2.8927972,12
ENSG00000136918,1.2008946,1.0116043,12
ENSG00000233223_2,1.821377,2.720647,12
ENSG00000095383,1.5731356,1.420863,12
ENSG00000179859,2.2149696,1.7362052,12
ENSG00000122735,0.87505835,0.0,12
ENSG00000164975,1.7740817,2.5663078,12
ENSG00000132535_2,0.4606334,0.0,12
ENSG00000181323,0.18307479,0.0,12
ENSG00000277791,1.8420061,3.2241263,12
ENSG00000072778_1,0.9922638,0.0,12
ENSG00000263843,2.2169898,1.290929,12
ENSG00000108849,0.1689301,0.0,12
ENSG00000073536,1.2602706,2.4103367,12
ENSG00000107104,0.87003887,0.0,12
ENSG00000148288,0.95832384,1.9619902,12
ENSG00000187607,1.312254,1.6189367,12
ENSG00000185813,2.0554106,1.264251,12
ENSG00000184434,0.13268352,0.0,12
ENSG00000137103,1.046072,1.9912748,12
ENSG00000167711,0.20304158,0.0,12
ENSG00000124422,2.3931801,2.9103544,12
ENSG00000160539,0.41825488,1.3387353,12
ENSG00000141564,1.2254933,2.5495918,12
ENSG00000176927,2.1764565,2.6501482,12
ENSG00000136487,0.2060889,0.9764784,12
ENSG00000175287,0.21911258,0.0,12
ENSG00000228392,0.43005654,1.1968668,12
ENSG00000056586,1.9735466,1.9058229,12
ENSG00000136938_1,0.3321554,0.0,12
ENSG00000155621,0.8388566,2.155321,12
ENSG00000132522_1,1.7699863,2.469277,12
ENSG00000179761,0.184075,0.0,12
ENSG00000182742,2.208379,2.5194867,12
ENSG00000224505,2.2583568,1.7763815,12
ENSG00000239697,0.79538405,1.6078944,12
ENSG00000182481,2.3348577,3.6727877,12
ENSG00000107175,1.2059472,1.3784161,12
ENSG00000072210,1.1630137,1.3959551,12
ENSG00000125430,1.4059918,2.316641,12
ENSG00000237339,0.16668755,0.0,12
ENSG00000262879_1,1.2565515,2.2287238,12
ENSG00000106868,2.1824458,2.49173,12
ENSG00000109113,0.9163131,0.86468905,12
ENSG00000132535_1,0.29887843,0.0,12
ENSG00000266970,2.0970075,1.1689098,12
ENSG00000141030,1.9465809,2.894718,12
ENSG00000167914_1,0.2163901,0.0,12
ENSG00000181222_2,0.22904074,0.86111605,12
ENSG00000184709,0.83943963,1.769141,12
ENSG00000141519,1.2209247,1.2963799,12
ENSG00000155875_1,1.860385,1.2827127,12
ENSG00000161692,1.0959469,2.3169594,12
ENSG00000185504,2.1682086,2.3046412,12
ENSG00000235183,0.18760556,1.7156775,12
ENSG00000106992_1,0.98475236,2.2366734,12
ENSG00000169750,1.9917637,2.4680312,12
ENSG00000173821,2.0335932,2.116641,12
ENSG00000122711,0.29700732,0.0,12
ENSG00000277887,2.0978413,0.0,12
ENSG00000035862_1,0.20113063,0.0,12
ENSG00000108387_1,0.15966713,0.0,12
ENSG00000233516,0.09309264,0.0,12
ENSG00000119514_1,0.37606177,1.2118678,12
ENSG00000141371,0.16361737,0.0,12
ENSG00000196422,1.759773,1.9077874,12
ENSG00000161940,0.22606112,0.0,12
ENSG00000235641,0.16870362,0.0,12
ENSG00000182040,0.58917785,0.0,12
ENSG00000005882_1,0.19112492,0.0,12
ENSG00000107036,2.2220206,2.3411317,12
ENSG00000238007,0.14458852,0.0,12
ENSG00000176927_1,0.1023012,0.0,12
ENSG00000234494_1,1.4064778,0.0,12
ENSG00000243678,2.2957923,3.8024,12
ENSG00000161714,1.7447162,2.0995564,12
ENSG00000187595,0.36248162,0.0,12
ENSG00000172159,0.1087968,0.0,12
ENSG00000130935,2.0912344,2.8041155,12
ENSG00000175711,2.0192442,1.954339,12
ENSG00000265206,1.8114145,3.3194911,12
ENSG00000267206_1,0.18523282,0.0,12
ENSG00000176155,2.130287,2.2716465,12
ENSG00000141219,1.5871735,1.7454339,12
ENSG00000136816,2.1125922,2.4569473,12
ENSG00000234705,0.23858185,0.0,12
ENSG00000233901,0.73704517,0.0,12
ENSG00000108387_2,1.3996722,1.4795465,12
ENSG00000188959,0.14024416,0.0,12
ENSG00000005961_1,1.1640216,1.3082656,12
ENSG00000130956,1.9114945,2.2717254,12
ENSG00000136929_1,0.36195657,0.0,12
ENSG00000165209,2.230175,2.8332236,12
ENSG00000107014,0.19930008,0.0,12
ENSG00000291022,0.28699958,0.0,12
ENSG00000224738,2.3588264,1.4976069,12
ENSG00000165802,1.9385228,2.742707,12
ENSG00000129197,1.7617693,2.558573,12
ENSG00000040633,1.1165451,0.9473847,12
ENSG00000267166,0.44470677,1.0698531,12
ENSG00000167085,0.9740291,0.0,12
ENSG00000108528,1.8864325,0.0,12
ENSG00000180447,1.1810839,1.7166543,12
ENSG00000197355,1.6344738,2.073062,12
ENSG00000106803,1.6993167,2.6574268,12
ENSG00000160326,1.1873908,1.3326,12
ENSG00000119421,1.2185383,2.8919299,12
ENSG00000131095,0.3618692,0.0,12
ENSG00000076382,1.9504757,2.8450801,12
ENSG00000108582,1.9194628,2.4905217,12
ENSG00000284977,0.10581625,0.0,12
ENSG00000072310,1.8755305,0.0,12
ENSG00000170175_1,0.9123355,0.0,12
ENSG00000154975_1,0.18287228,0.0,12
ENSG00000169071,1.3261422,1.0962493,12
ENSG00000040531_1,1.4072158,1.7773036,12
ENSG00000160345,0.67407835,0.0,12
ENSG00000234506,0.1339161,0.0,12
ENSG00000167291,0.1856643,1.0193241,12
ENSG00000132530_2,0.1414989,0.0,12
ENSG00000177303,0.23271284,0.0,12
ENSG00000290928,2.5609407,2.458266,12
ENSG00000204913,1.4434314,1.142796,12
ENSG00000205808,1.1183854,1.8094722,12
ENSG00000138835_2,0.15304537,0.0,12
ENSG00000156049,0.44968316,0.81870085,12
ENSG00000161405_1,0.7874019,0.0,12
ENSG00000198336,0.88256776,3.4707043,12
ENSG00000267042,1.9568336,1.7795172,12
ENSG00000137040,0.9182652,0.0,12
ENSG00000062716_1,1.1678052,2.919303,12
ENSG00000256525,1.8080349,2.4070168,12
ENSG00000176390,1.9621737,2.472692,12
ENSG00000141556_1,0.6583303,0.0,12
ENSG00000185156,0.74089086,1.051307,12
ENSG00000175832,1.7405689,2.6448324,12
ENSG00000126351,1.8474877,2.0101643,12
ENSG00000166484,0.8307346,1.6870292,12
ENSG00000048828_1,2.224727,1.9405165,12
ENSG00000164967,1.1298387,0.0,12
ENSG00000147852,1.5576138,1.6736659,12
ENSG00000070159,1.5228057,1.5018805,12
ENSG00000109101,0.44768822,1.7777312,12
ENSG00000108984_1,0.12969254,0.0,12
ENSG00000106804,0.16381693,0.0,12
ENSG00000141068,2.072484,2.432793,12
ENSG00000265096,0.16089286,0.0,12
ENSG00000136895,0.5932201,1.0090257,12
ENSG00000262165_1,1.6011238,1.5059906,12
ENSG00000179409_1,0.818689,1.3134664,12
ENSG00000156345,0.99378914,1.3635932,12
ENSG00000159224,0.19112268,0.0,12
ENSG00000141376_1,0.10209411,0.0,12
ENSG00000122694,1.749523,0.0,12
ENSG00000148248,2.3714883,2.9684045,12
ENSG00000169727_1,1.8730625,2.766864,12
ENSG00000196388,1.7288588,1.2827218,12
ENSG00000086065,2.0256681,2.9069016,12
ENSG00000108387_3,0.15541053,0.0,12
ENSG00000267321,1.5756505,0.0,12
ENSG00000267568,0.5009959,0.0,12
ENSG00000278259_2,2.0558074,1.8571937,12
ENSG00000161544,1.4842056,1.999609,12
ENSG00000108375,0.29707155,0.0,12
ENSG00000184544,0.13015811,0.8021852,12
ENSG00000108669_1,0.17330047,0.0,12
ENSG00000161958_1,0.7047193,1.667929,12
ENSG00000153822_2,0.12300829,0.0,12
ENSG00000108405,0.56112176,2.5277872,12
ENSG00000186532,1.6631019,0.0,12
ENSG00000133030,1.9039452,2.330556,12
ENSG00000168256,1.1881157,0.0,12
ENSG00000220205,1.9638186,2.5818849,12
ENSG00000272975_1,0.22951165,0.0,12
ENSG00000108509,0.42825037,0.0,12
ENSG00000141576_1,2.0564148,2.0619009,12
ENSG00000106992,0.19876234,0.0,12
ENSG00000181031_1,0.17944649,0.0,12
ENSG00000160606_1,1.1693579,0.81050134,12
ENSG00000273702,2.6186333,2.2690222,12
ENSG00000091947,1.011105,2.096298,12
ENSG00000188833,0.60692704,0.0,12
ENSG00000186665_1,0.18111923,0.0,12
