,Pred,actual,fold_idx
ENSG00000185278,2.5240462,1.9671922,1
ENSG00000121753_1,1.650679,1.8899736,1
ENSG00000014914_1,0.30641398,0.92582756,1
ENSG00000143337_4,0.18252002,0.0,1
ENSG00000163444,2.7220137,2.5089874,1
ENSG00000175137,2.570961,1.7228312,1
ENSG00000162745,0.22381295,0.0,1
ENSG00000196805,0.104577914,0.0,1
ENSG00000133226,2.7317212,3.2316403,1
ENSG00000162782,0.7931408,0.0,1
ENSG00000076864_2,2.150934,2.3789337,1
ENSG00000143630,2.1374404,1.7745534,1
ENSG00000160072,2.4807498,0.0,1
ENSG00000196482_1,0.10022594,0.0,1
ENSG00000284882_1,1.9545913,0.0,1
ENSG00000118454,2.2779706,2.453931,1
ENSG00000135862,1.6729513,1.7491719,1
ENSG00000143183,2.2836354,3.2935812,1
ENSG00000137942,2.1170638,1.919554,1
ENSG00000143622_1,1.369532,2.3023114,1
ENSG00000179397,0.9377949,0.0,1
ENSG00000143387,0.06045653,0.0,1
ENSG00000134690,2.5247247,3.103756,1
ENSG00000134259,1.0602343,1.4075099,1
ENSG00000143756,1.9074944,2.5624857,1
ENSG00000188396,2.4682775,0.0,1
ENSG00000287445,2.0688283,0.0,1
ENSG00000198216,1.0984071,0.0,1
ENSG00000226891,0.90489274,0.9736819,1
ENSG00000187801,2.2025285,0.0,1
ENSG00000117400,0.20853795,0.0,1
ENSG00000163352,0.68769056,0.0,1
ENSG00000177301,0.47781038,0.84616387,1
ENSG00000187730,1.5410784,2.0530286,1
ENSG00000116815,2.3086855,2.899138,1
ENSG00000090020,1.8435259,2.230666,1
ENSG00000116525,0.95082706,1.800706,1
ENSG00000176256,0.13261706,0.0,1
ENSG00000239887,0.3267832,0.6287771,1
ENSG00000159214,1.5484608,1.7151088,1
ENSG00000159363,1.65231,2.0682082,1
ENSG00000023909,2.5148418,2.9261835,1
ENSG00000116741,1.6842297,0.0,1
ENSG00000116584_3,1.1650871,1.5035592,1
ENSG00000162676,0.5916347,1.3083509,1
ENSG00000196407,0.24039158,0.0,1
ENSG00000213088,0.32444647,0.0,1
ENSG00000224459,0.24355349,0.0,1
ENSG00000117480,1.1237429,1.3044474,1
ENSG00000233602,0.1816196,0.0,1
ENSG00000234754,0.04597634,0.0,1
ENSG00000155367,1.9920123,1.7430391,1
ENSG00000154429_1,2.0786946,2.4269779,1
ENSG00000153904,1.48263,1.703171,1
ENSG00000116675,0.11411399,0.6873506,1
ENSG00000054392_2,0.5593694,1.6994301,1
ENSG00000081870,2.5113828,2.3629704,1
ENSG00000244038,2.240803,2.64577,1
ENSG00000162413,2.5928905,2.3488693,1
ENSG00000227634,0.153554,0.0,1
ENSG00000159592,2.6976666,2.4946303,1
ENSG00000162687,0.37510774,0.7290838,1
ENSG00000135842,1.5493816,2.402796,1
ENSG00000185860,0.058273003,0.0,1
ENSG00000040487,2.4953043,2.510872,1
ENSG00000159173_1,0.13598539,0.0,1
ENSG00000066322,2.3881755,2.6736853,1
ENSG00000134242,0.2719182,0.0,1
ENSG00000282849,0.08805712,0.0,1
ENSG00000177954,1.585833,0.0,1
ENSG00000171735_1,1.7983098,1.5458264,1
ENSG00000158246,1.7928632,1.2372923,1
ENSG00000085832_1,2.2849834,2.5901685,1
ENSG00000127603,2.0533295,1.8131338,1
ENSG00000172339,1.936389,2.2967353,1
ENSG00000143476,2.6805294,0.0,1
ENSG00000116329,1.6640584,1.509337,1
ENSG00000211452,0.14261977,0.0,1
ENSG00000237853,0.5760858,0.0,1
ENSG00000143393,1.809978,2.3195932,1
ENSG00000159409,0.5918921,0.0,1
ENSG00000137955_2,0.30409262,2.320761,1
ENSG00000158786,0.15004364,0.7762361,1
ENSG00000065135,2.095982,3.049408,1
ENSG00000290525,0.05094461,0.0,1
ENSG00000143851_1,1.8966568,0.0,1
ENSG00000162763,0.1935003,0.0,1
ENSG00000169509,0.048549112,0.0,1
ENSG00000074800_3,2.762138,2.772974,1
ENSG00000070759,1.2531008,2.227527,1
ENSG00000187223,0.13171934,0.0,1
ENSG00000143376,1.9556292,2.505123,1
ENSG00000120337,0.060506478,0.0,1
ENSG00000174514,1.5583358,1.5664847,1
ENSG00000163874_2,0.3579245,1.1483867,1
ENSG00000116791,1.4894092,0.0,1
ENSG00000285910,0.3384046,0.0,1
ENSG00000159658,2.2697814,2.3465643,1
ENSG00000160818,1.0610961,0.0,1
ENSG00000143624,2.2828794,2.429085,1
ENSG00000196189_1,0.2153374,1.0218918,1
ENSG00000079739,1.3392185,1.219951,1
ENSG00000117245_1,1.6166219,1.5017848,1
ENSG00000203985,0.23322542,0.0,1
ENSG00000180758,1.8384238,1.4741579,1
ENSG00000244094,0.07081538,0.0,1
ENSG00000117245,0.48329696,0.0,1
ENSG00000266094_1,0.2821361,0.0,1
ENSG00000094975,2.9430716,2.14941,1
ENSG00000177868,2.1970549,2.0574758,1
ENSG00000276600,0.25221124,0.0,1
ENSG00000142632_2,0.33920172,0.0,1
ENSG00000117360,1.7418731,0.0,1
ENSG00000162551_1,0.076110125,0.0,1
ENSG00000116586,2.2562237,2.4488378,1
ENSG00000160710_3,1.1764888,2.6512663,1
ENSG00000204138_1,0.23248668,0.0,1
ENSG00000116991,1.6849098,1.3784888,1
ENSG00000215915,0.45877647,0.0,1
ENSG00000162383,0.46904966,0.0,1
ENSG00000286071,0.051111817,2.1849666,1
ENSG00000143178,0.14673832,0.0,1
ENSG00000189195_1,0.05371106,0.0,1
ENSG00000162892,0.12733825,0.0,1
ENSG00000291141_1,1.3795818,1.3625202,1
ENSG00000154380,0.012116028,0.0,1
ENSG00000157191,2.1228096,0.0,1
ENSG00000223635,2.5580063,1.5642872,1
ENSG00000143119,0.12342726,0.0,1
ENSG00000231663,2.4695165,2.1214943,1
ENSG00000027869,0.6988254,0.0,1
ENSG00000258673,0.120677486,0.0,1
ENSG00000263961,0.18984419,0.0,1
ENSG00000205116,0.7377886,1.4483198,1
ENSG00000169598_1,2.2527726,1.9810708,1
ENSG00000053372,2.555609,2.083825,1
ENSG00000285554,0.13133135,0.0,1
ENSG00000120949,0.3821199,0.8790729,1
ENSG00000069275,2.4160862,2.8245294,1
ENSG00000116661,1.4427382,1.5539436,1
ENSG00000117335,2.5777204,3.405237,1
ENSG00000185090,1.6895765,1.5693856,1
ENSG00000134686,2.2671397,1.7171711,1
ENSG00000271723,0.1241682,0.0,1
ENSG00000143450,0.9300404,0.0,1
ENSG00000092978,0.566879,0.0,1
ENSG00000230124,2.5173967,2.3000212,1
ENSG00000143337_3,2.451662,0.0,1
ENSG00000126705,2.0968096,2.3873186,1
ENSG00000134193,0.083193995,0.0,1
ENSG00000197852,1.4567965,1.7719327,1
ENSG00000231507,0.35473493,0.0,1
ENSG00000116337_2,1.3243405,1.2435341,1
ENSG00000116785,0.03514935,0.0,1
ENSG00000116703,0.083086655,0.0,1
ENSG00000282718,0.39229777,0.0,1
ENSG00000213047,2.2370596,1.8526629,1
ENSG00000116459_1,2.3168092,3.6387267,1
ENSG00000177888,2.3865478,2.1681557,1
ENSG00000158882,1.2934676,2.162427,1
ENSG00000222009_1,0.18206634,0.0,1
ENSG00000143036,1.1107063,0.8997111,1
ENSG00000122180,0.4958528,0.77170503,1
ENSG00000143093,2.2196794,2.3333848,1
ENSG00000158711,2.5261552,2.0109315,1
ENSG00000001461,1.8205359,0.0,1
ENSG00000143761_1,2.3694246,1.0116128,1
ENSG00000070785,2.2028158,0.0,1
ENSG00000183814,2.5265138,2.5794623,1
ENSG00000131236,2.7359955,1.1777961,1
ENSG00000285184,1.7649606,1.4435759,1
ENSG00000278274,0.35480615,1.2019157,1
ENSG00000236358,0.49348745,0.0,1
ENSG00000116151_1,2.2846315,2.1717732,1
ENSG00000198715,0.4946613,0.0,1
ENSG00000156869_1,0.9831614,0.0,1
ENSG00000153898,1.4203416,1.1005015,1
ENSG00000065243,2.5425472,2.6672475,1
ENSG00000230937,0.16406178,0.0,1
ENSG00000076321,1.6885091,2.269527,1
ENSG00000163564,0.024068935,0.0,1
ENSG00000157131,0.024535347,0.0,1
ENSG00000121310,1.0517348,0.0,1
ENSG00000185436,0.96269387,0.0,1
ENSG00000230630_1,0.0733587,0.0,1
ENSG00000054392_1,1.2786727,1.5473316,1
ENSG00000086619,2.3027709,2.0332348,1
ENSG00000196482_4,0.56537694,1.1447299,1
ENSG00000285053,2.4695334,2.0999222,1
ENSG00000162444,1.6346221,0.9736358,1
ENSG00000163395,0.15775125,0.0,1
ENSG00000171502,0.48249027,0.0,1
ENSG00000222009,1.781048,1.8040371,1
ENSG00000187048,0.21786547,0.0,1
ENSG00000086015_1,0.09878963,0.0,1
ENSG00000083444,2.1266515,2.8646066,1
ENSG00000142856,1.6591083,0.0,1
ENSG00000273544,0.425384,0.0,1
ENSG00000054282,2.4319446,2.50812,1
ENSG00000188984,0.16327228,0.0,1
ENSG00000027644,0.81967527,1.2800089,1
ENSG00000117597,1.7993892,2.605696,1
ENSG00000162885,2.7059686,2.0705957,1
ENSG00000162366,0.47863916,1.0606601,1
ENSG00000204178,2.6061947,2.2591925,1
ENSG00000085832,0.071295515,0.0,1
ENSG00000117395_1,0.14598987,0.0,1
ENSG00000088280,1.0347023,0.0,1
ENSG00000116138,2.3692966,2.4280863,1
ENSG00000116704,1.9805849,1.9166329,1
ENSG00000116701_1,0.21367943,0.0,1
ENSG00000197769,0.3008556,0.0,1
ENSG00000143575,1.8262167,3.28317,1
ENSG00000117477,0.32245156,0.0,1
ENSG00000160838,1.0281082,1.2357304,1
ENSG00000116922,2.188146,0.0,1
ENSG00000028137,1.9889721,3.0469708,1
ENSG00000118292,0.21053357,0.0,1
ENSG00000060656,1.4995674,1.5109068,1
ENSG00000132879,1.2691218,1.6352926,1
ENSG00000143633,1.9319314,2.4976125,1
ENSG00000116191,1.8744683,1.8924285,1
ENSG00000168710_2,0.8280686,0.9984337,1
ENSG00000116251,2.4486861,3.2481253,1
ENSG00000177606,2.310617,2.1357462,1
ENSG00000215835,0.046541356,2.2596893,1
ENSG00000117475,1.8098037,2.4448564,1
ENSG00000122223,0.25974432,0.0,1
ENSG00000153029,0.80237436,1.4740705,1
ENSG00000116221,2.0156453,3.4684656,1
ENSG00000142684,2.2076135,2.9570682,1
ENSG00000116731,2.1428072,2.5430307,1
ENSG00000173110,1.5349455,0.0,1
ENSG00000116985,1.9740458,1.5442418,1
ENSG00000160785,1.9136969,0.0,1
ENSG00000187634,1.3238991,0.0,1
ENSG00000198929_1,0.59784585,1.3471934,1
ENSG00000135823,2.1302333,0.0,1
ENSG00000162419,2.662236,2.2641091,1
ENSG00000121775,2.1168115,2.5100098,1
ENSG00000117009_1,0.13786985,0.0,1
ENSG00000122481,2.0777848,2.3311074,1
ENSG00000169717,0.32966304,0.0,1
ENSG00000007341,0.57438326,0.0,1
ENSG00000158714,0.2005712,0.0,1
ENSG00000160789,1.4153559,0.0,1
ENSG00000177272,1.7290144,1.671432,1
ENSG00000160051,1.8913316,2.1439698,1
ENSG00000163202,0.080139406,0.0,1
ENSG00000188800,0.10999902,0.0,1
ENSG00000143222,1.5245067,2.886988,1
ENSG00000116396_1,1.5525419,1.4493086,1
ENSG00000203721,0.043294102,0.0,1
ENSG00000215853,0.07129951,0.0,1
ENSG00000116791_1,1.4924878,2.8530896,1
ENSG00000162390,0.42780015,0.0,1
ENSG00000135775,1.9579293,2.2318645,1
ENSG00000163348,2.4840827,2.6743834,1
ENSG00000163874_1,1.5249587,0.0,1
ENSG00000162434_1,1.8660378,1.6892201,1
ENSG00000047410_1,2.4140384,2.0424967,1
ENSG00000235782,0.047862712,0.0,1
ENSG00000196449,2.358318,2.4895365,1
ENSG00000117054_2,2.264874,0.0,1
ENSG00000142634,2.0756483,2.6966445,1
ENSG00000197622,2.0680964,3.1374269,1
ENSG00000231663_1,2.5677142,3.0521166,1
ENSG00000234807,1.1377149,0.0,1
ENSG00000126067,2.150593,3.8232949,1
ENSG00000143248_1,1.7352543,0.0,1
ENSG00000143507,0.17929323,0.0,1
ENSG00000007933,0.06032443,0.0,1
ENSG00000117461,2.5483806,0.0,1
ENSG00000142615,0.15415664,0.0,1
ENSG00000188290,2.3301945,1.840589,1
ENSG00000173171,2.3330796,1.4044231,1
ENSG00000188157,2.0163133,2.3340795,1
ENSG00000159164,0.33261898,0.0,1
ENSG00000125703,2.020304,2.6035147,1
ENSG00000132781_2,2.2857277,2.5734403,1
ENSG00000160789_2,0.09446752,0.0,1
ENSG00000143499,2.36853,2.0870712,1
ENSG00000203710,1.1901952,2.169048,1
ENSG00000169504,2.5761487,2.9561205,1
ENSG00000117154,1.5646656,1.8304603,1
ENSG00000116771,1.0201772,1.1634297,1
ENSG00000122482_1,2.3304513,2.195623,1
ENSG00000164007,0.40524018,0.0,1
ENSG00000203685,1.6235425,1.5101695,1
ENSG00000203739,2.5650866,1.8458853,1
ENSG00000260971,0.00559173,0.0,1
ENSG00000237505,2.195225,2.0625932,1
ENSG00000152763_1,2.1665714,0.0,1
ENSG00000214193,1.2326102,1.0064062,1
ENSG00000090273,2.5255568,3.5315568,1
ENSG00000162434,2.1454282,2.5790973,1
ENSG00000137947,1.8024251,2.8484797,1
ENSG00000175087_1,2.549259,2.228372,1
ENSG00000203782,0.14255497,0.0,1
ENSG00000142864,2.5148015,3.7642434,1
ENSG00000228697,0.16774063,0.0,1
ENSG00000162704,2.1946235,2.9537413,1
ENSG00000175262,0.11312623,0.0,1
ENSG00000132693,0.017620573,0.0,1
ENSG00000162896,0.10789335,0.0,1
ENSG00000117226,0.0802304,0.0,1
ENSG00000156171_1,2.53695,2.6979144,1
ENSG00000227733_1,0.5132661,0.0,1
ENSG00000291157,0.041493356,0.0,1
ENSG00000178965,0.6451045,1.3350766,1
ENSG00000204624,1.8205379,1.4706162,1
ENSG00000227070,1.7131176,2.4008884,1
ENSG00000143740,1.0033933,1.1706723,1
ENSG00000282564,1.7272624,1.3882611,1
ENSG00000127603_1,0.9095698,2.6433737,1
ENSG00000163221,0.12991369,0.0,1
ENSG00000274210,1.7134647,2.9727628,1
ENSG00000236963,0.13010238,0.0,1
ENSG00000142655,1.8991147,2.8556547,1
ENSG00000116604,2.2491539,1.9224141,1
ENSG00000252135,0.20222403,0.84610194,1
ENSG00000293455,0.08631981,0.0,1
ENSG00000117602_1,2.0582275,1.477642,1
ENSG00000223944,0.3739139,0.0,1
ENSG00000092969,0.4223667,0.0,1
ENSG00000162599,1.4328767,0.0,1
ENSG00000078369_1,2.3081186,3.1402283,1
ENSG00000178715,0.35131508,1.5010867,1
ENSG00000169403,0.2782596,0.0,1
ENSG00000152104,1.3817934,0.0,1
ENSG00000196187_2,2.1747081,2.5104969,1
ENSG00000143226,0.9758376,3.0176759,1
ENSG00000143171,0.37624756,1.1985581,1
ENSG00000293477,0.83978206,1.003762,1
ENSG00000143158_2,2.5785673,2.94737,1
ENSG00000188786,1.8109468,0.0,1
ENSG00000163565,0.105636165,0.0,1
ENSG00000230424_1,2.5149715,0.0,1
ENSG00000143353,1.9104912,3.0061536,1
ENSG00000184588_1,0.036326624,0.0,1
ENSG00000116260,2.2761164,0.0,1
ENSG00000228606,0.84559375,1.1485101,1
ENSG00000143546,0.16146578,0.0,1
ENSG00000162702,1.9382409,2.3256798,1
ENSG00000158710,2.102893,0.0,1
ENSG00000127483_1,2.6988838,2.6545231,1
ENSG00000196418,0.08323398,0.0,1
ENSG00000229989,0.16694297,0.0,1
ENSG00000121753,0.4399847,0.7717344,1
ENSG00000077157,2.3525195,2.3013556,1
ENSG00000197959,1.7757291,1.8028079,1
ENSG00000121764,1.1461564,0.0,1
ENSG00000162745_1,1.446103,1.3057168,1
ENSG00000163909,1.7303288,1.113007,1
ENSG00000198892,1.283471,1.6946139,1
ENSG00000142973_1,0.12154806,0.0,1
ENSG00000151414,2.380385,2.6894696,1
ENSG00000171163,2.6001613,2.4732387,1
ENSG00000162482,1.1429645,0.9161907,1
ENSG00000134255,1.1843208,1.6831461,1
ENSG00000137955_1,1.1184782,2.1373637,1
ENSG00000122420,0.83049285,1.5800121,1
ENSG00000235358_1,1.8967777,0.0,1
ENSG00000171793,2.5181727,2.9322586,1
ENSG00000200972,0.36298224,0.0,1
ENSG00000169598,2.2806811,2.1304464,1
ENSG00000118217,1.1823162,2.6683645,1
ENSG00000201609,0.21272509,0.0,1
ENSG00000287064,0.39254504,0.0,1
ENSG00000226167,2.3697317,0.0,1
ENSG00000136636,2.1555989,2.7386997,1
ENSG00000228436,1.9629469,0.0,1
ENSG00000116874,0.0930501,0.0,1
ENSG00000162813_1,0.4926075,1.4022442,1
ENSG00000198771,2.2454226,2.594408,1
ENSG00000069424_1,0.537613,0.0,1
ENSG00000116151,2.3116207,2.0597339,1
ENSG00000143375,1.2683173,1.3031312,1
ENSG00000178096,0.42282835,0.7034633,1
ENSG00000143578_2,1.1751407,0.0,1
ENSG00000134668_1,0.702878,0.0,1
ENSG00000142632,2.2577343,1.462428,1
ENSG00000107404,2.281627,2.3589242,1
ENSG00000203705,2.355296,2.5452898,1
ENSG00000163518,0.14632072,0.0,1
ENSG00000290592_1,0.13476768,0.0,1
ENSG00000143125,0.115615994,0.0,1
ENSG00000291158_3,1.740723,0.0,1
ENSG00000117020,-0.0035459972,0.0,1
ENSG00000085840,2.6470854,2.8079164,1
ENSG00000116141_1,1.7461609,1.314857,1
ENSG00000204362,0.064500414,0.0,1
ENSG00000234546,1.3783442,1.140885,1
ENSG00000010932,0.026492568,0.0,1
ENSG00000162433_1,1.7975314,0.0,1
ENSG00000117676,2.099745,2.3006456,1
ENSG00000132122_1,1.316939,0.0,1
ENSG00000188910_1,0.32951304,0.0,1
ENSG00000132677,0.61146635,0.0,1
ENSG00000272438,1.7794516,0.0,1
ENSG00000136636_1,-0.0122235585,0.0,1
ENSG00000181817,2.1279147,2.3540103,1
ENSG00000223956,0.12816025,0.0,1
ENSG00000077585,1.6308844,1.7063593,1
ENSG00000132185,0.20173228,0.0,1
ENSG00000162374_1,0.093587376,0.8105282,1
ENSG00000228526,1.4605273,0.90638894,1
ENSG00000177301_2,1.3904654,1.680408,1
ENSG00000162595,0.36991808,1.554804,1
ENSG00000142599_1,0.5727013,0.0,1
ENSG00000162576,1.3697118,0.0,1
ENSG00000059588,1.7738224,2.1575778,1
ENSG00000162396,2.0878747,1.8872211,1
ENSG00000196352_1,2.8598716,3.506233,1
ENSG00000304119,1.8293561,0.9412828,1
ENSG00000229960,0.082574345,0.0,1
ENSG00000134183_1,1.3934772,0.0,1
ENSG00000143418_2,2.267373,2.797777,1
ENSG00000157873_1,0.69463515,0.0,1
ENSG00000233593_1,1.820216,0.0,1
ENSG00000137948,0.31696707,0.0,1
ENSG00000134186,2.5933626,3.0706325,1
ENSG00000121904,0.81174487,1.7865385,1
ENSG00000143341,0.5703161,1.7618903,1
ENSG00000238287,1.205401,0.0,1
ENSG00000263956,1.702749,1.6383893,1
ENSG00000203666_1,2.3038547,1.793462,1
ENSG00000291068,2.7537029,2.3916194,1
ENSG00000197530,2.5901883,2.151094,1
ENSG00000203737,0.063558474,0.0,1
ENSG00000202056,0.8225413,0.8423596,1
ENSG00000117676_2,0.47209007,0.0,1
ENSG00000188739,2.0686948,2.6406524,1
ENSG00000181218,2.5211325,3.088487,1
ENSG00000084623,0.6193817,1.1813576,1
ENSG00000230623_1,0.072043926,0.0,1
ENSG00000076864,1.6534177,0.0,1
ENSG00000076356,1.3344108,1.3904405,1
ENSG00000162643,0.19794154,0.0,1
ENSG00000116353,2.0005703,0.0,1
ENSG00000265241,1.9406812,2.7846901,1
ENSG00000159214_1,1.635091,1.4820871,1
ENSG00000287627,0.04464516,0.0,1
ENSG00000018625,0.20957817,0.0,1
ENSG00000143013,2.1832426,2.6860945,1
ENSG00000160049,2.1433492,0.0,1
ENSG00000157216,0.110503376,0.0,1
ENSG00000163867,1.9344429,2.329764,1
ENSG00000236782,0.23614271,0.0,1
ENSG00000174348,1.2466966,0.0,1
ENSG00000116675_1,2.5100715,2.9053264,1
ENSG00000243364,1.7119195,2.180384,1
ENSG00000169174,1.4638475,2.2172313,1
ENSG00000163545,1.0179567,1.6633805,1
ENSG00000186827,0.5384236,0.97653335,1
ENSG00000231365_1,2.3671014,0.0,1
ENSG00000143224,2.452768,2.2654312,1
ENSG00000154305,2.2011583,2.906564,1
ENSG00000197084,0.068923414,0.0,1
ENSG00000252501,0.042982973,0.0,1
ENSG00000163349,2.3586655,2.705127,1
ENSG00000264294,2.5352035,2.1616614,1
ENSG00000143344,1.8719538,0.8963609,1
ENSG00000077549,2.4869096,3.004072,1
ENSG00000134200,-0.0009671352,0.0,1
ENSG00000232265,1.5629753,2.6699924,1
ENSG00000142632_1,2.6701198,2.0733516,1
ENSG00000187634_1,0.55039674,0.0,1
ENSG00000154380_1,1.6629924,1.5302765,1
ENSG00000036549_2,2.5577445,2.3645248,1
ENSG00000180875,0.5274084,0.0,1
ENSG00000135766,2.333981,2.6781814,1
ENSG00000162543,2.210567,2.24311,1
ENSG00000152061_3,0.36763337,0.0,1
ENSG00000020129,2.5442917,2.5470986,1
ENSG00000162607,2.7135322,2.5040493,1
ENSG00000175707,1.3681569,1.6352826,1
ENSG00000116266,2.525434,2.5451474,1
ENSG00000185842,2.3827374,3.0625632,1
ENSG00000230426_1,0.0054379576,0.0,1
ENSG00000116747_1,2.7362936,0.0,1
ENSG00000163191,1.2464617,0.0,1
ENSG00000227811,1.057299,0.9984337,1
ENSG00000234476,0.2622434,0.7291162,1
ENSG00000143278,0.032938182,0.0,1
ENSG00000142619,0.29357713,0.0,1
ENSG00000132681,0.18752585,0.99572295,1
ENSG00000188295,1.9615664,2.1793306,1
ENSG00000130772,2.1693792,0.0,1
ENSG00000170989_1,0.5275839,0.0,1
ENSG00000196182,2.8104103,2.0975661,1
ENSG00000025800,1.8335202,2.924092,1
ENSG00000054392_3,0.04214948,0.0,1
ENSG00000159596,1.8040462,0.0,1
ENSG00000133063,0.16499712,0.0,1
ENSG00000142599_2,2.4574811,2.5912237,1
ENSG00000173171_1,1.8661134,2.5067186,1
ENSG00000162714,2.3419087,0.0,1
ENSG00000174514_2,0.67333615,1.998002,1
ENSG00000131781_1,0.4284857,1.0244036,1
ENSG00000227959,0.7341341,0.95631254,1
ENSG00000142599,1.15402,1.0269417,1
ENSG00000011021,2.4695842,2.1132011,1
ENSG00000189171_1,2.2752888,3.1417036,1
ENSG00000186063,2.6074617,2.7207792,1
ENSG00000169885,0.2984282,0.0,1
ENSG00000116690,0.072249785,0.0,1
ENSG00000183317,0.6638391,0.0,1
ENSG00000048707_3,2.100857,1.5303278,1
ENSG00000120334,2.0998166,1.4280019,1
ENSG00000184588,1.3221663,1.5117764,1
ENSG00000090686,2.9172924,3.099736,1
ENSG00000158485,0.033349924,0.0,1
ENSG00000163531_1,0.21304068,1.0010843,1
ENSG00000203730,0.11056507,0.0,1
ENSG00000081026,2.2690427,1.5841728,1
ENSG00000174950,0.8140997,0.0,1
ENSG00000137960_1,1.3750395,1.2895889,1
ENSG00000183598,1.3055515,3.372402,1
ENSG00000132681_1,0.090906285,0.0,1
ENSG00000132854,1.0668802,1.5102366,1
ENSG00000164002,1.133146,1.4977036,1
ENSG00000177301_1,1.2454017,0.7894397,1
ENSG00000155366,2.118152,3.0790799,1
ENSG00000171729_1,1.7269335,1.3350565,1
ENSG00000036549_1,2.0380852,0.0,1
ENSG00000116667,1.4944984,0.0,1
ENSG00000238142_1,0.6117683,0.0,1
ENSG00000116685,2.1392415,2.3395667,1
ENSG00000117691,2.24946,2.784419,1
ENSG00000130939,2.6121771,2.9669626,1
ENSG00000067704,2.2284493,2.97126,1
ENSG00000162873,0.29226056,0.0,1
ENSG00000182134,1.5553643,2.1977298,1
ENSG00000159346,2.4210687,2.8489678,1
ENSG00000162836_1,0.90810114,0.66490513,1
ENSG00000134183,0.099629775,1.0441476,1
ENSG00000134369_1,0.9392432,1.1292063,1
ENSG00000073756,0.64350873,0.0,1
ENSG00000188529,2.688443,3.3135488,1
ENSG00000202444,2.437599,0.0,1
ENSG00000000460,2.0061824,2.5746596,1
ENSG00000118193,2.0836203,2.432591,1
ENSG00000132768,1.719557,2.4281995,1
ENSG00000026751,0.09299563,0.0,1
ENSG00000174514_1,0.21153845,0.0,1
ENSG00000143147,1.6604164,1.5487823,1
ENSG00000142687,2.585983,2.5256355,1
ENSG00000116539,2.7706602,2.373004,1
ENSG00000081237,0.36865106,2.6098802,1
ENSG00000143252,2.044556,2.8381214,1
ENSG00000187554,2.0624626,1.6072599,1
ENSG00000117707,0.7014813,1.7908901,1
ENSG00000163472_1,0.13275808,0.0,1
ENSG00000162490,1.6491337,1.3495883,1
ENSG00000197721,2.2599273,3.0188878,1
ENSG00000284668,0.43899527,0.0,1
ENSG00000143578,2.2755702,1.8827522,1
ENSG00000198570,0.3522651,1.0465342,1
ENSG00000143315,1.4074243,1.8272723,1
ENSG00000230798_1,1.6754339,1.6163536,1
ENSG00000177414,0.18129453,1.4977173,1
ENSG00000169231,0.3900779,0.0,1
ENSG00000130764,2.090967,2.6619072,1
ENSG00000116721,0.03385473,0.0,1
ENSG00000198746,1.8182372,2.2691627,1
ENSG00000291199,0.30056807,0.83065283,1
ENSG00000196189_2,0.21747303,0.0,1
ENSG00000123843_1,0.114441745,0.0,1
ENSG00000117069,0.45664835,0.0,1
ENSG00000132906_1,2.7372046,2.6496425,1
ENSG00000158748,1.5785091,1.3613123,1
ENSG00000143194,0.6982594,1.208522,1
ENSG00000155363,2.4183724,1.5693505,1
ENSG00000097033,2.4494612,1.4883109,1
ENSG00000134717,2.5088556,0.0,1
ENSG00000188643_1,0.40419862,0.96217984,1
ENSG00000179085,1.670817,2.043374,1
ENSG00000119283,1.5400625,1.7659813,1
ENSG00000134371,2.732384,3.0043988,1
ENSG00000280670,1.8984523,1.2166197,1
ENSG00000233621,2.1019251,0.0,1
ENSG00000186197_1,2.1544461,1.8851802,1
ENSG00000123080_1,1.2510687,0.0,1
ENSG00000198860,2.2927818,2.2937822,1
ENSG00000042781,0.10017003,0.0,1
ENSG00000159208_1,0.37708744,1.0606601,1
ENSG00000265491,2.1849759,2.6373706,1
ENSG00000162438,0.20009808,0.0,1
ENSG00000150681,0.11061127,0.0,1
ENSG00000134376_1,0.04610308,0.0,1
ENSG00000127603_2,0.5936337,2.1904242,1
ENSG00000163467,2.2615035,0.0,1
ENSG00000116819,1.3294028,1.6079051,1
ENSG00000153187_4,2.6355956,2.9165592,1
ENSG00000162630,0.117181465,0.0,1
ENSG00000160691_2,1.3185215,2.1729968,1
ENSG00000198892_1,1.19782,0.0,1
ENSG00000186118,0.11072014,0.0,1
ENSG00000168389,1.0633603,0.0,1
ENSG00000142669,2.20646,0.0,1
ENSG00000116288_1,2.173285,0.0,1
ENSG00000132676,1.5021122,1.5729413,1
ENSG00000163485,0.5232019,0.0,1
ENSG00000168148,0.7447031,0.0,1
ENSG00000162409,1.4972469,1.7772818,1
ENSG00000274266,1.0014879,1.8998424,1
ENSG00000163472,2.0161164,0.0,1
ENSG00000179862,1.9060444,1.7430313,1
ENSG00000162694_1,1.4476862,2.4028802,1
ENSG00000213190,1.0530331,0.0,1
ENSG00000135744_1,0.095309384,0.0,1
ENSG00000048707_2,0.36549965,0.0,1
ENSG00000074964,1.5286232,1.4838297,1
ENSG00000092847_1,1.869372,2.3392189,1
ENSG00000162923,2.3579066,3.1524749,1
ENSG00000186056,2.6625836,2.3822873,1
ENSG00000079335_1,2.2752252,2.1681173,1
ENSG00000158109,1.9329463,1.28269,1
ENSG00000143365_1,0.13546208,0.62252486,1
ENSG00000160741_1,1.9508358,0.0,1
ENSG00000238142,0.6104641,0.0,1
ENSG00000282881,0.14736031,0.0,1
ENSG00000176444,2.2723787,2.6135142,1
ENSG00000200169,1.965592,1.8069528,1
ENSG00000293279,1.8946056,0.0,1
ENSG00000143374,1.7547065,0.0,1
ENSG00000131788_1,1.3471864,2.1550992,1
ENSG00000227181,0.030275518,0.0,1
ENSG00000122483,1.6965188,1.7016284,1
ENSG00000117748,2.549012,0.0,1
ENSG00000123472_1,1.7633435,2.2651246,1
ENSG00000142700,0.712449,1.322517,1
ENSG00000179456,0.041674633,0.7806341,1
ENSG00000168275,2.5841317,3.0039127,1
ENSG00000236963_2,0.17348714,0.0,1
ENSG00000127483_2,2.4920034,2.9307148,1
ENSG00000197982,2.326008,2.453563,1
ENSG00000143520,0.01657726,0.0,1
ENSG00000183347,0.080944195,0.0,1
ENSG00000084652_1,2.4076107,2.350405,1
ENSG00000057757,2.8634531,2.866899,1
ENSG00000159445,2.4788625,0.0,1
ENSG00000049089_1,1.4317013,1.1211789,1
ENSG00000189171,0.39514259,0.0,1
ENSG00000031698,2.1535132,0.0,1
ENSG00000168159,2.8027158,2.8428838,1
ENSG00000117308,1.1279951,1.474988,1
ENSG00000163156,1.54902,2.4834619,1
ENSG00000116337_1,1.1519514,0.0,1
ENSG00000198815_1,2.4056501,2.7868152,1
ENSG00000118733_1,0.45376283,0.0,1
ENSG00000134389,0.10028948,0.0,1
ENSG00000196240,0.04508009,0.0,1
ENSG00000132694,2.2472517,1.7641537,1
ENSG00000280587_1,0.35790065,0.0,1
ENSG00000173846,2.4135368,2.2171626,1
ENSG00000004487,2.6876843,3.2538636,1
ENSG00000162645,0.13597845,0.0,1
ENSG00000184270,2.2837925,3.3091872,1
ENSG00000198162,2.2064145,2.501778,1
ENSG00000199666,0.16113873,0.0,1
ENSG00000127423,2.3241255,2.7230442,1
ENSG00000117676_1,0.24119307,0.0,1
ENSG00000127125,2.0370648,2.1772566,1
ENSG00000009790_1,0.18419002,0.0,1
ENSG00000067334,1.9497693,2.378389,1
ENSG00000121900,1.4897226,1.8197281,1
ENSG00000242252,0.49553624,1.241895,1
ENSG00000284543,0.15975681,0.0,1
ENSG00000266472,1.473452,0.0,1
ENSG00000064703,1.5940648,0.0,1
ENSG00000188404,0.04724469,0.0,1
ENSG00000227043,0.047012497,0.0,1
ENSG00000116833_1,0.52748245,0.0,1
ENSG00000226419,2.5029762,2.241778,1
ENSG00000274020,0.106027514,0.0,1
ENSG00000142875_2,0.008003784,0.0,1
ENSG00000117632_2,2.284879,0.0,1
ENSG00000143184,0.054948498,0.0,1
ENSG00000158864,0.4092291,0.0,1
ENSG00000171793_1,2.5285258,1.6189263,1
ENSG00000117543,1.5622859,0.0,1
ENSG00000162889,2.0336668,2.2083259,1
ENSG00000198715_1,0.45036617,0.0,1
ENSG00000186283,2.1588967,2.310842,1
ENSG00000162613,2.6067102,3.6054041,1
ENSG00000235200,0.16047136,0.0,1
ENSG00000270722,2.2057412,2.8646505,1
ENSG00000134207_1,0.91751784,0.9533344,1
ENSG00000160087,2.2289355,2.898617,1
ENSG00000184260,2.1016228,4.139066,1
ENSG00000224536,1.3139101,0.0,1
ENSG00000196878_1,0.19920167,0.0,1
ENSG00000233514,0.117876545,1.796505,1
ENSG00000163563,0.06533955,0.5611252,1
ENSG00000135824_2,0.36892417,0.0,1
ENSG00000078900,1.7848121,1.4605521,1
ENSG00000198400_1,1.6227757,2.1617632,1
ENSG00000196352_2,0.11277707,0.0,1
ENSG00000174574,2.3235762,3.0172546,1
ENSG00000120333_1,1.8556858,2.7934692,1
ENSG00000198492,2.5207665,3.0443437,1
ENSG00000277918,2.2529447,2.5314074,1
ENSG00000079277,1.7779968,0.0,1
ENSG00000143442_1,1.503059,2.3821342,1
ENSG00000070831,2.4562652,3.409742,1
ENSG00000143545,0.85087043,2.8802853,1
ENSG00000258082,0.5157617,0.0,1
ENSG00000142623_1,0.15020663,0.0,1
ENSG00000162669,1.8815974,1.8421035,1
ENSG00000291132,0.9112268,1.3070465,1
ENSG00000134243,1.3062006,0.0,1
ENSG00000076864_1,2.1138523,0.0,1
ENSG00000142686,2.1434934,1.9337251,1
ENSG00000143653,1.994591,2.6785512,1
ENSG00000085465_1,0.12978417,0.0,1
ENSG00000184163,1.4776704,0.0,1
ENSG00000236810,2.8281448,2.358525,1
ENSG00000163156_1,0.48162428,1.1047329,1
ENSG00000143390,0.15456022,0.0,1
ENSG00000133059_1,1.8987044,1.7745899,1
ENSG00000177628_1,0.27723855,0.0,1
ENSG00000118473_1,0.46606496,0.0,1
ENSG00000142875,2.1625793,2.0530632,1
ENSG00000149527,0.57529193,0.0,1
ENSG00000186160,0.05149683,0.0,1
ENSG00000143793,2.3703072,2.2561355,1
ENSG00000162819_1,2.118932,0.0,1
ENSG00000117385,2.6081052,2.300893,1
ENSG00000282143,0.8736307,1.330089,1
ENSG00000265972,2.3104012,3.2786942,1
ENSG00000291242,0.81632096,0.0,1
ENSG00000162522_1,1.8457595,2.1044462,1
ENSG00000116406,2.5076358,2.5278296,1
ENSG00000168509,0.7060812,0.0,1
ENSG00000143363,1.6377372,2.2261357,1
ENSG00000230623,0.0421079,0.0,1
ENSG00000163479,0.44241685,0.0,1
ENSG00000143862,1.6957115,2.2391093,1
ENSG00000116212,2.4511049,2.5925875,1
ENSG00000117362,1.9025611,2.6525993,1
ENSG00000162551,1.6415569,1.3624636,1
ENSG00000143614,2.248208,2.6307533,1
ENSG00000237463,0.077096745,0.0,1
ENSG00000136643,2.2385113,2.6569898,1
ENSG00000152904,2.4819825,2.7581925,1
ENSG00000177674,1.9690778,2.5226867,1
ENSG00000237429,1.7873496,2.120462,1
ENSG00000215906,0.13251434,0.0,1
ENSG00000158825,0.32444605,1.2215968,1
ENSG00000214193_1,1.7025105,0.0,1
ENSG00000233079_2,0.03750494,0.0,1
ENSG00000118194_3,0.27971432,0.7437919,1
ENSG00000142676,2.0302358,4.258345,1
ENSG00000143761,2.6269977,3.4435024,1
ENSG00000163435,0.44331086,0.0,1
ENSG00000162755,0.7834175,1.2151086,1
ENSG00000118733,0.08798791,0.0,1
ENSG00000177628_2,2.2273128,0.0,1
ENSG00000250719,0.20973273,0.0,1
ENSG00000203943,0.15437293,0.0,1
ENSG00000126698,1.7957898,0.0,1
ENSG00000157077,2.2204907,2.298176,1
ENSG00000143373,2.6688926,1.7900106,1
ENSG00000143702,0.124460995,0.0,1
ENSG00000206620,0.5190892,1.177825,1
ENSG00000116337,1.5527662,2.1589804,1
ENSG00000117500,2.4849584,2.7783713,1
ENSG00000143627_1,1.0047278,0.0,1
ENSG00000227963,2.664245,2.1102192,1
ENSG00000143153,1.9949118,1.6176083,1
ENSG00000169905,1.2410263,3.0093362,1
ENSG00000142875_4,0.010461038,0.0,1
ENSG00000152382,2.3376324,0.0,1
ENSG00000162814,0.25360608,0.0,1
ENSG00000237413,0.002985653,0.0,1
ENSG00000118473,0.35280097,0.0,1
ENSG00000044012,0.33760026,1.1723752,1
ENSG00000207340,0.64994615,0.0,1
ENSG00000280587,0.30798668,0.0,1
ENSG00000269113,1.6381798,1.3894496,1
ENSG00000160685,2.2016401,1.9315647,1
ENSG00000066056,0.19686238,0.0,1
ENSG00000173372,0.16089888,0.0,1
ENSG00000224965,1.782462,0.0,1
ENSG00000183780_1,1.4456159,1.6402031,1
ENSG00000186094,0.76242816,0.0,1
ENSG00000143382,2.3443818,3.1248791,1
ENSG00000143590,1.5129981,0.0,1
ENSG00000079335_2,2.142193,1.9532038,1
ENSG00000143603,0.29015043,0.0,1
ENSG00000185946,1.9292159,2.580012,1
ENSG00000162571,0.5884312,0.93520486,1
ENSG00000162512,1.934764,2.449469,1
ENSG00000236021,2.469569,1.9201756,1
ENSG00000137959,0.03150154,0.0,1
ENSG00000197472,1.4897138,2.102492,1
ENSG00000271252,0.07414933,0.0,1
ENSG00000143324,2.3376703,2.5254867,1
ENSG00000143570,1.7741722,0.0,1
ENSG00000153187_5,2.8841221,4.004631,1
ENSG00000237976,1.5528678,2.0051806,1
ENSG00000228536_2,0.09162643,0.0,1
ENSG00000155816,1.5244602,1.4614835,1
ENSG00000159189,0.20993416,0.0,1
ENSG00000143179,2.2970164,2.7777748,1
ENSG00000228526_1,1.2072977,0.0,1
ENSG00000227421,0.047182478,0.0,1
ENSG00000236427,0.5002572,0.0,1
ENSG00000116251_1,0.3204749,1.470631,1
ENSG00000116857,2.1525128,2.3027658,1
ENSG00000116285,1.8969108,1.7212582,1
ENSG00000156150,0.26868883,0.0,1
ENSG00000175984,1.2886119,0.0,1
ENSG00000273694,0.07471712,0.0,1
ENSG00000133069_1,0.37143117,0.0,1
ENSG00000122484,1.971978,2.3278246,1
ENSG00000158156,1.5686649,1.550314,1
ENSG00000134201,0.5270001,1.2685546,1
ENSG00000252826,0.871416,0.0,1
ENSG00000117593_1,2.271866,2.1916354,1
ENSG00000282221,0.96670824,0.0,1
ENSG00000186205,1.1471361,1.4288796,1
ENSG00000237728,0.22626598,0.0,1
ENSG00000142748,0.14899892,0.0,1
ENSG00000281406_1,1.1977768,1.2118678,1
ENSG00000174606_1,1.8959711,2.168792,1
ENSG00000162757,1.9477466,0.0,1
ENSG00000116882,0.020028213,0.0,1
ENSG00000117525,1.2975684,1.312262,1
ENSG00000187642,0.56384206,0.7762652,1
ENSG00000162522_2,0.40596476,0.0,1
ENSG00000196154,0.35571745,0.0,1
ENSG00000116584_2,2.1188424,2.5956063,1
ENSG00000189280,0.24402148,0.0,1
ENSG00000162747,0.21769314,0.0,1
ENSG00000117305,1.6517439,0.0,1
ENSG00000132698,0.42735985,0.0,1
ENSG00000143185,0.064788245,0.0,1
ENSG00000285629,0.13424818,0.0,1
ENSG00000152061_4,0.76703066,0.0,1
ENSG00000117410,2.6088407,2.6862698,1
ENSG00000130695,2.679386,2.883315,1
ENSG00000162775,2.7168257,2.7811842,1
ENSG00000143420_1,2.5042908,3.3473768,1
ENSG00000162591,1.5045277,1.3460594,1
ENSG00000121486,2.4187553,2.3303936,1
ENSG00000213625,2.6643372,2.523468,1
ENSG00000204219,1.0968422,0.0,1
ENSG00000171488,2.0845788,1.9495852,1
ENSG00000228126,2.1359377,0.0,1
ENSG00000134369_3,0.32146922,0.0,1
ENSG00000198830,2.547755,3.6416426,1
ENSG00000203785,0.06208986,0.0,1
ENSG00000160094,1.6788894,1.6837133,1
ENSG00000233290_1,0.017431462,0.0,1
ENSG00000253313,0.2981933,0.0,1
ENSG00000117533,2.1207542,2.6342857,1
ENSG00000055070,2.2733438,2.8765821,1
ENSG00000143367,1.5657057,1.6296746,1
ENSG00000274265,1.4464284,1.4759994,1
ENSG00000230138,0.19212449,0.0,1
ENSG00000081277,1.1793369,1.3796136,1
ENSG00000285053_1,0.74365556,0.0,1
ENSG00000133019_1,1.1609074,1.3161381,1
ENSG00000185630_1,0.13062407,0.0,1
ENSG00000183386_1,2.3729358,3.4682395,1
ENSG00000172031,1.3027462,1.6144121,1
ENSG00000213281,1.9516904,2.8129108,1
ENSG00000120656,2.5541623,0.0,1
ENSG00000142949,0.30780733,1.0392555,1
ENSG00000272205,2.6895716,1.5434968,1
ENSG00000143248,0.09473503,0.0,1
ENSG00000154429,2.2033737,2.3491669,1
ENSG00000125462_3,0.17996354,0.0,1
ENSG00000228971_1,0.026943522,0.0,1
ENSG00000287453,0.5519118,2.2443712,1
ENSG00000293505,1.8621625,0.0,1
ENSG00000084073,2.3160727,0.0,1
ENSG00000198830_1,2.2398193,1.7899895,1
ENSG00000143578_1,1.6491318,1.6842797,1
ENSG00000162616_1,1.1641195,0.0,1
ENSG00000233008_1,0.5357818,0.8423471,1
ENSG00000227712,0.43907732,0.0,1
ENSG00000197241,0.2729703,0.0,1
ENSG00000163346,0.7299107,0.0,1
ENSG00000178104_2,1.7438393,3.3122282,1
ENSG00000143036_1,0.962206,0.0,1
ENSG00000143742,2.630452,3.5440047,1
ENSG00000169291,1.6350459,1.3871655,1
ENSG00000184144_1,0.7825023,0.0,1
ENSG00000241794,0.07831139,0.0,1
ENSG00000117118_1,1.93035,3.2132971,1
ENSG00000180287_1,1.5545163,1.8563966,1
ENSG00000215808,0.027468769,0.0,1
ENSG00000225206_1,0.5148768,1.8288403,1
ENSG00000143409_2,1.6146814,0.0,1
ENSG00000182004_1,1.8602992,1.9018286,1
ENSG00000171680_5,1.3276398,1.2923225,1
ENSG00000041988_1,2.181475,2.0454364,1
ENSG00000143420,2.165214,0.0,1
ENSG00000274978,2.156635,2.797586,1
ENSG00000162441,1.0054226,0.0,1
ENSG00000189339,2.6988773,1.9915361,1
ENSG00000116874_1,2.3283322,2.6886067,1
ENSG00000159166_1,1.0286111,0.0,1
ENSG00000074800_1,2.4204152,0.0,1
ENSG00000203965_1,1.8561945,0.0,1
ENSG00000223764,1.5381826,1.5765026,1
ENSG00000014914,0.19351728,0.0,1
ENSG00000143458,2.499458,1.8232851,1
ENSG00000203601,0.17705701,0.0,1
ENSG00000066136,2.8391752,2.8149,1
ENSG00000232679,0.094985865,0.0,1
ENSG00000181450,1.7404541,2.282511,1
ENSG00000077522,1.6401213,1.4605521,1
ENSG00000155380_1,2.6866713,3.3235822,1
ENSG00000286391,1.0371417,0.0,1
ENSG00000163263,0.13406654,0.0,1
ENSG00000117308_1,2.4082446,2.6886635,1
ENSG00000117122_1,0.89796764,0.0,1
ENSG00000133055,0.32322618,0.0,1
ENSG00000143842_1,0.053981517,0.0,1
ENSG00000185668,1.7871126,1.6782087,1
ENSG00000155816_1,0.15870117,0.0,1
ENSG00000117650,2.3217587,2.607751,1
ENSG00000184908_2,0.98829436,0.0,1
ENSG00000291123,0.99627703,1.764617,1
ENSG00000156150_1,1.2373062,1.3612933,1
ENSG00000198912,2.5389903,2.6866567,1
ENSG00000186510,0.31323254,0.0,1
ENSG00000297423,1.8127996,0.0,1
ENSG00000207349,0.5090048,1.3484411,1
ENSG00000197323,2.5352275,2.9919877,1
ENSG00000184292,1.465689,1.8542392,1
ENSG00000224699,2.2249863,0.0,1
ENSG00000160691,0.23418482,0.9984424,1
ENSG00000158292,1.7114266,1.8107029,1
ENSG00000234741,0.37047383,1.5143352,1
ENSG00000118655,2.5582817,2.6804533,1
ENSG00000158859,0.49344915,1.0193241,1
ENSG00000162433,1.939594,2.0866444,1
ENSG00000117620_1,1.0633377,0.0,1
ENSG00000230489,0.45873055,0.0,1
ENSG00000267272,0.9379527,0.0,1
ENSG00000009780,2.330818,1.8260813,1
ENSG00000169641,1.6710435,0.0,1
ENSG00000183155,2.3384755,2.4366858,1
ENSG00000184908_1,1.0639784,0.0,1
ENSG00000160075,2.5967977,2.440333,1
ENSG00000214114,1.9787812,2.960602,1
ENSG00000234741_1,2.4899075,2.8948686,1
ENSG00000116273,2.4270003,2.4982665,1
ENSG00000116750,2.680187,0.0,1
ENSG00000135835_1,0.42412534,1.0489233,1
ENSG00000196754,0.37347445,0.0,1
ENSG00000157870_1,1.7539467,1.3200008,1
ENSG00000232113,0.076843366,0.0,1
ENSG00000183831,0.57533556,0.0,1
ENSG00000287033,2.2665317,0.0,1
ENSG00000198520,1.8550595,0.0,1
ENSG00000158315,0.30055574,0.0,1
ENSG00000120948_1,0.11143902,0.0,1
ENSG00000184371_1,1.4916905,2.0307615,1
ENSG00000284719,1.446473,0.0,1
ENSG00000143622,1.5672637,0.0,1
ENSG00000236963_1,0.26818374,0.60957307,1
ENSG00000078618,0.09030262,0.0,1
ENSG00000143390_2,1.8243037,1.8604578,1
ENSG00000163462,0.47043738,0.0,1
ENSG00000143379,1.5940129,0.0,1
ENSG00000097096,2.3583963,1.8721272,1
ENSG00000237491,2.7221868,0.0,1
ENSG00000233730,0.02020304,0.0,1
ENSG00000198799,2.6745129,2.4350286,1
ENSG00000117155,2.476079,2.3727777,1
ENSG00000135845,1.6734258,0.0,1
ENSG00000143507_1,1.9014974,1.831204,1
ENSG00000162585,2.1585743,2.9871297,1
ENSG00000143493,2.760072,2.3769436,1
ENSG00000197147,2.56674,2.7066333,1
ENSG00000132485,1.7566674,0.0,1
ENSG00000132780,2.2737947,3.715134,1
ENSG00000224968,-0.0024788096,0.0,1
ENSG00000117594_1,0.09036053,0.0,1
ENSG00000152332,2.1764388,2.8526752,1
ENSG00000120370,1.6175689,2.1089537,1
ENSG00000207056,0.06459823,0.0,1
ENSG00000142609_1,0.70651317,0.0,1
ENSG00000143337_1,2.5780501,2.10185,1
ENSG00000143127,0.14896955,0.0,1
ENSG00000143799,0.107669964,0.85744107,1
ENSG00000127124_2,0.2683809,0.0,1
ENSG00000153187_3,2.6077979,2.0976043,1
ENSG00000163534,0.048457548,0.0,1
ENSG00000230424,2.6967077,2.3484995,1
ENSG00000116288,2.4986236,2.87718,1
ENSG00000158796,2.3992336,2.287486,1
ENSG00000284738,2.0594912,1.1291418,1
ENSG00000224609,0.9351236,0.0,1
ENSG00000116183,0.025257062,0.0,1
ENSG00000293264,0.90817076,0.0,1
ENSG00000185220,2.7002013,2.0511332,1
ENSG00000143786_1,1.3916941,1.6973252,1
ENSG00000156171,0.054909192,0.0,1
ENSG00000117155_1,2.403502,2.712206,1
ENSG00000182749,2.1726172,1.8923784,1
ENSG00000143153_1,1.946946,1.7700932,1
ENSG00000204138,2.4722908,2.4910786,1
ENSG00000226067_1,1.8703552,0.9413623,1
ENSG00000143850_1,0.48180547,0.74374485,1
ENSG00000184677,2.0715735,2.5709736,1
ENSG00000224000,0.059662335,0.0,1
ENSG00000162592,0.3568313,0.7340634,1
ENSG00000186207,0.08126953,0.0,1
ENSG00000117298,0.3902353,1.0720881,1
ENSG00000125462,0.15609173,0.0,1
ENSG00000198626,1.6403221,1.7909182,1
ENSG00000116954,2.1215608,1.9417648,1
ENSG00000134684,2.6555276,3.4168103,1
ENSG00000133067,1.1700186,1.343507,1
ENSG00000186063_1,2.3180063,0.0,1
ENSG00000143318,0.25962827,0.0,1
ENSG00000235545,1.9726256,0.0,1
ENSG00000143294,2.1691802,2.861355,1
ENSG00000116675_2,0.14578514,0.0,1
ENSG00000143412,0.51077896,0.0,1
ENSG00000287217,0.1441899,0.0,1
ENSG00000126070,2.5503628,2.4515576,1
ENSG00000159479,2.3629754,2.651718,1
ENSG00000184588_3,0.04389651,0.0,1
ENSG00000233791,0.62788266,0.0,1
ENSG00000234222_1,1.8729966,1.6012014,1
ENSG00000231563,1.7967854,1.5917878,1
ENSG00000097021_2,2.2001853,2.4167438,1
ENSG00000203747_1,0.17461047,0.0,1
ENSG00000228794_1,2.5916007,2.6541207,1
ENSG00000084072,1.8697704,2.7064626,1
ENSG00000163220,0.22642228,0.0,1
ENSG00000169224,0.046785362,0.0,1
ENSG00000117399,2.253454,2.8223643,1
ENSG00000122176,0.17220779,0.0,1
ENSG00000174021,2.312484,2.9803352,1
ENSG00000000938_2,0.55831915,0.0,1
ENSG00000117318,1.8755885,3.1488585,1
ENSG00000121957,2.180797,2.4450076,1
ENSG00000143028,1.7055398,1.5848963,1
ENSG00000127483,0.08455506,0.0,1
ENSG00000079335_3,1.2270132,0.0,1
ENSG00000286619,1.7773001,1.6919739,1
ENSG00000090621_1,2.0835404,3.3388588,1
ENSG00000116670,2.3817282,2.6366494,1
ENSG00000219073,0.15737651,0.0,1
ENSG00000116521,1.4011633,0.0,1
ENSG00000225630,3.9956005,3.4185996,1
ENSG00000116497,2.5190265,1.8875779,1
ENSG00000162852,2.669781,2.7357106,1
ENSG00000169991,1.8559295,1.4623381,1
ENSG00000123472,0.06698799,0.0,1
ENSG00000126709,0.552772,0.0,1
ENSG00000020633,1.6606733,1.5807084,1
ENSG00000182866,0.42797095,1.1742634,1
ENSG00000116984,2.405012,2.584415,1
ENSG00000143603_1,0.6458542,0.6762545,1
ENSG00000143149,1.7910593,1.9143537,1
ENSG00000162571_1,0.5217734,0.0,1
ENSG00000232671,2.780866,1.5744249,1
ENSG00000127054,2.2667747,3.0307858,1
ENSG00000225880,2.5867171,2.1593115,1
ENSG00000230426_2,0.00043969462,0.0,1
ENSG00000116711,0.053316567,0.0,1
ENSG00000143107,0.052610833,0.0,1
ENSG00000131781,0.40388277,0.0,1
ENSG00000196517,0.544283,1.089778,1
ENSG00000224093,0.3475096,0.0,1
ENSG00000197747_1,1.2587993,1.719704,1
ENSG00000143469,0.05755789,0.0,1
ENSG00000162399,0.27936122,0.0,1
ENSG00000310526,2.5651412,0.0,1
ENSG00000122218,2.1618977,0.0,1
ENSG00000143368,1.5410992,2.9353793,1
ENSG00000091483,2.0550458,3.5791454,1
ENSG00000143321,1.9056432,1.7882603,1
ENSG00000001460,1.5867149,1.9788604,1
ENSG00000188976,2.1550734,2.9445474,1
ENSG00000203784,0.081718564,0.0,1
ENSG00000198625,2.5535362,2.7430549,1
ENSG00000176320,0.07393965,0.0,1
ENSG00000154027_1,0.62884134,1.1900514,1
ENSG00000142798_1,2.216451,2.7976394,1
ENSG00000231365,2.346691,2.7135074,1
ENSG00000157873_2,0.67396337,0.0,1
ENSG00000117519,1.6740005,1.0559514,1
ENSG00000066027,2.7707148,2.8862932,1
ENSG00000162909_1,2.2389624,2.9709532,1
ENSG00000198468,2.3583891,0.0,1
ENSG00000184678,2.3040445,4.5090156,1
ENSG00000184148,0.054374218,0.0,1
ENSG00000160688,1.7583826,2.1898496,1
ENSG00000142892,1.0091134,0.0,1
ENSG00000154027,1.4597803,1.8245163,1
ENSG00000197921,1.4021733,1.2642274,1
ENSG00000162723,0.13856988,0.0,1
ENSG00000171735,2.3753083,1.6714135,1
ENSG00000215866,0.94387513,1.2613343,1
ENSG00000117472,0.18818665,0.0,1
ENSG00000173660,2.340398,0.0,1
ENSG00000178104_4,1.3380407,1.4882263,1
ENSG00000172155,0.17176269,0.0,1
ENSG00000171812,1.3263932,0.0,1
ENSG00000154358,0.5514136,0.0,1
ENSG00000085491,2.031012,2.504369,1
ENSG00000235501,1.5936123,1.1796092,1
ENSG00000188782,0.27202758,0.0,1
ENSG00000175087,2.563349,1.7317418,1
ENSG00000143126,2.0661447,1.9663529,1
ENSG00000177000_2,2.728141,2.3344276,1
ENSG00000009709,0.7684353,0.0,1
ENSG00000188404_1,0.07546873,0.0,1
ENSG00000291156,1.5938916,2.0774043,1
ENSG00000185483,1.6065894,1.5708114,1
ENSG00000171790,0.28993127,0.0,1
ENSG00000160055,1.9183232,1.91698,1
ENSG00000160710_2,2.0831802,1.4595734,1
ENSG00000291158,0.11828412,0.0,1
ENSG00000228309,0.05231511,0.0,1
ENSG00000223382,1.8840348,0.0,1
ENSG00000073754,0.052911248,0.0,1
ENSG00000070886,1.4624654,1.7167543,1
ENSG00000163131,0.19361015,0.0,1
ENSG00000069812,1.5431939,1.441648,1
ENSG00000164011,2.0369036,2.369748,1
ENSG00000203724,2.3988194,1.8308452,1
ENSG00000162458_1,1.5251085,1.0984014,1
ENSG00000173372_1,0.18180586,0.7626035,1
ENSG00000054523,2.238104,2.319183,1
ENSG00000132773,2.604881,2.438868,1
ENSG00000231768,0.27503613,1.1778538,1
ENSG00000116396,1.9687306,1.6131121,1
ENSG00000143761_2,0.11872645,0.0,1
ENSG00000117707_1,0.44615805,0.0,1
ENSG00000117419,0.06070955,0.0,1
ENSG00000198890,1.977767,2.435266,1
ENSG00000137960,2.229259,0.0,1
ENSG00000154511,2.1283097,1.5815173,1
ENSG00000198198,2.3441882,2.1256568,1
ENSG00000228192,1.7584293,0.0,1
ENSG00000127124_3,1.8662148,1.4864872,1
ENSG00000160783,2.1845586,2.9734545,1
ENSG00000117505,2.4717352,2.7907002,1
ENSG00000227579,0.03360904,0.0,1
ENSG00000069248,2.511275,2.899977,1
ENSG00000116580,1.7715026,2.338048,1
ENSG00000116871,2.4995506,2.7719328,1
ENSG00000203865,1.6535108,0.0,1
ENSG00000142609,0.44443578,0.0,1
ENSG00000116254,1.6232029,1.2742964,1
ENSG00000252947,0.09145089,0.0,1
ENSG00000275291,2.0665245,0.0,1
ENSG00000143450_1,0.118527666,0.0,1
ENSG00000186364,1.2980812,1.8802418,1
ENSG00000163218,0.29708692,0.0,1
ENSG00000171680_4,0.3956134,0.0,1
ENSG00000284657,2.0665805,0.0,1
ENSG00000143256,2.084556,0.0,1
ENSG00000116141,1.6193279,1.7125571,1
ENSG00000154429_2,1.5275029,2.1497731,1
ENSG00000187017_2,0.41280487,0.0,1
ENSG00000253304,1.4882948,1.1615776,1
ENSG00000162542,1.5078324,1.3275837,1
ENSG00000186141,2.1622717,2.674067,1
ENSG00000291158_1,1.4438163,1.6163495,1
ENSG00000116748,0.053341687,0.0,1
ENSG00000177788,2.2990227,0.0,1
ENSG00000271736,0.50540537,1.5671911,1
ENSG00000162735_1,0.92574775,2.6142802,1
ENSG00000201699,1.685491,0.0,1
ENSG00000143418,0.339879,0.0,1
ENSG00000160789_6,1.0234536,0.8105685,1
ENSG00000137955,1.8083109,3.0719225,1
ENSG00000223175,0.06822934,0.0,1
ENSG00000162599_2,2.0888853,2.059571,1
ENSG00000188015,0.2791708,0.7485756,1
ENSG00000143164,2.8497565,2.9784453,1
ENSG00000162891,0.17580274,0.0,1
ENSG00000142657_2,1.9252771,0.0,1
ENSG00000197056,1.2573382,2.3283632,1
ENSG00000189433,0.22759642,0.0,1
ENSG00000198929,1.722528,1.3435858,1
ENSG00000143155,2.2234862,1.7468209,1
ENSG00000203804,1.5968424,0.0,1
ENSG00000084070_1,2.195771,3.0787032,1
ENSG00000122482_2,2.0097053,2.34333,1
ENSG00000054267_1,2.3932388,2.6173851,1
ENSG00000135870,2.5012133,2.1854572,1
ENSG00000198492_1,2.8609836,3.0655236,1
ENSG00000078369,2.246239,2.0282662,1
ENSG00000158473,0.748498,0.0,1
ENSG00000143110,0.24090205,0.0,1
ENSG00000117859,1.5612503,2.8813264,1
ENSG00000174842,2.077295,2.2420542,1
ENSG00000057252,2.1064427,2.3605518,1
ENSG00000142583_1,1.3908924,0.0,1
ENSG00000213064,2.3084893,2.7179732,1
ENSG00000078900_1,0.38090995,0.0,1
ENSG00000143502,1.7005218,1.6163704,1
ENSG00000036549,0.036129378,0.0,1
ENSG00000134668,0.37321344,0.0,1
ENSG00000181754,1.3913255,0.0,1
ENSG00000188092,2.2948527,0.0,1
ENSG00000123689,1.0385973,1.6668454,1
ENSG00000171722,0.10884321,0.0,1
ENSG00000187862,0.19577084,0.0,1
ENSG00000168264,1.4449183,0.0,1
ENSG00000116783,0.05655088,0.0,1
ENSG00000174151,1.1836809,1.4795063,1
ENSG00000116962,1.4956948,1.5979364,1
ENSG00000134716,0.4320365,0.0,1
ENSG00000158014,1.4633118,1.5636591,1
ENSG00000169241_1,2.0893285,2.6610732,1
ENSG00000123473,2.760894,2.6669586,1
ENSG00000160712,1.6131265,0.0,1
ENSG00000081721,2.1721632,0.0,1
ENSG00000117481_1,2.3632717,1.4178203,1
ENSG00000143816,1.674989,1.7865101,1
ENSG00000176083,0.258194,0.0,1
ENSG00000116171_1,0.5836908,0.0,1
ENSG00000176393_1,1.4517651,0.0,1
ENSG00000236423,2.5873628,0.0,1
ENSG00000273004,2.461458,1.1796092,1
ENSG00000143624_1,0.15461275,0.0,1
ENSG00000186564,2.3291817,1.8710414,1
ENSG00000291158_2,1.133746,1.5420532,1
ENSG00000084623_1,1.8676026,0.0,1
ENSG00000162598,0.2224515,0.0,1
ENSG00000153187_1,0.48748517,1.732249,1
ENSG00000162437,1.7242106,1.849665,1
ENSG00000143369,0.8192729,0.0,1
ENSG00000009724,0.42439687,0.93515444,1
ENSG00000067533,1.5543336,0.0,1
ENSG00000132676_1,2.4568903,0.0,1
ENSG00000259788,2.4472697,1.0218918,1
ENSG00000137944,2.2110999,2.3344538,1
ENSG00000238164,0.5233366,0.0,1
ENSG00000134222,2.392431,2.2141097,1
ENSG00000011007,2.345715,2.8729582,1
ENSG00000154370,2.4244885,2.7981782,1
ENSG00000162946_1,0.032819983,0.0,1
ENSG00000183520,2.5125403,3.3474314,1
ENSG00000126088,2.2135656,0.0,1
ENSG00000162897,0.1267611,0.0,1
ENSG00000065978_1,2.3087194,2.5738459,1
ENSG00000231999,2.0653412,1.5207193,1
ENSG00000163041_1,1.3428859,1.1109599,1
ENSG00000206680,0.07676671,0.0,1
ENSG00000117133,1.3937927,2.8972366,1
ENSG00000228288,2.1448991,1.8951461,1
ENSG00000271601,1.8631643,2.368008,1
ENSG00000149527_1,0.5259722,0.0,1
ENSG00000117222,2.4784937,2.497967,1
ENSG00000085998,2.081076,0.0,1
ENSG00000196660,1.9447232,2.0145626,1
ENSG00000116981,1.0154293,1.2198726,1
ENSG00000058673,2.3975163,2.9921222,1
ENSG00000143390_1,1.2959055,0.0,1
ENSG00000143753,2.4248006,2.552926,1
ENSG00000179403,1.7238376,2.2513049,1
ENSG00000285280,0.06826716,0.0,1
ENSG00000117280,1.0441515,1.5264298,1
ENSG00000162493_1,0.45994347,0.0,1
ENSG00000143217,0.38860187,0.0,1
ENSG00000168275_1,2.4995224,2.026758,1
ENSG00000227066,0.31281713,0.0,1
ENSG00000075151_1,2.0574586,1.5342419,1
ENSG00000162461,0.664754,0.0,1
ENSG00000168765,1.6327465,2.588852,1
ENSG00000226251,2.7538016,1.3872652,1
ENSG00000160789_1,1.037104,1.0441319,1
ENSG00000169914,2.286566,2.517143,1
ENSG00000143845,0.13188878,0.0,1
ENSG00000116752,1.8143878,2.9105988,1
ENSG00000163866,2.1188166,0.0,1
ENSG00000198744,4.8976727,3.3948367,1
ENSG00000135824,0.33080518,0.0,1
ENSG00000143365,0.3472362,0.0,1
ENSG00000157978_1,0.28759986,0.0,1
ENSG00000171621,1.574008,1.6764559,1
ENSG00000162458,0.47586113,0.0,1
ENSG00000117523,2.0202637,3.2842932,1
ENSG00000074800_2,2.838827,4.387593,1
ENSG00000143740_1,2.0006044,2.307451,1
ENSG00000197747,0.32388958,0.0,1
ENSG00000142661_1,0.1945792,0.0,1
ENSG00000134376,0.059589602,0.0,1
ENSG00000213512,0.07254949,0.0,1
ENSG00000162599_1,2.0498784,2.7637873,1
ENSG00000143322_1,1.921302,2.007039,1
ENSG00000237463_1,0.062261865,0.0,1
ENSG00000121957_1,2.0356905,0.0,1
ENSG00000142621_2,0.08014318,0.0,1
ENSG00000160767,0.3492258,1.0629954,1
ENSG00000134207,1.3547379,1.6058866,1
ENSG00000168264_2,2.3108919,2.710456,1
ENSG00000143353_1,1.9196422,1.3175076,1
ENSG00000132128_1,2.4162328,2.4549835,1
ENSG00000162493,0.5833439,0.0,1
ENSG00000171824,2.029388,3.0103168,1
ENSG00000127074,0.023292903,0.0,1
ENSG00000085831_2,1.5516806,1.2372671,1
ENSG00000117751,2.1903641,2.2583475,1
ENSG00000169962,0.6077998,0.0,1
ENSG00000159423,2.391406,2.226703,1
ENSG00000157873,0.44955406,0.0,1
ENSG00000116688_1,2.58546,2.9438214,1
ENSG00000174606,2.2727165,0.0,1
ENSG00000066185_1,1.4675237,0.0,1
ENSG00000158793,1.9794229,2.3043418,1
ENSG00000143473,1.1819247,0.0,1
ENSG00000171680_1,1.2749864,1.279895,1
ENSG00000199879,1.4907343,0.0,1
ENSG00000163354,0.35127947,0.0,1
ENSG00000228594,1.773367,2.0401275,1
ENSG00000076258,0.17297025,0.0,1
ENSG00000137936,0.14062965,0.0,1
ENSG00000137992,1.7753962,2.0449708,1
ENSG00000116754_1,2.3957705,2.93021,1
ENSG00000284770,1.9024819,0.0,1
ENSG00000287839,0.22493143,0.9930216,1
ENSG00000159208,0.3703494,0.0,1
ENSG00000116809,1.8216516,2.465109,1
ENSG00000120942,2.080719,0.0,1
ENSG00000163155,1.641033,1.806553,1
ENSG00000143627,0.7690932,0.0,1
ENSG00000271576,2.24464,1.5002502,1
ENSG00000285041,-0.020788092,0.0,1
ENSG00000160753_1,1.9567189,1.2118678,1
ENSG00000117419_1,1.7812345,2.4278316,1
ENSG00000286383,0.11571448,0.0,1
ENSG00000185630,0.60678023,0.0,1
ENSG00000163125,2.339494,2.3966718,1
ENSG00000117640,2.5463955,2.259921,1
ENSG00000283227,0.06731135,0.0,1
ENSG00000270276,2.455775,3.4362867,1
ENSG00000162734,1.6429693,2.7231543,1
ENSG00000198700,2.0682983,2.5276196,1
ENSG00000116670_1,1.6901242,1.5814604,1
ENSG00000122482,2.0000544,0.0,1
ENSG00000117697,2.3408468,0.0,1
ENSG00000081248,0.2433876,0.0,1
ENSG00000143158_1,2.727054,3.0043042,1
ENSG00000132688,1.1065954,0.0,1
ENSG00000092621,0.63601965,2.3297617,1
ENSG00000143702_2,2.5608075,2.7833462,1
ENSG00000198842,0.08296287,0.0,1
ENSG00000158710_1,1.9752647,4.010889,1
ENSG00000206585,2.203205,0.0,1
ENSG00000228536_1,0.13471021,0.0,1
ENSG00000160691_3,2.4083545,2.4867833,1
ENSG00000143819,1.7524016,1.9362472,1
ENSG00000203667,2.5369668,3.2812834,1
ENSG00000232596,0.14010805,0.0,1
ENSG00000170382,1.1912459,1.5372775,1
ENSG00000157916,2.2698762,3.1305943,1
ENSG00000295836,1.5131731,1.5765141,1
ENSG00000162736,2.1561997,2.8436096,1
ENSG00000116691,2.219291,2.6988058,1
ENSG00000119280,1.7618502,1.9578992,1
ENSG00000198952,2.0430124,2.8805323,1
ENSG00000135750,2.1832035,2.3445692,1
ENSG00000184371,1.3259485,1.9706258,1
ENSG00000116983,0.90057284,0.0,1
ENSG00000054277,2.4926023,2.9196951,1
ENSG00000117791,1.296984,1.4117544,1
ENSG00000204859,2.086921,2.272758,1
ENSG00000117707_2,0.2605565,0.0,1
ENSG00000143641,2.377705,2.1906817,1
ENSG00000134371_1,1.856462,1.0743775,1
ENSG00000188822,0.23988017,0.0,1
ENSG00000155380,0.31381562,0.0,1
ENSG00000158286,1.9448367,1.43968,1
ENSG00000162735,0.27318916,0.0,1
ENSG00000121446,0.025539001,0.0,1
ENSG00000198758,0.43119133,0.0,1
ENSG00000117139,0.103226915,0.0,1
ENSG00000198574,0.29995903,0.0,1
ENSG00000240021,0.1414191,0.0,1
ENSG00000116337_3,0.9297042,1.298984,1
ENSG00000052723,2.2690938,3.0400958,1
ENSG00000127129,0.660636,1.3109056,1
ENSG00000160691_1,0.35545996,1.2570062,1
ENSG00000162616,2.5320969,2.1415439,1
ENSG00000162692,0.058684886,0.0,1
ENSG00000085831_1,1.2563422,0.0,1
ENSG00000197520_1,0.055916633,0.0,1
ENSG00000143595,0.76734704,1.7981325,1
ENSG00000023572,2.3854275,2.8519185,1
ENSG00000133067_1,0.2824501,0.0,1
ENSG00000116641,1.9782963,1.8604877,1
ENSG00000126107,2.203857,2.6474915,1
ENSG00000084070,0.052379627,0.0,1
ENSG00000004455_1,1.2030983,0.0,1
ENSG00000078808,2.465387,2.8116667,1
ENSG00000158850,1.9681742,2.6796124,1
ENSG00000121931,2.7334244,3.1924531,1
ENSG00000119285,1.7693423,2.6819844,1
ENSG00000121644,2.5487742,2.4560304,1
ENSG00000117118,0.094589725,0.0,1
ENSG00000168528,0.2585986,0.7139439,1
ENSG00000282048,0.109356835,0.0,1
ENSG00000160058,2.5156925,2.6130517,1
ENSG00000117862,1.8142055,0.0,1
ENSG00000287808,2.2481143,0.0,1
ENSG00000236069,0.046985112,0.0,1
ENSG00000177807,0.74896246,0.0,1
ENSG00000117594,0.08077855,0.0,1
ENSG00000134744_1,2.03386,2.3249364,1
ENSG00000134202,1.0967625,1.7069225,1
ENSG00000157216_2,0.13235198,0.0,1
ENSG00000215704,0.13022423,0.0,1
ENSG00000184144,0.7236143,1.593131,1
ENSG00000222046,0.2346339,0.0,1
ENSG00000160679,2.45368,3.1193252,1
ENSG00000143013_1,1.9337808,1.532627,1
ENSG00000162694,1.116599,0.0,1
ENSG00000196187,0.17706856,0.0,1
ENSG00000287587,1.5776821,0.0,1
ENSG00000162391,0.35568985,0.0,1
ENSG00000137936_1,1.5501702,1.2231324,1
ENSG00000175206,0.33895394,0.0,1
ENSG00000183888,0.26007226,0.0,1
ENSG00000163209,0.06729295,0.0,1
ENSG00000143793_1,2.2448015,2.418914,1
ENSG00000143376_1,2.1726375,1.8991472,1
ENSG00000184007_1,2.25218,1.0721028,1
ENSG00000229588,0.8845461,1.1211658,1
ENSG00000159588,0.3343351,0.90633506,1
ENSG00000116205,2.3182118,0.0,1
ENSG00000116514,2.066049,1.9374677,1
ENSG00000142875_5,0.018851487,0.0,1
ENSG00000162496,1.4333802,1.5786163,1
ENSG00000290683,1.6017199,2.8737147,1
ENSG00000203325,1.3454512,0.9984337,1
ENSG00000143819_1,0.18914141,0.0,1
ENSG00000037637,2.4847631,2.6845303,1
ENSG00000121905_2,1.1565788,0.0,1
ENSG00000179914,0.10634765,0.0,1
ENSG00000116745,0.04174876,0.0,1
ENSG00000143319,2.2815418,2.5306926,1
ENSG00000162623,1.4241257,2.7011542,1
ENSG00000274265_2,1.8958465,0.0,1
ENSG00000160753_2,1.9681953,2.3669121,1
ENSG00000143479_1,2.1442063,1.1089032,1
ENSG00000117394,0.51478904,1.292234,1
ENSG00000082482,0.00982563,0.0,1
ENSG00000143409_1,0.79699504,2.1594198,1
ENSG00000142875_1,-0.003250835,0.0,1
ENSG00000158716,2.0364535,1.9760243,1
ENSG00000152078,2.280244,1.8750033,1
ENSG00000134215,0.03462504,0.0,1
ENSG00000162836,0.9512641,0.0,1
ENSG00000021852_1,0.08193688,0.0,1
ENSG00000189266,2.752045,3.244527,1
ENSG00000177181,1.7222304,1.3625767,1
ENSG00000157881,1.853662,2.5356612,1
ENSG00000047410,2.7907002,3.3244205,1
ENSG00000081985,0.86227626,1.2295027,1
ENSG00000004455,2.1948383,0.0,1
ENSG00000116161,2.6339948,2.291169,1
ENSG00000117266,0.61682194,1.1813576,1
ENSG00000008128,2.6705043,2.6111379,1
ENSG00000186007_1,0.7270211,0.0,1
ENSG00000134256,0.06661229,0.0,1
ENSG00000183431,2.3454354,3.1670365,1
ENSG00000164008,2.6071055,0.0,1
ENSG00000187513,0.5814321,0.0,1
ENSG00000023902,1.7717487,1.7196958,1
ENSG00000162496_1,2.2948697,2.7568643,1
ENSG00000168765_1,1.5402869,0.0,1
ENSG00000291138,1.6248337,0.0,1
ENSG00000173436_1,2.4915829,3.3944604,1
ENSG00000117000,2.3907394,2.471695,1
ENSG00000143452,0.2730736,1.0536776,1
ENSG00000158773,1.9399263,0.0,1
ENSG00000143847,2.0731347,1.9268156,1
ENSG00000156869,0.8757786,0.0,1
ENSG00000064886_1,0.33058715,0.0,1
ENSG00000117152_1,0.045840167,0.0,1
ENSG00000077157_1,0.051779397,0.0,1
ENSG00000162636,2.3729503,2.3318603,1
ENSG00000049245,2.3662472,2.8251948,1
ENSG00000117411_1,1.386707,1.1150444,1
ENSG00000116729,0.36857182,0.0,1
ENSG00000117616,0.12909079,0.0,1
ENSG00000163206,0.05339047,0.0,1
ENSG00000142789,0.13497633,0.0,1
ENSG00000065978,2.5748641,3.9871235,1
ENSG00000189410,0.7429997,0.0,1
ENSG00000163374,2.7838132,2.150342,1
ENSG00000274265_1,1.2352024,1.1866908,1
ENSG00000146463,2.1181002,0.0,1
ENSG00000226486,0.0035919403,0.0,1
ENSG00000130762_1,0.4045129,0.0,1
ENSG00000118197,2.6227076,2.146717,1
ENSG00000043514,2.000767,3.0223088,1
ENSG00000143257_1,0.1717141,0.0,1
ENSG00000008130,2.3927093,2.166273,1
ENSG00000224051_1,1.3923534,0.0,1
ENSG00000198797,0.6274677,1.7497054,1
ENSG00000160781,0.31116915,0.0,1
ENSG00000240386,0.08536261,0.0,1
ENSG00000162817,1.5488485,1.4483043,1
ENSG00000158615,2.5446465,2.7160451,1
ENSG00000273338,1.2111121,1.9346701,1
ENSG00000123836,0.18956171,0.0,1
ENSG00000265107,0.28569517,0.0,1
ENSG00000143674,1.7617067,1.4328572,1
ENSG00000142794,1.519035,1.9797031,1
ENSG00000155761,0.9104113,0.0,1
ENSG00000188672,0.9159722,0.0,1
ENSG00000187634_2,1.6497021,1.1541804,1
ENSG00000204084,2.1029522,2.04065,1
ENSG00000232265_1,0.47028705,0.0,1
ENSG00000184330,0.14426342,0.0,1
ENSG00000116852,1.6929594,2.2984185,1
ENSG00000228536,0.070782356,0.0,1
ENSG00000088280_1,2.105665,0.0,1
ENSG00000288867,0.11006382,0.0,1
ENSG00000117640_1,2.5902455,1.5700641,1
ENSG00000203709_1,1.697476,1.6321434,1
ENSG00000067208,0.34504902,0.0,1
ENSG00000082497,1.6280981,1.4023646,1
ENSG00000118194,0.21833494,0.65319324,1
ENSG00000134698,1.8698016,2.0449317,1
ENSG00000159516,0.057320848,0.0,1
ENSG00000162377,2.1870005,2.4280603,1
ENSG00000132855,-0.0017036437,0.0,1
ENSG00000055732,1.5316262,1.1579099,1
ENSG00000231605,0.28829244,0.0,1
ENSG00000118298_1,0.38371813,0.0,1
ENSG00000116678,1.9226286,2.4244225,1
ENSG00000118729,0.0812818,0.0,1
ENSG00000225265,1.42287,1.5672852,1
ENSG00000117592,2.6314888,3.8680582,1
ENSG00000159377,1.6488984,2.9853358,1
ENSG00000067606_1,0.4175698,0.8929512,1
ENSG00000122477,0.0830832,0.0,1
ENSG00000143401,1.4796904,0.0,1
ENSG00000163362_1,0.1426002,0.0,1
ENSG00000117450,2.439726,3.7905962,1
ENSG00000197245,0.21264221,0.0,1
ENSG00000198765,0.38022006,0.0,1
ENSG00000159592_2,1.8269659,0.0,1
ENSG00000142657_1,2.2321298,1.1883378,1
ENSG00000282843,0.088671416,0.0,1
ENSG00000171492,2.3101099,2.3648136,1
ENSG00000116171,1.6482277,2.121688,1
ENSG00000231246,0.1596084,0.0,1
ENSG00000163041,2.6070647,3.9916995,1
ENSG00000117600,0.6823651,1.494252,1
ENSG00000142910,0.38130444,0.0,1
ENSG00000229989_1,0.03951423,0.0,1
ENSG00000159173_2,0.40796956,0.0,1
ENSG00000248333,2.7515314,3.0530632,1
ENSG00000123091,2.4073114,2.15892,1
ENSG00000151418,0.05473914,0.0,1
ENSG00000285873,1.6769402,1.8102392,1
ENSG00000224977,2.3366425,0.0,1
ENSG00000273213,0.9383529,3.1115751,1
ENSG00000232480,1.3231272,0.0,1
ENSG00000086015,2.3751514,0.0,1
ENSG00000143398,1.2878996,0.0,1
ENSG00000162408,2.054943,2.788743,1
ENSG00000163157,0.17625327,0.0,1
ENSG00000172456_2,1.8306857,0.0,1
ENSG00000181656,0.25908655,0.0,1
ENSG00000049246,2.1094897,1.7745973,1
ENSG00000163125_1,1.6966478,1.8382634,1
ENSG00000162641,0.07708662,0.0,1
ENSG00000206828,2.0948975,0.0,1
ENSG00000142945,2.5472329,3.0934532,1
ENSG00000136631,1.7221732,1.682127,1
ENSG00000160075_1,2.5467227,3.3847833,1
ENSG00000236719,0.2859913,1.2342844,1
ENSG00000235358,2.2147756,0.9562837,1
ENSG00000237928,0.15394199,0.0,1
ENSG00000127124,1.6124059,1.9169695,1
ENSG00000212916,1.444759,1.2882268,1
ENSG00000117602,1.2545251,1.3839768,1
ENSG00000198821,0.38957247,1.0441084,1
ENSG00000135750_1,0.21564339,0.0,1
ENSG00000117593,2.6405265,2.9735434,1
ENSG00000178796,0.54637736,0.0,1
ENSG00000168243,1.6553984,1.6661997,1
ENSG00000203783,0.05114673,0.0,1
ENSG00000007908_1,0.034555346,0.0,1
ENSG00000143801,2.113426,2.053501,1
ENSG00000121851,2.0924983,2.8927445,1
ENSG00000143514,0.070638135,0.0,1
ENSG00000221978,2.624269,2.6282468,1
ENSG00000265961,0.20656373,0.0,1
ENSG00000168264_1,2.2165794,1.8844554,1
ENSG00000183853,1.0228132,1.1616075,1
ENSG00000143226_1,0.85711354,1.3495883,1
ENSG00000188910,0.7534517,0.96217984,1
ENSG00000132702,0.14765158,0.0,1
ENSG00000134709,1.2529494,1.2882493,1
ENSG00000243284,0.2872841,0.0,1
ENSG00000213085,0.8068043,0.0,1
ENSG00000290867_1,1.5685697,0.0,1
ENSG00000049247,0.052312367,0.0,1
ENSG00000143631,0.016695537,0.0,1
ENSG00000235942,0.123433724,0.7579272,1
ENSG00000116748_1,0.06558332,0.0,1
ENSG00000173728,0.1442252,0.0,1
ENSG00000198793,1.9512031,0.0,1
ENSG00000171385,1.2829806,0.9533731,1
ENSG00000143498,1.3181475,0.0,1
ENSG00000142949_1,1.6646174,1.6836773,1
ENSG00000176393,2.1747105,2.6374598,1
ENSG00000117859_1,2.3774474,3.0373309,1
ENSG00000116157,1.6394063,1.779019,1
ENSG00000171819,0.27506438,0.0,1
ENSG00000253368,1.7499796,1.5778248,1
ENSG00000176022,2.3670595,2.2661612,1
ENSG00000143569,2.6173043,2.862042,1
ENSG00000251503,2.3321717,2.2725518,1
ENSG00000186790,1.4346784,1.4558494,1
ENSG00000134262_1,2.804546,2.206151,1
ENSG00000097046,2.29649,2.6950006,1
ENSG00000132128,2.6280212,2.4950306,1
ENSG00000162594_1,0.27294216,0.0,1
ENSG00000048707_1,0.11064108,0.0,1
ENSG00000225206,0.5863605,0.0,1
ENSG00000291141,1.1839201,1.295039,1
ENSG00000169442,0.8842669,0.0,1
ENSG00000134198,1.4204137,1.3043182,1
ENSG00000230550,0.09616704,0.0,1
ENSG00000116521_1,1.6740263,2.8117123,1
ENSG00000117625,2.6378443,2.5110807,1
ENSG00000143355_1,0.35058144,0.0,1
ENSG00000203963,0.34123677,0.0,1
ENSG00000142611,1.4476131,1.4168735,1
ENSG00000133069_2,0.32814798,0.0,1
ENSG00000009790,0.08484562,0.0,1
ENSG00000085552,1.2763273,0.0,1
ENSG00000143443,1.0267038,1.3636872,1
ENSG00000085999,2.4386861,2.7762797,1
ENSG00000127481,0.092685774,0.0,1
ENSG00000182795,0.53096676,0.0,1
ENSG00000235527,2.039253,1.1231654,1
ENSG00000143314,1.8884181,0.0,1
ENSG00000143512,0.28977028,0.0,1
ENSG00000162373,0.89883083,0.0,1
ENSG00000197530_2,0.7272572,0.0,1
ENSG00000117036,2.191657,0.0,1
ENSG00000168243_1,1.0784528,1.1578797,1
ENSG00000143258,1.7949176,2.2593477,1
ENSG00000198483,0.56044847,0.0,1
ENSG00000169241,2.034023,1.7146649,1
ENSG00000142661,0.3968404,0.0,1
ENSG00000116977_1,0.9968316,0.0,1
ENSG00000154342,1.5174389,1.4632208,1
ENSG00000163485_1,0.55203134,0.0,1
ENSG00000081019,2.628197,2.4140787,1
ENSG00000240563,0.46532646,0.0,1
ENSG00000198815_2,0.93194246,0.6411567,1
ENSG00000143702_3,2.5211387,1.9643115,1
ENSG00000116183_1,0.023413755,0.0,1
ENSG00000156875,2.5057096,2.636458,1
ENSG00000270106,2.345899,0.0,1
ENSG00000227006,0.1224606,0.0,1
ENSG00000174332,0.075995415,0.0,1
ENSG00000160685_1,1.626908,0.0,1
ENSG00000162642,1.6831468,2.3624806,1
ENSG00000285728,2.5730464,1.6456383,1
ENSG00000203697,0.17621242,0.0,1
ENSG00000143006,0.808438,0.0,1
ENSG00000143322,0.05217402,0.0,1
ENSG00000117091,0.115463,0.0,1
ENSG00000143479,2.3567903,2.0899403,1
ENSG00000169469,0.08145207,0.0,1
ENSG00000117148,0.18156661,1.6581163,1
ENSG00000264522,2.2678916,0.0,1
ENSG00000130775,1.2561976,1.6628239,1
ENSG00000173207,2.7380726,3.1386974,1
ENSG00000233079_1,0.05115876,0.0,1
ENSG00000159166,1.3823633,0.0,1
ENSG00000178828,0.2675454,0.0,1
ENSG00000135763,2.2249043,1.9368604,1
ENSG00000223883,0.043073595,0.0,1
ENSG00000162896_1,0.18750216,0.0,1
ENSG00000178395,1.4782549,1.4328731,1
ENSG00000133019,0.91166407,0.0,1
ENSG00000016490,0.08334367,0.0,1
ENSG00000067606_3,0.22846527,0.0,1
ENSG00000224209,1.360546,1.2671483,1
ENSG00000133216,1.6361102,2.038163,1
ENSG00000162614,1.3023926,1.6999764,1
ENSG00000117748_1,2.447766,3.0260508,1
ENSG00000134216,0.060850665,0.0,1
ENSG00000160856,0.04376514,0.0,1
ENSG00000143842,1.3741273,1.3624448,1
ENSG00000170128,1.1715381,1.5657061,1
ENSG00000183508,2.204442,2.443873,1
ENSG00000116990,2.2774737,2.0086002,1
ENSG00000162526,0.84550035,0.0,1
ENSG00000122417,0.04857258,0.0,1
ENSG00000169242,1.1718762,1.8612416,1
ENSG00000203739_1,2.6224778,1.9726655,1
ENSG00000131778,2.437125,2.7604074,1
ENSG00000136631_1,1.5587146,0.0,1
ENSG00000197965,2.2237341,2.8266804,1
ENSG00000134245,1.6311997,0.0,1
ENSG00000163216,0.1442896,0.0,1
ENSG00000202027,0.28454533,0.0,1
ENSG00000207475,0.15250997,0.0,1
ENSG00000162374,0.028071253,0.0,1
ENSG00000172456_1,1.8927412,0.0,1
ENSG00000158062,1.991869,2.2464862,1
ENSG00000243480,0.029081026,0.0,1
ENSG00000152061_1,0.05503422,0.0,1
ENSG00000117614,2.2830956,2.9584804,1
ENSG00000188004,1.3444356,1.3590193,1
ENSG00000162378,1.9811401,2.5613422,1
ENSG00000162909,0.52819973,0.0,1
ENSG00000075151,2.2424653,2.0886216,1
ENSG00000135838,1.7738768,0.0,1
ENSG00000184007_2,2.557439,3.5243416,1
ENSG00000168653,2.0585496,0.0,1
ENSG00000142623,0.15516654,0.0,1
ENSG00000197780,1.4984009,0.0,1
ENSG00000277344,0.66462314,0.0,1
ENSG00000230798,1.6693652,0.0,1
ENSG00000021852,0.07292543,0.0,1
ENSG00000275538,2.1334186,0.0,1
ENSG00000215845,0.713661,1.3201047,1
ENSG00000116209,2.450586,2.8093786,1
ENSG00000117560,0.47035423,1.0876395,1
ENSG00000007968,2.2585278,2.0948553,1
ENSG00000074964_1,0.41756287,0.0,1
ENSG00000123684,1.8624624,2.081995,1
ENSG00000125462_4,0.19522417,0.0,1
ENSG00000154309_1,0.039126158,0.0,1
ENSG00000142583_3,0.14927022,0.0,1
ENSG00000143549,0.3440283,0.0,1
ENSG00000120334_1,2.3940148,2.917038,1
ENSG00000116237,2.2483637,2.6075838,1
ENSG00000181036_1,0.07184519,0.0,1
ENSG00000225767,0.53737557,0.0,1
ENSG00000142871,1.859239,1.8164468,1
ENSG00000158887_2,0.20197774,0.0,1
ENSG00000241563,0.36453137,1.2963141,1
ENSG00000162639,1.595287,0.0,1
ENSG00000132781,2.5692475,2.226373,1
ENSG00000054392,0.11826756,0.0,1
ENSG00000196660_1,1.943968,2.294885,1
ENSG00000123836_1,2.111728,0.0,1
ENSG00000117620,1.8687934,2.3470411,1
ENSG00000135776,2.565993,2.6641905,1
ENSG00000158874,0.21535291,0.6762728,1
ENSG00000187961,1.922696,2.3457656,1
ENSG00000163565_3,0.1635369,0.0,1
ENSG00000007341_1,1.9608959,1.9459951,1
ENSG00000162729,1.7623936,2.0935547,1
ENSG00000142698,0.8101952,1.506126,1
ENSG00000159352,1.7139914,2.6062846,1
ENSG00000116833,0.05757279,0.0,1
ENSG00000122417_1,0.7597003,1.6842707,1
ENSG00000131910,0.88717574,1.2909912,1
ENSG00000225556,0.93958515,0.0,1
ENSG00000291129,0.52263284,1.1813576,1
ENSG00000223694,0.024345158,0.0,1
ENSG00000142627,1.2160448,1.3121985,1
ENSG00000163462_1,0.5448626,0.92577606,1
ENSG00000288859,2.6392615,4.3636813,1
ENSG00000117298_1,1.2145586,1.2199773,1
ENSG00000158769,2.244857,2.904061,1
ENSG00000081692,2.2731128,2.2842433,1
ENSG00000135747,1.8888819,0.0,1
ENSG00000135824_1,0.111272916,0.0,1
ENSG00000173662,0.47232315,0.0,1
ENSG00000162771,0.1275924,0.0,1
ENSG00000118194_2,0.2572853,0.0,1
ENSG00000232077,0.056528635,0.0,1
ENSG00000162706,1.0530579,1.7202586,1
ENSG00000212144,0.11385062,0.0,1
ENSG00000204160,2.0875776,2.814434,1
ENSG00000143537,1.9090208,2.4954264,1
ENSG00000196418_1,1.5320188,1.8331727,1
ENSG00000187801_1,1.8236653,0.9708116,1
ENSG00000097021_3,2.363201,2.2223003,1
ENSG00000116299,0.88125855,0.0,1
ENSG00000143776,2.4441347,2.6787004,1
ENSG00000142937,2.8216949,3.6481483,1
ENSG00000060642_1,2.5860577,1.871018,1
ENSG00000196352,2.853637,3.5125844,1
ENSG00000183856,0.92960733,0.0,1
ENSG00000162511,0.43895015,1.6432453,1
ENSG00000116675_3,1.7523183,0.0,1
ENSG00000173673,0.34157953,0.0,1
ENSG00000162877,0.57724506,0.0,1
ENSG00000178922,1.4329383,1.6769953,1
ENSG00000117115_1,0.72798413,0.0,1
ENSG00000131779,2.0137115,0.0,1
ENSG00000157181,2.3011491,0.0,1
ENSG00000203857,0.038411085,0.0,1
ENSG00000116649,2.3303344,3.1446738,1
ENSG00000236719_1,0.11912984,0.0,1
ENSG00000011009,1.5962977,0.0,1
ENSG00000072694,0.16681822,0.0,1
ENSG00000162460,0.39809838,0.0,1
ENSG00000163141,0.095467806,0.0,1
ENSG00000175793,0.8524745,0.0,1
ENSG00000177628,0.16197735,0.0,1
ENSG00000123843,0.11227618,0.0,1
ENSG00000291072,2.9640324,0.0,1
ENSG00000117009,0.21240287,0.0,1
ENSG00000142677,0.094950795,0.0,1
ENSG00000175130,2.0696697,3.4289021,1
ENSG00000273002,1.1720889,1.5744249,1
ENSG00000158747,0.7883341,1.1211658,1
ENSG00000224445,0.07975096,0.0,1
ENSG00000228382,0.14289118,0.0,1
ENSG00000291234_1,0.91328156,1.4319425,1
ENSG00000196189_3,0.19763969,0.0,1
ENSG00000135828,0.8132053,0.0,1
ENSG00000163463_1,1.6975409,3.3535104,1
ENSG00000213366,0.72530365,0.0,1
ENSG00000014914_2,0.20528059,0.9708116,1
ENSG00000079335,0.08724799,0.0,1
ENSG00000143811,2.74414,3.1131475,1
ENSG00000122483_1,2.2020957,2.102619,1
ENSG00000134744,2.0106542,2.4426632,1
ENSG00000196517_1,1.7325671,1.8114811,1
ENSG00000227733,0.5957507,0.0,1
ENSG00000203666,1.5688692,1.3578777,1
ENSG00000229344,3.975794,3.7272484,1
ENSG00000159348,1.932097,2.4025776,1
ENSG00000135835,1.6514982,1.1005085,1
ENSG00000143303,2.3760314,2.8129134,1
ENSG00000116350,2.820313,2.9266675,1
ENSG00000142583_2,0.6338856,0.0,1
ENSG00000173436,0.6518366,1.5396907,1
ENSG00000175756,2.6187527,2.83484,1
ENSG00000132881,2.0437741,1.8910242,1
ENSG00000116584_1,2.051794,0.0,1
ENSG00000173218,2.2155843,2.0751052,1
ENSG00000134369,1.4064089,1.5863509,1
ENSG00000116747,2.789406,3.1307068,1
ENSG00000198520_1,0.49373543,0.99038327,1
ENSG00000261595,1.5183129,1.0392555,1
ENSG00000171161,2.6563184,2.7112799,1
ENSG00000162733,0.10818559,0.0,1
ENSG00000069424,2.4100683,2.0204442,1
ENSG00000159339,0.27773052,0.92891794,1
ENSG00000117155_2,2.0397384,2.5732315,1
ENSG00000162368,2.6748087,3.0172546,1
ENSG00000215717,2.3539476,2.4156678,1
ENSG00000197956,0.9797654,0.0,1
ENSG00000163874,2.1441164,1.8531017,1
ENSG00000230615,2.5035684,1.9477915,1
ENSG00000284686,0.06673313,0.0,1
ENSG00000163531,0.8933813,0.0,1
ENSG00000185966,0.052594982,0.0,1
ENSG00000058085,0.5029317,0.0,1
ENSG00000163374_1,2.5713503,2.4329212,1
ENSG00000142910_1,0.21007906,0.0,1
ENSG00000177000,1.3804885,0.0,1
ENSG00000142973,0.17796417,0.0,1
ENSG00000232284,0.35893214,0.0,1
ENSG00000143851_2,1.3753234,1.8416972,1
ENSG00000135821_1,2.5432036,3.3922431,1
ENSG00000134748,2.4784777,2.7729397,1
ENSG00000142959,0.2439598,0.8719814,1
ENSG00000007923,2.4588702,2.711938,1
ENSG00000162383_1,0.3969464,0.0,1
ENSG00000143303_1,2.034052,1.7121023,1
ENSG00000197312,2.5486841,2.7858777,1
ENSG00000203740,0.11219335,0.0,1
ENSG00000231252,0.08167717,0.0,1
ENSG00000078618_2,2.6579416,3.3051708,1
ENSG00000171357,0.74342155,1.1291741,1
ENSG00000143643,2.4721634,2.1907797,1
ENSG00000204084_1,1.6970729,1.9243207,1
ENSG00000163382,2.1400998,2.8029768,1
ENSG00000290735,0.87495685,2.85204,1
ENSG00000162641_1,0.056367163,0.0,1
ENSG00000235098,0.37845147,0.0,1
ENSG00000187800,0.6249252,0.0,1
ENSG00000120341,0.15511958,0.0,1
ENSG00000116774,0.35253835,0.0,1
ENSG00000143079,0.955273,0.982045,1
ENSG00000238260,1.7772565,1.0810231,1
ENSG00000116584_4,0.41509786,0.0,1
ENSG00000153187,0.09146716,2.1218452,1
ENSG00000227290,0.13109398,0.0,1
ENSG00000121903,0.9967856,0.0,1
ENSG00000125944,2.775979,3.2596512,1
ENSG00000153363,2.3812532,2.6221611,1
ENSG00000235169,2.1054776,2.1891813,1
ENSG00000130766,2.6392796,2.4632792,1
ENSG00000235750,1.3847085,0.0,1
ENSG00000231789,1.1758448,2.536023,1
ENSG00000131686,0.20505242,0.0,1
ENSG00000176261,2.215986,0.0,1
ENSG00000197915,0.033727136,0.0,1
ENSG00000117139_2,1.7271945,3.2080274,1
ENSG00000126091_1,0.08720291,0.0,1
ENSG00000188060,1.2050105,1.2812653,1
ENSG00000060642,2.5051758,1.8557129,1
ENSG00000117262,2.2211654,1.7400925,1
ENSG00000082512_1,1.7313161,1.670793,1
ENSG00000143436,1.523307,0.0,1
ENSG00000143158,2.788298,3.07116,1
ENSG00000121905,0.8058207,0.88603926,1
ENSG00000133059,2.0093124,1.5509984,1
ENSG00000198160,2.4585865,2.3035848,1
ENSG00000231163,0.051853903,0.0,1
ENSG00000184007,0.08907385,0.0,1
ENSG00000143772,0.24210322,0.0,1
ENSG00000198216_1,0.5049337,0.0,1
ENSG00000163431,0.57243687,1.4595131,1
ENSG00000163554,0.720517,2.9063125,1
ENSG00000273727,1.5454471,0.0,1
ENSG00000230337,2.0784013,1.6498312,1
ENSG00000158195,2.6593304,3.108964,1
ENSG00000117461_1,2.6611693,1.632852,1
ENSG00000121634,0.10023705,0.0,1
ENSG00000130768,0.31964052,1.1390285,1
ENSG00000163565_1,0.06349224,0.0,1
ENSG00000143612,2.7002587,2.9931293,1
ENSG00000143355,0.40323627,0.0,1
ENSG00000117595,1.4368187,0.0,1
ENSG00000183291,2.376658,0.0,1
ENSG00000160050,1.4558731,2.077615,1
ENSG00000117153,2.1061022,0.0,1
ENSG00000116688_2,2.614418,2.8841674,1
ENSG00000243062,0.09313432,0.0,1
ENSG00000134184,0.58381003,0.98209023,1
ENSG00000237980,0.7807362,0.75333786,1
ENSG00000007341_2,2.571378,1.6032526,1
ENSG00000135749,1.0321544,1.3602146,1
ENSG00000273004_1,1.0506032,0.0,1
ENSG00000162664,2.6393104,2.7767375,1
ENSG00000196505,1.9114753,2.0391324,1
ENSG00000173409,2.2144094,0.0,1
ENSG00000143409,0.7251844,0.0,1
ENSG00000240038,0.043539867,0.0,1
ENSG00000154007,0.015173605,0.0,1
ENSG00000049249,0.15380372,0.0,1
ENSG00000132704,0.04469855,0.0,1
ENSG00000233396,2.0178022,0.0,1
ENSG00000235933,0.115784585,0.0,1
ENSG00000203814,1.5822866,3.9034038,1
ENSG00000116717,2.452819,3.2304132,1
ENSG00000288905,0.6222691,0.0,1
ENSG00000116539_1,2.63157,2.3394516,1
ENSG00000131591,2.1973448,0.0,1
ENSG00000171517,1.2957646,1.2449695,1
ENSG00000143554,1.371761,1.779957,1
ENSG00000180999,0.066670045,0.0,1
ENSG00000117395,1.747813,3.2634468,1
ENSG00000116213,1.0954934,1.8688912,1
ENSG00000143845_1,1.6792976,0.0,1
ENSG00000065183,1.7803853,2.3759542,1
ENSG00000034971,0.29562327,0.0,1
ENSG00000118298,0.23248889,0.0,1
ENSG00000116977,1.8114955,2.820164,1
ENSG00000203666_2,2.6410544,2.6195388,1
ENSG00000284693,1.5706452,0.0,1
ENSG00000054118,2.8168533,2.9481928,1
ENSG00000231057,2.3558943,1.3096727,1
ENSG00000127481_1,2.8024194,3.3170056,1
ENSG00000121769,0.5880818,0.9129656,1
ENSG00000134644,2.5198843,2.359308,1
ENSG00000143257,0.19677667,0.0,1
ENSG00000152760,0.53185326,0.0,1
ENSG00000173947,0.6215947,0.0,1
ENSG00000196187_1,0.41186407,0.0,1
ENSG00000237973,4.0493016,2.630875,1
ENSG00000186517,0.3636417,0.0,1
ENSG00000066136_2,1.2548059,0.0,1
ENSG00000157193,2.1265204,1.36135,1
ENSG00000117479,2.4268358,2.3124778,1
ENSG00000117758,2.0090425,2.5278258,1
ENSG00000116560,2.1558552,4.0871353,1
ENSG00000117408,2.4689376,2.4670885,1
ENSG00000162676_2,0.6659531,0.95336336,1
ENSG00000203709,0.38385394,0.0,1
ENSG00000135837,2.7258325,2.5286725,1
ENSG00000162545,0.9235298,1.2151086,1
ENSG00000116922_1,2.474088,1.9807894,1
ENSG00000186197,0.2306964,0.0,1
ENSG00000277610,2.0421116,0.0,1
ENSG00000189195,1.0790132,1.3625579,1
ENSG00000227868,0.088655114,0.0,1
ENSG00000236528,2.258869,0.0,1
ENSG00000092853,0.082038045,0.0,1
ENSG00000116906,1.8390061,2.8404706,1
ENSG00000121481,2.2462611,2.5215237,1
ENSG00000085465,0.17976084,0.0,1
ENSG00000202408,2.1155562,0.0,1
ENSG00000133065_1,1.2674787,1.5876436,1
ENSG00000116688,2.5698473,2.9692016,1
ENSG00000229956,1.5367395,0.0,1
ENSG00000233461_1,2.449644,1.5495795,1
ENSG00000143153_2,0.071001194,0.0,1
ENSG00000151414_1,0.07498441,0.0,1
ENSG00000143344_1,0.45027927,1.4632956,1
ENSG00000117151,1.9854002,2.5432122,1
ENSG00000162493_2,0.32128277,0.0,1
ENSG00000177614,1.7957002,1.7120348,1
ENSG00000143549_1,2.241721,3.6736448,1
ENSG00000162384,2.379656,2.3393838,1
ENSG00000180198_1,2.4696198,2.5018122,1
ENSG00000234222,0.97890335,1.1883097,1
ENSG00000286106,1.9912721,1.535813,1
ENSG00000065600,1.7526513,2.126693,1
ENSG00000187608,1.1494135,0.0,1
ENSG00000122188,0.2347101,0.0,1
ENSG00000171960,2.129209,2.8615248,1
ENSG00000116750_1,1.9534327,1.6741904,1
ENSG00000116786,1.9998924,2.4002357,1
ENSG00000174175,0.06319724,0.0,1
ENSG00000157193_1,1.9935676,2.665137,1
ENSG00000188257,0.12120186,0.0,1
ENSG00000158006,1.901554,0.0,1
ENSG00000233008,0.71008617,0.0,1
ENSG00000092850,0.67438847,0.0,1
ENSG00000160789_3,0.12780267,0.0,1
ENSG00000236975,0.18729208,0.0,1
ENSG00000058668,1.7207285,1.7595243,1
ENSG00000136634,0.21410741,0.8461762,1
ENSG00000054116,2.5024703,2.7650363,1
ENSG00000273274,1.0202577,0.0,1
ENSG00000084652,2.5012066,2.7109175,1
ENSG00000143621,1.6693188,0.0,1
ENSG00000132763,2.0621545,0.0,1
ENSG00000058799,1.6446177,2.123881,1
ENSG00000162522,1.911111,2.1530187,1
ENSG00000143768,0.5795222,0.0,1
ENSG00000137962,1.4763645,1.5167865,1
ENSG00000157330,0.12591358,0.0,1
ENSG00000162604,1.706902,2.6699944,1
ENSG00000181773,2.107331,0.0,1
ENSG00000207181,0.65716994,0.7532459,1
ENSG00000196420,0.37041253,1.3212545,1
ENSG00000290592,0.15827353,0.0,1
ENSG00000134697,2.110401,0.0,1
ENSG00000143416,0.45033985,0.0,1
ENSG00000081026_1,1.8947235,1.2086025,1
ENSG00000134247,1.8450319,2.1474907,1
ENSG00000159173,0.2372938,0.0,1
ENSG00000182004,2.268624,3.6163158,1
ENSG00000198734,0.31719023,0.8573928,1
ENSG00000222650,0.0522677,0.0,1
ENSG00000225632,0.32212433,0.0,1
ENSG00000122435,1.8291513,2.402899,1
ENSG00000066027_1,0.07202387,0.0,1
ENSG00000268043,1.8769017,1.9243371,1
ENSG00000117281,0.10542363,0.0,1
ENSG00000117298_3,2.3589323,2.3287058,1
ENSG00000224870,2.569777,2.4483337,1
ENSG00000168118,2.3785398,2.7343333,1
ENSG00000134253,2.2276626,1.6078302,1
ENSG00000186150,0.32801846,0.0,1
ENSG00000196754_1,0.38694277,0.0,1
ENSG00000174567,0.54697937,0.0,1
ENSG00000142694,1.7882695,2.0458703,1
ENSG00000207501,1.8902837,2.8786998,1
ENSG00000097021,0.26944795,0.0,1
ENSG00000142798,0.3167549,0.8267225,1
ENSG00000196890,2.343962,2.806058,1
ENSG00000082482_1,1.3467889,1.8123116,1
ENSG00000136634_1,0.11144978,0.0,1
ENSG00000157184,2.2889907,2.6017308,1
ENSG00000049089_2,1.0904702,1.2018666,1
ENSG00000169972,2.4218652,2.4909272,1
ENSG00000186226,0.11088164,0.0,1
ENSG00000120937,0.73626465,0.0,1
ENSG00000157216_1,2.3013008,2.7590406,1
ENSG00000134258,0.17372112,0.0,1
ENSG00000162618_2,0.018372877,0.0,1
ENSG00000162441_1,2.0988107,2.6328428,1
ENSG00000160803,2.3645446,2.1144176,1
ENSG00000157978,2.1183474,2.3709939,1
ENSG00000132718,1.241081,0.0,1
ENSG00000116793_1,2.377899,2.34631,1
ENSG00000226758,0.040374674,0.0,1
ENSG00000120332,0.081445426,0.0,1
ENSG00000143319_1,2.2987351,3.0075772,1
ENSG00000066279,2.0847938,2.9051216,1
ENSG00000137948_1,0.055621363,0.0,1
ENSG00000078618_1,1.3240395,0.0,1
ENSG00000050628,1.917267,2.3114974,1
ENSG00000168679,0.119935125,0.0,1
ENSG00000116489,2.511895,3.688241,1
ENSG00000130762,1.4105822,1.3211633,1
ENSG00000135773,0.3841699,0.7717344,1
ENSG00000143199,0.21096326,0.0,1
ENSG00000143632,0.7217224,1.3904759,1
ENSG00000227496,0.06859179,0.0,1
ENSG00000197959_1,0.04017806,0.0,1
ENSG00000234694,2.3117008,0.0,1
ENSG00000117054,2.3205192,2.9745624,1
ENSG00000122224,0.12094909,0.0,1
ENSG00000169224_1,0.11442643,0.0,1
ENSG00000137965,0.01771918,0.0,1
ENSG00000116793,2.4626377,1.4054488,1
ENSG00000198691_1,0.11840062,0.0,1
ENSG00000236546,0.38565513,0.0,1
ENSG00000162913,1.6793344,1.0512992,1
ENSG00000185420_1,1.8237677,2.3989153,1
ENSG00000049089,0.71972156,0.0,1
ENSG00000143751,2.5931818,2.7877076,1
ENSG00000162402,2.4417388,2.4738123,1
ENSG00000117174,1.7509755,2.9217384,1
ENSG00000135801,2.2855804,2.4573216,1
ENSG00000158816,0.23538093,0.0,1
ENSG00000162430,1.7187277,1.8212448,1
ENSG00000154309,0.87111217,0.0,1
ENSG00000143839,0.18049406,0.0,1
ENSG00000171603,1.9225831,2.7451293,1
ENSG00000143494,1.3157488,1.5539922,1
ENSG00000135744,0.28380015,0.0,1
ENSG00000116863,2.2209756,2.2179153,1
ENSG00000081019_1,2.540081,2.4191856,1
ENSG00000158869,0.31230578,0.0,1
ENSG00000162650,2.3628652,2.0995426,1
ENSG00000180488,1.1727167,2.4585774,1
ENSG00000163468,0.123193055,0.0,1
ENSG00000188770,0.11148749,0.0,1
ENSG00000177000_1,1.5300441,2.260708,1
ENSG00000196878,0.2631795,0.0,1
ENSG00000160710,1.744137,1.8152057,1
ENSG00000126088_1,2.4694645,3.2608414,1
ENSG00000137975,0.089274436,0.0,1
ENSG00000290989,2.7627199,2.4303122,1
ENSG00000127463,2.3634365,2.774173,1
ENSG00000259030,1.0692972,2.3451953,1
ENSG00000023572_1,0.65233326,0.0,1
ENSG00000162496_2,1.5043892,1.68866,1
ENSG00000132716,2.3229563,2.6671157,1
ENSG00000117054_1,2.3180513,2.963291,1
ENSG00000182898,0.04549703,0.0,1
ENSG00000171806,2.0699463,2.1114573,1
ENSG00000154305_1,2.2066038,0.0,1
ENSG00000171680,1.0544502,0.0,1
ENSG00000143198,2.3694792,2.7800803,1
ENSG00000142675,0.39833453,0.0,1
ENSG00000117528,2.1743107,2.3646467,1
ENSG00000224051,2.3350022,2.5970323,1
ENSG00000143106,2.3592248,0.0,1
ENSG00000157064,0.60344297,0.0,1
ENSG00000183615,0.24798907,0.0,1
ENSG00000065243_1,2.4302125,1.3460202,1
ENSG00000116198_1,2.3059552,0.0,1
ENSG00000143195,1.6896206,1.8019248,1
ENSG00000182866_1,0.16728984,0.0,1
ENSG00000184454,0.9806435,1.1351008,1
ENSG00000237950,2.7114859,1.6621627,1
ENSG00000229953,1.90669,3.450041,1
ENSG00000152061,2.6750803,1.3749682,1
ENSG00000203288,1.3678089,1.6792825,1
ENSG00000228794_2,0.04908904,0.0,1
ENSG00000117143,2.4805834,3.1393375,1
ENSG00000134243_1,2.1002855,2.6521013,1
ENSG00000169218,1.3146943,1.4085282,1
ENSG00000286109,0.24602844,0.0,1
ENSG00000182118,2.156384,2.276255,1
ENSG00000218510,2.4600127,2.0600893,1
ENSG00000126106,2.1145742,0.0,1
ENSG00000183780,1.7346812,1.6719408,1
ENSG00000224259,0.07161228,0.0,1
ENSG00000171729,0.68672335,0.0,1
ENSG00000163879,0.6434161,0.0,1
ENSG00000226919,0.17578132,0.0,1
ENSG00000116754,2.335078,2.828667,1
ENSG00000168528_2,1.4740467,0.0,1
ENSG00000300262,1.5511836,1.0193241,1
ENSG00000158488,0.05401551,0.0,1
ENSG00000117139_1,2.1145012,1.1985747,1
ENSG00000162813,0.8644364,0.0,1
ENSG00000253097,0.05414025,0.0,1
ENSG00000227533,2.0818927,0.0,1
ENSG00000135835_2,0.37085295,1.0441005,1
ENSG00000133048,0.30565548,0.0,1
ENSG00000185499,1.403932,0.0,1
ENSG00000143851,1.6669548,2.310846,1
ENSG00000118200,1.696341,2.1025984,1
ENSG00000162688_1,0.30075136,0.7437762,1
ENSG00000173627,0.07296619,0.0,1
ENSG00000293271,1.5424523,0.0,1
ENSG00000185519,1.3903948,1.3717327,1
ENSG00000122432,2.3632371,2.9039469,1
ENSG00000259823,0.1748225,0.0,1
ENSG00000090621,1.8127205,0.0,1
ENSG00000121310_1,0.76098424,0.0,1
ENSG00000226067,1.1806746,0.0,1
ENSG00000132122,0.045807358,0.0,1
ENSG00000270882,2.3463852,3.5705383,1
ENSG00000179051,2.0811632,2.8288596,1
ENSG00000228044,0.10840876,0.0,1
ENSG00000269713,1.6873399,1.6989005,1
ENSG00000143320_1,0.99041367,0.7937066,1
ENSG00000162385,2.0028763,0.0,1
ENSG00000121933,0.18363132,0.0,1
ENSG00000159592_1,2.7783751,2.676901,1
ENSG00000163050,2.569447,2.1332834,1
ENSG00000163463,1.0990196,0.0,1
ENSG00000116199,2.5210283,2.4759617,1
ENSG00000171385_1,1.6055948,1.6425931,1
ENSG00000160716,0.97552365,1.420863,1
ENSG00000117090,0.13154009,0.0,1
ENSG00000186973,0.51778525,0.82674843,1
ENSG00000143434,1.554631,1.1917583,1
ENSG00000162601,1.7687076,0.0,1
ENSG00000143033,2.025195,2.4073553,1
ENSG00000142621,0.1671703,0.0,1
ENSG00000075945,1.5141834,2.1533177,1
ENSG00000116133,2.323775,3.1790202,1
ENSG00000143543,2.1385922,2.9342806,1
ENSG00000162894,0.12342094,1.1331235,1
ENSG00000168710,2.4955387,2.967969,1
ENSG00000143669,2.0353413,1.2583978,1
ENSG00000143556,0.14357035,0.0,1
ENSG00000233593,0.744611,0.0,1
ENSG00000162779,1.8851032,0.0,1
ENSG00000170075,0.4616982,1.1130203,1
ENSG00000066135,2.2012713,2.2038403,1
ENSG00000116198,2.3709707,2.3132722,1
ENSG00000200087,0.8124295,1.4157411,1
ENSG00000143570_1,2.1211379,1.8363051,1
ENSG00000143119_1,0.43645105,0.0,1
ENSG00000163393,1.4765948,0.9708209,1
ENSG00000213047_2,1.6993636,1.9567446,1
ENSG00000143032,1.0860921,0.0,1
ENSG00000088035,1.8493624,2.2867908,1
ENSG00000135829,2.6424572,3.4057355,1
ENSG00000248485,1.0326424,1.4416951,1
ENSG00000154027_3,0.93341345,0.99303925,1
ENSG00000181036,0.12641773,0.0,1
ENSG00000158161,2.275427,2.8740757,1
ENSG00000121774,2.905769,3.5599473,1
ENSG00000160678,0.507911,0.0,1
ENSG00000164010,2.3029926,2.7170544,1
ENSG00000131584,2.3727973,1.7052906,1
ENSG00000184005,0.99192613,1.140885,1
ENSG00000203859,0.026978767,0.0,1
ENSG00000077152,2.194924,0.0,1
ENSG00000207205,2.0123327,0.0,1
ENSG00000163207,0.053646177,0.0,1
ENSG00000286071_1,0.081168756,0.0,1
ENSG00000287396,0.25928345,0.0,1
ENSG00000116161_1,3.0076673,3.584293,1
ENSG00000143167,0.1954916,0.0,1
ENSG00000153187_2,2.323511,2.2069068,1
ENSG00000160753,0.71795905,1.0583122,1
ENSG00000188672_1,2.4221888,0.0,1
ENSG00000171680_3,0.91831625,1.0064062,1
ENSG00000235750_1,1.201852,1.8706555,1
ENSG00000162620,1.1620058,1.172457,1
ENSG00000197530_1,2.448989,1.5958818,1
ENSG00000154222,2.716145,0.0,1
ENSG00000117215,0.2242427,0.0,1
ENSG00000143196,0.044712234,0.0,1
ENSG00000116871_1,2.4986851,2.260298,1
ENSG00000162670,0.091422915,0.76267856,1
ENSG00000187815,1.7525715,1.8875723,1
ENSG00000143156,1.4972862,0.0,1
ENSG00000178821,2.2077234,2.041286,1
ENSG00000118873,2.3738725,2.096639,1
ENSG00000228971,0.038933713,0.0,1
ENSG00000116147,0.1745846,0.0,1
ENSG00000224259_1,0.08312193,0.0,1
ENSG00000233079,0.0838762,0.0,1
ENSG00000225206_2,0.08839323,0.0,1
ENSG00000117122,0.23819688,0.78938323,1
ENSG00000099260,0.68375295,0.0,1
ENSG00000290842,2.1665246,1.6328317,1
ENSG00000131788,1.7236251,1.8015271,1
ENSG00000162365,0.16649748,0.0,1
ENSG00000287756,1.6811589,2.7640505,1
ENSG00000143337_2,2.6606731,2.7090282,1
ENSG00000057468,0.85718983,1.6831372,1
ENSG00000162873_1,0.34234852,0.0,1
ENSG00000010165,2.252881,2.0620177,1
ENSG00000249087_1,2.5759702,1.3705539,1
ENSG00000173641,0.69097304,0.944384,1
ENSG00000117448,2.2295573,2.5429375,1
ENSG00000179546,1.4645482,1.1211658,1
ENSG00000284882,2.1750472,0.0,1
ENSG00000092847,0.89898235,0.0,1
ENSG00000125462_1,0.7639086,1.0343878,1
ENSG00000203747,0.18682759,0.0,1
ENSG00000007908,0.024555555,0.0,1
ENSG00000009709_1,0.67872113,1.1331235,1
ENSG00000137968,0.03254883,0.0,1
ENSG00000183386,1.7541776,1.7478156,1
ENSG00000188807,2.1924574,1.6169479,1
ENSG00000024526,2.0332494,2.629867,1
ENSG00000168710_1,2.4006991,1.6468741,1
ENSG00000225675,1.6488396,0.0,1
ENSG00000154358_1,0.6621114,1.0489078,1
ENSG00000132680,2.2908475,2.660224,1
ENSG00000079277_1,1.2725964,0.0,1
ENSG00000231648,0.04887436,0.0,1
ENSG00000123838,0.08559272,0.0,1
ENSG00000137996,2.0692215,3.071488,1
ENSG00000048707,2.0961535,1.6892289,1
ENSG00000162849,1.2387978,0.0,1
ENSG00000179639,0.026262065,0.0,1
ENSG00000213047_1,2.0545475,1.905526,1
ENSG00000143457,0.9447582,0.0,1
ENSG00000162843,0.04510875,0.0,1
ENSG00000143552,0.56238073,0.0,1
ENSG00000133069,1.5661538,1.6776069,1
ENSG00000130940,1.1052474,1.4993296,1
ENSG00000131233,0.056699738,0.0,1
ENSG00000162711,0.20467426,0.0,1
ENSG00000162946,1.1590198,0.0,1
ENSG00000121940,2.2935674,2.8461885,1
ENSG00000186891,0.7139326,1.5876772,1
ENSG00000077254,1.85282,2.6435611,1
ENSG00000233461,2.0465832,0.0,1
ENSG00000117586,0.111269206,0.0,1
ENSG00000203811,2.5239062,3.2275114,1
ENSG00000187017_1,1.4169438,1.4741871,1
ENSG00000158764,0.14752577,0.0,1
ENSG00000196482,0.09132664,0.0,1
ENSG00000198815,2.419703,0.0,1
ENSG00000143337,1.9671654,1.9208535,1
ENSG00000163479_1,1.1608368,2.764526,1
ENSG00000008118,0.12882708,0.0,1
ENSG00000143514_1,0.088033244,0.0,1
ENSG00000053371,2.4580371,2.8445692,1
ENSG00000158864_1,2.2989054,3.0810194,1
ENSG00000119535,0.3443812,0.0,1
ENSG00000142751,1.9648352,2.763075,1
ENSG00000228526_2,0.562025,1.6978307,1
ENSG00000134686_1,1.8129414,1.5923878,1
ENSG00000121933_1,0.1326514,0.0,1
ENSG00000187147,0.6284134,0.0,1
ENSG00000160712_1,1.3256761,1.7659739,1
ENSG00000162753,0.24150407,0.0,1
ENSG00000085831_3,0.9632013,1.0721028,1
ENSG00000118194_1,0.17479406,0.0,1
ENSG00000162517,2.5802853,2.7266507,1
ENSG00000272106,2.526518,2.0004296,1
ENSG00000158874_1,0.1650476,0.0,1
ENSG00000187147_1,2.5443916,2.616423,1
ENSG00000189337_1,1.8061134,2.1728072,1
ENSG00000117523_1,0.059815288,0.0,1
ENSG00000160752,2.545068,2.9670067,1
ENSG00000184588_2,0.052902486,0.0,1
ENSG00000097046_1,2.4248614,1.888926,1
ENSG00000160789_7,0.44712007,0.0,1
ENSG00000174059,0.8064378,1.4511107,1
ENSG00000187889,0.12664136,0.0,1
ENSG00000130770,2.2362993,3.9115336,1
ENSG00000207241,0.25681618,0.0,1
ENSG00000143437,1.9393718,2.2812426,1
ENSG00000173369,0.27900252,0.78504497,1
ENSG00000162688,1.5674661,0.0,1
ENSG00000097021_1,0.3913402,0.95631254,1
ENSG00000291137,0.26267102,0.0,1
ENSG00000143549_2,0.2398495,0.0,1
ENSG00000171492_1,1.7601882,2.2293773,1
ENSG00000117020_3,1.3367018,1.1089032,1
ENSG00000162910,2.2633836,0.0,1
ENSG00000143333,0.9146019,1.2798038,1
ENSG00000158022,0.40683323,0.0,1
ENSG00000228794,0.8878564,0.0,1
ENSG00000187180,0.09282909,0.0,1
ENSG00000197429,2.685714,1.8841097,1
ENSG00000116218,1.1105471,1.572244,1
ENSG00000169213,1.4164925,1.252489,1
ENSG00000116337_4,0.24457294,0.0,1
ENSG00000116679,2.626613,2.8642037,1
ENSG00000289881,1.5936776,1.2742734,1
ENSG00000126091,2.625048,2.4045258,1
ENSG00000171608,1.5502219,2.0468774,1
ENSG00000135821,2.5118175,2.1388392,1
ENSG00000178028,1.2794379,1.9904543,1
ENSG00000242485,2.4998662,3.4043102,1
ENSG00000223075,0.047253564,0.0,1
ENSG00000016602,0.05920367,0.0,1
ENSG00000153936,2.6349404,2.4246857,1
ENSG00000184588_4,0.12373711,0.0,1
ENSG00000215883,1.9762732,2.0297813,1
ENSG00000143393_1,1.8811731,2.4852529,1
ENSG00000117632,1.056149,0.0,1
ENSG00000199347,1.9518796,2.7521276,1
ENSG00000143384,2.412638,3.2708628,1
ENSG00000143190,2.5806634,2.3569736,1
ENSG00000116212_1,2.1861193,2.458381,1
ENSG00000117010,1.2512875,1.76369,1
ENSG00000266338,1.5473045,0.0,1
ENSG00000136630,1.422903,1.4865721,1
ENSG00000238279,0.50767857,0.0,1
ENSG00000116574,1.6251963,1.4933325,1
ENSG00000125462_2,1.4052037,1.8204774,1
ENSG00000224535,0.16914679,0.0,1
ENSG00000156097,0.14472106,0.0,1
ENSG00000203965,1.7383047,2.1186118,1
ENSG00000229258,0.29697227,0.0,1
ENSG00000170989,0.49291632,0.0,1
ENSG00000233203,2.196778,3.1976664,1
ENSG00000035687,2.6057394,3.0595105,1
ENSG00000162851,2.5579405,0.0,1
ENSG00000163877,1.9498436,2.6267908,1
ENSG00000060688,2.43544,3.1542656,1
ENSG00000116885,0.7464047,0.724112,1
ENSG00000244057,0.10814767,0.0,1
ENSG00000116455,2.2847672,2.626401,1
ENSG00000287338,0.17290749,0.0,1
ENSG00000219481,2.57008,2.3528576,1
ENSG00000272031,1.9570271,0.0,1
ENSG00000286600,0.34109882,0.7761925,1
ENSG00000158008,0.4208161,0.84992284,1
ENSG00000198691,0.08500513,0.0,1
ENSG00000116774_1,0.24137941,0.0,1
ENSG00000134250,1.902155,1.4568517,1
ENSG00000157933,1.8468205,1.6674529,1
ENSG00000163344,2.4739075,0.0,1
ENSG00000162594,0.07534678,0.0,1
ENSG00000058453,0.28713828,0.0,1
ENSG00000198160_1,2.3871317,2.5239024,1
ENSG00000187980,1.8722368,2.231951,1
ENSG00000240409,3.644845,4.121724,1
ENSG00000127603_3,0.13306035,0.0,1
ENSG00000066557,2.2173254,0.0,1
ENSG00000272145,2.7479055,2.8151126,1
ENSG00000131238,1.4344877,3.000149,1
ENSG00000174827,0.15961727,0.0,1
ENSG00000232537,0.12636317,0.0,1
ENSG00000178104,0.83551174,1.5771585,1
ENSG00000249087,2.8138943,1.9634572,1
ENSG00000265808,1.7940363,3.124765,1
ENSG00000143858,0.89403135,0.0,1
ENSG00000179163,1.9064764,1.7891716,1
ENSG00000172456,2.1040356,1.8347385,1
ENSG00000291135,0.077539,0.0,1
ENSG00000281406,0.61315984,1.203604,1
ENSG00000136628,2.3656673,3.3825788,1
ENSG00000142583,0.07670966,0.0,1
ENSG00000143515_1,1.1623694,1.2215707,1
ENSG00000158887_1,0.52288646,0.0,1
ENSG00000274020_1,1.6146823,0.0,1
ENSG00000162521,2.7673779,3.3441093,1
ENSG00000143228,2.0798059,2.8591394,1
ENSG00000067606,1.6318604,1.5419784,1
ENSG00000123685,1.7184337,1.5708348,1
ENSG00000186603,1.2224783,1.4147729,1
ENSG00000116544,1.6784264,1.6045284,1
ENSG00000260088,2.5055175,2.0600932,1
ENSG00000224174,0.53082186,0.0,1
ENSG00000116698,2.7176082,2.5708604,1
ENSG00000143702_1,1.903926,0.0,1
ENSG00000162415,1.7332195,1.668563,1
ENSG00000222222,0.40430853,0.0,1
ENSG00000163873,1.7020139,1.689806,1
ENSG00000143297,0.08997675,0.0,1
ENSG00000227764,0.17747207,0.0,1
ENSG00000243710,1.8397532,1.2419249,1
ENSG00000263513,2.406402,0.0,1
ENSG00000132122_2,1.1320153,0.0,1
ENSG00000163485_2,0.097164646,0.0,1
ENSG00000160789_5,0.78587526,1.550336,1
ENSG00000134248,2.3450148,2.98898,1
ENSG00000230461,0.19644445,0.0,1
ENSG00000117834,0.15932022,0.0,1
ENSG00000157060,1.3023444,1.4239664,1
ENSG00000116521_2,1.6032904,3.0738869,1
ENSG00000178585,2.4353695,2.414385,1
ENSG00000117625_1,1.830493,0.0,1
ENSG00000066294,0.28749868,0.0,1
ENSG00000227907,0.15271153,0.0,1
ENSG00000184908,0.34202477,0.0,1
ENSG00000293478,1.1267291,2.2670896,1
ENSG00000183114,1.3200611,1.3794506,1
ENSG00000157911,2.3663027,0.0,1
ENSG00000233482,-0.0052729915,0.0,1
ENSG00000188783,0.15445532,0.0,1
ENSG00000069702,1.961163,1.7273786,1
ENSG00000287516,0.06707285,0.0,1
ENSG00000266094,1.8457655,2.1845722,1
ENSG00000183682,1.7771945,1.562816,1
ENSG00000178104_1,0.8021879,1.373923,1
ENSG00000162654,0.14856137,0.0,1
ENSG00000287452,0.11696679,0.0,1
ENSG00000287684,0.06738512,0.0,1
ENSG00000116670_2,1.5849158,1.6091567,1
ENSG00000085433,2.2257237,1.9359051,1
ENSG00000082512,1.326209,1.8323811,1
ENSG00000157870,2.1477206,0.0,1
ENSG00000180667_1,2.0979173,0.0,1
ENSG00000185420,1.5450685,0.0,1
ENSG00000117475_1,1.6912459,1.762371,1
ENSG00000143401_1,2.068343,3.3039818,1
ENSG00000132781_1,2.59104,2.3450148,1
ENSG00000000457,2.4266992,2.0305188,1
ENSG00000180667,2.0409396,2.9555147,1
ENSG00000137944_1,2.290911,2.6569362,1
ENSG00000290867,1.3152105,0.0,1
ENSG00000202031,0.47221413,1.4613935,1
ENSG00000197785,2.5693958,3.1149077,1
ENSG00000121454,1.4160706,1.1191503,1
ENSG00000143786,0.13823612,0.0,1
ENSG00000213057,1.1328417,0.0,1
ENSG00000143179_2,0.14771082,0.0,1
ENSG00000143320,0.8438372,0.0,1
ENSG00000243725,1.3337972,0.0,1
ENSG00000286219,1.8890866,2.1875489,1
ENSG00000041988,1.3088522,2.0812032,1
ENSG00000143515,1.794443,1.9596566,1
ENSG00000116761,2.0161479,2.688563,1
ENSG00000066136_1,2.8629575,2.153949,1
ENSG00000090104,0.033707485,0.0,1
ENSG00000188859,1.6737374,1.7705796,1
ENSG00000010072,2.6017444,2.037793,1
ENSG00000182827,2.167942,3.1521232,1
ENSG00000162545_1,1.4982158,1.7192235,1
ENSG00000116830,2.1695228,2.1634238,1
ENSG00000143442,1.7090336,2.0969794,1
ENSG00000132906,2.6105053,2.5900745,1
ENSG00000117601,0.16756189,0.0,1
ENSG00000157933_1,0.44743976,0.0,1
ENSG00000117152,0.102432534,0.0,1
ENSG00000188643,0.49278006,1.2525375,1
ENSG00000162676_1,1.1005231,1.4705869,1
ENSG00000142875_3,0.0030278661,0.0,1
ENSG00000230630,0.11406988,0.0,1
ENSG00000117682,2.1601713,1.9531603,1
ENSG00000168528_1,1.6325963,1.7943138,1
ENSG00000173726,2.5924869,3.4743562,1
ENSG00000142621_1,0.73361397,0.0,1
ENSG00000201558,2.3242967,2.272415,1
ENSG00000186007,0.06401399,0.0,1
ENSG00000215784,2.4739022,2.8172777,1
ENSG00000134255_1,2.3778348,2.8236027,1
ENSG00000171612,2.4766161,2.5280988,1
ENSG00000142945_1,0.17744006,0.0,1
ENSG00000174307,1.582465,2.0386202,1
ENSG00000049239,2.218088,1.8560821,1
ENSG00000134375,2.6235135,3.2407887,1
ENSG00000162739,0.3291354,0.0,1
ENSG00000117724,2.337129,3.0136209,1
ENSG00000174371,2.3973517,0.0,1
ENSG00000133019_2,0.018473258,0.0,1
ENSG00000162769,2.428986,2.3347974,1
ENSG00000189409,1.2775639,0.0,1
ENSG00000185155,1.7281669,1.4511721,1
ENSG00000142657,2.5480082,3.398617,1
ENSG00000236021_1,1.9471337,1.6265395,1
ENSG00000160789_4,2.262542,3.238026,1
ENSG00000117632_1,1.6680052,0.0,1
ENSG00000134249,0.26481643,0.0,1
ENSG00000162909_2,0.20062761,0.0,1
ENSG00000174332_1,1.7546315,1.6221,1
ENSG00000117016_1,1.2346555,0.0,1
ENSG00000197520,0.07400136,1.8597926,1
ENSG00000173614,2.0304234,0.0,1
ENSG00000143748,2.1635063,0.0,1
ENSG00000269934,1.5381912,1.6414443,1
ENSG00000284188,1.3055029,1.6720054,1
ENSG00000117713,2.582338,2.542315,1
ENSG00000163159,1.5528895,2.3365297,1
ENSG00000199377,1.8207015,0.0,1
ENSG00000187010,0.8405224,2.5380015,1
ENSG00000250734,0.4084579,1.0368284,1
ENSG00000159166_2,0.8286692,1.570858,1
ENSG00000143486,1.9737881,0.0,1
ENSG00000162407,0.92803055,1.8327643,1
ENSG00000143850,0.15859509,0.0,1
ENSG00000198837,1.9225146,2.2255936,1
ENSG00000290569,1.2321156,0.0,1
ENSG00000116478,2.4941638,3.0901592,1
ENSG00000142784,2.193465,0.0,1
ENSG00000143162,2.110609,3.2533162,1
ENSG00000238107,2.204333,0.0,1
ENSG00000143179_1,2.4461634,2.3689969,1
ENSG00000291137_1,2.3387668,0.0,1
ENSG00000185104,2.5645804,3.0319333,1
ENSG00000234593,0.41369727,2.3153782,1
ENSG00000232093,2.040003,2.0245225,1
ENSG00000162819,2.5330465,2.67799,1
ENSG00000170498,0.24892272,0.7579424,1
ENSG00000243709,0.5891724,0.0,1
ENSG00000163154,0.19552274,0.0,1
ENSG00000122406,2.2135446,4.0250354,1
ENSG00000186501,2.331794,0.0,1
ENSG00000152092,0.5745786,1.1899673,1
ENSG00000058804,2.3411012,2.7245314,1
ENSG00000162745_2,1.043777,1.4318299,1
ENSG00000064886,0.10209925,0.0,1
ENSG00000196188,0.20161875,0.0,1
ENSG00000226026,2.0421805,0.0,1
ENSG00000237330,0.5506689,0.0,1
ENSG00000117020_1,1.7542144,1.4178867,1
ENSG00000064703_1,2.454928,2.4937494,1
ENSG00000162695,1.7878679,2.4751682,1
ENSG00000197568,2.2305176,0.0,1
ENSG00000162736_1,0.14271973,0.0,1
ENSG00000142920,1.1145582,0.0,1
ENSG00000198049,1.0508355,0.0,1
ENSG00000226835,1.2945058,0.0,1
ENSG00000134240,0.15929244,0.0,1
ENSG00000025800_1,0.2425999,0.0,1
ENSG00000286172,2.0934706,2.1327462,1
ENSG00000117411,2.0378861,2.247556,1
ENSG00000131791,2.192329,1.840965,1
ENSG00000142765,0.5113698,0.0,1
ENSG00000230426,0.33920535,0.0,1
ENSG00000230285,0.105645046,0.0,1
ENSG00000121766,2.3743691,3.0009675,1
ENSG00000159388,2.5010087,2.8277576,1
ENSG00000271380,2.4904552,1.5750377,1
ENSG00000159176,1.290566,2.3254602,1
ENSG00000185842_1,0.027640408,1.2295283,1
ENSG00000162599_3,0.07465145,0.0,1
ENSG00000162618_1,0.02043424,0.0,1
ENSG00000117016,1.4616674,0.0,1
ENSG00000162374_2,0.067198426,0.0,1
ENSG00000116898,2.5257833,3.2342007,1
ENSG00000119280_1,1.1421511,1.230934,1
ENSG00000163565_2,0.10900434,0.0,1
ENSG00000117020_2,1.7704483,0.0,1
ENSG00000116459,1.6954118,2.5580447,1
ENSG00000116824,0.07870795,0.0,1
ENSG00000188931,0.070831776,0.0,1
ENSG00000137941,1.6037086,1.8753449,1
ENSG00000075391,1.7985257,1.3362796,1
ENSG00000162825,1.7423896,0.0,1
ENSG00000009307,2.4782622,3.7708697,1
ENSG00000201801,1.3628836,2.4697366,1
ENSG00000162873_2,0.28357205,0.0,1
ENSG00000162600,1.9248908,2.398636,1
ENSG00000163239_1,1.2295011,0.0,1
ENSG00000171492_2,0.91271406,0.92577606,1
ENSG00000116251_2,1.4069427,2.3165407,1
ENSG00000236427_1,0.052114967,0.0,1
ENSG00000162510,0.6075084,1.6284155,1
ENSG00000123080,2.5102909,2.4662595,1
ENSG00000143771,1.5807177,2.448049,1
ENSG00000116584_5,0.2160052,0.0,1
ENSG00000000938,0.20680888,0.0,1
ENSG00000137936_2,1.4002886,1.5577357,1
ENSG00000117394_1,2.4134796,3.2006617,1
ENSG00000156876,2.037915,0.0,1
ENSG00000162894_1,0.14758138,0.0,1
ENSG00000142867,2.198798,2.5023725,1
ENSG00000187583,1.536434,1.32255,1
ENSG00000189337,1.6228634,1.2976468,1
ENSG00000230461_1,0.513556,1.3471934,1
ENSG00000291234,0.99419796,0.0,1
ENSG00000198400,0.314857,0.0,1
ENSG00000162520,1.4268831,0.0,1
ENSG00000274428,1.7887588,0.0,1
ENSG00000221986,0.93490773,0.0,1
ENSG00000204160_1,0.2510672,1.0536162,1
ENSG00000201317,0.07743944,0.0,1
ENSG00000272865,0.03353942,0.0,1
ENSG00000143437_1,1.9065751,2.3906367,1
ENSG00000094963,0.0357465,0.0,1
ENSG00000181873,2.683943,2.1333792,1
ENSG00000197989,2.5140414,3.17588,1
ENSG00000154027_2,0.35629687,0.0,1
ENSG00000134262,2.4453983,1.2771735,1
ENSG00000160062,1.4364449,1.7701006,1
ENSG00000233290,-0.0050486545,0.0,1
ENSG00000143514_2,2.6226366,2.5273128,1
ENSG00000117115,0.15840311,0.0,1
ENSG00000132692,1.4051439,1.7248491,1
ENSG00000184371_2,2.0939624,1.6639646,1
ENSG00000160741,0.21807092,0.0,1
ENSG00000117450_1,0.12513351,0.0,1
ENSG00000184588_5,0.05025799,0.0,1
ENSG00000198841,1.8676122,2.2421985,1
ENSG00000142621_3,0.3395788,0.0,1
ENSG00000180098,2.007365,0.0,1
ENSG00000197880,0.25069597,0.0,1
ENSG00000143469_1,1.5767792,1.2403744,1
ENSG00000152061_2,0.06617139,0.0,1
ENSG00000143815,2.6687472,3.2060862,1
ENSG00000163468_1,2.3038394,3.6001656,1
ENSG00000137936_3,0.08406071,0.0,1
ENSG00000158481,0.057246488,0.0,1
ENSG00000176092,0.39794937,0.0,1
ENSG00000231666,0.16964585,0.0,1
ENSG00000182901,1.4293677,1.8394152,1
ENSG00000160097,1.4622838,1.678154,1
ENSG00000159023,2.0015662,0.0,1
ENSG00000116701,0.13966854,0.0,1
ENSG00000203910,0.39025018,0.0,1
ENSG00000163362,0.22612245,0.0,1
ENSG00000196189,0.24245548,0.0,1
ENSG00000230628,0.20096107,0.0,1
ENSG00000067606_2,0.2976884,0.0,1
ENSG00000180198,2.1603224,3.7473457,1
ENSG00000286389,1.2604584,0.0,1
ENSG00000117298_2,0.1459677,0.0,1
ENSG00000162777,0.24988131,0.0,1
ENSG00000120333,0.25505522,0.8461515,1
ENSG00000133065,2.1759028,2.115747,1
ENSG00000121905_1,1.2115442,1.1211658,1
ENSG00000163875,2.5703642,2.9008896,1
ENSG00000162783,2.4786267,2.5039403,1
ENSG00000189334,0.31722084,0.0,1
ENSG00000198756,1.6763318,2.3907409,1
ENSG00000143774,2.8739402,3.0573046,1
ENSG00000060656_1,0.700432,0.0,1
ENSG00000117616_1,2.6998787,2.9631472,1
ENSG00000134369_2,0.09335682,0.76261854,1
ENSG00000119280_2,0.15516593,0.0,1
ENSG00000117481,2.3943174,2.3377187,1
ENSG00000160710_1,0.9639551,0.0,1
ENSG00000116668,2.1706684,1.3398885,1
ENSG00000158828,1.9010022,2.0701487,1
ENSG00000172380,1.4427003,0.0,1
ENSG00000221040,0.120092854,0.0,1
ENSG00000228063,1.9504684,0.0,1
ENSG00000183726,2.6083934,3.4122825,1
ENSG00000085831,0.34140596,0.82673544,1
ENSG00000162772,2.4053402,0.0,1
ENSG00000120948,2.6943288,3.2261176,1
ENSG00000160097_1,0.4216188,0.0,1
ENSG00000197106,1.5114088,1.5876436,1
ENSG00000116584,0.5239518,0.0,1
ENSG00000174502,0.14924836,0.0,1
ENSG00000000938_1,0.20262264,0.0,1
ENSG00000143553,1.5745054,2.1620862,1
ENSG00000143799_1,2.2177918,3.27771,1
ENSG00000117322,1.3518897,1.2699564,1
ENSG00000158715,1.6640965,1.634064,1
ENSG00000159023_1,2.3279855,2.5637302,1
ENSG00000133056,1.4038109,1.7415613,1
ENSG00000152763,0.05119323,0.0,1
ENSG00000162728,0.14249785,0.0,1
ENSG00000000971,0.24753474,0.0,1
ENSG00000163239,1.5687786,1.4846983,1
ENSG00000186409,0.4600589,0.0,1
ENSG00000064703_2,2.5329356,2.450423,1
ENSG00000187017,1.6731675,1.9309236,1
ENSG00000127124_1,0.16352381,0.0,1
ENSG00000143157,2.3894002,2.417289,1
ENSG00000179051_1,1.916616,2.6505213,1
ENSG00000163399,2.4119132,3.1101687,1
ENSG00000180287,0.1337605,0.0,1
ENSG00000117600_1,0.58152026,1.4348211,1
ENSG00000082497_1,0.12328772,0.0,1
ENSG00000162670_1,0.08880064,0.0,1
ENSG00000131781_2,2.1552331,2.7645102,1
ENSG00000131697,2.4821637,2.2810583,1
ENSG00000171786,0.3963853,0.0,1
ENSG00000223745,2.454947,2.3716977,1
ENSG00000066185,0.56838566,0.0,1
ENSG00000203786,0.08275527,0.0,1
ENSG00000116663,2.1462524,2.1846232,1
ENSG00000178104_3,1.7846851,2.330637,1
ENSG00000224616,2.094,1.5326397,1
ENSG00000279430,0.433414,0.0,1
ENSG00000203852,2.4775462,3.8086774,1
ENSG00000288825,2.6340735,3.9249787,1
ENSG00000134215_1,1.5062047,1.4714677,1
ENSG00000244020,0.39125624,1.1560643,1
ENSG00000143207,2.4231887,2.5569632,1
ENSG00000054267,2.2922194,0.9876216,1
ENSG00000158887,1.3836602,1.7213076,1
ENSG00000132849,1.5827819,1.5110407,1
ENSG00000074800,0.25668162,1.5715691,1
ENSG00000143753_1,2.2040744,1.1026394,1
ENSG00000135778,1.3503307,2.2310386,1
ENSG00000143669_1,0.05751171,0.0,1
ENSG00000143418_1,2.2705138,0.0,1
ENSG00000160714,2.3728385,2.1273088,1
ENSG00000162923_1,0.090515286,0.0,1
ENSG00000132849_1,0.05636941,0.0,1
ENSG00000131236_1,2.6331606,2.6967163,1
ENSG00000272426,2.3156915,0.9792478,1
ENSG00000233791_1,2.4007177,0.0,1
ENSG00000263528,0.4029595,1.0743043,1
ENSG00000090432,1.4961265,0.0,1
ENSG00000171680_2,0.75952077,1.1795806,1
ENSG00000153207,2.5203753,2.7028887,1
