,Pred,actual,fold_idx
ENSG00000133275_1,0.8421443,0.89298457,10
ENSG00000104938,0.1500704,0.0,10
ENSG00000065989_1,0.59848374,1.0698012,10
ENSG00000268500,0.3562846,0.0,10
ENSG00000147697,0.09987293,0.0,10
ENSG00000105048_1,0.13786379,0.0,10
ENSG00000120910,2.5639353,2.10631,10
ENSG00000254858,2.3390446,2.5531545,10
ENSG00000169946,1.5957057,2.8680093,10
ENSG00000125656_1,0.7708383,0.0,10
ENSG00000129932,0.35513678,0.0,10
ENSG00000090006,1.6707199,0.0,10
ENSG00000179632,2.605668,2.6372995,10
ENSG00000184374,0.0028119758,0.0,10
ENSG00000104866_1,2.5835884,2.1924727,10
ENSG00000188785,2.037141,1.0441084,10
ENSG00000185453,2.169188,1.2613105,10
ENSG00000231412,0.09287289,0.0,10
ENSG00000099624,2.4664025,3.7279696,10
ENSG00000214456,1.2241604,0.0,10
ENSG00000127903,0.87010086,1.0919482,10
ENSG00000273111,0.4489647,0.0,10
ENSG00000076554,0.05359492,0.0,10
ENSG00000170892,2.779347,1.8830763,10
ENSG00000104969,2.4232035,2.87171,10
ENSG00000171051_1,0.13576432,0.0,10
ENSG00000186115,0.2734159,0.0,10
ENSG00000239839,0.11450447,0.0,10
ENSG00000131773,1.7484213,1.8196887,10
ENSG00000213339,1.6624613,0.0,10
ENSG00000167637,1.2016191,2.1013725,10
ENSG00000104774,0.6454782,0.0,10
ENSG00000129437,0.25544587,0.0,10
ENSG00000179271,2.0945816,3.2808263,10
ENSG00000196605,2.494251,1.5778937,10
ENSG00000076928_1,1.9269956,1.567224,10
ENSG00000104903_2,1.8144801,1.8304603,10
ENSG00000105202_3,2.0699024,0.0,10
ENSG00000293438,1.237848,0.0,10
ENSG00000159167,0.58729565,2.3559875,10
ENSG00000158856_6,1.7019529,1.6674529,10
ENSG00000272138,0.5869885,0.9351847,10
ENSG00000254119,0.03919726,0.0,10
ENSG00000105613,1.8768944,2.2192674,10
ENSG00000129696,1.3586128,1.9987997,10
ENSG00000180043,0.32916042,0.0,10
ENSG00000131115,0.5907968,0.9161907,10
ENSG00000142530_1,1.8758441,2.563018,10
ENSG00000104979,1.9390571,2.8956225,10
ENSG00000197813,0.7865936,1.3004433,10
ENSG00000167483,0.48627868,0.0,10
ENSG00000198363_2,0.066441745,0.0,10
ENSG00000137574,2.482686,0.0,10
ENSG00000198521_1,1.4035064,1.6510259,10
ENSG00000287134,0.15425608,0.0,10
ENSG00000197808,0.44814986,0.0,10
ENSG00000283555,0.00566091,0.6927941,10
ENSG00000170873,0.08414003,0.0,10
ENSG00000267575_1,2.2932374,2.0415978,10
ENSG00000105519,0.4378051,0.83071697,10
ENSG00000222501,0.19677213,4.9015403,10
ENSG00000121413,0.696389,0.0,10
ENSG00000105186,2.4253867,2.4880145,10
ENSG00000137561,1.3324091,1.8168045,10
ENSG00000176490,1.6891935,1.8707023,10
ENSG00000215262,0.0070183314,0.0,10
ENSG00000167604,1.3007097,0.0,10
ENSG00000131351,2.7809224,1.9890803,10
ENSG00000214248,2.656488,1.4238518,10
ENSG00000130165,2.2458906,0.0,10
ENSG00000159885,0.7153446,1.6085474,10
ENSG00000104231_1,1.9442406,2.011181,10
ENSG00000131408,1.1337452,0.0,10
ENSG00000141854,2.0836165,2.149927,10
ENSG00000120526,2.4544625,2.7589383,10
ENSG00000167468,2.6079159,3.708313,10
ENSG00000168484,0.22974163,0.0,10
ENSG00000129422,0.110450774,0.0,10
ENSG00000142546_1,1.2618802,0.0,10
ENSG00000168615_1,0.27658707,0.0,10
ENSG00000250305_1,1.5021478,1.2827218,10
ENSG00000310521,0.96668047,1.4943216,10
ENSG00000253893_1,1.890974,0.0,10
ENSG00000092964,0.22510228,0.0,10
ENSG00000011422_1,0.6141556,1.7576996,10
ENSG00000130332,2.324127,0.0,10
ENSG00000158669,2.3931775,2.293106,10
ENSG00000288041,0.011857461,0.0,10
ENSG00000156675,2.4226942,2.7028103,10
ENSG00000104957_1,2.3357127,0.0,10
ENSG00000166770,0.7188613,1.2509809,10
ENSG00000032444_1,0.37657034,0.0,10
ENSG00000104881,1.1431293,0.0,10
ENSG00000158856_4,0.81702644,1.2215551,10
ENSG00000130751_1,0.387125,0.0,10
ENSG00000197857,1.394424,0.0,10
ENSG00000130876,1.0944701,1.2977387,10
ENSG00000124444_1,2.5201461,0.0,10
ENSG00000228862,0.54237294,0.0,10
ENSG00000169021,2.3323708,3.1644628,10
ENSG00000187912,0.13574694,0.0,10
ENSG00000166359,0.73759997,0.0,10
ENSG00000169122_1,0.10993452,0.0,10
ENSG00000071564,2.5863733,3.0647686,10
ENSG00000169139,2.455731,3.2183228,10
ENSG00000187994_1,0.53636694,0.0,10
ENSG00000197446,0.13114065,0.0,10
ENSG00000064932_2,0.49934462,1.3374991,10
ENSG00000123136_1,2.6675086,2.8784213,10
ENSG00000125505,2.434933,2.2968647,10
ENSG00000130726,2.4469295,3.09572,10
ENSG00000204949,0.21628258,0.0,10
ENSG00000261437,0.63523924,1.2539434,10
ENSG00000167461,2.516323,2.764728,10
ENSG00000253678,0.35379812,0.0,10
ENSG00000035681,0.22471172,0.0,10
ENSG00000064961_1,2.2724872,2.194692,10
ENSG00000231924,0.052781392,0.0,10
ENSG00000287467,0.1406871,0.0,10
ENSG00000186529_1,0.43422154,0.0,10
ENSG00000007129,0.053911947,0.0,10
ENSG00000105323_2,1.7658334,0.0,10
ENSG00000268621,0.18679541,1.2372873,10
ENSG00000198791,2.018424,0.99576676,10
ENSG00000252067,0.13230251,0.0,10
ENSG00000158941_1,2.2734709,1.9920762,10
ENSG00000060558,0.30004486,0.8499719,10
ENSG00000142530,1.8750134,0.0,10
ENSG00000253138_2,0.14417769,0.0,10
ENSG00000171119,1.5715961,1.6426228,10
ENSG00000174951,1.4777056,0.0,10
ENSG00000003989,1.5114597,1.8440048,10
ENSG00000099785,1.620127,0.0,10
ENSG00000085872_1,2.4339993,3.0741067,10
ENSG00000180190_1,1.1582829,1.551811,10
ENSG00000255491_2,0.13842244,0.6095304,10
ENSG00000267169,2.7496707,0.0,10
ENSG00000104237,0.02564245,0.0,10
ENSG00000197140,0.6195044,0.9097164,10
ENSG00000189144_1,0.7208747,0.0,10
ENSG00000180089,0.44239673,1.1688509,10
ENSG00000167757,0.614374,1.4917117,10
ENSG00000104774_1,1.1701593,2.1560795,10
ENSG00000105750,0.5934467,1.441648,10
ENSG00000248538_1,0.33867702,0.0,10
ENSG00000253729,0.27039424,1.177825,10
ENSG00000254288,0.057597175,0.0,10
ENSG00000171316,2.195573,2.2196553,10
ENSG00000161681,1.2439408,1.7420099,10
ENSG00000157110,1.4819019,1.4660368,10
ENSG00000198453,0.6598155,0.0,10
ENSG00000090659,0.16450752,0.0,10
ENSG00000104885,2.537434,2.8980722,10
ENSG00000104325,2.2828805,3.012694,10
ENSG00000214046,2.3342197,2.8549445,10
ENSG00000267710,0.12127577,0.0,10
ENSG00000104321,0.9357593,0.0,10
ENSG00000147649,2.5534337,3.0647461,10
ENSG00000207215,0.07167545,0.0,10
ENSG00000164983,2.2101426,2.1110272,10
ENSG00000079805,2.430451,2.8804648,10
ENSG00000039987,0.23924142,0.0,10
ENSG00000177257,0.031104758,0.0,10
ENSG00000187994,0.7987954,0.0,10
ENSG00000197128,0.9142346,1.554077,10
ENSG00000164733,0.34291002,0.0,10
ENSG00000186026,0.3269265,0.9503843,10
ENSG00000127533,2.0615582,2.082674,10
ENSG00000128000,0.73421663,1.8663523,10
ENSG00000164830,1.8218026,1.4614685,10
ENSG00000064545,1.5512081,0.0,10
ENSG00000130816,0.15177432,0.0,10
ENSG00000141837_3,0.3095446,0.0,10
ENSG00000006016,1.4689419,1.8940667,10
ENSG00000141933,2.818726,2.3038352,10
ENSG00000040341,-0.0018347688,0.0,10
ENSG00000127220,1.9460988,1.7692221,10
ENSG00000104299,1.065119,0.0,10
ENSG00000155100,2.3138952,2.618964,10
ENSG00000253161_4,0.11487959,0.0,10
ENSG00000105352,0.22049484,0.0,10
ENSG00000250067,0.57347953,1.1271696,10
ENSG00000166704,1.4233754,1.5286982,10
ENSG00000176406_1,1.046738,1.0319172,10
ENSG00000221983_1,2.706205,3.6400719,10
ENSG00000141905_3,0.33751783,0.0,10
ENSG00000173581_1,2.2287478,2.1204522,10
ENSG00000133872,2.090135,0.0,10
ENSG00000198010,1.6192929,1.3806453,10
ENSG00000034239,0.7072143,0.0,10
ENSG00000197050,1.7956392,0.0,10
ENSG00000090554_1,0.7492478,1.1466551,10
ENSG00000105221_2,2.748586,2.6042585,10
ENSG00000161249_2,0.60142833,0.0,10
ENSG00000104635,2.0506687,2.1771438,10
ENSG00000160994,0.8702957,1.3031096,10
ENSG00000197380,2.1685648,1.7696726,10
ENSG00000196081,0.61783594,1.8641561,10
ENSG00000105402_2,2.6056914,2.7284513,10
ENSG00000130255,2.349274,3.7983716,10
ENSG00000229140_1,0.041204512,0.0,10
ENSG00000105143,1.474468,1.7696358,10
ENSG00000131037_1,2.303216,0.0,10
ENSG00000176472_1,1.7957063,0.0,10
ENSG00000185198,0.46213847,0.9707652,10
ENSG00000205882,0.070289016,0.0,10
ENSG00000120913_1,1.5841426,1.5722907,10
ENSG00000158815,0.48592475,1.1777961,10
ENSG00000180155,1.2001761,1.0488766,10
ENSG00000198093,0.7917369,2.2519057,10
ENSG00000142273,0.68042386,0.0,10
ENSG00000213638,2.6495671,2.780065,10
ENSG00000221914,2.1578965,2.9257143,10
ENSG00000168522_1,2.6611817,2.0892336,10
ENSG00000293171,0.68122894,1.3554707,10
ENSG00000187650,2.1883879,0.0,10
ENSG00000120913_4,0.8573327,1.1273252,10
ENSG00000278129,2.512138,2.1946726,10
ENSG00000147457,0.14314255,0.0,10
ENSG00000064932_1,0.36810544,0.0,10
ENSG00000080031_1,0.69880354,0.0,10
ENSG00000160352,2.0625777,0.0,10
ENSG00000089327,2.1045144,3.626751,10
ENSG00000173137,2.2661607,0.0,10
ENSG00000104728,1.6294932,1.8010949,10
ENSG00000064932,0.8337442,1.5532761,10
ENSG00000147316,2.0166473,2.6377988,10
ENSG00000182986_1,2.317998,2.3412485,10
ENSG00000169154,0.1814416,0.0,10
ENSG00000167904,2.5790372,2.4440713,10
ENSG00000185803_1,2.1853175,2.2225604,10
ENSG00000188283_1,2.1896915,1.7660125,10
ENSG00000292982,2.5245597,2.6118996,10
ENSG00000105176,0.15833241,0.8682917,10
ENSG00000008441_3,0.9926885,1.1830989,10
ENSG00000180938,0.7895028,1.4357806,10
ENSG00000076826,1.6917398,1.9224348,10
ENSG00000147536,2.3558564,2.1973577,10
ENSG00000104967_1,0.64394826,1.1485101,10
ENSG00000205138,2.4400692,2.5327034,10
ENSG00000105327,2.1019034,2.5195076,10
ENSG00000104341,2.2913733,3.2932696,10
ENSG00000165084,1.1693821,1.4926068,10
ENSG00000147548,2.4944139,2.4340577,10
ENSG00000070718,2.1419888,2.0747142,10
ENSG00000221818_1,0.45099708,0.0,10
ENSG00000072062_1,2.1327176,2.8707416,10
ENSG00000130529_1,1.167451,1.7981118,10
ENSG00000085872,2.3643806,1.6957443,10
ENSG00000178125,0.74101526,0.0,10
ENSG00000197265_1,2.4064684,2.7891011,10
ENSG00000196267,0.49722666,0.99029446,10
ENSG00000187955,0.08602996,0.0,10
ENSG00000196357_1,2.7740672,1.9243517,10
ENSG00000099866,2.3623855,1.4238845,10
ENSG00000066827,0.24305163,0.0,10
ENSG00000164830_1,0.026028406,0.0,10
ENSG00000283567,0.43200907,0.0,10
ENSG00000167646_1,1.8847537,1.1706723,10
ENSG00000253729_2,1.6846247,3.387847,10
ENSG00000007306,0.058523607,1.0167409,10
ENSG00000105538,0.38324562,1.0629804,10
ENSG00000253799,0.36538497,0.0,10
ENSG00000164743,0.28378487,0.0,10
ENSG00000142405,0.17959777,0.9592323,10
ENSG00000104472,2.659886,2.9524002,10
ENSG00000104660,2.2331083,2.7080986,10
ENSG00000133878,0.7758124,1.4864872,10
ENSG00000070756_3,2.1948798,4.3444433,10
ENSG00000196337,0.49548522,0.0,10
ENSG00000223547,1.4095399,1.7691557,10
ENSG00000137573_1,0.32683197,0.0,10
ENSG00000104859_1,2.0663939,0.0,10
ENSG00000126254,2.1490943,0.0,10
ENSG00000186017_1,1.2997241,1.9031986,10
ENSG00000178093,1.0102028,1.1331235,10
ENSG00000197928,0.49070618,0.0,10
ENSG00000164749,0.0018612929,0.0,10
ENSG00000064547,1.3636103,0.0,10
ENSG00000176731,1.4401917,0.0,10
ENSG00000186431,0.064150915,0.0,10
ENSG00000254251,0.022013705,0.0,10
ENSG00000234906,0.2237986,0.0,10
ENSG00000253557_1,0.13656314,0.0,10
ENSG00000176406_2,0.0075509734,0.0,10
ENSG00000243207,2.4428384,2.2586372,10
ENSG00000133742,0.055371754,0.0,10
ENSG00000185730,2.4102607,1.8965153,10
ENSG00000293247,0.4036586,0.8755011,10
ENSG00000168995,0.18698883,0.0,10
ENSG00000006712,2.6946125,2.6576772,10
ENSG00000105443,2.4453068,2.6241965,10
ENSG00000104904,2.4109406,3.9128919,10
ENSG00000105679,0.6556988,1.0392555,10
ENSG00000105376,2.3411245,2.8259451,10
ENSG00000253926_1,0.15028495,0.0,10
ENSG00000173281_1,1.3272021,0.81050134,10
ENSG00000267751,0.82414234,2.0955808,10
ENSG00000011451_1,0.5525092,1.188197,10
ENSG00000120533,2.3554885,3.4220002,10
ENSG00000147689,0.34702504,0.0,10
ENSG00000160505,0.18249193,0.0,10
ENSG00000253230_2,0.5447553,1.4454329,10
ENSG00000105641,0.6916776,1.2699797,10
ENSG00000105672,1.447371,1.6731223,10
ENSG00000125498,0.12673254,0.0,10
ENSG00000105131,1.3184203,1.8844554,10
ENSG00000032444,0.5292037,0.0,10
ENSG00000155096,2.4671361,3.3675628,10
ENSG00000253196,0.24425688,0.7189996,10
ENSG00000141971_1,0.7364675,0.0,10
ENSG00000129422_1,0.22720599,0.0,10
ENSG00000228300,2.836329,3.0464678,10
ENSG00000167595,2.2572873,2.219739,10
ENSG00000007047,1.604975,2.231574,10
ENSG00000040341_1,2.2413075,2.587391,10
ENSG00000011132,2.0640757,1.9593754,10
ENSG00000178814,2.3235655,0.0,10
ENSG00000170949,1.9929844,2.6463625,10
ENSG00000267058,1.216249,0.0,10
ENSG00000225975,1.7530384,1.6322143,10
ENSG00000286449,0.5086466,0.0,10
ENSG00000204839,1.4457054,1.6352425,10
ENSG00000125744_1,1.6724634,1.8906893,10
ENSG00000187664,0.4226006,1.1917583,10
ENSG00000133872_1,2.6084018,2.8512833,10
ENSG00000105229,2.3835988,0.0,10
ENSG00000253227,0.1557725,0.0,10
ENSG00000105321,2.3939657,2.563595,10
ENSG00000130208_1,0.9222248,2.4209635,10
ENSG00000141968,0.91067237,0.0,10
ENSG00000164808_1,0.11195655,0.0,10
ENSG00000074219_1,0.3661624,0.0,10
ENSG00000089335,1.0373023,1.5495428,10
ENSG00000063176_1,0.28313962,0.0,10
ENSG00000105281,1.0313293,0.0,10
ENSG00000186204,0.1293466,0.0,10
ENSG00000129691,2.850892,2.4978416,10
ENSG00000134020,0.2663963,0.0,10
ENSG00000167565,2.6119437,2.2515848,10
ENSG00000184428_1,1.3795059,0.0,10
ENSG00000268655,0.77246463,0.0,10
ENSG00000251369,0.9555797,1.9637406,10
ENSG00000147684,1.8526006,3.7908254,10
ENSG00000185053,0.014212932,0.74374485,10
ENSG00000268516,2.4587588,2.224911,10
ENSG00000104825,2.2019498,2.3464625,10
ENSG00000269858,2.7145653,2.5179503,10
ENSG00000226763,0.28716388,0.0,10
ENSG00000171903_1,0.23493092,0.0,10
ENSG00000134028,-0.005128175,0.0,10
ENSG00000125755,2.1195521,2.6388047,10
ENSG00000180884,1.3551899,1.903524,10
ENSG00000181790,1.5634065,1.9977226,10
ENSG00000125746,1.6661481,0.0,10
ENSG00000132000_1,0.3932859,0.0,10
ENSG00000130167,0.32072952,0.0,10
ENSG00000188321,1.91064,1.9175948,10
ENSG00000168619,0.35415366,0.0,10
ENSG00000255974,0.15506028,0.0,10
ENSG00000160013,0.37273443,0.0,10
ENSG00000185803_2,1.4200001,0.0,10
ENSG00000221983,2.6146576,3.8707023,10
ENSG00000070501,1.5710227,0.0,10
ENSG00000105204,1.866818,1.6456482,10
ENSG00000108107,2.5149899,4.606044,10
ENSG00000167608,0.26720423,0.0,10
ENSG00000188505,1.1741214,1.6611024,10
ENSG00000176406_3,0.046477385,0.0,10
ENSG00000129422_3,0.018100183,0.0,10
ENSG00000186017,2.2957993,1.7202834,10
ENSG00000267777,0.024030376,0.0,10
ENSG00000157168_1,1.5200429,1.6748612,10
ENSG00000268964,0.21209365,0.0,10
ENSG00000180448_1,1.7371471,1.3212876,10
ENSG00000126249,2.2254753,2.3986638,10
ENSG00000254027,0.46174094,1.2524647,10
ENSG00000178297,0.36113623,0.0,10
ENSG00000156735,2.3354788,2.6105037,10
ENSG00000178209_2,1.8439274,1.8523275,10
ENSG00000253438_2,0.11348981,0.0,10
ENSG00000187902,0.8856841,1.1848447,10
ENSG00000196684,0.40910047,0.0,10
ENSG00000104219,1.8920528,1.9982985,10
ENSG00000104979_1,2.0413756,0.0,10
ENSG00000267107_1,0.1477649,0.0,10
ENSG00000105341_1,2.255456,2.4601352,10
ENSG00000164741_2,0.1076228,0.0,10
ENSG00000104447,0.10828695,0.0,10
ENSG00000104517,2.5089803,2.5479407,10
ENSG00000186994,1.0240039,2.9242978,10
ENSG00000066855_1,0.07030546,0.0,10
ENSG00000253434,0.017590284,0.0,10
ENSG00000286010,0.25323638,0.88601667,10
ENSG00000218891,0.9067857,0.0,10
ENSG00000234616,2.2438264,2.197308,10
ENSG00000062822,2.4769278,2.7572122,10
ENSG00000104904_1,1.7341796,1.7366753,10
ENSG00000178719_1,0.44234452,1.7549367,10
ENSG00000155926_1,0.07895894,0.0,10
ENSG00000120899_2,0.033186268,0.0,10
ENSG00000104833_1,0.8846671,1.8455136,10
ENSG00000099622_1,2.6920373,3.2405968,10
ENSG00000130725_1,2.893161,2.6546674,10
ENSG00000164761,0.49674493,1.4821014,10
ENSG00000120896_2,0.42738274,1.1725154,10
ENSG00000198042,2.5244431,3.0918252,10
ENSG00000134815,2.2493243,2.295224,10
ENSG00000232677,0.37041524,1.5842408,10
ENSG00000079435,0.15537436,0.0,10
ENSG00000105576,2.2350602,0.0,10
ENSG00000063127,0.349158,0.0,10
ENSG00000104313_1,0.0630998,0.0,10
ENSG00000269834,0.5107511,0.0,10
ENSG00000172172,1.9711769,3.080879,10
ENSG00000158856,0.9008935,0.0,10
ENSG00000179698_1,1.7064326,1.8549737,10
ENSG00000133246,0.35424748,0.0,10
ENSG00000104835,2.4891706,2.509392,10
ENSG00000267796,0.90309656,1.935603,10
ENSG00000253161_3,0.23968919,0.0,10
ENSG00000179526_2,1.145101,0.0,10
ENSG00000130312,0.68356556,0.0,10
ENSG00000134013,0.9093384,1.4137188,10
ENSG00000136997_3,1.6937448,1.7728349,10
ENSG00000105248,1.4876249,2.2807195,10
ENSG00000076554_1,0.053683896,0.0,10
ENSG00000133265_1,1.8730823,0.0,10
ENSG00000142556,2.0408587,1.6188741,10
ENSG00000253138_1,0.117553234,0.0,10
ENSG00000167470_1,2.3837533,2.8094115,10
ENSG00000105409,1.3591216,1.4022958,10
ENSG00000225877,0.04291539,0.0,10
ENSG00000012124,0.25844204,0.0,10
ENSG00000105523_1,0.36344084,1.0343477,10
ENSG00000283632,0.824555,2.3002627,10
ENSG00000129990_1,0.84185714,1.0854332,10
ENSG00000261667,0.55727404,0.7761925,10
ENSG00000167755_2,0.35829368,1.1426772,10
ENSG00000074855,2.4520135,1.8424594,10
ENSG00000213904,1.7079585,1.684321,10
ENSG00000072958,2.1321893,2.440265,10
ENSG00000249859_1,0.5399877,0.0,10
ENSG00000008988,2.3260665,1.4416951,10
ENSG00000073050,1.3660207,0.0,10
ENSG00000104936_1,0.5629975,1.0392792,10
ENSG00000232098,2.6298714,1.9915096,10
ENSG00000236814,0.20787582,0.0,10
ENSG00000126264,0.12513441,1.6150111,10
ENSG00000104419_2,0.17200908,0.0,10
ENSG00000105499,0.71108204,1.2434349,10
ENSG00000105676_1,2.452706,0.0,10
ENSG00000198342,1.7949344,1.7217612,10
ENSG00000198597,0.82630646,1.6815035,10
ENSG00000155970,1.6041405,1.5780085,10
ENSG00000104689,1.9884858,2.5143619,10
ENSG00000164938,1.8958154,1.9860593,10
ENSG00000186599,0.002071321,0.0,10
ENSG00000228300_1,2.4926233,1.8474493,10
ENSG00000160439_1,0.6233712,0.0,10
ENSG00000188778,0.57061046,1.3624636,10
ENSG00000120896_4,0.31857315,0.0,10
ENSG00000071655,2.5753603,1.7078936,10
ENSG00000172006_1,1.9521195,1.4208268,10
ENSG00000245910,2.5009937,3.4465916,10
ENSG00000197353,0.46655837,1.4218506,10
ENSG00000246662,1.3796062,0.0,10
ENSG00000268595_1,0.28346673,0.7485756,10
ENSG00000104324,2.2134933,1.7410492,10
ENSG00000169946_1,1.6790304,1.554065,10
ENSG00000237452,0.78178495,1.3728015,10
ENSG00000167733,2.438399,1.3374393,10
ENSG00000267498,1.9738455,1.1291741,10
ENSG00000253877_1,0.019363564,0.0,10
ENSG00000105289_1,0.8365156,0.6927941,10
ENSG00000237807,0.4061235,0.77620703,10
ENSG00000132002_2,0.45428798,0.0,10
ENSG00000175221,2.3769922,2.449162,10
ENSG00000167702,1.7701434,1.519245,10
ENSG00000123154,0.6151381,0.0,10
ENSG00000253557,0.08908921,0.7138264,10
ENSG00000184156,1.4177735,2.1069045,10
ENSG00000188032,0.9439388,1.0810591,10
ENSG00000105374,0.3120227,0.79367864,10
ENSG00000087903_2,2.4144814,1.9835767,10
ENSG00000104897,2.6819112,3.0044675,10
ENSG00000253123,0.07185686,0.0,10
ENSG00000136986_1,0.12352921,0.0,10
ENSG00000105227_2,0.28050768,0.0,10
ENSG00000164695,0.60703844,1.8889878,10
ENSG00000177182_1,0.2541757,1.2295283,10
ENSG00000234616_1,0.4403225,0.8345987,10
ENSG00000125733_1,0.92150813,1.3325596,10
ENSG00000104497,2.1658711,1.6831372,10
ENSG00000130303,1.0708084,2.5471961,10
ENSG00000105122,0.3857479,0.0,10
ENSG00000105695,0.25345486,0.0,10
ENSG00000176209,2.0022104,1.9942292,10
ENSG00000147408,0.34126392,0.0,10
ENSG00000253796,0.002488114,0.0,10
ENSG00000130382,0.5166324,0.8997111,10
ENSG00000104824_1,2.3096669,2.1759987,10
ENSG00000156787,2.2230124,0.0,10
ENSG00000104805,1.2359203,0.0,10
ENSG00000104671,2.2057986,2.6832461,10
ENSG00000179832_1,0.59394306,0.0,10
ENSG00000125746_3,0.7206424,0.0,10
ENSG00000168333,0.28915575,0.0,10
ENSG00000245598,1.379315,0.0,10
ENSG00000175606,2.1016378,2.6617465,10
ENSG00000104687,2.584701,2.9712536,10
ENSG00000123159,2.0983074,0.0,10
ENSG00000126243,0.29011497,0.0,10
ENSG00000172270,1.5447664,1.6702273,10
ENSG00000153310,2.5748394,2.6264205,10
ENSG00000269439_1,2.6848857,2.820648,10
ENSG00000021488,0.09235735,0.0,10
ENSG00000090661_1,1.6349823,1.2598566,10
ENSG00000105549,0.5311468,1.1934586,10
ENSG00000130300,0.9119801,1.2627832,10
ENSG00000099783_1,0.1416276,1.5577959,10
ENSG00000147481_1,0.42999062,0.0,10
ENSG00000213020,1.9937055,0.0,10
ENSG00000078674_1,2.7423372,2.9589236,10
ENSG00000141985,2.4057255,2.6751447,10
ENSG00000076984,2.7439249,2.6723657,10
ENSG00000129422_5,0.1649136,0.0,10
ENSG00000123124,2.2556596,1.4577911,10
ENSG00000147408_2,0.19213039,0.0,10
ENSG00000147437,0.1146262,0.0,10
ENSG00000253339_1,0.051670287,0.0,10
ENSG00000130733,2.0918424,2.5714817,10
ENSG00000267201,0.42298228,0.9504135,10
ENSG00000176209_1,2.3983166,2.7598567,10
ENSG00000132002,2.696899,2.510991,10
ENSG00000167815_1,2.394607,3.1255398,10
ENSG00000161652,0.6703839,0.0,10
ENSG00000039987_1,0.24858588,0.0,10
ENSG00000105287_1,1.0975215,2.7109284,10
ENSG00000177669,0.19390488,0.0,10
ENSG00000131408_2,2.4663894,2.3755264,10
ENSG00000104886_1,2.5674634,2.2488801,10
ENSG00000198363_4,2.5217533,3.0833879,10
ENSG00000183665,1.1840699,0.0,10
ENSG00000142046,1.2791909,0.0,10
ENSG00000124467,0.018943824,0.0,10
ENSG00000172270_1,2.6775494,3.237149,10
ENSG00000142235,0.717689,0.0,10
ENSG00000187840,2.2968178,2.9966652,10
ENSG00000126262,0.16820423,0.0,10
ENSG00000164736,1.2577463,1.364851,10
ENSG00000105767,1.7221292,1.9480608,10
ENSG00000164961,2.146399,2.2620595,10
ENSG00000165078,0.18020463,1.4086639,10
ENSG00000104413,0.39010513,0.0,10
ENSG00000129951,1.8010592,2.0597868,10
ENSG00000076554_3,0.09315727,0.0,10
ENSG00000186529,0.21023032,0.0,10
ENSG00000156413_1,0.16766584,0.0,10
ENSG00000007080,2.4379525,2.8047647,10
ENSG00000104723,1.8754112,2.9021988,10
ENSG00000167491_1,2.651943,2.556692,10
ENSG00000293376,0.2113381,0.96796894,10
ENSG00000129292,2.1095004,2.5145478,10
ENSG00000188624,0.12070137,0.0,10
ENSG00000186300,2.3680353,2.1392493,10
ENSG00000077782_1,1.0940264,1.3806344,10
ENSG00000196214,2.0287733,2.02628,10
ENSG00000105568,2.730777,3.0012143,10
ENSG00000104368,0.14345263,0.0,10
ENSG00000177182,0.087717876,0.0,10
ENSG00000104522_1,2.3178704,1.3828272,10
ENSG00000104848,1.6125706,1.8401752,10
ENSG00000011304,2.5767736,3.4205945,10
ENSG00000198723,0.18562831,0.0,10
ENSG00000253944,1.6083722,1.5938175,10
ENSG00000130475_1,0.699126,2.6191049,10
ENSG00000166770_1,0.4913669,0.0,10
ENSG00000078579,0.54909796,0.99033886,10
ENSG00000115286,2.5766935,3.0419962,10
ENSG00000213023,0.7703394,1.1251884,10
ENSG00000249859_4,0.21493864,0.0,10
ENSG00000267757,1.7041833,1.3614067,10
ENSG00000131400,0.34272918,0.0,10
ENSG00000168487,2.1492348,2.0494893,10
ENSG00000168081,0.35601947,0.95631254,10
ENSG00000291101,0.8258057,1.3251461,10
ENSG00000104883,1.5668614,1.3149201,10
ENSG00000006015,2.4511132,2.501771,10
ENSG00000156802,2.8079438,3.129706,10
ENSG00000120885_1,0.24581495,0.0,10
ENSG00000185869,0.49681178,0.0,10
ENSG00000171295,2.2971158,2.422823,10
ENSG00000201231,0.021714661,0.0,10
ENSG00000104853_1,2.469502,0.0,10
ENSG00000126934_1,2.2620516,3.0518508,10
ENSG00000095066_1,0.8060725,0.0,10
ENSG00000104964_2,0.46701542,1.4605521,10
ENSG00000130803,1.9010657,2.4937255,10
ENSG00000156006,0.022935323,0.0,10
ENSG00000179041,2.192167,2.7145176,10
ENSG00000132024,2.2158124,2.3078275,10
ENSG00000178531,1.7151521,2.5559742,10
ENSG00000164823_1,2.3675215,2.6211348,10
ENSG00000105329_1,2.0668705,3.5728483,10
ENSG00000105699_1,2.3195868,3.1177087,10
ENSG00000173535,0.73286754,0.7937066,10
ENSG00000188493,2.2409031,2.6430478,10
ENSG00000072071,1.590478,1.749226,10
ENSG00000167459,0.122143716,0.0,10
ENSG00000188039_1,0.23040643,0.9129656,10
ENSG00000099864,1.7746967,1.9426528,10
ENSG00000156413,0.24346438,0.0,10
ENSG00000090006_6,1.8943661,2.3935752,10
ENSG00000167674,2.4524326,2.0507083,10
ENSG00000182324,0.26195076,0.0,10
ENSG00000085788,2.3767405,1.8685269,10
ENSG00000125733,1.9626617,2.2015064,10
ENSG00000267159,0.36210623,0.0,10
ENSG00000130402,2.3234448,3.1744697,10
ENSG00000156162_1,2.4398942,1.9620092,10
ENSG00000167766,1.8535163,0.0,10
ENSG00000286122,0.26431102,1.5502284,10
ENSG00000172733,1.9828055,1.8069867,10
ENSG00000130377,0.18934765,0.0,10
ENSG00000155897,0.6433749,1.6239725,10
ENSG00000120925_1,2.2475913,2.5237205,10
ENSG00000130159,1.6187841,2.5610359,10
ENSG00000160392_1,2.4932976,2.0950925,10
ENSG00000121410_1,0.42109942,0.7894397,10
ENSG00000105193,2.4260423,4.089177,10
ENSG00000178904,2.5620794,2.4319746,10
ENSG00000170848,0.041710697,0.92895883,10
ENSG00000204920,0.298605,0.9194442,10
ENSG00000205784,0.23070115,0.0,10
ENSG00000198538,1.4831648,0.0,10
ENSG00000161249,0.3882176,0.0,10
ENSG00000198597_1,0.08296305,0.0,10
ENSG00000164934_1,2.0335803,2.9084458,10
ENSG00000292997,-0.002466973,3.1068127,10
ENSG00000277531,0.30526862,0.0,10
ENSG00000039650_2,2.0390117,2.251648,10
ENSG00000079102_1,0.41109425,1.1389655,10
ENSG00000188766,0.66707635,1.2248437,10
ENSG00000074842,1.947713,3.0463703,10
ENSG00000126457,2.6708722,2.6949341,10
ENSG00000165071,0.077387735,0.0,10
ENSG00000167460_4,0.24513811,0.0,10
ENSG00000253438,0.76975936,1.52961,10
ENSG00000175073,2.5930514,2.0898697,10
ENSG00000227392,0.98455626,0.76258856,10
ENSG00000136986,0.13672581,0.0,10
ENSG00000160570,2.146586,2.270439,10
ENSG00000253948,2.238743,2.0923557,10
ENSG00000077009,0.23833677,0.0,10
ENSG00000156509,1.1053146,1.0941216,10
ENSG00000187187,2.1309302,1.549506,10
ENSG00000127507,1.3653951,2.4080806,10
ENSG00000268536,2.1496413,0.0,10
ENSG00000181786,0.5300733,0.0,10
ENSG00000253474,0.05932489,0.0,10
ENSG00000155975,2.407562,2.626287,10
ENSG00000156804,1.384342,1.403395,10
ENSG00000205517_1,0.69054276,1.2524403,10
ENSG00000168077,1.4667549,1.5150919,10
ENSG00000105605,0.95907164,1.6334281,10
ENSG00000123815_1,2.3134215,0.0,10
ENSG00000160957,2.3814063,0.0,10
ENSG00000183850,1.0114951,1.6725135,10
ENSG00000160877,1.0037136,1.7352555,10
ENSG00000130811,1.6372304,3.3991215,10
ENSG00000248531,0.13531207,0.0,10
ENSG00000253301,0.98663586,1.6924503,10
ENSG00000253314,0.0029290244,0.0,10
ENSG00000123144,2.40247,3.0363095,10
ENSG00000127452,2.5277183,2.5355978,10
ENSG00000179820_1,0.9413922,1.40752,10
ENSG00000171827_1,0.46936274,0.0,10
ENSG00000011332_1,1.2999754,0.0,10
ENSG00000161016,2.4773517,2.531964,10
ENSG00000120875,1.5933256,1.9631737,10
ENSG00000171291,0.74408865,1.3484411,10
ENSG00000182759,1.9086778,1.5488806,10
ENSG00000267519,2.228825,1.8760619,10
ENSG00000039650_1,2.1970963,1.8560458,10
ENSG00000169398_2,0.0018932521,0.0,10
ENSG00000166398,2.0467038,2.2562125,10
ENSG00000104313,0.029486585,0.0,10
ENSG00000130176,1.1293594,0.0,10
ENSG00000161016_1,2.5211375,4.086869,10
ENSG00000261236,2.3255737,2.9159925,10
ENSG00000279847,0.009346839,0.0,10
ENSG00000254006,0.13748924,0.0,10
ENSG00000283103_1,2.3036385,2.3663108,10
ENSG00000167653_1,0.39431444,0.0,10
ENSG00000249115,1.3989668,2.4287047,10
ENSG00000182310_1,2.1448383,0.0,10
ENSG00000196150_1,2.1647496,1.5992497,10
ENSG00000123815,1.0406435,0.0,10
ENSG00000152433,1.459224,0.0,10
ENSG00000176907,0.012133002,0.0,10
ENSG00000105402_1,0.18997306,0.0,10
ENSG00000064490_1,1.6305866,2.8439817,10
ENSG00000104529_2,2.5824108,3.4567091,10
ENSG00000104903_1,2.5660722,2.880299,10
ENSG00000136574,0.17459385,0.0,10
ENSG00000182315,0.1164678,0.0,10
ENSG00000095059,2.4644303,2.6807342,10
ENSG00000123119,0.9374917,0.0,10
ENSG00000250571,2.3622139,2.1471908,10
ENSG00000164821,0.14888136,1.0810375,10
ENSG00000209702,0.46883726,1.307068,10
ENSG00000082556,0.99288803,1.4377981,10
ENSG00000147526_3,0.056493927,0.0,10
ENSG00000248599,0.59975636,0.0,10
ENSG00000160972,2.274485,2.1476083,10
ENSG00000203499,1.4163406,0.0,10
ENSG00000254153,0.10542989,0.0,10
ENSG00000034677_1,0.19948371,0.7806917,10
ENSG00000253230_3,1.539434,1.3121562,10
ENSG00000147724_1,1.5105947,1.7425052,10
ENSG00000089351_2,2.192789,1.1130404,10
ENSG00000171747,0.3748031,0.0,10
ENSG00000127452_1,1.7901781,1.6462175,10
ENSG00000130755,0.5352362,2.138748,10
ENSG00000176024,0.9932213,0.0,10
ENSG00000104213,0.7403251,1.2263678,10
ENSG00000167755,0.2642815,0.0,10
ENSG00000104888_1,0.82494235,0.0,10
ENSG00000167670,2.6868782,0.0,10
ENSG00000173809,1.0662165,1.0629954,10
ENSG00000213297,0.39220735,1.1446987,10
ENSG00000105618_1,0.31295714,0.0,10
ENSG00000105438,0.8620371,1.1068026,10
ENSG00000147475,2.4029493,2.488346,10
ENSG00000126246_1,0.19460627,0.0,10
ENSG00000271171,1.04578,1.0268927,10
ENSG00000213024,0.20187798,0.0,10
ENSG00000131848,2.6330717,1.8652343,10
ENSG00000171970,2.3398345,2.088097,10
ENSG00000183709,0.31806728,0.0,10
ENSG00000104856,1.6813796,1.4951557,10
ENSG00000187955_1,1.0132756,0.0,10
ENSG00000267254,0.5375677,0.99033886,10
ENSG00000293178,0.5824241,1.5093235,10
ENSG00000176566,0.9511805,0.0,10
ENSG00000260001,0.84275794,1.3362796,10
ENSG00000105281_1,2.0384772,0.0,10
ENSG00000158941,2.333352,2.7909575,10
ENSG00000253893_2,0.44679922,0.0,10
ENSG00000136574_1,0.8879703,0.0,10
ENSG00000104419,0.112024605,0.0,10
ENSG00000166398_1,0.18660603,0.0,10
ENSG00000175895,2.567127,2.6374598,10
ENSG00000105701_1,1.36589,1.7581319,10
ENSG00000196437,1.6727962,2.086431,10
ENSG00000189114,1.9009979,2.1283636,10
ENSG00000184672_1,1.0862998,1.7031968,10
ENSG00000169398_1,0.032414556,0.0,10
ENSG00000253267,0.05041046,0.0,10
ENSG00000130158,1.1954645,1.6189116,10
ENSG00000120913_2,0.26177832,0.8536982,10
ENSG00000105640,2.5712538,4.2224717,10
ENSG00000167748,0.345999,0.0,10
ENSG00000164794,0.790226,0.0,10
ENSG00000130669_1,0.5080367,0.6706354,10
ENSG00000011590,0.5877786,0.0,10
ENSG00000184661_1,0.15588637,0.0,10
ENSG00000245281,2.4125147,1.3839409,10
ENSG00000249859_5,0.49164867,0.0,10
ENSG00000137573_3,0.02024192,0.0,10
ENSG00000105220_1,1.9396772,0.0,10
ENSG00000029534_1,0.15929653,0.0,10
ENSG00000156831,2.2062285,0.0,10
ENSG00000164684_1,0.3645204,0.0,10
ENSG00000066827_2,2.5833912,1.8256662,10
ENSG00000197561,0.33987048,0.8105416,10
ENSG00000189001,0.2945849,0.0,10
ENSG00000125743,2.038873,0.0,10
ENSG00000253339,0.0703084,0.0,10
ENSG00000214049,0.64276594,2.5253441,10
ENSG00000121297,1.582615,1.7385428,10
ENSG00000254377_3,0.4914709,1.0489078,10
ENSG00000042980,0.040312767,0.0,10
ENSG00000087903_1,2.4885821,1.913745,10
ENSG00000130545,0.84283245,0.7717344,10
ENSG00000198633,0.44063678,0.8683505,10
ENSG00000183186,1.3609791,0.0,10
ENSG00000267508,0.6370455,1.0583197,10
ENSG00000064961,2.042408,2.731318,10
ENSG00000198258,1.7097741,3.073205,10
ENSG00000283992,0.45663664,0.0,10
ENSG00000147689_2,1.7768233,3.189785,10
ENSG00000188629,0.3751905,0.0,10
ENSG00000254775,0.014157362,0.0,10
ENSG00000104626,2.323518,2.7064815,10
ENSG00000156795,2.4018743,2.128464,10
ENSG00000179820,0.16463515,0.0,10
ENSG00000240247,0.078103274,0.0,10
ENSG00000129422_4,0.02517952,0.0,10
ENSG00000104903,2.549967,2.7645802,10
ENSG00000132026_1,0.5125446,1.0919833,10
ENSG00000161265,0.7362025,0.0,10
ENSG00000142544,2.1080413,2.0305188,10
ENSG00000197124,0.66196805,0.0,10
ENSG00000204869,0.22636297,0.0,10
ENSG00000267383_1,0.054547805,0.0,10
ENSG00000156011,0.044989955,0.0,10
ENSG00000130287,0.40363535,0.0,10
ENSG00000261150,1.6732323,1.918261,10
ENSG00000198028,0.40426335,0.0,10
ENSG00000168495,2.302597,2.7791562,10
ENSG00000160318,0.30883607,0.0,10
ENSG00000015592,0.22169882,1.1883322,10
ENSG00000269392,0.718166,0.0,10
ENSG00000167910,0.112375215,0.0,10
ENSG00000010361_1,1.4692541,0.0,10
ENSG00000169495,1.1876664,1.5820861,10
ENSG00000126243_1,1.1865559,1.5279005,10
ENSG00000278374,0.18114951,0.0,10
ENSG00000154319_1,0.19281566,0.0,10
ENSG00000197961,1.8659165,0.0,10
ENSG00000184661,2.5718515,2.648354,10
ENSG00000197647,1.1427413,0.0,10
ENSG00000147642_1,0.15523556,0.0,10
ENSG00000105732,2.6658845,2.2715862,10
ENSG00000147642,0.08342982,0.0,10
ENSG00000147526_1,1.237429,0.0,10
ENSG00000131142_1,0.29912403,0.0,10
ENSG00000105176_1,2.1145682,2.774685,10
ENSG00000120896_5,1.2920316,1.5183165,10
ENSG00000153902,0.44817516,1.0984014,10
ENSG00000141867,0.18345468,0.0,10
ENSG00000096996_1,1.1147813,0.0,10
ENSG00000198551,2.180766,0.0,10
ENSG00000104976_1,2.0302272,2.2938993,10
ENSG00000105053,2.4193268,0.0,10
ENSG00000182013,1.6712761,2.2071009,10
ENSG00000251396,2.2962222,0.0,10
ENSG00000261824_1,2.1799898,2.4662447,10
ENSG00000253696,0.15784658,1.0788192,10
ENSG00000127616_1,2.432075,1.6940873,10
ENSG00000160117_1,1.1548692,2.1018536,10
ENSG00000168476,2.1518345,2.739361,10
ENSG00000105472,0.4479495,1.4650942,10
ENSG00000155189,2.5521367,2.7688756,10
ENSG00000167702_1,1.9192936,1.1865834,10
ENSG00000251247_2,0.17484894,0.0,10
ENSG00000269086,0.8852616,1.3693086,10
ENSG00000171773,0.3256705,1.0193241,10
ENSG00000105655,2.1065013,3.314434,10
ENSG00000204839_1,0.71482056,1.1560886,10
ENSG00000104946,2.5247843,1.6328721,10
ENSG00000269855,0.3587622,0.97927517,10
ENSG00000008988_1,2.1072688,4.0617504,10
ENSG00000167685,2.170751,0.0,10
ENSG00000128626,2.3676705,2.8652093,10
ENSG00000152439,1.1362742,0.0,10
ENSG00000267348,1.6736324,1.2167463,10
ENSG00000253729_1,0.16883326,0.0,10
ENSG00000130669,2.1166255,2.07829,10
ENSG00000105339,2.0848541,1.892039,10
ENSG00000261526,2.625883,2.0532668,10
ENSG00000076662_1,0.26937878,0.0,10
ENSG00000105325,2.5663905,1.6072727,10
ENSG00000105290,1.0873054,2.0835528,10
ENSG00000130726_1,2.7786393,3.082315,10
ENSG00000198464,1.9619521,2.4360163,10
ENSG00000253593,0.091034055,0.0,10
ENSG00000099338,1.8385055,0.8755127,10
ENSG00000201966,0.13198364,1.0218754,10
ENSG00000125731,1.7897775,1.7212796,10
ENSG00000205038,0.29683343,1.6691308,10
ENSG00000267534,1.9206241,1.8002977,10
ENSG00000176797,0.06869201,0.0,10
ENSG00000269043,0.13132289,1.1933361,10
ENSG00000079459_2,0.40002295,0.7532766,10
ENSG00000121406,0.8398643,1.2991585,10
ENSG00000155792,1.2575889,1.7099481,10
ENSG00000174788,0.27706602,0.0,10
ENSG00000142459,2.1296678,1.7253234,10
ENSG00000184489,2.421278,1.9306129,10
ENSG00000083817,1.2086908,0.0,10
ENSG00000167491,2.724504,2.8055143,10
ENSG00000105696,1.4573381,1.6492472,10
ENSG00000125726,0.7343648,1.6859387,10
ENSG00000104760,0.054248936,0.0,10
ENSG00000125735,0.47892675,1.1005085,10
ENSG00000221923,0.40788418,1.3161381,10
ENSG00000196235_1,2.283747,3.0684457,10
ENSG00000253161_5,0.12965485,0.0,10
ENSG00000147654,2.56616,2.4074419,10
ENSG00000172009,2.3080842,2.5551126,10
ENSG00000269091,0.88112766,0.0,10
ENSG00000185900,2.3358965,2.0427487,10
ENSG00000116017,2.3752527,2.7364683,10
ENSG00000267673,0.97065085,0.0,10
ENSG00000130283,1.7214477,2.673279,10
ENSG00000189376,2.1696806,2.0682862,10
ENSG00000268480_1,0.21656623,1.3749682,10
ENSG00000254166,0.006867785,0.0,10
ENSG00000063322,2.4906566,2.4011574,10
ENSG00000185122,2.426262,2.9253638,10
ENSG00000131401,0.17251813,0.0,10
ENSG00000104537_1,0.07260544,0.0,10
ENSG00000065268,2.407802,2.4418192,10
ENSG00000076944_1,0.43159726,1.5043893,10
ENSG00000142528,2.0211577,0.0,10
ENSG00000008513_1,0.08567096,0.0,10
ENSG00000042753_2,1.8724205,2.9486756,10
ENSG00000267680,1.716615,0.0,10
ENSG00000088038,2.602449,2.7145143,10
ENSG00000133739,2.1414309,2.326815,10
ENSG00000104738,2.4840527,3.3314881,10
ENSG00000268895,1.2414701,0.0,10
ENSG00000147481_3,0.2656759,0.0,10
ENSG00000105255,0.8666182,1.3263563,10
ENSG00000035681_1,0.1260287,0.8647721,10
ENSG00000179388,1.8714592,2.0765712,10
ENSG00000167604_1,1.2064375,1.399137,10
ENSG00000198723_1,0.39621964,1.016766,10
ENSG00000147601,1.9975789,0.0,10
ENSG00000156466,1.5055226,1.4968494,10
ENSG00000160439,2.1145697,2.8166404,10
ENSG00000205186,0.04922955,0.0,10
ENSG00000182472,0.7160599,0.0,10
ENSG00000181666,0.38653377,0.0,10
ENSG00000104889,2.20356,0.0,10
ENSG00000157110_2,0.27110755,1.2785021,10
ENSG00000011243,0.16232924,0.0,10
ENSG00000008441_2,0.33965907,0.0,10
ENSG00000121022,1.5306797,3.0300326,10
ENSG00000105583,1.5614115,0.0,10
ENSG00000131142_2,0.25183776,0.0,10
ENSG00000168546_1,1.173467,0.0,10
ENSG00000254377,0.2998454,0.0,10
ENSG00000199985,0.0006403327,0.0,10
ENSG00000160959,2.3782773,1.7926087,10
ENSG00000147485_1,0.2838143,0.0,10
ENSG00000105520,1.0063213,2.207136,10
ENSG00000197782,1.2707335,2.0953193,10
ENSG00000141837,1.2427106,1.2069337,10
ENSG00000105392,0.26501977,0.0,10
ENSG00000104529,2.1634524,0.0,10
ENSG00000178982,2.5927835,0.0,10
ENSG00000042832,0.14017501,0.0,10
ENSG00000155090,2.3815289,0.0,10
ENSG00000142512,0.31194395,0.0,10
ENSG00000179873,0.24147214,0.0,10
ENSG00000130511_1,1.5736105,1.7308307,10
ENSG00000104368_1,0.24377637,0.0,10
ENSG00000104960_2,2.5807161,2.4747756,10
ENSG00000105227_1,0.35894948,0.0,10
ENSG00000063244,2.5826406,2.1470916,10
ENSG00000167645,2.4503112,3.2258775,10
ENSG00000104967,1.2568916,0.9289077,10
ENSG00000186526_1,0.22562784,0.8346114,10
ENSG00000256771,1.5345739,1.9156952,10
ENSG00000254367,0.36331668,0.0,10
ENSG00000147439,1.916364,2.3004303,10
ENSG00000126233,0.46593317,0.0,10
ENSG00000029534_4,1.6067793,1.2001115,10
ENSG00000003987,1.329958,1.0629954,10
ENSG00000064666,1.9471494,0.0,10
ENSG00000129991_1,1.032687,1.9243413,10
ENSG00000179115,2.1405792,3.1103237,10
ENSG00000176920,0.3585866,0.0,10
ENSG00000213793,1.4715457,2.2816947,10
ENSG00000267133,0.047879677,0.0,10
ENSG00000180155_1,1.3259473,0.0,10
ENSG00000253230,0.14613682,0.0,10
ENSG00000104613,2.3439295,2.7086673,10
ENSG00000204882,0.42772186,0.0,10
ENSG00000168081_1,0.42272988,1.0269008,10
ENSG00000083307_1,0.6286763,0.0,10
ENSG00000164751_1,2.3252444,0.0,10
ENSG00000186020_1,0.98315036,1.3614067,10
ENSG00000105443_1,2.6310012,2.5006247,10
ENSG00000091656,0.28798306,0.0,10
ENSG00000158856_2,0.5146733,0.6874398,10
ENSG00000167476,0.43984598,0.0,10
ENSG00000201763,0.08878756,0.0,10
ENSG00000267470,0.4866764,0.0,10
ENSG00000104419_1,0.10790923,0.0,10
ENSG00000255491,0.34093735,1.9760104,10
ENSG00000269243,0.19000919,0.0,10
ENSG00000253716,1.916725,2.5475445,10
ENSG00000089639,0.8209794,0.0,10
ENSG00000168672_1,1.4646347,1.4426836,10
ENSG00000204851,0.70314264,1.368231,10
ENSG00000253133,2.3764067,2.3890066,10
ENSG00000197714,2.6833065,2.044677,10
ENSG00000105707,0.61841935,1.261358,10
ENSG00000167759_1,1.148866,1.2310871,10
ENSG00000253363,0.028467577,1.0167828,10
ENSG00000169427_1,1.5094159,1.5621024,10
ENSG00000104320_1,2.6574302,0.0,10
ENSG00000123154_1,1.94383,1.5434471,10
ENSG00000134013_1,0.065757155,0.0,10
ENSG00000105364,2.289476,3.354416,10
ENSG00000160117,0.8747154,1.9484228,10
ENSG00000176853,2.1639853,2.4181387,10
ENSG00000064687,2.0982685,0.0,10
ENSG00000250799,0.30454051,0.0,10
ENSG00000161640,0.3280739,1.2812834,10
ENSG00000164951_1,0.88778865,0.0,10
ENSG00000159871,0.16573021,0.0,10
ENSG00000171425,1.6691599,2.2579305,10
ENSG00000170954,0.32970116,0.0,10
ENSG00000170889,2.5827448,3.5389934,10
ENSG00000164951,1.7580037,1.641375,10
ENSG00000186918,1.8290945,1.9958545,10
ENSG00000063169,1.9664322,2.1495578,10
ENSG00000263002,0.5912996,1.3969208,10
ENSG00000104419_3,1.9384799,0.0,10
ENSG00000147421_1,2.4000309,2.2347906,10
ENSG00000253661,0.30796838,0.7138768,10
ENSG00000170889_1,2.652444,2.179207,10
ENSG00000188033,2.0095823,1.8724942,10
ENSG00000065000,2.6260276,2.6775193,10
ENSG00000161298,1.0677297,1.507775,10
ENSG00000125744,2.0209336,2.3449638,10
ENSG00000130513_1,0.39745042,0.0,10
ENSG00000203326,0.9156742,2.0017397,10
ENSG00000104356,2.1393,0.0,10
ENSG00000104432,0.33278683,0.0,10
ENSG00000063245_1,0.2672641,1.4074589,10
ENSG00000040341_2,1.5503687,1.701067,10
ENSG00000252179,0.0056943856,0.0,10
ENSG00000136997_1,2.1812954,3.740568,10
ENSG00000254521,0.22820179,1.8443902,10
ENSG00000160570_1,2.1140184,0.0,10
ENSG00000141934,1.5890052,1.6371093,10
ENSG00000077312,2.9533603,3.673161,10
ENSG00000130313,2.650317,2.765825,10
ENSG00000130175,1.7153226,0.0,10
ENSG00000196378,2.4041307,1.841372,10
ENSG00000083807_1,0.58643776,1.127202,10
ENSG00000239382,1.9577338,0.0,10
ENSG00000178860,0.18412764,0.0,10
ENSG00000171817,0.91921467,1.0983667,10
ENSG00000177599,0.58034474,1.0898274,10
ENSG00000089356_1,0.22859882,0.0,10
ENSG00000221916,2.5305295,1.9107897,10
ENSG00000174652,1.9578111,0.0,10
ENSG00000204611,2.1216908,0.0,10
ENSG00000179284,0.3338263,0.0,10
ENSG00000127527,2.158219,2.3819685,10
ENSG00000129911,2.285441,2.828473,10
ENSG00000095932,0.670587,0.0,10
ENSG00000081665,0.5486229,0.0,10
ENSG00000287301,0.015019588,0.0,10
ENSG00000198363,0.02433006,0.0,10
ENSG00000133863,0.87371707,2.2708442,10
ENSG00000171223,2.425883,3.0780144,10
ENSG00000173480,1.5481745,2.1025195,10
ENSG00000105404,1.6315665,1.7016284,10
ENSG00000011451_2,1.8392735,1.7696136,10
ENSG00000267454,2.0797937,0.0,10
ENSG00000088053,0.66707957,0.0,10
ENSG00000166289,2.1353903,1.528724,10
ENSG00000276043,2.116166,2.5701108,10
ENSG00000160877_1,2.3115926,2.531862,10
ENSG00000105131_1,0.9425325,0.88606185,10
ENSG00000154188_1,0.5390101,1.4406604,10
ENSG00000167470,2.454523,2.4173121,10
ENSG00000125656,2.0774035,2.5974758,10
ENSG00000269343,2.2244253,2.5556602,10
ENSG00000183808,2.4085345,2.6005917,10
ENSG00000105221_1,0.22162655,0.0,10
ENSG00000156170_1,2.4888673,1.9723371,10
ENSG00000201782,0.051280547,0.0,10
ENSG00000269235,0.5012265,0.0,10
ENSG00000105509,0.24745971,0.9679783,10
ENSG00000147804,1.8390937,3.4156528,10
ENSG00000183309,2.4228415,2.0721064,10
ENSG00000105467,2.2072773,0.0,10
ENSG00000233527,2.223682,2.4423873,10
ENSG00000060566,0.36658943,0.886028,10
ENSG00000179134,2.3518074,2.3060882,10
ENSG00000147654_2,0.85556877,0.0,10
ENSG00000261824_2,2.2131119,2.18489,10
ENSG00000176401,1.8339319,1.8374811,10
ENSG00000007264,1.8820004,1.7839036,10
ENSG00000141905_2,1.9585583,2.632772,10
ENSG00000196967,0.28745934,0.0,10
ENSG00000185697_1,0.30121526,0.9984337,10
ENSG00000249816_1,0.24705766,0.0,10
ENSG00000130254,2.8223715,3.0286403,10
ENSG00000136999,0.8515445,1.3484023,10
ENSG00000104375_1,0.7431244,0.0,10
ENSG00000105717,1.7202978,1.4269015,10
ENSG00000254377_2,0.44066378,0.0,10
ENSG00000120896_3,0.33650753,0.0,10
ENSG00000182372_1,2.0673652,1.8328179,10
ENSG00000099308_1,1.6624935,1.4053805,10
ENSG00000177335,0.5392981,0.0,10
ENSG00000131941,1.6205955,1.8331727,10
ENSG00000261678,1.5149205,1.2151086,10
ENSG00000254618,0.2714491,0.0,10
ENSG00000115268,2.3719568,3.0947123,10
ENSG00000179820_2,1.4892478,0.0,10
ENSG00000037757,1.9020942,2.5363715,10
ENSG00000069399,1.038697,0.0,10
ENSG00000168079,0.58868617,0.0,10
ENSG00000120915,1.6606076,2.664119,10
ENSG00000213996,0.83581555,1.3828596,10
ENSG00000179698,0.5453711,0.0,10
ENSG00000172687,1.0803416,2.1483343,10
ENSG00000125746_4,1.2715919,1.2785021,10
ENSG00000173281,1.7946391,0.0,10
ENSG00000104763,2.4230158,2.6105547,10
ENSG00000181781,0.3341694,0.0,10
ENSG00000291231,0.41292372,0.0,10
ENSG00000104974,0.10275915,0.0,10
ENSG00000147416,2.1529222,2.753988,10
ENSG00000189042,1.954619,0.0,10
ENSG00000147596,0.779991,1.0010843,10
ENSG00000083844,1.1813416,1.4641466,10
ENSG00000133247,2.4500875,2.4543188,10
ENSG00000120885,0.29445103,0.0,10
ENSG00000129455,0.3898646,1.1311052,10
ENSG00000176956,1.318937,1.2084951,10
ENSG00000160948_1,2.3132932,2.6522434,10
ENSG00000120963_1,2.4095657,2.1041796,10
ENSG00000167641_1,2.2019584,2.3222978,10
ENSG00000099860,1.3853242,1.3904865,10
ENSG00000177025,0.118723094,0.0,10
ENSG00000182372,0.54047745,0.0,10
ENSG00000131845,1.5306482,0.0,10
ENSG00000079999,2.2135592,1.9395951,10
ENSG00000131142,0.27358043,0.9764875,10
ENSG00000105419,1.2116003,1.5068837,10
ENSG00000137573,0.1053907,0.0,10
ENSG00000105662,2.146071,1.7904681,10
ENSG00000076662,2.0758028,2.1534796,10
ENSG00000179213,0.596597,0.0,10
ENSG00000104755,0.015042003,0.0,10
ENSG00000130270,2.344727,2.1498747,10
ENSG00000142002_1,0.36505416,0.0,10
ENSG00000120925,2.480691,1.8516252,10
ENSG00000105550,0.3378933,0.0,10
ENSG00000164741,2.1533444,2.2950501,10
ENSG00000204673,2.5792484,2.4625506,10
ENSG00000171105,1.6630527,1.5855736,10
ENSG00000179262,2.4721851,3.4390879,10
ENSG00000213563,2.0773573,2.1836967,10
ENSG00000147586,2.3866062,0.0,10
ENSG00000197332,1.9250963,1.8752928,10
ENSG00000099875_1,2.3650625,3.1926622,10
ENSG00000179950_1,2.6865957,2.705501,10
ENSG00000105492,0.4278248,0.0,10
ENSG00000197841,2.31207,2.05423,10
ENSG00000290722,0.12523793,0.0,10
ENSG00000254101_2,1.127409,0.0,10
ENSG00000156103_1,1.387672,0.0,10
ENSG00000136986_2,2.428493,2.646492,10
ENSG00000156162,2.3856633,2.0963538,10
ENSG00000169398,0.23538488,0.0,10
ENSG00000064490_2,1.7159592,0.0,10
ENSG00000291130,0.42028484,0.0,10
ENSG00000105355,1.1855807,0.0,10
ENSG00000248538_4,0.33498758,0.0,10
ENSG00000253230_1,0.521401,0.0,10
ENSG00000142002_2,2.339826,2.5295355,10
ENSG00000064932_3,1.8447762,2.593667,10
ENSG00000246263,2.3100784,2.090526,10
ENSG00000147576,0.7673966,1.3083509,10
ENSG00000104824,2.790426,3.6108208,10
ENSG00000286034,0.16406818,0.0,10
ENSG00000286701,0.2026359,0.0,10
ENSG00000240694,1.2093562,0.0,10
ENSG00000267605,0.5912862,0.0,10
ENSG00000168575_2,2.3301091,1.9651546,10
ENSG00000142230,2.1823695,2.9014502,10
ENSG00000253958,1.666121,1.0962493,10
ENSG00000131355,0.07037389,0.0,10
ENSG00000099795,1.1932596,0.0,10
ENSG00000248801,0.3314785,0.0,10
ENSG00000079313_1,2.546091,2.0677364,10
ENSG00000167644,0.5600536,0.0,10
ENSG00000160460_1,1.1494675,1.2479978,10
ENSG00000253250,2.307889,2.8161705,10
ENSG00000261824,1.5682434,1.9885455,10
ENSG00000126267,1.4566506,3.786069,10
ENSG00000105329,2.160749,2.427989,10
ENSG00000167671_1,0.70692664,0.0,10
ENSG00000197217,2.3044264,2.2839544,10
ENSG00000131203,0.026368946,0.0,10
ENSG00000186010,1.834128,3.015171,10
ENSG00000011332,1.5955235,1.4795321,10
ENSG00000012061,2.4132714,2.2289364,10
ENSG00000267339,0.22869815,0.0,10
ENSG00000167912,1.2155585,1.6781359,10
ENSG00000198003,0.8911449,0.0,10
ENSG00000291317_1,2.1604357,2.2935836,10
ENSG00000118160,0.7023441,1.1813576,10
ENSG00000179954,0.5136038,0.0,10
ENSG00000164949,0.6077446,0.0,10
ENSG00000104760_1,0.24066825,0.0,10
ENSG00000008853_3,0.5364569,0.0,10
ENSG00000105176_2,0.10126437,0.0,10
ENSG00000159915,0.49699816,0.0,10
ENSG00000039650_3,1.307588,1.8816642,10
ENSG00000187474,0.080204755,0.0,10
ENSG00000197933,1.817147,1.8659977,10
ENSG00000132549,2.3293843,0.0,10
ENSG00000120913,0.9635341,1.4228852,10
ENSG00000125741,2.663468,2.4030535,10
ENSG00000130208,0.37476248,0.0,10
ENSG00000126266,0.23992454,0.0,10
ENSG00000090971,1.525677,0.0,10
ENSG00000104381,1.0213006,0.0,10
ENSG00000176619,0.47172055,0.0,10
ENSG00000267898,2.2976696,1.500977,10
ENSG00000154188,0.045200378,1.0919482,10
ENSG00000161243,1.0664935,1.5495305,10
ENSG00000167384,2.4119086,2.0994735,10
ENSG00000267383,0.49320593,0.0,10
ENSG00000004776,1.1160841,1.4838668,10
ENSG00000164893,0.005683668,0.0,10
ENSG00000160633,2.8692553,3.306873,10
ENSG00000129351,2.8770146,3.4740472,10
ENSG00000104825_1,2.0490131,2.205104,10
ENSG00000167613,0.16978285,0.8719814,10
ENSG00000132561_1,0.11535649,0.0,10
ENSG00000164933,2.4977536,2.4889016,10
ENSG00000090006_2,0.48671845,0.0,10
ENSG00000167619,1.2186743,0.0,10
ENSG00000063241,2.6784458,2.9514444,10
ENSG00000185236,2.7479231,2.418964,10
ENSG00000007255,2.4187374,1.6815217,10
ENSG00000099800,2.7384958,3.095661,10
ENSG00000254687,0.109971106,0.0,10
ENSG00000185697,2.3307483,1.3851414,10
ENSG00000238650,0.6688951,0.0,10
ENSG00000064547_1,1.2320073,1.5441921,10
ENSG00000154582,2.4591584,2.9793189,10
ENSG00000226696,2.4553819,1.7869855,10
ENSG00000104812,2.107539,2.248699,10
ENSG00000083814,1.2129507,0.0,10
ENSG00000253598,0.13946798,0.0,10
ENSG00000104728_1,0.19095391,0.0,10
ENSG00000160410_1,1.4591614,1.0765895,10
ENSG00000105523,0.49645385,0.8860957,10
ENSG00000130311,2.0531888,2.877316,10
ENSG00000130844_1,1.2040489,1.0269008,10
ENSG00000156486,1.6158857,2.1010249,10
ENSG00000161888,2.3318663,0.0,10
ENSG00000207166,0.3539748,1.0962493,10
ENSG00000205922,1.6013496,2.1186285,10
ENSG00000104859,2.1063275,2.4248197,10
ENSG00000160007,2.5889845,2.1907153,10
ENSG00000171033,1.1599635,0.0,10
ENSG00000225885,0.0051291473,0.0,10
ENSG00000254024,0.44142953,1.2881597,10
ENSG00000147457_1,2.4050431,1.8968238,10
ENSG00000253764,0.7745397,1.2799634,10
ENSG00000180479,1.7736193,1.422918,10
ENSG00000245080,0.86873555,0.0,10
ENSG00000142515,0.2147784,0.0,10
ENSG00000141971,1.5166206,2.0204482,10
ENSG00000147614,0.014439911,0.0,10
ENSG00000249859,1.6260103,1.9107813,10
ENSG00000179832,2.2102866,1.7943193,10
ENSG00000167751,0.24703029,0.0,10
ENSG00000196724,0.61711764,1.2910135,10
ENSG00000189013,0.13265727,0.0,10
ENSG00000254092_1,0.087155625,0.0,10
ENSG00000141867_2,2.0342624,3.000382,10
ENSG00000198077,0.169247,0.0,10
ENSG00000224910_1,0.13536935,0.0,10
ENSG00000289906,0.041826066,0.0,10
ENSG00000216490,0.32509112,0.0,10
ENSG00000104442,2.0319452,2.738779,10
ENSG00000090013,2.6889231,0.0,10
ENSG00000253661_1,0.28152353,0.0,10
ENSG00000171817_1,1.4090884,0.0,10
ENSG00000198182,1.1490729,0.0,10
ENSG00000266983,2.4639137,2.063078,10
ENSG00000285791,0.16585186,0.0,10
ENSG00000198356,1.6800095,0.0,10
ENSG00000123143_2,0.57327276,1.8893017,10
ENSG00000147434_1,0.04729863,0.0,10
ENSG00000172728,0.06680655,0.0,10
ENSG00000004777,2.0434542,0.0,10
ENSG00000214212,0.33429968,0.0,10
ENSG00000120889,1.8135438,2.0491056,10
ENSG00000267265,0.43750384,0.0,10
ENSG00000090661,1.7281017,1.8224689,10
ENSG00000147687,1.8106968,0.0,10
ENSG00000136997,1.9750504,2.176641,10
ENSG00000269699,1.16155,1.5288267,10
ENSG00000132005,2.3374276,2.2363155,10
ENSG00000167232,0.100897685,0.0,10
ENSG00000248538_2,0.21750167,0.0,10
ENSG00000129991_2,0.39408317,2.1784935,10
ENSG00000076944,1.5554026,2.8275592,10
ENSG00000104964,1.0550601,2.1296577,10
ENSG00000132561,1.5387962,1.4722883,10
ENSG00000036448,0.1142195,0.79372054,10
ENSG00000063177_1,2.5964415,0.0,10
ENSG00000169436,0.5656702,0.0,10
ENSG00000104918,0.31905064,0.0,10
ENSG00000102575,0.36104774,1.2215707,10
ENSG00000170892_1,2.5121546,0.0,10
ENSG00000104472_1,2.7124095,1.8893017,10
ENSG00000105088,0.34010056,0.7388915,10
ENSG00000167632_1,0.37854376,0.0,10
ENSG00000232024,0.14484498,2.1244748,10
ENSG00000225950,0.48898053,0.0,10
ENSG00000197405,0.24196091,0.0,10
ENSG00000105479,0.7265702,0.0,10
ENSG00000066777,2.0450685,2.1127725,10
ENSG00000245857,1.1918651,1.1634297,10
ENSG00000125651,2.0354047,3.0908046,10
ENSG00000174917,2.240747,1.9051805,10
ENSG00000089356,0.2680235,0.0,10
ENSG00000099821,2.1446204,2.0769207,10
ENSG00000185800,2.3432443,1.995328,10
ENSG00000290812,1.5372529,2.0072825,10
ENSG00000080511,0.23065957,0.0,10
ENSG00000046889,1.3011191,1.6302651,10
ENSG00000141905,2.0119648,2.2440171,10
ENSG00000105398,0.08318122,0.0,10
ENSG00000105711,1.8178021,1.4377189,10
ENSG00000179950,2.5881329,1.2756798,10
ENSG00000105438_1,1.5095398,2.949183,10
ENSG00000126247_2,1.6267254,1.4299622,10
ENSG00000155087,0.15859191,0.0,10
ENSG00000269054,2.5703928,1.6714228,10
ENSG00000105643_2,1.6755316,1.8386351,10
ENSG00000105197,2.284669,0.0,10
ENSG00000153310_1,2.1301599,2.2880726,10
ENSG00000125505_1,2.6686664,2.846266,10
ENSG00000147649_1,0.04383184,0.0,10
ENSG00000157110_3,0.40968695,1.0489155,10
ENSG00000104714,2.0241067,2.6051877,10
ENSG00000197863,1.1708658,1.2464739,10
ENSG00000223802,0.49843094,0.0,10
ENSG00000172172_1,1.734029,3.1070504,10
ENSG00000126247_3,1.1251225,0.0,10
ENSG00000251247,0.9821644,0.0,10
ENSG00000253711,0.0064346306,0.0,10
ENSG00000104863,1.9080802,1.8699647,10
ENSG00000099622,2.1501923,1.2464001,10
ENSG00000104808,1.4700397,0.0,10
ENSG00000178150,0.27298653,2.497582,10
ENSG00000105641_1,0.27396634,0.8227041,10
ENSG00000160113,2.3154616,2.2881598,10
ENSG00000124444,2.5655055,2.2998993,10
ENSG00000152467,1.4484152,1.3071322,10
ENSG00000165156,2.556138,2.490113,10
ENSG00000249859_6,0.12921645,0.0,10
ENSG00000104957,2.0590115,0.0,10
ENSG00000237440,0.5228993,1.2373174,10
ENSG00000104814,0.13846682,1.1211658,10
ENSG00000127666,1.3078613,2.347078,10
ENSG00000147642_3,0.9286556,1.5318364,10
ENSG00000075702_1,0.16025002,0.0,10
ENSG00000176533,1.3520195,1.2627594,10
ENSG00000105341,1.1571743,0.0,10
ENSG00000171903,0.4306174,0.0,10
ENSG00000276043_1,2.1188273,2.0494196,10
ENSG00000105220,2.082758,1.4158744,10
ENSG00000051128_2,1.3205264,1.798975,10
ENSG00000269058,1.996962,0.0,10
ENSG00000254087,2.3056946,2.815159,10
ENSG00000164830_3,2.2219815,1.9111309,10
ENSG00000164924_3,2.542379,2.3045766,10
ENSG00000130813_2,0.5674821,0.0,10
ENSG00000223573,1.5437956,1.7576693,10
ENSG00000236144,2.2438543,2.1241617,10
ENSG00000286138,2.079251,1.6444188,10
ENSG00000105483_2,0.57978815,0.0,10
ENSG00000132554,0.29450527,0.0,10
ENSG00000090372,1.8694211,2.5274236,10
ENSG00000249898,0.107276365,0.0,10
ENSG00000179091,2.4707563,3.1364574,10
ENSG00000089351_3,0.7177529,1.5246531,10
ENSG00000167554,0.7860126,1.135069,10
ENSG00000253666,0.14111179,0.0,10
ENSG00000130204,2.7583847,2.98219,10
ENSG00000197863_1,0.88280064,1.4614835,10
ENSG00000253553,1.0620594,0.0,10
ENSG00000269439,2.5719233,0.0,10
ENSG00000080031,0.78832334,0.0,10
ENSG00000171428,0.4266967,1.6065964,10
ENSG00000184672_2,0.9955293,0.0,10
ENSG00000130299_2,2.288806,0.0,10
ENSG00000205133_1,1.484407,1.9920628,10
ENSG00000104450_2,1.5867424,1.7834748,10
ENSG00000142039,2.0194454,2.325298,10
ENSG00000177191,0.8158849,0.0,10
ENSG00000042753_1,0.7717771,1.2626978,10
ENSG00000167815,0.2934199,0.0,10
ENSG00000099797_2,0.68147606,1.2069337,10
ENSG00000197054,0.36293015,1.2785935,10
ENSG00000005007,2.4759357,2.77741,10
ENSG00000141965,2.7283702,2.1279953,10
ENSG00000175305,1.8137741,0.0,10
ENSG00000105373,2.0386267,3.042733,10
ENSG00000129451_1,0.49439386,0.0,10
ENSG00000164733_1,0.33608103,0.0,10
ENSG00000177045,1.8982599,1.9024924,10
ENSG00000188283,2.109345,2.0106814,10
ENSG00000214050,0.13815026,0.0,10
ENSG00000131408_1,1.7839453,1.7464006,10
ENSG00000204941,0.22243446,0.0,10
ENSG00000170873_1,1.5205252,0.0,10
ENSG00000164825,0.33817863,0.0,10
ENSG00000105675,0.41065755,0.0,10
ENSG00000105738,2.052623,1.8143675,10
ENSG00000130520,2.704699,3.1025126,10
ENSG00000078668,2.4705799,2.9121492,10
ENSG00000083812,2.2314453,2.0396323,10
ENSG00000129422_2,0.006513521,0.0,10
ENSG00000205155,1.2466512,0.0,10
ENSG00000251136,1.6869881,0.0,10
ENSG00000275183,1.2795366,1.5334543,10
ENSG00000065989,2.3876672,2.0357099,10
ENSG00000126247_1,1.2559928,2.082013,10
ENSG00000267106_1,1.985018,0.0,10
ENSG00000153896,1.1121048,1.449355,10
ENSG00000176782,0.02273621,0.0,10
ENSG00000205268,2.6208754,2.1106975,10
ENSG00000170604,2.316978,2.123623,10
ENSG00000221869,1.622677,2.1548772,10
ENSG00000239998,0.19192022,0.0,10
ENSG00000164920,2.263791,1.541941,10
ENSG00000276980,0.5513764,1.5592241,10
ENSG00000120896,0.22742894,0.74382323,10
ENSG00000167664,0.24200283,0.0,10
ENSG00000158856_1,0.40808254,0.0,10
ENSG00000247317,1.5748212,1.5303278,10
ENSG00000105483,2.1351264,0.0,10
ENSG00000105011,2.5706954,2.7731872,10
ENSG00000205189_1,1.8364539,1.8197412,10
ENSG00000156170,1.8095207,1.4873195,10
ENSG00000164758,1.5888876,0.0,10
ENSG00000180543,1.2001545,0.0,10
ENSG00000142552,1.125592,0.0,10
ENSG00000183668,0.09585984,0.0,10
ENSG00000105705,2.4306698,2.1459978,10
ENSG00000130724,2.0505693,0.0,10
ENSG00000266559,1.8622816,1.3031312,10
ENSG00000196110,1.9861476,0.0,10
ENSG00000277494,0.4924051,0.0,10
ENSG00000198429,1.1854528,1.7141201,10
ENSG00000147650_1,2.5108762,2.5355473,10
ENSG00000105643,2.3204591,2.1244717,10
ENSG00000172081_1,2.378411,2.1099293,10
ENSG00000189377,0.1785754,0.0,10
ENSG00000179913,0.6772402,1.4741142,10
ENSG00000198521,1.2209477,2.2645369,10
ENSG00000215114,1.5807133,0.0,10
ENSG00000167680_1,1.4753538,1.82007,10
ENSG00000104524,0.4092447,0.99840754,10
ENSG00000136573,0.24759433,0.0,10
ENSG00000170881,2.8731909,2.4022958,10
ENSG00000104885_1,2.5468225,1.732257,10
ENSG00000105671,2.2243922,0.0,10
ENSG00000164764,1.2252309,0.0,10
ENSG00000182472_1,0.88351864,1.2539676,10
ENSG00000121005_2,0.047649916,0.0,10
ENSG00000167733_2,1.8651408,1.2387735,10
ENSG00000169035_1,0.6476471,0.7761925,10
ENSG00000022556_1,0.6908929,0.0,10
ENSG00000137571,1.1790328,1.5280292,10
ENSG00000068903,2.1914897,2.3326888,10
ENSG00000105205,0.09488995,0.0,10
ENSG00000189068,0.29047337,0.0,10
ENSG00000077348,2.120904,0.0,10
ENSG00000167459_1,0.12581283,0.0,10
ENSG00000099840,1.7547164,1.4338977,10
ENSG00000011590_1,0.30712053,0.0,10
ENSG00000258405_1,0.4401539,0.0,10
ENSG00000105497,1.3119501,0.0,10
ENSG00000087086,2.1516075,4.520925,10
ENSG00000105619,1.36374,0.0,10
ENSG00000104833,0.778445,0.0,10
ENSG00000245149,2.811658,2.0821712,10
ENSG00000105486,2.5902367,2.8740687,10
ENSG00000099864_1,1.773907,1.5183823,10
ENSG00000182318,2.1803749,2.3183346,10
ENSG00000267191,1.0026252,1.3671695,10
ENSG00000176909,0.32127166,0.0,10
ENSG00000269696,0.79403144,0.7717638,10
ENSG00000169490_1,2.6835399,2.3972306,10
ENSG00000172164_1,0.064308,0.0,10
ENSG00000105397_2,2.4487808,0.0,10
ENSG00000104998,1.9040378,2.3618412,10
ENSG00000197497,1.3520312,1.9153576,10
ENSG00000183154,0.7000538,0.0,10
ENSG00000126456,1.0247606,0.0,10
ENSG00000164935_1,0.028108697,0.0,10
ENSG00000147789,2.401226,1.9048724,10
ENSG00000169398_3,2.3520322,2.4901369,10
ENSG00000087088,2.235185,2.2495358,10
ENSG00000031823,2.6224625,2.3675292,10
ENSG00000160472,0.24361056,0.0,10
ENSG00000253665,0.057947192,0.0,10
ENSG00000104205_1,1.596786,1.8069528,10
ENSG00000170619,1.9466752,1.9802171,10
ENSG00000267041,2.0721712,2.1570516,10
ENSG00000161558,2.5643828,2.0038826,10
ENSG00000105479_1,2.7048705,1.5708463,10
ENSG00000105370,0.36265853,0.0,10
ENSG00000165392,1.9592564,2.8379986,10
ENSG00000032444_3,0.45271525,0.8573928,10
ENSG00000147419,1.7845192,2.34973,10
ENSG00000104375,2.4246042,2.1084974,10
ENSG00000254092,0.19135529,0.0,10
ENSG00000287325,0.33197704,0.0,10
ENSG00000105323_1,2.8179004,3.0565696,10
ENSG00000154359,1.99291,1.948413,10
ENSG00000181392,0.25543585,0.0,10
ENSG00000130816_1,2.4543486,3.185015,10
ENSG00000105639,0.71604896,0.0,10
ENSG00000169035,0.42437303,0.0,10
ENSG00000104522,2.5110753,2.5580988,10
ENSG00000172081,0.41441482,1.1447299,10
ENSG00000205396,0.42888847,0.0,10
ENSG00000070756_1,0.05460072,0.0,10
ENSG00000179913_1,0.7956323,1.2670778,10
ENSG00000171044_1,0.29097474,1.5118567,10
ENSG00000198453_1,0.61015284,1.6124129,10
ENSG00000132541,2.2552836,0.0,10
ENSG00000077782_2,1.6790478,1.5578078,10
ENSG00000291177,1.8052404,1.8256338,10
ENSG00000221946,0.9670326,1.708404,10
ENSG00000127540,2.3112073,3.3802311,10
ENSG00000104941,0.6578546,0.0,10
ENSG00000179218,2.4595032,4.049249,10
ENSG00000091879,0.105528355,0.0,10
ENSG00000104901,1.0009109,1.4012282,10
ENSG00000131037,0.2677566,0.0,10
ENSG00000164756,0.18909398,0.0,10
ENSG00000290988,1.0525591,1.3554707,10
ENSG00000064490,2.2439427,0.0,10
ENSG00000255364,0.013049405,0.0,10
ENSG00000104823,2.1311297,2.9295063,10
ENSG00000018869,2.0724225,1.362539,10
ENSG00000268001,0.9203444,2.3441663,10
ENSG00000157168_4,0.07791802,0.0,10
ENSG00000115255,2.4656842,2.90455,10
ENSG00000152443,0.41913238,2.1526062,10
ENSG00000167658,0.48244867,2.3004215,10
ENSG00000180921,2.3516054,2.2405992,10
ENSG00000178209_1,1.7926368,1.0536546,10
ENSG00000164924,2.0890903,0.0,10
ENSG00000130479,1.5217643,2.5324192,10
ENSG00000264515,1.3275002,1.9912394,10
ENSG00000090339,1.7235662,2.7667658,10
ENSG00000074219,0.30246547,0.0,10
ENSG00000253168,0.10521945,0.0,10
ENSG00000137575,2.2172623,2.6875308,10
ENSG00000180900,2.0053995,2.101613,10
ENSG00000157168_2,1.502006,1.5002228,10
ENSG00000105278,1.3115668,1.467904,10
ENSG00000168172,2.4082894,2.295391,10
ENSG00000253438_1,0.02215575,0.0,10
ENSG00000147533,2.3371286,2.8244188,10
ENSG00000127511,1.5583165,2.5292764,10
ENSG00000268889,2.1275587,2.1826172,10
ENSG00000256087_1,2.086543,0.0,10
ENSG00000127526,2.539807,2.599337,10
ENSG00000167634,0.2459793,0.0,10
ENSG00000177045_1,1.7644103,1.6378298,10
ENSG00000099330,2.1531217,2.3304646,10
ENSG00000269858_1,1.4758049,1.5142422,10
ENSG00000197483,2.060607,0.0,10
ENSG00000105219_1,1.1505905,1.9205095,10
ENSG00000178719,1.7999046,3.3352592,10
ENSG00000160439_2,0.30794862,0.0,10
ENSG00000127616_2,0.5881183,1.4651449,10
ENSG00000253554,0.23242867,0.0,10
ENSG00000130812_1,0.25310794,0.0,10
ENSG00000120913_3,0.32214972,0.85368603,10
ENSG00000237807_1,0.32541618,0.0,10
ENSG00000220201,0.5535092,0.0,10
ENSG00000147677,1.8643266,0.0,10
ENSG00000176182,1.8484915,0.0,10
ENSG00000126453,2.2190678,2.9456851,10
ENSG00000235531,1.455463,0.5825406,10
ENSG00000256294,1.5115858,0.0,10
ENSG00000013275,2.239964,0.0,10
ENSG00000090554,0.8013708,1.5547677,10
ENSG00000158856_3,0.7038445,1.5650091,10
ENSG00000121005_1,1.0755227,0.0,10
ENSG00000130227_1,0.1380829,0.0,10
ENSG00000142252,1.9382465,2.3164506,10
ENSG00000198576,1.2928953,1.4329212,10
ENSG00000121022_2,0.13460557,0.0,10
ENSG00000104450_1,0.5472877,0.0,10
ENSG00000099330_1,2.2485785,2.4761589,10
ENSG00000105053_1,2.4274106,2.5155137,10
ENSG00000167685_1,0.45605886,0.0,10
ENSG00000267014,0.17728116,0.0,10
ENSG00000104972,0.024047997,1.085469,10
ENSG00000105258_1,2.3451192,2.8598285,10
ENSG00000129355,2.725194,1.7715139,10
ENSG00000179526,2.4996214,0.0,10
ENSG00000012232_1,2.1285756,2.1397846,10
ENSG00000178904_1,2.1455142,1.8590181,10
ENSG00000177051,2.0609806,2.0033183,10
ENSG00000156471,2.5441828,3.0417163,10
ENSG00000099866_1,1.0694987,0.0,10
ENSG00000161249_1,0.5053516,0.9413126,10
ENSG00000187116,0.20189196,0.0,10
ENSG00000105227,1.2277617,1.3123678,10
ENSG00000105270,0.5586458,1.0984014,10
ENSG00000174886,2.625155,3.4022167,10
ENSG00000152475,2.5997782,1.8397859,10
ENSG00000105483_1,0.15472819,1.5728832,10
ENSG00000133275,2.4715579,2.7664948,10
ENSG00000006659,0.014582854,0.0,10
ENSG00000248858,0.22486159,0.0,10
ENSG00000188343,1.6257637,0.0,10
ENSG00000253880,0.1251138,0.0,10
ENSG00000029534_3,2.4656157,3.1413085,10
ENSG00000105723,2.7007558,2.6143486,10
ENSG00000253704,2.194444,0.0,10
ENSG00000130307,0.1886242,0.0,10
ENSG00000168672,0.47677317,0.0,10
ENSG00000167641,0.5827219,1.1504186,10
ENSG00000126456_1,1.3003583,1.7347039,10
ENSG00000130312_1,2.4433842,2.8763564,10
ENSG00000104976,2.467824,2.71671,10
ENSG00000153317_1,1.4897187,1.7317579,10
ENSG00000164741_3,0.0023324564,0.0,10
ENSG00000253658,0.012979742,0.0,10
ENSG00000120899,1.7171687,0.0,10
ENSG00000165061,0.38155702,1.3275714,10
ENSG00000284491,1.9611316,0.0,10
ENSG00000147432,0.04293943,0.0,10
ENSG00000108106,2.7770908,3.4600494,10
ENSG00000253893,1.437213,0.0,10
ENSG00000024422,1.4245286,2.7522645,10
ENSG00000196268,1.2284509,2.126693,10
ENSG00000202360,0.36115003,0.0,10
ENSG00000160961,2.195181,2.3042276,10
ENSG00000161082_1,0.7760437,1.1579099,10
ENSG00000285675,0.29952845,0.0,10
ENSG00000105366,0.26287365,0.0,10
ENSG00000105258,1.9478878,2.4817364,10
ENSG00000171124,0.25136665,0.0,10
ENSG00000181007,1.5264448,1.6371193,10
ENSG00000104870_2,0.6210092,1.1760623,10
ENSG00000147421,2.4149551,2.7333658,10
ENSG00000011451,2.1536522,2.738265,10
ENSG00000147689_1,0.35079703,0.0,10
ENSG00000105552,1.892147,0.0,10
ENSG00000071626,2.6308622,2.3816817,10
ENSG00000268081,0.3367577,0.95632213,10
ENSG00000147481,0.49677303,0.0,10
ENSG00000186579,0.06312263,0.0,10
ENSG00000228887,0.41824672,2.3373435,10
ENSG00000104951_1,2.8433008,3.3620677,10
ENSG00000142065,1.657126,0.0,10
ENSG00000266964,0.42165622,1.0441476,10
ENSG00000104960,2.4093232,1.9383847,10
ENSG00000104427,1.3371325,0.0,10
ENSG00000172232,0.50586504,0.9930657,10
ENSG00000105516,2.1804485,1.1389592,10
ENSG00000253702,0.21715705,0.0,10
ENSG00000104450,1.069479,1.1883659,10
ENSG00000147647,1.043947,1.258302,10
ENSG00000172728_1,2.2062635,0.0,10
ENSG00000076924,1.7463216,0.0,10
ENSG00000198791_1,2.3691938,2.8967025,10
ENSG00000089847,2.1915255,0.0,10
ENSG00000164830_4,0.19377072,0.0,10
ENSG00000168300_1,2.4832466,2.4355419,10
ENSG00000133243,1.7697959,2.1284316,10
ENSG00000035681_2,2.4180143,2.1582026,10
ENSG00000105173,2.0724769,2.1916466,10
ENSG00000245281_1,1.2737416,0.0,10
ENSG00000123810,2.7806325,2.2552943,10
ENSG00000160111,1.5389864,1.3883677,10
ENSG00000120784,1.7736498,1.7420571,10
ENSG00000105698_1,1.9403772,1.9163487,10
ENSG00000130304,0.6351861,1.0441476,10
ENSG00000132000,0.58088607,0.0,10
ENSG00000204524,1.8355658,0.0,10
ENSG00000167491_2,0.17121403,0.0,10
ENSG00000141905_1,2.2180288,2.6666424,10
ENSG00000105397,1.0851383,0.0,10
ENSG00000134014_1,1.9996014,0.0,10
ENSG00000011243_1,2.4118838,2.9125392,10
ENSG00000123146_2,1.7912306,2.6352212,10
ENSG00000105323_3,0.39349812,0.8105685,10
ENSG00000289037,1.9932787,1.4065742,10
ENSG00000168522,2.6945608,2.8397858,10
ENSG00000213904_1,0.70647687,1.1578797,10
ENSG00000167646,1.7074398,0.0,10
ENSG00000174898,2.505699,1.1211658,10
ENSG00000248099,0.5562214,1.3704761,10
ENSG00000079112,0.09863101,0.0,10
ENSG00000141867_1,2.2638493,1.8886231,10
ENSG00000167775,2.2409282,2.5256264,10
ENSG00000105388,0.07240301,0.9412828,10
ENSG00000168481,1.5077691,1.4549972,10
ENSG00000105607,1.6071396,2.301195,10
ENSG00000178287,0.0032894276,0.0,10
ENSG00000008438,0.64852035,0.0,10
ENSG00000125746_2,0.8827848,0.0,10
ENSG00000099804_1,0.5884909,0.0,10
ENSG00000104946_1,1.952788,1.1370374,10
ENSG00000140396_1,1.6848333,1.5502651,10
ENSG00000123143_1,1.8555403,1.4959743,10
ENSG00000172006,2.1708713,1.6759341,10
ENSG00000164830_2,0.11532031,0.0,10
ENSG00000275342,1.4651827,1.2569342,10
ENSG00000184672_3,0.0026026107,0.0,10
ENSG00000285744,0.68341,0.0,10
ENSG00000167578,2.2907324,0.0,10
ENSG00000105642_1,0.9908483,1.4968743,10
ENSG00000105198,0.10412414,0.0,10
ENSG00000198816,1.6261683,1.7130703,10
ENSG00000095752,0.43533313,1.3784705,10
ENSG00000141858,2.1258087,2.6429095,10
ENSG00000104827,0.3185034,0.0,10
ENSG00000266903,0.1991736,0.0,10
ENSG00000290720,2.2426958,0.0,10
ENSG00000287001,0.7725181,1.4501567,10
ENSG00000260428,1.5317547,1.6696887,10
ENSG00000164741_1,1.015061,1.2433853,10
ENSG00000178935,1.7112982,1.8530896,10
ENSG00000079462,2.3761196,2.2744582,10
ENSG00000167460_1,0.88525057,0.0,10
ENSG00000198182_1,1.3765604,1.9140521,10
ENSG00000105669,2.4648206,3.1625316,10
ENSG00000197619,1.0259689,1.5736374,10
ENSG00000178229,2.0584927,1.856064,10
ENSG00000164822,0.1462899,0.65319324,10
ENSG00000123146,0.32099336,0.0,10
ENSG00000290606,0.41989544,2.0041158,10
ENSG00000074219_2,1.1203498,1.9890447,10
ENSG00000291145,2.8811417,1.2627832,10
ENSG00000291086,0.06877343,0.0,10
ENSG00000257103,2.6470253,2.946327,10
ENSG00000104231,1.9381065,2.3212152,10
ENSG00000269404,0.34232298,0.0,10
ENSG00000034677,2.514156,0.0,10
ENSG00000105426,1.2786844,0.0,10
ENSG00000156011_2,0.03428136,0.0,10
ENSG00000010361,1.0620843,0.0,10
ENSG00000129933,2.672647,2.5159798,10
ENSG00000124449,0.31589174,0.0,10
ENSG00000118046,2.4147506,2.3606691,10
ENSG00000183401,0.256428,0.0,10
ENSG00000104756,1.8918172,2.2761261,10
ENSG00000104205,1.4600358,1.4425582,10
ENSG00000156011_1,0.01692687,0.0,10
ENSG00000164808,2.1478243,2.2859037,10
ENSG00000180739_1,0.6907179,1.3016766,10
ENSG00000090924,1.291298,1.1251884,10
ENSG00000129691_1,1.9766777,3.1405647,10
ENSG00000099817,2.2928402,2.9588118,10
ENSG00000183617,2.667272,2.1329956,10
ENSG00000105612,1.649126,2.1700268,10
ENSG00000184672,0.62985086,0.0,10
ENSG00000293495_1,1.944107,2.8866107,10
ENSG00000130734,2.282382,2.4372685,10
ENSG00000229140_4,0.08449811,0.0,10
ENSG00000267107,0.10662924,0.0,10
ENSG00000171606,2.6169477,2.3470957,10
ENSG00000105429,1.879653,0.0,10
ENSG00000269343_1,0.23080926,0.0,10
ENSG00000104312,2.3515022,2.4557886,10
ENSG00000105618,2.2526307,2.7629926,10
ENSG00000104371,0.3120769,0.0,10
ENSG00000201675,0.58258146,1.8564086,10
ENSG00000164796_1,0.44582033,0.0,10
ENSG00000229140,0.009494882,0.0,10
ENSG00000116014,2.4414668,2.5989568,10
ENSG00000253643,0.0049932636,0.0,10
ENSG00000133265,1.8341365,0.0,10
ENSG00000169490,2.5745609,2.2567947,10
ENSG00000233527_1,2.4236503,2.1364129,10
ENSG00000099308,1.2344528,1.7595545,10
ENSG00000187954,2.19036,2.3444316,10
ENSG00000105576_3,0.70743424,0.0,10
ENSG00000088247_1,2.3735328,3.2622898,10
ENSG00000171777,0.7607674,1.1899953,10
ENSG00000275901,0.15466091,0.0,10
ENSG00000164733_2,2.083745,0.0,10
ENSG00000099625,1.7071503,2.1548133,10
ENSG00000178209,1.3967102,1.8451725,10
ENSG00000183638,0.24341238,0.0,10
ENSG00000227500,0.7454232,1.2434845,10
ENSG00000168490,0.767907,1.3423042,10
ENSG00000095066_2,2.3896441,1.6098717,10
ENSG00000120896_1,1.1540552,0.0,10
ENSG00000169122,1.3753575,1.353108,10
ENSG00000156467,2.1970592,0.0,10
ENSG00000104218,2.2862616,2.6228604,10
ENSG00000176571,3.7565827e-05,0.0,10
ENSG00000167657,1.9721757,2.2312198,10
ENSG00000213015,1.7239137,0.0,10
ENSG00000246089,1.4564946,1.295039,10
ENSG00000105063_1,2.702119,2.5918667,10
ENSG00000196466,1.7908583,1.6737027,10
ENSG00000086544,2.363922,1.4916978,10
ENSG00000284638,0.9214514,1.4309293,10
ENSG00000141971_2,2.4600344,2.2080784,10
ENSG00000125912,2.5536184,2.6858196,10
ENSG00000099331,2.3806558,2.4677162,10
ENSG00000134830,0.28604198,0.0,10
ENSG00000089351,0.2890773,0.0,10
ENSG00000242852,0.9307082,0.0,10
ENSG00000104880_1,1.491369,1.8508422,10
ENSG00000090006_4,1.4438379,0.0,10
ENSG00000012061_2,1.097035,0.0,10
ENSG00000142409,2.4997568,2.610511,10
ENSG00000160014,2.7696342,3.1843166,10
ENSG00000199652,-0.007912014,0.0,10
ENSG00000254377_4,0.4557587,0.9984337,10
ENSG00000121289,1.897169,0.0,10
ENSG00000066827_1,0.4996678,0.7035493,10
ENSG00000028277,0.45011863,0.0,10
ENSG00000175305_1,1.8652114,1.7140446,10
ENSG00000104691,1.9158814,2.2071738,10
ENSG00000178078,0.44765487,0.0,10
ENSG00000076650,1.851846,2.0973787,10
ENSG00000079102_2,0.4668513,0.0,10
ENSG00000104313_3,1.2911092,1.292389,10
ENSG00000105323,1.328522,0.0,10
ENSG00000197265,2.4733875,1.7192069,10
ENSG00000104660_1,2.1312494,1.0319333,10
ENSG00000129451_2,0.20905182,0.6224627,10
ENSG00000267530,0.36997786,0.0,10
ENSG00000241852,1.693651,1.5952051,10
ENSG00000071655_1,2.3359053,2.5260031,10
ENSG00000242221,0.098502845,0.0,10
ENSG00000105699_2,2.3459632,3.0587676,10
ENSG00000160888,1.7332238,2.4157126,10
ENSG00000267767,0.95921916,1.2373577,10
ENSG00000008513,0.17908604,1.1952353,10
ENSG00000104549,2.52841,3.2714233,10
ENSG00000115257,2.0027676,1.687074,10
ENSG00000104388,2.4543743,1.975464,10
ENSG00000171443,2.6887684,2.0191746,10
ENSG00000181195,0.67711085,0.0,10
ENSG00000104435,0.051762126,0.0,10
ENSG00000104879,0.24447407,0.70876074,10
ENSG00000129347,2.4537654,2.6584132,10
ENSG00000036565,0.046270322,0.0,10
ENSG00000186818,0.3519699,0.0,10
ENSG00000105447,2.1232424,2.4951944,10
ENSG00000167701,0.6820834,0.89632773,10
ENSG00000198466,1.5880916,0.0,10
ENSG00000171606_1,2.770848,2.0094128,10
ENSG00000176619_1,2.1473358,2.7680607,10
ENSG00000291114,0.20709842,0.0,10
ENSG00000127445,2.0618567,2.4954417,10
ENSG00000197540,0.6946998,0.0,10
ENSG00000212473,0.10720374,0.0,10
ENSG00000184162,1.7335812,1.951954,10
ENSG00000147650,2.430962,2.3745303,10
ENSG00000137573_2,0.030223634,0.0,10
ENSG00000105699,1.8015065,2.1465404,10
ENSG00000105514,1.3071306,0.0,10
ENSG00000083845,1.9538836,4.2364216,10
ENSG00000073008,1.255097,1.7352235,10
ENSG00000095066,1.4442449,0.0,10
ENSG00000189430,1.3318172,1.3003346,10
ENSG00000176396,1.9245938,2.1276522,10
ENSG00000196365,2.9177868,3.0705662,10
ENSG00000164823,0.4914664,1.5786393,10
ENSG00000254101_1,0.14840285,0.0,10
ENSG00000104518,0.9599593,0.0,10
ENSG00000186567,0.1713658,0.0,10
ENSG00000164816,0.22220047,0.0,10
ENSG00000178980,2.0048249,0.0,10
ENSG00000160953,2.1567752,2.1751783,10
ENSG00000168575_4,2.1865985,2.8299851,10
ENSG00000243137,0.14274414,0.0,10
ENSG00000168661,1.817117,1.9399234,10
ENSG00000213889,1.1480722,1.2909868,10
ENSG00000090674,1.8232876,2.1175563,10
ENSG00000105364_1,2.4357321,3.2029457,10
ENSG00000219665,0.8094471,1.9262395,10
ENSG00000226686,0.5063483,0.0,10
ENSG00000253161_2,0.10921553,0.0,10
ENSG00000120992,2.5579798,2.4379566,10
ENSG00000130164,1.7466567,2.8634543,10
ENSG00000142046_1,0.55731434,1.135069,10
ENSG00000189164,1.157149,1.301759,10
ENSG00000196646,0.7914974,1.9723741,10
ENSG00000104524_1,2.6015487,2.1939702,10
ENSG00000104888,0.16367494,0.0,10
ENSG00000253154,0.15878111,0.0,10
ENSG00000269858_2,0.46534634,0.7034633,10
ENSG00000171827,0.711819,0.8146471,10
ENSG00000233927,2.0552616,4.375638,10
ENSG00000104267,1.5955877,1.426934,10
ENSG00000104951,0.2726883,0.0,10
ENSG00000105677,2.3281085,2.2953823,10
ENSG00000105619_1,2.2823956,2.1560037,10
ENSG00000167625,2.5202007,2.1874135,10
ENSG00000088256,2.2216153,2.4395554,10
ENSG00000188305,0.39647248,0.0,10
ENSG00000186526,0.22611079,0.0,10
ENSG00000125753,2.132921,3.3495262,10
ENSG00000272333,2.3269293,2.464564,10
ENSG00000179886,2.5591147,1.839063,10
ENSG00000167232_1,0.87670445,0.0,10
ENSG00000160336,1.6692076,2.429384,10
ENSG00000175324,2.2790394,2.639068,10
ENSG00000012124_1,0.18915597,0.0,10
ENSG00000128016,2.1179,2.8204129,10
ENSG00000246145,2.0827405,0.86111605,10
ENSG00000129455_2,0.29098472,0.98209023,10
ENSG00000171320_1,1.8703797,0.0,10
ENSG00000165046_3,0.19505976,0.0,10
ENSG00000147592,2.251698,2.9064755,10
ENSG00000213799,1.5454303,0.0,10
ENSG00000172164,1.3189216,1.8440421,10
ENSG00000205133,2.1317682,0.0,10
ENSG00000188425,0.4003673,0.0,10
ENSG00000147526_2,2.360268,1.8172148,10
ENSG00000253745,0.10538459,0.0,10
ENSG00000197892_1,2.0740292,2.0680485,10
ENSG00000165392_1,0.07983826,0.0,10
ENSG00000307772,0.31154266,0.0,10
ENSG00000105048,1.8819284,2.615203,10
ENSG00000127616,2.5668879,2.9519978,10
ENSG00000188293,0.12221971,0.0,10
ENSG00000104852,2.9147758,0.0,10
ENSG00000171711,0.076651976,0.0,10
ENSG00000293175,2.0478544,1.8998314,10
ENSG00000105427,0.27795807,0.0,10
ENSG00000038945_2,0.012457352,0.0,10
ENSG00000198363_3,0.15764229,0.0,10
ENSG00000147434,0.049166273,0.0,10
ENSG00000170791,2.2122672,0.0,10
ENSG00000189190,1.1055976,2.3056867,10
ENSG00000038945,0.019510359,0.0,10
ENSG00000142227,1.2636714,0.0,10
ENSG00000105063,0.16946039,0.0,10
ENSG00000176293,0.8305535,1.1848617,10
ENSG00000254777_2,0.8558088,0.0,10
ENSG00000175691,2.4067063,2.0766478,10
ENSG00000160973,1.1013429,2.2960484,10
ENSG00000104755_1,0.42854595,0.0,10
ENSG00000088002,0.40355557,1.0560049,10
ENSG00000233493,2.226615,2.0922644,10
ENSG00000129295,1.2912959,0.0,10
ENSG00000221914_2,0.1772483,0.0,10
ENSG00000158806,0.6041482,1.5985826,10
ENSG00000087903,0.3830659,0.0,10
ENSG00000083838_1,2.169452,1.1150777,10
ENSG00000178685,0.39282992,0.0,10
ENSG00000104814_1,0.3868241,0.0,10
ENSG00000160111_1,1.3980687,1.5891451,10
ENSG00000198131,2.0933769,2.3507614,10
ENSG00000253619,0.016040355,0.0,10
ENSG00000290829,0.91588086,0.0,10
ENSG00000183207,1.9205058,3.0156028,10
ENSG00000213988,0.4623982,1.4269828,10
ENSG00000091656_1,0.106621176,0.0,10
ENSG00000117877,1.9288688,0.0,10
ENSG00000104415,0.15574735,0.0,10
ENSG00000169499,0.99834704,0.0,10
ENSG00000188508,0.17634554,0.0,10
ENSG00000104331,1.721632,2.622412,10
ENSG00000249861,0.0099563375,0.0,10
ENSG00000293380,1.2850368,1.995328,10
ENSG00000105698,1.9299988,2.471912,10
ENSG00000221947,2.0712829,1.930947,10
ENSG00000248538_3,0.26894483,0.0,10
ENSG00000099326_1,2.5705237,2.4213243,10
ENSG00000104870_1,0.70281893,1.5540286,10
ENSG00000205744,0.64880174,0.0,10
ENSG00000126458,1.773813,0.0,10
ENSG00000130748,1.9098883,2.2666786,10
ENSG00000132002_1,2.3732684,0.0,10
ENSG00000008513_2,1.2897995,1.2167516,10
ENSG00000184635,2.033957,0.0,10
ENSG00000127528,1.8030974,1.7223048,10
ENSG00000104894,0.48148832,0.0,10
ENSG00000171044,1.3683938,1.9233528,10
ENSG00000060566_1,0.32252297,0.0,10
ENSG00000187266,1.3573595,0.0,10
ENSG00000161671,1.890296,2.5120704,10
ENSG00000171574_1,2.619808,2.0199673,10
ENSG00000204936,0.46364182,1.102612,10
ENSG00000088247,1.7870449,0.0,10
ENSG00000172167,1.5118958,0.0,10
ENSG00000186106,1.526917,2.2575226,10
ENSG00000269825,1.9706316,2.3158193,10
ENSG00000089351_1,2.1439128,2.350655,10
ENSG00000104783,1.2600229,1.7750787,10
ENSG00000105556,2.0316973,2.2755878,10
ENSG00000167562,2.0228622,0.0,10
ENSG00000213762,1.4994016,1.9558637,10
ENSG00000105707_1,0.24269702,0.0,10
ENSG00000099804,2.3110952,2.7328117,10
ENSG00000130844,0.869834,1.3135508,10
ENSG00000293495,2.8113256,2.8065395,10
ENSG00000179526_1,2.6045475,2.0140414,10
ENSG00000249898_1,2.4645982,1.989343,10
ENSG00000164754,2.347138,1.5555055,10
ENSG00000079459_1,2.445169,3.7850757,10
ENSG00000293484,0.48762017,0.0,10
ENSG00000187244,0.88961047,1.4416165,10
ENSG00000254777,0.36600223,1.4259579,10
ENSG00000257704,2.4896965,2.9826782,10
ENSG00000229140_3,1.5197276,3.232902,10
ENSG00000249471,2.0246036,2.1074915,10
ENSG00000185015,1.3217357,0.0,10
ENSG00000132016,2.2577515,1.963462,10
ENSG00000070404_1,1.8407452,1.3097153,10
ENSG00000200259,0.48296532,0.0,10
ENSG00000179632_1,1.6092272,0.0,10
ENSG00000062370,0.42547077,1.2554896,10
ENSG00000104375_2,0.33477697,0.0,10
ENSG00000077782_3,1.5057456,1.8474616,10
ENSG00000168300,0.070597865,0.7894397,10
ENSG00000124466,0.52679086,1.4668676,10
ENSG00000182087,2.7879558,2.884546,10
ENSG00000079102_3,1.4210004,1.8951296,10
ENSG00000186272,1.5034916,1.85827,10
ENSG00000147443,0.42589298,1.1917863,10
ENSG00000099812,0.35663256,0.78067726,10
ENSG00000291080,2.1997454,1.8409525,10
ENSG00000130208_2,1.0167084,2.3547173,10
ENSG00000197016,0.83940667,0.0,10
ENSG00000105771,2.91089,2.875397,10
ENSG00000141837_1,1.2157714,1.295039,10
ENSG00000160410_2,0.32479015,0.96796894,10
ENSG00000185728,2.5700521,2.716831,10
ENSG00000170323,0.04474048,0.0,10
ENSG00000245910_1,1.2762039,0.0,10
ENSG00000178896,2.5601208,2.521491,10
ENSG00000226807,0.28596237,1.150388,10
ENSG00000171954,0.7443742,1.6026025,10
ENSG00000147481_2,0.47023985,0.0,10
ENSG00000188051,1.4489982,1.9543535,10
ENSG00000161609,1.3665233,0.0,10
ENSG00000284268,2.0577095,3.3535547,10
ENSG00000105656,2.7188148,2.4598355,10
ENSG00000160321,0.51886404,0.0,10
ENSG00000185803,1.1924549,0.0,10
ENSG00000277586,1.0920581,1.8057251,10
ENSG00000165102,2.4313226,1.8424845,10
ENSG00000254254,0.12711973,0.0,10
ENSG00000161860,2.1984062,1.2510539,10
ENSG00000121410,1.2027736,0.0,10
ENSG00000183401_1,1.6317853,0.0,10
ENSG00000204604,1.3459549,1.9717999,10
ENSG00000119559,2.3913856,2.3723412,10
ENSG00000147642_4,1.1734343,1.6752925,10
ENSG00000141994,2.4726868,2.5309114,10
ENSG00000180448,1.6415439,1.8390064,10
ENSG00000147588,0.033654246,0.0,10
ENSG00000102575_1,1.3913815,1.2215811,10
ENSG00000104883_1,0.23683222,0.0,10
ENSG00000172817,1.2307553,1.4713944,10
ENSG00000129451,0.909329,0.0,10
ENSG00000254266,0.03798684,0.0,10
ENSG00000268027,0.039343245,0.0,10
ENSG00000067167,1.9421272,2.8593676,10
ENSG00000104892,0.792421,1.3625956,10
ENSG00000063177,0.21522664,1.3436095,10
ENSG00000178460,0.44730327,0.0,10
ENSG00000136960,0.0123579465,0.0,10
ENSG00000007129_1,0.06934102,0.0,10
ENSG00000167380,1.0213124,1.8809656,10
ENSG00000253374,0.29312828,0.0,10
ENSG00000126246,2.2540436,2.0191662,10
ENSG00000267879,0.17013499,0.0,10
ENSG00000245164,0.025472067,1.1130404,10
ENSG00000186838,0.5669908,1.1271696,10
ENSG00000251247_1,0.6276074,0.0,10
ENSG00000071894,2.4757838,2.7287862,10
ENSG00000293317,0.7394628,0.0,10
ENSG00000023287,2.392705,2.5240078,10
ENSG00000167615,2.7249253,2.9004326,10
ENSG00000130881,1.6669279,1.7930217,10
ENSG00000130513_2,1.4700382,3.067874,10
ENSG00000171574,2.166876,1.6516656,10
ENSG00000120963,2.6401603,3.1611884,10
ENSG00000105393,1.6314484,2.9569087,10
ENSG00000170608,1.6046747,1.6776617,10
ENSG00000283103,2.307424,0.0,10
ENSG00000105568_1,0.50828576,1.1523495,10
ENSG00000160396,0.48790136,0.99033886,10
ENSG00000268182,0.8528839,1.2867663,10
ENSG00000287952,2.2081575,3.6152735,10
ENSG00000104313_2,0.8154946,1.547233,10
ENSG00000291317,2.1960506,2.1954098,10
ENSG00000267855,1.9627348,3.3981364,10
ENSG00000160505_1,0.058065925,0.0,10
ENSG00000104447_1,1.3349354,0.0,10
ENSG00000167759,1.2457385,1.4033779,10
ENSG00000047249,2.125138,2.299128,10
ENSG00000087074,2.4897723,3.1128328,10
ENSG00000160410,0.94261795,0.0,10
ENSG00000131944,1.892384,0.0,10
ENSG00000130818,1.8680506,1.9737927,10
ENSG00000156011_3,0.060052343,0.0,10
ENSG00000164683,0.11522366,0.0,10
ENSG00000086548,0.043347884,0.0,10
ENSG00000182986,0.14322369,0.0,10
ENSG00000105202_2,0.41174743,2.0554166,10
ENSG00000105507,0.3267144,0.7340153,10
ENSG00000118162,2.0028183,1.7750932,10
ENSG00000172748,2.5156076,1.9596461,10
ENSG00000178764,0.8257373,0.0,10
ENSG00000186806,1.7380245,0.0,10
ENSG00000268038,0.55866474,0.0,10
ENSG00000253926,0.10172811,0.0,10
ENSG00000078668_1,0.041693855,0.0,10
ENSG00000164924_5,1.5062468,3.011769,10
ENSG00000129455_1,0.43240052,0.0,10
ENSG00000269289,0.12527883,0.0,10
ENSG00000164935,0.19866267,0.0,10
ENSG00000180855,1.8035351,0.0,10
ENSG00000183647,1.3001212,1.911738,10
ENSG00000072954,1.3577878,1.4148229,10
ENSG00000197181,0.5817443,1.19187,10
ENSG00000293314,1.9629315,1.6908762,10
ENSG00000012232,1.8312114,0.0,10
ENSG00000256683,0.34978303,0.0,10
ENSG00000174586,2.496941,1.5373152,10
ENSG00000121417,1.3865024,1.916959,10
ENSG00000160229,0.91362137,0.0,10
ENSG00000070756,0.20413026,0.0,10
ENSG00000130175_1,0.5032481,1.3250844,10
ENSG00000253361,0.23642705,0.0,10
ENSG00000293317_1,0.47340366,0.0,10
ENSG00000164932,1.6911658,1.9885367,10
ENSG00000205189,0.9791964,1.085469,10
ENSG00000104408,2.0903432,3.7954845,10
ENSG00000105559_2,0.4895614,1.3472325,10
ENSG00000253138,0.15061493,0.0,10
ENSG00000105428,0.26466855,1.0652809,10
ENSG00000269793,0.78858805,0.0,10
ENSG00000178951,2.3099084,2.188906,10
ENSG00000104960_1,2.5612864,2.9233165,10
ENSG00000173530,0.95329285,1.1985747,10
ENSG00000156103,0.6867607,1.1370058,10
ENSG00000173928,2.153472,1.4549059,10
ENSG00000198846,1.1400167,1.0629579,10
ENSG00000126456_2,2.2724977,2.6684418,10
ENSG00000253741,2.1286612,0.0,10
ENSG00000105559_1,1.2775877,0.0,10
ENSG00000141837_2,1.2780519,1.7563089,10
ENSG00000290427,0.02342876,0.0,10
ENSG00000198440,2.3899062,0.0,10
ENSG00000253490,0.02590504,0.0,10
ENSG00000105755,0.8159142,1.9011978,10
ENSG00000175489,0.5178983,0.0,10
ENSG00000253679,0.19079879,0.0,10
ENSG00000160948,0.45590943,0.0,10
ENSG00000133874,0.8741428,1.905526,10
ENSG00000105642,0.6431138,1.0583501,10
ENSG00000105058,1.7455442,2.924624,10
ENSG00000173273,2.335241,2.198184,10
ENSG00000171056,1.5119588,1.318731,10
ENSG00000187735,2.6053047,2.904039,10
ENSG00000083838,2.3616123,1.2882046,10
ENSG00000205038_1,0.14543444,0.0,10
ENSG00000196961,2.3182945,3.131269,10
ENSG00000198551_1,2.238234,2.1178975,10
ENSG00000099797_1,0.36257455,0.0,10
ENSG00000039650,1.5680817,0.9413126,10
ENSG00000126259,0.64951,1.1150444,10
ENSG00000104635_1,2.0682883,1.2068528,10
ENSG00000167617,0.27763212,0.0,10
ENSG00000156735_1,0.16763571,0.0,10
ENSG00000196361,1.1840941,1.6163936,10
ENSG00000147324,1.7926008,2.000911,10
ENSG00000171049,0.06458938,0.0,10
ENSG00000176623_1,1.3276904,0.0,10
ENSG00000131943,2.0399673,1.8061664,10
ENSG00000205517,0.93441993,0.56841296,10
ENSG00000161558_1,2.60003,2.0806913,10
ENSG00000221983_2,0.3482028,0.0,10
ENSG00000186562,0.0013883039,0.0,10
ENSG00000196150,2.4235187,2.2521415,10
ENSG00000177202,0.60305417,0.0,10
ENSG00000164944,2.1750503,0.0,10
ENSG00000178386,0.44182003,0.78504497,10
ENSG00000125910,0.84681296,0.0,10
ENSG00000089847_1,1.2635543,0.0,10
ENSG00000104221,1.7442127,0.0,10
ENSG00000132026,0.32028362,0.0,10
ENSG00000254349,0.0085093565,0.0,10
ENSG00000229833,1.8258166,0.0,10
ENSG00000006638,2.0358167,2.7968516,10
ENSG00000012061_1,2.7989092,2.7204206,10
ENSG00000064607,2.6675205,2.51383,10
ENSG00000127507_1,0.20955822,1.380591,10
ENSG00000282164,0.5669649,0.0,10
ENSG00000147526,0.11588773,0.0,10
ENSG00000286113,1.3854101,0.8499597,10
ENSG00000064687_1,1.6136236,0.0,10
ENSG00000293246,1.5331361,2.321909,10
ENSG00000197124_1,0.49859744,1.1795633,10
ENSG00000167700,2.4362693,1.9239897,10
ENSG00000125746_1,1.7255529,2.332709,10
ENSG00000196172,1.3849202,2.4619575,10
ENSG00000120899_1,0.77739483,0.0,10
ENSG00000125734_1,2.537569,1.9570515,10
ENSG00000160932,1.8657706,2.915689,10
ENSG00000161265_1,1.4680068,0.0,10
ENSG00000147571,0.5529893,1.2771506,10
ENSG00000130749_1,1.3580089,2.3210266,10
ENSG00000159882,0.9081984,0.0,10
ENSG00000180190,0.98909014,1.0142264,10
ENSG00000216490_1,1.3562913,3.1617212,10
ENSG00000167632_2,2.26268,2.293095,10
ENSG00000169393,0.06631899,0.0,10
ENSG00000185988,1.6258125,1.6419696,10
ENSG00000186230,2.0544097,2.2282488,10
ENSG00000167613_1,0.2641519,0.0,10
ENSG00000167654,0.4377505,0.0,10
ENSG00000169515,2.3521469,2.3913603,10
ENSG00000291131,0.76865757,1.3531272,10
ENSG00000164941,2.2211401,2.8356698,10
ENSG00000105143_2,0.5119719,0.0,10
ENSG00000064313,1.9542758,2.774514,10
ENSG00000130813_1,1.7623947,1.8728378,10
ENSG00000174429,0.27330366,0.0,10
ENSG00000253161,0.28677157,0.0,10
ENSG00000155926_2,0.15219036,0.0,10
ENSG00000079313,0.62127805,1.2182571,10
ENSG00000267100,2.6243894,2.360042,10
ENSG00000283674,1.1079934,0.8536739,10
ENSG00000183397,0.49978092,0.8574169,10
ENSG00000007264_1,0.81225663,0.0,10
ENSG00000142453,2.232821,2.8454702,10
ENSG00000104881_1,2.1205368,1.9771701,10
ENSG00000176406,0.81396925,1.238949,10
ENSG00000070756_4,2.3369534,1.7759743,10
ENSG00000105643_1,0.7442762,0.0,10
ENSG00000198363_1,0.022540178,0.0,10
ENSG00000243772,0.25238892,0.0,10
ENSG00000104884,2.2866597,2.2524767,10
ENSG00000123136,2.6242526,0.0,10
ENSG00000130545_1,0.71656,1.2642982,10
ENSG00000171045,1.9626031,1.8652462,10
ENSG00000168575_3,2.4436226,2.8396282,10
ENSG00000249709,1.9994996,1.8713977,10
ENSG00000254251_1,0.08847152,0.0,10
ENSG00000154188_2,0.264722,0.0,10
ENSG00000164879,0.8266439,0.0,10
ENSG00000168615,2.5577927,0.0,10
ENSG00000216588,0.25251237,0.0,10
ENSG00000251136_1,1.8904896,1.1865609,10
ENSG00000079462_1,1.8032014,2.60045,10
ENSG00000130005,1.6631082,2.0434763,10
ENSG00000124459,1.6028497,1.745395,10
ENSG00000258724,2.2531729,2.2511368,10
ENSG00000265817,0.24064034,1.6708857,10
ENSG00000022556,0.47340563,0.0,10
ENSG00000063244_1,2.8783257,2.434743,10
ENSG00000099864_2,0.3001931,0.0,10
ENSG00000140396,0.011750091,1.0721028,10
ENSG00000173875,2.1892648,2.5105531,10
ENSG00000164684,1.322159,1.8466463,10
ENSG00000167656,0.4150584,0.0,10
ENSG00000147408_4,0.40581468,1.2990713,10
ENSG00000198482,1.9977362,2.2621257,10
ENSG00000233270,0.20515499,0.0,10
ENSG00000251191,0.0013195537,0.0,10
ENSG00000104886,2.6473267,2.3716514,10
ENSG00000174917_1,2.1964176,2.7904913,10
ENSG00000261857,0.26491475,1.0919833,10
ENSG00000105281_2,1.4566815,3.440205,10
ENSG00000083307,0.8261139,0.0,10
ENSG00000253161_1,0.057453472,0.0,10
ENSG00000104872_1,2.4877036,2.3978357,10
ENSG00000014164,2.478605,2.1176093,10
ENSG00000131116,2.717889,2.5443547,10
ENSG00000105171,2.2915905,0.0,10
ENSG00000176909_1,0.2942123,0.0,10
ENSG00000270164,0.09660058,0.0,10
ENSG00000160949,2.3455622,2.2716768,10
ENSG00000160959_1,2.6236055,1.8366848,10
ENSG00000185728_1,2.255738,1.411687,10
ENSG00000221826,0.0159709,0.0,10
ENSG00000164934,2.093035,2.3729856,10
ENSG00000291089,1.0003599,1.0743409,10
ENSG00000105246,0.26164797,0.0,10
ENSG00000205209,0.36822358,0.0,10
ENSG00000083828,1.4918184,2.1282248,10
ENSG00000125648,2.0239325,2.9391181,10
ENSG00000129991,1.6824093,0.0,10
ENSG00000090006_5,1.7095611,2.32176,10
ENSG00000147813,2.0478888,2.329591,10
ENSG00000184608,0.08144604,0.0,10
ENSG00000131398,2.2106261,1.0011103,10
ENSG00000196218,0.7403131,0.0,10
ENSG00000155926,0.19235837,0.0,10
ENSG00000133742_1,0.1792643,0.0,10
ENSG00000254415,0.44756708,1.0629954,10
ENSG00000063176,2.5493677,1.5442418,10
ENSG00000104412,2.1051064,2.7479157,10
ENSG00000105726,2.6800675,2.7062569,10
ENSG00000253408_1,1.5751309,0.0,10
ENSG00000105223_2,1.0879991,0.0,10
ENSG00000156469,2.3753464,0.0,10
ENSG00000212429,0.108391866,0.0,10
ENSG00000267308,0.27594635,0.0,10
ENSG00000253824,0.08192696,0.0,10
ENSG00000134014,0.06225201,0.0,10
ENSG00000176531,1.4366083,0.0,10
ENSG00000105366_1,0.18510237,1.2101686,10
ENSG00000284280,0.31441385,0.0,10
ENSG00000156011_4,1.5555353,0.0,10
ENSG00000167614,1.1053586,1.5599186,10
ENSG00000251136_2,2.2908778,0.0,10
ENSG00000197858,2.2893581,2.4918392,10
ENSG00000133731,1.9786081,2.534431,10
ENSG00000029534,0.46468845,0.0,10
ENSG00000248538,1.0980837,0.0,10
ENSG00000188171,0.500176,2.3335783,10
ENSG00000267339_1,0.027605396,0.0,10
ENSG00000147604,1.468582,0.0,10
ENSG00000011422,1.6113935,0.0,10
ENSG00000132294,2.0411072,2.230219,10
ENSG00000236827,1.5368092,2.0463624,10
ENSG00000130517,1.8741645,0.0,10
ENSG00000129968,1.9759338,2.1727722,10
ENSG00000254277,0.0023766235,0.0,10
ENSG00000048392,2.5004973,1.7227573,10
ENSG00000120903,0.20072815,0.0,10
ENSG00000121413_1,1.4085221,1.0876395,10
ENSG00000167769,0.35189432,0.0,10
ENSG00000147408_3,0.23469034,0.0,10
ENSG00000147655,0.6098283,1.4631671,10
ENSG00000130227,2.3271918,2.4631686,10
ENSG00000124440_1,0.23760614,0.0,10
ENSG00000182325,2.2992148,1.9605612,10
ENSG00000164871,0.006763596,0.0,10
ENSG00000125657,2.4642143,2.659552,10
ENSG00000008853_1,1.676753,2.2171943,10
ENSG00000099203,2.651055,1.7904259,10
ENSG00000197360,0.5984049,0.0,10
ENSG00000141873,2.263828,2.567283,10
ENSG00000142541,2.5185041,4.3779454,10
ENSG00000160886_1,1.1485264,1.2671483,10
ENSG00000051128_1,0.3127369,0.0,10
ENSG00000176956_1,1.2798003,1.3484023,10
ENSG00000137547,2.0084362,0.0,10
ENSG00000130203,0.93552977,2.2606866,10
ENSG00000160951,0.8136485,0.0,10
ENSG00000178209_3,2.0793598,0.0,10
ENSG00000153885,2.117086,1.8958092,10
ENSG00000249816_2,0.06370407,0.0,10
ENSG00000105397_1,0.80344355,0.0,10
ENSG00000167468_1,1.0731462,1.7268299,10
ENSG00000011478,2.3487666,2.3127315,10
ENSG00000104408_1,1.9836419,1.0116212,10
ENSG00000245848,1.7139827,1.4209454,10
ENSG00000156482,2.2327816,3.9852922,10
ENSG00000171649,0.78653854,0.0,10
ENSG00000170906,2.1191185,3.1943672,10
ENSG00000066044,2.4551916,2.7830799,10
ENSG00000104343,2.1197848,1.9343469,10
ENSG00000104866,1.6471922,1.1311694,10
ENSG00000130477,0.1746025,0.0,10
ENSG00000176472,1.7373089,1.8841153,10
ENSG00000253877,0.05690311,0.0,10
ENSG00000186020,2.2288995,0.0,10
ENSG00000253582,1.2183652,0.0,10
ENSG00000008853_2,1.6814518,1.6025699,10
ENSG00000165046_2,1.0230116,0.0,10
ENSG00000105219,0.47340563,1.2035768,10
ENSG00000188227_1,0.3336609,0.0,10
ENSG00000104237_1,0.0035809614,0.0,10
ENSG00000115266,0.7771219,1.2700729,10
ENSG00000249859_2,0.27345037,0.0,10
ENSG00000160886,0.794952,1.0984014,10
ENSG00000161249_3,0.35647234,0.0,10
ENSG00000278611,1.9952374,0.0,10
ENSG00000125652,2.5076253,2.586801,10
ENSG00000167460_2,2.3764741,2.9845092,10
ENSG00000178719_2,0.3127149,1.4288796,10
ENSG00000130477_1,1.0281665,1.1370058,10
ENSG00000188039,0.16327904,0.0,10
ENSG00000207110,0.26702353,0.0,10
ENSG00000253972,0.015253928,0.0,10
ENSG00000267467,0.25763103,0.0,10
ENSG00000283959_1,1.401395,0.0,10
ENSG00000167671,0.4704989,0.0,10
ENSG00000178719_3,0.1917521,1.2784106,10
ENSG00000147535,1.103929,0.0,10
ENSG00000104964_1,1.9705765,2.9096951,10
ENSG00000105072,2.05615,0.0,10
ENSG00000167635,2.6375115,2.987204,10
ENSG00000181135,1.4859626,1.9450647,10
ENSG00000072062,0.384963,0.0,10
ENSG00000169427,0.51536936,0.0,10
ENSG00000181666_1,0.6383092,0.0,10
ENSG00000197838,0.31075117,0.0,10
ENSG00000130433,0.52562326,1.227938,10
ENSG00000228801,2.2559583,1.6432256,10
ENSG00000157168_3,0.76167464,0.0,10
ENSG00000189144,1.4437298,1.716671,10
ENSG00000155099,2.0625057,0.0,10
ENSG00000253457,0.1073848,0.0,10
ENSG00000167487,1.825477,0.0,10
ENSG00000179922,1.5313482,1.4055171,10
ENSG00000008441_1,0.26500124,0.0,10
ENSG00000199631,0.44819778,1.7745899,10
ENSG00000167555,0.32371193,1.4319425,10
ENSG00000168081_2,0.15164588,0.0,10
ENSG00000083807,2.4072053,2.4993901,10
ENSG00000160392,2.3323631,2.0142937,10
ENSG00000116017_1,2.2534552,2.6428294,10
ENSG00000185000,2.5219235,2.4920757,10
ENSG00000099797,2.3180177,3.187814,10
ENSG00000240403,0.1921816,0.0,10
ENSG00000042753,0.7498598,0.0,10
ENSG00000104872,1.7591634,2.7867854,10
ENSG00000205744_1,0.32103607,1.2357557,10
ENSG00000221803,0.47715765,0.8825815,10
ENSG00000029534_2,0.1323288,0.0,10
ENSG00000011600,0.2233941,0.0,10
ENSG00000130511,2.568059,2.5427508,10
ENSG00000197363,2.4662185,1.4732095,10
ENSG00000181035,2.2885742,2.1585674,10
ENSG00000105697,0.3855286,1.3472481,10
ENSG00000142235_1,0.6344227,0.0,10
ENSG00000019549,0.49356577,0.0,10
ENSG00000124469,0.01009066,0.0,10
ENSG00000275074,2.4531426,2.1871257,10
ENSG00000079102,0.41310507,0.0,10
ENSG00000104763_1,0.90175074,1.7036868,10
ENSG00000130725,2.7204993,2.6196046,10
ENSG00000130813,1.6461959,2.0415623,10
ENSG00000266916,0.44625965,0.0,10
ENSG00000246430,-0.0067535415,0.0,10
ENSG00000164683_1,2.1585927,2.092931,10
ENSG00000070756_2,0.06567237,0.0,10
ENSG00000198346,1.6193516,2.194259,10
ENSG00000161551,0.80107063,1.3325394,10
ENSG00000165046,0.7325159,0.0,10
ENSG00000171804,1.5898998,0.0,10
ENSG00000124302,1.697433,1.6570559,10
ENSG00000171236,0.8560476,2.219,10
ENSG00000221878,0.04652634,0.0,10
ENSG00000126464,1.778465,2.6522076,10
ENSG00000066855,2.5880704,0.0,10
ENSG00000161914,2.4216075,1.808211,10
ENSG00000105664,1.07045,1.0064232,10
ENSG00000171469,2.168215,0.0,10
ENSG00000161281,0.31527147,0.0,10
ENSG00000213015_1,2.019659,2.665924,10
ENSG00000105576_2,2.4223576,2.0667357,10
ENSG00000090006_3,1.9958887,2.2282772,10
ENSG00000105223_1,1.1775317,2.9691153,10
ENSG00000125734,2.291037,0.0,10
ENSG00000167653,1.1603328,0.0,10
ENSG00000267858,2.6624188,0.0,10
ENSG00000130304_1,2.2325118,1.5918546,10
ENSG00000104228,2.3734093,2.1139433,10
ENSG00000133243_1,0.9355803,0.0,10
ENSG00000161677,2.1399462,0.0,10
ENSG00000279529,2.4017782,0.0,10
ENSG00000198129,0.053786423,0.0,10
ENSG00000042832_2,0.014490712,0.0,10
ENSG00000179909,0.6037453,0.0,10
ENSG00000130208_3,1.5138628,1.2118678,10
ENSG00000245680,0.5899256,0.0,10
ENSG00000197020,1.8200426,2.3101897,10
ENSG00000254008,0.608475,1.3862135,10
ENSG00000213023_1,0.80171555,2.0342193,10
ENSG00000291128,0.48896816,2.3002954,10
ENSG00000204514,0.5309397,1.4632658,10
ENSG00000105321_1,1.6046109,1.490857,10
ENSG00000167680,0.20446795,0.0,10
ENSG00000253394,0.44208178,3.123633,10
ENSG00000132561_2,0.07287054,0.0,10
ENSG00000253117,0.05305248,0.0,10
ENSG00000105371,1.7795441,2.42734,10
ENSG00000196214_1,0.14750227,0.0,10
ENSG00000178150_1,0.5424084,1.1706723,10
ENSG00000205002,1.149584,1.593895,10
ENSG00000012061_3,1.9698671,1.5708463,10
ENSG00000130299,1.82841,0.0,10
ENSG00000130475_2,0.18398505,0.0,10
ENSG00000147654_1,2.358626,2.4172041,10
ENSG00000253105,0.04667566,0.7532766,10
ENSG00000104722,1.4005997,1.3750781,10
ENSG00000177380,1.7125025,1.2613105,10
ENSG00000099785_1,1.0568445,1.0090257,10
ENSG00000130749,2.583302,0.0,10
ENSG00000147606,0.22637329,0.6762728,10
ENSG00000087076,0.6337118,1.0218918,10
ENSG00000147408_1,0.1351888,0.0,10
ENSG00000104679,1.1236756,0.0,10
ENSG00000288704,2.531761,1.2373174,10
ENSG00000164751,2.1957042,0.0,10
ENSG00000279619,0.18725327,0.0,10
ENSG00000076554_2,0.0883923,0.0,10
ENSG00000104320,0.12756239,0.0,10
ENSG00000104361,1.4520624,1.2494918,10
ENSG00000105143_1,1.3256545,1.6902758,10
ENSG00000167601,0.66903335,0.0,10
ENSG00000183019,0.21624973,0.0,10
ENSG00000290859,0.14486095,1.6051973,10
ENSG00000076554_4,1.5493835,1.5600023,10
ENSG00000078674,2.7037344,3.077597,10
ENSG00000105185,2.3155568,3.5462587,10
ENSG00000105610,0.62810034,0.0,10
ENSG00000104853_2,0.25135243,0.0,10
ENSG00000167755_1,0.2490766,0.0,10
ENSG00000169136,2.3366742,3.3582585,10
ENSG00000127663,2.3254955,2.6708941,10
ENSG00000267575,1.4599471,2.1872668,10
ENSG00000181085,0.73848444,1.1670455,10
ENSG00000267448,0.42707393,0.73901826,10
ENSG00000089327_1,2.177183,2.8590302,10
ENSG00000133250,2.7254915,2.2628307,10
ENSG00000268480,0.2968183,0.0,10
ENSG00000291049,1.7258017,1.4530277,10
ENSG00000254777_1,1.2712235,1.2199773,10
ENSG00000167785,2.4391725,0.0,10
ENSG00000197019,2.2658238,1.9896367,10
ENSG00000158863,1.9910204,2.2941706,10
ENSG00000105287,2.0035658,0.0,10
ENSG00000123143,1.9001602,2.4714882,10
ENSG00000170631,1.4488469,1.6493251,10
ENSG00000205076,0.29941177,0.0,10
ENSG00000168495_1,1.6922147,2.2871206,10
ENSG00000079385,0.07086635,0.0,10
ENSG00000130244,2.5171165,2.1570637,10
ENSG00000158856_5,0.8087047,1.2814243,10
ENSG00000181638,2.0352445,1.8674321,10
ENSG00000038945_1,0.022242248,0.0,10
ENSG00000182310,0.21899864,0.0,10
ENSG00000176593,1.486253,1.0810231,10
ENSG00000261787,0.99697894,1.5036137,10
ENSG00000186583_1,0.27432653,0.0,10
ENSG00000266904,1.7721435,1.3519123,10
ENSG00000104490,0.030926954,0.0,10
ENSG00000142534,2.6407504,3.831333,10
ENSG00000161618,2.6583276,2.4084945,10
ENSG00000161082,1.4721097,1.9830089,10
ENSG00000147813_1,1.0578226,2.3087416,10
ENSG00000169169_1,1.1424661,1.3312653,10
ENSG00000206579,1.2229421,1.905472,10
ENSG00000229676,0.81259567,1.3949068,10
ENSG00000267858_1,2.424232,2.0939817,10
ENSG00000089327_2,0.29127204,0.0,10
ENSG00000105383,0.5704641,0.0,10
ENSG00000105127,2.6553664,2.4856462,10
ENSG00000254202,0.0070513636,0.0,10
ENSG00000170909,0.14519033,0.0,10
ENSG00000197766,0.44483206,0.0,10
ENSG00000142025,0.51646686,1.0675915,10
ENSG00000267779,0.1899798,0.0,10
ENSG00000142549,1.348238,1.5247205,10
ENSG00000147606_1,0.014532022,0.0,10
ENSG00000167671_2,1.6293929,2.2281358,10
ENSG00000104365,1.3755957,2.177294,10
ENSG00000161091_1,1.5606923,1.3188144,10
ENSG00000181240,0.3122479,0.0,10
ENSG00000183850_1,0.70939696,1.6913732,10
ENSG00000132004,1.8098553,1.9901524,10
ENSG00000268595,0.861476,0.0,10
ENSG00000105676,2.7223902,2.5582404,10
ENSG00000130544,2.203646,1.9227307,10
ENSG00000167658_1,2.3883543,4.2439356,10
ENSG00000184489_1,0.829828,1.392697,10
ENSG00000249859_7,0.86440974,3.2635982,10
ENSG00000248098,2.2720869,0.0,10
ENSG00000104915,2.2079155,1.9054883,10
ENSG00000205883,0.21583614,0.0,10
ENSG00000182393,0.20493984,0.99572295,10
ENSG00000104611,1.1856431,1.3625579,10
ENSG00000105701,2.435512,3.03755,10
ENSG00000105136,1.0565684,1.4318299,10
ENSG00000253395,2.0090153,1.3374393,10
ENSG00000130751,0.33686885,1.6104791,10
ENSG00000130173,0.2515563,1.0141844,10
ENSG00000171320,0.26079613,0.0,10
ENSG00000147586_1,2.1589215,1.5979254,10
ENSG00000184428,1.5294527,2.557139,10
ENSG00000121022_1,1.4295288,3.07359,10
ENSG00000130810,2.342969,1.4454641,10
ENSG00000147669,0.7631354,0.0,10
ENSG00000155096_1,0.08329643,0.0,10
ENSG00000168575_1,0.80763006,0.0,10
ENSG00000164924_4,2.2207043,2.5657887,10
ENSG00000246145_1,1.1509731,0.0,10
ENSG00000170956_1,0.10279478,0.0,10
ENSG00000105369,0.18160255,0.0,10
ENSG00000020181,1.728235,1.6881261,10
ENSG00000196705,1.6585999,2.8894002,10
ENSG00000167749,0.4969376,1.2357304,10
ENSG00000270164_3,0.028421339,0.0,10
ENSG00000130529,1.7362791,2.25747,10
ENSG00000173334,2.276833,2.384461,10
ENSG00000075702,2.3064096,2.2703924,10
ENSG00000147676,1.4550033,1.9974606,10
ENSG00000153879,2.480289,2.4980485,10
ENSG00000120885_2,0.96479833,1.0368364,10
ENSG00000130309,2.5894408,2.883826,10
ENSG00000108107_1,1.5516713,2.5324485,10
ENSG00000053501_1,1.9441502,0.0,10
ENSG00000147364,1.7360318,1.9173027,10
ENSG00000159871_2,0.30765158,0.9875769,10
ENSG00000147613,0.35085866,0.0,10
ENSG00000197134,1.1491666,2.4884267,10
ENSG00000173273_2,0.005307857,0.0,10
ENSG00000105223,2.3721664,2.6713932,10
ENSG00000174521,1.2672261,1.8854743,10
ENSG00000051128,0.2573339,0.7340794,10
ENSG00000160460_2,1.3528123,0.0,10
ENSG00000177570,0.7351541,1.2263678,10
ENSG00000131931,2.2841573,2.2282207,10
ENSG00000286798,0.06552543,0.0,10
ENSG00000070404,1.1941829,1.5577838,10
ENSG00000142303,1.3020544,1.6892449,10
ENSG00000099822,1.7466235,1.8833774,10
ENSG00000142347_1,0.14626579,0.0,10
ENSG00000147642_2,1.4906642,0.0,10
ENSG00000171051,0.07720296,0.0,10
ENSG00000267106,1.9527283,1.2509564,10
ENSG00000105202,0.32462093,0.0,10
ENSG00000254340,0.071793094,0.0,10
ENSG00000160460,1.6669915,1.9918019,10
ENSG00000142408,0.8624606,1.5945473,10
ENSG00000161091,2.461696,2.6925738,10
ENSG00000257446,1.0630586,1.7146231,10
ENSG00000181896,1.7081828,1.5547435,10
ENSG00000167460,0.32804763,0.0,10
ENSG00000268318,0.31089145,0.0,10
ENSG00000129932_1,2.4336076,0.0,10
ENSG00000104290,1.5268648,1.6924062,10
ENSG00000070423,2.4162936,2.5170956,10
ENSG00000291231_1,0.3260402,1.6278266,10
ENSG00000288596,1.5538853,0.0,10
ENSG00000105559,1.3562775,1.7790262,10
ENSG00000005007_1,0.19072294,1.0854332,10
ENSG00000253868,0.03453728,0.0,10
ENSG00000104853,0.9310183,0.0,10
ENSG00000187556,0.4281511,0.81870085,10
ENSG00000147509,1.7972589,0.0,10
ENSG00000249816,0.2921889,0.0,10
ENSG00000258405,0.3726372,1.1579702,10
ENSG00000182141,1.3106803,2.319978,10
ENSG00000175806,1.6541427,1.7347438,10
ENSG00000196417,1.5410166,0.0,10
ENSG00000142002,0.2850707,0.0,10
ENSG00000129990,1.1420858,1.1796092,10
ENSG00000266976,1.3603568,3.8454664,10
ENSG00000176840,0.24196245,0.0,10
ENSG00000125741_1,0.69929653,1.5764865,10
ENSG00000256229,0.64355534,1.783925,10
ENSG00000104490_1,1.3761966,1.295039,10
ENSG00000053501,2.1834233,2.366983,10
ENSG00000167562_1,1.6792452,0.0,10
ENSG00000268460,0.31320363,0.0,10
ENSG00000130522,2.6176975,3.2739916,10
ENSG00000130475,1.8396406,1.7042706,10
ENSG00000171060,0.2387194,0.0,10
ENSG00000154319,1.2663023,1.1688509,10
ENSG00000164953_1,0.12521194,0.0,10
ENSG00000229140_2,0.8723677,0.0,10
ENSG00000083168,2.2284682,2.5822566,10
ENSG00000104643,2.3882399,1.9486839,10
ENSG00000167554_1,0.14927298,0.0,10
ENSG00000160882,0.30890462,0.0,10
ENSG00000126461,2.6772149,2.4892101,10
ENSG00000270164_1,0.2347958,0.0,10
ENSG00000104907,1.213449,2.5180926,10
ENSG00000104320_2,2.360209,2.8566008,10
ENSG00000196415,0.3240126,0.0,10
ENSG00000188368,2.146738,2.266561,10
ENSG00000085719,1.3680234,2.4754853,10
ENSG00000105137,1.056885,1.0606601,10
ENSG00000180739,0.74804986,0.0,10
ENSG00000147454,2.5527148,3.5195746,10
ENSG00000130758,2.008043,1.5863397,10
ENSG00000167378,2.3530555,1.661074,10
ENSG00000204653_1,0.6058939,1.127202,10
ENSG00000080573,0.88406557,0.0,10
ENSG00000188868,0.7596399,1.4229672,10
ENSG00000155097,2.12175,2.6978629,10
ENSG00000167600,1.0318238,0.0,10
ENSG00000198858,2.2045133,2.961739,10
ENSG00000168546,0.6744248,1.2449695,10
ENSG00000063245,2.534344,2.703386,10
ENSG00000181781_1,0.518292,1.3670949,10
ENSG00000173581,2.0782824,1.9921026,10
ENSG00000167772,1.1672506,1.6638893,10
ENSG00000204978,0.17418593,0.0,10
ENSG00000099875,2.3378258,1.5605642,10
ENSG00000183779,1.4964399,1.7424895,10
ENSG00000154328,1.9578701,2.121983,10
ENSG00000104870,0.35126135,0.0,10
ENSG00000105254,1.9484642,2.3951185,10
ENSG00000198046,1.411362,1.4358444,10
ENSG00000196350,0.68660706,0.0,10
ENSG00000125503,2.5110583,2.382971,10
ENSG00000132010,1.0965118,1.5487701,10
ENSG00000126467,0.26421672,0.0,10
ENSG00000157110_1,0.12242702,0.0,10
ENSG00000142444,2.2900023,2.0728784,10
ENSG00000269954,1.1859462,1.4159011,10
ENSG00000178814_1,0.5885366,1.5488192,10
ENSG00000179855,1.3752475,1.7709992,10
ENSG00000115266_1,0.70661056,0.0,10
ENSG00000181027,1.7775844,2.5126576,10
ENSG00000182307,2.1710973,2.8428774,10
ENSG00000105204_1,1.8030305,0.0,10
ENSG00000283108,0.86416405,0.0,10
ENSG00000153317,0.17961457,0.0,10
ENSG00000105576_1,2.3180032,1.3693829,10
ENSG00000269386_1,2.4047112,2.8047662,10
ENSG00000213999,0.34726033,0.0,10
ENSG00000011485,2.3175225,2.5258362,10
ENSG00000267260,1.711297,0.0,10
ENSG00000126457_1,2.678328,2.420182,10
ENSG00000104880,0.22840238,0.0,10
ENSG00000105722_1,1.9969546,0.0,10
ENSG00000104327,0.773076,2.6161518,10
ENSG00000275591,1.0772648,0.0,10
ENSG00000160957_1,2.427301,2.6904087,10
ENSG00000130299_1,1.6563455,1.3483243,10
ENSG00000164930,1.2958735,1.4288634,10
ENSG00000270164_2,0.047397863,0.0,10
ENSG00000180061,0.57276714,0.0,10
ENSG00000186583,0.4081967,0.0,10
ENSG00000247081,1.2073853,0.0,10
ENSG00000105617,2.7251658,2.1982694,10
ENSG00000099341,2.6324399,3.5835614,10
ENSG00000147488_1,0.047799323,0.0,10
ENSG00000171033_1,0.07689004,0.0,10
ENSG00000213889_1,0.966359,1.6946228,10
ENSG00000086967,0.36107782,0.0,10
ENSG00000197256,2.1207967,0.0,10
ENSG00000105647,2.6711082,2.2961142,10
ENSG00000269416,0.49331382,1.0464952,10
ENSG00000134028_1,-0.005401399,0.0,10
ENSG00000160161,0.5859178,1.7682384,10
ENSG00000105514_1,1.6453285,0.0,10
ENSG00000105649,2.1722279,0.0,10
ENSG00000028277_1,1.5829165,2.1341772,10
ENSG00000198482_1,0.44382283,0.0,10
ENSG00000032444_2,1.6325192,1.7146649,10
ENSG00000176956_2,1.0003024,1.4933883,10
ENSG00000197275,2.0394506,2.1170127,10
ENSG00000178860_1,1.0219153,0.0,10
ENSG00000180257,1.9826906,2.0911286,10
ENSG00000253853,0.32901525,2.2386959,10
ENSG00000137558,0.0063543357,0.0,10
ENSG00000169085,0.16907494,0.0,10
ENSG00000118620,1.7059495,2.3315873,10
ENSG00000249859_8,1.4762633,2.6985703,10
ENSG00000253408,0.7546483,0.0,10
ENSG00000079459,0.24454522,0.98209023,10
ENSG00000090006_7,1.8880539,2.147528,10
ENSG00000104529_1,2.6625757,3.4276905,10
ENSG00000104983,1.8026786,0.0,10
ENSG00000197013,1.5038724,2.0770588,10
ENSG00000182566,0.23976737,0.0,10
ENSG00000253190,2.1565883,1.1311373,10
ENSG00000132017,1.9687144,2.2005086,10
ENSG00000022567,1.9940526,2.5402806,10
ENSG00000076928,1.767829,2.3963754,10
ENSG00000121005,0.9131156,1.5743902,10
ENSG00000185015_1,1.6625761,2.301811,10
ENSG00000168813,1.9346362,2.322736,10
ENSG00000167460_5,0.18346012,0.0,10
ENSG00000198169,2.4404533,1.7618753,10
ENSG00000069399_1,1.8264883,1.8978305,10
ENSG00000105492_1,0.39849758,0.0,10
ENSG00000069206,-0.009520687,0.0,10
ENSG00000130812,2.1199472,0.0,10
ENSG00000164919,1.8803245,3.6022565,10
ENSG00000095932_1,0.41007316,0.0,10
ENSG00000130193,2.1775055,2.4321191,10
ENSG00000168487_1,1.8798196,1.5869584,10
ENSG00000142546,0.27455562,0.0,10
ENSG00000253642,0.13399455,0.0,10
ENSG00000169169,0.46520948,0.0,10
ENSG00000185189,2.1333864,2.1459293,10
ENSG00000292979,2.6031342,2.440295,10
ENSG00000008853,0.26114535,0.0,10
ENSG00000161277,2.6192098,1.6787187,10
ENSG00000224420,0.57716876,0.0,10
ENSG00000268095,0.78561074,0.0,10
ENSG00000105135,1.8823471,1.458653,10
ENSG00000104980,2.6398013,3.1579158,10
ENSG00000224910,1.2285951,1.2357557,10
ENSG00000267277,2.249651,1.7763379,10
ENSG00000104936,1.5467503,1.2371917,10
ENSG00000105372_1,2.6099043,1.2826447,10
ENSG00000104419_4,1.817302,2.032026,10
ENSG00000268061,2.3723001,0.0,10
ENSG00000099783,2.6684349,3.6154134,10
ENSG00000105298,2.6270757,2.453534,10
ENSG00000147679,2.399032,2.4202776,10
ENSG00000269386,2.440214,0.0,10
ENSG00000186326,1.3268843,1.496002,10
ENSG00000186019,0.9907544,0.0,10
ENSG00000164953,1.0529393,0.0,10
ENSG00000185361,2.089496,1.5985936,10
ENSG00000147471,2.2487717,0.0,10
ENSG00000196235,1.9173282,1.7063252,10
ENSG00000197937,1.3644737,0.0,10
ENSG00000126583,0.53825015,0.0,10
ENSG00000253773,2.0389314,1.6195108,10
ENSG00000131126,0.3347454,0.0,10
ENSG00000130202,2.4351525,2.7527213,10
ENSG00000128011,1.7208447,2.002006,10
ENSG00000179943,2.4485693,1.9602376,10
ENSG00000105357_1,1.2861204,0.0,10
ENSG00000254004,1.2537365,2.0437002,10
ENSG00000124440,0.7663309,1.3004868,10
ENSG00000204653,0.41178194,1.0897921,10
ENSG00000125726_1,0.42353758,0.0,10
ENSG00000147488,0.0057227723,0.0,10
ENSG00000105708,1.3381156,1.5917989,10
ENSG00000167733_1,2.0107727,1.3938383,10
ENSG00000105402,1.2534866,1.8061664,10
ENSG00000179820_3,1.692312,0.0,10
ENSG00000130382_1,2.2683797,2.5302253,10
ENSG00000267296,1.6724262,1.6438769,10
ENSG00000204519,1.666157,2.10631,10
ENSG00000213096,0.9337361,2.3871548,10
ENSG00000290587,0.52906036,1.3121858,10
ENSG00000105552_1,1.7907913,2.704655,10
ENSG00000105372,2.668634,3.671899,10
ENSG00000170786,0.83395785,1.1900514,10
ENSG00000173273_1,0.054712832,0.0,10
ENSG00000269190,1.8186764,2.130575,10
ENSG00000185761,1.8803204,0.0,10
ENSG00000249859_3,0.2273199,0.0,10
ENSG00000129354,0.50582576,0.0,10
ENSG00000130513,2.439117,0.0,10
ENSG00000164924_1,2.3870327,1.5264298,10
ENSG00000187550,0.4413832,0.7340794,10
ENSG00000008441,2.0599308,2.5490892,10
ENSG00000090006_1,0.9243489,0.95334405,10
ENSG00000104826,0.29804653,0.0,10
ENSG00000120896_6,1.7876912,1.8771293,10
ENSG00000279300,0.16139808,0.0,10
ENSG00000168575,0.107914895,0.0,10
ENSG00000198453_2,0.52982694,1.221675,10
ENSG00000123146_1,1.5732749,2.8216903,10
ENSG00000284505,0.3263186,0.0,10
ENSG00000181894,0.9408195,1.6253124,10
ENSG00000251003,0.53059953,0.0,10
ENSG00000253210,1.9949508,1.1670809,10
ENSG00000131042,0.1932347,0.0,10
ENSG00000159917,1.5636282,1.414706,10
ENSG00000160471,0.8363828,1.172457,10
ENSG00000136982,2.12351,2.53794,10
ENSG00000285982,0.5839214,0.0,10
ENSG00000005206,2.339151,2.4038854,10
ENSG00000063180,1.5997212,1.2990713,10
ENSG00000126261,2.1189308,3.4697366,10
ENSG00000099337,1.273134,1.6221311,10
ENSG00000159871_1,0.18346518,0.98484224,10
ENSG00000242852_1,0.71068037,0.96796894,10
ENSG00000131849,0.68499047,1.076604,10
ENSG00000104332,1.4829707,1.6480867,10
ENSG00000152454,0.7739143,1.4299299,10
ENSG00000147570,0.13979146,0.0,10
ENSG00000197372,1.4010527,0.0,10
ENSG00000077782,0.17204602,0.0,10
ENSG00000167632,0.34235618,0.8461391,10
ENSG00000142396,2.3548017,3.1033897,10
ENSG00000175445,0.48308107,2.022721,10
ENSG00000156802_1,1.4783514,0.0,10
ENSG00000105202_1,0.9785937,1.2247609,10
ENSG00000130518,0.33163336,0.0,10
ENSG00000147586_2,2.2438247,2.5671077,10
ENSG00000261949,0.28909358,1.0294243,10
ENSG00000181588,1.7997066,2.1394067,10
ENSG00000119574,2.5511022,2.276071,10
ENSG00000105376_1,2.3783607,2.2522728,10
ENSG00000124299,1.2213092,2.058741,10
ENSG00000105609,0.17976445,0.0,10
ENSG00000131115_1,1.3317759,1.986615,10
ENSG00000170956,0.107841626,0.0,10
ENSG00000239039,1.1963581,0.0,10
ENSG00000129353_1,0.7974246,0.0,10
ENSG00000125740,1.1419768,0.0,10
ENSG00000164796,0.5016985,0.0,10
ENSG00000196109,0.46576327,1.3161381,10
ENSG00000105357,0.2764279,0.0,10
ENSG00000142347,0.24069127,0.0,10
ENSG00000228323,2.129818,1.4623381,10
ENSG00000174837,0.05642702,0.0,10
ENSG00000287296,1.6300864,0.0,10
ENSG00000286125,0.6154181,0.0,10
ENSG00000010310,2.0331688,2.1880674,10
ENSG00000267213,2.5544524,1.7004892,10
ENSG00000269729,0.10923183,0.0,10
ENSG00000213967,2.0103724,2.4474308,10
ENSG00000213096_1,1.6170849,2.5147629,10
ENSG00000077463,1.6842055,2.125312,10
ENSG00000104953,1.9533899,0.0,10
ENSG00000161847,2.6024635,3.0139995,10
ENSG00000290933,0.10790005,0.7979596,10
ENSG00000096996,0.37453523,0.0,10
ENSG00000243130,0.03385553,0.0,10
ENSG00000164924_2,2.779129,3.5209222,10
ENSG00000105700,2.128817,0.0,10
ENSG00000184647,0.25431556,0.0,10
ENSG00000104921,0.15783365,0.0,10
ENSG00000104695,2.0813415,2.084873,10
ENSG00000283959,1.9508348,0.0,10
ENSG00000099326,2.958404,1.7614242,10
ENSG00000076641,1.4336346,1.8641549,10
ENSG00000126934,0.46065173,1.0464952,10
ENSG00000181894_1,1.4773271,1.3337696,10
ENSG00000008382,2.3152695,2.042969,10
ENSG00000105221,0.5277402,0.0,10
ENSG00000171017,0.78849024,0.0,10
ENSG00000156172,2.391665,1.6201569,10
ENSG00000154589,0.18400744,0.0,10
ENSG00000171466,2.000477,2.5448442,10
ENSG00000077312_1,2.3875005,3.5770826,10
ENSG00000213999_1,2.0494719,2.1762216,10
ENSG00000189052,0.23826182,0.0,10
ENSG00000267606,2.0073779,1.2357304,10
ENSG00000147573,0.13994403,0.0,10
ENSG00000147465,1.9390682,2.7412674,10
ENSG00000165046_1,2.244082,1.4179199,10
ENSG00000176623,1.9586627,2.8392045,10
ENSG00000197892,0.08533713,0.0,10
ENSG00000256087,1.9642127,1.6924926,10
ENSG00000178538,2.3349466,2.8046227,10
ENSG00000196757,2.2407644,2.175184,10
ENSG00000042832_1,0.016870756,0.0,10
ENSG00000104537,0.04639006,1.0919622,10
ENSG00000126247,2.3437684,3.1277397,10
ENSG00000267577,1.3884196,1.7692221,10
ENSG00000196357,2.5503683,0.0,10
ENSG00000179168,0.8820499,1.0392158,10
ENSG00000074181,0.91270787,0.0,10
ENSG00000147804_1,0.62362915,1.2757028,10
ENSG00000268751,0.7432772,1.6302752,10
ENSG00000278318,0.4305409,1.1171055,10
ENSG00000204866,0.042604428,0.0,10
ENSG00000164687,1.5166076,2.6899045,10
ENSG00000178934,0.2777219,0.0,10
ENSG00000179751,1.1211745,1.201943,10
ENSG00000250305,0.8616782,0.0,10
ENSG00000186111,2.0404687,2.4399955,10
ENSG00000221914_1,1.4832487,0.0,10
ENSG00000255491_1,0.12485418,1.0218918,10
ENSG00000196263,1.1083734,1.2598566,10
ENSG00000253819,0.06555909,0.0,10
ENSG00000104973,2.0749636,2.8320968,10
ENSG00000269720,0.9255726,1.3411574,10
ENSG00000186567_1,0.31180474,1.0876039,10
ENSG00000142046_2,0.5843083,0.0,10
ENSG00000125730,0.18929994,0.0,10
ENSG00000136997_2,1.8134551,1.7750567,10
ENSG00000188227,0.34695992,0.0,10
ENSG00000244165,0.377746,0.0,10
ENSG00000105245,2.524569,2.355237,10
ENSG00000105379,2.5408926,0.0,10
ENSG00000123908,1.9866318,2.2934356,10
ENSG00000254377_1,0.23601969,0.0,10
ENSG00000126460,0.19996133,0.0,10
ENSG00000167034,1.360565,1.3276653,10
ENSG00000181690,2.0046937,1.7342156,10
ENSG00000137563,2.1301785,0.0,10
ENSG00000129353,1.8765793,2.116219,10
ENSG00000105289,0.4279963,0.698118,10
ENSG00000129354_1,0.29818976,0.0,10
ENSG00000267673_1,0.8476402,2.4826021,10
ENSG00000105722,1.9576869,0.0,10
ENSG00000159905,0.34701982,0.0,10
ENSG00000197863_2,0.59915525,0.0,10
ENSG00000167460_3,1.4081995,1.4539907,10
ENSG00000167642,1.5131571,1.5525173,10
ENSG00000104765,2.1131248,3.2895734,10
ENSG00000132554_1,1.1459284,0.0,10
ENSG00000104804,0.8977656,0.0,10
ENSG00000262874,0.7392648,0.0,10
ENSG00000253507,0.0030691773,0.0,10
ENSG00000291235,0.122650474,0.6095944,10
ENSG00000254402,1.8308578,0.0,10
ENSG00000130528,1.454786,2.4414437,10
ENSG00000235173,2.425753,2.1905081,10
ENSG00000168078,2.0066502,2.7220783,10
