,Pred,actual,fold_idx
ENSG00000234694,2.4861984,0.0,1
ENSG00000116396_1,1.388075,1.4493086,1
ENSG00000132704,0.07069412,0.0,1
ENSG00000233008_1,0.8233754,0.8423471,1
ENSG00000143179_1,2.417024,2.3689969,1
ENSG00000066136_1,2.9655132,2.153949,1
ENSG00000116237,2.4395216,2.6075838,1
ENSG00000117174,2.0256681,2.9217384,1
ENSG00000069275,2.7696495,2.8245294,1
ENSG00000117298_3,2.4085777,2.3287058,1
ENSG00000187980,1.6119062,2.231951,1
ENSG00000196482,0.07980591,0.0,1
ENSG00000285728,2.316581,1.6456383,1
ENSG00000253313,0.12808819,0.0,1
ENSG00000253368,1.8653313,1.5778248,1
ENSG00000173673,0.11486695,0.0,1
ENSG00000290867,1.1391252,0.0,1
ENSG00000132906_1,2.4552174,2.6496425,1
ENSG00000117620,2.0446932,2.3470411,1
ENSG00000134183,0.16420707,1.0441476,1
ENSG00000197956,0.8620505,0.0,1
ENSG00000127483_1,2.6712458,2.6545231,1
ENSG00000116701,0.17272756,0.0,1
ENSG00000143036,1.1634008,0.8997111,1
ENSG00000222009_1,0.20656502,0.0,1
ENSG00000134262,1.6779064,1.2771735,1
ENSG00000291234,1.1135974,0.0,1
ENSG00000126088_1,2.8219216,3.2608414,1
ENSG00000173436_1,2.5485916,3.3944604,1
ENSG00000143442_1,0.49953368,2.3821342,1
ENSG00000188643,0.35507777,1.2525375,1
ENSG00000188931,0.07800054,0.0,1
ENSG00000237976,1.2432503,2.0051806,1
ENSG00000143473,1.0576278,0.0,1
ENSG00000117226,0.06661029,0.0,1
ENSG00000236782,0.21685106,0.0,1
ENSG00000160679,2.629419,3.1193252,1
ENSG00000127129,0.8002914,1.3109056,1
ENSG00000116205,2.4389665,0.0,1
ENSG00000163155,1.9117776,1.806553,1
ENSG00000173171,2.2262943,1.4044231,1
ENSG00000179456,0.039477438,0.7806341,1
ENSG00000118454,2.3309288,2.453931,1
ENSG00000169885,0.11017875,0.0,1
ENSG00000154429_1,1.9774586,2.4269779,1
ENSG00000134686,2.3589933,1.7171711,1
ENSG00000276600,0.31633827,0.0,1
ENSG00000143786_1,1.3704962,1.6973252,1
ENSG00000117450,2.7318482,3.7905962,1
ENSG00000117724,2.51938,3.0136209,1
ENSG00000228126,2.3569171,0.0,1
ENSG00000077254,2.1397457,2.6435611,1
ENSG00000116329,1.7073267,1.509337,1
ENSG00000280587_1,0.31234622,0.0,1
ENSG00000117862,2.222904,0.0,1
ENSG00000243709,0.4142401,0.0,1
ENSG00000116754,2.1645503,2.828667,1
ENSG00000048707_3,2.4403098,1.5303278,1
ENSG00000185420,2.1768806,0.0,1
ENSG00000118197,2.6008174,2.146717,1
ENSG00000234593,0.33176062,2.3153782,1
ENSG00000163041_1,1.7087739,1.1109599,1
ENSG00000185155,1.5795156,1.4511721,1
ENSG00000181036_1,0.09256712,0.0,1
ENSG00000228794,0.55876607,0.0,1
ENSG00000084070,0.12966667,0.0,1
ENSG00000054267,2.3685098,0.9876216,1
ENSG00000137996,2.0803318,3.071488,1
ENSG00000188257,0.11864238,0.0,1
ENSG00000188672,0.52941537,0.0,1
ENSG00000233791,0.35545343,0.0,1
ENSG00000127423,2.5692375,2.7230442,1
ENSG00000152763_1,2.4164364,0.0,1
ENSG00000116748_1,0.06520643,0.0,1
ENSG00000231365,2.6539867,2.7135074,1
ENSG00000293505,2.2584345,0.0,1
ENSG00000225206,0.7798328,0.0,1
ENSG00000170075,0.2894449,1.1130203,1
ENSG00000143324,2.3531654,2.5254867,1
ENSG00000179862,1.5283831,1.7430313,1
ENSG00000117859_1,2.368142,3.0373309,1
ENSG00000162745_1,1.5724726,1.3057168,1
ENSG00000185946,2.166543,2.580012,1
ENSG00000156097,0.13855907,0.0,1
ENSG00000044012,0.15091363,1.1723752,1
ENSG00000117834,0.19722888,0.0,1
ENSG00000187010,0.87815607,2.5380015,1
ENSG00000171621,1.6801441,1.6764559,1
ENSG00000186150,0.35045224,0.0,1
ENSG00000143333,0.9616469,1.2798038,1
ENSG00000180198_1,2.405775,2.5018122,1
ENSG00000150681,0.0681722,0.0,1
ENSG00000272438,1.7240664,0.0,1
ENSG00000187554,2.143179,1.6072599,1
ENSG00000186205,1.2989662,1.4288796,1
ENSG00000143036_1,1.2085282,0.0,1
ENSG00000116783,0.063679166,0.0,1
ENSG00000143590,1.6033689,0.0,1
ENSG00000234546,1.1016294,1.140885,1
ENSG00000116771,0.638009,1.1634297,1
ENSG00000143612,2.7242134,2.9931293,1
ENSG00000174332_1,1.726664,1.6221,1
ENSG00000122417_1,1.1435279,1.6842707,1
ENSG00000143207,2.2572143,2.5569632,1
ENSG00000233079,0.1136966,0.0,1
ENSG00000117533,2.5222926,2.6342857,1
ENSG00000188004,1.1594841,1.3590193,1
ENSG00000142875_2,0.14540395,0.0,1
ENSG00000206828,2.0376987,0.0,1
ENSG00000143320,0.9055548,0.0,1
ENSG00000116815,2.0771832,2.899138,1
ENSG00000168264_2,2.3749824,2.710456,1
ENSG00000232077,0.10028339,0.0,1
ENSG00000177788,2.2829776,0.0,1
ENSG00000081248,0.12852252,0.0,1
ENSG00000272106,2.5765586,2.0004296,1
ENSG00000287217,0.3189946,0.0,1
ENSG00000121904,1.2502134,1.7865385,1
ENSG00000160051,2.2506626,2.1439698,1
ENSG00000123472_1,1.8141094,2.2651246,1
ENSG00000116752,2.0432837,2.9105988,1
ENSG00000200087,0.9215279,1.4157411,1
ENSG00000177954,1.9330226,0.0,1
ENSG00000143198,2.5941856,2.7800803,1
ENSG00000143450,0.69957215,0.0,1
ENSG00000233602,0.18620895,0.0,1
ENSG00000042781,0.07989911,0.0,1
ENSG00000160789_4,2.1638482,3.238026,1
ENSG00000001460,1.8062226,1.9788604,1
ENSG00000228382,0.11279436,0.0,1
ENSG00000119280_2,0.11930675,0.0,1
ENSG00000142621_2,0.09371491,0.0,1
ENSG00000143164,2.8835952,2.9784453,1
ENSG00000171793_1,2.4436471,1.6189263,1
ENSG00000198574,0.40772012,0.0,1
ENSG00000116704,2.0932655,1.9166329,1
ENSG00000231365_1,2.157073,0.0,1
ENSG00000143409,1.0179915,0.0,1
ENSG00000171819,0.17760374,0.0,1
ENSG00000154370,1.9829803,2.7981782,1
ENSG00000143515_1,1.2586907,1.2215707,1
ENSG00000076864_2,2.1255705,2.3789337,1
ENSG00000157191,2.3106103,0.0,1
ENSG00000127481_1,2.873147,3.3170056,1
ENSG00000152061_4,0.667995,0.0,1
ENSG00000116874,0.058125526,0.0,1
ENSG00000158874,0.20988083,0.6762728,1
ENSG00000158887_1,0.2256534,0.0,1
ENSG00000136643,2.440099,2.6569898,1
ENSG00000160789_3,0.11851471,0.0,1
ENSG00000223635,2.596064,1.5642872,1
ENSG00000279430,0.42357695,0.0,1
ENSG00000116337,1.9225764,2.1589804,1
ENSG00000143793_1,1.5638142,2.418914,1
ENSG00000158292,1.7189442,1.8107029,1
ENSG00000116273,2.356116,2.4982665,1
ENSG00000143398,1.9463044,0.0,1
ENSG00000238279,0.48430097,0.0,1
ENSG00000228606,0.54281336,1.1485101,1
ENSG00000181656,0.5090934,0.0,1
ENSG00000154309_1,0.10058629,0.0,1
ENSG00000117620_1,0.74993914,0.0,1
ENSG00000283227,0.06523444,0.0,1
ENSG00000159592_1,2.916091,2.676901,1
ENSG00000121905,1.0778141,0.88603926,1
ENSG00000116786,2.0707593,2.4002357,1
ENSG00000137960_1,1.3645164,1.2895889,1
ENSG00000142623,0.14463277,0.0,1
ENSG00000182795,0.72614926,0.0,1
ENSG00000178828,0.22233504,0.0,1
ENSG00000054392_1,1.1679963,1.5473316,1
ENSG00000162723,0.15884632,0.0,1
ENSG00000143498,1.8413547,0.0,1
ENSG00000117118,0.06523674,0.0,1
ENSG00000162620,1.2557256,1.172457,1
ENSG00000213512,0.032475688,0.0,1
ENSG00000117133,1.458164,2.8972366,1
ENSG00000117419_1,2.0816662,2.4278316,1
ENSG00000181450,2.1670775,2.282511,1
ENSG00000185668,1.562378,1.6782087,1
ENSG00000143452,0.17791045,1.0536776,1
ENSG00000163909,1.4813449,1.113007,1
ENSG00000143742,2.677793,3.5440047,1
ENSG00000133059_1,2.0283234,1.7745899,1
ENSG00000160818,0.9580563,0.0,1
ENSG00000158887,1.4869386,1.7213076,1
ENSG00000233008,0.3175009,0.0,1
ENSG00000204160,2.183592,2.814434,1
ENSG00000135747,2.3212416,0.0,1
ENSG00000117640,2.6886656,2.259921,1
ENSG00000212144,0.10940699,0.0,1
ENSG00000142621_1,0.6430166,0.0,1
ENSG00000162444,1.2587179,0.9736358,1
ENSG00000224259_1,0.08957206,0.0,1
ENSG00000203804,1.7504258,0.0,1
ENSG00000172380,1.4546937,0.0,1
ENSG00000177000_1,1.3472567,2.260708,1
ENSG00000290592_1,0.13343695,0.0,1
ENSG00000223075,0.04701127,0.0,1
ENSG00000116212_1,2.1435935,2.458381,1
ENSG00000132128_1,2.8240812,2.4549835,1
ENSG00000162522_2,0.4307252,0.0,1
ENSG00000236546,0.31567842,0.0,1
ENSG00000123684,1.722187,2.081995,1
ENSG00000242252,0.27174014,1.241895,1
ENSG00000198797,0.38108107,1.7497054,1
ENSG00000162813,0.8091026,0.0,1
ENSG00000143575,1.8245808,3.28317,1
ENSG00000169598,2.2921078,2.1304464,1
ENSG00000226891,1.044029,0.9736819,1
ENSG00000054523,2.274599,2.319183,1
ENSG00000143365,0.19838864,0.0,1
ENSG00000229989_1,0.07244514,0.0,1
ENSG00000077157,2.5580142,2.3013556,1
ENSG00000285053_1,0.3701377,0.0,1
ENSG00000187017,1.7990162,1.9309236,1
ENSG00000074800_1,2.111009,0.0,1
ENSG00000127124,1.5501808,1.9169695,1
ENSG00000162885,2.6376584,2.0705957,1
ENSG00000116337_2,1.5453851,1.2435341,1
ENSG00000011021,2.2284973,2.1132011,1
ENSG00000023572,2.3557312,2.8519185,1
ENSG00000163462_1,0.46907014,0.92577606,1
ENSG00000143256,2.288871,0.0,1
ENSG00000116761,2.105836,2.688563,1
ENSG00000224093,0.3748188,0.0,1
ENSG00000142621_3,0.22779788,0.0,1
ENSG00000117020,0.04132938,0.0,1
ENSG00000203697,0.16430762,0.0,1
ENSG00000116584_1,2.257806,0.0,1
ENSG00000134748,2.6549323,2.7729397,1
ENSG00000284882,2.1386323,0.0,1
ENSG00000293477,0.46137777,1.003762,1
ENSG00000171608,1.6999165,2.0468774,1
ENSG00000185220,2.9186103,2.0511332,1
ENSG00000117091,0.07192616,0.0,1
ENSG00000162409,1.4369978,1.7772818,1
ENSG00000143373,2.8844306,1.7900106,1
ENSG00000162545_1,0.9043389,1.7192235,1
ENSG00000125462_1,0.5940699,1.0343878,1
ENSG00000117682,1.8251225,1.9531603,1
ENSG00000171680_5,1.3286438,1.2923225,1
ENSG00000175087,2.5380125,1.7317418,1
ENSG00000143178,0.23993775,0.0,1
ENSG00000116774_1,0.12745266,0.0,1
ENSG00000162636,2.3236032,2.3318603,1
ENSG00000203709,0.48047036,0.0,1
ENSG00000143622,1.2866614,0.0,1
ENSG00000162493_2,0.1478782,0.0,1
ENSG00000162695,1.96516,2.4751682,1
ENSG00000180875,0.8720948,0.0,1
ENSG00000198734,0.44555548,0.8573928,1
ENSG00000189339,2.6597483,1.9915361,1
ENSG00000130775,1.3312341,1.6628239,1
ENSG00000184007,0.113675155,0.0,1
ENSG00000159166,0.85907704,0.0,1
ENSG00000117280,0.4677324,1.5264298,1
ENSG00000227764,0.08159565,0.0,1
ENSG00000198830,2.2716727,3.6416426,1
ENSG00000162512,1.9672365,2.449469,1
ENSG00000196517,0.41727847,1.089778,1
ENSG00000118194_2,0.124996915,0.0,1
ENSG00000230426,0.44602716,0.0,1
ENSG00000090621,1.8168921,0.0,1
ENSG00000116574,1.5384645,1.4933325,1
ENSG00000143493,2.9828959,2.3769436,1
ENSG00000162510,0.3749306,1.6284155,1
ENSG00000117054_1,2.536304,2.963291,1
ENSG00000131788,2.1168268,1.8015271,1
ENSG00000091483,1.9975247,3.5791454,1
ENSG00000143369,0.6335057,0.0,1
ENSG00000160753_2,1.8972384,2.3669121,1
ENSG00000084623,0.47929305,1.1813576,1
ENSG00000170989_1,0.25473526,0.0,1
ENSG00000143839,0.18348914,0.0,1
ENSG00000230798_1,1.8939761,1.6163536,1
ENSG00000143633,2.4129772,2.4976125,1
ENSG00000286600,0.15351522,0.7761925,1
ENSG00000189433,0.11637909,0.0,1
ENSG00000224259,0.07669384,0.0,1
ENSG00000016490,0.028398892,0.0,1
ENSG00000118873,2.478143,2.096639,1
ENSG00000185842,2.349676,3.0625632,1
ENSG00000143507,0.2776412,0.0,1
ENSG00000182004,2.5472703,3.6163158,1
ENSG00000143740,0.8324358,1.1706723,1
ENSG00000260971,0.10828864,0.0,1
ENSG00000162373,0.82998,0.0,1
ENSG00000116745,0.011011856,0.0,1
ENSG00000273002,0.7879173,1.5744249,1
ENSG00000133019,1.2225456,0.0,1
ENSG00000118194_1,0.12018129,0.0,1
ENSG00000116774,0.4403779,0.0,1
ENSG00000116785,0.036723025,0.0,1
ENSG00000131238,1.0968535,3.000149,1
ENSG00000235782,0.09687683,0.0,1
ENSG00000159423,2.482057,2.226703,1
ENSG00000117148,0.2365809,1.6581163,1
ENSG00000152092,0.8196363,1.1899673,1
ENSG00000295836,1.3171982,1.5765141,1
ENSG00000081026_1,1.5026096,1.2086025,1
ENSG00000162783,2.5691237,2.5039403,1
ENSG00000187889,0.16760676,0.0,1
ENSG00000266094_1,0.21169291,0.0,1
ENSG00000184270,2.4195516,3.3091872,1
ENSG00000049245,2.260032,2.8251948,1
ENSG00000054116,2.5232067,2.7650363,1
ENSG00000162551_1,0.16373366,0.0,1
ENSG00000162639,1.3097711,0.0,1
ENSG00000143110,0.21155286,0.0,1
ENSG00000133065,2.0504723,2.115747,1
ENSG00000155380_1,2.658215,3.3235822,1
ENSG00000180098,1.3571677,0.0,1
ENSG00000270276,2.631113,3.4362867,1
ENSG00000198049,0.61926746,0.0,1
ENSG00000235169,2.11022,2.1891813,1
ENSG00000159388,2.4876797,2.8277576,1
ENSG00000134222,2.5833557,2.2141097,1
ENSG00000143126,2.0387692,1.9663529,1
ENSG00000162676_1,1.0458978,1.4705869,1
ENSG00000117528,2.1047907,2.3646467,1
ENSG00000070831,2.4376378,3.409742,1
ENSG00000116521_2,2.1781728,3.0738869,1
ENSG00000163874_2,0.24809295,1.1483867,1
ENSG00000143337_3,2.5774102,0.0,1
ENSG00000116857,2.165352,2.3027658,1
ENSG00000081870,2.317552,2.3629704,1
ENSG00000188807,2.2677896,1.6169479,1
ENSG00000153187_2,1.4437138,2.2069068,1
ENSG00000116199,2.580197,2.4759617,1
ENSG00000183831,0.48903134,0.0,1
ENSG00000185519,1.4097526,1.3717327,1
ENSG00000116717,2.4928498,3.2304132,1
ENSG00000271723,0.1110591,0.0,1
ENSG00000117676,2.0579727,2.3006456,1
ENSG00000123685,1.5775187,1.5708348,1
ENSG00000157873,0.20533645,0.0,1
ENSG00000187583,1.2247745,1.32255,1
ENSG00000143702_1,1.3993825,0.0,1
ENSG00000117394,0.4324749,1.292234,1
ENSG00000152061,2.561812,1.3749682,1
ENSG00000134198,1.1031424,1.3043182,1
ENSG00000162873_1,0.15433636,0.0,1
ENSG00000171492_1,1.2238806,2.2293773,1
ENSG00000224051,2.252047,2.5970323,1
ENSG00000122484,2.1340191,2.3278246,1
ENSG00000085831_2,1.5273986,1.2372671,1
ENSG00000183888,0.14855683,0.0,1
ENSG00000219073,0.13071766,0.0,1
ENSG00000092853,0.09201766,0.0,1
ENSG00000058673,2.7107992,2.9921222,1
ENSG00000117054,2.5802865,2.9745624,1
ENSG00000142937,2.949199,3.6481483,1
ENSG00000174021,2.1223607,2.9803352,1
ENSG00000116906,2.2875926,2.8404706,1
ENSG00000116521,1.251452,0.0,1
ENSG00000201558,1.8950706,2.272415,1
ENSG00000280670,1.5697194,1.2166197,1
ENSG00000084070_1,2.4258847,3.0787032,1
ENSG00000116171,1.761313,2.121688,1
ENSG00000055070,2.6450331,2.8765821,1
ENSG00000134644,2.668889,2.359308,1
ENSG00000159189,0.4208321,0.0,1
ENSG00000116863,2.2242603,2.2179153,1
ENSG00000229588,0.87274325,1.1211658,1
ENSG00000078900_1,0.15523635,0.0,1
ENSG00000143776,2.4060385,2.6787004,1
ENSG00000117245_1,1.4696772,1.5017848,1
ENSG00000274265,1.5191818,1.4759994,1
ENSG00000282843,0.09729926,0.0,1
ENSG00000023902,1.729308,1.7196958,1
ENSG00000134717,2.5529354,0.0,1
ENSG00000203786,0.107532255,0.0,1
ENSG00000122420,0.7429344,1.5800121,1
ENSG00000117016_1,1.0863764,0.0,1
ENSG00000286389,1.2535973,0.0,1
ENSG00000142632_1,2.670948,2.0733516,1
ENSG00000143376_1,2.1509812,1.8991472,1
ENSG00000233730,0.110511236,0.0,1
ENSG00000197472,1.8696594,2.102492,1
ENSG00000142875_3,0.10569903,0.0,1
ENSG00000162946_1,0.056917213,0.0,1
ENSG00000174950,0.705381,0.0,1
ENSG00000136631,1.8193913,1.682127,1
ENSG00000227579,0.03048584,0.0,1
ENSG00000127463,1.6810118,2.774173,1
ENSG00000143479,2.371891,2.0899403,1
ENSG00000230489,0.51533276,0.0,1
ENSG00000007908,0.022712817,0.0,1
ENSG00000163879,0.6124652,0.0,1
ENSG00000163874,2.2161138,1.8531017,1
ENSG00000117000,2.4352236,2.471695,1
ENSG00000189171_1,2.2864306,3.1417036,1
ENSG00000127603_2,0.55815655,2.1904242,1
ENSG00000143119,0.11792355,0.0,1
ENSG00000137960,0.84374785,0.0,1
ENSG00000229960,0.11523492,0.0,1
ENSG00000163218,0.07911362,0.0,1
ENSG00000132855,0.037865207,0.0,1
ENSG00000171161,2.6972759,2.7112799,1
ENSG00000092969,0.44100448,0.0,1
ENSG00000224051_1,1.1714622,0.0,1
ENSG00000117602_1,2.0277033,1.477642,1
ENSG00000163485_2,0.116089836,0.0,1
ENSG00000189334,0.20032679,0.0,1
ENSG00000053372,2.610829,2.083825,1
ENSG00000117298,0.8866482,1.0720881,1
ENSG00000116260,2.3841295,0.0,1
ENSG00000234476,0.2394604,0.7291162,1
ENSG00000143578,2.5521789,1.8827522,1
ENSG00000160678,0.23558028,0.0,1
ENSG00000049089,0.58380634,0.0,1
ENSG00000229953,1.7716433,3.450041,1
ENSG00000116721,0.110154964,0.0,1
ENSG00000097046,2.7101834,2.6950006,1
ENSG00000183317,0.43000782,0.0,1
ENSG00000142698,0.8435566,1.506126,1
ENSG00000215835,0.13902013,2.2596893,1
ENSG00000116981,1.3043153,1.2198726,1
ENSG00000137944,2.4534762,2.3344538,1
ENSG00000132693,0.01491574,0.0,1
ENSG00000117594_1,0.10345967,0.0,1
ENSG00000116663,2.0684295,2.1846232,1
ENSG00000184908,0.41598433,0.0,1
ENSG00000188782,0.39582467,0.0,1
ENSG00000082497_1,0.12571743,0.0,1
ENSG00000131781_1,0.3402175,1.0244036,1
ENSG00000177888,2.5363321,2.1681557,1
ENSG00000143194,0.7510469,1.208522,1
ENSG00000169469,0.04978624,0.0,1
ENSG00000265808,2.2311058,3.124765,1
ENSG00000288825,2.7301438,3.9249787,1
ENSG00000291158_3,1.231025,0.0,1
ENSG00000123836,0.22794855,0.0,1
ENSG00000222650,0.06982768,0.0,1
ENSG00000281406,0.47342202,1.203604,1
ENSG00000143793,2.384053,2.2561355,1
ENSG00000164002,1.3951852,1.4977036,1
ENSG00000258082,0.3463191,0.0,1
ENSG00000116157,1.5626715,1.779019,1
ENSG00000162733,0.1396407,0.0,1
ENSG00000117385,2.4896326,2.300893,1
ENSG00000284770,1.7981061,0.0,1
ENSG00000215883,2.4472322,2.0297813,1
ENSG00000225206_1,0.62989795,1.8288403,1
ENSG00000135775,2.1169295,2.2318645,1
ENSG00000116991,1.5745413,1.3784888,1
ENSG00000130768,0.4131976,1.1390285,1
ENSG00000206680,0.051478207,0.0,1
ENSG00000008130,2.4316776,2.166273,1
ENSG00000162526,0.4330462,0.0,1
ENSG00000215808,0.118951835,0.0,1
ENSG00000186409,0.567174,0.0,1
ENSG00000142684,2.3603485,2.9570682,1
ENSG00000090104,0.16488206,0.0,1
ENSG00000162747,0.11700981,0.0,1
ENSG00000053371,2.438331,2.8445692,1
ENSG00000162753,0.32880116,0.0,1
ENSG00000221978,2.640034,2.6282468,1
ENSG00000226758,0.06564353,0.0,1
ENSG00000186364,1.3899074,1.8802418,1
ENSG00000132768,1.5346197,2.4281995,1
ENSG00000274978,2.1870427,2.797586,1
ENSG00000163463,0.43363598,0.0,1
ENSG00000014914,0.08733146,0.0,1
ENSG00000236528,2.6438107,0.0,1
ENSG00000143248_1,1.8435776,0.0,1
ENSG00000291072,3.111456,0.0,1
ENSG00000182827,2.366577,3.1521232,1
ENSG00000160062,1.6164795,1.7701006,1
ENSG00000142627,1.1548283,1.3121985,1
ENSG00000142632,2.3055465,1.462428,1
ENSG00000184007_2,2.702061,3.5243416,1
ENSG00000284882_1,2.185457,0.0,1
ENSG00000143570,2.1926143,0.0,1
ENSG00000134207_1,0.6321929,0.9533344,1
ENSG00000160710,1.8322984,1.8152057,1
ENSG00000162493_1,0.5282582,0.0,1
ENSG00000078369,2.3610067,2.0282662,1
ENSG00000162368,2.691341,3.0172546,1
ENSG00000231663_1,2.423948,3.0521166,1
ENSG00000158882,0.82719874,2.162427,1
ENSG00000157911,2.4458194,0.0,1
ENSG00000078808,2.5182877,2.8116667,1
ENSG00000162391,0.18761832,0.0,1
ENSG00000203325,0.76703286,0.9984337,1
ENSG00000160072,2.5312169,0.0,1
ENSG00000121310,0.87468964,0.0,1
ENSG00000182898,0.086936764,0.0,1
ENSG00000198744,4.030321,3.3948367,1
ENSG00000227963,2.3897493,2.1102192,1
ENSG00000196187,0.1220654,0.0,1
ENSG00000163485_1,0.34440196,0.0,1
ENSG00000170128,1.2172811,1.5657061,1
ENSG00000207181,0.44539782,0.7532459,1
ENSG00000244094,0.05051136,0.0,1
ENSG00000173627,0.14683774,0.0,1
ENSG00000232093,2.1919534,2.0245225,1
ENSG00000184371,1.8387499,1.9706258,1
ENSG00000143367,1.9286722,1.6296746,1
ENSG00000162782,0.9457699,0.0,1
ENSG00000119280_1,0.96075535,1.230934,1
ENSG00000160075,2.5926473,2.440333,1
ENSG00000290735,1.2805799,2.85204,1
ENSG00000058085,0.5325382,0.0,1
ENSG00000077157_1,0.09231896,0.0,1
ENSG00000116514,2.0620043,1.9374677,1
ENSG00000184908_2,0.6296599,0.0,1
ENSG00000152760,0.49800926,0.0,1
ENSG00000287338,0.10530967,0.0,1
ENSG00000155761,1.293721,0.0,1
ENSG00000131591,2.278859,0.0,1
ENSG00000178715,0.21924087,1.5010867,1
ENSG00000189171,0.22287405,0.0,1
ENSG00000269934,1.4984235,1.6414443,1
ENSG00000143379,1.2831475,0.0,1
ENSG00000173372_1,0.16350292,0.7626035,1
ENSG00000117640_1,2.5439522,1.5700641,1
ENSG00000182118,2.0443912,2.276255,1
ENSG00000035687,2.6131496,3.0595105,1
ENSG00000143476,2.8470292,0.0,1
ENSG00000176393_1,0.8007479,0.0,1
ENSG00000090020,2.0513368,2.230666,1
ENSG00000158715,1.4398104,1.634064,1
ENSG00000176092,0.27401572,0.0,1
ENSG00000078900,1.7577586,1.4605521,1
ENSG00000143179_2,0.19510947,0.0,1
ENSG00000197056,2.114795,2.3283632,1
ENSG00000197959_1,0.06748301,0.0,1
ENSG00000134207,1.1502748,1.6058866,1
ENSG00000157873_2,0.7285839,0.0,1
ENSG00000120334_1,1.6640278,2.917038,1
ENSG00000120656,2.882348,0.0,1
ENSG00000078618,0.087445356,0.0,1
ENSG00000168509,0.6530109,0.0,1
ENSG00000177606,2.321772,2.1357462,1
ENSG00000198756,1.4617609,2.3907409,1
ENSG00000004455_1,1.6523684,0.0,1
ENSG00000235545,1.9720751,0.0,1
ENSG00000126705,2.314125,2.3873186,1
ENSG00000162616,2.7185469,2.1415439,1
ENSG00000143167,0.104993194,0.0,1
ENSG00000186226,0.117863454,0.0,1
ENSG00000160783,2.1684313,2.9734545,1
ENSG00000284738,2.219395,1.1291418,1
ENSG00000181873,2.6949806,2.1333792,1
ENSG00000162598,0.060254358,0.0,1
ENSG00000184908_1,1.0678948,0.0,1
ENSG00000228044,0.12197184,0.0,1
ENSG00000154305,2.189674,2.906564,1
ENSG00000072694,0.18321091,0.0,1
ENSG00000162385,2.2617888,0.0,1
ENSG00000163564,0.03865823,0.0,1
ENSG00000162599_1,1.9893861,2.7637873,1
ENSG00000119280,1.688223,1.9578992,1
ENSG00000271736,0.4595761,1.5671911,1
ENSG00000187608,1.0358666,0.0,1
ENSG00000143702,0.09887062,0.0,1
ENSG00000143761,2.7109349,3.4435024,1
ENSG00000131233,0.07220089,0.0,1
ENSG00000064703,1.9223614,0.0,1
ENSG00000196188,0.16219659,0.0,1
ENSG00000142655,1.4217631,2.8556547,1
ENSG00000142910_1,0.10625986,0.0,1
ENSG00000242485,2.4886553,3.4043102,1
ENSG00000196805,0.06003233,0.0,1
ENSG00000116544,1.4629066,1.6045284,1
ENSG00000142892,0.9067288,0.0,1
ENSG00000293279,1.9960618,0.0,1
ENSG00000133216,1.7235824,2.038163,1
ENSG00000158786,0.12158582,0.7762361,1
ENSG00000186973,0.33417416,0.82674843,1
ENSG00000203666_1,2.3740492,1.793462,1
ENSG00000196352,2.8159487,3.5125844,1
ENSG00000198746,1.9918116,2.2691627,1
ENSG00000153898,1.1843975,1.1005015,1
ENSG00000204219,0.95116895,0.0,1
ENSG00000143258,2.0405135,2.2593477,1
ENSG00000135824_2,0.21702246,0.0,1
ENSG00000196189,0.1586935,0.0,1
ENSG00000250734,0.36717924,1.0368284,1
ENSG00000273213,1.3025757,3.1115751,1
ENSG00000162522_1,2.073277,2.1044462,1
ENSG00000186564,2.3172665,1.8710414,1
ENSG00000163531,0.91227996,0.0,1
ENSG00000135837,2.7550778,2.5286725,1
ENSG00000152104,1.3677491,0.0,1
ENSG00000198821,0.24414568,1.0441084,1
ENSG00000215906,0.08711052,0.0,1
ENSG00000162702,1.635494,2.3256798,1
ENSG00000223956,0.048179552,0.0,1
ENSG00000143344,2.0019994,0.8963609,1
ENSG00000284188,1.489808,1.6720054,1
ENSG00000143013,2.192642,2.6860945,1
ENSG00000186197,0.15601689,0.0,1
ENSG00000065243,2.548034,2.6672475,1
ENSG00000132849,1.4053514,1.5110407,1
ENSG00000134369_1,0.85695374,1.1292063,1
ENSG00000244020,0.32891437,1.1560643,1
ENSG00000183856,1.0043658,0.0,1
ENSG00000121933_1,0.1342925,0.0,1
ENSG00000158710,0.9959195,0.0,1
ENSG00000159208_1,0.2144087,1.0606601,1
ENSG00000025800_1,0.2074547,0.0,1
ENSG00000121775,2.4234262,2.5100098,1
ENSG00000162692,0.12835239,0.0,1
ENSG00000162461,0.60971683,0.0,1
ENSG00000162645,0.108359896,0.0,1
ENSG00000185842_1,0.024363006,1.2295283,1
ENSG00000274266,1.1710479,1.8998424,1
ENSG00000168159,2.896374,2.8428838,1
ENSG00000156150,0.16849412,0.0,1
ENSG00000197084,0.10296651,0.0,1
ENSG00000159164,0.34058452,0.0,1
ENSG00000133065_1,1.1932217,1.5876436,1
ENSG00000187017_1,1.415738,1.4741871,1
ENSG00000143450_1,0.075851485,0.0,1
ENSG00000116406,2.5690107,2.5278296,1
ENSG00000116539_1,2.5493712,2.3394516,1
ENSG00000224968,0.18342622,0.0,1
ENSG00000162396,1.9673263,1.8872211,1
ENSG00000160785,1.1281124,0.0,1
ENSG00000142751,1.9865912,2.763075,1
ENSG00000215717,2.4524431,2.4156678,1
ENSG00000154342,1.5728809,1.4632208,1
ENSG00000127125,2.0496845,2.1772566,1
ENSG00000291158_2,0.99711627,1.5420532,1
ENSG00000132854,0.7802909,1.5102366,1
ENSG00000009709_1,1.0600662,1.1331235,1
ENSG00000116703,0.035851285,0.0,1
ENSG00000143418_1,2.332314,0.0,1
ENSG00000135744,0.124493755,0.0,1
ENSG00000143858,0.71412134,0.0,1
ENSG00000229258,0.1402254,0.0,1
ENSG00000037637,2.563634,2.6845303,1
ENSG00000158711,2.6050777,2.0109315,1
ENSG00000268043,2.0564709,1.9243371,1
ENSG00000116688_2,2.599789,2.8841674,1
ENSG00000183814,2.5504162,2.5794623,1
ENSG00000117461_1,2.714273,1.632852,1
ENSG00000156171,0.03424429,0.0,1
ENSG00000131910,0.9371088,1.2909912,1
ENSG00000085831,0.17230827,0.82673544,1
ENSG00000157870_1,1.5367466,1.3200008,1
ENSG00000158769,2.3448799,2.904061,1
ENSG00000049089_2,1.0138854,1.2018666,1
ENSG00000117152,0.24239911,0.0,1
ENSG00000184678,2.4050834,4.5090156,1
ENSG00000231663,2.2848287,2.1214943,1
ENSG00000162891,0.14824516,0.0,1
ENSG00000134668,0.1688399,0.0,1
ENSG00000171492_2,0.8268158,0.92577606,1
ENSG00000228526_1,1.0669453,0.0,1
ENSG00000117419,0.10697695,0.0,1
ENSG00000121454,1.3868086,1.1191503,1
ENSG00000243710,1.9976523,1.2419249,1
ENSG00000236963,0.08294524,0.0,1
ENSG00000122432,2.3258314,2.9039469,1
ENSG00000181817,2.4549577,2.3540103,1
ENSG00000143149,2.1738281,1.9143537,1
ENSG00000077152,2.5798244,0.0,1
ENSG00000163875,2.6567938,2.9008896,1
ENSG00000287452,0.06971502,0.0,1
ENSG00000143702_2,2.5196147,2.7833462,1
ENSG00000203965_1,2.1544337,0.0,1
ENSG00000066322,2.1476498,2.6736853,1
ENSG00000177628_2,2.2281477,0.0,1
ENSG00000171680_3,0.8537786,1.0064062,1
ENSG00000117308,1.4270716,1.474988,1
ENSG00000120337,0.027983723,0.0,1
ENSG00000074800_2,2.7661152,4.387593,1
ENSG00000008128,2.7931793,2.6111379,1
ENSG00000009780,2.379338,1.8260813,1
ENSG00000159596,1.8703434,0.0,1
ENSG00000137962,1.4662585,1.5167865,1
ENSG00000282718,0.16396222,0.0,1
ENSG00000009790,0.09594364,0.0,1
ENSG00000082482,0.0023520011,0.0,1
ENSG00000137968,0.022967385,0.0,1
ENSG00000143851,1.3260437,2.310846,1
ENSG00000162571_1,0.23570934,0.0,1
ENSG00000085831_3,1.2180333,1.0721028,1
ENSG00000143772,0.12490369,0.0,1
ENSG00000162843,0.095955946,0.0,1
ENSG00000143494,1.1646274,1.5539922,1
ENSG00000143344_1,0.7159119,1.4632956,1
ENSG00000135824_1,0.08816821,0.0,1
ENSG00000185436,0.40872455,0.0,1
ENSG00000288905,0.758896,0.0,1
ENSG00000134255,0.55744416,1.6831461,1
ENSG00000116299,1.2952987,0.0,1
ENSG00000187223,0.12459814,0.0,1
ENSG00000162892,0.273273,0.0,1
ENSG00000203601,0.19715922,0.0,1
ENSG00000199377,1.5200895,0.0,1
ENSG00000135828,0.35501006,0.0,1
ENSG00000180667,2.4262586,2.9555147,1
ENSG00000058804,2.5031502,2.7245314,1
ENSG00000130766,2.6699688,2.4632792,1
ENSG00000125944,2.6447887,3.2596512,1
ENSG00000196449,2.2825036,2.4895365,1
ENSG00000207205,2.1910083,0.0,1
ENSG00000234807,1.2502816,0.0,1
ENSG00000265491,2.153989,2.6373706,1
ENSG00000293455,0.17553401,0.0,1
ENSG00000116183,0.08743235,0.0,1
ENSG00000158716,1.9312484,1.9760243,1
ENSG00000151414_1,0.046646528,0.0,1
ENSG00000060642,2.6557004,1.8557129,1
ENSG00000169972,2.2711496,2.4909272,1
ENSG00000136630,1.6077116,1.4865721,1
ENSG00000187513,0.2943733,0.0,1
ENSG00000066294,0.2289517,0.0,1
ENSG00000162736_1,0.124045275,0.0,1
ENSG00000204859,2.3270395,2.272758,1
ENSG00000238287,1.4323269,0.0,1
ENSG00000116350,2.9070888,2.9266675,1
ENSG00000163352,0.75802815,0.0,1
ENSG00000243284,0.14954552,0.0,1
ENSG00000233290,0.0073273983,0.0,1
ENSG00000123091,2.469088,2.15892,1
ENSG00000160789_7,0.7853941,0.0,1
ENSG00000186517,0.3006272,0.0,1
ENSG00000230630,0.31406313,0.0,1
ENSG00000273694,0.1039582,0.0,1
ENSG00000117600,1.0665814,1.494252,1
ENSG00000162909_1,2.2150936,2.9709532,1
ENSG00000188295,2.3632967,2.1793306,1
ENSG00000236423,2.7970057,0.0,1
ENSG00000130770,2.537727,3.9115336,1
ENSG00000177301_2,1.1637521,1.680408,1
ENSG00000131788_1,1.3068315,2.1550992,1
ENSG00000180999,0.040432215,0.0,1
ENSG00000117115_1,0.51259726,0.0,1
ENSG00000225632,0.22594962,0.0,1
ENSG00000224609,0.85317445,0.0,1
ENSG00000287839,0.13296136,0.9930216,1
ENSG00000159214_1,1.729281,1.4820871,1
ENSG00000272426,2.387268,0.9792478,1
ENSG00000142599_1,0.66588485,0.0,1
ENSG00000183347,0.09847718,0.0,1
ENSG00000117152_1,0.12188145,0.0,1
ENSG00000066027,2.672902,2.8862932,1
ENSG00000285629,0.100147225,0.0,1
ENSG00000143158_1,2.8436313,3.0043042,1
ENSG00000126091,2.657251,2.4045258,1
ENSG00000000460,2.472136,2.5746596,1
ENSG00000143153_1,1.8888513,1.7700932,1
ENSG00000231605,0.1568916,0.0,1
ENSG00000074800_3,2.7498882,2.772974,1
ENSG00000126709,0.41705447,0.0,1
ENSG00000172456_2,1.5279804,0.0,1
ENSG00000244057,0.12799197,0.0,1
ENSG00000178922,1.4522356,1.6769953,1
ENSG00000163479_1,0.6695479,2.764526,1
ENSG00000118473_1,0.7290703,0.0,1
ENSG00000168264_1,2.336546,1.8844554,1
ENSG00000203705,2.5095868,2.5452898,1
ENSG00000162676_2,0.8411387,0.95336336,1
ENSG00000117697,2.3698585,0.0,1
ENSG00000073754,0.07808867,0.0,1
ENSG00000264294,2.6546464,2.1616614,1
ENSG00000185966,0.11986277,0.0,1
ENSG00000174059,0.7462412,1.4511107,1
ENSG00000168528,0.24446376,0.7139439,1
ENSG00000174175,0.05780226,0.0,1
ENSG00000186063,2.5876489,2.7207792,1
ENSG00000197530_1,2.4644215,1.5958818,1
ENSG00000168275,2.8406146,3.0039127,1
ENSG00000168275_1,2.4317777,2.026758,1
ENSG00000162852,2.6521776,2.7357106,1
ENSG00000188060,1.543167,1.2812653,1
ENSG00000020129,2.460052,2.5470986,1
ENSG00000143106,2.5776722,0.0,1
ENSG00000122406,2.3945441,4.0250354,1
ENSG00000226026,2.0821302,0.0,1
ENSG00000126698,2.2647636,0.0,1
ENSG00000227811,1.1564766,0.9984337,1
ENSG00000134253,2.3970938,1.6078302,1
ENSG00000160716,0.9028797,1.420863,1
ENSG00000290683,2.1495543,2.8737147,1
ENSG00000152332,2.417515,2.8526752,1
ENSG00000088035,1.9900044,2.2867908,1
ENSG00000142875_4,0.0573911,0.0,1
ENSG00000310526,2.5030153,0.0,1
ENSG00000171385_1,1.6686114,1.6425931,1
ENSG00000142949,0.21867931,1.0392555,1
ENSG00000117625_1,1.8119318,0.0,1
ENSG00000143409_1,1.0621516,2.1594198,1
ENSG00000160691_3,2.077992,2.4867833,1
ENSG00000168765_1,1.8144034,0.0,1
ENSG00000143093,1.2007487,2.3333848,1
ENSG00000132781_1,2.7491164,2.3450148,1
ENSG00000142632_2,0.15077047,0.0,1
ENSG00000132881,2.0355546,1.8910242,1
ENSG00000160685,2.5478787,1.9315647,1
ENSG00000117411,2.0391626,2.247556,1
ENSG00000081019,2.5510817,2.4140787,1
ENSG00000236427_1,0.055444628,0.0,1
ENSG00000227043,0.10848897,0.0,1
ENSG00000293264,0.4944659,0.0,1
ENSG00000227959,0.57818574,0.95631254,1
ENSG00000159592_2,1.8539379,0.0,1
ENSG00000171786,0.37053844,0.0,1
ENSG00000182866,0.69313043,1.1742634,1
ENSG00000162669,2.263419,1.8421035,1
ENSG00000135829,2.6690097,3.4057355,1
ENSG00000117616_1,2.6539786,2.9631472,1
ENSG00000175262,0.10590364,0.0,1
ENSG00000204624,1.8866793,1.4706162,1
ENSG00000159592,2.3773708,2.4946303,1
ENSG00000142910,0.2340472,0.0,1
ENSG00000156869_1,1.0753388,0.0,1
ENSG00000142871,1.8545269,1.8164468,1
ENSG00000143418_2,2.2313046,2.797777,1
ENSG00000010932,0.05923648,0.0,1
ENSG00000117020_3,1.515917,1.1089032,1
ENSG00000287396,0.10826481,0.0,1
ENSG00000131686,0.15151986,0.0,1
ENSG00000162383_1,0.18689728,0.0,1
ENSG00000135776,2.4915252,2.6641905,1
ENSG00000163534,0.07856322,0.0,1
ENSG00000157216_2,0.1483796,0.0,1
ENSG00000160691_2,0.80349755,2.1729968,1
ENSG00000132718,1.484239,0.0,1
ENSG00000183780,1.7259082,1.6719408,1
ENSG00000142789,0.108297564,0.0,1
ENSG00000285184,1.6469114,1.4435759,1
ENSG00000163156_1,0.5688102,1.1047329,1
ENSG00000266338,1.5088888,0.0,1
ENSG00000290989,2.6748893,2.4303122,1
ENSG00000236021_1,2.0814726,1.6265395,1
ENSG00000116213,1.4481411,1.8688912,1
ENSG00000162896,0.1366131,0.0,1
ENSG00000136631_1,1.2231438,0.0,1
ENSG00000160710_1,0.5433051,0.0,1
ENSG00000185420_1,1.910113,2.3989153,1
ENSG00000204178,2.574275,2.2591925,1
ENSG00000143374,1.4374837,0.0,1
ENSG00000158022,0.36689243,0.0,1
ENSG00000278274,0.2698212,1.2019157,1
ENSG00000143549_1,2.5635126,3.6736448,1
ENSG00000065600,1.8889315,2.126693,1
ENSG00000229344,3.819163,3.7272484,1
ENSG00000069812,1.3512481,1.441648,1
ENSG00000183386,2.1003835,1.7478156,1
ENSG00000134243,1.9692168,0.0,1
ENSG00000187730,1.756451,2.0530286,1
ENSG00000201699,1.8664099,0.0,1
ENSG00000117448,2.5799603,2.5429375,1
ENSG00000137936_2,1.3855664,1.5577357,1
ENSG00000171488,1.9969103,1.9495852,1
ENSG00000224535,0.0977213,0.0,1
ENSG00000160050,1.2531196,2.077615,1
ENSG00000199666,0.08941309,0.0,1
ENSG00000162522,1.9301646,2.1530187,1
ENSG00000198892,1.2490176,1.6946139,1
ENSG00000116198_1,2.2431045,0.0,1
ENSG00000116833,0.091408804,0.0,1
ENSG00000127124_1,0.16042407,0.0,1
ENSG00000198952,2.449644,2.8805323,1
ENSG00000230630_1,0.082202695,0.0,1
ENSG00000116729,0.4604373,0.0,1
ENSG00000171357,0.8985474,1.1291741,1
ENSG00000230424,2.6262684,2.3484995,1
ENSG00000135750,2.1363406,2.3445692,1
ENSG00000183431,2.6475527,3.1670365,1
ENSG00000116871_1,2.472717,2.260298,1
ENSG00000143199,0.21912345,0.0,1
ENSG00000121446,0.08521881,0.0,1
ENSG00000197769,0.22636758,0.0,1
ENSG00000252947,0.08639284,0.0,1
ENSG00000232113,0.06405339,0.0,1
ENSG00000092978,0.5540511,0.0,1
ENSG00000291137_1,1.801209,0.0,1
ENSG00000154429_2,1.5600605,2.1497731,1
ENSG00000132128,2.6250885,2.4950306,1
ENSG00000162542,1.3625519,1.3275837,1
ENSG00000162897,0.103258796,0.0,1
ENSG00000230798,1.3361574,0.0,1
ENSG00000224174,0.35207024,0.0,1
ENSG00000135835_2,0.18064232,1.0441005,1
ENSG00000249087,2.9190562,1.9634572,1
ENSG00000159214,1.9055521,1.7151088,1
ENSG00000213047_1,2.125463,1.905526,1
ENSG00000204084_1,0.981845,1.9243207,1
ENSG00000125462_2,1.408958,1.8204774,1
ENSG00000172155,0.11317519,0.0,1
ENSG00000215853,0.05151595,0.0,1
ENSG00000155367,1.8520983,1.7430391,1
ENSG00000203666,1.9393047,1.3578777,1
ENSG00000162496,1.790457,1.5786163,1
ENSG00000162735,0.17656317,0.0,1
ENSG00000152061_2,0.051419623,0.0,1
ENSG00000265107,0.19498096,0.0,1
ENSG00000221986,1.2561947,0.0,1
ENSG00000123838,0.09655325,0.0,1
ENSG00000169717,0.1537832,0.0,1
ENSG00000162819_1,2.1787872,0.0,1
ENSG00000163467,2.390211,0.0,1
ENSG00000137955,2.3559492,3.0719225,1
ENSG00000079335_1,2.363879,2.1681173,1
ENSG00000048707,1.8252122,1.6892289,1
ENSG00000162836_1,0.9772314,0.66490513,1
ENSG00000215784,2.6592643,2.8172777,1
ENSG00000273004,2.6232443,1.1796092,1
ENSG00000143224,2.5625596,2.2654312,1
ENSG00000176320,0.122751944,0.0,1
ENSG00000162496_2,0.7545734,1.68866,1
ENSG00000162910,2.2663076,0.0,1
ENSG00000169242,1.087614,1.8612416,1
ENSG00000274020,0.07159202,0.0,1
ENSG00000116675_3,1.8530263,0.0,1
ENSG00000171680_4,0.14341718,0.0,1
ENSG00000158864,0.17712307,0.0,1
ENSG00000160838,1.4409711,1.2357304,1
ENSG00000171722,0.09329899,0.0,1
ENSG00000173409,2.3915613,0.0,1
ENSG00000203814,1.7997801,3.9034038,1
ENSG00000162825,1.669922,0.0,1
ENSG00000238260,1.9424787,1.0810231,1
ENSG00000125462_3,0.22327897,0.0,1
ENSG00000122482_2,1.6216141,2.34333,1
ENSG00000231563,1.0064417,1.5917878,1
ENSG00000188290,2.3466415,1.840589,1
ENSG00000197622,2.2598228,3.1374269,1
ENSG00000153187_5,2.8659036,4.004631,1
ENSG00000135749,1.1892601,1.3602146,1
ENSG00000169504,2.5616434,2.9561205,1
ENSG00000291157,0.09137813,0.0,1
ENSG00000116675_1,2.5935998,2.9053264,1
ENSG00000097096,2.243016,1.8721272,1
ENSG00000121634,0.05037252,0.0,1
ENSG00000198837,1.9506515,2.2255936,1
ENSG00000285910,0.2542018,0.0,1
ENSG00000118655,2.7517705,2.6804533,1
ENSG00000196407,0.21826576,0.0,1
ENSG00000142920,1.1774476,0.0,1
ENSG00000117691,2.3241923,2.784419,1
ENSG00000162734,1.8067043,2.7231543,1
ENSG00000116747,2.9279969,3.1307068,1
ENSG00000143387,0.08348197,0.0,1
ENSG00000143420_1,2.7900186,3.3473768,1
ENSG00000117139_2,1.7583481,3.2080274,1
ENSG00000227006,0.1332157,0.0,1
ENSG00000007923,2.4367123,2.711938,1
ENSG00000177674,2.2743824,2.5226867,1
ENSG00000196187_2,2.3598764,2.5104969,1
ENSG00000207349,0.3079445,1.3484411,1
ENSG00000290842,2.107895,1.6328317,1
ENSG00000057468,1.4720007,1.6831372,1
ENSG00000225206_2,0.09412854,0.0,1
ENSG00000117525,1.0932127,1.312262,1
ENSG00000180667_1,2.2005641,0.0,1
ENSG00000198625,2.8928976,2.7430549,1
ENSG00000202408,2.1719508,0.0,1
ENSG00000197312,2.6394875,2.7858777,1
ENSG00000173369,0.28205538,0.78504497,1
ENSG00000117595,1.5508313,0.0,1
ENSG00000198912,2.5849254,2.6866567,1
ENSG00000202031,0.5647901,1.4613935,1
ENSG00000009709,0.7394738,0.0,1
ENSG00000116560,2.163209,4.0871353,1
ENSG00000186283,2.194441,2.310842,1
ENSG00000186197_1,2.127586,1.8851802,1
ENSG00000099260,1.3656591,0.0,1
ENSG00000116690,0.092398636,0.0,1
ENSG00000132780,2.540623,3.715134,1
ENSG00000142615,0.18695383,0.0,1
ENSG00000076864_1,1.9993556,0.0,1
ENSG00000196182,2.7665076,2.0975661,1
ENSG00000158156,1.6774648,1.550314,1
ENSG00000177614,1.6530882,1.7120348,1
ENSG00000143624_1,0.12492622,0.0,1
ENSG00000000971,0.14964488,0.0,1
ENSG00000134184,0.36849976,0.98209023,1
ENSG00000149527,0.26718378,0.0,1
ENSG00000198929_1,0.5746713,1.3471934,1
ENSG00000162521,2.8236508,3.3441093,1
ENSG00000223944,0.27382568,0.0,1
ENSG00000235527,1.9354938,1.1231654,1
ENSG00000238142,0.51869804,0.0,1
ENSG00000179163,2.2286518,1.7891716,1
ENSG00000067606_3,0.13364124,0.0,1
ENSG00000117122_1,0.8995184,0.0,1
ENSG00000162813_1,0.37717387,1.4022442,1
ENSG00000117318,1.8695589,3.1488585,1
ENSG00000000938_2,0.42699736,0.0,1
ENSG00000116668,2.3670104,1.3398885,1
ENSG00000076356,1.3133861,1.3904405,1
ENSG00000117560,0.7904453,1.0876395,1
ENSG00000186007_1,0.533122,0.0,1
ENSG00000132122,0.060528293,0.0,1
ENSG00000143294,2.4790502,2.861355,1
ENSG00000116747_1,2.7206469,0.0,1
ENSG00000143514_1,0.12516761,0.0,1
ENSG00000121310_1,0.50186986,0.0,1
ENSG00000132485,2.2581415,0.0,1
ENSG00000223745,2.3793206,2.3716977,1
ENSG00000126067,2.2281454,3.8232949,1
ENSG00000172031,0.9467005,1.6144121,1
ENSG00000189409,1.0348889,0.0,1
ENSG00000122223,0.29748192,0.0,1
ENSG00000282143,1.1761853,1.330089,1
ENSG00000121766,2.2893677,3.0009675,1
ENSG00000025800,2.1303632,2.924092,1
ENSG00000085552,1.0234814,0.0,1
ENSG00000116337_3,0.6223412,1.298984,1
ENSG00000122481,1.9622678,2.3311074,1
ENSG00000116791,1.3974795,0.0,1
ENSG00000181773,2.3991034,0.0,1
ENSG00000117410,2.5938518,2.6862698,1
ENSG00000183780_1,1.325014,1.6402031,1
ENSG00000134698,2.0207145,2.0449317,1
ENSG00000117707_2,0.19904478,0.0,1
ENSG00000143190,2.3401992,2.3569736,1
ENSG00000224965,1.9146756,0.0,1
ENSG00000157193_1,2.0570042,2.665137,1
ENSG00000117601,0.14711285,0.0,1
ENSG00000143393,2.1459653,2.3195932,1
ENSG00000183291,2.5121336,0.0,1
ENSG00000185860,0.022845717,0.0,1
ENSG00000203747_1,0.16494638,0.0,1
ENSG00000158828,1.942563,2.0701487,1
ENSG00000116701_1,0.11542776,0.0,1
ENSG00000097021,0.24068187,0.0,1
ENSG00000275538,1.7977253,0.0,1
ENSG00000132781,2.6895008,2.226373,1
ENSG00000184144,0.91839486,1.593131,1
ENSG00000168264,0.5532654,0.0,1
ENSG00000177000_2,2.922378,2.3344276,1
ENSG00000117266,0.7012268,1.1813576,1
ENSG00000263961,0.19758856,0.0,1
ENSG00000153187,0.09150699,2.1218452,1
ENSG00000065183,2.1194088,2.3759542,1
ENSG00000121851,2.1837459,2.8927445,1
ENSG00000117592,2.5855372,3.8680582,1
ENSG00000238107,2.3120866,0.0,1
ENSG00000117481,2.59746,2.3377187,1
ENSG00000162745_2,1.2503555,1.4318299,1
ENSG00000160688,1.9803396,2.1898496,1
ENSG00000004455,2.402346,0.0,1
ENSG00000081026,2.2117162,1.5841728,1
ENSG00000060656,1.5235759,1.5109068,1
ENSG00000273338,1.429838,1.9346701,1
ENSG00000170382,1.215268,1.5372775,1
ENSG00000084072,1.619131,2.7064626,1
ENSG00000178104_3,1.7096337,2.330637,1
ENSG00000237505,2.116069,2.0625932,1
ENSG00000023909,2.4451,2.9261835,1
ENSG00000224977,2.2913072,0.0,1
ENSG00000244038,2.3731558,2.64577,1
ENSG00000134245,1.4356928,0.0,1
ENSG00000230426_2,0.20861052,0.0,1
ENSG00000176083,0.11853262,0.0,1
ENSG00000174348,1.0257236,0.0,1
ENSG00000117748_1,2.6783934,3.0260508,1
ENSG00000143761_2,0.18995252,0.0,1
ENSG00000162694_1,1.6575712,2.4028802,1
ENSG00000116580,1.9334121,2.338048,1
ENSG00000157064,0.467057,0.0,1
ENSG00000162543,2.3279488,2.24311,1
ENSG00000286219,1.8429564,2.1875489,1
ENSG00000196187_1,0.28431404,0.0,1
ENSG00000235200,0.13331614,0.0,1
ENSG00000127603_1,1.3466212,2.6433737,1
ENSG00000232265_1,0.6532291,0.0,1
ENSG00000135763,2.175468,1.9368604,1
ENSG00000065978,2.0879767,3.9871235,1
ENSG00000162777,0.2109233,0.0,1
ENSG00000090432,1.7437556,0.0,1
ENSG00000203852,2.5431993,3.8086774,1
ENSG00000117600_1,0.81031674,1.4348211,1
ENSG00000162458,0.27263674,0.0,1
ENSG00000196420,0.1519098,1.3212545,1
ENSG00000116151_1,2.4331002,2.1717732,1
ENSG00000137955_1,0.7418082,2.1373637,1
ENSG00000158315,0.3289483,0.0,1
ENSG00000085465_1,0.10027049,0.0,1
ENSG00000116741,1.7837793,0.0,1
ENSG00000117122,0.10687957,0.78938323,1
ENSG00000176261,0.67759985,0.0,1
ENSG00000164008,2.4786549,0.0,1
ENSG00000300262,1.7913446,1.0193241,1
ENSG00000196154,0.24871564,0.0,1
ENSG00000198160_1,2.3880472,2.5239024,1
ENSG00000228971,0.07023625,0.0,1
ENSG00000143442,1.8718544,2.0969794,1
ENSG00000142798_1,2.2138338,2.7976394,1
ENSG00000116675,0.17066509,0.6873506,1
ENSG00000179914,0.10579496,0.0,1
ENSG00000163877,2.298819,2.6267908,1
ENSG00000158850,2.0991044,2.6796124,1
ENSG00000117118_1,2.4489071,3.2132971,1
ENSG00000162496_1,2.5422463,2.7568643,1
ENSG00000159023,1.324278,0.0,1
ENSG00000228794_2,0.14736994,0.0,1
ENSG00000116750_1,1.4266399,1.6741904,1
ENSG00000186007,0.038708493,0.0,1
ENSG00000186141,2.2260046,2.674067,1
ENSG00000143627,0.85161656,0.0,1
ENSG00000132122_2,1.1567111,0.0,1
ENSG00000157873_1,0.4318094,0.0,1
ENSG00000162408,2.2475708,2.788743,1
ENSG00000134262_1,2.9152348,2.206151,1
ENSG00000227733,0.61479366,0.0,1
ENSG00000157881,2.0804505,2.5356612,1
ENSG00000143768,0.3925589,0.0,1
ENSG00000121769,0.34222227,0.9129656,1
ENSG00000162757,2.395331,0.0,1
ENSG00000198468,2.4275546,0.0,1
ENSG00000055732,1.4060119,1.1579099,1
ENSG00000130762_1,0.42218742,0.0,1
ENSG00000173436,0.41478214,1.5396907,1
ENSG00000197241,0.18548629,0.0,1
ENSG00000223764,1.1904768,1.5765026,1
ENSG00000057252,2.2316465,2.3605518,1
ENSG00000197530_2,0.4673549,0.0,1
ENSG00000277344,0.541724,0.0,1
ENSG00000154358,0.6715796,0.0,1
ENSG00000188976,1.8990092,2.9445474,1
ENSG00000171735_1,1.8768858,1.5458264,1
ENSG00000198520,2.1001651,0.0,1
ENSG00000158710_1,1.8280238,4.010889,1
ENSG00000126088,2.634519,0.0,1
ENSG00000203737,0.1809221,0.0,1
ENSG00000286071_1,0.080723226,0.0,1
ENSG00000160097,1.4333291,1.678154,1
ENSG00000158869,0.15101555,0.0,1
ENSG00000159173_2,0.29579607,0.0,1
ENSG00000201801,1.3535616,2.4697366,1
ENSG00000251503,2.4120438,2.2725518,1
ENSG00000196482_1,0.056606963,0.0,1
ENSG00000259030,1.0276077,2.3451953,1
ENSG00000169991,1.7328342,1.4623381,1
ENSG00000116584_2,2.2791116,2.5956063,1
ENSG00000117139,0.063560784,0.0,1
ENSG00000121903,0.78230345,0.0,1
ENSG00000162594,0.07517845,0.0,1
ENSG00000235750_1,1.7416894,1.8706555,1
ENSG00000156150_1,0.9908058,1.3612933,1
ENSG00000259823,0.10728469,0.0,1
ENSG00000143624,2.3740275,2.429085,1
ENSG00000160087,2.2384746,2.898617,1
ENSG00000197323,2.457404,2.9919877,1
ENSG00000142661,0.55551594,0.0,1
ENSG00000274210,2.393094,2.9727628,1
ENSG00000011009,1.919501,0.0,1
ENSG00000185630,0.44188818,0.0,1
ENSG00000117151,2.029846,2.5432122,1
ENSG00000116584,0.44748202,0.0,1
ENSG00000160710_2,2.1554956,1.4595734,1
ENSG00000060642_1,2.6060421,1.871018,1
ENSG00000198162,1.9824528,2.501778,1
ENSG00000267272,0.93623275,0.0,1
ENSG00000169442,1.0935254,0.0,1
ENSG00000158748,1.5686499,1.3613123,1
ENSG00000000938,0.10793239,0.0,1
ENSG00000162946,1.2603261,0.0,1
ENSG00000121957_1,2.1733418,0.0,1
ENSG00000184588_5,0.107897736,0.0,1
ENSG00000173662,0.3081241,0.0,1
ENSG00000154511,2.0024426,1.5815173,1
ENSG00000271380,2.5196846,1.5750377,1
ENSG00000188770,0.11598192,0.0,1
ENSG00000214193,1.2828465,1.0064062,1
ENSG00000142657_1,2.1619759,1.1883378,1
ENSG00000079335,0.130581,0.0,1
ENSG00000261595,1.4290342,1.0392555,1
ENSG00000143845_1,1.4886315,0.0,1
ENSG00000173218,2.0767143,2.0751052,1
ENSG00000116688_1,2.577904,2.9438214,1
ENSG00000183508,2.2518368,2.443873,1
ENSG00000117362,1.2291145,2.6525993,1
ENSG00000143156,1.7512234,0.0,1
ENSG00000162374_2,0.119597904,0.0,1
ENSG00000126106,2.4010975,0.0,1
ENSG00000143569,2.6745932,2.862042,1
ENSG00000067334,1.7655774,2.378389,1
ENSG00000187801_1,2.153162,0.9708116,1
ENSG00000117322,1.1475682,1.2699564,1
ENSG00000162670,0.097275525,0.76267856,1
ENSG00000185090,1.7970939,1.5693856,1
ENSG00000198799,2.6794064,2.4350286,1
ENSG00000228971_1,0.10576912,0.0,1
ENSG00000237853,0.7728931,0.0,1
ENSG00000143257_1,0.120640196,0.0,1
ENSG00000204362,0.11240927,0.0,1
ENSG00000154027_3,0.9811418,0.99303925,1
ENSG00000159173,0.07290677,0.0,1
ENSG00000162623,1.5717981,2.7011542,1
ENSG00000185630_1,0.13320118,0.0,1
ENSG00000272145,2.8510625,2.8151126,1
ENSG00000027644,0.8388795,1.2800089,1
ENSG00000117020_2,1.7007099,0.0,1
ENSG00000163565_3,0.15949494,0.0,1
ENSG00000163263,0.10027378,0.0,1
ENSG00000240386,0.095191665,0.0,1
ENSG00000134716,0.40037376,0.0,1
ENSG00000088280_1,2.0782936,0.0,1
ENSG00000135842,1.6732402,2.402796,1
ENSG00000090273,2.5159502,3.5315568,1
ENSG00000077549,2.4737427,3.004072,1
ENSG00000162402,2.3744805,2.4738123,1
ENSG00000282564,1.6962404,1.3882611,1
ENSG00000122482_1,2.2753994,2.195623,1
ENSG00000116191,1.8930157,1.8924285,1
ENSG00000143774,2.88831,3.0573046,1
ENSG00000155380,0.13911071,0.0,1
ENSG00000143761_1,1.997677,1.0116128,1
ENSG00000142875,2.1534648,2.0530632,1
ENSG00000162434,2.0088959,2.5790973,1
ENSG00000041988_1,2.1817257,2.0454364,1
ENSG00000084652_1,2.3061564,2.350405,1
ENSG00000168243,1.4571308,1.6661997,1
ENSG00000047410,2.7777686,3.3244205,1
ENSG00000127603,2.0024948,1.8131338,1
ENSG00000123473,2.8504436,2.6669586,1
ENSG00000170989,0.4933726,0.0,1
ENSG00000227290,0.19371247,0.0,1
ENSG00000236069,0.03283694,0.0,1
ENSG00000168710_1,2.423455,1.6468741,1
ENSG00000186891,0.69424224,1.5876772,1
ENSG00000135838,1.9878234,0.0,1
ENSG00000142675,0.3082761,0.0,1
ENSG00000162366,0.58892596,1.0606601,1
ENSG00000232480,1.3427268,0.0,1
ENSG00000143322_1,1.9209722,2.007039,1
ENSG00000163154,0.217862,0.0,1
ENSG00000143355_1,0.35162666,0.0,1
ENSG00000143499,2.3271542,2.0870712,1
ENSG00000143630,2.1902714,1.7745534,1
ENSG00000117262,2.3311436,1.7400925,1
ENSG00000121753,0.27327746,0.7717344,1
ENSG00000274020_1,1.3280512,0.0,1
ENSG00000172456,2.1915102,1.8347385,1
ENSG00000143147,1.4888486,1.5487823,1
ENSG00000116977_1,0.36472088,0.0,1
ENSG00000171680_1,0.7531828,1.279895,1
ENSG00000203685,1.4180714,1.5101695,1
ENSG00000174567,0.577965,0.0,1
ENSG00000137936_1,1.3866242,1.2231324,1
ENSG00000117593_1,2.6423519,2.1916354,1
ENSG00000177628_1,0.2681824,0.0,1
ENSG00000143578_1,1.9247743,1.6842797,1
ENSG00000169224_1,0.106395714,0.0,1
ENSG00000272865,0.0940553,0.0,1
ENSG00000175793,1.0978876,0.0,1
ENSG00000159377,1.7762854,2.9853358,1
ENSG00000202027,0.21075034,0.0,1
ENSG00000162676,0.964532,1.3083509,1
ENSG00000203710,1.5635788,2.169048,1
ENSG00000234741_1,2.6733618,2.8948686,1
ENSG00000132849_1,0.05891577,0.0,1
ENSG00000184144_1,0.7432833,0.0,1
ENSG00000197520_1,0.091200754,0.0,1
ENSG00000116830,2.5187666,2.1634238,1
ENSG00000197852,0.8308341,1.7719327,1
ENSG00000229956,0.41810945,0.0,1
ENSG00000143183,2.749538,3.2935812,1
ENSG00000059588,1.8843846,2.1575778,1
ENSG00000142583_1,0.64750797,0.0,1
ENSG00000116670,2.4057164,2.6366494,1
ENSG00000132676_1,2.6111503,0.0,1
ENSG00000159346,2.4884048,2.8489678,1
ENSG00000078618_1,0.8554619,0.0,1
ENSG00000286106,1.9090225,1.535813,1
ENSG00000143297,0.022960477,0.0,1
ENSG00000162618_2,-0.03938497,0.0,1
ENSG00000226067,1.2243185,0.0,1
ENSG00000157193,1.5927052,1.36135,1
ENSG00000116748,0.07419196,0.0,1
ENSG00000184588_2,0.066208154,0.0,1
ENSG00000163221,0.118764885,0.0,1
ENSG00000274428,1.4855075,0.0,1
ENSG00000117298_2,0.09471443,0.0,1
ENSG00000121905_1,1.1906855,1.1211658,1
ENSG00000162877,0.40662,0.0,1
ENSG00000163191,1.2554125,0.0,1
ENSG00000188910,0.68688583,0.96217984,1
ENSG00000158816,0.24211147,0.0,1
ENSG00000198483,0.55183786,0.0,1
ENSG00000162600,2.0472462,2.398636,1
ENSG00000260088,2.415137,2.0600932,1
ENSG00000177181,1.6529318,1.3625767,1
ENSG00000153363,2.46293,2.6221611,1
ENSG00000082512_1,1.5857937,1.670793,1
ENSG00000121957,2.2141418,2.4450076,1
ENSG00000120942,2.301193,0.0,1
ENSG00000231768,0.25361535,1.1778538,1
ENSG00000143811,2.739551,3.1131475,1
ENSG00000116353,2.0846267,0.0,1
ENSG00000116874_1,2.66891,2.6886067,1
ENSG00000226419,2.5686128,2.241778,1
ENSG00000175707,1.2732856,1.6352826,1
ENSG00000143153,1.8959105,1.6176083,1
ENSG00000153936,2.656475,2.4246857,1
ENSG00000118194_3,0.20047446,0.7437919,1
ENSG00000143631,0.039775174,0.0,1
ENSG00000203709_1,1.8546282,1.6321434,1
ENSG00000142687,2.4464936,2.5256355,1
ENSG00000201609,0.09541023,0.0,1
ENSG00000198771,2.5380306,2.594408,1
ENSG00000143457,0.694815,0.0,1
ENSG00000117335,2.7290282,3.405237,1
ENSG00000125462_4,0.17755778,0.0,1
ENSG00000143801,2.059794,2.053501,1
ENSG00000163431,0.7868503,1.4595131,1
ENSG00000158488,0.12841763,0.0,1
ENSG00000116138,2.5340106,2.4280863,1
ENSG00000041988,1.4463074,2.0812032,1
ENSG00000162688_1,0.28738248,0.7437762,1
ENSG00000134215_1,1.5285646,1.4714677,1
ENSG00000162438,0.116344936,0.0,1
ENSG00000213281,1.6704209,2.8129108,1
ENSG00000132773,2.7163115,2.438868,1
ENSG00000009307,2.7413273,3.7708697,1
ENSG00000143353_1,2.2655365,1.3175076,1
ENSG00000168710,2.606969,2.967969,1
ENSG00000135835,1.4195755,1.1005085,1
ENSG00000162399,0.21387318,0.0,1
ENSG00000163395,0.15398808,0.0,1
ENSG00000127483,0.05903863,0.0,1
ENSG00000117707,1.1680298,1.7908901,1
ENSG00000188822,0.09035853,0.0,1
ENSG00000207501,2.363096,2.8786998,1
ENSG00000135823,2.2875035,0.0,1
ENSG00000143318,0.31192583,0.0,1
ENSG00000162413,2.519146,2.3488693,1
ENSG00000183386_1,2.4130292,3.4682395,1
ENSG00000162551,1.4630088,1.3624636,1
ENSG00000203965,2.2648685,2.1186118,1
ENSG00000236963_2,0.12943667,0.0,1
ENSG00000097021_2,2.3327332,2.4167438,1
ENSG00000197520,0.08234319,1.8597926,1
ENSG00000123843,0.11192039,0.0,1
ENSG00000160055,2.210416,1.91698,1
ENSG00000160691,0.10494248,0.9984424,1
ENSG00000083444,2.396588,2.8646066,1
ENSG00000158485,0.056501716,0.0,1
ENSG00000074964_1,0.4544692,0.0,1
ENSG00000136634_1,0.11746371,0.0,1
ENSG00000117479,2.4493363,2.3124778,1
ENSG00000233593,0.27126488,0.0,1
ENSG00000213625,2.5239303,2.523468,1
ENSG00000143549_2,0.119244836,0.0,1
ENSG00000121900,1.4200368,1.8197281,1
ENSG00000117472,0.15336424,0.0,1
ENSG00000178104_4,1.4877628,1.4882263,1
ENSG00000233290_1,0.019543635,0.0,1
ENSG00000116396,2.0069382,1.6131121,1
ENSG00000143614,2.3384364,2.6307533,1
ENSG00000116151,2.4364007,2.0597339,1
ENSG00000277610,2.123787,0.0,1
ENSG00000176256,0.095888145,0.0,1
ENSG00000143322,0.053754553,0.0,1
ENSG00000117139_1,2.051706,1.1985747,1
ENSG00000132688,0.7953808,0.0,1
ENSG00000131778,2.4420235,2.7604074,1
ENSG00000132692,1.2060338,1.7248491,1
ENSG00000143850,0.1803385,0.0,1
ENSG00000118729,0.12381234,0.0,1
ENSG00000176022,2.5253334,2.2661612,1
ENSG00000175756,2.7346601,2.83484,1
ENSG00000183853,0.7044496,1.1616075,1
ENSG00000186603,1.2171491,1.4147729,1
ENSG00000204160_1,0.35582918,1.0536162,1
ENSG00000142949_1,1.655805,1.6836773,1
ENSG00000182134,1.7347037,2.1977298,1
ENSG00000157181,2.1699228,0.0,1
ENSG00000173372,0.13315949,0.0,1
ENSG00000157933_1,0.7272443,0.0,1
ENSG00000162383,0.38776442,0.0,1
ENSG00000233396,2.3640504,0.0,1
ENSG00000237973,3.8460202,2.630875,1
ENSG00000234222,1.1039962,1.1883097,1
ENSG00000186510,0.1939183,0.0,1
ENSG00000187147_1,2.6287563,2.616423,1
ENSG00000174332,0.014289664,0.0,1
ENSG00000143437_1,2.257133,2.3906367,1
ENSG00000116649,2.3513749,3.1446738,1
ENSG00000237980,0.904596,0.75333786,1
ENSG00000162517,2.4108176,2.7266507,1
ENSG00000143674,1.659595,1.4328572,1
ENSG00000143125,0.10281419,0.0,1
ENSG00000143278,0.02851158,0.0,1
ENSG00000171603,1.8929123,2.7451293,1
ENSG00000229989,0.18216947,0.0,1
ENSG00000171517,1.2946488,1.2449695,1
ENSG00000169914,2.341998,2.517143,1
ENSG00000116525,0.5208523,1.800706,1
ENSG00000117519,1.1728219,1.0559514,1
ENSG00000154429,2.1933377,2.3491669,1
ENSG00000227907,0.07674745,0.0,1
ENSG00000049247,0.07505942,0.0,1
ENSG00000159363,1.8055642,2.0682082,1
ENSG00000143819,1.6558722,1.9362472,1
ENSG00000287516,0.0757059,0.0,1
ENSG00000134376_1,0.04606968,0.0,1
ENSG00000225880,2.6428988,2.1593115,1
ENSG00000282849,0.091206454,0.0,1
ENSG00000174574,2.4964807,3.0172546,1
ENSG00000171680_2,0.5953433,1.1795806,1
ENSG00000180488,1.4630926,2.4585774,1
ENSG00000188157,2.0741284,2.3340795,1
ENSG00000173614,1.870546,0.0,1
ENSG00000225556,0.6173198,0.0,1
ENSG00000162739,0.30400553,0.0,1
ENSG00000163472_1,0.10504791,0.0,1
ENSG00000290569,1.745592,0.0,1
ENSG00000291199,0.16903058,0.83065283,1
ENSG00000213190,0.9358053,0.0,1
ENSG00000269113,1.3895082,1.3894496,1
ENSG00000081985,0.86121416,1.2295027,1
ENSG00000137955_2,0.34917775,2.320761,1
ENSG00000134371,2.720996,3.0043988,1
ENSG00000143319_1,2.590157,3.0075772,1
ENSG00000143486,2.493711,0.0,1
ENSG00000118473,0.5910533,0.0,1
ENSG00000266472,2.344253,0.0,1
ENSG00000126091_1,0.12710062,0.0,1
ENSG00000162390,0.23777533,0.0,1
ENSG00000162641,0.05735728,0.0,1
ENSG00000143553,1.972666,2.1620862,1
ENSG00000162654,0.15362263,0.0,1
ENSG00000143353,2.3422287,3.0061536,1
ENSG00000182901,1.4213568,1.8394152,1
ENSG00000064886,0.100263655,0.0,1
ENSG00000158874_1,0.15559976,0.0,1
ENSG00000174842,2.1466877,2.2420542,1
ENSG00000054267_1,2.5802166,2.6173851,1
ENSG00000143603_1,0.8685468,0.6762545,1
ENSG00000117751,2.152004,2.2583475,1
ENSG00000197106,1.5362715,1.5876436,1
ENSG00000117399,2.526399,2.8223643,1
ENSG00000171680,0.94667494,0.0,1
ENSG00000143748,2.1613362,0.0,1
ENSG00000226486,0.048867606,0.0,1
ENSG00000082482_1,1.4444219,1.8123116,1
ENSG00000178028,1.7564042,1.9904543,1
ENSG00000116161,2.6784582,2.291169,1
ENSG00000137959,0.048721902,0.0,1
ENSG00000123080_1,1.343258,0.0,1
ENSG00000228526,1.1481818,0.90638894,1
ENSG00000143458,2.5181034,1.8232851,1
ENSG00000163382,2.2523394,2.8029768,1
ENSG00000163362,0.2597805,0.0,1
ENSG00000232284,0.4073172,0.0,1
ENSG00000133019_1,1.3901274,1.3161381,1
ENSG00000248485,1.2711908,1.4416951,1
ENSG00000137942,2.042877,1.919554,1
ENSG00000163159,1.7630318,2.3365297,1
ENSG00000143314,2.1728697,0.0,1
ENSG00000230623,0.08685631,0.0,1
ENSG00000117154,1.6710503,1.8304603,1
ENSG00000131584,2.4458442,1.7052906,1
ENSG00000196660,1.8057858,2.0145626,1
ENSG00000271576,2.1939042,1.5002502,1
ENSG00000162836,0.6843898,0.0,1
ENSG00000162889,1.9832039,2.2083259,1
ENSG00000203288,1.49822,1.6792825,1
ENSG00000164010,2.4075398,2.7170544,1
ENSG00000160049,2.3962777,0.0,1
ENSG00000117632_2,2.3295383,0.0,1
ENSG00000135773,0.11283625,0.7717344,1
ENSG00000143546,0.10059509,0.0,1
ENSG00000067208,0.50687927,0.0,1
ENSG00000077522,1.5224754,1.4605521,1
ENSG00000122417,0.021448785,0.0,1
ENSG00000171612,2.4824328,2.5280988,1
ENSG00000143622_1,2.0327086,2.3023114,1
ENSG00000162711,0.17808877,0.0,1
ENSG00000116254,1.6208287,1.2742964,1
ENSG00000120341,0.0649671,0.0,1
ENSG00000122176,0.120155014,0.0,1
ENSG00000163125_1,1.3057741,1.8382634,1
ENSG00000233079_1,0.06599341,0.0,1
ENSG00000116711,0.08410559,0.0,1
ENSG00000143337_4,0.20301758,0.0,1
ENSG00000152078,2.2455318,1.8750033,1
ENSG00000163468,0.08748399,0.0,1
ENSG00000118200,1.9626206,2.1025984,1
ENSG00000163472,2.316633,0.0,1
ENSG00000174514_1,0.21786582,0.0,1
ENSG00000259788,2.262661,1.0218918,1
ENSG00000067606,1.5861343,1.5419784,1
ENSG00000197429,2.8722475,1.8841097,1
ENSG00000117593,2.918514,2.9735434,1
ENSG00000133063,0.0912693,0.0,1
ENSG00000143315,1.5975215,1.8272723,1
ENSG00000067533,1.4260235,0.0,1
ENSG00000122218,2.5508063,0.0,1
ENSG00000117625,2.6351807,2.5110807,1
ENSG00000116983,0.5359043,0.0,1
ENSG00000223883,0.06613529,0.0,1
ENSG00000132122_1,1.519443,0.0,1
ENSG00000132185,0.23930663,0.0,1
ENSG00000168710_2,0.41424835,0.9984337,1
ENSG00000158764,0.09098288,0.0,1
ENSG00000158286,1.8527249,1.43968,1
ENSG00000174371,2.5052009,0.0,1
ENSG00000131236_1,2.7253234,2.6967163,1
ENSG00000171163,2.527377,2.4732387,1
ENSG00000075151,2.2050312,2.0886216,1
ENSG00000285053,2.7807035,2.0999222,1
ENSG00000286391,0.9781708,0.0,1
ENSG00000293478,0.89660805,2.2670896,1
ENSG00000163435,0.23740758,0.0,1
ENSG00000009724,0.17081358,0.93515444,1
ENSG00000018625,0.114358135,0.0,1
ENSG00000162650,2.366078,2.0995426,1
ENSG00000187961,1.9601188,2.3457656,1
ENSG00000186501,2.4767432,0.0,1
ENSG00000158008,0.41558793,0.84992284,1
ENSG00000162618_1,-0.05303418,0.0,1
ENSG00000134744_1,1.9106545,2.3249364,1
ENSG00000231057,2.56615,1.3096727,1
ENSG00000187048,0.15671007,0.0,1
ENSG00000073756,0.41624752,0.0,1
ENSG00000152061_3,0.2864343,0.0,1
ENSG00000142700,1.0051056,1.322517,1
ENSG00000179085,1.42946,2.043374,1
ENSG00000117395_1,0.053926654,0.0,1
ENSG00000206620,0.42957127,1.177825,1
ENSG00000196878_1,0.11600127,0.0,1
ENSG00000285554,0.09867457,0.0,1
ENSG00000203943,0.20649968,0.0,1
ENSG00000233203,2.252313,3.1976664,1
ENSG00000135824,0.34341618,0.0,1
ENSG00000116251_2,1.4760689,2.3165407,1
ENSG00000064886_1,0.24350442,0.0,1
ENSG00000162923_1,0.14387012,0.0,1
ENSG00000233593_1,1.9896206,0.0,1
ENSG00000277918,1.9669627,2.5314074,1
ENSG00000162745,0.25414348,0.0,1
ENSG00000198929,1.8188941,1.3435858,1
ENSG00000169403,0.11802092,0.0,1
ENSG00000152382,2.4725285,0.0,1
ENSG00000157216,0.098001614,0.0,1
ENSG00000162415,1.5848209,1.668563,1
ENSG00000187642,0.36015424,0.7762652,1
ENSG00000116679,2.654229,2.8642037,1
ENSG00000116731,2.2825682,2.5430307,1
ENSG00000054277,2.4429052,2.9196951,1
ENSG00000224870,2.4174669,2.4483337,1
ENSG00000126070,2.4855638,2.4515576,1
ENSG00000184677,2.2806396,2.5709736,1
ENSG00000273544,0.46322587,0.0,1
ENSG00000049239,2.293947,1.8560821,1
ENSG00000304119,1.6984687,0.9412828,1
ENSG00000162434_1,2.1727371,1.6892201,1
ENSG00000134376,0.05181817,0.0,1
ENSG00000127074,0.002456149,0.0,1
ENSG00000116198,2.3140824,2.3132722,1
ENSG00000241794,0.07203132,0.0,1
ENSG00000143434,1.5949386,1.1917583,1
ENSG00000116209,2.5039256,2.8093786,1
ENSG00000263956,1.7971154,1.6383893,1
ENSG00000142669,2.2768714,0.0,1
ENSG00000143006,1.0436318,0.0,1
ENSG00000162365,0.12994315,0.0,1
ENSG00000125703,1.7453817,2.6035147,1
ENSG00000227733_1,0.66327524,0.0,1
ENSG00000047410_1,1.9540128,2.0424967,1
ENSG00000162616_1,1.294326,0.0,1
ENSG00000203963,0.21024087,0.0,1
ENSG00000233079_2,0.112356976,0.0,1
ENSG00000203782,0.13712345,0.0,1
ENSG00000237463_1,0.10601292,0.0,1
ENSG00000197915,0.037658177,0.0,1
ENSG00000215866,0.85254604,1.2613343,1
ENSG00000132702,0.120759524,0.0,1
ENSG00000162694,1.2717767,0.0,1
ENSG00000116337_4,0.2830506,0.0,1
ENSG00000116793,2.354412,1.4054488,1
ENSG00000171824,1.9821213,3.0103168,1
ENSG00000169598_1,2.015075,1.9810708,1
ENSG00000226067_1,1.4273511,0.9413623,1
ENSG00000143845,0.11971646,0.0,1
ENSG00000158473,0.8034198,0.0,1
ENSG00000116670_2,1.3973925,1.6091567,1
ENSG00000117222,2.7732441,2.497967,1
ENSG00000173726,2.8037024,3.4743562,1
ENSG00000291141,1.4923856,1.295039,1
ENSG00000184260,2.4615393,4.139066,1
ENSG00000143469,0.107025295,0.0,1
ENSG00000186094,0.33659217,0.0,1
ENSG00000143162,2.28292,3.2533162,1
ENSG00000179397,0.6101294,0.0,1
ENSG00000116793_1,2.425876,2.34631,1
ENSG00000182749,2.1698697,1.8923784,1
ENSG00000117400,0.09600354,0.0,1
ENSG00000185483,1.4633833,1.5708114,1
ENSG00000187815,1.5046287,1.8875723,1
ENSG00000142623_1,0.17193547,0.0,1
ENSG00000160710_3,0.6270051,2.6512663,1
ENSG00000291123,1.4883553,1.764617,1
ENSG00000134369,1.4369066,1.5863509,1
ENSG00000160058,2.7058382,2.6130517,1
ENSG00000174307,1.4705206,2.0386202,1
ENSG00000090686,3.0749478,3.099736,1
ENSG00000177807,0.7505264,0.0,1
ENSG00000198758,0.39732155,0.0,1
ENSG00000163374_1,2.606126,2.4329212,1
ENSG00000203667,2.487811,3.2812834,1
ENSG00000291135,0.09090539,0.0,1
ENSG00000134684,2.9123204,3.4168103,1
ENSG00000196352_2,0.092252634,0.0,1
ENSG00000198691,0.03742539,0.0,1
ENSG00000207056,0.099104576,0.0,1
ENSG00000143179,2.3598647,2.7777748,1
ENSG00000269713,1.8023982,1.6989005,1
ENSG00000197982,2.36395,2.453563,1
ENSG00000131781_2,2.222521,2.7645102,1
ENSG00000237950,2.44111,1.6621627,1
ENSG00000016602,0.05502511,0.0,1
ENSG00000154222,2.514299,0.0,1
ENSG00000134249,0.18118474,0.0,1
ENSG00000133048,0.1515938,0.0,1
ENSG00000070759,1.5009855,2.227527,1
ENSG00000120333,0.20434105,0.8461515,1
ENSG00000154305_1,2.1946368,0.0,1
ENSG00000189337_1,1.805538,2.1728072,1
ENSG00000137941,1.7348619,1.8753449,1
ENSG00000142794,1.7758878,1.9797031,1
ENSG00000143195,1.5177436,1.8019248,1
ENSG00000162814,0.23953815,0.0,1
ENSG00000186063_1,2.002133,0.0,1
ENSG00000291132,0.6184976,1.3070465,1
ENSG00000184371_2,2.1360035,1.6639646,1
ENSG00000233514,0.12070557,1.796505,1
ENSG00000135845,2.0352538,0.0,1
ENSG00000069702,1.9205663,1.7273786,1
ENSG00000162894_1,0.14489421,0.0,1
ENSG00000143375,1.2934805,1.3031312,1
ENSG00000143512,0.12369302,0.0,1
ENSG00000284668,0.44476196,0.0,1
ENSG00000143363,1.8850318,2.2261357,1
ENSG00000253097,0.0306762,0.0,1
ENSG00000162704,2.2483692,2.9537413,1
ENSG00000097033,2.3527899,1.4883109,1
ENSG00000097046_1,2.5759327,1.888926,1
ENSG00000162894,0.11301174,1.1331235,1
ENSG00000198830_1,2.0432396,1.7899895,1
ENSG00000213366,1.0746396,0.0,1
ENSG00000203985,0.13153453,0.0,1
ENSG00000203721,0.05880069,0.0,1
ENSG00000116218,0.9995859,1.572244,1
ENSG00000137936,0.12620062,0.0,1
ENSG00000137936_3,0.13948724,0.0,1
ENSG00000134371_1,1.9271902,1.0743775,1
ENSG00000142583,0.11377384,0.0,1
ENSG00000184588,1.3448248,1.5117764,1
ENSG00000123843_1,0.26998502,0.0,1
ENSG00000236719_1,0.112691864,0.0,1
ENSG00000160741,0.111483715,0.0,1
ENSG00000169241_1,2.4080062,2.6610732,1
ENSG00000133067_1,0.28411987,0.0,1
ENSG00000049249,0.1645064,0.0,1
ENSG00000067606_2,0.1839683,0.0,1
ENSG00000162493,0.8921938,0.0,1
ENSG00000187017_2,0.2675685,0.0,1
ENSG00000117115,0.14421697,0.0,1
ENSG00000203730,0.14948906,0.0,1
ENSG00000117069,0.6133338,0.0,1
ENSG00000153187_1,0.46775553,1.732249,1
ENSG00000224699,2.4515471,0.0,1
ENSG00000121486,2.3901532,2.3303936,1
ENSG00000234741,0.4843633,1.5143352,1
ENSG00000135821,2.1734657,2.1388392,1
ENSG00000133056,1.5131294,1.7415613,1
ENSG00000183615,0.17403883,0.0,1
ENSG00000036549_2,2.5344384,2.3645248,1
ENSG00000122180,0.3456982,0.77170503,1
ENSG00000085999,2.5443351,2.7762797,1
ENSG00000160803,2.444068,2.1144176,1
ENSG00000117298_1,1.031886,1.2199773,1
ENSG00000177272,1.6593788,1.671432,1
ENSG00000232265,1.2684176,2.6699924,1
ENSG00000228288,2.024341,1.8951461,1
ENSG00000143033,1.5860566,2.4073553,1
ENSG00000143842,1.1390318,1.3624448,1
ENSG00000174827,0.16503793,0.0,1
ENSG00000184148,0.04917763,0.0,1
ENSG00000066557,2.5666735,0.0,1
ENSG00000222009,2.0283854,1.8040371,1
ENSG00000236427,0.67237836,0.0,1
ENSG00000177628,0.13379374,0.0,1
ENSG00000162775,2.9937587,2.7811842,1
ENSG00000237413,0.055978768,0.0,1
ENSG00000070886,1.6520188,1.7167543,1
ENSG00000162384,2.470867,2.3393838,1
ENSG00000143751,2.9777215,2.7877076,1
ENSG00000188396,2.6357238,0.0,1
ENSG00000159166_2,0.24734367,1.570858,1
ENSG00000117713,2.6012652,2.542315,1
ENSG00000117153,2.4702427,0.0,1
ENSG00000169962,0.29280806,0.0,1
ENSG00000198400_1,1.4742706,2.1617632,1
ENSG00000236810,2.6730437,2.358525,1
ENSG00000243725,1.9554876,0.0,1
ENSG00000069424_1,0.26807123,0.0,1
ENSG00000131779,2.203894,0.0,1
ENSG00000116539,2.614048,2.373004,1
ENSG00000043514,2.2777207,3.0223088,1
ENSG00000067704,2.237136,2.97126,1
ENSG00000143740_1,2.0477946,2.307451,1
ENSG00000143252,2.4549837,2.8381214,1
ENSG00000142634,2.144024,2.6966445,1
ENSG00000162714,2.2972825,0.0,1
ENSG00000197747_1,1.2063565,1.719704,1
ENSG00000204084,2.4136715,2.04065,1
ENSG00000070785,2.5137324,0.0,1
ENSG00000291068,2.6460233,2.3916194,1
ENSG00000117586,0.17012228,0.0,1
ENSG00000184588_1,0.07842293,0.0,1
ENSG00000142875_5,0.044631414,0.0,1
ENSG00000230337,1.9592535,1.6498312,1
ENSG00000117543,2.197237,0.0,1
ENSG00000228192,2.0957325,0.0,1
ENSG00000134256,0.10128363,0.0,1
ENSG00000287627,0.10718136,0.0,1
ENSG00000162769,2.5542161,2.3347974,1
ENSG00000049246,1.946932,1.7745973,1
ENSG00000142867,2.455776,2.5023725,1
ENSG00000163565,0.215264,0.0,1
ENSG00000116667,1.3891041,0.0,1
ENSG00000162896_1,0.11835148,0.0,1
ENSG00000117707_1,0.61556226,0.0,1
ENSG00000162599,1.8234494,0.0,1
ENSG00000175087_1,2.5626762,2.228372,1
ENSG00000203739,2.5352383,1.8458853,1
ENSG00000197747,0.27143362,0.0,1
ENSG00000084623_1,2.095538,0.0,1
ENSG00000134240,0.12539616,0.0,1
ENSG00000225630,4.0354013,3.4185996,1
ENSG00000143819_1,0.18823284,0.0,1
ENSG00000134375,2.808983,3.2407887,1
ENSG00000273004_1,1.5657773,0.0,1
ENSG00000227634,0.11132376,0.0,1
ENSG00000168389,0.9873447,0.0,1
ENSG00000284693,1.1063324,0.0,1
ENSG00000134243_1,2.107894,2.6521013,1
ENSG00000203740,0.09715124,0.0,1
ENSG00000163348,2.5690436,2.6743834,1
ENSG00000211452,0.2619438,0.0,1
ENSG00000196418_1,1.7761719,1.8331727,1
ENSG00000116985,1.9088782,1.5442418,1
ENSG00000162729,1.692976,2.0935547,1
ENSG00000196660_1,1.6105576,2.294885,1
ENSG00000163374,2.6653733,2.150342,1
ENSG00000143390_2,2.1072338,1.8604578,1
ENSG00000196517_1,1.6410762,1.8114811,1
ENSG00000203739_1,2.5394578,1.9726655,1
ENSG00000230937,0.110296614,0.0,1
ENSG00000263513,2.374712,0.0,1
ENSG00000188739,2.2989817,2.6406524,1
ENSG00000143549,0.30105633,0.0,1
ENSG00000266094,2.0730245,2.1845722,1
ENSG00000116819,1.2789874,1.6079051,1
ENSG00000143303,2.1616898,2.8129134,1
ENSG00000120370,1.5454464,2.1089537,1
ENSG00000134709,1.0574818,1.2882493,1
ENSG00000143217,0.21723917,0.0,1
ENSG00000158161,2.7084067,2.8740757,1
ENSG00000196352_1,2.6587906,3.506233,1
ENSG00000198400,0.358924,0.0,1
ENSG00000081277,0.9972259,1.3796136,1
ENSG00000207340,0.37190136,0.0,1
ENSG00000187180,0.13795473,0.0,1
ENSG00000163362_1,0.14520136,0.0,1
ENSG00000224209,1.2638733,1.2671483,1
ENSG00000228697,0.13935202,0.0,1
ENSG00000282048,0.040935792,0.0,1
ENSG00000134369_2,0.13329111,0.76261854,1
ENSG00000142798,0.1616737,0.8267225,1
ENSG00000066056,0.064492114,0.0,1
ENSG00000132677,0.48601538,0.0,1
ENSG00000215845,0.7834687,1.3201047,1
ENSG00000226919,0.1545035,0.0,1
ENSG00000137947,2.0921915,2.8484797,1
ENSG00000084652,2.685084,2.7109175,1
ENSG00000215704,0.13893034,0.0,1
ENSG00000233461,2.148913,0.0,1
ENSG00000142784,2.2006302,0.0,1
ENSG00000162641_1,0.071019314,0.0,1
ENSG00000290867_1,1.3543652,0.0,1
ENSG00000136628,2.680836,3.3825788,1
ENSG00000142864,2.465066,3.7642434,1
ENSG00000274265_2,1.3805193,0.0,1
ENSG00000116489,2.803208,3.688241,1
ENSG00000117155_1,2.3136437,2.712206,1
ENSG00000081019_1,2.5853188,2.4191856,1
ENSG00000120333_1,2.3196192,2.7934692,1
ENSG00000116791_1,1.8200529,2.8530896,1
ENSG00000173728,0.133886,0.0,1
ENSG00000120332,0.08132368,0.0,1
ENSG00000137992,1.833396,2.0449708,1
ENSG00000162670_1,0.3205559,0.0,1
ENSG00000130772,2.412144,0.0,1
ENSG00000230124,2.5178277,2.3000212,1
ENSG00000231163,0.09278967,0.0,1
ENSG00000297423,1.7486436,0.0,1
ENSG00000177301,0.3864582,0.84616387,1
ENSG00000127603_3,0.27427676,0.0,1
ENSG00000142686,2.3681386,1.9337251,1
ENSG00000189410,0.5399828,0.0,1
ENSG00000287684,0.07638839,0.0,1
ENSG00000066027_1,0.0879997,0.0,1
ENSG00000185499,1.6369992,0.0,1
ENSG00000175130,1.964596,3.4289021,1
ENSG00000232596,0.097170964,0.0,1
ENSG00000180287,0.018721329,0.0,1
ENSG00000291138,1.2302868,0.0,1
ENSG00000085433,2.1368294,1.9359051,1
ENSG00000157131,0.1164063,0.0,1
ENSG00000160691_1,0.42525,1.2570062,1
ENSG00000085840,2.9188085,2.8079164,1
ENSG00000134186,2.2455833,3.0706325,1
ENSG00000158793,2.0320787,2.3043418,1
ENSG00000271252,0.22514196,0.0,1
ENSG00000171790,0.16509221,0.0,1
ENSG00000143554,1.6493474,1.779957,1
ENSG00000160856,0.06647363,0.0,1
ENSG00000163463_1,1.3302667,3.3535104,1
ENSG00000116675_2,0.2323586,0.0,1
ENSG00000186056,2.590533,2.3822873,1
ENSG00000134369_3,0.2885655,0.0,1
ENSG00000203784,0.10022379,0.0,1
ENSG00000118298,0.101222195,0.0,1
ENSG00000137944_1,2.3155189,2.6569362,1
ENSG00000134183_1,0.526162,0.0,1
ENSG00000159409,0.24875274,0.0,1
ENSG00000157330,0.1387759,0.0,1
ENSG00000171502,0.3587298,0.0,1
ENSG00000116183_1,0.10614424,0.0,1
ENSG00000143469_1,1.4462107,1.2403744,1
ENSG00000284719,1.5854589,0.0,1
ENSG00000285041,0.09626343,0.0,1
ENSG00000163354,0.26877075,0.0,1
ENSG00000206585,1.6807184,0.0,1
ENSG00000142609_1,0.86172837,0.0,1
ENSG00000143157,2.3789291,2.417289,1
ENSG00000143507_1,2.1253753,1.831204,1
ENSG00000163206,0.10436537,0.0,1
ENSG00000171793,2.3715718,2.9322586,1
ENSG00000162851,2.5825338,0.0,1
ENSG00000227066,0.13440649,0.0,1
ENSG00000084073,2.15142,0.0,1
ENSG00000130764,2.0327322,2.6619072,1
ENSG00000133059,2.298376,1.5509984,1
ENSG00000188859,1.7426988,1.7705796,1
ENSG00000009790_1,0.14964092,0.0,1
ENSG00000199879,1.6867994,0.0,1
ENSG00000243062,0.0901978,0.0,1
ENSG00000136636_1,0.029017452,0.0,1
ENSG00000184005,1.0628747,1.140885,1
ENSG00000066279,2.4638677,2.9051216,1
ENSG00000162599_3,0.22863616,0.0,1
ENSG00000151414,2.2767963,2.6894696,1
ENSG00000116133,2.2974758,3.1790202,1
ENSG00000291242,0.90765446,0.0,1
ENSG00000121940,2.247804,2.8461885,1
ENSG00000116962,1.2097659,1.5979364,1
ENSG00000238142_1,0.33609432,0.0,1
ENSG00000143753_1,2.1181648,1.1026394,1
ENSG00000024526,2.2461011,2.629867,1
ENSG00000280587,0.34584433,0.0,1
ENSG00000162591,1.4520313,1.3460594,1
ENSG00000163239,1.4683037,1.4846983,1
ENSG00000117632_1,1.5596049,0.0,1
ENSG00000132906,2.3543634,2.5900745,1
ENSG00000119535,0.29448897,0.0,1
ENSG00000173846,2.5598857,2.2171626,1
ENSG00000132694,2.2679293,1.7641537,1
ENSG00000116977,2.1221852,2.820164,1
ENSG00000020633,1.5736581,1.5807084,1
ENSG00000134255_1,2.5574346,2.8236027,1
ENSG00000156876,2.4264436,0.0,1
ENSG00000160714,2.45638,2.1273088,1
ENSG00000173660,2.6179357,0.0,1
ENSG00000175206,0.25073957,0.0,1
ENSG00000228536_2,0.07725994,0.0,1
ENSG00000184163,1.3227056,0.0,1
ENSG00000117616,0.114172734,0.0,1
ENSG00000134258,0.17343637,0.0,1
ENSG00000157933,2.114977,1.6674529,1
ENSG00000153187_3,2.2404757,2.0976043,1
ENSG00000178096,0.25325298,0.7034633,1
ENSG00000066136,2.8381708,2.8149,1
ENSG00000196754,0.27235982,0.0,1
ENSG00000137975,0.062462755,0.0,1
ENSG00000163141,0.11497413,0.0,1
ENSG00000142856,1.6565919,0.0,1
ENSG00000163866,2.4594035,0.0,1
ENSG00000162592,0.16704656,0.7340634,1
ENSG00000171729,1.0550946,0.0,1
ENSG00000074964,1.6215409,1.4838297,1
ENSG00000142583_2,0.256099,0.0,1
ENSG00000155366,2.2725499,3.0790799,1
ENSG00000198198,2.6128035,2.1256568,1
ENSG00000198492,2.344708,3.0443437,1
ENSG00000143418,0.17574078,0.0,1
ENSG00000146463,2.1550689,0.0,1
ENSG00000189337,1.417465,1.2976468,1
ENSG00000163399,2.4050117,3.1101687,1
ENSG00000143514_2,2.6068726,2.5273128,1
ENSG00000143479_1,2.4036088,1.1089032,1
ENSG00000134247,1.9400114,2.1474907,1
ENSG00000185104,2.6467812,3.0319333,1
ENSG00000143543,2.263104,2.9342806,1
ENSG00000164011,2.5382905,2.369748,1
ENSG00000121764,0.96597993,0.0,1
ENSG00000188984,0.12719437,0.0,1
ENSG00000052723,2.4425097,3.0400958,1
ENSG00000184292,1.3906755,1.8542392,1
ENSG00000203724,2.30453,1.8308452,1
ENSG00000116141,1.4479529,1.7125571,1
ENSG00000265972,2.8101933,3.2786942,1
ENSG00000119283,1.5173697,1.7659813,1
ENSG00000163565_2,0.14862986,0.0,1
ENSG00000116678,1.8399127,2.4244225,1
ENSG00000117477,0.3572925,0.0,1
ENSG00000174514_2,1.0185734,1.998002,1
ENSG00000239887,0.21562283,0.6287771,1
ENSG00000160712_1,1.3920884,1.7659739,1
ENSG00000134690,2.7110872,3.103756,1
ENSG00000143570_1,1.9718953,1.8363051,1
ENSG00000214114,2.047045,2.960602,1
ENSG00000236358,0.90146595,0.0,1
ENSG00000134668_1,0.63134515,0.0,1
ENSG00000174606_1,2.1172974,2.168792,1
ENSG00000162763,0.077612735,0.0,1
ENSG00000282881,0.14332664,0.0,1
ENSG00000158859,0.45175818,1.0193241,1
ENSG00000143319,2.4593337,2.5306926,1
ENSG00000156869,1.2093697,0.0,1
ENSG00000160075_1,2.5653832,3.3847833,1
ENSG00000203783,0.071655914,0.0,1
ENSG00000054392,0.1870411,0.0,1
ENSG00000092621,0.81852865,2.3297617,1
ENSG00000143862,1.9465929,2.2391093,1
ENSG00000252135,0.24152334,0.84610194,1
ENSG00000119285,2.1598334,2.6819844,1
ENSG00000117143,2.5191083,3.1393375,1
ENSG00000163239_1,1.2041445,0.0,1
ENSG00000230461,0.10258115,0.0,1
ENSG00000132680,2.2397692,2.660224,1
ENSG00000116147,0.24367198,0.0,1
ENSG00000116141_1,1.444662,1.314857,1
ENSG00000188529,2.8482347,3.3135488,1
ENSG00000240563,0.51589656,0.0,1
ENSG00000117245,0.3551749,0.0,1
ENSG00000116584_3,1.0258619,1.5035592,1
ENSG00000154027_1,0.29123232,1.1900514,1
ENSG00000130695,2.837974,2.883315,1
ENSG00000187147,1.079228,0.0,1
ENSG00000231507,0.5935627,0.0,1
ENSG00000232671,2.7343452,1.5744249,1
ENSG00000117676_2,0.4714525,0.0,1
ENSG00000184588_3,0.06351003,0.0,1
ENSG00000286383,0.098581545,0.0,1
ENSG00000117016,1.3050294,0.0,1
ENSG00000117010,1.8644824,1.76369,1
ENSG00000157077,2.230109,2.298176,1
ENSG00000116455,2.5966346,2.626401,1
ENSG00000116885,0.9571377,0.724112,1
ENSG00000121753_1,1.8049667,1.8899736,1
ENSG00000143257,0.13395597,0.0,1
ENSG00000226251,2.7339892,1.3872652,1
ENSG00000227533,1.8135374,0.0,1
ENSG00000235942,0.11697859,0.7579272,1
ENSG00000203747,0.119725935,0.0,1
ENSG00000121905_2,1.0714698,0.0,1
ENSG00000237928,0.0857738,0.0,1
ENSG00000230138,0.18431099,0.0,1
ENSG00000171812,1.2463447,0.0,1
ENSG00000076864,1.4156001,0.0,1
ENSG00000159173_1,0.10698003,0.0,1
ENSG00000202056,0.60708576,0.8423596,1
ENSG00000168528_2,1.0808564,0.0,1
ENSG00000143537,2.0068693,2.4954264,1
ENSG00000143653,2.0314102,2.6785512,1
ENSG00000198793,1.991877,0.0,1
ENSG00000154007,0.0054162797,0.0,1
ENSG00000092847_1,1.970723,2.3392189,1
ENSG00000078618_2,2.9938972,3.3051708,1
ENSG00000291156,1.5949136,2.0774043,1
ENSG00000163346,0.91933155,0.0,1
ENSG00000085832_1,2.2221005,2.5901685,1
ENSG00000160741_1,2.2774532,0.0,1
ENSG00000131236,2.9917464,1.1777961,1
ENSG00000143079,0.8705606,0.982045,1
ENSG00000085465,0.12401832,0.0,1
ENSG00000230424_1,2.656585,0.0,1
ENSG00000284686,0.08710928,0.0,1
ENSG00000169213,1.5466796,1.252489,1
ENSG00000143416,0.8063972,0.0,1
ENSG00000228594,1.8826655,2.0401275,1
ENSG00000157216_1,2.3829706,2.7590406,1
ENSG00000116641,2.0003607,1.8604877,1
ENSG00000227868,0.047333553,0.0,1
ENSG00000287587,1.6031026,0.0,1
ENSG00000178104_1,1.0229398,1.373923,1
ENSG00000168148,1.0568682,0.0,1
ENSG00000168118,2.326766,2.7343333,1
ENSG00000143382,2.245448,3.1248791,1
ENSG00000081237,0.44520974,2.6098802,1
ENSG00000176393,2.2459161,2.6374598,1
ENSG00000163209,0.060051084,0.0,1
ENSG00000023572_1,0.52797395,0.0,1
ENSG00000250719,0.14860263,0.0,1
ENSG00000196240,0.050746914,0.0,1
ENSG00000142599_2,2.4443185,2.5912237,1
ENSG00000183520,2.5966523,3.3474314,1
ENSG00000265961,0.124179535,0.0,1
ENSG00000040487,2.439085,2.510872,1
ENSG00000162614,1.5100712,1.6999764,1
ENSG00000007341_2,2.67657,1.6032526,1
ENSG00000116754_1,2.4592135,2.93021,1
ENSG00000008118,0.06812478,0.0,1
ENSG00000230550,0.09709615,0.0,1
ENSG00000058453,0.22330724,0.0,1
ENSG00000142661_1,0.1443857,0.0,1
ENSG00000143851_1,2.2537436,0.0,1
ENSG00000142657_2,1.9125131,0.0,1
ENSG00000007341_1,2.5795796,1.9459951,1
ENSG00000127124_2,0.04075784,0.0,1
ENSG00000143032,1.3522482,0.0,1
ENSG00000135821_1,2.5686553,3.3922431,1
ENSG00000224459,0.16073829,0.0,1
ENSG00000197530,2.5977669,2.151094,1
ENSG00000116882,0.07290459,0.0,1
ENSG00000122483,1.7555443,1.7016284,1
ENSG00000159023_1,2.4059963,2.5637302,1
ENSG00000069248,2.5948024,2.899977,1
ENSG00000143368,1.7763968,2.9353793,1
ENSG00000117305,1.7918562,0.0,1
ENSG00000135744_1,0.055144362,0.0,1
ENSG00000026751,0.07538953,0.0,1
ENSG00000169231,0.42183912,0.0,1
ENSG00000117408,2.557544,2.4670885,1
ENSG00000143702_3,2.8392699,1.9643115,1
ENSG00000137965,0.056482464,0.0,1
ENSG00000290525,0.018922737,0.0,1
ENSG00000162419,2.7752528,2.2641091,1
ENSG00000163874_1,1.1398765,0.0,1
ENSG00000143437,2.220397,2.2812426,1
ENSG00000149527_1,0.40941346,0.0,1
ENSG00000182004_1,1.762351,1.9018286,1
ENSG00000143409_2,1.8399664,0.0,1
ENSG00000158796,2.5414839,2.287486,1
ENSG00000136634,0.14412108,0.8461762,1
ENSG00000134201,0.55433446,1.2685546,1
ENSG00000162664,2.578243,2.7767375,1
ENSG00000263528,0.2407039,1.0743043,1
ENSG00000163444,2.931296,2.5089874,1
ENSG00000117748,2.7310874,0.0,1
ENSG00000143107,0.06383135,0.0,1
ENSG00000077585,1.6374342,1.7063593,1
ENSG00000116459,1.514477,2.5580447,1
ENSG00000142611,1.3962129,1.4168735,1
ENSG00000116221,2.088532,3.4684656,1
ENSG00000142765,0.5315437,0.0,1
ENSG00000159176,1.2994425,2.3254602,1
ENSG00000157184,2.371563,2.6017308,1
ENSG00000162706,1.2639792,1.7202586,1
ENSG00000162599_2,2.1168532,2.059571,1
ENSG00000187634_1,0.42688048,0.0,1
ENSG00000291158_1,1.4937227,1.6163495,1
ENSG00000163157,0.11586717,0.0,1
ENSG00000163545,1.4795158,1.6633805,1
ENSG00000163462,0.3209185,0.0,1
ENSG00000224445,0.08441842,0.0,1
ENSG00000134215,0.04680793,0.0,1
ENSG00000162909_2,0.15173955,0.0,1
ENSG00000291234_1,0.5256387,1.4319425,1
ENSG00000118193,2.4910107,2.432591,1
ENSG00000160752,2.795076,2.9670067,1
ENSG00000231246,0.055999257,0.0,1
ENSG00000227181,0.025546951,0.0,1
ENSG00000158014,1.6263577,1.5636591,1
ENSG00000171735,2.3676572,1.6714135,1
ENSG00000180287_1,1.4541737,1.8563966,1
ENSG00000221040,0.08140488,0.0,1
ENSG00000143222,1.4058987,2.886988,1
ENSG00000143384,2.3602173,3.2708628,1
ENSG00000143171,0.33374408,1.1985581,1
ENSG00000169218,1.3204123,1.4085282,1
ENSG00000270106,2.3196547,0.0,1
ENSG00000133067,1.3022548,1.343507,1
ENSG00000202444,2.4244673,0.0,1
ENSG00000184007_1,2.0470893,1.0721028,1
ENSG00000117676_1,0.21286923,0.0,1
ENSG00000265241,2.0197158,2.7846901,1
ENSG00000143248,0.09473351,0.0,1
ENSG00000116688,2.5874643,2.9692016,1
ENSG00000143401_1,1.9150323,3.3039818,1
ENSG00000232679,0.054508634,0.0,1
ENSG00000163563,0.047784638,0.5611252,1
ENSG00000162630,0.27684638,0.0,1
ENSG00000213088,0.61896664,0.0,1
ENSG00000133069,1.6022801,1.6776069,1
ENSG00000142621,0.16675586,0.0,1
ENSG00000198815_1,2.3438878,2.7868152,1
ENSG00000286172,1.5324686,2.1327462,1
ENSG00000122477,0.07347112,0.0,1
ENSG00000158864_1,2.3749866,3.0810194,1
ENSG00000231648,0.0708823,0.0,1
ENSG00000116954,2.2742019,1.9417648,1
ENSG00000123689,1.5081098,1.6668454,1
ENSG00000163050,2.5893888,2.1332834,1
ENSG00000143443,0.8819733,1.3636872,1
ENSG00000189195_1,0.035378575,0.0,1
ENSG00000270882,2.4817748,3.5705383,1
ENSG00000162576,1.4063731,0.0,1
ENSG00000287808,2.1830835,0.0,1
ENSG00000143321,1.8638734,1.7882603,1
ENSG00000143127,0.16120172,0.0,1
ENSG00000183114,0.9129113,1.3794506,1
ENSG00000131781,0.3829856,0.0,1
ENSG00000179051,2.1811168,2.8288596,1
ENSG00000143595,1.174721,1.7981325,1
ENSG00000291129,0.2495949,1.1813576,1
ENSG00000162441_1,1.8980025,2.6328428,1
ENSG00000155816,1.1777586,1.4614835,1
ENSG00000116212,2.2650576,2.5925875,1
ENSG00000162433_1,1.6225063,0.0,1
ENSG00000159516,0.03663697,0.0,1
ENSG00000226835,1.5373638,0.0,1
ENSG00000054392_3,0.0831335,0.0,1
ENSG00000132763,2.3066905,0.0,1
ENSG00000143420,2.3844984,0.0,1
ENSG00000153207,2.3427174,2.7028887,1
ENSG00000225265,1.1493502,1.5672852,1
ENSG00000218510,2.5975626,2.0600893,1
ENSG00000160789_1,1.4077429,1.0441319,1
ENSG00000291158,0.1610325,0.0,1
ENSG00000198765,0.24142826,0.0,1
ENSG00000134389,0.043513402,0.0,1
ENSG00000143603,0.15954149,0.0,1
ENSG00000186207,0.13209318,0.0,1
ENSG00000162873,0.24430934,0.0,1
ENSG00000226167,1.600322,0.0,1
ENSG00000143847,2.2863808,1.9268156,1
ENSG00000162407,0.8720303,1.8327643,1
ENSG00000066185_1,1.4470085,0.0,1
ENSG00000252501,0.067432545,0.0,1
ENSG00000143771,2.0418887,2.448049,1
ENSG00000163125,2.5415115,2.3966718,1
ENSG00000054282,2.5257366,2.50812,1
ENSG00000196890,2.3192933,2.806058,1
ENSG00000143341,0.5507408,1.7618903,1
ENSG00000162490,1.5482384,1.3495883,1
ENSG00000143337_1,2.3229215,2.10185,1
ENSG00000142748,0.09824959,0.0,1
ENSG00000207475,0.09989745,0.0,1
ENSG00000066135,2.395118,2.2038403,1
ENSG00000117650,2.599156,2.607751,1
ENSG00000086619,2.1733289,2.0332348,1
ENSG00000184588_4,0.12786792,0.0,1
ENSG00000143401,1.3462156,0.0,1
ENSG00000224616,2.3729706,1.5326397,1
ENSG00000163554,0.7536502,2.9063125,1
ENSG00000291141_1,1.2839963,1.3625202,1
ENSG00000118733_1,0.2925707,0.0,1
ENSG00000117597,2.245716,2.605696,1
ENSG00000162378,2.2023184,2.5613422,1
ENSG00000197959,1.8606359,1.8028079,1
ENSG00000116285,1.8263813,1.7212582,1
ENSG00000143842_1,0.09812848,0.0,1
ENSG00000132716,2.5654306,2.6671157,1
ENSG00000188672_1,2.5724673,0.0,1
ENSG00000143632,0.964652,1.3904759,1
ENSG00000143228,2.3908384,2.8591394,1
ENSG00000197245,0.23798656,0.0,1
ENSG00000156171_1,2.6390102,2.6979144,1
ENSG00000177414,0.1981073,1.4977173,1
ENSG00000158825,0.52145165,1.2215968,1
ENSG00000143816,1.6598449,1.7865101,1
ENSG00000143514,0.112385444,0.0,1
ENSG00000134744,2.2017162,2.4426632,1
ENSG00000143365_1,0.123334944,0.62252486,1
ENSG00000237728,0.15717211,0.0,1
ENSG00000160789_2,0.21811502,0.0,1
ENSG00000175137,2.261468,1.7228312,1
ENSG00000203666_2,2.6066902,2.6195388,1
ENSG00000116337_1,0.66944927,0.0,1
ENSG00000291137,0.2334097,0.0,1
ENSG00000198216_1,0.55557376,0.0,1
ENSG00000285873,1.9189095,1.8102392,1
ENSG00000036549,0.0200023,0.0,1
ENSG00000143196,0.21271281,0.0,1
ENSG00000196878,0.24766359,0.0,1
ENSG00000285280,0.08401603,0.0,1
ENSG00000142609,0.36467937,0.0,1
ENSG00000184371_1,1.9020473,2.0307615,1
ENSG00000120949,0.5056514,0.8790729,1
ENSG00000186827,0.36448237,0.97653335,1
ENSG00000126107,2.4043362,2.6474915,1
ENSG00000158006,2.0385005,0.0,1
ENSG00000079335_3,1.9435132,0.0,1
ENSG00000286619,1.9219183,1.6919739,1
ENSG00000143376,1.944908,2.505123,1
ENSG00000085832,0.064210266,0.0,1
ENSG00000162571,0.5564837,0.93520486,1
ENSG00000197785,2.590914,3.1149077,1
ENSG00000184330,0.080387734,0.0,1
ENSG00000213047,2.184719,1.8526629,1
ENSG00000188015,0.11779957,0.7485756,1
ENSG00000065978_1,2.2949162,2.5738459,1
ENSG00000186160,0.07772341,0.0,1
ENSG00000164007,0.68362963,0.0,1
ENSG00000223382,2.04451,0.0,1
ENSG00000154358_1,0.5041713,1.0489078,1
ENSG00000133069_1,0.2922448,0.0,1
ENSG00000198216,1.3508111,0.0,1
ENSG00000058668,2.0650237,1.7595243,1
ENSG00000116586,2.3806658,2.4488378,1
ENSG00000143184,0.34907505,0.0,1
ENSG00000287064,0.16177675,0.0,1
ENSG00000187634,0.9123775,0.0,1
ENSG00000223175,0.06844119,0.0,1
ENSG00000180198,2.3138697,3.7473457,1
ENSG00000081692,2.3047035,2.2842433,1
ENSG00000282221,0.94570655,0.0,1
ENSG00000228794_1,2.5807967,2.6541207,1
ENSG00000123080,2.5762384,2.4662595,1
ENSG00000116685,2.2837884,2.3395667,1
ENSG00000117360,1.9428245,0.0,1
ENSG00000173947,0.751448,0.0,1
ENSG00000171806,2.424848,2.1114573,1
ENSG00000021852_1,0.064967416,0.0,1
ENSG00000273727,1.9866645,0.0,1
ENSG00000162511,0.50059766,1.6432453,1
ENSG00000135835_1,0.23138171,1.0489233,1
ENSG00000060656_1,0.5721529,0.0,1
ENSG00000159208,0.42018136,0.0,1
ENSG00000158195,3.029083,3.108964,1
ENSG00000135778,1.5811491,2.2310386,1
ENSG00000007341,0.38055205,0.0,1
ENSG00000122482,1.7373909,0.0,1
ENSG00000137948,0.35211578,0.0,1
ENSG00000203859,0.13599437,0.0,1
ENSG00000116288_1,2.2696135,0.0,1
ENSG00000132698,0.26274735,0.0,1
ENSG00000235933,0.13379093,0.0,1
ENSG00000152763,0.049303554,0.0,1
ENSG00000178104_2,1.6246262,3.3122282,1
ENSG00000143502,1.6828514,1.6163704,1
ENSG00000230623_1,0.12768449,0.0,1
ENSG00000258673,0.12806943,0.0,1
ENSG00000007968,2.408844,2.0948553,1
ENSG00000143028,1.7100663,1.5848963,1
ENSG00000143520,0.06765024,0.0,1
ENSG00000162873_2,0.15339024,0.0,1
ENSG00000162728,0.16911905,0.0,1
ENSG00000122224,0.08504167,0.0,1
ENSG00000232537,0.10909923,0.0,1
ENSG00000163344,2.4646401,0.0,1
ENSG00000116984,2.5646837,2.584415,1
ENSG00000160753_1,1.8913057,1.2118678,1
ENSG00000169641,0.97650933,0.0,1
ENSG00000074800,0.21062276,1.5715691,1
ENSG00000078369_1,2.3030407,3.1402283,1
ENSG00000159166_1,1.051101,0.0,1
ENSG00000143799,0.1204739,0.85744107,1
ENSG00000092850,0.47414508,0.0,1
ENSG00000228536_1,0.2648481,0.0,1
ENSG00000196505,2.1592052,2.0391324,1
ENSG00000171960,2.2704966,2.8615248,1
ENSG00000159479,2.5002525,2.651718,1
ENSG00000132676,0.8135571,1.5729413,1
ENSG00000142599,0.876448,1.0269417,1
ENSG00000116288,2.5576098,2.87718,1
ENSG00000153187_4,2.5721905,2.9165592,1
ENSG00000169241,2.1570878,1.7146649,1
ENSG00000162779,2.0687954,0.0,1
ENSG00000186118,0.09093414,0.0,1
ENSG00000134216,0.08812152,0.0,1
ENSG00000197147,2.4887254,2.7066333,1
ENSG00000162736,2.447775,2.8436096,1
ENSG00000117602,1.5888199,1.3839768,1
ENSG00000233482,0.043698125,0.0,1
ENSG00000163349,2.198471,2.705127,1
ENSG00000064703_2,2.4185205,2.450423,1
ENSG00000076321,2.2930176,2.269527,1
ENSG00000118298_1,0.18760744,0.0,1
ENSG00000132781_2,2.5748844,2.5734403,1
ENSG00000236021,2.2682745,1.9201756,1
ENSG00000117523_1,0.1051443,0.0,1
ENSG00000135870,2.482255,2.1854572,1
ENSG00000142694,1.7213702,2.0458703,1
ENSG00000127483_2,2.4380798,2.9307148,1
ENSG00000130939,2.6674852,2.9669626,1
ENSG00000160753,1.0084991,1.0583122,1
ENSG00000163565_1,0.07068807,0.0,1
ENSG00000116990,2.2170389,2.0086002,1
ENSG00000175984,1.078248,0.0,1
ENSG00000118292,0.15452613,0.0,1
ENSG00000162377,2.4526143,2.4280603,1
ENSG00000157916,2.3880992,3.1305943,1
ENSG00000117614,2.5463223,2.9584804,1
ENSG00000213085,0.5045303,0.0,1
ENSG00000197965,2.3105037,2.8266804,1
ENSG00000198892_1,0.9869083,0.0,1
ENSG00000143412,0.5210488,0.0,1
ENSG00000235358,2.1309137,0.9562837,1
ENSG00000143158,2.8774045,3.07116,1
ENSG00000187801,2.303561,0.0,1
ENSG00000197989,2.6855855,3.17588,1
ENSG00000143850_1,0.2266544,0.74374485,1
ENSG00000157978,2.1021945,2.3709939,1
ENSG00000203910,0.5929318,0.0,1
ENSG00000154380_1,1.4017756,1.5302765,1
ENSG00000163041,2.6783524,3.9916995,1
ENSG00000169224,0.10598535,0.0,1
ENSG00000198492_1,2.9286022,3.0655236,1
ENSG00000116922_1,2.4990177,1.9807894,1
ENSG00000158615,2.660394,2.7160451,1
ENSG00000142676,2.4336689,4.258345,1
ENSG00000117155,2.3748388,2.3727777,1
ENSG00000155363,2.4494243,1.5693505,1
ENSG00000169174,1.5638384,2.2172313,1
ENSG00000233461_1,2.0766926,1.5495795,1
ENSG00000086015,2.4095562,0.0,1
ENSG00000143119_1,0.4604225,0.0,1
ENSG00000197780,2.1375718,0.0,1
ENSG00000188910_1,0.13876225,0.0,1
ENSG00000117481_1,2.3457987,1.4178203,1
ENSG00000142875_1,0.012583712,0.0,1
ENSG00000143436,2.1013865,0.0,1
ENSG00000048707_1,0.07931906,0.0,1
ENSG00000090621_1,1.9998662,3.3388588,1
ENSG00000162430,1.6230382,1.8212448,1
ENSG00000171729_1,1.4945681,1.3350565,1
ENSG00000290592,0.134935,0.0,1
ENSG00000184454,0.7065163,1.1351008,1
ENSG00000183726,2.6505907,3.4122825,1
ENSG00000187862,0.13335072,0.0,1
ENSG00000086015_1,0.33054158,0.0,1
ENSG00000157870,2.2446265,0.0,1
ENSG00000160685_1,1.1105738,0.0,1
ENSG00000117758,1.7702659,2.5278258,1
ENSG00000010165,2.2553132,2.0620177,1
ENSG00000000457,2.6967194,2.0305188,1
ENSG00000118733,0.1146404,0.0,1
ENSG00000116584_4,0.37410146,0.0,1
ENSG00000241563,0.23049092,1.2963141,1
ENSG00000125462,0.10987733,0.0,1
ENSG00000160767,0.2892227,1.0629954,1
ENSG00000151418,0.08543867,0.0,1
ENSG00000187800,0.34616384,0.0,1
ENSG00000189266,2.6529903,3.244527,1
ENSG00000286109,0.22967863,0.0,1
ENSG00000198815,2.2866178,0.0,1
ENSG00000233621,2.185545,0.0,1
ENSG00000198626,1.5949304,1.7909182,1
ENSG00000173207,2.8127978,3.1386974,1
ENSG00000143226,0.49262786,3.0176759,1
ENSG00000248333,2.775604,3.0530632,1
ENSG00000007933,0.038654797,0.0,1
ENSG00000287033,2.654914,0.0,1
ENSG00000153904,1.3895804,1.703171,1
ENSG00000075391,1.6761631,1.3362796,1
ENSG00000143753,2.3587298,2.552926,1
ENSG00000162594_1,0.2706013,0.0,1
ENSG00000036549_1,1.8777294,0.0,1
ENSG00000188783,0.12117102,0.0,1
ENSG00000153029,0.3477519,1.4740705,1
ENSG00000067606_1,0.28080028,0.8929512,1
ENSG00000243480,0.03066281,0.0,1
ENSG00000238164,0.38433322,0.0,1
ENSG00000014914_1,0.14615694,0.92582756,1
ENSG00000097021_3,2.1690896,2.2223003,1
ENSG00000137948_1,0.085860245,0.0,1
ENSG00000158747,0.5594194,1.1211658,1
ENSG00000159348,2.0743408,2.4025776,1
ENSG00000160789_6,1.1315084,0.8105685,1
ENSG00000174502,0.13384098,0.0,1
ENSG00000050628,1.7588177,2.3114974,1
ENSG00000158714,0.08016578,0.0,1
ENSG00000162772,2.3025646,0.0,1
ENSG00000225767,0.28047356,0.0,1
ENSG00000228436,2.230244,0.0,1
ENSG00000134259,0.93851113,1.4075099,1
ENSG00000169905,1.9259143,3.0093362,1
ENSG00000123472,0.09405357,0.0,1
ENSG00000198860,2.6357527,2.2937822,1
ENSG00000116266,2.57363,2.5451474,1
ENSG00000224536,1.4929233,0.0,1
ENSG00000158246,2.190788,1.2372923,1
ENSG00000127481,0.08485071,0.0,1
ENSG00000117281,0.06519744,0.0,1
ENSG00000204138,2.6626284,2.4910786,1
ENSG00000065243_1,2.3378286,1.3460202,1
ENSG00000189280,0.15299517,0.0,1
ENSG00000200972,0.2872294,0.0,1
ENSG00000201317,0.12386566,0.0,1
ENSG00000289881,1.7846054,1.2742734,1
ENSG00000085998,2.099359,0.0,1
ENSG00000143578_2,1.5413283,0.0,1
ENSG00000049089_1,1.0878775,1.1211789,1
ENSG00000120948_1,0.11396465,0.0,1
ENSG00000207241,0.27641252,0.0,1
ENSG00000143643,2.409899,2.1907797,1
ENSG00000116584_5,0.1479477,0.0,1
ENSG00000162643,0.33503565,0.0,1
ENSG00000116750,2.6767344,0.0,1
ENSG00000163393,1.5874621,0.9708209,1
ENSG00000223694,0.09174592,0.0,1
ENSG00000199347,2.5902421,2.7521276,1
ENSG00000088280,0.6230092,0.0,1
ENSG00000160712,1.5406175,0.0,1
ENSG00000178585,2.3374157,2.414385,1
ENSG00000236719,0.24849625,1.2342844,1
ENSG00000185278,2.719275,1.9671922,1
ENSG00000143337_2,2.7927792,2.7090282,1
ENSG00000196754_1,0.16539952,0.0,1
ENSG00000007908_1,0.02509013,0.0,1
ENSG00000131697,2.4853182,2.2810583,1
ENSG00000162913,1.4722849,1.0512992,1
ENSG00000173641,0.46294895,0.944384,1
ENSG00000203811,2.6052055,3.2275114,1
ENSG00000200169,1.678755,1.8069528,1
ENSG00000158062,2.2512453,2.2464862,1
ENSG00000230628,0.10792678,0.0,1
ENSG00000179051_1,2.0009122,2.6505213,1
ENSG00000196482_4,0.6047423,1.1447299,1
ENSG00000116161_1,2.9823577,3.584293,1
ENSG00000082497,1.5305508,1.4023646,1
ENSG00000143390_1,0.6703985,0.0,1
ENSG00000227070,1.3430498,2.4008884,1
ENSG00000158773,1.9790349,0.0,1
ENSG00000203865,1.9779243,0.0,1
ENSG00000240021,0.17401728,0.0,1
ENSG00000240038,0.042093977,0.0,1
ENSG00000284543,0.15155652,0.0,1
ENSG00000171492,2.339748,2.3648136,1
ENSG00000213057,1.3384259,0.0,1
ENSG00000235098,0.25619963,0.0,1
ENSG00000142619,0.17994446,0.0,1
ENSG00000162849,1.0789435,0.0,1
ENSG00000196189_3,0.11374395,0.0,1
ENSG00000066136_2,1.230155,0.0,1
ENSG00000121644,2.4820669,2.4560304,1
ENSG00000134200,0.045822322,0.0,1
ENSG00000162607,2.5707455,2.5040493,1
ENSG00000183155,2.4467013,2.4366858,1
ENSG00000116478,2.654235,3.0901592,1
ENSG00000198700,2.4032054,2.5276196,1
ENSG00000160789_5,0.8620327,1.550336,1
ENSG00000183598,1.7044643,3.372402,1
ENSG00000196418,0.03792403,0.0,1
ENSG00000157060,1.343624,1.4239664,1
ENSG00000163873,1.5874106,1.689806,1
ENSG00000134242,0.26010093,0.0,1
ENSG00000163202,0.15750052,0.0,1
ENSG00000162374_1,0.1614973,0.8105282,1
ENSG00000287756,1.1720682,2.7640505,1
ENSG00000117461,2.514896,0.0,1
ENSG00000136636,2.095787,2.7386997,1
ENSG00000163479,0.35408992,0.0,1
ENSG00000168679,0.103070125,0.0,1
ENSG00000162909,0.55095214,0.0,1
ENSG00000001461,1.6664077,0.0,1
ENSG00000169509,0.13037616,0.0,1
ENSG00000142945_1,0.14133868,0.0,1
ENSG00000117475,2.0315645,2.4448564,1
ENSG00000143799_1,2.2497187,3.27771,1
ENSG00000177868,2.3944592,2.0574758,1
ENSG00000060688,2.7020233,3.1542656,1
ENSG00000272031,2.318573,0.0,1
ENSG00000034971,0.6270495,0.0,1
ENSG00000162460,0.13676699,0.0,1
ENSG00000186790,1.6617266,1.4558494,1
ENSG00000179639,0.06273296,0.0,1
ENSG00000234222_1,2.022072,1.6012014,1
ENSG00000117505,2.4557452,2.7907002,1
ENSG00000130940,1.3774711,1.4993296,1
ENSG00000286071,0.119604416,2.1849666,1
ENSG00000230461_1,0.88919073,1.3471934,1
ENSG00000287445,2.147193,0.0,1
ENSG00000143669,2.099665,1.2583978,1
ENSG00000196189_1,0.21166313,1.0218918,1
ENSG00000116661,1.4386878,1.5539436,1
ENSG00000117480,1.4241456,1.3044474,1
ENSG00000143515,1.8009198,1.9596566,1
ENSG00000162601,1.8516098,0.0,1
ENSG00000172339,2.1646874,2.2967353,1
ENSG00000143669_1,0.1813592,0.0,1
ENSG00000142959,0.18939176,0.8719814,1
ENSG00000293271,1.3548548,0.0,1
ENSG00000163468_1,1.8880354,3.6001656,1
ENSG00000121481,2.228999,2.5215237,1
ENSG00000198691_1,0.09298373,0.0,1
ENSG00000162458_1,1.2817737,1.0984014,1
ENSG00000079277,1.9987445,0.0,1
ENSG00000116251_1,0.3993111,1.470631,1
ENSG00000213047_2,1.6582133,1.9567446,1
ENSG00000116824,0.12674277,0.0,1
ENSG00000231789,0.8576541,2.536023,1
ENSG00000162923,2.2475805,3.1524749,1
ENSG00000188643_1,0.40468284,0.96217984,1
ENSG00000143153_2,0.035535917,0.0,1
ENSG00000143552,0.3213202,0.0,1
ENSG00000188404,0.019707883,0.0,1
ENSG00000236975,0.060666695,0.0,1
ENSG00000180758,1.6663682,1.4741579,1
ENSG00000243364,1.8679909,2.180384,1
ENSG00000163518,0.18457931,0.0,1
ENSG00000133226,2.670096,3.2316403,1
ENSG00000236963_1,0.10626207,0.60957307,1
ENSG00000203785,0.04762157,0.0,1
ENSG00000031698,2.4680994,0.0,1
ENSG00000143851_2,1.1935102,1.8416972,1
ENSG00000117859,2.3161116,2.8813264,1
ENSG00000198715,0.4270096,0.0,1
ENSG00000228063,2.0793607,0.0,1
ENSG00000142583_3,0.12089892,0.0,1
ENSG00000155816_1,0.17404643,0.0,1
ENSG00000142657,2.4926038,3.398617,1
ENSG00000188092,2.240644,0.0,1
ENSG00000122188,0.14792407,0.0,1
ENSG00000120937,0.77734166,0.0,1
ENSG00000162604,2.1781483,2.6699944,1
ENSG00000159339,0.17209855,0.92891794,1
ENSG00000154027_2,0.18571165,0.0,1
ENSG00000222222,0.26342428,0.0,1
ENSG00000120948,2.6879005,3.2261176,1
ENSG00000222046,0.21764122,0.0,1
ENSG00000133019_2,0.11249295,0.0,1
ENSG00000143815,2.5211084,3.2060862,1
ENSG00000143545,0.7160318,2.8802853,1
ENSG00000143393_1,2.1977847,2.4852529,1
ENSG00000237330,0.7020895,0.0,1
ENSG00000117308_1,2.4025865,2.6886635,1
ENSG00000107404,2.358334,2.3589242,1
ENSG00000121774,3.0077019,3.5599473,1
ENSG00000198890,2.092134,2.435266,1
ENSG00000162642,1.8133428,2.3624806,1
ENSG00000162687,0.23861787,0.7290838,1
ENSG00000057757,2.9486403,2.866899,1
ENSG00000230426_1,0.07167808,0.0,1
ENSG00000123836_1,2.2883158,0.0,1
ENSG00000231666,0.10975223,0.0,1
ENSG00000228526_2,0.72535074,1.6978307,1
ENSG00000227712,0.351219,0.0,1
ENSG00000117475_1,2.1549706,1.762371,1
ENSG00000054118,3.0265424,2.9481928,1
ENSG00000117036,2.240458,0.0,1
ENSG00000117632,0.6630132,0.0,1
ENSG00000094975,2.9843748,2.14941,1
ENSG00000122435,2.2143571,2.402899,1
ENSG00000162437,1.8267713,1.849665,1
ENSG00000228536,0.076919146,0.0,1
ENSG00000274265_1,1.2036455,1.1866908,1
ENSG00000081721,2.4005387,0.0,1
ENSG00000116604,2.371254,1.9224141,1
ENSG00000162688,1.9006621,0.0,1
ENSG00000224000,0.079033256,0.0,1
ENSG00000230285,0.11859159,0.0,1
ENSG00000075151_1,1.82091,1.5342419,1
ENSG00000133055,0.13238697,0.0,1
ENSG00000240409,2.7981367,4.121724,1
ENSG00000253304,0.80576515,1.1615776,1
ENSG00000173110,1.32841,0.0,1
ENSG00000121931,2.8079906,3.1924531,1
ENSG00000117090,0.1582999,0.0,1
ENSG00000131791,2.1600368,1.840965,1
ENSG00000264522,2.4150705,0.0,1
ENSG00000284657,2.1175668,0.0,1
ENSG00000181218,2.5588853,3.088487,1
ENSG00000132879,1.2028365,1.6352926,1
ENSG00000133069_2,0.1618385,0.0,1
ENSG00000134193,0.048270553,0.0,1
ENSG00000281406_1,1.1463252,1.2118678,1
ENSG00000116871,2.53239,2.7719328,1
ENSG00000054392_2,1.0729665,1.6994301,1
ENSG00000157978_1,0.23605214,0.0,1
ENSG00000116459_1,2.6303535,3.6387267,1
ENSG00000173171_1,2.369643,2.5067186,1
ENSG00000233791_1,2.5561438,0.0,1
ENSG00000163216,0.17229255,0.0,1
ENSG00000116898,2.2764995,3.2342007,1
ENSG00000143786,0.14397414,0.0,1
ENSG00000198520_1,0.46334603,0.99038327,1
ENSG00000142677,0.1135593,0.0,1
ENSG00000122483_1,2.1219373,2.102619,1
ENSG00000162585,1.844373,2.9871297,1
ENSG00000219481,2.643863,2.3528576,1
ENSG00000085491,2.1225429,2.504369,1
ENSG00000249087_1,2.6073952,1.3705539,1
ENSG00000214193_1,1.6184748,0.0,1
ENSG00000143303_1,2.175275,1.7121023,1
ENSG00000092847,0.99217767,0.0,1
ENSG00000198160,2.4115477,2.3035848,1
ENSG00000235750,1.4267387,0.0,1
ENSG00000075945,1.3026416,2.1533177,1
ENSG00000162545,0.84356976,1.2151086,1
ENSG00000162735_1,0.88504326,2.6142802,1
ENSG00000162755,0.8895291,1.2151086,1
ENSG00000142945,2.3962212,3.0934532,1
ENSG00000163220,0.10249846,0.0,1
ENSG00000094963,0.25212076,0.0,1
ENSG00000116497,2.6222043,1.8875779,1
ENSG00000143641,2.4748363,2.1906817,1
ENSG00000270722,2.0203874,2.8646505,1
ENSG00000116852,1.7428737,2.2984185,1
ENSG00000014914_2,0.1691031,0.9708116,1
ENSG00000163156,1.8256155,2.4834619,1
ENSG00000120334,1.8261155,1.4280019,1
ENSG00000252826,0.7037105,0.0,1
ENSG00000011007,2.4095173,2.8729582,1
ENSG00000142973_1,0.12661673,0.0,1
ENSG00000027869,0.7022794,0.0,1
ENSG00000159588,0.19691065,0.90633506,1
ENSG00000275291,2.3002934,0.0,1
ENSG00000143320_1,0.5960278,0.7937066,1
ENSG00000152904,2.537256,2.7581925,1
ENSG00000118217,0.98134357,2.6683645,1
ENSG00000143556,0.08482004,0.0,1
ENSG00000116809,2.0297387,2.465109,1
ENSG00000143621,1.6408722,0.0,1
ENSG00000188786,1.885366,0.0,1
ENSG00000178796,0.44537452,0.0,1
ENSG00000176444,2.6033597,2.6135142,1
ENSG00000135801,2.2670054,2.4573216,1
ENSG00000162819,2.6269894,2.67799,1
ENSG00000143185,0.07505568,0.0,1
ENSG00000142973,0.18405703,0.0,1
ENSG00000028137,2.034756,3.0469708,1
ENSG00000181754,1.5335099,0.0,1
ENSG00000237491,2.6566114,0.0,1
ENSG00000121933,0.3315923,0.0,1
ENSG00000143337,1.5970675,1.9208535,1
ENSG00000159352,2.1053305,2.6062846,1
ENSG00000168653,2.206921,0.0,1
ENSG00000117009_1,0.14204971,0.0,1
ENSG00000117395,1.9332901,3.2634468,1
ENSG00000197568,2.285574,0.0,1
ENSG00000097021_1,0.22841887,0.95631254,1
ENSG00000198842,0.098030694,0.0,1
ENSG00000143355,0.20998277,0.0,1
ENSG00000116922,2.1708052,0.0,1
ENSG00000162817,1.2868441,1.4483043,1
ENSG00000178104,1.068646,1.5771585,1
ENSG00000169291,1.516866,1.3871655,1
ENSG00000198815_2,0.26092774,0.6411567,1
ENSG00000116670_1,1.583049,1.5814604,1
ENSG00000116171_1,0.3278179,0.0,1
ENSG00000160094,1.836532,1.6837133,1
ENSG00000181036,0.074408464,0.0,1
ENSG00000117411_1,0.9212134,1.1150444,1
ENSG00000225675,1.7587148,0.0,1
ENSG00000178965,0.6241545,1.3350766,1
ENSG00000182866_1,0.14554024,0.0,1
ENSG00000197921,1.2490606,1.2642274,1
ENSG00000231999,1.970071,1.5207193,1
ENSG00000196189_2,0.15592146,0.0,1
ENSG00000117500,2.4727106,2.7783713,1
ENSG00000237463,0.07628474,0.0,1
ENSG00000118194,0.10868301,0.65319324,1
ENSG00000132681_1,0.08378533,0.0,1
ENSG00000048707_2,0.3836278,0.0,1
ENSG00000117791,1.4872283,1.4117544,1
ENSG00000158481,0.13567168,0.0,1
ENSG00000227496,0.0934964,0.0,1
ENSG00000212916,1.6878622,1.2882268,1
ENSG00000198841,1.7357424,2.2421985,1
ENSG00000158109,2.010855,1.28269,1
ENSG00000143756,1.65961,2.5624857,1
ENSG00000116691,2.430505,2.6988058,1
ENSG00000162613,2.8350887,3.6054041,1
ENSG00000177301_1,1.3040206,0.7894397,1
ENSG00000178395,1.0674348,1.4328731,1
ENSG00000171385,0.9698803,0.9533731,1
ENSG00000271601,1.9859643,2.368008,1
ENSG00000215915,0.5037829,0.0,1
ENSG00000117215,0.107328884,0.0,1
ENSG00000187634_2,1.5921469,1.1541804,1
ENSG00000162482,1.1947997,0.9161907,1
ENSG00000179546,1.4747126,1.1211658,1
ENSG00000117594,0.10798866,0.0,1
ENSG00000143627_1,0.9118243,0.0,1
ENSG00000079739,1.399645,1.219951,1
ENSG00000162520,1.3824409,0.0,1
ENSG00000168765,1.9530131,2.588852,1
ENSG00000203857,0.06721747,0.0,1
ENSG00000143013_1,1.6894035,1.532627,1
ENSG00000273274,0.9246903,0.0,1
ENSG00000156875,2.556038,2.636458,1
ENSG00000159445,2.634079,0.0,1
ENSG00000010072,2.8021445,2.037793,1
ENSG00000162441,0.57603264,0.0,1
ENSG00000116251,2.6847806,3.2481253,1
ENSG00000127054,2.2901478,3.0307858,1
ENSG00000064703_1,2.4139526,2.4937494,1
ENSG00000160097_1,0.27472883,0.0,1
ENSG00000021852,0.1059136,0.0,1
ENSG00000117450_1,0.13763885,0.0,1
ENSG00000134202,1.0280164,1.7069225,1
ENSG00000159658,2.213221,2.3465643,1
ENSG00000154027,1.1102372,1.8245163,1
ENSG00000174514,1.4844397,1.5664847,1
ENSG00000134250,1.8033766,1.4568517,1
ENSG00000085831_1,1.4129578,0.0,1
ENSG00000235501,1.1681998,1.1796092,1
ENSG00000117394_1,2.267633,3.2006617,1
ENSG00000143155,2.5164218,1.7468209,1
ENSG00000158887_2,0.1698951,0.0,1
ENSG00000163531_1,0.26378608,1.0010843,1
ENSG00000198715_1,0.34965393,0.0,1
ENSG00000082512,1.5924281,1.8323811,1
ENSG00000288859,2.6289144,4.3636813,1
ENSG00000134686_1,1.638797,1.5923878,1
ENSG00000117054_2,2.462189,0.0,1
ENSG00000189195,1.7402061,1.3625579,1
ENSG00000197721,2.5094059,3.0188878,1
ENSG00000162374,0.072494596,0.0,1
ENSG00000154309,0.9707894,0.0,1
ENSG00000162595,0.46763515,1.554804,1
ENSG00000227421,0.03778621,0.0,1
ENSG00000205116,0.58391863,1.4483198,1
ENSG00000237429,1.778626,2.120462,1
ENSG00000004487,2.6600723,3.2538636,1
ENSG00000288867,0.091279745,0.0,1
ENSG00000163131,0.20653516,0.0,1
ENSG00000079277_1,1.6036087,0.0,1
ENSG00000230615,2.280983,1.9477915,1
ENSG00000235358_1,1.7845381,0.0,1
ENSG00000160781,0.2108616,0.0,1
ENSG00000162433,1.773442,2.0866444,1
ENSG00000065135,2.4927619,3.049408,1
ENSG00000174606,2.4611719,0.0,1
ENSG00000170498,0.1222712,0.7579424,1
ENSG00000174151,1.624385,1.4795063,1
ENSG00000143158_2,2.6375384,2.94737,1
ENSG00000154380,0.030355824,0.0,1
ENSG00000127124_3,1.7172766,1.4864872,1
ENSG00000000938_1,0.10079514,0.0,1
ENSG00000134248,2.494638,2.98898,1
ENSG00000116698,2.6939561,2.5708604,1
ENSG00000069424,2.3504446,2.0204442,1
ENSG00000143226_1,1.3381329,1.3495883,1
ENSG00000228309,0.06807117,0.0,1
ENSG00000204138_1,0.19092016,0.0,1
ENSG00000163485,0.31474984,0.0,1
ENSG00000163867,2.0329864,2.329764,1
ENSG00000168528_1,1.2948095,1.7943138,1
ENSG00000160789,1.5905802,0.0,1
ENSG00000179403,1.9606944,2.2513049,1
ENSG00000117020_1,1.6728032,1.4178867,1
ENSG00000117523,2.4562922,3.2842932,1
ENSG00000116521_1,1.3854175,2.8117123,1
ENSG00000152061_1,0.051305383,0.0,1
ENSG00000183682,1.8812314,1.562816,1
ENSG00000117155_2,2.1516128,2.5732315,1
ENSG00000135766,2.2420273,2.6781814,1
ENSG00000079335_2,2.0544744,1.9532038,1
ENSG00000177000,0.79347503,0.0,1
ENSG00000135862,1.6302611,1.7491719,1
ENSG00000117009,0.17031312,0.0,1
ENSG00000143390,0.07017962,0.0,1
ENSG00000162771,0.084353976,0.0,1
ENSG00000188404_1,0.23584157,0.0,1
ENSG00000197880,0.12550695,0.0,1
ENSG00000168243_1,0.41478792,1.1578797,1
ENSG00000231252,0.0496265,0.0,1
ENSG00000213064,2.305596,2.7179732,1
ENSG00000234754,0.120561145,0.0,1
ENSG00000130762,1.4925333,1.3211633,1
ENSG00000058799,1.9897598,2.123881,1
ENSG00000132681,0.19096567,0.99572295,1
ENSG00000178821,2.0814953,2.041286,1
ENSG00000134697,2.408148,0.0,1
ENSG00000163207,0.15362665,0.0,1
ENSG00000172456_1,2.2034962,0.0,1
ENSG00000116833_1,0.35997915,0.0,1
ENSG00000188800,0.10829318,0.0,1
ENSG00000135750_1,0.24451108,0.0,1
ENSG00000272205,2.641488,1.5434968,1
ENSG00000076258,0.32637307,0.0,1
ENSG00000066185,0.33584276,0.0,1
ENSG00000287453,0.41552135,2.2443712,1
ENSG00000198570,0.2784232,1.0465342,1
