,Pred,actual,fold_idx
ENSG00000222760,0.22337049,0.0,12
ENSG00000291185,0.6577898,0.0,12
ENSG00000293514,2.5227432,2.0524669,12
ENSG00000082641_2,1.1493539,1.0883133,12
ENSG00000196363,1.8119172,1.6551385,12
ENSG00000157637,1.7558132,1.523135,12
ENSG00000228395,2.216935,1.5701108,12
ENSG00000165006,2.3034024,2.7114277,12
ENSG00000148180_3,0.2201381,0.0,12
ENSG00000175832,1.4796394,2.254403,12
ENSG00000234705,2.0858123,2.1939285,12
ENSG00000132522,2.3327048,1.4284588,12
ENSG00000226197,0.10105562,0.0,12
ENSG00000132530,0.6560239,0.0,12
ENSG00000136930,1.7650911,3.4456913,12
ENSG00000185359,2.3599007,2.3557465,12
ENSG00000198844_1,0.18067002,0.0,12
ENSG00000154945_1,2.0707026,2.3552983,12
ENSG00000182752,0.33664608,0.0,12
ENSG00000120093,0.33879364,0.0,12
ENSG00000108846_1,0.34845176,0.0,12
ENSG00000204930,0.78647,0.0,12
ENSG00000148219,2.1117814,0.0,12
ENSG00000161509,1.2829055,1.0417242,12
ENSG00000148362_1,1.6636686,1.050689,12
ENSG00000141294,1.8023893,1.4353027,12
ENSG00000136848_2,0.06777245,0.0,12
ENSG00000106976_1,1.6182362,1.4437479,12
ENSG00000285822,0.2335083,0.7269064,12
ENSG00000213977,2.2050092,1.8622924,12
ENSG00000160447,1.8876803,1.276117,12
ENSG00000062716,2.447177,2.6695297,12
ENSG00000128487,1.6556029,1.4349041,12
ENSG00000228696,2.2373333,0.0,12
ENSG00000184009,2.5169537,4.8447704,12
ENSG00000147894,2.4943836,1.868944,12
ENSG00000267123,0.9033946,0.0,12
ENSG00000165185,2.151306,2.2198882,12
ENSG00000185298,2.5974286,2.446441,12
ENSG00000154975_1,0.34461224,1.0729296,12
ENSG00000161509_1,1.5123069,1.4452305,12
ENSG00000263429,0.43989128,0.9465849,12
ENSG00000106823,0.13742693,0.0,12
ENSG00000129195,2.1434965,1.9749389,12
ENSG00000129219,1.6564552,1.8187536,12
ENSG00000175175,1.2805926,1.3052653,12
ENSG00000148156,0.40729737,0.0,12
ENSG00000285947,1.1851159,0.0,12
ENSG00000023318,2.3887475,3.12197,12
ENSG00000007174_1,0.55123436,0.0,12
ENSG00000108244_1,0.1773262,0.6348399,12
ENSG00000148346,0.35805345,0.0,12
ENSG00000153944_1,0.906296,1.4100649,12
ENSG00000136931,0.5001438,1.220631,12
ENSG00000164989,2.3026476,1.7259687,12
ENSG00000005882_1,0.17326973,0.7890163,12
ENSG00000196859,0.08688292,0.0,12
ENSG00000198121_1,1.5395257,1.9614496,12
ENSG00000141219,2.3366413,1.9779521,12
ENSG00000174282_1,2.8375442,1.7519255,12
ENSG00000290810,0.21011685,0.0,12
ENSG00000165219,2.602822,2.5506282,12
ENSG00000132386_1,0.6630297,0.77963257,12
ENSG00000172794_1,1.4249917,1.5057156,12
ENSG00000161653_1,1.1945851,1.1716679,12
ENSG00000158169_1,2.1947587,2.433765,12
ENSG00000108379,1.381541,1.1283023,12
ENSG00000175768,2.1856606,3.4920855,12
ENSG00000129673,0.36201468,0.0,12
ENSG00000159182,0.4218336,0.55543303,12
ENSG00000198336,0.32033357,0.0,12
ENSG00000159224,0.26861525,0.0,12
ENSG00000128422_2,0.8886708,1.3313463,12
ENSG00000230537_1,0.38900214,1.1218551,12
ENSG00000200997,0.62693965,0.0,12
ENSG00000135069,2.2222612,2.715984,12
ENSG00000177602,2.299742,2.3434086,12
ENSG00000171302,2.2029853,2.52423,12
ENSG00000159640_1,1.3754864,0.9880236,12
ENSG00000108963,1.6360837,2.5012016,12
ENSG00000148154_1,2.3479512,1.778889,12
ENSG00000180901,0.2931802,0.0,12
ENSG00000285634,0.1389599,0.0,12
ENSG00000181031,0.21065596,0.0,12
ENSG00000161958_1,1.5589987,2.0195317,12
ENSG00000121073,2.746119,2.6025872,12
ENSG00000275700,2.5437577,2.4164908,12
ENSG00000165119_1,2.5133688,3.8426342,12
ENSG00000185829,2.0066533,2.2627926,12
ENSG00000108602_1,0.31698266,0.0,12
ENSG00000030304_1,0.18413976,0.0,12
ENSG00000147872_1,0.26645544,0.0,12
ENSG00000173812_1,1.3914429,1.3977836,12
ENSG00000186919,0.69010854,1.223937,12
ENSG00000233901_2,0.88897395,0.9113707,12
ENSG00000130935,2.5670094,3.1360989,12
ENSG00000224505,2.7710416,1.9962971,12
ENSG00000197070,2.1803594,1.31775,12
ENSG00000132388,2.4685643,3.132061,12
ENSG00000167536,2.2354014,2.195346,12
ENSG00000265118,1.2887284,1.3456677,12
ENSG00000108700,0.19035771,0.0,12
ENSG00000125319,2.2155,2.3572066,12
ENSG00000266469,2.2146113,1.4963622,12
ENSG00000159640,1.6567706,1.6455795,12
ENSG00000135002,1.5282196,0.0,12
ENSG00000157637_1,2.3844235,2.3144908,12
ENSG00000125409,0.7606659,0.0,12
ENSG00000164985_2,2.8108954,3.5806742,12
ENSG00000204193,0.11574024,0.0,12
ENSG00000137098,2.3403609,2.784015,12
ENSG00000275532,1.0039356,1.0824622,12
ENSG00000148229_1,2.4247732,2.9017932,12
ENSG00000168913,1.6044589,1.2676879,12
ENSG00000214087,2.035423,2.0567791,12
ENSG00000291084,0.41387293,1.8396038,12
ENSG00000286322_1,0.53843063,0.50046974,12
ENSG00000223551,0.46903005,4.694259,12
ENSG00000107281,1.4505279,1.8812705,12
ENSG00000132522_1,2.372858,2.4067905,12
ENSG00000215548,1.5933565,2.0409186,12
ENSG00000165689,2.5120337,2.5791626,12
ENSG00000167543_2,1.6001803,2.2451375,12
ENSG00000197694,2.3516982,2.9618719,12
ENSG00000189159_1,2.4253652,3.5974538,12
ENSG00000130560,2.3084462,2.0255556,12
ENSG00000165115,2.3048317,1.6946052,12
ENSG00000131669,2.1422737,2.4390056,12
ENSG00000170175,1.0841188,1.258278,12
ENSG00000188921,1.9772305,2.4388254,12
ENSG00000239697,1.2274555,1.9702306,12
ENSG00000048828_1,2.401533,1.9260336,12
ENSG00000156017,2.6493337,2.3527997,12
ENSG00000129214_1,0.52877635,0.0,12
ENSG00000175764,1.817045,2.0025418,12
ENSG00000184060_2,0.2666412,0.0,12
ENSG00000054148,2.280073,2.3716404,12
ENSG00000200889,0.12943597,0.0,12
ENSG00000270379,0.13331757,0.0,12
ENSG00000267568,0.78538084,0.0,12
ENSG00000129221,0.40794867,0.0,12
ENSG00000109101_1,0.7744365,1.473846,12
ENSG00000127084,0.87819463,0.0,12
ENSG00000135040,2.4908946,2.421538,12
ENSG00000106688,2.5910041,1.807738,12
ENSG00000129657,2.2659235,2.395286,12
ENSG00000148291,2.1561344,2.2987397,12
ENSG00000119411,1.5828257,1.3114996,12
ENSG00000107331_1,1.7604376,1.6471579,12
ENSG00000188647_1,2.343314,2.3722067,12
ENSG00000148339_2,0.43096778,0.0,12
ENSG00000188312,2.5243948,2.5280137,12
ENSG00000196535_1,1.85083,1.9696069,12
ENSG00000278540_1,2.3140638,1.2939368,12
ENSG00000170777,0.4485667,0.0,12
ENSG00000141551_2,2.389159,2.481417,12
ENSG00000160539,0.95737374,0.940068,12
ENSG00000266962,2.5017097,2.3023698,12
ENSG00000157654_1,2.0690167,2.9745715,12
ENSG00000290928,2.6504898,2.5203342,12
ENSG00000176208,1.9926165,2.5211356,12
ENSG00000136875,2.320705,0.0,12
ENSG00000137094,2.429633,1.7417581,12
ENSG00000107249,0.83493155,1.2646998,12
ENSG00000120071_2,2.48401,1.5079759,12
ENSG00000262223,0.35405588,0.88242775,12
ENSG00000126368,1.5716592,1.7342557,12
ENSG00000141510_1,1.9958316,3.1896474,12
ENSG00000073670_1,1.582523,1.595044,12
ENSG00000266970,1.9589125,0.811575,12
ENSG00000184185,1.6059953,1.4597994,12
ENSG00000108518,2.6860702,4.5606213,12
ENSG00000002919,2.0752134,2.2790964,12
ENSG00000198336_1,0.40354562,0.93180865,12
ENSG00000198722,1.4988935,1.4011074,12
ENSG00000167695,2.1319158,2.0190997,12
ENSG00000011295,2.4436119,2.3867486,12
ENSG00000147883,1.5113634,1.4269664,12
ENSG00000065559,2.163494,2.3858762,12
ENSG00000095370_3,1.4419779,1.749914,12
ENSG00000132383,2.3542573,2.8294132,12
ENSG00000226237,0.7864829,0.9006948,12
ENSG00000159842,1.2836616,1.1164417,12
ENSG00000168961,1.5850013,0.0,12
ENSG00000157657,1.6041968,1.1304302,12
ENSG00000171345,1.3103417,1.3925738,12
ENSG00000107263,1.4578416,0.81372106,12
ENSG00000173894,1.779625,1.6663214,12
ENSG00000196814,1.7299377,1.5608269,12
ENSG00000186665,2.2375169,1.8402379,12
ENSG00000106829_3,2.0664995,1.5632437,12
ENSG00000141316,0.2530901,0.0,12
ENSG00000178789,0.31269768,0.0,12
ENSG00000186594,2.5255442,1.3627651,12
ENSG00000175611,2.58802,1.8357033,12
ENSG00000176919,0.5167144,0.0,12
ENSG00000221829,2.2413428,0.0,12
ENSG00000119403_1,2.4951847,2.5954895,12
ENSG00000108591,2.1199555,2.3101685,12
ENSG00000184451,0.96117413,2.3245046,12
ENSG00000177728_1,0.5689019,0.91828257,12
ENSG00000182224_2,1.8814248,1.0417163,12
ENSG00000197919,0.16997403,0.0,12
ENSG00000188938_1,1.5116967,2.0031054,12
ENSG00000133026_1,1.4268581,1.5910312,12
ENSG00000185269,1.341591,1.3552983,12
ENSG00000107371,2.3107693,2.8232589,12
ENSG00000064195,0.69527185,0.0,12
ENSG00000262165_1,1.8908483,1.5754995,12
ENSG00000129244,1.1551148,1.2684375,12
ENSG00000108469_1,1.9850811,0.0,12
ENSG00000171843_2,2.2356708,3.0195773,12
ENSG00000227036_2,1.3650281,1.5750642,12
ENSG00000170160,1.0563387,0.9165434,12
ENSG00000087111_1,0.22369939,0.0,12
ENSG00000165181_3,0.46076626,0.0,12
ENSG00000119396,2.5720875,3.102228,12
ENSG00000011052,2.6190617,3.1637008,12
ENSG00000092871_1,1.5988301,2.077197,12
ENSG00000095370_2,0.42164952,0.0,12
ENSG00000167117,0.3629421,0.8824107,12
ENSG00000225551,0.14595865,0.0,12
ENSG00000141526_2,2.2206724,2.3973837,12
ENSG00000169583,0.38218996,1.0986714,12
ENSG00000123453_1,0.82144934,0.0,12
ENSG00000240498_1,0.12836961,0.0,12
ENSG00000267128,0.6721225,1.1479576,12
ENSG00000135049,2.302002,2.488999,12
ENSG00000260027,0.6765587,2.1187937,12
ENSG00000271447,1.5208102,1.9548694,12
ENSG00000141258_1,2.2797074,1.4724493,12
ENSG00000126653,2.1172364,2.8373737,12
ENSG00000167703,2.335025,1.9057118,12
ENSG00000180329,2.0664284,2.74687,12
ENSG00000133027_2,2.234333,2.5189862,12
ENSG00000176386,2.304182,2.6898034,12
ENSG00000107147,1.0900127,0.91307175,12
ENSG00000108924_3,0.18766534,0.0,12
ENSG00000125434,2.2180974,1.9907782,12
ENSG00000165140_1,0.31435275,0.0,12
ENSG00000179409,2.4303238,2.0456164,12
ENSG00000197768,0.6226654,0.89164895,12
ENSG00000129214,1.2409276,0.0,12
ENSG00000122140,1.6867629,3.3163815,12
ENSG00000256525,2.3653088,2.326301,12
ENSG00000196305,2.4327672,3.2612486,12
ENSG00000267104,0.5479048,0.0,12
ENSG00000141456_1,2.2703202,2.6650863,12
ENSG00000080298_1,2.680506,2.8335576,12
ENSG00000082641_3,0.8823248,0.0,12
ENSG00000030304,0.12940829,0.0,12
ENSG00000107186_1,0.11546861,0.0,12
ENSG00000108861,1.7416468,2.1941173,12
ENSG00000179094,0.56621027,1.2813516,12
ENSG00000086102,2.87426,2.8655334,12
ENSG00000161960,2.7502954,3.7687838,12
ENSG00000173826,1.2831737,0.9368102,12
ENSG00000177992,0.37004262,0.0,12
ENSG00000266934,0.35577518,0.7159616,12
ENSG00000123700,1.2703209,1.8234482,12
ENSG00000187186,0.73490494,0.0,12
ENSG00000276231,1.1695741,3.3892121,12
ENSG00000108821_2,0.36172223,1.0122508,12
ENSG00000290585,0.46958217,0.0,12
ENSG00000141052,0.98743117,0.0,12
ENSG00000141576,0.13691454,0.0,12
ENSG00000108961,2.040557,2.8715935,12
ENSG00000158122,1.6459993,1.7443243,12
ENSG00000121060,2.6753042,3.1812174,12
ENSG00000123453_2,0.24523184,0.0,12
ENSG00000197724,1.9475477,2.0533473,12
ENSG00000165304,2.1719794,2.8560445,12
ENSG00000010244,2.3505242,3.588796,12
ENSG00000173838_1,1.0482589,1.2472365,12
ENSG00000148339_1,0.6700084,1.1469958,12
ENSG00000198467,0.6018493,1.0777311,12
ENSG00000030582,2.2136,3.0865414,12
ENSG00000130560_1,2.1648097,2.462299,12
ENSG00000234494,2.0308676,0.0,12
ENSG00000171475,2.453099,2.4904823,12
ENSG00000106991_1,1.170549,1.5312105,12
ENSG00000173812,2.814348,4.0395174,12
ENSG00000204054_2,0.86368924,0.0,12
ENSG00000106992,0.29383302,0.0,12
ENSG00000160345,0.98638433,0.89713204,12
ENSG00000233198,0.43589556,0.7843391,12
ENSG00000108379_1,0.24784827,0.0,12
ENSG00000224848,0.91742027,0.97766465,12
ENSG00000267280,1.0256712,1.2873538,12
ENSG00000173068,0.34156555,0.0,12
ENSG00000275722,0.23678786,0.0,12
ENSG00000136504,2.6951084,2.873754,12
ENSG00000263412,2.36452,1.6751364,12
ENSG00000180336,1.3542947,1.232437,12
ENSG00000184640_7,1.5782634,2.8363006,12
ENSG00000132359,0.59165835,0.8554889,12
ENSG00000136848,0.4483258,0.0,12
ENSG00000215183,0.39160424,0.9670469,12
ENSG00000240813,0.13454756,1.4749181,12
ENSG00000290858,0.15268527,0.0,12
ENSG00000172301_1,1.7845451,2.4838724,12
ENSG00000080298,0.21691251,0.0,12
ENSG00000198113,1.6030451,2.2235687,12
ENSG00000005243,1.4792515,1.4390326,12
ENSG00000137135,2.2655618,2.2240694,12
ENSG00000291209,1.1629682,1.3024608,12
ENSG00000044459,1.3014354,2.33102,12
ENSG00000012048_2,2.0075896,2.6788552,12
ENSG00000120156_1,0.4155783,0.0,12
ENSG00000212900,0.18807004,0.747738,12
ENSG00000135063,1.6372145,1.8172348,12
ENSG00000141526_3,0.83620954,1.0681117,12
ENSG00000167525,1.8318362,0.0,12
ENSG00000108830,1.2916797,0.0,12
ENSG00000219200_1,1.491521,2.379378,12
ENSG00000272975_1,0.21867315,0.0,12
ENSG00000185168,0.45572987,0.0,12
ENSG00000187824,1.3492881,1.2622849,12
ENSG00000198785,0.42834017,1.6377498,12
ENSG00000141543,2.589787,3.1959136,12
ENSG00000261879,2.1111884,0.0,12
ENSG00000167925,1.416208,2.084165,12
ENSG00000159184,0.72805643,0.93843967,12
ENSG00000176058,2.332906,2.3686402,12
ENSG00000148200,2.5064714,1.9657519,12
ENSG00000182481,1.9460086,3.8842294,12
ENSG00000159884,2.6431336,2.0666838,12
ENSG00000252942,0.16405042,0.0,12
ENSG00000141756,0.42600897,0.9880236,12
ENSG00000277258_1,1.0027251,2.853927,12
ENSG00000161526,1.9028094,2.4977255,12
ENSG00000173801_1,1.1787864,1.9961263,12
ENSG00000173818,2.2104309,1.6264635,12
ENSG00000136881_1,0.134594,0.0,12
ENSG00000275302,0.9914366,3.9778109,12
ENSG00000167889,1.6669521,1.7268087,12
ENSG00000182628_1,2.6502783,0.0,12
ENSG00000083290,1.6302378,1.592532,12
ENSG00000180447,0.8884703,1.5548767,12
ENSG00000141485,1.1457189,0.9791385,12
ENSG00000161647,1.5324963,1.3602525,12
ENSG00000170310,1.6474614,2.4583492,12
ENSG00000154263,0.09429559,0.0,12
ENSG00000007237,0.26567584,0.0,12
ENSG00000161921_1,1.3522402,1.4680666,12
ENSG00000182040,1.0880805,1.1904438,12
ENSG00000083454,1.7333323,1.5588285,12
ENSG00000180616,1.562591,2.309945,12
ENSG00000108592_1,2.5378423,3.2553039,12
ENSG00000165244,2.4906132,2.184802,12
ENSG00000167716,2.8995616,1.3954138,12
ENSG00000233670,0.20801212,0.0,12
ENSG00000095397,1.079506,2.5493257,12
ENSG00000007237_5,0.405466,0.0,12
ENSG00000141456,0.53223425,1.7463772,12
ENSG00000183914,0.72547746,0.8224296,12
ENSG00000172156,0.39051232,0.86142087,12
ENSG00000056558_1,1.8369602,1.9768542,12
ENSG00000286435,0.53256863,1.0164065,12
ENSG00000122741,2.1181843,2.3156576,12
ENSG00000283329,0.15111096,0.0,12
ENSG00000262768,0.67878646,0.0,12
ENSG00000175061,2.69343,3.6171556,12
ENSG00000132514,0.32520387,0.0,12
ENSG00000172992,2.6074507,2.8614058,12
ENSG00000277084,0.34963578,0.0,12
ENSG00000166579_1,2.29365,2.3967154,12
ENSG00000010438_1,0.24641088,0.8805506,12
ENSG00000161381,0.46494967,0.0,12
ENSG00000086065_1,2.3758214,3.0389378,12
ENSG00000148218,1.724609,2.1141105,12
ENSG00000168256,1.8601143,2.3175724,12
ENSG00000197355,2.2494102,2.2458038,12
ENSG00000119431,2.094325,2.108186,12
ENSG00000122136,0.33741906,0.0,12
ENSG00000108559,2.7493324,2.8540583,12
ENSG00000148180_1,1.4275986,1.5564412,12
ENSG00000253506,0.3008827,3.64242,12
ENSG00000141255_1,0.3584971,0.97317404,12
ENSG00000012048,0.1772102,0.0,12
ENSG00000132507_2,2.802708,2.8332975,12
ENSG00000141376_3,0.13018647,1.3959777,12
ENSG00000070159,1.5921768,1.409595,12
ENSG00000186868,1.598682,1.5066403,12
ENSG00000188566,2.218052,2.561154,12
ENSG00000119326,2.03657,2.288607,12
ENSG00000120162,1.6444387,2.1247551,12
ENSG00000108666_2,2.2129753,1.5484754,12
ENSG00000132507_1,2.9589648,4.0913787,12
ENSG00000223510,0.23678039,0.0,12
ENSG00000235453,2.2441943,2.3509648,12
ENSG00000176658,2.2933247,2.4375603,12
ENSG00000213416,0.36380076,1.3122239,12
ENSG00000161594,0.2622698,0.65431136,12
ENSG00000159842_2,0.7130387,0.0,12
ENSG00000173068_2,1.1806422,1.7606878,12
ENSG00000176358,0.3584742,0.0,12
ENSG00000234494_1,1.4762316,1.7965466,12
ENSG00000265359,0.108498335,0.0,12
ENSG00000074356,0.10147926,0.8071425,12
ENSG00000108604_1,2.5550885,1.8714094,12
ENSG00000108654_1,2.3744392,0.0,12
ENSG00000179761,0.51298195,0.0,12
ENSG00000010438,0.92659307,0.8413282,12
ENSG00000275329,2.4806914,1.6871006,12
ENSG00000108590,1.9796759,0.0,12
ENSG00000108602,0.37629217,1.0680745,12
ENSG00000108784,2.4780366,2.207365,12
ENSG00000228278,0.371752,0.66058093,12
ENSG00000095370,1.4042945,1.4411136,12
ENSG00000109072,0.58714044,1.585147,12
ENSG00000171855,0.21621293,0.6818741,12
ENSG00000136451,2.2307665,2.767957,12
ENSG00000141579,0.7033157,0.0,12
ENSG00000173714,0.92324305,1.7574719,12
ENSG00000238227,2.4591553,2.2586133,12
ENSG00000107175,2.1452568,1.6554939,12
ENSG00000175283,2.364793,1.8042076,12
ENSG00000148123,1.1626912,1.4274698,12
ENSG00000106993,2.513253,2.4738955,12
ENSG00000157303,1.5523908,2.809316,12
ENSG00000119514,1.7252693,1.8251729,12
ENSG00000076351_1,0.464644,0.0,12
ENSG00000187753,0.34507304,0.0,12
ENSG00000188878,1.6756302,1.6281201,12
ENSG00000167524,0.38530883,0.0,12
ENSG00000267288,0.41361582,1.0080974,12
ENSG00000109113_2,0.46807587,1.6855626,12
ENSG00000108405,1.0846611,0.9639577,12
ENSG00000119333,2.6332877,0.0,12
ENSG00000148303,2.3947632,3.4981313,12
ENSG00000181090_1,0.23042142,0.0,12
ENSG00000244537,0.62571913,1.8052969,12
ENSG00000109111,2.601224,3.0053265,12
ENSG00000161958_2,1.4140326,1.8122447,12
ENSG00000184925,0.43299085,0.95616364,12
ENSG00000186130,2.3925989,2.5201166,12
ENSG00000267278_1,0.42497358,0.83925176,12
ENSG00000180340,1.9322466,1.7856857,12
ENSG00000213930,2.0432522,1.6826143,12
ENSG00000132478,3.112231,2.5619595,12
ENSG00000147889_1,1.9902991,2.5610058,12
ENSG00000165269_1,0.54588604,0.0,12
ENSG00000132470_1,1.5157158,1.6200527,12
ENSG00000168259_1,2.5457926,3.1326215,12
ENSG00000135052_1,0.19170639,0.0,12
ENSG00000198853_1,0.49215186,0.0,12
ENSG00000092871,2.33283,0.0,12
ENSG00000119487_2,2.280035,3.258321,12
ENSG00000160360,1.4895922,1.2197417,12
ENSG00000177374,2.1246643,2.4573429,12
ENSG00000184619,1.8599226,1.0136545,12
ENSG00000141279_2,2.2946157,2.1973302,12
ENSG00000148123_1,0.32932276,0.60765874,12
ENSG00000165688,2.4726427,2.936275,12
ENSG00000275832_1,1.3574297,0.0,12
ENSG00000107021,2.160946,1.5866402,12
ENSG00000278845,2.0452912,0.0,12
ENSG00000204913,1.9478332,0.0,12
ENSG00000141551,0.31807274,1.344353,12
ENSG00000291074,0.6537218,1.0391364,12
ENSG00000182963,1.6134084,2.010003,12
ENSG00000291075,3.073579,2.9980106,12
ENSG00000119514_1,0.10914263,0.0,12
ENSG00000167419,0.2583871,0.0,12
ENSG00000265688,2.0590813,1.7699456,12
ENSG00000136490,2.022467,2.9032772,12
ENSG00000107331_2,0.68883723,0.9234098,12
ENSG00000129226_1,0.5493979,0.0,12
ENSG00000153930_1,0.12572381,0.0,12
ENSG00000159314,1.6539294,0.0,12
ENSG00000106852_2,1.3077881,1.7073061,12
ENSG00000148290,2.0380232,1.8528105,12
ENSG00000154217,2.1264584,2.8959692,12
ENSG00000159921,2.36114,2.1456003,12
ENSG00000141505_1,0.26923844,0.6877251,12
ENSG00000120071_3,2.7385793,2.3298452,12
ENSG00000267432_1,0.18198492,0.0,12
ENSG00000291074_1,1.1405278,1.0191163,12
ENSG00000171097,2.2577918,1.7871175,12
ENSG00000171346_1,0.20273624,0.0,12
ENSG00000185722_1,2.1751974,2.1490588,12
ENSG00000108883,0.18867345,0.8071628,12
ENSG00000109099,1.3534263,0.78670883,12
ENSG00000263843,2.4158788,1.4364806,12
ENSG00000287750,0.767512,1.1377338,12
ENSG00000187791,0.17952366,0.4958772,12
ENSG00000170037,2.4091918,2.0670598,12
ENSG00000181409,0.61119306,0.92849827,12
ENSG00000107020,2.8014433,2.5764427,12
ENSG00000108474,1.6230305,2.5778203,12
ENSG00000198265_1,1.6025913,0.0,12
ENSG00000226604,0.13800927,0.6040964,12
ENSG00000132530_3,1.5276738,2.6960678,12
ENSG00000267002,2.5859177,1.3365117,12
ENSG00000148120,2.0879393,2.048768,12
ENSG00000234789,0.5601585,1.0443045,12
ENSG00000262664,2.3771365,2.564646,12
ENSG00000130558_1,1.5546433,1.7665913,12
ENSG00000263489,0.65184665,0.876795,12
ENSG00000184640_6,1.6019481,1.8323684,12
ENSG00000287782,0.36474186,0.0,12
ENSG00000015532,2.1653414,2.3160124,12
ENSG00000178445_1,0.45325056,1.2776574,12
ENSG00000274808,0.57358515,0.0,12
ENSG00000172782,1.2536792,0.0,12
ENSG00000148204,0.430583,1.6114153,12
ENSG00000167183,0.54407805,0.0,12
ENSG00000263069,2.3054435,1.2567418,12
ENSG00000171346,0.30926245,0.0,12
ENSG00000196730_2,2.305463,2.3631868,12
ENSG00000136859,1.1388897,1.0644093,12
ENSG00000172992_1,2.5104487,2.4241235,12
ENSG00000108599,2.3816779,2.5179029,12
ENSG00000132581,2.2408414,0.0,12
ENSG00000172794,1.1918471,1.1541013,12
ENSG00000129235,2.1045043,3.1821692,12
ENSG00000170190_1,1.4323742,1.2865462,12
ENSG00000129667_1,2.448325,2.3304949,12
ENSG00000175832_1,1.5055357,2.2388988,12
ENSG00000228714,0.11701363,0.0,12
ENSG00000230054,0.30328774,0.0,12
ENSG00000258890,2.5158875,2.2584002,12
ENSG00000250850,2.0717795,1.9556348,12
ENSG00000288701,2.1460392,2.700855,12
ENSG00000148386,0.41253,0.9334873,12
ENSG00000106686_1,0.72667444,0.0,12
ENSG00000005884,1.924455,2.040377,12
ENSG00000169738_2,2.1552398,2.8791316,12
ENSG00000129197,2.3990588,2.814161,12
ENSG00000141504,1.5526687,1.4662075,12
ENSG00000148143_1,0.21684355,0.0,12
ENSG00000171928,2.0488393,2.2814243,12
ENSG00000106853_2,0.83225715,0.0,12
ENSG00000199313,0.24054042,4.6832614,12
ENSG00000173611,2.1227646,2.1062896,12
ENSG00000108578,2.2071157,2.7637208,12
ENSG00000185722,0.11574897,0.0,12
ENSG00000273611,2.352638,2.5759969,12
ENSG00000073605,0.40382794,0.0,12
ENSG00000095319,2.4513674,2.6160731,12
ENSG00000050555,1.531259,1.6234044,12
ENSG00000131470,2.1748078,2.2917573,12
ENSG00000109046,2.3443406,3.2113636,12
ENSG00000175866_4,0.2517108,0.0,12
ENSG00000073536,2.04594,2.3854687,12
ENSG00000155875_1,2.589575,0.0,12
ENSG00000161381_1,0.672737,0.0,12
ENSG00000004975,2.2123365,2.2006042,12
ENSG00000223125,0.19015959,1.8296099,12
ENSG00000137103,1.9806345,2.2461538,12
ENSG00000108654_4,2.5573137,2.3712895,12
ENSG00000273018,1.5111152,1.596828,12
ENSG00000291063,1.5484974,1.6887757,12
ENSG00000168610_1,0.47894883,0.0,12
ENSG00000120158_1,0.23006669,0.0,12
ENSG00000286322,0.24830279,0.0,12
ENSG00000225194,1.2107857,1.2332754,12
ENSG00000165269,0.5252246,0.0,12
ENSG00000108950,1.4906911,1.288808,12
ENSG00000136929_1,0.077187985,0.0,12
ENSG00000167850,0.5325205,1.0404441,12
ENSG00000203364,0.149227,0.0,12
ENSG00000122729,1.4195,1.7564938,12
ENSG00000137101_1,1.2492267,1.2274753,12
ENSG00000179593,0.5375505,0.87681806,12
ENSG00000137133,2.7404323,2.3493009,12
ENSG00000168610_2,0.238289,0.9200189,12
ENSG00000072778_1,1.6597627,0.90955603,12
ENSG00000132507,2.1617734,2.286479,12
ENSG00000198909,2.341593,2.2661612,12
ENSG00000108523_2,1.8086066,1.1949304,12
ENSG00000166750,0.882583,1.3658248,12
ENSG00000276409,0.15611425,0.0,12
ENSG00000068120,2.0729184,2.997319,12
ENSG00000167123_2,0.38246694,0.0,12
ENSG00000169696_2,0.79532707,0.0,12
ENSG00000170315_1,1.8284526,1.0918076,12
ENSG00000267166,0.43833402,0.0,12
ENSG00000153982,2.0924907,0.0,12
ENSG00000137100,1.5969619,0.0,12
ENSG00000108551,1.3549263,1.2462991,12
ENSG00000120075,0.5489704,0.0,12
ENSG00000148358,2.517216,2.417392,12
ENSG00000196730,0.46524337,0.0,12
ENSG00000231991,0.4004184,1.6033208,12
ENSG00000223478,2.0791852,2.2025237,12
ENSG00000106799,2.305168,2.2248955,12
ENSG00000120071_4,1.9813734,1.9416704,12
ENSG00000182575_1,1.5031207,1.3024392,12
ENSG00000148300,2.332585,2.6519222,12
ENSG00000213213_1,1.2508631,0.8372095,12
ENSG00000230537,0.17159024,0.0,12
ENSG00000131480,0.384162,0.0,12
ENSG00000267432,1.8900892,0.36410052,12
ENSG00000201920,0.20503256,1.3706056,12
ENSG00000147869,0.2728164,0.0,12
ENSG00000127081,2.0359008,2.1754682,12
ENSG00000165152,0.49514878,1.0619423,12
ENSG00000160349,0.31933948,0.0,12
ENSG00000008294_1,2.5231001,2.8292072,12
ENSG00000078687,2.08546,2.4048166,12
ENSG00000273061,2.489375,0.0,12
ENSG00000153944_3,0.29465726,0.0,12
ENSG00000274180,1.599528,1.7752463,12
ENSG00000176248,2.4541147,2.2200844,12
ENSG00000108342,0.69289684,1.4347924,12
ENSG00000141551_3,2.2749283,2.871888,12
ENSG00000008838,1.2427043,0.0,12
ENSG00000132535_3,0.7909169,1.6068755,12
ENSG00000136933,1.7080231,2.7481105,12
ENSG00000167723_1,1.7350327,2.5559065,12
ENSG00000267206_1,0.3571254,0.0,12
ENSG00000125457,1.9995738,1.1120685,12
ENSG00000246731,2.0480206,1.341108,12
ENSG00000107290,2.739967,2.6898324,12
ENSG00000261192,1.3315076,1.1867586,12
ENSG00000107105_3,0.5088794,0.0,12
ENSG00000185813_1,1.7989308,2.3111453,12
ENSG00000131668,1.544025,1.6663682,12
ENSG00000108387,0.35579622,0.0,12
ENSG00000159210,2.326539,2.4818265,12
ENSG00000130653,0.89894795,0.0,12
ENSG00000167916,0.7275268,0.89348435,12
ENSG00000136813,2.3538644,2.2956111,12
ENSG00000131475,1.4955293,2.8762681,12
ENSG00000199753,2.65395,1.9683895,12
ENSG00000184640_8,1.3674618,2.192428,12
ENSG00000107187,1.4373082,1.7098718,12
ENSG00000108523_1,2.487692,1.7803173,12
ENSG00000264424,0.100644186,0.0,12
ENSG00000108654_2,2.8185012,4.17879,12
ENSG00000173065_2,1.3138181,0.0,12
ENSG00000134996,2.472321,2.8854218,12
ENSG00000243678,2.5129766,3.6365602,12
ENSG00000136861,2.1988473,1.3607525,12
ENSG00000122707,1.6300212,1.6401434,12
ENSG00000263293,2.3785112,1.5291094,12
ENSG00000165119,0.34841642,2.089665,12
ENSG00000168610,0.32540718,0.0,12
ENSG00000141497,1.2438143,0.0,12
ENSG00000266473,1.5154012,2.8312213,12
ENSG00000109066,2.216504,2.3029258,12
ENSG00000173065_1,1.955916,2.506092,12
ENSG00000187764_1,0.43429556,0.0,12
ENSG00000188833,0.78870195,0.0,12
ENSG00000095303_1,1.3619593,1.8961734,12
ENSG00000137070,1.0052973,1.2677816,12
ENSG00000154240_1,1.2762343,0.9761665,12
ENSG00000004939_1,0.5269297,0.0,12
ENSG00000198242,2.6232355,4.01598,12
ENSG00000106780,2.2131712,1.8112733,12
ENSG00000153930,0.104304254,0.0,12
ENSG00000107104_2,0.13655029,0.0,12
ENSG00000227543,2.1428082,1.4517711,12
ENSG00000165118,1.4932896,2.5760279,12
ENSG00000126353,1.6591177,3.955719,12
ENSG00000172724,0.34123042,0.0,12
ENSG00000070601_1,0.20070171,0.0,12
ENSG00000141741,1.8742336,2.425575,12
ENSG00000183684,2.4032114,3.4185069,12
ENSG00000213246,2.409272,2.966704,12
ENSG00000182150,2.7274249,2.1480532,12
ENSG00000141506,2.3887458,2.6400926,12
ENSG00000288989,2.170947,1.5423896,12
ENSG00000175164,1.3114192,1.0365092,12
ENSG00000119523,2.9291754,2.6083014,12
ENSG00000108819,1.5032495,1.8471776,12
ENSG00000204316,2.1901534,2.7069771,12
ENSG00000198000,1.7022094,2.868254,12
ENSG00000165238,1.3465326,1.7230203,12
ENSG00000180787,2.2868316,1.9695929,12
ENSG00000119408,2.5008147,3.0709202,12
ENSG00000136488,0.24595807,0.0,12
ENSG00000204323,0.75605226,0.8202606,12
ENSG00000167103_1,1.3504516,0.98213094,12
ENSG00000072778,2.0629523,2.718137,12
ENSG00000074755,2.5667744,2.2214196,12
ENSG00000197646,1.7639358,2.2583356,12
ENSG00000233175,1.4615735,1.5968609,12
ENSG00000166579,0.1704467,0.0,12
ENSG00000131095,0.40586132,1.010868,12
ENSG00000107201,1.5690955,0.0,12
ENSG00000137101,0.60850644,0.0,12
ENSG00000108798_1,2.5224307,3.1918113,12
ENSG00000141279,0.09259233,0.0,12
ENSG00000183011_1,2.6468813,2.9334316,12
ENSG00000278774,2.2189376,0.0,12
ENSG00000136436_1,0.23181438,0.0,12
ENSG00000148180,0.613714,0.0,12
ENSG00000136937,2.7903888,2.661894,12
ENSG00000235106,1.9093971,1.9846263,12
ENSG00000185862,0.85324556,0.0,12
ENSG00000075429,1.3395001,1.4016762,12
ENSG00000108417,0.2613902,0.0,12
ENSG00000141376,1.7545154,0.0,12
ENSG00000156049,0.8301714,1.0177426,12
ENSG00000086065,2.5297706,3.1865468,12
ENSG00000091592_1,0.40216136,1.2331738,12
ENSG00000136877,2.4660933,2.3154035,12
ENSG00000169689,2.004483,2.5478964,12
ENSG00000108651,1.8295509,2.9790587,12
ENSG00000107099_2,1.2203199,0.0,12
ENSG00000167842,2.610792,2.400253,12
ENSG00000068489,2.2755857,3.0159461,12
ENSG00000181523,2.2189033,2.2638135,12
ENSG00000132535_2,0.35921702,0.0,12
ENSG00000215041,2.6790106,1.8698299,12
ENSG00000230013,0.99307597,0.0,12
ENSG00000270885,1.3727137,1.4227047,12
ENSG00000119408_3,2.1599088,2.4287825,12
ENSG00000120071_1,0.54449683,0.0,12
ENSG00000122696_1,2.168323,2.613588,12
ENSG00000225376_1,0.30393004,0.0,12
ENSG00000214860,0.54248416,0.0,12
ENSG00000165698,0.42239904,0.6788551,12
ENSG00000120160,0.11700481,0.0,12
ENSG00000062716_1,2.55,3.1426241,12
ENSG00000083223_1,2.274657,2.4123178,12
ENSG00000136824,2.3122954,2.9062057,12
ENSG00000136819,2.4161854,2.994296,12
ENSG00000238898,0.21425924,0.0,12
ENSG00000179598,2.3186216,2.2148702,12
ENSG00000072310_1,2.0886667,2.761206,12
ENSG00000108465,2.3509743,2.3524778,12
ENSG00000267278_2,2.111665,1.2638466,12
ENSG00000083457_1,0.47935545,0.0,12
ENSG00000119402,2.4491055,2.5534897,12
ENSG00000264399,2.1367989,2.4744158,12
ENSG00000161533,2.5620492,2.2752514,12
ENSG00000302531,0.6656456,0.9821808,12
ENSG00000161940,0.54979795,0.0,12
ENSG00000182612,0.48120457,0.0,12
ENSG00000119446,2.40985,2.81716,12
ENSG00000165724,2.1417985,2.46933,12
ENSG00000273604,1.6023829,2.264544,12
ENSG00000167693,1.6789031,1.9962927,12
ENSG00000167941,0.49558622,0.0,12
ENSG00000175854_1,2.171718,0.0,12
ENSG00000187003,0.18089017,0.0,12
ENSG00000086062,2.7429054,2.89095,12
ENSG00000167914_1,0.32726592,0.0,12
ENSG00000141574,1.0607849,0.85946256,12
ENSG00000185527,0.62166744,0.0,12
ENSG00000178999,2.5633495,1.5277716,12
ENSG00000266357,0.15486334,0.38806742,12
ENSG00000174038,0.22762176,0.0,12
ENSG00000197816_1,0.36619967,0.0,12
ENSG00000109047,0.37578088,0.0,12
ENSG00000136869,0.32960168,2.1091294,12
ENSG00000136810,2.6271598,3.5798407,12
ENSG00000177728,2.0804265,0.0,12
ENSG00000275718,0.2354249,0.0,12
ENSG00000129255_1,2.494099,2.7443557,12
ENSG00000136854,1.6937705,1.5265719,12
ENSG00000186393,0.18217617,0.0,12
ENSG00000161714,1.8590691,1.6767211,12
ENSG00000235448_1,0.12892437,0.0,12
ENSG00000165272_1,1.4386315,2.044128,12
ENSG00000119397,2.5684435,2.771509,12
ENSG00000108797,1.5557182,2.2034218,12
ENSG00000106803,2.4886303,3.1824431,12
ENSG00000197879_2,0.59265924,1.0717348,12
ENSG00000204880,0.30390412,1.8750635,12
ENSG00000235296,0.84877074,0.9216865,12
ENSG00000158169,0.70660734,0.0,12
ENSG00000006025,1.3277928,2.2995508,12
ENSG00000167851_1,2.1829298,2.1224616,12
ENSG00000188581,0.20969935,1.913888,12
ENSG00000182173,2.1595962,2.198855,12
ENSG00000080503_2,2.2462337,1.379106,12
ENSG00000107130,1.7318653,1.6966097,12
ENSG00000141568,2.2698724,2.8773944,12
ENSG00000264589,0.97414327,1.4333217,12
ENSG00000182459,0.5369833,0.0,12
ENSG00000175866_3,0.35412687,0.8434197,12
ENSG00000106785,2.4113698,2.534535,12
ENSG00000108352,1.5623742,1.9156584,12
ENSG00000182534,1.5475432,1.6176188,12
ENSG00000229109,0.51423055,0.0,12
ENSG00000165029,0.78548044,0.84538335,12
ENSG00000175931,2.1758416,2.2172759,12
ENSG00000108387_3,0.112727016,0.0,12
ENSG00000109099_2,0.13057084,0.0,12
ENSG00000136827,1.9048822,2.6415484,12
ENSG00000129255,2.6579435,2.777869,12
ENSG00000267278,2.407405,1.871243,12
ENSG00000270647,2.8204896,3.4987254,12
ENSG00000177984,0.41683742,0.9465947,12
ENSG00000122711,0.5020105,0.7132637,12
ENSG00000132517,0.54167795,0.0,12
ENSG00000169738_1,2.2362287,1.7203412,12
ENSG00000172057_1,2.141496,2.79199,12
ENSG00000073350_1,0.4176829,0.0,12
ENSG00000106772_1,0.12205985,0.6728365,12
ENSG00000106991,0.25159377,0.0,12
ENSG00000132481,1.543875,1.5118834,12
ENSG00000065325_1,0.22696237,0.5933636,12
ENSG00000167881,0.20426147,0.0,12
ENSG00000207955,1.2450589,1.4889172,12
ENSG00000187775,0.46229458,0.0,12
ENSG00000108622_1,2.3164,2.654831,12
ENSG00000129667,2.222985,1.2083338,12
ENSG00000130713,1.7112683,0.0,12
ENSG00000070731,1.5192397,1.1599671,12
ENSG00000235601,1.2443155,1.0272273,12
ENSG00000070540,2.2342587,1.9679129,12
ENSG00000212195,1.7062726,3.129545,12
ENSG00000185359_1,0.74219865,0.99530166,12
ENSG00000091640,2.6106033,3.0489388,12
ENSG00000174282,2.197354,2.081495,12
ENSG00000225626,0.36045298,0.0,12
ENSG00000158955,1.4795717,1.4405155,12
ENSG00000005238_2,1.3541458,0.0,12
ENSG00000119139_3,0.12565698,0.0,12
ENSG00000213694,1.4804603,1.0801212,12
ENSG00000125454,2.6606312,2.6476958,12
ENSG00000279561,2.2391493,0.0,12
ENSG00000173908,0.12775147,0.0,12
ENSG00000108557,2.0468502,2.6038802,12
ENSG00000125450,2.4103217,2.392618,12
ENSG00000141127_1,2.274941,3.0769062,12
ENSG00000108312,1.755031,2.3009648,12
ENSG00000262050,1.9685205,1.2752883,12
ENSG00000178971,2.5241535,2.4020686,12
ENSG00000119383_5,1.5325243,0.0,12
ENSG00000165699,1.9553944,2.3659856,12
ENSG00000196730_1,2.1515095,2.625017,12
ENSG00000122733_1,1.6195782,0.0,12
ENSG00000154240,0.12160452,0.0,12
ENSG00000122692,2.1665125,3.0406222,12
ENSG00000265749,0.12411328,0.0,12
ENSG00000161921,0.6237603,0.8093711,12
ENSG00000181481,2.5038722,2.1712582,12
ENSG00000271605,0.545992,0.83925176,12
ENSG00000108389,2.0490732,2.5438955,12
ENSG00000108592,1.9521421,2.4259725,12
ENSG00000129250,2.316807,2.6920693,12
ENSG00000167716_1,2.4413655,2.0087278,12
ENSG00000167447,1.6974353,2.2938905,12
ENSG00000160325,1.9964446,1.5596553,12
ENSG00000106686,0.7870029,0.0,12
ENSG00000108984_1,0.61410034,1.7448092,12
ENSG00000141582,2.1574585,2.7148912,12
ENSG00000165699_1,0.6330813,0.84538335,12
ENSG00000198933,1.6544832,1.3378385,12
ENSG00000141552,2.4107049,2.927355,12
ENSG00000233098,0.25738546,0.0,12
ENSG00000204001,0.6417513,0.5093504,12
ENSG00000236924,1.8160441,2.082875,12
ENSG00000187024_1,0.59424365,0.8824505,12
ENSG00000125447_1,1.2909193,1.2776756,12
ENSG00000099219,2.365735,2.4215546,12
ENSG00000171931,0.1491467,0.0,12
ENSG00000262814,2.47338,3.1280406,12
ENSG00000108946_2,2.0858743,1.2479683,12
ENSG00000141337,1.8636436,1.6236937,12
ENSG00000178999_1,2.3249216,2.93884,12
ENSG00000184557,2.1585298,2.3723578,12
ENSG00000136940,2.3329198,2.5032609,12
ENSG00000196873,2.1999183,0.0,12
ENSG00000283439,0.1599201,0.73223287,12
ENSG00000070495,2.6409156,2.4274828,12
ENSG00000121058,1.5478321,2.740098,12
ENSG00000129194,0.27468216,0.8181599,12
ENSG00000161653,1.1536576,1.7836034,12
ENSG00000204706,1.6600438,0.83925176,12
ENSG00000187838,1.9211445,2.588918,12
ENSG00000165124,1.1722367,1.3476032,12
ENSG00000198740,2.4388692,2.2113342,12
ENSG00000178502,2.318892,2.450189,12
ENSG00000285634_1,0.1119822,0.0,12
ENSG00000263766,2.1910086,1.4573216,12
ENSG00000135045,2.3160598,2.5209496,12
ENSG00000065559_1,0.13801979,0.0,12
ENSG00000108244_2,0.15798412,0.53087944,12
ENSG00000067191,0.38536078,0.9497802,12
ENSG00000033627_1,0.2629504,0.0,12
ENSG00000095261,2.4664779,2.19757,12
ENSG00000141540,1.9543006,0.0,12
ENSG00000108666,2.2059476,1.3749169,12
ENSG00000119403,1.6038911,0.7132805,12
ENSG00000276293,2.5511487,2.1150377,12
ENSG00000168517,2.047186,1.4363853,12
ENSG00000277027,2.457309,0.0,12
ENSG00000136811_1,2.1977012,2.865383,12
ENSG00000136811_2,2.3441536,1.1876616,12
ENSG00000133027_1,0.4044711,0.0,12
ENSG00000035862,0.32463247,0.76522136,12
ENSG00000154803,2.1042683,2.107783,12
ENSG00000132510,1.6998153,1.3687423,12
ENSG00000083457,2.2059655,0.0,12
ENSG00000160323,0.6950732,0.0,12
ENSG00000167107_1,1.1078607,0.7676011,12
ENSG00000136878,2.4503083,2.0305917,12
ENSG00000109103,1.8452796,3.1509836,12
ENSG00000198435,1.821017,2.0717237,12
ENSG00000076351,1.7846502,2.0730288,12
ENSG00000167130,2.2686882,2.424947,12
ENSG00000277161,2.6768506,2.137164,12
ENSG00000141542,1.3996098,1.5021539,12
ENSG00000107223,2.3010962,3.5232053,12
ENSG00000087157,2.195392,2.3707387,12
ENSG00000136928,1.723866,2.4408147,12
ENSG00000148154,2.5524175,2.9908447,12
ENSG00000233901,1.1336242,0.940068,12
ENSG00000108509,0.7249284,0.0,12
ENSG00000214553,0.89083135,0.9200189,12
ENSG00000176170_1,1.8505245,1.4442478,12
ENSG00000154262,0.58318645,0.0,12
ENSG00000132386,0.59699696,0.86332285,12
ENSG00000007237_6,1.5759932,1.3589622,12
ENSG00000148229,2.5269678,2.765072,12
ENSG00000184451_1,1.3864864,1.2924776,12
ENSG00000181222,2.8298023,3.365044,12
ENSG00000246640,1.6527914,0.992421,12
ENSG00000107317_1,0.3824675,0.0,12
ENSG00000106976,1.9911399,2.2468014,12
ENSG00000275152,0.41330665,1.1619546,12
ENSG00000283160,2.3133023,0.0,12
ENSG00000108406,2.0235043,2.4547687,12
ENSG00000167874,1.0050012,0.0,12
ENSG00000165716,1.575305,1.27614,12
ENSG00000074660,1.135857,0.0,12
ENSG00000070061,2.3110235,2.5839093,12
ENSG00000167434,1.440102,1.451725,12
ENSG00000125447,2.7287018,2.4275186,12
ENSG00000121057_2,0.34810263,1.4627588,12
ENSG00000094804,2.3560128,2.4999304,12
ENSG00000136872,0.09528707,0.0,12
ENSG00000165684,2.1414213,2.1248822,12
ENSG00000161905,0.7407886,0.55928403,12
ENSG00000164946,0.058719818,0.0,12
ENSG00000200463,2.0527089,3.1051593,12
ENSG00000265702,0.10329431,0.0,12
ENSG00000224383,1.1424729,0.0,12
ENSG00000286718,2.2234206,2.2676528,12
ENSG00000006282_1,0.4025545,0.0,12
ENSG00000154920,2.2355812,2.0747032,12
ENSG00000129226,1.5912684,1.9912127,12
ENSG00000007237_2,0.4363023,1.2049065,12
ENSG00000167106_1,2.4048097,1.9582819,12
ENSG00000228639,0.28412914,0.6728549,12
ENSG00000048828,2.3920963,3.1984124,12
ENSG00000070610_1,2.386545,2.441145,12
ENSG00000141179,1.720858,1.9112855,12
ENSG00000135048,1.6805669,1.3718803,12
ENSG00000171843_1,2.3864753,1.7221912,12
ENSG00000226609,1.6179374,0.0,12
ENSG00000132589,2.1934702,2.8727272,12
ENSG00000165025,2.1795628,2.0447946,12
ENSG00000108639_1,1.8907733,0.0,12
ENSG00000158079,0.37104744,1.2282643,12
ENSG00000119121,0.2369662,0.0,12
ENSG00000227036_1,2.4937973,2.029749,12
ENSG00000205309,2.0479667,1.8625131,12
ENSG00000183691,1.5760239,1.6182469,12
ENSG00000056586,2.629787,1.946177,12
ENSG00000154262_1,0.6987487,0.0,12
ENSG00000215644,1.4143587,1.323953,12
ENSG00000167085,1.5651933,0.0,12
ENSG00000136811,0.40292472,0.0,12
ENSG00000240505,1.9035307,3.573708,12
ENSG00000179111,0.6089432,0.0,12
ENSG00000197506,0.14933568,1.0986818,12
ENSG00000156052,1.5395054,2.2364113,12
ENSG00000178852,2.4445739,2.05367,12
ENSG00000136856_1,0.92923737,0.0,12
ENSG00000204277,0.7437863,0.0,12
ENSG00000164976,1.4075692,1.3742038,12
ENSG00000189152,1.4533612,2.2715628,12
ENSG00000132141,2.481289,1.5993229,12
ENSG00000141026,2.083886,0.0,12
ENSG00000159842_3,2.0174313,1.7589421,12
ENSG00000204897,0.12092832,0.0,12
ENSG00000170222,2.3278491,2.0606337,12
ENSG00000259120,0.82594645,1.6203183,12
ENSG00000236819,0.59128875,0.0,12
ENSG00000252542,0.26064885,0.0,12
ENSG00000159199,2.316917,2.7704287,12
ENSG00000108381,0.06911984,0.0,12
ENSG00000196092,2.0493548,1.7347358,12
ENSG00000108506,1.889356,2.4546635,12
ENSG00000176978,1.776565,2.84564,12
ENSG00000240498,2.0297081,1.6588506,12
ENSG00000264808,2.4273999,1.8548523,12
ENSG00000277363,1.3267075,1.1734486,12
ENSG00000072818,1.6503409,1.9006511,12
ENSG00000137055,2.457807,2.6752439,12
ENSG00000180549,0.41166332,1.0404204,12
ENSG00000237159,0.17878076,0.0,12
ENSG00000147862_3,0.7530328,1.2959847,12
ENSG00000119408_1,2.473631,2.1607056,12
ENSG00000108255,0.32900998,0.0,12
ENSG00000181408,1.3524379,1.3682683,12
ENSG00000141522,0.94915605,2.5868347,12
ENSG00000172171,1.7615883,0.0,12
ENSG00000198231,2.7658503,2.6674006,12
ENSG00000141198,1.442891,1.5600382,12
ENSG00000136807,2.4475296,2.1486304,12
ENSG00000165272,0.31284553,0.8971155,12
ENSG00000141551_1,0.35075098,1.1325158,12
ENSG00000136783,1.9380203,2.4492161,12
ENSG00000109079,2.1548054,2.3190415,12
ENSG00000109084,2.3373597,2.8426511,12
ENSG00000126883_4,0.18846582,0.0,12
ENSG00000137142,1.6728954,2.0425756,12
ENSG00000148308_1,2.0245821,2.5068662,12
ENSG00000182327,0.92048013,1.173565,12
ENSG00000108823_1,0.48574933,0.0,12
ENSG00000170190,1.0686523,1.5282738,12
ENSG00000107077_1,2.8208363,1.8992404,12
ENSG00000159921_1,0.15246116,0.647862,12
ENSG00000141252_2,1.9725021,2.621171,12
ENSG00000161664,0.8698103,1.0352296,12
ENSG00000131899,1.8038721,1.6853117,12
ENSG00000108654_3,2.6157444,4.1733613,12
ENSG00000049283,0.600759,1.2646054,12
ENSG00000177239,2.6526134,2.3336084,12
ENSG00000136938,2.5516925,3.7388575,12
ENSG00000137040,1.8716956,0.0,12
ENSG00000136826,1.6989273,1.4107267,12
ENSG00000119335_1,2.2926872,1.8568255,12
ENSG00000271503,1.2432669,3.6270523,12
ENSG00000237626,0.14909421,0.0,12
ENSG00000187242,0.30466682,0.0,12
ENSG00000108774,2.404278,0.0,12
ENSG00000160602_1,2.576531,1.6690657,12
ENSG00000275465,0.10575311,0.0,12
ENSG00000275143,1.0213304,0.89713204,12
ENSG00000107372,2.6718974,3.1219077,12
ENSG00000074660_1,0.9196266,0.0,12
ENSG00000136457,1.2983769,0.0,12
ENSG00000148180_2,0.2788433,0.0,12
ENSG00000172123,1.307499,1.3552331,12
ENSG00000062725_1,2.2048793,2.5727253,12
ENSG00000248871,1.4717218,0.0,12
ENSG00000225361,0.3147295,1.4477315,12
ENSG00000185158_1,0.3255641,0.0,12
ENSG00000164972,0.35594893,0.0,12
ENSG00000142494,1.5355178,1.3832946,12
ENSG00000136881,0.072884366,0.0,12
ENSG00000198000_1,2.3768387,2.929659,12
ENSG00000108509_2,2.468571,2.2582061,12
ENSG00000137074_1,2.3110533,0.0,12
ENSG00000006125_1,0.20328172,0.7700268,12
ENSG00000214946,0.20120327,0.0,12
ENSG00000005238,2.0074003,1.4400901,12
ENSG00000137073,2.86247,2.8165727,12
ENSG00000175061_1,2.4525454,2.927021,12
ENSG00000270332,0.36173448,0.0,12
ENSG00000185527_1,0.3846086,0.5433478,12
ENSG00000278259,1.3968707,1.2240407,12
ENSG00000175787,1.5348263,1.5697297,12
ENSG00000170832,2.0520027,1.3016809,12
ENSG00000234327,2.1486156,2.571025,12
ENSG00000196196,1.0768217,1.1469958,12
ENSG00000169733_1,1.9570501,2.1502345,12
ENSG00000136848_1,1.376947,1.3646166,12
ENSG00000274996,0.32864213,0.0,12
ENSG00000165233,2.1907787,1.9223621,12
ENSG00000200903,0.39244932,0.0,12
ENSG00000108826,2.158929,2.944547,12
ENSG00000107147_1,1.4182453,1.5412047,12
ENSG00000169718,1.7690061,0.93018466,12
ENSG00000108604,2.2546132,0.0,12
ENSG00000068097,1.6478374,2.328946,12
ENSG00000147852,1.7218789,1.8925009,12
ENSG00000171431,0.28628778,0.49596038,12
ENSG00000174292_1,1.3283601,0.8652817,12
ENSG00000126861,0.17425747,0.0,12
ENSG00000161955,1.9121332,2.2182467,12
ENSG00000155621,1.7218708,2.4869602,12
ENSG00000006059,0.34179732,0.0,12
ENSG00000087095_1,0.25980306,1.7272158,12
ENSG00000108443,2.5997958,2.9369206,12
ENSG00000131462,2.6917088,3.3163626,12
ENSG00000171159,2.3225627,2.6652675,12
ENSG00000154760,2.3053877,2.4913616,12
ENSG00000148057,2.32159,1.8064513,12
ENSG00000166484,1.7289146,1.836729,12
ENSG00000236320,0.14691295,0.0,12
ENSG00000141526,0.55108637,0.0,12
ENSG00000131467,2.4789,2.9268084,12
ENSG00000148357,1.4355962,1.5796121,12
ENSG00000129657_3,0.29388914,0.84743756,12
ENSG00000291169,0.20287657,0.0,12
ENSG00000184640,1.8243364,2.4018984,12
ENSG00000165092,0.13450517,0.0,12
ENSG00000108932,1.5269828,1.3634051,12
ENSG00000128422,0.32938305,0.0,12
ENSG00000119522,2.0904791,2.5440457,12
ENSG00000173762,0.66494524,1.3664416,12
ENSG00000228083,0.2090289,0.0,12
ENSG00000119487,0.1987007,0.0,12
ENSG00000121104_1,2.6252863,1.3843248,12
ENSG00000147905,2.773236,2.7359827,12
ENSG00000122705,2.3872964,3.4414327,12
ENSG00000108556,0.93665826,0.0,12
ENSG00000129646,0.75589025,1.1895183,12
ENSG00000176101,2.513334,2.3874254,12
ENSG00000132518_1,0.92517084,0.9806396,12
ENSG00000075461,1.7459649,1.6849889,12
ENSG00000080503_4,0.9579836,0.0,12
ENSG00000108821,0.4081265,1.0544828,12
ENSG00000176809,2.7799454,2.4025364,12
ENSG00000108825_1,0.907565,0.0,12
ENSG00000109099_3,0.09228033,0.0,12
ENSG00000281000,2.848179,3.6678338,12
ENSG00000136802_1,0.1761051,0.67889154,12
ENSG00000179148,0.6932632,1.1262906,12
ENSG00000120063,2.709771,2.4279566,12
ENSG00000135018,2.7114708,3.0881538,12
ENSG00000155827,2.1395857,2.1318336,12
ENSG00000153714,0.22574537,0.0,12
ENSG00000131737,0.35342127,0.0,12
ENSG00000131748,2.4366872,2.7312543,12
ENSG00000108691,0.45556992,0.0,12
ENSG00000231107,0.1994606,0.0,12
ENSG00000228072,0.8615496,0.0,12
ENSG00000141068_1,0.3830691,0.0,12
ENSG00000136811_3,1.6449105,1.1142772,12
ENSG00000171916,0.641595,0.0,12
ENSG00000119125,0.26971218,0.0,12
ENSG00000273706,1.3906182,1.2677583,12
ENSG00000170049,1.0585512,1.2358061,12
ENSG00000178691,2.497958,2.287309,12
ENSG00000261978,0.97894734,0.9334873,12
ENSG00000267023,0.4270999,0.73745507,12
ENSG00000040633_2,2.5823944,2.2001607,12
ENSG00000231256,0.1295578,0.0,12
ENSG00000108733,1.8990775,2.0058281,12
ENSG00000136942,2.6765988,4.3490114,12
ENSG00000083457_2,0.73958695,1.1774211,12
ENSG00000131738,0.40064734,0.0,12
ENSG00000127080,2.4915988,2.3370616,12
ENSG00000005156,2.3905227,2.608526,12
ENSG00000107187_1,1.168843,1.2257227,12
ENSG00000141376_1,0.10803282,0.0,12
ENSG00000170296_1,2.3704584,3.0458822,12
ENSG00000161920,2.4150264,2.4219575,12
ENSG00000187688,2.2014115,2.7478707,12
ENSG00000160445,2.3264167,2.1108422,12
ENSG00000198642,2.4783032,2.4453707,12
ENSG00000262730,0.24912316,1.6100348,12
ENSG00000157653,2.3127244,1.4696158,12
ENSG00000167741,0.41627187,0.0,12
ENSG00000265542,0.23123842,1.0024685,12
ENSG00000108849,0.43857577,0.8003734,12
ENSG00000187607,2.223493,2.126891,12
ENSG00000007168_2,2.2667623,1.7937834,12
ENSG00000293440_1,0.16077171,0.0,12
ENSG00000125430,1.3376716,1.8408586,12
ENSG00000209582,0.36688304,0.0,12
ENSG00000173838,0.0716933,0.669763,12
ENSG00000230013_1,1.0978942,0.0,12
ENSG00000072310,1.607429,1.5235918,12
ENSG00000197566,1.4845594,1.7034031,12
ENSG00000064218,1.4877397,1.1820749,12
ENSG00000165092_1,0.14736263,0.0,12
ENSG00000233223,2.7475538,1.3948717,12
ENSG00000148396,2.3626168,1.7143046,12
ENSG00000235387,0.6344261,0.0,12
ENSG00000188895_1,2.3263547,1.4452149,12
ENSG00000081377_1,1.3046757,1.7064618,12
ENSG00000196156,0.8679036,1.6093168,12
ENSG00000161682,1.5768452,1.7724171,12
ENSG00000181374,0.22844064,0.0,12
ENSG00000278535,1.9980687,2.1185756,12
ENSG00000159640_2,0.41518083,1.2592354,12
ENSG00000148296,2.2468016,2.8167362,12
ENSG00000240445,1.8928164,1.7312986,12
ENSG00000167081,2.294133,2.7201014,12
ENSG00000125414,0.21859998,0.0,12
ENSG00000148120_2,1.9883136,1.6972294,12
ENSG00000132475,2.6662612,3.5421455,12
ENSG00000107317,0.60940385,1.1905278,12
ENSG00000119321_1,2.3452067,2.7108574,12
ENSG00000080503_3,0.21875241,0.0,12
ENSG00000108433,2.3171833,2.437535,12
ENSG00000214401,2.819564,1.5592362,12
ENSG00000120071,0.22106996,1.0741249,12
ENSG00000265206,2.814647,3.694204,12
ENSG00000264666,1.9210035,2.5215003,12
ENSG00000183077,1.7687664,0.0,12
ENSG00000168517_2,2.0084012,0.0,12
ENSG00000108852,0.5983608,0.8267225,12
ENSG00000137077,0.2611454,0.0,12
ENSG00000167705,0.92662776,0.0,12
ENSG00000167112,1.9831218,2.7726693,12
ENSG00000276234,2.4678261,2.6054883,12
ENSG00000168646,1.5352753,1.5855509,12
ENSG00000261408,2.56562,2.2986784,12
ENSG00000169733,1.3364023,1.0404046,12
ENSG00000099810,1.814625,2.7208207,12
ENSG00000170296,0.9057344,1.1499884,12
ENSG00000148343,2.3454137,2.016348,12
ENSG00000168792,1.9136436,1.7830957,12
ENSG00000120158,2.4909084,2.082997,12
ENSG00000167182,2.9671593,2.57193,12
ENSG00000087995,1.9651269,2.7964473,12
ENSG00000273611_1,0.22662562,0.72414476,12
ENSG00000106868,1.7938361,0.0,12
ENSG00000120094,0.57566094,1.2049065,12
ENSG00000120235,0.21062183,0.0,12
ENSG00000165119_2,2.6394708,3.7054935,12
ENSG00000108852_2,0.5426536,1.1490035,12
ENSG00000141293,2.1216238,2.6811762,12
ENSG00000284976,0.83495486,0.0,12
ENSG00000121057_3,0.37493008,1.6613393,12
ENSG00000278259_2,2.4455209,2.1373858,12
ENSG00000130222,1.3023767,1.2101847,12
ENSG00000106952,0.32359836,1.0544522,12
ENSG00000187609,1.7458342,1.725985,12
ENSG00000199483,0.06376773,1.2953845,12
ENSG00000129657_2,2.3003075,2.1918924,12
ENSG00000136867,1.6643598,1.3312045,12
ENSG00000141580,2.193092,2.7797003,12
ENSG00000147905_1,0.3301707,0.0,12
ENSG00000136802,2.4533126,2.243058,12
ENSG00000127191_1,2.639981,2.209826,12
ENSG00000133195,1.5328182,2.175033,12
ENSG00000200538,0.19453424,0.0,12
ENSG00000233101_1,1.0706127,1.0122465,12
ENSG00000121064,1.5615855,2.479319,12
ENSG00000186185,2.2148948,2.590572,12
ENSG00000141040,1.7182325,1.7443165,12
ENSG00000092929_1,2.004275,2.1463482,12
ENSG00000251752,0.09405032,0.0,12
ENSG00000138835,1.0922018,0.0,12
ENSG00000119335,2.4476006,4.0064316,12
ENSG00000170043,2.202483,3.1485348,12
ENSG00000108688,0.1914688,1.4100329,12
ENSG00000277631,0.46271583,0.0,12
ENSG00000167740_1,2.6512334,1.8994156,12
ENSG00000168259_2,2.418048,3.24312,12
ENSG00000108946,2.5444255,2.0482125,12
ENSG00000137145,2.5267167,2.3978028,12
ENSG00000185245,0.50914925,1.0998291,12
ENSG00000131473_1,1.6883327,1.790081,12
ENSG00000175711,2.2204413,2.049501,12
ENSG00000108958,0.23743787,2.2719135,12
ENSG00000130714,1.588606,1.9058607,12
ENSG00000176994,2.4537652,2.4344077,12
ENSG00000186834,2.7978866,2.4783745,12
ENSG00000108384,2.1191099,3.0039299,12
ENSG00000225434,0.30994838,0.0,12
ENSG00000177076,1.9198512,1.6832272,12
ENSG00000161542,2.5121143,1.7037555,12
ENSG00000137038,1.8627297,3.0236886,12
ENSG00000198920_1,2.245909,2.326426,12
ENSG00000273702,2.8548853,2.0932815,12
ENSG00000197879_1,1.9289763,1.7427565,12
ENSG00000159842_4,1.2121862,1.121888,12
ENSG00000005884_1,1.9710233,1.9047372,12
ENSG00000126883_1,1.0973902,0.0,12
ENSG00000153976,1.2768997,1.5980022,12
ENSG00000184060,1.8067187,1.3232727,12
ENSG00000189051,0.6106723,1.1608286,12
ENSG00000213424,0.26578987,0.0,12
ENSG00000178927,2.4279878,2.2802777,12
ENSG00000157693,2.7335227,2.0436294,12
ENSG00000141030,2.3652112,2.8813555,12
ENSG00000188229,2.4954193,3.896513,12
ENSG00000120159,2.5431082,1.9218425,12
ENSG00000148334,2.4974537,2.482888,12
ENSG00000198467_1,0.80693877,0.0,12
ENSG00000002919_1,2.1001337,1.7589611,12
ENSG00000186765,1.1333178,1.2232103,12
ENSG00000204291,1.506291,1.1031809,12
ENSG00000184640_5,0.54655445,0.0,12
ENSG00000198271,0.7291735,1.8294003,12
ENSG00000155875,0.7497544,0.0,12
ENSG00000164970,1.575637,2.0175843,12
ENSG00000136485,2.7379897,2.938166,12
ENSG00000167107,1.7345984,0.0,12
ENSG00000072210,2.2620068,2.324262,12
ENSG00000141503,2.425238,2.281456,12
ENSG00000121053,0.28445083,0.83301955,12
ENSG00000007312,1.9230037,2.6291301,12
ENSG00000007168,2.3743672,2.9389298,12
ENSG00000233098_1,0.14944693,0.0,12
ENSG00000187742,2.7523644,2.470134,12
ENSG00000108846,1.5119728,1.2316225,12
ENSG00000172889_1,0.50049496,0.96082264,12
ENSG00000227531,0.16694032,0.0,12
ENSG00000091542_1,2.6829822,2.9143696,12
ENSG00000244187,2.0155115,1.5110005,12
ENSG00000204001_1,0.9393498,0.8861409,12
ENSG00000120210,1.0839492,0.0,12
ENSG00000108523,2.8900354,2.7997746,12
ENSG00000119414,2.4781091,2.9107604,12
ENSG00000178921_1,2.3902779,2.8753803,12
ENSG00000108821_1,0.26689246,0.6697296,12
ENSG00000141367,2.8238778,3.3404758,12
ENSG00000085265,0.28874746,0.0,12
ENSG00000006695,1.7160071,2.3939102,12
ENSG00000291094,0.5535518,0.0,12
ENSG00000148362,1.8673245,0.0,12
ENSG00000137033,0.12706418,0.0,12
ENSG00000221926_1,0.9845522,0.0,12
ENSG00000137054,2.3905184,2.8259509,12
ENSG00000185379,2.2059867,2.0192575,12
ENSG00000277399,0.6260813,0.9865926,12
ENSG00000287193,2.2111526,0.0,12
ENSG00000119139,1.1648041,1.9279346,12
ENSG00000221882,1.3450333,0.0,12
ENSG00000275410,1.0720786,2.8511972,12
ENSG00000106723,2.097902,2.0953088,12
ENSG00000183978,1.035072,2.409216,12
ENSG00000107185,2.275408,2.3662305,12
ENSG00000276070,0.8543776,3.518481,12
ENSG00000267750,1.0995002,1.3204163,12
ENSG00000106829,2.3013375,2.9726837,12
ENSG00000122735,0.8463183,0.41629094,12
ENSG00000181856,1.0128245,1.0218506,12
ENSG00000136874,1.9693753,2.27521,12
ENSG00000161955_1,1.3231336,1.4662446,12
ENSG00000287553,2.4287226,1.1479853,12
ENSG00000095303_2,0.47888315,0.0,12
ENSG00000212719_1,0.6023797,0.0,12
ENSG00000136478,2.0817287,1.6820818,12
ENSG00000186832,1.0576755,1.1153442,12
ENSG00000108256,2.3948328,3.5216806,12
ENSG00000230601_1,0.32443467,0.0,12
ENSG00000126337,0.38213414,0.82245576,12
ENSG00000224307,0.34354103,0.0,12
ENSG00000108262,2.1829216,2.4404383,12
ENSG00000228392,0.70072454,1.2119744,12
ENSG00000141560,1.8907434,2.2967682,12
ENSG00000066697,2.020093,2.3971229,12
ENSG00000171448_1,2.2087505,1.8428843,12
ENSG00000176927,2.587186,2.8700643,12
ENSG00000167525_2,1.8697048,1.5128177,12
ENSG00000196704,2.7086,2.8428183,12
ENSG00000262920,1.0026159,1.1345915,12
ENSG00000119487_1,1.9296205,1.7877438,12
ENSG00000136932,2.5821826,2.2843337,12
ENSG00000090054,2.1526594,2.79719,12
ENSG00000136943,1.2269303,0.0,12
ENSG00000157654_2,0.6507884,1.008089,12
ENSG00000196358,1.5444624,1.289522,12
ENSG00000127191,1.5385679,0.0,12
ENSG00000181284,1.847092,1.9074436,12
ENSG00000276234_1,2.1431403,1.6230425,12
ENSG00000141736,1.9563056,1.8211138,12
ENSG00000068137,1.9804295,1.4426365,12
ENSG00000123975,2.8718262,3.529153,12
ENSG00000212899,0.18370761,0.4479019,12
ENSG00000107317_2,0.30874687,0.0,12
ENSG00000119383_4,1.6754616,1.9090209,12
ENSG00000107282,1.5112938,1.6805531,12
ENSG00000108588,2.6069567,0.0,12
ENSG00000131094,1.7194874,2.0116508,12
ENSG00000203993,2.316162,2.3107357,12
ENSG00000086061,2.5600846,3.4714062,12
ENSG00000221852,0.30256367,1.77938,12
ENSG00000136897,2.0501184,2.9164777,12
ENSG00000265148,1.9486773,1.230883,12
ENSG00000160326,2.22487,2.096566,12
ENSG00000173065,2.2025874,1.4709556,12
ENSG00000141510,0.2718771,0.0,12
ENSG00000234860,0.11214815,0.0,12
ENSG00000108679,0.5475117,0.0,12
ENSG00000174292,0.8595381,0.940073,12
ENSG00000185158,1.9508173,2.1309445,12
ENSG00000108528,2.869275,2.577508,12
ENSG00000131477,0.79598504,1.2584697,12
ENSG00000146872,0.77830756,0.0,12
ENSG00000108828,1.6210355,2.1997004,12
ENSG00000171595,0.6932274,0.0,12
ENSG00000175106,2.1152713,1.758753,12
ENSG00000196363_1,2.2544591,2.9306715,12
ENSG00000119401,2.2057629,2.0465732,12
ENSG00000141314,1.60536,1.762626,12
ENSG00000160408_2,1.4323679,0.0,12
ENSG00000278311_1,0.13552232,0.0,12
ENSG00000181045,1.2264363,0.73737556,12
ENSG00000119139_1,1.3807214,1.8447318,12
ENSG00000129197_1,1.9346524,2.5039675,12
ENSG00000167895,1.9861141,2.8665502,12
ENSG00000196092_1,1.406794,2.2522023,12
ENSG00000287737,2.1605742,0.0,12
ENSG00000167543_1,1.9069753,1.5777675,12
ENSG00000136436,2.1059155,3.0923803,12
ENSG00000173917,0.33861244,0.0,12
ENSG00000148384,1.6269965,2.1548347,12
ENSG00000173805,1.2717999,1.1849184,12
ENSG00000070366,2.5887964,2.572674,12
ENSG00000148153,1.9785478,2.5018013,12
ENSG00000272975,0.27574557,1.1366888,12
ENSG00000173757,2.198355,2.2660222,12
ENSG00000182473_1,1.9594172,1.3417708,12
ENSG00000171401_1,0.32037613,0.0,12
ENSG00000137106,2.2235742,2.9037302,12
ENSG00000108960,2.5786462,1.7401977,12
ENSG00000006042_1,1.5778042,1.0594801,12
ENSG00000136936,2.38433,2.5852656,12
ENSG00000108523_3,1.3982755,2.2829413,12
ENSG00000271086,2.4673216,1.7360218,12
ENSG00000196152,2.374397,2.2185802,12
ENSG00000179314,0.7169892,0.0,12
ENSG00000165140,1.4250269,1.2938265,12
ENSG00000141744,1.4663368,0.0,12
ENSG00000049283_1,0.35199946,0.60408556,12
ENSG00000276023,2.130253,2.3113873,12
ENSG00000122756,1.5546778,0.0,12
ENSG00000183010,1.2192851,1.648116,12
ENSG00000137101_2,2.3813317,0.8224231,12
ENSG00000265222,2.5121577,1.192297,12
ENSG00000270806,0.11147666,0.0,12
ENSG00000233098_2,0.4036709,0.60056996,12
ENSG00000197816,0.58741474,0.67582417,12
ENSG00000181045_1,2.044013,1.3212463,12
ENSG00000198920,0.06758842,0.0,12
ENSG00000109016,2.074692,2.2123713,12
ENSG00000185262,2.6151936,3.5660012,12
ENSG00000169692,2.0777133,2.1120384,12
ENSG00000175893,2.039178,2.338293,12
ENSG00000198242_1,2.4524517,2.2466216,12
ENSG00000198720,1.1849239,2.2845662,12
ENSG00000167863,2.179328,3.3577235,12
ENSG00000290657,0.63919806,0.0,12
ENSG00000293480,1.2180854,1.5411422,12
ENSG00000238423,1.7704433,2.0463,12
ENSG00000174038_1,0.26476434,0.96861833,12
ENSG00000170703,1.0082058,1.2004948,12
ENSG00000267364,0.30975777,0.0,12
ENSG00000167721,2.04737,0.0,12
ENSG00000108387_2,1.558395,1.5341277,12
ENSG00000147852_1,1.5918677,1.940855,12
ENSG00000278619,2.3040016,2.2311382,12
ENSG00000172301,1.6044314,0.0,12
ENSG00000160446,2.2283833,2.675541,12
ENSG00000165138,1.7509542,1.7597283,12
ENSG00000177427,2.2714021,1.5697951,12
ENSG00000119383_3,1.9844362,1.6217059,12
ENSG00000225564,0.104831204,0.0,12
ENSG00000106852_1,1.2961535,0.90254676,12
ENSG00000167136,2.0839803,2.0029433,12
ENSG00000126882,1.7852526,1.5516452,12
ENSG00000166685,2.5091538,2.117712,12
ENSG00000238058,2.0630655,1.689371,12
ENSG00000226549,1.0722712,2.1020906,12
ENSG00000265000,1.0302231,0.0,12
ENSG00000169071,0.728738,0.0,12
ENSG00000267280_1,1.448129,1.47201,12
ENSG00000141127,1.7170851,0.0,12
ENSG00000266677,2.070356,1.8725642,12
ENSG00000148400,2.368469,2.5666025,12
ENSG00000108813_2,1.2079633,1.5489051,12
ENSG00000106853_1,0.7255074,0.9924475,12
ENSG00000119471,2.4897897,2.5193357,12
ENSG00000168591_1,2.163879,0.0,12
ENSG00000188895_2,0.21779712,0.0,12
ENSG00000011260,2.8068283,2.9473112,12
ENSG00000221926,0.17601906,0.0,12
ENSG00000106829_2,2.2521536,1.6308447,12
ENSG00000148337,2.1296775,2.8408568,12
ENSG00000108813_1,0.6296664,0.0,12
ENSG00000286799,1.7045954,1.0094678,12
ENSG00000168517_1,2.5231597,1.214579,12
ENSG00000148143,1.1242119,1.8484108,12
ENSG00000166292,0.19058245,0.0,12
ENSG00000034152_1,1.8312341,1.7357968,12
ENSG00000125485,2.4350433,1.9818412,12
ENSG00000266947,1.1573042,1.1098585,12
ENSG00000174238,2.261184,2.7132754,12
ENSG00000141252,0.22652327,0.0,12
ENSG00000187713,2.2138321,2.2182202,12
ENSG00000007216,0.44236606,0.0,12
ENSG00000262061,0.540054,0.90784115,12
ENSG00000275832_2,1.526186,1.5537132,12
ENSG00000004897,2.5857303,2.8092122,12
ENSG00000229637,0.29581589,0.0,12
ENSG00000161381_2,0.7412651,1.4921316,12
ENSG00000167525_1,1.7588981,1.1377275,12
ENSG00000141562,1.9960334,2.3283591,12
ENSG00000107186_2,0.15083362,0.0,12
ENSG00000095303,0.5589639,1.2472857,12
ENSG00000291110,1.1197644,1.7440675,12
ENSG00000133026,1.1425865,1.5643346,12
ENSG00000121101,0.74465805,0.6214671,12
ENSG00000290770,2.3542788,2.2631838,12
ENSG00000167740,2.5124996,0.0,12
ENSG00000007237_3,0.4001502,0.0,12
ENSG00000186566,2.5173864,2.3916302,12
ENSG00000107104,1.8984765,0.0,12
ENSG00000130707,1.1922678,1.4306232,12
ENSG00000291172,0.11618249,0.0,12
ENSG00000181885,0.8813317,0.0,12
ENSG00000168610_3,2.8749077,2.729628,12
ENSG00000176927_1,0.13588826,0.0,12
ENSG00000224738,2.6305811,1.6742088,12
ENSG00000108312_2,1.6262668,2.2508223,12
ENSG00000236088,1.7379665,2.328614,12
ENSG00000154975,1.3129957,1.415591,12
ENSG00000283538,0.06010172,0.0,12
ENSG00000136918,1.3402872,0.87488174,12
ENSG00000177302,2.2727787,2.464658,12
ENSG00000279886,0.64017874,0.8115549,12
ENSG00000108669,0.2989372,0.0,12
ENSG00000141295_1,1.5183498,1.6610645,12
ENSG00000176160,1.2325424,1.5520229,12
ENSG00000168795,2.8429723,2.1922941,12
ENSG00000076604,2.5143864,2.713938,12
ENSG00000225050,0.049838495,0.0,12
ENSG00000170835,0.36986992,0.0,12
ENSG00000241322,0.17352033,0.0,12
ENSG00000277258_2,1.347449,2.2544997,12
ENSG00000180626,2.3367865,2.0982664,12
ENSG00000073584_1,0.9732334,1.8310695,12
ENSG00000164975,2.3675969,2.7778544,12
ENSG00000108641_1,2.3422115,1.6788096,12
ENSG00000097007,2.4006243,1.7524941,12
ENSG00000267394,1.4788281,1.0285916,12
ENSG00000107338,1.8555418,1.7227491,12
ENSG00000167525_3,1.3327117,1.4921875,12
ENSG00000141371,0.40950364,0.71875906,12
ENSG00000184060_1,1.4311548,1.4210771,12
ENSG00000106789,1.6658088,1.5536404,12
ENSG00000170836,2.6906874,2.4388855,12
ENSG00000277370,1.5251523,1.3143308,12
ENSG00000108395,2.7071235,1.7752608,12
ENSG00000136868,2.2754934,2.0304093,12
ENSG00000227517,0.15536028,0.0,12
ENSG00000124422,2.8053102,3.1496162,12
ENSG00000132471,1.8605633,3.0628564,12
ENSG00000141556_1,0.45866367,0.0,12
ENSG00000119509,2.3210099,2.0243955,12
ENSG00000234323,0.21951257,0.0,12
ENSG00000126581,2.015379,2.9092286,12
ENSG00000148219_1,1.5668906,1.8321894,12
ENSG00000293669,2.5279381,2.530288,12
ENSG00000154262_2,0.15024723,0.76523626,12
ENSG00000268996,2.5301528,1.9070888,12
ENSG00000171953,1.9877473,2.3771367,12
ENSG00000167123,0.28694096,0.71870923,12
ENSG00000167123_1,1.5961039,1.9922485,12
ENSG00000178607_1,1.813567,1.4200085,12
ENSG00000147862_2,0.9342609,0.0,12
ENSG00000187272,0.5476332,0.0,12
ENSG00000270765,0.5651275,1.2022431,12
ENSG00000108788_1,2.2029698,1.4321994,12
ENSG00000266173,2.8774583,2.446315,12
ENSG00000147874,0.1841704,0.0,12
ENSG00000165181_2,0.12235822,0.0,12
ENSG00000167861,1.2592132,0.0,12
ENSG00000108813,1.2701412,1.967164,12
ENSG00000087111_2,2.364839,2.997589,12
ENSG00000108883_1,2.3100383,3.0843046,12
ENSG00000176170,0.2065001,0.80040085,12
ENSG00000133027,0.46257985,0.8613552,12
ENSG00000007237_4,1.3079975,0.0,12
ENSG00000136877_1,1.6451246,0.0,12
ENSG00000132530_2,1.5761629,2.7140949,12
ENSG00000132535_1,0.66814417,0.77487445,12
ENSG00000067191_2,1.7941953,1.9612597,12
ENSG00000275385,0.18424013,0.0,12
ENSG00000198887,2.4320905,2.5934865,12
ENSG00000125484,2.2508657,1.9483005,12
ENSG00000083223,0.15384689,0.0,12
ENSG00000108666_1,1.9832613,2.401004,12
ENSG00000265148_1,2.5424993,2.193959,12
ENSG00000167157,1.565924,1.590619,12
ENSG00000235979,0.2510777,0.0,12
ENSG00000119314,1.9313945,0.0,12
ENSG00000108423,1.9401473,1.958313,12
ENSG00000178445,0.24071787,0.0,12
ENSG00000181634,0.687518,0.0,12
ENSG00000109113,1.4228309,1.1687626,12
ENSG00000188163,0.51388264,1.0052663,12
ENSG00000108669_4,2.4637744,2.5861268,12
ENSG00000040531_1,2.2332773,1.666939,12
ENSG00000135047,1.3450247,1.2676879,12
ENSG00000119383_1,2.3163598,2.5695226,12
ENSG00000108684,1.2904816,1.533734,12
ENSG00000187624,2.2991152,1.2607152,12
ENSG00000005961_1,1.176221,0.78668046,12
ENSG00000141255,0.8194375,0.72414476,12
ENSG00000011454,2.4161375,2.2595747,12
ENSG00000185813,1.7689607,1.1356732,12
ENSG00000281491,1.7655972,0.9095988,12
ENSG00000196712_1,1.2392043,1.312262,12
ENSG00000176155,2.0473554,2.0055108,12
ENSG00000286194,1.0083855,1.2056509,12
ENSG00000108924_2,0.18213141,0.6111283,12
ENSG00000225190_1,2.4214902,2.3250208,12
ENSG00000230074,1.6429652,0.0,12
ENSG00000108639,2.6182826,3.153882,12
ENSG00000108641,1.491556,1.4384474,12
ENSG00000171246,1.5845877,2.17745,12
ENSG00000266967,1.8217142,2.710417,12
ENSG00000186665_1,0.28688753,0.0,12
ENSG00000002834,2.4045327,3.3541641,12
ENSG00000189159,1.7737138,1.0789133,12
ENSG00000172421,0.12190774,0.0,12
ENSG00000004142,2.3887994,2.7249374,12
ENSG00000070610,2.2195854,1.5646542,12
ENSG00000153982_1,1.9932952,0.0,12
ENSG00000080503_1,2.592758,3.147005,12
ENSG00000148158,2.1385634,1.5799836,12
ENSG00000136925,2.2500155,2.320651,12
ENSG00000161542_1,2.4997404,2.607616,12
ENSG00000225194_1,0.9339466,0.9368303,12
ENSG00000182224_1,2.1191626,1.7339191,12
ENSG00000173801,1.0146009,1.0443437,12
ENSG00000074356_1,2.2242758,2.707467,12
ENSG00000133020,0.101190686,0.0,12
ENSG00000148204_1,0.30943203,0.0,12
ENSG00000154945,2.089585,1.8742557,12
ENSG00000184811,0.74730146,1.08361,12
ENSG00000141552_1,2.2236636,0.0,12
ENSG00000125484_1,2.4109156,2.1764905,12
ENSG00000231806,0.85605574,1.2528772,12
ENSG00000166260,2.3277383,2.6881127,12
ENSG00000212721,0.5257766,0.0,12
ENSG00000179314_1,1.572212,1.5411922,12
ENSG00000263567,0.45174858,0.0,12
ENSG00000136490_1,2.3811471,3.2411828,12
ENSG00000142507,1.7264899,3.229116,12
ENSG00000035862_1,0.39179918,0.70491374,12
ENSG00000267568_1,0.98200965,0.9924386,12
ENSG00000215126,2.043578,3.068301,12
ENSG00000212724,0.92500615,0.0,12
ENSG00000258315_1,2.7074597,0.0,12
ENSG00000197170,2.1527953,3.0216522,12
ENSG00000287431,1.933518,1.5303662,12
ENSG00000108244,0.1562496,0.0,12
ENSG00000169738,0.4668347,0.8267225,12
ENSG00000181090_2,1.0700196,1.0204649,12
ENSG00000266402,2.5532484,3.1907685,12
ENSG00000293325,0.9813595,0.0,12
ENSG00000258315,2.8349707,3.2875016,12
ENSG00000095370_1,0.37320176,0.0,12
ENSG00000107099,2.030732,1.5579882,12
ENSG00000131748_1,0.33005944,1.1031535,12
ENSG00000141519,1.0354246,1.0024685,12
ENSG00000183048,2.067161,2.030531,12
ENSG00000185624_1,2.5903566,3.390384,12
ENSG00000167862,2.1594403,2.9727304,12
ENSG00000213218,0.33329973,0.0,12
ENSG00000148019,2.0846536,2.6381598,12
ENSG00000170175_1,0.7367586,0.96240246,12
ENSG00000273559,2.4331384,2.513504,12
ENSG00000131747,2.2258673,3.4290218,12
ENSG00000132535_4,1.92117,0.0,12
ENSG00000198783,2.3336585,2.1077864,12
ENSG00000169925_2,1.4009503,1.1530217,12
ENSG00000266088,0.48602974,2.6052814,12
ENSG00000096872,1.9516686,0.0,12
ENSG00000148288,1.2289714,1.1449476,12
ENSG00000132382,2.2209487,2.9696274,12
ENSG00000225376,0.20900553,0.0,12
ENSG00000154957,2.2389596,1.9606372,12
ENSG00000188554_1,2.6010673,2.4388444,12
ENSG00000180638,0.5724263,0.0,12
ENSG00000187997,0.658044,0.8613791,12
ENSG00000184361,2.0542867,1.1479853,12
ENSG00000136449,1.8767778,0.0,12
ENSG00000262074,2.74021,4.0664153,12
ENSG00000168591,2.4112332,2.1112626,12
ENSG00000172785,1.9887642,2.8400748,12
ENSG00000106852,1.3357073,1.331326,12
ENSG00000153933,2.1288466,2.142646,12
ENSG00000276170,0.3517747,0.0,12
ENSG00000221880,0.35123378,1.3663483,12
ENSG00000153822_2,0.14297697,0.0,12
ENSG00000141027,0.12058745,0.0,12
ENSG00000108424,2.2426236,3.682637,12
ENSG00000167920,2.160945,1.9075956,12
ENSG00000284526,0.27447242,0.0,12
ENSG00000006788,0.10491271,0.0,12
ENSG00000287355,0.16885254,0.0,12
ENSG00000272763,1.4960858,1.1207713,12
ENSG00000129654,1.1010693,0.87297165,12
ENSG00000141279_1,2.1204376,3.0063806,12
ENSG00000131759_1,2.0524623,2.814121,12
ENSG00000070214,2.039896,2.546571,12
ENSG00000156017_1,2.553404,2.622587,12
ENSG00000188394,0.2450535,0.0,12
ENSG00000166596,0.57800907,0.0,12
ENSG00000078725,1.2165852,1.5758342,12
ENSG00000291140,2.7133868,1.7460891,12
ENSG00000107263_1,2.0396252,2.6331553,12
ENSG00000131471_1,0.20719415,0.0,12
ENSG00000214226,2.1794927,2.1323879,12
ENSG00000136895,1.6101748,1.0789279,12
ENSG00000155876,2.574877,2.7201931,12
ENSG00000122133,0.5967421,0.0,12
ENSG00000165661,1.9556624,2.7085738,12
ENSG00000141569,2.3044875,2.044383,12
ENSG00000259384,0.2954133,0.96241194,12
ENSG00000291075_1,0.6245104,1.0765349,12
ENSG00000146872_1,1.951989,2.4437792,12
ENSG00000157654,1.2613825,1.5488412,12
ENSG00000260328,0.27915552,0.0,12
ENSG00000148308,2.085656,2.8723323,12
ENSG00000108312_1,2.3243206,2.5413496,12
ENSG00000231902,0.1477452,0.0,12
ENSG00000154016,1.4266199,2.1115515,12
ENSG00000167113_1,2.3962371,2.5286481,12
ENSG00000107164,2.4020069,2.7183938,12
ENSG00000262188,0.69440556,0.85743505,12
ENSG00000238804,0.12667103,0.0,12
ENSG00000265055,1.3554045,0.84336984,12
ENSG00000290585_1,1.0567113,0.0,12
ENSG00000148334_1,2.011317,1.9065721,12
ENSG00000153822_1,0.11687313,0.0,12
ENSG00000198467_2,0.29598582,0.0,12
ENSG00000130558_2,0.44074863,0.8224035,12
ENSG00000119508,1.9648708,1.9058229,12
ENSG00000170689,1.091872,1.4226719,12
ENSG00000136828_1,1.2300087,0.9545898,12
ENSG00000136449_1,1.742674,0.0,12
ENSG00000188986,2.305961,2.31982,12
ENSG00000128482,0.73213583,0.7187175,12
ENSG00000165181,0.074400574,0.0,12
ENSG00000173821,2.3015172,1.9838653,12
ENSG00000136861_1,2.2357414,2.650256,12
ENSG00000184988,2.2311108,2.543892,12
ENSG00000213221,2.331569,2.1366572,12
ENSG00000119392,2.204128,2.6303964,12
ENSG00000238212,0.4452252,1.1043096,12
ENSG00000091592,1.6182574,2.5706213,12
ENSG00000141252_1,0.23616275,0.0,12
ENSG00000064300,1.6134311,1.7656462,12
ENSG00000108984,1.1242509,2.1190643,12
ENSG00000184544,0.18538524,0.0,12
ENSG00000148339,2.7709072,2.1628928,12
ENSG00000174231,2.058599,3.1257088,12
ENSG00000136842,2.1307704,2.1968613,12
ENSG00000004660_1,2.003197,1.2662082,12
ENSG00000068079,1.3661186,2.5488536,12
ENSG00000108669_3,1.0856878,1.740982,12
ENSG00000165271,1.8104689,2.6241646,12
ENSG00000205808,1.9095774,1.8070545,12
ENSG00000167193,2.5860806,2.324994,12
ENSG00000171446,0.23803455,0.4107941,12
ENSG00000080503_5,0.15928043,0.0,12
ENSG00000006744,2.0040963,0.0,12
ENSG00000107105,0.061248448,0.0,12
ENSG00000122696,2.317859,2.3249345,12
ENSG00000196739,1.1012247,1.4592869,12
ENSG00000165028,1.8434533,1.6159395,12
ENSG00000236680,0.21527825,0.0,12
ENSG00000167302,2.1398454,1.9051101,12
ENSG00000178966,2.675,2.3897488,12
ENSG00000227619,0.36346292,0.0,12
ENSG00000136888,2.5480778,3.1246445,12
ENSG00000197063,0.6808315,1.1764357,12
ENSG00000154265,2.441244,2.0313318,12
ENSG00000126860,0.6602967,0.0,12
ENSG00000107105_1,1.5338677,1.8298181,12
ENSG00000267532,1.4618266,0.0,12
ENSG00000233516,0.0018052869,0.0,12
ENSG00000160339,0.35550332,0.0,12
ENSG00000141524_1,2.1757164,2.048131,12
ENSG00000177731,2.1735318,2.3684375,12
ENSG00000290924,1.9198782,1.2257485,12
ENSG00000040531,2.3236735,1.9400232,12
ENSG00000181222_1,2.626243,2.0726616,12
ENSG00000141499,1.9438236,0.0,12
ENSG00000184640_9,1.5015066,0.76029426,12
ENSG00000183354,1.7445881,2.0211189,12
ENSG00000228317,1.8793387,2.286115,12
ENSG00000233101,0.31741017,0.0,12
ENSG00000121075,1.012267,0.97468203,12
ENSG00000188938,2.3453267,2.2006974,12
ENSG00000135002_1,2.3778894,2.5098515,12
ENSG00000188523,1.4327705,1.3246117,12
ENSG00000198467_3,1.58592,1.8736984,12
ENSG00000169696_1,0.4777389,0.9060655,12
ENSG00000187595,0.38698375,0.0,12
ENSG00000165275,1.8590883,1.6969126,12
ENSG00000108829,2.1843445,3.096044,12
ENSG00000119321,0.13754116,0.7399677,12
ENSG00000107159,0.55213565,1.4348499,12
ENSG00000136813_1,1.9632043,2.8847048,12
ENSG00000167858,0.5890712,0.0,12
ENSG00000175662,1.9270352,2.0171752,12
ENSG00000147862,0.15245306,0.0,12
ENSG00000160408,0.6891991,0.6964263,12
ENSG00000073598,0.23127405,0.0,12
ENSG00000092931_2,0.27322552,0.0,12
ENSG00000171532,0.4647991,0.88430816,12
ENSG00000092929,1.930751,0.88058496,12
ENSG00000220205,2.4757931,2.8212626,12
ENSG00000107077,2.9408684,2.3949068,12
ENSG00000181090,2.4362636,2.5028229,12
ENSG00000109107,1.7550662,2.7651088,12
ENSG00000091622,1.5487715,1.5949888,12
ENSG00000133193,2.3779223,3.0057294,12
ENSG00000148344,0.66247034,1.1848617,12
ENSG00000131242,1.9415864,2.1757987,12
ENSG00000275023,2.4941509,2.526184,12
ENSG00000122733,0.70027196,0.9130452,12
ENSG00000197879,2.2332218,2.2493231,12
ENSG00000179859_1,1.8778471,1.8417035,12
ENSG00000261371,0.51912534,0.65739053,12
ENSG00000265458,2.4732594,2.3349843,12
ENSG00000173253,0.9918351,2.661131,12
ENSG00000181513_1,1.7941065,1.695472,12
ENSG00000237886,0.4695701,0.85746515,12
ENSG00000197079,0.3197074,1.1904438,12
ENSG00000204889,0.15441133,0.0,12
ENSG00000179094_1,1.8328778,2.372227,12
ENSG00000286685,1.2028666,0.0,12
ENSG00000277511,1.6641625,0.0,12
ENSG00000107105_2,0.44487387,0.0,12
ENSG00000091947,1.9712882,0.0,12
ENSG00000159069,2.3586595,2.4764316,12
ENSG00000106733,2.4532526,1.8086498,12
ENSG00000165283,2.0018122,3.3147497,12
ENSG00000005102,0.77341175,2.0702152,12
ENSG00000262165,0.24334523,0.0,12
ENSG00000005381,1.0787009,1.1913671,12
ENSG00000108576,1.6357774,1.0164065,12
ENSG00000128487_2,2.5072954,2.5577478,12
ENSG00000188825_1,1.2883247,1.18489,12
ENSG00000267121,2.063451,2.6511714,12
ENSG00000264985,0.15715402,0.0,12
ENSG00000165264,2.0946367,3.0083191,12
ENSG00000178445_2,2.3087854,2.8856106,12
ENSG00000204316_1,1.942216,2.9683287,12
ENSG00000153944_2,0.5383997,0.0,12
ENSG00000087152,2.4168277,2.2913244,12
ENSG00000230148_1,0.37025857,0.9716469,12
ENSG00000230647,0.10667494,0.0,12
ENSG00000164972_1,0.30594397,0.0,12
ENSG00000037042,1.87827,1.6253844,12
ENSG00000185561,1.2239442,1.228272,12
ENSG00000108510,2.1659145,1.4704692,12
ENSG00000181222_2,0.32030058,1.321184,12
ENSG00000005238_1,0.27610493,0.0,12
ENSG00000198876,2.4999425,2.832943,12
ENSG00000267532_1,0.41998777,0.0,12
ENSG00000147862_1,0.085010216,0.0,12
ENSG00000125686,2.022402,2.5995982,12
ENSG00000011143,1.8620218,2.355756,12
ENSG00000159842_1,1.9102484,1.9689777,12
ENSG00000108854,2.0857546,1.8793367,12
ENSG00000108561,2.5329425,3.7122195,12
ENSG00000108671,2.4029634,3.0438259,12
ENSG00000087095,2.4882348,2.0770879,12
ENSG00000169696,2.3590548,2.193709,12
ENSG00000141161,0.2921485,0.0,12
ENSG00000212901,0.21145776,1.1031741,12
ENSG00000232104,3.0497,2.0902581,12
ENSG00000214978,0.53885007,1.1197177,12
ENSG00000159202,2.6934917,2.7020686,12
ENSG00000196116,2.2056758,2.2239914,12
ENSG00000179673,1.2520536,1.3372995,12
ENSG00000136830,1.6276426,1.2752422,12
ENSG00000148090,1.6661946,2.1446147,12
ENSG00000081386,1.6707762,2.1722293,12
ENSG00000155158,1.3321352,1.9815468,12
ENSG00000177885_1,2.4471078,3.3567522,12
ENSG00000148337_1,2.038537,2.9088066,12
ENSG00000035862_2,1.5063683,1.733117,12
ENSG00000119139_2,2.30711,2.5263896,12
ENSG00000169992_1,0.22020704,0.7374312,12
ENSG00000184502,0.23402151,0.0,12
ENSG00000124422_1,2.35661,2.2790895,12
ENSG00000213927,0.30335116,0.9716469,12
ENSG00000108309,0.9561624,0.936775,12
ENSG00000141232,2.4998577,2.2690692,12
ENSG00000263293_1,2.1940057,0.0,12
ENSG00000172159,0.1139573,0.0,12
ENSG00000161405,0.9819381,2.5421405,12
ENSG00000141522_1,2.312893,3.3234892,12
ENSG00000204148,0.10794008,0.0,12
ENSG00000254876,0.809359,2.1206496,12
ENSG00000141564,1.4206277,2.5905833,12
ENSG00000175866,1.628865,1.4395221,12
ENSG00000272636,1.4496464,1.4016246,12
ENSG00000189375,0.26839826,0.66981876,12
ENSG00000236024,0.2351897,0.0,12
ENSG00000182938,1.0087601,1.1240149,12
ENSG00000263400,1.2204524,1.3080946,12
ENSG00000080503,2.5822394,3.25685,12
ENSG00000108702,0.22536224,1.5669663,12
ENSG00000167723,0.39561462,0.0,12
ENSG00000108840,2.467141,2.416712,12
ENSG00000109065,2.1155746,2.1205804,12
ENSG00000166484_1,2.3821638,1.7005999,12
ENSG00000147896,0.175937,0.0,12
ENSG00000281649,2.6578968,2.843002,12
ENSG00000263718,0.54165447,0.72149736,12
ENSG00000181885_1,0.33290052,1.0801103,12
ENSG00000141738_1,0.70160675,0.0,12
ENSG00000126858,2.3432386,2.4216976,12
ENSG00000171097_1,2.398825,2.009162,12
ENSG00000147854,2.7155213,2.651741,12
ENSG00000175866_2,0.15575777,0.0,12
ENSG00000154229,1.66742,2.4392378,12
ENSG00000161395,1.900376,1.9785137,12
ENSG00000092931,2.6271334,2.2716324,12
ENSG00000185681,1.6238059,0.0,12
ENSG00000160404,2.2045083,2.203824,12
ENSG00000198443,0.46961078,1.4034122,12
ENSG00000171843,0.1888979,0.0,12
ENSG00000160539_1,1.0671059,1.0067227,12
ENSG00000187922,0.6524204,0.0,12
ENSG00000167840,2.2029736,2.024383,12
ENSG00000226364,0.119001344,0.0,12
ENSG00000107186,0.1069988,0.0,12
ENSG00000169155,2.3679898,2.3546212,12
ENSG00000130635,1.4391763,1.4842429,12
ENSG00000132591,1.1863226,2.888828,12
ENSG00000278053,1.5582727,2.9384818,12
ENSG00000188386,0.579513,0.0,12
ENSG00000067191_1,0.6069482,0.0,12
ENSG00000280496,0.61684203,0.66058093,12
ENSG00000128422_1,0.9345808,0.50046974,12
ENSG00000108469,0.785286,0.0,12
ENSG00000119314_1,2.611322,3.0888445,12
ENSG00000177885,1.4992098,1.7939858,12
ENSG00000186193,2.0660713,2.2810743,12
ENSG00000187922_1,0.7449752,1.6065286,12
ENSG00000132386_2,0.54331523,0.6906213,12
ENSG00000132470,1.5902315,1.7648633,12
ENSG00000248714,2.0826085,1.3879128,12
ENSG00000185294,0.40848267,0.0,12
ENSG00000056558,0.34949398,0.815976,12
ENSG00000011258,1.9570287,1.7644078,12
ENSG00000137074,2.405856,2.611259,12
ENSG00000196388,2.0848649,1.2835047,12
ENSG00000108375,0.82502216,1.9395243,12
ENSG00000182473,0.31139782,1.3801931,12
ENSG00000136950_1,2.7757156,2.9535992,12
ENSG00000277161_1,2.2051616,1.805086,12
ENSG00000122756_1,1.1219283,1.1867304,12
ENSG00000136448,2.5603905,3.6734595,12
ENSG00000089685,1.7515663,2.9766476,12
ENSG00000164967,1.8903235,0.0,12
ENSG00000107295,1.4813751,1.4280375,12
ENSG00000274755,0.103397116,0.0,12
ENSG00000278540,2.260958,2.5910947,12
ENSG00000178607,2.6016011,2.3021967,12
ENSG00000278910_1,0.043136854,0.6414741,12
ENSG00000284977,0.14331412,0.9368152,12
ENSG00000290366,1.1579199,1.3226534,12
ENSG00000171298,2.0474067,1.6509968,12
ENSG00000153822,0.14198975,0.0,12
ENSG00000176390,2.3185487,2.4094293,12
ENSG00000136872_1,0.24978407,0.0,12
ENSG00000136444,1.9073795,0.0,12
ENSG00000136938_1,0.23740177,0.0,12
ENSG00000293460,1.732092,2.4703062,12
ENSG00000154240_2,1.6450212,1.6733896,12
ENSG00000174326,0.65188265,1.7115281,12
ENSG00000106689,1.6992545,2.290313,12
ENSG00000132510_1,0.31348234,0.0,12
ENSG00000262481,1.8903888,2.7377794,12
ENSG00000177303,0.3925686,0.67584246,12
ENSG00000167851,1.7093526,2.8951461,12
ENSG00000107014,0.4922052,0.0,12
ENSG00000169683,1.991552,1.8362608,12
ENSG00000196712,1.8576632,2.5404735,12
ENSG00000196739_1,0.3705731,0.93843466,12
ENSG00000072134,1.7280116,0.0,12
ENSG00000204815,1.7257501,1.0163856,12
ENSG00000179094_2,2.2391207,2.099539,12
ENSG00000006740_1,0.11540769,0.0,12
ENSG00000171401,0.42545953,0.8309157,12
ENSG00000167280,2.1705828,2.3004541,12
ENSG00000161542_2,1.9941497,2.5742397,12
ENSG00000108788,2.2968419,2.720151,12
ENSG00000290919,0.3757645,1.3633751,12
ENSG00000165059,1.3372319,0.0,12
ENSG00000004139,1.7351471,0.0,12
ENSG00000181409_1,1.4446498,1.3457462,12
ENSG00000132361,2.2972884,3.0646527,12
ENSG00000215237,0.95717597,1.8925309,12
ENSG00000148341,2.162913,2.122029,12
ENSG00000235641_1,0.30764303,1.0455576,12
ENSG00000182446_1,0.35488924,0.0,12
ENSG00000225190,0.22279061,0.0,12
ENSG00000141756_1,0.6934421,1.0205022,12
ENSG00000119421,1.7471901,2.7845516,12
ENSG00000182963_1,0.2024304,1.2197678,12
ENSG00000007237_1,0.42295206,1.0052663,12
ENSG00000167543_3,2.1692998,1.6529132,12
ENSG00000221829_1,2.3653498,2.099439,12
ENSG00000108479,1.7380179,2.166513,12
ENSG00000127804,2.201886,2.6935334,12
ENSG00000173991,0.3914173,1.0122887,12
ENSG00000131469,2.5650594,3.6705632,12
ENSG00000188647,0.013011154,1.0929346,12
ENSG00000169718_1,1.9628055,2.6080241,12
ENSG00000166482,0.67027235,0.85545856,12
ENSG00000188379,0.4914181,1.0325664,12
ENSG00000187764,0.42950666,0.8309734,12
ENSG00000231806_1,0.26382947,0.0,12
ENSG00000135052,1.6891088,1.519316,12
ENSG00000136856,2.238784,1.7612059,12
ENSG00000196597,1.8520747,2.1051252,12
ENSG00000181513,1.8493088,1.159988,12
ENSG00000264044,0.2824273,0.0,12
ENSG00000108515,0.76235163,1.064443,12
ENSG00000109118,2.614098,1.7297397,12
ENSG00000136463,2.0787466,2.4495678,12
ENSG00000239705,2.6249328,1.6224524,12
ENSG00000120068,1.1360878,1.5829833,12
ENSG00000109099_1,0.9262359,0.0,12
ENSG00000167720,2.4444299,1.9990044,12
ENSG00000136450,1.5942001,0.0,12
ENSG00000171396,0.35236537,1.4964037,12
ENSG00000178307,2.4434443,2.715614,12
ENSG00000278023,1.0802927,0.0,12
ENSG00000232283,0.18215802,0.0,12
ENSG00000109083,2.0536463,2.5727112,12
ENSG00000108306,2.3108642,1.6790552,12
ENSG00000135046,0.16089915,0.0,12
ENSG00000182224,2.431379,1.9653429,12
ENSG00000197191,0.46784157,0.0,12
ENSG00000138835_1,0.39591223,0.0,12
ENSG00000154258,0.13908882,0.0,12
ENSG00000179409_1,1.6422485,1.3351569,12
ENSG00000182154,2.110224,2.7608256,12
ENSG00000119139_4,0.051908124,0.8515091,12
ENSG00000175854,1.1779224,1.0378128,12
ENSG00000182742,1.6587533,1.9951524,12
ENSG00000040633_1,1.8948934,2.010003,12
ENSG00000108389_1,2.522055,2.1053433,12
ENSG00000179029,2.2265122,2.0393388,12
ENSG00000128487_1,0.348643,0.0,12
ENSG00000129204,1.2809974,1.3924859,12
ENSG00000224738_1,2.2661006,1.5201297,12
ENSG00000198917,2.1584246,0.0,12
ENSG00000107099_1,1.8304374,1.1428741,12
ENSG00000167699,2.1853335,3.0246415,12
ENSG00000131095_1,0.5538695,1.4384791,12
ENSG00000119328,1.8002757,1.9144225,12
ENSG00000277791,2.5921965,3.2962549,12
ENSG00000182446,1.0121348,0.0,12
ENSG00000108298,2.6921294,3.7774696,12
ENSG00000108669_1,1.2906052,0.0,12
ENSG00000165280,2.8938382,3.3423753,12
ENSG00000136895_3,0.20622699,0.0,12
ENSG00000172889_2,1.6712068,1.608205,12
ENSG00000108799,1.9203527,2.2253609,12
ENSG00000096968_1,2.6928012,2.1593688,12
ENSG00000108771,2.2397301,2.5328944,12
ENSG00000148175,1.9916929,1.4284426,12
ENSG00000186075,2.5670388,0.88799965,12
ENSG00000170291,2.4719007,2.8074675,12
ENSG00000198496,2.1162732,0.0,12
ENSG00000196544,2.230374,0.0,12
ENSG00000005961,0.43796617,0.75278574,12
ENSG00000161654,0.19474886,1.48051,12
ENSG00000167914,0.2978036,0.8786941,12
ENSG00000059769,2.4993007,2.17843,12
ENSG00000108511,0.29714778,0.83298767,12
ENSG00000175866_1,0.63674486,0.6349204,12
ENSG00000175826_1,2.6192198,3.4672232,12
ENSG00000108839,1.3650435,1.5954411,12
ENSG00000136492,1.9462147,2.2755947,12
ENSG00000141068_2,0.35239637,0.9716469,12
ENSG00000259349,2.0548747,0.0,12
ENSG00000141568_1,0.37009746,0.0,12
ENSG00000260369,2.5547101,1.962535,12
ENSG00000073670,1.5787989,1.5784215,12
ENSG00000138835_3,0.52998275,1.214579,12
ENSG00000262879,1.1192971,2.1275,12
ENSG00000108848,2.5216572,3.343046,12
ENSG00000185963,2.3620074,2.0392952,12
ENSG00000167840_1,1.4926381,1.0544598,12
ENSG00000188959,0.3014557,0.0,12
ENSG00000106692,1.9848539,2.140027,12
ENSG00000171169,2.4064536,0.0,12
ENSG00000108349,2.5862458,2.707681,12
ENSG00000108468_1,2.4284053,3.1489203,12
ENSG00000166582,2.1494572,2.574899,12
ENSG00000141524,2.0475733,2.5391364,12
ENSG00000213373,0.23748484,0.0,12
ENSG00000121057_1,1.8477018,0.0,12
ENSG00000169925_1,2.219754,2.344058,12
ENSG00000222293,0.21094114,0.0,12
ENSG00000161405_1,2.3866909,3.0980654,12
ENSG00000119383_2,2.001866,1.6456089,12
ENSG00000108825,0.9180663,0.0,12
ENSG00000147872,2.216993,2.6815624,12
ENSG00000108669_2,1.4521495,1.7183688,12
ENSG00000187796,0.8169089,1.8883076,12
ENSG00000188825,2.1449091,0.0,12
ENSG00000166263,2.1453688,2.1585042,12
ENSG00000265313,0.10673383,0.0,12
ENSG00000167695_1,2.1021597,1.650958,12
ENSG00000130957,0.51467735,0.49596038,12
ENSG00000165282,2.2896678,2.1510327,12
ENSG00000227355,1.6538101,0.0,12
ENSG00000266714,0.7625183,1.2240407,12
ENSG00000081377,1.3750907,1.7422851,12
ENSG00000173077,0.22174308,0.0,12
ENSG00000167118,1.9405941,3.0180385,12
ENSG00000120217,2.356549,2.9500375,12
ENSG00000233016,2.2527592,2.593792,12
ENSG00000184640_3,1.1525966,0.0,12
ENSG00000108582,2.193461,2.419442,12
ENSG00000160606,2.2549744,1.6966621,12
ENSG00000120211,0.26515338,0.0,12
ENSG00000126561_1,0.37840003,1.0443045,12
ENSG00000236849,0.11382586,0.0,12
ENSG00000120242,0.19005015,0.0,12
ENSG00000260785,0.106129006,0.0,12
ENSG00000189050,1.9731616,1.8294183,12
ENSG00000082641_1,2.1058173,2.6558037,12
ENSG00000094796,0.4133433,0.8898617,12
ENSG00000267221,1.4258202,0.0,12
ENSG00000186074,0.27114484,0.0,12
ENSG00000204237,2.6517055,2.091927,12
ENSG00000011028,1.2231847,1.326008,12
ENSG00000120156,0.25638726,1.2383171,12
ENSG00000141295,0.45720032,0.0,12
ENSG00000167900,1.981384,2.6056314,12
ENSG00000271086_1,2.4047585,1.7822576,12
ENSG00000276085,1.3097367,3.2149339,12
ENSG00000147889_2,2.0939722,1.5188823,12
ENSG00000092871_2,2.6465614,2.3041673,12
ENSG00000106772,0.4099453,0.0,12
ENSG00000121057,2.6187224,2.625549,12
ENSG00000181031_1,0.32608014,0.85546464,12
ENSG00000186407,0.12529545,0.0,12
ENSG00000161692,1.7653317,2.301438,12
ENSG00000141698,1.1262996,2.2463164,12
ENSG00000262049,2.439335,2.0243626,12
ENSG00000167100,1.418563,0.0,12
ENSG00000196642,2.3528984,2.7652512,12
ENSG00000160602,1.9631422,1.7031194,12
ENSG00000159217,1.2669089,2.5938475,12
ENSG00000266446,2.029406,1.2356547,12
ENSG00000175287,0.32480118,0.0,12
ENSG00000188895,1.8786451,2.3841813,12
ENSG00000095321,2.2321916,1.6050678,12
ENSG00000204952,0.51013356,0.0,12
ENSG00000136487_1,0.2885425,0.0,12
ENSG00000181778,0.28002572,0.0,12
ENSG00000238007,0.17098331,0.0,12
ENSG00000141556,2.1567042,2.454479,12
ENSG00000167291_1,1.5096762,1.5088124,12
ENSG00000186350,1.750796,1.6145598,12
ENSG00000108556_1,0.50204706,0.0,12
ENSG00000290567,0.28464475,0.0,12
ENSG00000148331,2.2738092,1.9700538,12
ENSG00000131771_1,0.33451036,0.0,12
ENSG00000171962,0.80547017,0.0,12
ENSG00000161544,1.5894467,2.041669,12
ENSG00000136487,0.31979135,0.0,12
ENSG00000167711,0.3985085,0.0,12
ENSG00000136891,2.3353617,2.8245482,12
ENSG00000188352_1,0.2496472,0.0,12
ENSG00000131473,2.2718039,2.4808488,12
ENSG00000138835_2,0.29112178,0.0,12
ENSG00000186860,1.1994579,1.6397852,12
ENSG00000167100_1,1.5722162,1.8053173,12
ENSG00000163597,2.0885515,3.4870138,12
ENSG00000204054_1,0.28959662,0.65739053,12
ENSG00000267080,2.4583476,2.2369905,12
ENSG00000198265,1.7661408,2.7139306,12
ENSG00000182896,0.46755382,0.6637386,12
ENSG00000153944,1.6734122,1.8210547,12
ENSG00000167363,1.4739327,1.8431082,12
ENSG00000005381_1,0.2905795,0.784389,12
ENSG00000186350_1,0.6063746,1.373721,12
ENSG00000137078,1.4916569,2.6068542,12
ENSG00000170703_1,1.0760146,1.1540037,12
ENSG00000004660,0.6086446,0.0,12
ENSG00000173258,1.2924335,1.9332554,12
ENSG00000260019,0.12394264,0.0,12
ENSG00000233223_2,2.3880577,2.806058,12
ENSG00000249406,1.0638645,1.8520467,12
ENSG00000142484,0.34691584,0.6005046,12
ENSG00000131097,0.22847885,0.0,12
ENSG00000108773,1.6848863,1.4061824,12
ENSG00000196092_2,2.4598062,2.2724915,12
ENSG00000148337_2,0.58516234,1.0456046,12
ENSG00000029725,2.2962363,3.0451117,12
ENSG00000125691,2.4122112,3.966287,12
ENSG00000214929,0.112878725,0.0,12
ENSG00000108387_4,0.12443231,0.0,12
ENSG00000261371_1,0.47457877,1.5328435,12
ENSG00000184640_1,0.44838092,0.0,12
ENSG00000091583,0.0753237,0.0,12
ENSG00000236404,1.6011797,1.4401058,12
ENSG00000222465,0.23363338,0.0,12
ENSG00000182271,0.070372745,0.0,12
ENSG00000287333,0.24134617,0.68774295,12
ENSG00000087111,0.27900398,0.0,12
ENSG00000095383,2.017234,1.001041,12
ENSG00000107018,0.5933224,1.1239692,12
ENSG00000127774,2.3355763,2.800454,12
ENSG00000148248,2.4397433,2.7425547,12
ENSG00000131746,0.2853545,0.0,12
ENSG00000173786,2.4259202,2.1954458,12
ENSG00000188483,1.5519894,2.179724,12
ENSG00000214941,2.2433574,0.0,12
ENSG00000196422,1.644344,2.0049658,12
ENSG00000204054,0.95245993,0.0,12
ENSG00000073350,1.6766702,1.6608237,12
ENSG00000278311,1.9603049,2.66272,12
ENSG00000204873,0.5264785,1.2924798,12
ENSG00000213859,2.2562973,1.9773211,12
ENSG00000235361,1.9234953,0.9182925,12
ENSG00000141349,2.2726038,2.5872507,12
ENSG00000183034,0.74885774,0.0,12
ENSG00000106804,0.14793451,0.0,12
ENSG00000177370,2.365714,2.5946434,12
ENSG00000182575,1.6870143,1.4557886,12
ENSG00000126883,2.4347165,2.7426183,12
ENSG00000120215,0.2551379,0.47735283,12
ENSG00000277268,1.2651533,1.1658584,12
ENSG00000171403,0.9805058,0.89535624,12
ENSG00000119318,2.655545,3.7422183,12
ENSG00000126878,1.534027,1.2821461,12
ENSG00000141376_2,0.092172265,1.0136334,12
ENSG00000167419_1,0.27147678,0.5933082,12
ENSG00000176108,2.0823843,2.13007,12
ENSG00000136895_1,1.902692,1.2316123,12
ENSG00000130558,1.3869809,1.4572762,12
ENSG00000108424_1,2.2465818,1.6739328,12
ENSG00000073861,1.7361741,2.55398,12
ENSG00000159111,1.8607378,2.7895067,12
ENSG00000167258,2.202721,2.6951637,12
ENSG00000260230,1.4246197,1.5370001,12
ENSG00000126562,1.4184266,1.3143518,12
ENSG00000167106,0.48117274,0.0,12
ENSG00000067596,2.1057026,2.7070606,12
ENSG00000125482,1.2739857,0.0,12
ENSG00000188612,2.5366132,1.7098972,12
ENSG00000286190,1.5021507,0.0,12
ENSG00000108924,1.355262,1.258302,12
ENSG00000130958,1.5649302,1.4518555,12
ENSG00000234323_2,0.14514622,0.0,12
ENSG00000169925,0.6071733,0.0,12
ENSG00000204054_3,1.2718512,0.6414543,12
ENSG00000131771,0.8114064,1.5791317,12
ENSG00000095380,2.50177,2.1380563,12
ENSG00000121068,1.1361977,1.3713449,12
ENSG00000156345,1.0655392,0.0,12
ENSG00000277108,2.3406007,1.7544783,12
ENSG00000291110_1,0.25036386,0.0,12
ENSG00000133028,2.3270369,2.7398088,12
ENSG00000154914,1.4276788,1.5106388,12
ENSG00000135070,2.4277837,2.568848,12
ENSG00000108439_1,0.4741017,1.0883133,12
ENSG00000141562_1,2.484309,2.5050619,12
ENSG00000161929,2.751252,3.4002461,12
ENSG00000198963,0.8481837,0.93013364,12
ENSG00000198844,0.27020907,0.0,12
ENSG00000141034,2.428112,1.9912261,12
ENSG00000165702,0.3985837,0.0,12
ENSG00000095203,1.2505476,1.845718,12
ENSG00000175155,1.9052461,1.596124,12
ENSG00000164978,2.580497,2.4358094,12
ENSG00000197724_1,1.9092187,1.8746557,12
ENSG00000187616,0.34084147,0.0,12
ENSG00000070601,1.5959275,1.2221961,12
ENSG00000185504,2.316407,2.1175961,12
ENSG00000275066,2.417629,2.55734,12
ENSG00000279069,2.3311036,1.7609123,12
ENSG00000165802,2.0784714,2.4927282,12
ENSG00000107036,2.898753,2.7122252,12
ENSG00000141505,0.29025212,0.0,12
ENSG00000125458,2.4811506,2.2862632,12
ENSG00000267206,0.37433207,0.0,12
ENSG00000182446_2,2.175203,2.7927678,12
ENSG00000087191,2.629336,3.0238736,12
ENSG00000107331,0.93629307,0.0,12
ENSG00000204136,1.4401869,1.5403545,12
ENSG00000121104,2.1178007,2.1040874,12
ENSG00000141526_1,1.8221228,1.7142962,12
ENSG00000148187,2.3225262,0.0,12
ENSG00000207277,2.0738854,1.4155409,12
ENSG00000125492,1.1070489,1.449216,12
ENSG00000154330,1.1138712,1.2730476,12
ENSG00000279668,0.14470509,0.0,12
ENSG00000006062,2.7817323,2.5487688,12
ENSG00000141480,2.3288014,2.9453657,12
ENSG00000283526,1.2747978,1.2996162,12
ENSG00000106772_2,1.4442319,0.0,12
ENSG00000173918,1.0330915,1.5444525,12
ENSG00000188612_1,2.7275367,3.8358445,12
ENSG00000132376,2.3744547,1.8283763,12
ENSG00000141378,2.5428603,2.7338655,12
ENSG00000136816,2.2735188,2.0734985,12
ENSG00000109101,0.74278206,1.4617326,12
ENSG00000167105,0.59454757,1.4523845,12
ENSG00000185920,1.8958364,2.0204442,12
ENSG00000121073_2,0.3787703,0.74261516,12
ENSG00000173068_1,0.21209565,2.3179588,12
ENSG00000237339,0.32427767,0.0,12
ENSG00000165113,2.0276215,1.7646618,12
ENSG00000187024,1.3850377,1.6715255,12
ENSG00000054179,1.5447682,1.4903238,12
ENSG00000006740,1.6635797,1.6717743,12
ENSG00000126351,1.5533302,0.0,12
ENSG00000076382,2.122403,2.8588643,12
ENSG00000131477_1,1.5111499,1.38616,12
ENSG00000180901_1,2.4551575,2.177112,12
ENSG00000136450_1,2.6969764,3.5255086,12
ENSG00000063015,0.44657147,0.9497948,12
ENSG00000108953,2.6291485,3.7648485,12
ENSG00000119397_1,1.6277099,2.1678045,12
ENSG00000160563,1.5235802,2.1571,12
ENSG00000205108,0.068720564,0.0,12
ENSG00000274512,0.5795357,0.0,12
ENSG00000179859,2.2327616,1.8327643,12
ENSG00000172889,0.77015114,0.0,12
ENSG00000109062,2.1383355,2.5724418,12
ENSG00000141200,0.41492826,0.8224296,12
ENSG00000126883_2,0.23372269,0.84534615,12
ENSG00000005882,2.144872,0.0,12
ENSG00000108387_1,0.2880416,0.0,12
ENSG00000141748,0.2701925,0.0,12
ENSG00000182853,0.39239156,0.0,12
ENSG00000108798,1.995726,3.2763515,12
ENSG00000137073_1,2.8708827,2.9054344,12
ENSG00000131759_2,0.95700455,1.1922886,12
ENSG00000182628,0.19409797,0.0,12
ENSG00000267207,0.95075023,0.0,12
ENSG00000277632,2.2937412,3.968902,12
ENSG00000184640_2,1.3629298,2.5223465,12
ENSG00000119408_2,1.2055781,0.0,12
ENSG00000120068_1,0.3801653,0.0,12
ENSG00000172123_1,1.2434518,1.5386817,12
ENSG00000132507_3,1.9856939,1.9675947,12
ENSG00000197291,1.5164844,1.1283411,12
ENSG00000185332,0.58665,0.60405314,12
ENSG00000147874_1,2.2193086,2.5467868,12
ENSG00000005100,2.1756203,2.6180596,12
ENSG00000130717,2.0351977,1.6858402,12
ENSG00000185624,0.2728864,1.4380294,12
ENSG00000095209,1.7332966,2.4840221,12
ENSG00000214654,2.4139116,1.8754085,12
ENSG00000197969,2.3632047,2.8180676,12
ENSG00000160606_1,2.2935936,0.0,12
ENSG00000108823,0.41400513,0.68477356,12
ENSG00000176170_2,1.0641323,1.188591,12
ENSG00000106992_1,0.9028603,0.0,12
ENSG00000108439,1.9880447,2.6894393,12
ENSG00000147912,2.1374002,1.2652897,12
ENSG00000234506,0.8572846,0.0,12
ENSG00000033627,1.8494846,2.6296818,12
ENSG00000108509_1,0.44394678,1.4462264,12
ENSG00000129657_1,0.40775943,0.0,12
ENSG00000179477,0.92584175,1.140841,12
ENSG00000269929,2.7772334,2.1442192,12
ENSG00000135047_1,0.0677008,0.0,12
ENSG00000007171,0.2478969,0.0,12
ENSG00000138835_6,1.2523758,1.2639437,12
ENSG00000147889,1.2063822,1.4088994,12
ENSG00000167549,1.6828558,1.3993795,12
ENSG00000123453,0.49594006,0.7603245,12
ENSG00000065325,0.3183703,1.0325704,12
ENSG00000137075_2,2.15894,2.115677,12
ENSG00000074370,2.18865,2.45992,12
ENSG00000199426,0.31668112,0.8652462,12
ENSG00000147853,2.4141753,2.9989808,12
ENSG00000261924,0.43741953,0.0,12
ENSG00000141696,1.6551049,2.1542108,12
ENSG00000177469,1.0958577,1.5799893,12
ENSG00000096968,2.6474228,2.3441172,12
ENSG00000240871,0.9231268,1.4177871,12
ENSG00000213213,0.29523876,0.0,12
ENSG00000108946_3,0.14597732,0.0,12
ENSG00000188176,1.526985,1.9732202,12
ENSG00000131482,0.14900957,0.0,12
ENSG00000106853,0.07404505,0.0,12
ENSG00000158169_2,1.5513057,0.0,12
ENSG00000181610,2.2395675,0.0,12
ENSG00000087152_1,2.5892105,2.3406227,12
ENSG00000141570,2.1920078,1.9907871,12
ENSG00000141576_1,1.8759477,1.6403621,12
ENSG00000232859,2.0824757,1.8238978,12
ENSG00000184434,0.14881606,0.0,12
ENSG00000233223_1,2.7847946,1.7917047,12
ENSG00000185156,1.4481133,1.0656544,12
ENSG00000230303,0.03669327,0.0,12
ENSG00000141527,0.32203522,0.5897039,12
ENSG00000175906,1.4640571,0.0,12
ENSG00000136866,1.2188072,0.0,12
ENSG00000109089,1.1927406,1.5052178,12
ENSG00000106701,2.260121,1.8295867,12
ENSG00000007168_1,2.410691,2.2050283,12
ENSG00000136895_2,2.048666,0.0,12
ENSG00000167881_1,2.4555175,3.1611283,12
ENSG00000188554,2.2163494,1.9333,12
ENSG00000012048_3,2.0509107,1.7702185,12
ENSG00000197579,2.1286151,2.4111314,12
ENSG00000070444,2.500034,2.3233964,12
ENSG00000213246_1,0.90721524,1.2306533,12
ENSG00000235530,2.4609363,1.913708,12
ENSG00000187210,1.7026201,1.3074105,12
ENSG00000107262,2.5708206,2.7407022,12
ENSG00000188747,1.8460861,1.3807899,12
ENSG00000055483_1,1.8342686,1.7014644,12
ENSG00000199744,0.3509466,1.400469,12
ENSG00000291022,0.31383887,0.0,12
ENSG00000065320,1.6479996,1.9931275,12
ENSG00000167114,2.2281377,2.1817923,12
ENSG00000204278,0.72446215,0.0,12
ENSG00000235641,0.14633766,0.6381197,12
ENSG00000280177,0.8806389,1.0204856,12
ENSG00000131096,0.36025795,0.0,12
ENSG00000178852_1,2.5111663,0.0,12
ENSG00000159899,1.3955086,1.3731512,12
ENSG00000148411,1.982813,2.2878308,12
ENSG00000293440,2.2983794,1.6493835,12
ENSG00000108654,0.38143384,1.0871422,12
ENSG00000187595_1,0.7357199,1.0894706,12
ENSG00000221676,1.6877639,0.0,12
ENSG00000141337_1,2.6041274,1.963599,12
ENSG00000219200,1.5167855,3.5211382,12
ENSG00000106771,1.9022042,2.271772,12
ENSG00000148110,2.4465027,2.5803776,12
ENSG00000225937,0.120799854,0.74772245,12
ENSG00000165181_1,0.10391584,0.0,12
ENSG00000121067,2.2825968,2.7660134,12
ENSG00000170004,1.8664237,2.5701692,12
ENSG00000108344,2.5503771,3.150695,12
ENSG00000260454,0.07862423,0.0,12
ENSG00000172057,0.9895997,0.9880682,12
ENSG00000278834,2.3878207,2.127623,12
ENSG00000002834_1,2.3871472,3.3016355,12
ENSG00000177294,1.2218423,1.2512074,12
ENSG00000281769,1.100352,1.0631682,12
ENSG00000277972,2.2723181,1.7232914,12
ENSG00000183010_1,1.9465388,2.405044,12
ENSG00000173818_1,2.0241592,1.3136774,12
ENSG00000108786,0.7946398,0.6215398,12
ENSG00000198863,2.2629085,2.5413046,12
ENSG00000080608,2.1646817,0.0,12
ENSG00000141699,2.6717193,2.5638323,12
ENSG00000212719,0.9703433,0.9895032,12
ENSG00000161958,1.1324152,2.1181457,12
ENSG00000160271_2,1.2884886,1.379097,12
ENSG00000187531,2.0113304,2.2742386,12
ENSG00000072849,2.217419,0.0,12
ENSG00000167081_1,2.1182697,1.7178785,12
ENSG00000236130,0.792359,0.50494635,12
ENSG00000006042,1.5848726,1.3976793,12
ENSG00000183979,1.3927723,1.3519509,12
ENSG00000179604,2.0854304,2.072588,12
ENSG00000183153,0.32542193,0.0,12
ENSG00000136929,0.22295079,0.0,12
ENSG00000178919,1.0890551,1.0245677,12
ENSG00000260220,0.43553153,0.80046964,12
ENSG00000131759,0.7622906,0.0,12
ENSG00000270547,0.10527532,0.0,12
ENSG00000278505,0.1917173,0.90427184,12
ENSG00000224877,2.4093864,3.087998,12
ENSG00000108622,0.27467895,0.0,12
ENSG00000005381_2,0.3198399,0.0,12
ENSG00000012048_1,2.0275488,2.6250737,12
ENSG00000242616,1.8418237,2.4625223,12
ENSG00000169727_1,2.0098197,2.806119,12
ENSG00000148225,1.3189223,0.0,12
ENSG00000178031,0.34783852,0.0,12
ENSG00000184640_4,2.061268,2.3201609,12
ENSG00000277200,1.5293328,1.4145389,12
ENSG00000259207,2.0669403,1.9738618,12
ENSG00000132581_1,2.6386828,2.5435092,12
ENSG00000148335_1,2.0748022,2.5637076,12
ENSG00000161513,0.30631423,0.0,12
ENSG00000137075,1.4614456,1.1755756,12
ENSG00000137124,2.232415,2.7542274,12
ENSG00000187764_2,2.3029118,2.7645862,12
ENSG00000136935,2.529224,2.2261796,12
ENSG00000196169,1.4874581,0.0,12
ENSG00000141258,2.2575572,2.1774962,12
ENSG00000130045,1.2192471,1.0847907,12
ENSG00000278910,0.034473803,0.0,12
ENSG00000175866_5,0.5378267,1.5140561,12
ENSG00000169727,1.6841997,2.2108533,12
ENSG00000181038,2.6039486,2.3669083,12
ENSG00000170412,0.9344195,0.0,12
ENSG00000063015_1,1.5028743,1.670895,12
ENSG00000205045,1.1547188,0.0,12
ENSG00000109113_1,0.8274267,1.4247347,12
ENSG00000005379,2.1218753,2.1854289,12
ENSG00000230601,0.3843517,0.0,12
ENSG00000187239,2.5303526,3.3720832,12
ENSG00000091542,2.218166,2.019378,12
ENSG00000293499,2.321555,1.8033205,12
ENSG00000108468,2.3784149,1.5489174,12
ENSG00000122694,1.5647278,1.6206981,12
ENSG00000196535,1.5016526,2.2720737,12
ENSG00000244649,1.6414623,2.0832088,12
ENSG00000008294,0.7249415,1.4122252,12
ENSG00000055483,2.4053047,2.5871046,12
ENSG00000267321,1.7911037,1.9958237,12
ENSG00000225472,0.42201793,0.0,12
ENSG00000186532,2.214577,0.0,12
ENSG00000008283,1.6887541,1.4866854,12
ENSG00000106829_1,2.0783305,2.9662933,12
ENSG00000108947,1.3180164,0.0,12
ENSG00000265096,0.4312037,1.0136545,12
ENSG00000087191_1,2.3908017,1.0906354,12
ENSG00000279602,2.5629656,2.332099,12
ENSG00000082641,2.8388817,2.5962188,12
ENSG00000276070_1,0.7532636,3.4797409,12
ENSG00000165209,2.400975,2.7579045,12
ENSG00000275832,1.5413495,1.3589622,12
ENSG00000070731_1,1.5177051,1.3988597,12
ENSG00000170412_1,1.3503493,1.2358061,12
ENSG00000171448,1.8202685,0.0,12
ENSG00000161970,1.617819,4.265278,12
ENSG00000006744_1,2.3972833,3.0367646,12
ENSG00000136908,1.7961636,2.517407,12
ENSG00000108370,2.136977,1.0177844,12
ENSG00000108375_1,1.3170065,2.3769417,12
ENSG00000172159_1,1.4618722,1.2013316,12
ENSG00000181323,0.55648243,0.8245814,12
ENSG00000161547,2.8147953,3.766241,12
ENSG00000006047,1.4951308,1.2273982,12
ENSG00000120159_1,2.4741676,2.7533991,12
ENSG00000261156,0.09768893,0.0,12
ENSG00000204414,0.3783879,0.6005264,12
ENSG00000119125_1,1.3330854,1.672735,12
ENSG00000290656,0.89611006,1.5788397,12
ENSG00000277887,2.5577488,1.551633,12
ENSG00000167842_1,2.6581595,2.2236516,12
ENSG00000136824_1,1.8057265,2.349664,12
ENSG00000141349_1,2.308087,2.3374333,12
ENSG00000141736_1,1.1073126,1.0378247,12
ENSG00000148120_1,0.14274351,0.0,12
ENSG00000161939,2.2493932,0.0,12
ENSG00000235448,0.08792812,0.0,12
ENSG00000167543,1.7417878,1.3993968,12
ENSG00000233901_1,0.37901464,0.0,12
ENSG00000235183,0.26788828,1.8408523,12
ENSG00000130956,1.8782887,2.0496445,12
ENSG00000167113,2.0653334,2.77432,12
ENSG00000048828_2,0.16187954,0.0,12
ENSG00000171861,2.2532709,2.5481904,12
ENSG00000267042,2.6118515,1.731629,12
ENSG00000185504_1,1.5446626,2.0044332,12
ENSG00000127083,0.12970352,0.0,12
ENSG00000160408_1,1.8219393,2.1166973,12
ENSG00000167880,0.74077636,1.0606978,12
ENSG00000237560,0.23517796,0.0,12
ENSG00000160401,0.30084917,0.0,12
ENSG00000136870,2.2617664,2.1026156,12
ENSG00000169710,2.308622,3.282441,12
ENSG00000170004_1,0.40643477,0.0,12
ENSG00000160293,2.3090086,2.317913,12
ENSG00000186395,0.37098274,1.0519625,12
ENSG00000138835_5,0.9699464,0.0,12
ENSG00000203987,0.5189554,0.0,12
ENSG00000198853,1.580477,1.5356991,12
ENSG00000168259,2.4995394,1.5509129,12
ENSG00000108852_1,0.5964551,0.940073,12
ENSG00000141298,2.4141796,2.85891,12
ENSG00000107104_1,1.6940022,1.5472577,12
ENSG00000108587,1.875393,2.7672925,12
ENSG00000198121,0.13247566,0.0,12
ENSG00000062725,2.3787382,1.392609,12
ENSG00000148297,2.3130052,2.295844,12
ENSG00000180071,1.0618602,1.0519239,12
ENSG00000167103,0.25671712,0.793555,12
ENSG00000125457_1,2.460387,2.3532043,12
ENSG00000107165,0.070570484,0.0,12
ENSG00000182557,0.76919496,0.8412969,12
ENSG00000119457,1.1619414,1.290869,12
ENSG00000277258,0.62628764,2.002555,12
ENSG00000141232_1,1.5877095,1.3198345,12
ENSG00000277688,0.4714091,0.6041504,12
ENSG00000277363_1,1.801077,1.556833,12
ENSG00000121073_1,2.6827216,2.6069186,12
ENSG00000174327,1.912521,1.9678942,12
ENSG00000197694_1,1.2744528,0.5632437,12
ENSG00000106819,0.11286712,0.0,12
ENSG00000109061,0.13630565,0.0,12
ENSG00000179477_1,0.4212782,0.0,12
ENSG00000274736,0.19959521,1.32789,12
ENSG00000131471,0.23939337,0.0,12
ENSG00000167291,0.5567297,1.0404046,12
ENSG00000197958,2.365608,4.1704173,12
ENSG00000137154,2.3834665,3.7964196,12
ENSG00000170315,2.3421636,3.5568607,12
ENSG00000175611_1,2.7570426,2.2107973,12
ENSG00000068137_1,1.8315339,2.4684167,12
ENSG00000072849_1,2.5703862,2.3985302,12
ENSG00000165060,1.9545528,2.8146138,12
ENSG00000204669,0.02754565,0.0,12
ENSG00000264672,0.23351581,0.0,12
ENSG00000007202,2.5532293,2.8678045,12
ENSG00000278259_1,2.559493,2.533308,12
ENSG00000141738,0.6172088,0.0,12
ENSG00000040633,1.4703394,0.0,12
ENSG00000204706_1,2.3526192,1.4874918,12
ENSG00000108773_1,1.5173932,2.6065211,12
ENSG00000160271,2.2743232,1.5031476,12
ENSG00000164985,0.19356759,2.148618,12
ENSG00000204278_1,1.3536942,1.5444897,12
ENSG00000125449,1.7818913,2.2280974,12
ENSG00000136840,2.4199076,2.4012265,12
ENSG00000070731_2,0.22125475,0.0,12
ENSG00000161513_1,2.395083,2.6595187,12
ENSG00000013306,2.3701396,3.1522913,12
ENSG00000168259_3,0.4491501,0.0,12
ENSG00000244045,2.3081594,0.0,12
ENSG00000175826,2.572032,2.9577558,12
ENSG00000177369,0.37059525,0.0,12
ENSG00000227036,2.4482605,1.6763552,12
ENSG00000197417,2.410923,2.1797757,12
ENSG00000205899,1.2324369,1.633842,12
ENSG00000234899,0.19876996,0.0,12
ENSG00000126883_3,0.4116029,0.0,12
ENSG00000006282,1.7186882,2.1229692,12
ENSG00000108946_1,2.6485226,3.2276502,12
ENSG00000170425,1.647695,1.1153775,12
ENSG00000222581,0.09925285,0.0,12
ENSG00000256806,2.0263832,1.28201,12
ENSG00000147955,2.1639206,2.5075119,12
ENSG00000160271_1,0.6144142,0.9576552,12
ENSG00000148399,2.0698397,1.9750594,12
ENSG00000181396,2.1616812,2.3820133,12
ENSG00000041982,0.5000355,0.0,12
ENSG00000169583_1,0.6724199,0.0,12
ENSG00000148334_2,1.9829067,1.9083134,12
ENSG00000183018,0.5404723,0.66366327,12
ENSG00000187838_1,2.1762648,2.5509129,12
ENSG00000159202_1,2.6817963,2.2027063,12
ENSG00000172809,1.9109873,4.117066,12
ENSG00000132518,0.9368909,0.0,12
ENSG00000126561,2.3779883,2.5214167,12
ENSG00000182156,0.35252813,0.0,12
ENSG00000196422_1,1.6546727,1.9173532,12
ENSG00000141068,2.21172,2.8623402,12
ENSG00000137076,2.516978,3.0259855,12
ENSG00000161649,0.30334264,0.5932971,12
ENSG00000106829_4,0.07631937,0.0,12
ENSG00000175832_2,1.4465805,2.483289,12
ENSG00000169750,1.8584253,1.7437919,12
ENSG00000107140,2.0925243,2.1874728,12
ENSG00000119383,2.2543635,0.0,12
ENSG00000125398,1.3030552,3.0768516,12
ENSG00000262879_1,2.1765296,2.2541394,12
ENSG00000186638,2.4661515,2.1518264,12
ENSG00000132530_1,0.7909778,1.31575,12
ENSG00000230148,2.234382,2.2516139,12
ENSG00000169992,1.7234296,1.4193774,12
ENSG00000141027_1,2.671149,2.8503633,12
ENSG00000185863,0.4483074,0.0,12
ENSG00000136950,2.5249064,1.7365558,12
ENSG00000164985_1,0.22793776,2.342973,12
ENSG00000141753,1.6932554,2.1876702,12
ENSG00000176974,2.0892816,2.3069866,12
ENSG00000225663,2.1900167,2.4884365,12
ENSG00000197063_1,2.156854,2.2031744,12
ENSG00000178921,2.3121138,1.4805387,12
ENSG00000293515,0.35623938,0.7160284,12
ENSG00000154025,0.35545146,0.0,12
ENSG00000073584,2.1081307,3.129158,12
ENSG00000129245,2.6214423,2.228734,12
ENSG00000107147_2,1.4966104,1.2880032,12
ENSG00000184650,0.18422148,0.0,12
ENSG00000148335,0.58769596,0.0,12
ENSG00000108924_1,0.28776684,0.0,12
ENSG00000204347,0.49810526,0.0,12
ENSG00000181523_1,1.1289818,1.206691,12
ENSG00000006125,2.0451577,2.8548512,12
ENSG00000170291_1,2.2482512,2.4878182,12
ENSG00000188352,2.4864385,2.3694181,12
ENSG00000136828,2.056832,1.8704507,12
ENSG00000130948,0.17242825,0.8330323,12
ENSG00000108878,0.9286163,0.949829,12
ENSG00000133030,2.2314622,2.6897082,12
ENSG00000165695,1.4950237,1.4671936,12
ENSG00000239704,0.1594543,0.0,12
ENSG00000185972,0.36114562,0.0,12
ENSG00000161654_1,2.3057756,3.328561,12
ENSG00000148356,2.2574303,2.4846685,12
ENSG00000070526,0.14798583,0.0,12
ENSG00000125445,2.220516,2.7857106,12
ENSG00000183011,2.7526138,2.8249273,12
ENSG00000004939,0.28768066,0.0,12
ENSG00000092931_1,2.2575142,1.0204856,12
ENSG00000167083,0.5609665,0.0,12
ENSG00000182687,1.4494013,1.5096729,12
ENSG00000132535,1.3041472,0.7820137,12
ENSG00000172716,0.8944272,0.0,12
ENSG00000184988_1,0.78450435,0.0,12
ENSG00000156345_1,1.1714061,1.5210726,12
ENSG00000204711,0.420578,0.0,12
ENSG00000185920_1,0.68351674,0.83715266,12
ENSG00000138835_4,0.7157872,0.0,12
ENSG00000141499_1,1.9421114,1.9385548,12
ENSG00000169660,1.8058527,2.437608,12
ENSG00000137075_1,2.3127365,1.8980228,12
ENSG00000187866,2.4799817,2.2184043,12
ENSG00000264364,2.381993,2.733068,12
ENSG00000171634,2.271039,2.7783322,12
ENSG00000044574,2.820732,3.7641866,12
ENSG00000272975_2,0.3582598,0.0,12
ENSG00000034152,2.30587,2.8180609,12
ENSG00000184709,1.0613753,1.969318,12
