,Pred,actual,fold_idx
ENSG00000131236,2.5613801,1.5669675,1
ENSG00000143499,2.359795,2.0640085,1
ENSG00000160803,2.3740494,2.1557245,1
ENSG00000159176,2.4528115,2.980223,1
ENSG00000159596,1.8198882,3.0242803,1
ENSG00000066557,2.4209416,2.8301926,1
ENSG00000265808,2.1243834,3.1880336,1
ENSG00000196418_1,2.1083446,2.1185193,1
ENSG00000143367,1.4273459,1.2496141,1
ENSG00000179546,1.3501998,1.264629,1
ENSG00000201801,1.6156734,2.8608391,1
ENSG00000134255,1.6550599,2.460883,1
ENSG00000198160_1,2.571458,2.5351372,1
ENSG00000132854,1.0994147,1.4685541,1
ENSG00000117632_1,1.4688368,1.8063991,1
ENSG00000116922,1.5825756,0.0,1
ENSG00000184454,0.94862205,1.3873364,1
ENSG00000121931,2.821386,2.646538,1
ENSG00000170989_1,2.0226204,0.0,1
ENSG00000180999,0.15416248,0.0,1
ENSG00000178104,1.0334171,1.0351895,1
ENSG00000137959,1.9334128,3.6577163,1
ENSG00000169504,2.7386363,3.0671601,1
ENSG00000066056,0.18795483,0.0,1
ENSG00000116183_1,0.12353073,0.0,1
ENSG00000121753,0.3937443,0.58971506,1
ENSG00000116977_1,1.0252347,0.0,1
ENSG00000143258,1.9964334,2.10598,1
ENSG00000156869_1,1.0761933,0.0,1
ENSG00000162670,0.2973167,0.0,1
ENSG00000162664,2.6200624,2.6375058,1
ENSG00000135835,1.6188257,1.5158473,1
ENSG00000133063,0.27666643,0.0,1
ENSG00000197106,1.2774619,1.3595889,1
ENSG00000052723,2.4022934,2.9333618,1
ENSG00000143147,1.5199023,1.2850394,1
ENSG00000243710,2.1972,1.0569962,1
ENSG00000116478,2.5404456,3.1298027,1
ENSG00000199377,2.0684874,4.507385,1
ENSG00000116396_1,1.2710465,1.4291626,1
ENSG00000116754_1,2.5116577,3.0253263,1
ENSG00000133067,1.1425719,1.3814942,1
ENSG00000130762_1,0.52114326,0.0,1
ENSG00000116981,1.3278908,1.465704,1
ENSG00000157191,2.414479,2.7100124,1
ENSG00000206680,0.2239374,2.178577,1
ENSG00000198492_1,2.7853692,3.1109633,1
ENSG00000162385,2.1851408,0.0,1
ENSG00000174514_2,1.4678167,2.211094,1
ENSG00000142609_1,0.5799992,0.7132225,1
ENSG00000117419_1,1.887093,0.0,1
ENSG00000133065_1,0.6778638,1.3700132,1
ENSG00000163873,1.7366482,1.6116596,1
ENSG00000143520,0.08296129,0.0,1
ENSG00000176261,1.9824804,0.0,1
ENSG00000160789,1.0669159,1.3101621,1
ENSG00000171786,0.54230565,0.0,1
ENSG00000203710,1.5375112,2.0166073,1
ENSG00000117593_1,2.3363764,2.0360897,1
ENSG00000125462_2,1.4262217,0.0,1
ENSG00000184678,2.6752393,4.452651,1
ENSG00000178821,1.6950871,1.5052856,1
ENSG00000159658,2.6363573,2.6299586,1
ENSG00000117009_1,0.8657709,0.0,1
ENSG00000238287,2.0037282,0.0,1
ENSG00000143319_1,2.6885793,3.034897,1
ENSG00000001460,1.0570558,1.4184008,1
ENSG00000117395_1,0.121233895,0.0,1
ENSG00000121904,1.3032442,1.612116,1
ENSG00000237429,1.5718477,1.3508487,1
ENSG00000162607,2.6944957,2.8188195,1
ENSG00000027869,0.92036635,2.136971,1
ENSG00000143858,0.8702963,0.0,1
ENSG00000036549,0.16303833,0.0,1
ENSG00000122223,0.7220125,1.4949279,1
ENSG00000155761,0.35583043,0.0,1
ENSG00000143418,0.6103004,0.0,1
ENSG00000231648,0.09597346,0.0,1
ENSG00000171492_1,1.3493878,1.1630002,1
ENSG00000155380_1,2.648908,3.106806,1
ENSG00000042781,0.26492652,0.63816965,1
ENSG00000084652,2.4769475,2.9105935,1
ENSG00000142794,1.497132,1.8468008,1
ENSG00000171790,0.44027275,0.7451451,1
ENSG00000162909_2,0.28689727,0.0,1
ENSG00000189171,0.29650787,0.0,1
ENSG00000274210,2.8871562,3.1989264,1
ENSG00000154380,0.097329184,0.0,1
ENSG00000132128_1,2.1884444,2.525063,1
ENSG00000132185,1.5826172,2.8650613,1
ENSG00000267272,1.2375699,1.1550535,1
ENSG00000199347,2.2115495,3.1786864,1
ENSG00000146463,2.4592988,1.4890158,1
ENSG00000130772,1.9189873,0.0,1
ENSG00000160752,2.7051628,0.0,1
ENSG00000162460,0.32754493,0.0,1
ENSG00000186827,0.850197,2.0231743,1
ENSG00000200169,2.0866683,2.054701,1
ENSG00000117318,2.4051163,3.5266325,1
ENSG00000237413,0.11538215,0.0,1
ENSG00000142867,2.7884264,2.7817626,1
ENSG00000118194,0.3088735,0.0,1
ENSG00000143183,2.1696203,3.129764,1
ENSG00000142632,1.5047663,1.080085,1
ENSG00000126107,2.0670023,2.1146777,1
ENSG00000143450,0.8952007,1.1570032,1
ENSG00000286071_1,0.14789505,0.0,1
ENSG00000116157,1.7706778,1.7455978,1
ENSG00000027644,0.83093953,1.1164616,1
ENSG00000223745,2.7519033,2.3663595,1
ENSG00000143614,2.7328122,2.9605682,1
ENSG00000069812,1.3929628,1.2745734,1
ENSG00000198744,2.8118684,3.5870147,1
ENSG00000290989,2.6992197,2.2591374,1
ENSG00000162458,0.30184355,0.0,1
ENSG00000156150_1,1.0444207,1.248836,1
ENSG00000143153,1.897798,2.683038,1
ENSG00000263961,1.9460288,1.0632057,1
ENSG00000143771,1.5651175,2.6070774,1
ENSG00000143119_1,1.9040731,3.1615837,1
ENSG00000231999,2.3772256,1.9245894,1
ENSG00000239887,0.14871764,0.0,1
ENSG00000270882,2.635948,3.733414,1
ENSG00000180488,1.4478712,2.3700948,1
ENSG00000162441,1.2624015,0.0,1
ENSG00000143322_1,1.9925644,1.936755,1
ENSG00000143570,2.5280054,2.2729018,1
ENSG00000162779,2.112921,1.0052878,1
ENSG00000182134,2.001841,1.5269334,1
ENSG00000158874_1,0.35763577,1.2206049,1
ENSG00000222009,2.1934433,1.4285235,1
ENSG00000117362,2.3718688,2.5379574,1
ENSG00000206585,1.9210922,2.9060915,1
ENSG00000123080_1,0.72002417,0.0,1
ENSG00000135870,2.5794818,2.411788,1
ENSG00000187147_1,2.838885,2.682506,1
ENSG00000117155_1,2.4667552,2.2776322,1
ENSG00000154027_2,0.26548824,0.0,1
ENSG00000091483,2.2570992,3.1660094,1
ENSG00000196189_2,1.3042728,0.0,1
ENSG00000158008,0.4275901,0.9368152,1
ENSG00000078618_2,2.900132,2.8462567,1
ENSG00000121310,1.5232638,1.0443437,1
ENSG00000132780,2.4091997,3.592088,1
ENSG00000142798_1,1.7596403,2.1941507,1
ENSG00000162522_1,1.0213135,1.1839528,1
ENSG00000196240,0.24182613,0.0,1
ENSG00000143442_1,0.9419113,2.5801983,1
ENSG00000174606,2.4786503,2.1736379,1
ENSG00000177301_1,1.1341728,0.0,1
ENSG00000224965,1.5846069,0.0,1
ENSG00000236069,1.4596639,1.6301328,1
ENSG00000162897,0.2807391,0.0,1
ENSG00000174574,2.5555503,2.9102812,1
ENSG00000284693,1.9994036,0.0,1
ENSG00000198400,0.38114086,0.0,1
ENSG00000178922,1.9703126,1.6436007,1
ENSG00000187017,1.5083103,1.7453558,1
ENSG00000143740_1,2.4183142,2.2662716,1
ENSG00000142798,0.1207806,0.5180926,1
ENSG00000143537,1.6722072,0.0,1
ENSG00000182827,2.6257093,3.0735571,1
ENSG00000143110,0.3646458,0.0,1
ENSG00000227290,0.15675792,0.0,1
ENSG00000162923,2.3167853,2.9410243,1
ENSG00000116147,0.52771443,0.0,1
ENSG00000176320,0.16412725,0.0,1
ENSG00000116288_1,2.6093159,1.2894998,1
ENSG00000265241,2.5047028,3.0358257,1
ENSG00000069702,1.9225823,1.77938,1
ENSG00000086619,2.6340752,2.6061566,1
ENSG00000116288,2.657544,3.096385,1
ENSG00000007908,0.19651939,0.0,1
ENSG00000196878,0.20601021,1.6231252,1
ENSG00000134184,1.6107754,2.5584314,1
ENSG00000143549,0.36551994,0.0,1
ENSG00000054277,2.208268,1.9671359,1
ENSG00000097096,1.8877728,1.3564657,1
ENSG00000160058,2.2269225,2.261082,1
ENSG00000081026_1,1.6741618,1.0656544,1
ENSG00000282143,1.2751755,1.1995633,1
ENSG00000231246,0.16363466,0.0,1
ENSG00000231057,2.0800507,1.0417005,1
ENSG00000143578_1,1.8484926,0.0,1
ENSG00000163216,0.07453343,0.0,1
ENSG00000116815,2.4058394,3.3584375,1
ENSG00000119280_2,0.07823321,0.0,1
ENSG00000133226,2.8519142,3.306099,1
ENSG00000126067,2.2545364,0.0,1
ENSG00000158859,0.42221335,1.1345915,1
ENSG00000227066,0.22815643,0.0,1
ENSG00000185499,0.5661848,0.0,1
ENSG00000159423,2.3033233,2.08152,1
ENSG00000184007,0.21412112,0.0,1
ENSG00000159164,0.49955234,0.0,1
ENSG00000227634,0.14845662,0.0,1
ENSG00000054523,2.4581602,2.2401671,1
ENSG00000189339,2.6629586,2.0950997,1
ENSG00000116584_1,2.6141615,1.5021812,1
ENSG00000168389,2.1665628,2.541222,1
ENSG00000179639,0.13528734,0.0,1
ENSG00000160685_1,1.5087296,1.3832767,1
ENSG00000196505,2.3007205,2.0749261,1
ENSG00000177888,2.4719346,0.0,1
ENSG00000271736,0.12565033,0.0,1
ENSG00000143786,0.1493395,0.0,1
ENSG00000143368,2.58111,3.2990057,1
ENSG00000230623,0.28985852,1.3265673,1
ENSG00000171163,2.3925524,2.350248,1
ENSG00000117139_2,1.190808,2.6470678,1
ENSG00000117472,0.2094418,0.0,1
ENSG00000163444,2.50981,2.4938498,1
ENSG00000188786,2.16287,2.042284,1
ENSG00000233396,1.5593367,0.0,1
ENSG00000117724,2.2168076,3.1278722,1
ENSG00000162599_3,0.33279693,0.0,1
ENSG00000163239,1.4988885,1.1530523,1
ENSG00000117595,0.7578166,0.0,1
ENSG00000189433,0.28387085,0.0,1
ENSG00000085465,0.39560658,0.0,1
ENSG00000183726,2.5472362,3.253849,1
ENSG00000162433_1,1.7506204,1.9880285,1
ENSG00000162413,2.4820611,2.0805542,1
ENSG00000233461_1,2.4543507,1.3937296,1
ENSG00000158714,0.456183,0.0,1
ENSG00000127129,1.0186334,1.2814356,1
ENSG00000126106,2.406391,2.1177485,1
ENSG00000142599,1.6902443,2.2135708,1
ENSG00000162755,2.0522325,1.2953031,1
ENSG00000174021,2.4630725,2.6349406,1
ENSG00000232113,0.08851075,0.0,1
ENSG00000184144_1,0.9507747,1.2828645,1
ENSG00000304119,1.5550956,1.3292453,1
ENSG00000162408,2.3968227,2.7258823,1
ENSG00000160097,1.4936794,1.578536,1
ENSG00000049249,0.21862295,0.0,1
ENSG00000235169,1.3455167,0.9639766,1
ENSG00000081277,1.1107676,1.4215447,1
ENSG00000282849,0.43212816,0.0,1
ENSG00000143595,0.26243022,0.0,1
ENSG00000198892_1,1.1338356,0.0,1
ENSG00000163344,2.8039758,2.278477,1
ENSG00000120942,2.3366332,2.7220478,1
ENSG00000252947,0.22343047,0.85938454,1
ENSG00000160818,1.8719684,0.0,1
ENSG00000066185_1,1.9504844,1.3450207,1
ENSG00000221040,0.17427327,0.0,1
ENSG00000116350,3.0003011,2.9971542,1
ENSG00000268043,2.0633383,2.0617917,1
ENSG00000177000_1,1.4908911,1.2323531,1
ENSG00000117676_2,2.3432517,0.0,1
ENSG00000250734,0.5862887,0.8898617,1
ENSG00000135821,2.1329615,0.0,1
ENSG00000157873,1.9377593,2.1184003,1
ENSG00000060656,1.4470686,1.3790697,1
ENSG00000187634,1.2133542,0.0,1
ENSG00000158850,2.1886446,2.5067904,1
ENSG00000143079,1.8607051,2.3286037,1
ENSG00000116161,2.0858595,2.2452657,1
ENSG00000135744,0.29984024,0.0,1
ENSG00000203783,0.19740555,0.0,1
ENSG00000284188,1.3239726,1.7211261,1
ENSG00000143742,2.627527,3.5264375,1
ENSG00000162849,1.0965564,0.6728734,1
ENSG00000188739,2.5899043,2.7828379,1
ENSG00000008118,0.21177484,0.0,1
ENSG00000157911,2.4619224,1.869281,1
ENSG00000171812,1.4225427,0.0,1
ENSG00000123080,2.0949388,1.8482014,1
ENSG00000163348,2.7980525,2.6190233,1
ENSG00000133069,1.5218371,1.4671491,1
ENSG00000162545_1,1.009626,1.2231584,1
ENSG00000081237,1.1888136,0.0,1
ENSG00000162444,1.2013972,1.1764386,1
ENSG00000163875,2.5106795,2.921663,1
ENSG00000116741,1.7029861,0.0,1
ENSG00000143337_2,2.8509505,2.9037952,1
ENSG00000143409_2,1.8359433,0.68181086,1
ENSG00000143199,0.25989714,0.0,1
ENSG00000179456,0.42674512,0.0,1
ENSG00000162434,2.3613505,2.5316067,1
ENSG00000162889,1.9799334,2.4791577,1
ENSG00000120948_1,0.14858674,0.0,1
ENSG00000236423,2.6648195,1.075328,1
ENSG00000065243_1,2.572491,1.3023742,1
ENSG00000142875_1,0.19710335,0.0,1
ENSG00000285280,0.13004154,0.0,1
ENSG00000176256,0.11270906,0.59328604,1
ENSG00000198892,1.0377712,1.1087679,1
ENSG00000179085,1.1691015,0.0,1
ENSG00000163879,0.3033153,0.0,1
ENSG00000134215,0.09815684,0.0,1
ENSG00000117153,2.3764102,2.3819358,1
ENSG00000196187_2,2.0771916,2.3410347,1
ENSG00000116691,2.5643327,0.0,1
ENSG00000185436,1.3532726,0.0,1
ENSG00000224535,0.13702308,0.0,1
ENSG00000251503,2.4216428,2.4844992,1
ENSG00000202444,2.2269268,0.0,1
ENSG00000189280,0.22141026,0.0,1
ENSG00000197312,2.6748497,2.6453536,1
ENSG00000224699,2.3895895,0.0,1
ENSG00000127481_1,2.8961027,2.9878852,1
ENSG00000134376_1,0.08096373,0.0,1
ENSG00000131788_1,1.6177832,2.1652918,1
ENSG00000142945_1,0.34009644,0.0,1
ENSG00000282048,0.11407715,0.0,1
ENSG00000120337,0.095156915,0.0,1
ENSG00000116171_1,0.9712977,0.0,1
ENSG00000243364,1.5227228,2.2154896,1
ENSG00000117394_1,2.4787602,3.0360777,1
ENSG00000162836_1,1.5041833,1.3325273,1
ENSG00000117632,0.81491774,0.0,1
ENSG00000243284,0.2775398,0.0,1
ENSG00000060642_1,3.038992,1.7344158,1
ENSG00000252501,0.116984025,1.4452274,1
ENSG00000116198_1,1.9555244,2.2838256,1
ENSG00000162714,2.2242315,2.022222,1
ENSG00000163125_1,2.52026,1.9664046,1
ENSG00000171729,0.7616578,0.76520646,1
ENSG00000066294,1.1579765,2.4229558,1
ENSG00000127124_1,0.23211364,0.63813967,1
ENSG00000162493_2,0.1621737,0.75276273,1
ENSG00000197747,0.2581165,0.0,1
ENSG00000186973,0.56339246,0.0,1
ENSG00000143337_1,2.5852728,1.8259451,1
ENSG00000135837,2.7959278,2.5089066,1
ENSG00000118194_1,0.15663454,0.0,1
ENSG00000048707_3,0.28615412,0.0,1
ENSG00000259823,0.27161506,0.99674803,1
ENSG00000291135,0.14508684,0.0,1
ENSG00000092850,0.7598531,1.008089,1
ENSG00000117461,2.375038,2.3986585,1
ENSG00000163479_1,1.926753,3.0602672,1
ENSG00000156097,0.30636898,0.0,1
ENSG00000196420,0.34176278,0.86911434,1
ENSG00000132879,1.3915143,1.6403124,1
ENSG00000174514_1,0.27119544,0.0,1
ENSG00000271723,0.1346063,0.0,1
ENSG00000143217,0.61556804,0.0,1
ENSG00000162419,2.805238,2.2378705,1
ENSG00000160050,1.6985244,2.7737865,1
ENSG00000230424_1,2.7363393,0.0,1
ENSG00000163866,1.9716545,0.0,1
ENSG00000162733,0.2880911,0.0,1
ENSG00000188770,0.27271074,0.0,1
ENSG00000097021_2,2.515814,2.7547488,1
ENSG00000248485,1.2085029,1.6068648,1
ENSG00000197965,2.5441658,2.551995,1
ENSG00000285629,0.26451758,0.0,1
ENSG00000143373,2.7750342,2.1879435,1
ENSG00000158816,0.5177148,0.0,1
ENSG00000186501,2.5643332,2.439647,1
ENSG00000162641_1,0.14201951,0.0,1
ENSG00000228126,1.9956325,0.0,1
ENSG00000291158_3,1.8497092,1.8041872,1
ENSG00000117399,2.3226936,2.7891011,1
ENSG00000230628,1.0425384,0.0,1
ENSG00000186510,0.43239424,0.0,1
ENSG00000185630_1,0.27614734,0.0,1
ENSG00000243480,0.15535276,0.6574479,1
ENSG00000142871,1.342662,1.3583156,1
ENSG00000081019,2.7222052,2.5047154,1
ENSG00000180098,2.1815631,0.0,1
ENSG00000116670,2.1738226,2.225348,1
ENSG00000203811,2.542222,3.0841758,1
ENSG00000198815,2.6346176,1.1142772,1
ENSG00000184260,2.3618171,4.0823545,1
ENSG00000067606_3,0.23383652,0.0,1
ENSG00000153187_5,2.7934158,4.0270557,1
ENSG00000116337_1,1.3458785,1.0789279,1
ENSG00000202027,0.25368515,0.0,1
ENSG00000227959,0.67829007,0.7502692,1
ENSG00000116750,2.6915123,2.961849,1
ENSG00000187634_1,0.40261698,0.0,1
ENSG00000066136,2.6969159,2.932286,1
ENSG00000143751,2.7191756,0.0,1
ENSG00000236427_1,0.23262067,0.0,1
ENSG00000116885,2.1684678,0.0,1
ENSG00000152904,2.074972,2.471966,1
ENSG00000159409,0.6104642,1.1357018,1
ENSG00000293455,0.80038476,0.0,1
ENSG00000238107,1.736443,1.5378971,1
ENSG00000171680_1,0.94101524,1.1876616,1
ENSG00000127603_1,0.9661768,1.5715947,1
ENSG00000079335_3,0.29600808,0.0,1
ENSG00000229960,0.30391774,0.0,1
ENSG00000116688_2,2.4930897,0.0,1
ENSG00000143815,2.5548685,3.0412347,1
ENSG00000291123,1.6289858,1.7729082,1
ENSG00000123843_1,0.25040844,0.0,1
ENSG00000230461_1,0.94291395,0.67585164,1
ENSG00000136643,1.8201005,2.3331912,1
ENSG00000197084,0.2436364,0.0,1
ENSG00000116406,2.617705,2.233359,1
ENSG00000186197,0.15199392,0.0,1
ENSG00000143341,0.7230031,0.0,1
ENSG00000137944,2.505416,1.8375254,1
ENSG00000187862,0.23412578,0.0,1
ENSG00000189409,0.80012506,0.0,1
ENSG00000159208,0.48415503,0.7241693,1
ENSG00000215845,2.0089028,2.3745835,1
ENSG00000134744_1,1.9413264,2.1110642,1
ENSG00000233079_1,0.10262266,0.0,1
ENSG00000142583_1,0.8253125,0.0,1
ENSG00000163531,1.1802539,0.0,1
ENSG00000159166_1,1.0491658,1.0094934,1
ENSG00000116299,1.1589984,0.0,1
ENSG00000117707,1.2402052,1.5921879,1
ENSG00000162599_1,1.5668741,1.5855848,1
ENSG00000199879,1.1281973,1.9382274,1
ENSG00000116213,1.9150659,2.161811,1
ENSG00000157193_1,2.42028,2.7676752,1
ENSG00000142676,2.3814206,0.0,1
ENSG00000158156,1.965854,1.684944,1
ENSG00000203666_1,2.152069,1.3724701,1
ENSG00000118729,0.20088749,0.0,1
ENSG00000085831_3,1.293165,1.4327321,1
ENSG00000187010,0.1813817,0.0,1
ENSG00000116711,0.6002574,0.0,1
ENSG00000163352,0.53740835,0.8861578,1
ENSG00000228526_1,1.0507685,0.0,1
ENSG00000143486,2.2876437,0.0,1
ENSG00000154027_1,0.51539385,0.80270535,1
ENSG00000177807,0.855262,0.0,1
ENSG00000163518,0.65377,0.0,1
ENSG00000162521,2.8475423,3.3034682,1
ENSG00000232537,0.35196584,0.0,1
ENSG00000116198,2.2344637,2.2125924,1
ENSG00000284738,2.4823868,1.845749,1
ENSG00000116584_5,0.5377396,0.0,1
ENSG00000143162,2.1293602,2.542458,1
ENSG00000171729_1,1.4800484,2.066773,1
ENSG00000176444,2.6052043,2.6468446,1
ENSG00000285184,2.3145926,1.7985609,1
ENSG00000156171_1,2.8776329,3.007351,1
ENSG00000074800_3,2.889122,2.7467275,1
ENSG00000090104,1.6058798,3.9547546,1
ENSG00000143149,2.3836873,2.2212813,1
ENSG00000117859,1.258168,2.4150386,1
ENSG00000131686,0.3526881,0.0,1
ENSG00000117016,1.1496469,0.0,1
ENSG00000117020,0.15738952,0.0,1
ENSG00000174151,2.1104026,1.8135009,1
ENSG00000153936,2.8447049,2.3597975,1
ENSG00000133059,2.2060301,1.674264,1
ENSG00000162510,0.6521767,1.4720027,1
ENSG00000188931,0.37592593,0.5513524,1
ENSG00000135835_1,0.27023187,0.0,1
ENSG00000075945,2.3933246,3.1910455,1
ENSG00000224459,0.27115223,0.0,1
ENSG00000187608,1.9414088,3.3426318,1
ENSG00000123091,2.5928497,2.0511525,1
ENSG00000134744,2.2817564,2.3713782,1
ENSG00000134250,1.8325597,1.546925,1
ENSG00000291137_1,2.4904282,0.0,1
ENSG00000162599,0.9298507,0.0,1
ENSG00000125462_4,0.19860035,0.0,1
ENSG00000270106,2.442859,0.0,1
ENSG00000116962,2.2149708,1.8075148,1
ENSG00000169962,0.34485623,0.0,1
ENSG00000237976,2.4667802,2.7431726,1
ENSG00000116237,2.548313,2.6061814,1
ENSG00000230937,0.16310541,2.436282,1
ENSG00000158161,2.5304713,2.9254472,1
ENSG00000188984,0.32384726,0.0,1
ENSG00000162735,0.50931185,0.0,1
ENSG00000163874_1,1.6441413,0.0,1
ENSG00000285910,0.34160066,1.156034,1
ENSG00000223635,2.4034894,1.1142772,1
ENSG00000162783,2.3421588,2.9743965,1
ENSG00000198468,2.3664334,0.0,1
ENSG00000206828,2.3705883,0.0,1
ENSG00000132694,2.2163851,2.0536776,1
ENSG00000169905,1.2885518,2.7762935,1
ENSG00000117481,2.2771068,2.363311,1
ENSG00000090020,2.5162597,2.37212,1
ENSG00000116774,0.40022397,0.0,1
ENSG00000183386,0.70535254,0.0,1
ENSG00000125462,0.31339976,0.82241,1
ENSG00000163349,1.9570316,2.5565317,1
ENSG00000162482,1.2943189,1.2646054,1
ENSG00000177301,0.3795648,0.0,1
ENSG00000219073,0.16906331,0.0,1
ENSG00000188396,1.7847188,0.0,1
ENSG00000232265,1.0935934,1.0204815,1
ENSG00000085491,1.8064283,2.365516,1
ENSG00000117122,0.29441732,0.6636538,1
ENSG00000231789,1.8071359,1.7227656,1
ENSG00000154027,1.413551,1.5097132,1
ENSG00000163141,0.15818949,0.0,1
ENSG00000156150,0.47590297,0.0,1
ENSG00000222222,0.97255975,0.0,1
ENSG00000158773,2.8272731,2.4154208,1
ENSG00000117481_1,2.1336672,0.0,1
ENSG00000177181,1.7333447,1.513191,1
ENSG00000143819_1,0.2629558,0.0,1
ENSG00000233290,0.21629846,0.0,1
ENSG00000054392_3,0.22869386,0.0,1
ENSG00000143819,1.4064821,1.3123255,1
ENSG00000158869,0.40526596,0.88244486,1
ENSG00000048707_1,0.8532621,0.0,1
ENSG00000290867_1,2.346462,1.6790279,1
ENSG00000014914_2,0.3645762,0.0,1
ENSG00000054267_1,2.2606573,2.5470617,1
ENSG00000117477,0.5411243,0.87868834,1
ENSG00000162896,0.7786737,1.0052663,1
ENSG00000214193,1.5825725,1.1609485,1
ENSG00000160838,1.009368,1.2653131,1
ENSG00000162493,0.8893491,0.9096095,1
ENSG00000142621_2,0.24317835,0.0,1
ENSG00000143028,1.5088533,1.5039405,1
ENSG00000187730,1.6180054,1.8057644,1
ENSG00000116922_1,2.0577533,1.6308142,1
ENSG00000123838,0.09746155,0.0,1
ENSG00000287756,0.13948591,0.0,1
ENSG00000142856,1.84138,2.6022477,1
ENSG00000143153_1,1.981998,2.4354987,1
ENSG00000272145,2.9421327,2.9404666,1
ENSG00000092853,0.123988315,0.0,1
ENSG00000010932,0.12083541,0.0,1
ENSG00000143631,0.07913969,0.43239197,1
ENSG00000173372,0.13222349,0.0,1
ENSG00000207475,0.21879089,0.0,1
ENSG00000143816,1.704815,1.5891786,1
ENSG00000143862,2.3091118,2.6354938,1
ENSG00000229258,0.3973422,0.6478718,1
ENSG00000286600,0.2128557,0.0,1
ENSG00000235933,0.19107835,0.0,1
ENSG00000196189_3,0.49049577,0.0,1
ENSG00000064886_1,1.3996559,2.3225315,1
ENSG00000160710_1,1.9425026,1.4290252,1
ENSG00000159346,2.2278807,2.564549,1
ENSG00000177414,0.35487875,0.0,1
ENSG00000274265_1,2.0162423,1.6331148,1
ENSG00000235527,1.345363,0.75281644,1
ENSG00000291234_1,0.7968314,0.0,1
ENSG00000287452,0.19679745,0.0,1
ENSG00000235750_1,1.8391732,2.534937,1
ENSG00000117632_2,1.8669447,3.525199,1
ENSG00000159445,2.4220142,2.5668063,1
ENSG00000143374,2.2215686,2.778364,1
ENSG00000233203,2.2860012,3.1328325,1
ENSG00000176092,0.32478997,0.0,1
ENSG00000226251,2.4652874,1.3966004,1
ENSG00000183431,2.3108013,3.231291,1
ENSG00000232596,0.18807803,0.0,1
ENSG00000076258,0.90811294,0.0,1
ENSG00000273544,1.2250515,1.2638348,1
ENSG00000163362_1,0.34086764,1.3463138,1
ENSG00000233079_2,0.14607741,0.53921413,1
ENSG00000159592,2.4976416,0.0,1
ENSG00000069424,2.3129528,2.1910121,1
ENSG00000143398,2.2685103,2.6851737,1
ENSG00000196517,0.62901956,0.0,1
ENSG00000117308,0.64636713,0.0,1
ENSG00000143033,2.3443556,2.4895394,1
ENSG00000143344_1,1.9847136,2.0336006,1
ENSG00000117054,2.4617589,3.2445939,1
ENSG00000159166_2,0.45210513,1.4665859,1
ENSG00000177674,1.7290863,1.7849886,1
ENSG00000196188,0.24729149,0.0,1
ENSG00000213512,0.17934091,0.0,1
ENSG00000231365_1,2.5937674,0.0,1
ENSG00000234546,2.1724832,2.2907023,1
ENSG00000117707_2,0.28879192,0.0,1
ENSG00000227006,0.2930331,0.0,1
ENSG00000237505,2.2524827,1.820648,1
ENSG00000269934,0.8896225,0.8071425,1
ENSG00000197520,0.16448669,0.0,1
ENSG00000118733_1,0.74792403,0.0,1
ENSG00000188404,0.23434393,0.0,1
ENSG00000163531_1,0.3410243,0.0,1
ENSG00000227811,1.4401896,0.8898617,1
ENSG00000232265_1,0.30300328,0.0,1
ENSG00000143382,1.3112751,0.0,1
ENSG00000163156_1,1.4693662,0.6666958,1
ENSG00000240386,0.18771917,0.0,1
ENSG00000131584,2.4095004,1.6374497,1
ENSG00000116793_1,2.407283,0.0,1
ENSG00000237728,0.31220767,0.0,1
ENSG00000116830,2.5495894,2.7618835,1
ENSG00000163554,0.07074915,0.0,1
ENSG00000230615,2.0867128,1.3190852,1
ENSG00000136634_1,0.69124776,1.3754076,1
ENSG00000067606_1,0.4368324,0.0,1
ENSG00000142609,0.37606952,0.0,1
ENSG00000117139,0.12068434,0.47259557,1
ENSG00000160789_1,1.2001524,0.8748759,1
ENSG00000074964,1.5682997,1.7735816,1
ENSG00000162543,0.63109,0.0,1
ENSG00000120370,2.4635932,2.4617987,1
ENSG00000162618_2,0.14444543,0.0,1
ENSG00000162461,0.7893614,0.0,1
ENSG00000187554,1.3318166,1.8559963,1
ENSG00000009709,0.79668945,1.4432019,1
ENSG00000227907,0.1716864,0.0,1
ENSG00000143107,0.14417972,0.0,1
ENSG00000143384,2.692279,3.1606336,1
ENSG00000158864_1,2.5153167,3.0928996,1
ENSG00000116833_1,0.63725466,0.6697816,1
ENSG00000197982,2.4367495,2.4505877,1
ENSG00000132781_1,2.742293,2.2770128,1
ENSG00000143839,0.18898968,0.0,1
ENSG00000162595,0.59283197,1.0765203,1
ENSG00000224209,1.0878223,0.0,1
ENSG00000117115,0.26747075,0.0,1
ENSG00000127124,2.206175,2.4892664,1
ENSG00000117122_1,0.8854136,1.1491082,1
ENSG00000142973_1,0.17895716,0.0,1
ENSG00000162763,0.2713796,0.63162637,1
ENSG00000117597,1.9029039,2.6951277,1
ENSG00000187147,0.9452718,2.0575633,1
ENSG00000117152,0.21640052,0.0,1
ENSG00000172456_1,2.4961088,1.85083,1
ENSG00000026751,1.7688801,3.2565253,1
ENSG00000187017_2,0.48355767,1.155014,1
ENSG00000000938,2.2308161,2.6490388,1
ENSG00000272031,2.0518832,1.4582449,1
ENSG00000058453,0.53371316,0.9284696,1
ENSG00000143337_4,1.1080058,0.0,1
ENSG00000116704,2.368895,1.9985427,1
ENSG00000135766,2.4938912,2.5720232,1
ENSG00000157978_1,0.30014294,0.0,1
ENSG00000126705,1.7717725,2.3421462,1
ENSG00000117586,0.660592,2.6348197,1
ENSG00000143845_1,1.6085135,1.3212255,1
ENSG00000181754,1.4565146,1.3730224,1
ENSG00000233461,2.2163992,0.64794993,1
ENSG00000285053,2.543955,1.8774866,1
ENSG00000184163,1.3618209,1.2463754,1
ENSG00000169885,0.15293892,0.0,1
ENSG00000134717,2.6659682,3.0656283,1
ENSG00000206620,0.71797895,1.2615246,1
ENSG00000253097,0.12731187,0.0,1
ENSG00000116209,2.5958622,2.7272582,1
ENSG00000143842,1.2474518,1.5158871,1
ENSG00000127483,0.14945708,1.9647055,1
ENSG00000160789_6,2.1184685,0.92510575,1
ENSG00000143578,2.6138124,2.0046651,1
ENSG00000117226,0.60542125,1.722206,1
ENSG00000160741,0.27164337,0.0,1
ENSG00000143851_2,0.9786659,1.5350155,1
ENSG00000142583_3,0.29435897,0.0,1
ENSG00000007341,0.8973637,0.0,1
ENSG00000134690,2.4438741,3.0314085,1
ENSG00000198715_1,0.49280807,0.0,1
ENSG00000143248_1,2.311804,2.30659,1
ENSG00000233791,1.1653371,0.0,1
ENSG00000127483_2,2.562791,2.8525739,1
ENSG00000287516,0.10293514,0.0,1
ENSG00000127054,2.4627812,2.8996181,1
ENSG00000162430,1.6495049,1.5476542,1
ENSG00000137955_2,0.5181727,2.4905288,1
ENSG00000116688,2.295506,2.8368871,1
ENSG00000231663_1,2.7160432,3.0051377,1
ENSG00000143184,0.13485359,0.0,1
ENSG00000162735_1,1.6968377,2.62893,1
ENSG00000072694,1.3105558,0.0,1
ENSG00000117016_1,1.2977854,1.9109604,1
ENSG00000196805,0.08273464,0.0,1
ENSG00000116701,2.5497537,3.3167899,1
ENSG00000134748,2.456597,2.8818774,1
ENSG00000143355,0.17473318,0.0,1
ENSG00000229956,1.6041545,0.0,1
ENSG00000134256,0.7244551,0.0,1
ENSG00000198830_1,2.4781919,1.3966004,1
ENSG00000084623_1,2.3021016,3.3595605,1
ENSG00000213085,0.6280292,0.70212024,1
ENSG00000172031,1.3024224,1.5843538,1
ENSG00000143633,2.3513758,0.0,1
ENSG00000172456,2.5392458,2.0222633,1
ENSG00000023902,2.6193335,2.688829,1
ENSG00000143546,0.26660654,0.0,1
ENSG00000157064,0.8249555,0.0,1
ENSG00000099260,0.43952405,0.0,1
ENSG00000066027_1,0.13545124,0.0,1
ENSG00000009790,1.2221891,0.0,1
ENSG00000182004_1,1.8762621,1.5821543,1
ENSG00000201317,0.13944547,4.3497515,1
ENSG00000074800_2,2.612231,4.4529743,1
ENSG00000154305_1,2.5020614,0.0,1
ENSG00000023572,1.9978486,2.6082542,1
ENSG00000224536,2.4198453,0.0,1
ENSG00000007341_1,2.4710763,2.0060978,1
ENSG00000117152_1,0.39681986,0.0,1
ENSG00000180198,2.3898387,4.0805798,1
ENSG00000134644,2.5354996,0.0,1
ENSG00000117222,2.6182675,2.4664643,1
ENSG00000143575,2.4273775,3.0526402,1
ENSG00000163374_1,2.4795067,2.508112,1
ENSG00000162366,0.5252058,1.2291185,1
ENSG00000143612,2.5816605,3.0090513,1
ENSG00000076864_2,1.4401702,1.611075,1
ENSG00000158716,1.5903314,1.5061667,1
ENSG00000116675_2,0.24133623,0.0,1
ENSG00000009780,2.6257417,1.6966271,1
ENSG00000288859,2.7630298,4.430246,1
ENSG00000077157,2.2493846,2.04159,1
ENSG00000198216_1,0.9740547,1.9925358,1
ENSG00000179862,1.1929306,1.4016935,1
ENSG00000198842,0.16747624,0.0,1
ENSG00000163431,0.67807025,0.67886424,1
ENSG00000055732,1.5489377,1.1540282,1
ENSG00000287587,1.845198,1.078906,1
ENSG00000228063,2.3243167,1.4095274,1
ENSG00000172155,0.1626941,0.0,1
ENSG00000117395,2.224859,3.229999,1
ENSG00000162813,1.6037183,0.0,1
ENSG00000183598,2.256626,3.6603446,1
ENSG00000116218,1.1624762,1.4856917,1
ENSG00000000460,2.277851,0.0,1
ENSG00000074800_1,1.9666307,0.0,1
ENSG00000163393,1.48461,1.2615246,1
ENSG00000159592_1,2.7965677,2.721508,1
ENSG00000163354,0.31585252,0.61806905,1
ENSG00000135824,0.49950567,0.0,1
ENSG00000263956,1.7983053,1.6224524,1
ENSG00000055070,2.7351127,3.2444725,1
ENSG00000117859_1,2.577963,2.84367,1
ENSG00000116688_1,2.4505823,2.8048472,1
ENSG00000088280_1,1.3747455,1.1153775,1
ENSG00000162409,1.4861871,1.7399598,1
ENSG00000162496_1,1.3162813,1.839214,1
ENSG00000116754,2.4355214,2.82122,1
ENSG00000162642,2.057375,2.328149,1
ENSG00000204138,2.342806,2.2486057,1
ENSG00000173627,0.55805784,0.0,1
ENSG00000287033,2.4509962,0.0,1
ENSG00000168243,1.507363,1.3701243,1
ENSG00000213088,0.3623344,0.0,1
ENSG00000154007,0.07603508,0.0,1
ENSG00000230124,2.645635,2.468628,1
ENSG00000028137,2.202926,3.3581767,1
ENSG00000158062,2.108004,2.1494007,1
ENSG00000290592,0.5757609,0.8392894,1
ENSG00000230798,1.0946307,0.0,1
ENSG00000143324,2.2711637,2.3833396,1
ENSG00000169213,1.2766211,0.9267539,1
ENSG00000169403,1.4802445,3.066341,1
ENSG00000281406_1,1.4226049,1.5176576,1
ENSG00000198952,2.5916886,2.8562272,1
ENSG00000162594,0.52767223,0.0,1
ENSG00000283227,0.19887988,0.56321996,1
ENSG00000143498,1.8656043,2.329644,1
ENSG00000163206,0.1439143,0.0,1
ENSG00000007908_1,0.15513988,0.0,1
ENSG00000131238,1.5283296,2.8998358,1
ENSG00000230489,0.76666445,1.0066799,1
ENSG00000117020_3,1.2986747,1.0232112,1
ENSG00000238279,0.4022973,0.0,1
ENSG00000152061_1,0.18658836,0.0,1
ENSG00000143420_1,2.7969058,3.3279757,1
ENSG00000117419,0.16652887,0.0,1
ENSG00000162620,1.6510085,1.4000024,1
ENSG00000237973,2.7246115,2.7108364,1
ENSG00000189337_1,1.8270835,2.0686646,1
ENSG00000203601,0.2864618,0.45295116,1
ENSG00000184007_1,2.2609904,1.4107097,1
ENSG00000174567,0.61516184,1.2959583,1
ENSG00000178028,1.7703606,2.1447082,1
ENSG00000018625,0.2945378,0.0,1
ENSG00000171385,1.1650066,0.0,1
ENSG00000117408,2.606943,2.3300524,1
ENSG00000116337,2.1646163,2.289531,1
ENSG00000142623_1,0.17938133,0.0,1
ENSG00000234807,1.4306488,0.0,1
ENSG00000237853,0.12928416,0.0,1
ENSG00000120656,2.7406662,2.6915095,1
ENSG00000152061_2,0.09133884,0.0,1
ENSG00000117620_1,1.5285224,0.0,1
ENSG00000187223,0.14529373,0.0,1
ENSG00000059588,2.1709387,2.3185432,1
ENSG00000203814,2.4279647,4.2237372,1
ENSG00000143322,0.12790956,0.0,1
ENSG00000274020_1,2.4005516,2.2021122,1
ENSG00000160051,1.9166428,1.690243,1
ENSG00000132702,0.1649844,0.0,1
ENSG00000149527,0.5612498,0.9060925,1
ENSG00000157216,0.17636494,0.6110964,1
ENSG00000169218,1.0890256,1.1894903,1
ENSG00000180667_1,1.3703173,0.0,1
ENSG00000160691_2,1.2027265,1.6410873,1
ENSG00000273338,1.734991,0.0,1
ENSG00000162441_1,2.2035234,2.1647394,1
ENSG00000227712,0.45973456,0.82885313,1
ENSG00000177000_2,2.4975278,1.8597505,1
ENSG00000179051_1,2.0325491,2.6812701,1
ENSG00000142937,2.6536248,3.3731768,1
ENSG00000187048,0.30030498,0.0,1
ENSG00000253304,1.0490204,0.94657016,1
ENSG00000142677,0.3832813,0.0,1
ENSG00000073756,0.96915907,1.5712312,1
ENSG00000173947,1.3235694,0.0,1
ENSG00000233791_1,2.715821,1.932631,1
ENSG00000159214,1.4129506,1.5132443,1
ENSG00000202031,0.56887746,1.5291479,1
ENSG00000116212,2.2185466,2.5334797,1
ENSG00000143158_2,2.5817938,2.7161453,1
ENSG00000227070,1.18005,1.7011628,1
ENSG00000160094,2.298058,2.1052716,1
ENSG00000008128,2.6491215,2.4441557,1
ENSG00000203965_1,2.4606383,0.0,1
ENSG00000143126,1.5121473,1.4072549,1
ENSG00000143776,1.6439968,1.8366911,1
ENSG00000143578_2,1.4690489,0.5670852,1
ENSG00000116991,1.71657,1.4284264,1
ENSG00000085831_1,1.302616,0.0,1
ENSG00000224259_1,0.15018575,0.0,1
ENSG00000227181,0.13616085,0.0,1
ENSG00000160716,1.1014522,1.2472365,1
ENSG00000008130,2.6592438,2.0934882,1
ENSG00000143387,0.23794796,0.0,1
ENSG00000025800,2.2391412,2.7999005,1
ENSG00000084073,2.1729438,0.0,1
ENSG00000057757,2.469967,2.6192853,1
ENSG00000117450_1,0.23812327,0.0,1
ENSG00000081019_1,2.4978306,2.5041173,1
ENSG00000123684,2.2984006,2.4811988,1
ENSG00000154309,1.5503901,0.0,1
ENSG00000163239_1,1.3525801,0.0,1
ENSG00000169224,0.119073,0.0,1
ENSG00000189266,3.1015565,3.0614676,1
ENSG00000116874_1,2.5949905,2.855713,1
ENSG00000116668,2.1792872,1.4729465,1
ENSG00000137965,1.2632786,3.319333,1
ENSG00000152763,0.12599182,0.0,1
ENSG00000058668,0.95924187,1.3675982,1
ENSG00000158796,2.7917538,2.4977214,1
ENSG00000169174,0.9384584,0.75776035,1
ENSG00000162407,1.1045187,2.6576962,1
ENSG00000116544,1.6755068,1.4301234,1
ENSG00000118473_1,0.51526815,0.51814526,1
ENSG00000132698,0.39359528,0.0,1
ENSG00000127463,2.2427032,0.0,1
ENSG00000234476,0.32761535,0.0,1
ENSG00000176022,2.540295,2.0126686,1
ENSG00000244094,0.051576946,0.0,1
ENSG00000116641,2.4065497,2.08743,1
ENSG00000198860,2.2286959,2.2713444,1
ENSG00000197785,2.6856444,2.8766997,1
ENSG00000163485_2,0.19596134,0.0,1
ENSG00000231663,2.6195896,0.0,1
ENSG00000300262,2.506819,1.6004502,1
ENSG00000187583,1.2024407,1.2074647,1
ENSG00000116521,1.8624111,1.0259078,1
ENSG00000116906,2.3754866,2.9138985,1
ENSG00000121310_1,1.2071121,1.6651024,1
ENSG00000169241,1.3503057,1.6611205,1
ENSG00000169442,1.9168621,3.5553665,1
ENSG00000198837,2.4558744,2.141732,1
ENSG00000134686_1,1.5373036,1.4636691,1
ENSG00000135835_2,0.45114094,1.0378247,1
ENSG00000188404_1,1.4957482,3.3267577,1
ENSG00000116353,1.9406468,2.482675,1
ENSG00000116752,2.1520984,3.0675023,1
ENSG00000271601,2.1784956,2.6852937,1
ENSG00000178104_1,1.1381096,0.0,1
ENSG00000189171_1,2.7930605,3.1648405,1
ENSG00000174175,0.15331994,0.0,1
ENSG00000198771,2.6752613,2.7140472,1
ENSG00000197323,2.7998202,2.7900176,1
ENSG00000291158,0.49601415,0.0,1
ENSG00000168679,0.14244261,0.0,1
ENSG00000143556,0.15123014,0.0,1
ENSG00000134262_1,2.9169452,2.5698419,1
ENSG00000197915,0.12938364,0.60762656,1
ENSG00000263513,2.4914553,0.0,1
ENSG00000198715,0.6755483,0.0,1
ENSG00000180875,0.61104107,0.0,1
ENSG00000116729,0.6994738,0.8861522,1
ENSG00000291072,2.758445,1.8387798,1
ENSG00000236021,2.4859235,1.7983744,1
ENSG00000066136_2,1.6001002,0.0,1
ENSG00000143418_1,2.450898,1.3719356,1
ENSG00000143653,2.0817442,2.340666,1
ENSG00000143248,0.2088042,0.0,1
ENSG00000117748,2.861112,2.9455996,1
ENSG00000143420,2.1121485,0.0,1
ENSG00000162769,2.6114311,2.4394748,1
ENSG00000163157,0.2749956,0.0,1
ENSG00000116151,2.5408385,1.8332045,1
ENSG00000196407,0.29214922,0.0,1
ENSG00000143479,2.4382517,1.9178782,1
ENSG00000270722,2.036254,3.4158745,1
ENSG00000127074,0.2235855,0.0,1
ENSG00000152061,2.5649512,1.1540098,1
ENSG00000157216_2,0.12783225,0.0,1
ENSG00000078618,0.27240607,1.7517439,1
ENSG00000137936_3,0.25287643,0.0,1
ENSG00000116191,1.9067097,1.8536191,1
ENSG00000158014,1.6261908,1.3564408,1
ENSG00000198799,2.4392824,1.9815286,1
ENSG00000197721,1.2421652,1.0894458,1
ENSG00000229953,1.7898104,2.5567644,1
ENSG00000143845,0.17112435,0.0,1
ENSG00000197147,2.577945,2.2418702,1
ENSG00000117748_1,2.62653,3.0108383,1
ENSG00000265961,0.15675388,0.0,1
ENSG00000229989_1,1.227007,0.0,1
ENSG00000117298_2,0.1580569,0.9894943,1
ENSG00000196352_1,2.7486355,2.73464,1
ENSG00000157193,1.6030263,1.1098821,1
ENSG00000116678,1.3761284,0.9716469,1
ENSG00000171608,2.3585699,3.2364566,1
ENSG00000188800,0.20791833,0.0,1
ENSG00000227764,0.13540353,0.0,1
ENSG00000130939,2.497041,2.4635198,1
ENSG00000152061_4,0.41733542,0.0,1
ENSG00000163399,2.3793771,3.2527585,1
ENSG00000162517,2.6963127,2.9104066,1
ENSG00000143365,0.42226478,0.7399756,1
ENSG00000143224,2.160364,1.838978,1
ENSG00000153363,2.4428072,2.5497265,1
ENSG00000163867,2.137595,2.2785707,1
ENSG00000173846,2.7016966,2.2667208,1
ENSG00000143774,2.979399,3.0628188,1
ENSG00000184148,0.12249431,0.0,1
ENSG00000116141_1,1.6363131,1.2084414,1
ENSG00000152332,2.1935675,2.8821783,1
ENSG00000291138,0.31545877,0.0,1
ENSG00000023572_1,0.24669395,0.0,1
ENSG00000182866,2.4133332,2.527894,1
ENSG00000185842_1,0.087192975,0.0,1
ENSG00000175756,2.594242,2.7613144,1
ENSG00000196754,0.40589198,0.0,1
ENSG00000224609,1.4559599,0.0,1
ENSG00000097021,0.48562685,0.0,1
ENSG00000187513,0.6849014,0.92510575,1
ENSG00000169991,1.8702866,1.9011912,1
ENSG00000125462_1,1.3737649,1.0544828,1
ENSG00000142632_1,2.2150872,1.5436336,1
ENSG00000116852,1.9941672,2.5824633,1
ENSG00000143278,0.09703115,0.0,1
ENSG00000136631_1,2.1983943,0.0,1
ENSG00000142611,1.4275535,1.3748583,1
ENSG00000169291,1.5467719,1.0975002,1
ENSG00000180287_1,1.6499848,1.4981037,1
ENSG00000143502,1.5932387,0.0,1
ENSG00000066135,2.6359012,0.0,1
ENSG00000230285,0.1973625,0.95927995,1
ENSG00000169241_1,2.4396107,2.4791808,1
ENSG00000117010,2.010498,1.945237,1
ENSG00000077549,2.6098082,3.3442626,1
ENSG00000288825,2.8208725,3.8223243,1
ENSG00000117448,2.5185604,2.959089,1
ENSG00000187980,0.5015002,0.0,1
ENSG00000152382,2.4899857,2.3862562,1
ENSG00000185220,2.4159582,1.9834414,1
ENSG00000132855,0.108898014,0.0,1
ENSG00000135801,2.5319548,2.322426,1
ENSG00000143702,0.27428117,0.0,1
ENSG00000142949_1,1.5394928,1.5769055,1
ENSG00000285041,0.10174354,0.678846,1
ENSG00000291132,0.82127887,1.2197417,1
ENSG00000213057,2.2426958,1.1580005,1
ENSG00000079277,2.1059642,0.0,1
ENSG00000228536,0.1402133,0.0,1
ENSG00000058804,2.661249,2.9215217,1
ENSG00000053372,2.5171506,2.3059316,1
ENSG00000067606,1.9341475,1.4333377,1
ENSG00000142619,0.27961197,0.8633645,1
ENSG00000143409,1.2329272,0.0,1
ENSG00000057252,2.3381107,2.951259,1
ENSG00000135838,1.4565779,0.0,1
ENSG00000116785,0.096946165,0.0,1
ENSG00000201609,0.1414985,0.0,1
ENSG00000291129,0.9661606,1.6268226,1
ENSG00000066279,2.1936224,2.7841907,1
ENSG00000135823,2.4777544,2.4704075,1
ENSG00000159173_2,0.47810438,0.0,1
ENSG00000168528_2,0.9539105,1.0986784,1
ENSG00000143179,2.3713605,2.9899347,1
ENSG00000163472_1,0.32077548,0.0,1
ENSG00000170128,1.2818085,1.4210113,1
ENSG00000183291,2.3656933,2.8740938,1
ENSG00000183831,0.71964014,0.7268657,1
ENSG00000035687,2.6977584,2.9707508,1
ENSG00000075391,1.692979,1.2528287,1
ENSG00000186141,2.429112,2.7768986,1
ENSG00000116574,1.5494585,1.4117038,1
ENSG00000203782,0.21388955,0.0,1
ENSG00000228536_2,0.23877887,0.0,1
ENSG00000143353,2.4565065,2.6832263,1
ENSG00000132763,2.2460005,0.0,1
ENSG00000117707_1,0.96117395,0.0,1
ENSG00000123473,2.4775383,2.5672886,1
ENSG00000228536_1,0.276144,0.0,1
ENSG00000143185,0.14875145,3.9153345,1
ENSG00000084070,0.3486079,0.0,1
ENSG00000143379,2.0851958,1.9195853,1
ENSG00000228526_2,1.086533,1.6676135,1
ENSG00000228971_1,0.15963618,0.0,1
ENSG00000142700,0.9383701,1.3101813,1
ENSG00000158747,0.4619615,0.86917305,1
ENSG00000196660_1,0.95641273,1.1031878,1
ENSG00000288905,0.8129318,0.0,1
ENSG00000162747,0.16792454,0.78197783,1
ENSG00000086015_1,0.33230963,0.0,1
ENSG00000143786_1,1.4482745,1.6896551,1
ENSG00000232480,1.3605934,0.0,1
ENSG00000117620,2.2404094,2.4263763,1
ENSG00000143376,2.153485,2.3296216,1
ENSG00000143799_1,2.483379,3.3798835,1
ENSG00000160712_1,2.1359458,1.73943,1
ENSG00000135744_1,0.12044221,0.0,1
ENSG00000116560,2.5538054,4.041199,1
ENSG00000182795,0.3048263,0.0,1
ENSG00000142675,0.42222223,0.0,1
ENSG00000228971,0.15917097,0.0,1
ENSG00000160767,0.34679773,1.0218092,1
ENSG00000116761,2.2179182,2.2642794,1
ENSG00000290842,2.076,1.5149195,1
ENSG00000050628,1.1462333,1.373096,1
ENSG00000085999,2.3266098,2.8026848,1
ENSG00000273004,2.7183487,1.481987,1
ENSG00000162594_1,0.14423595,0.0,1
ENSG00000233079,0.17075132,0.0,1
ENSG00000197520_1,0.14495306,0.0,1
ENSG00000173726,2.73837,3.1998894,1
ENSG00000142784,2.352645,2.1681378,1
ENSG00000213190,0.44148836,1.9156584,1
ENSG00000143314,2.4323447,2.6150322,1
ENSG00000010072,2.3185074,1.7106842,1
ENSG00000162614,1.3600146,1.482955,1
ENSG00000134684,2.4510853,3.2860386,1
ENSG00000162891,0.38924986,0.7374153,1
ENSG00000230798_1,1.7575235,1.3488382,1
ENSG00000132485,1.9375372,0.0,1
ENSG00000258673,0.20164745,0.0,1
ENSG00000187801_1,2.3157315,0.9368152,1
ENSG00000160691_1,0.53534836,0.0,1
ENSG00000135842,1.7037567,2.7458732,1
ENSG00000121957,2.0305088,2.1887681,1
ENSG00000162377,2.0120726,2.294197,1
ENSG00000183520,2.413542,3.064368,1
ENSG00000197956,1.3015445,0.0,1
ENSG00000134183_1,1.487048,0.0,1
ENSG00000178796,1.0628613,1.5298793,1
ENSG00000174059,1.032387,1.1668266,1
ENSG00000162496_2,0.17525885,0.7399993,1
ENSG00000231563,1.2550584,1.3178817,1
ENSG00000182118,1.6517996,1.4436853,1
ENSG00000077152,2.1723144,0.0,1
ENSG00000117834,0.35090378,0.0,1
ENSG00000134369,1.3751997,1.4083927,1
ENSG00000171680_5,1.2629137,1.2415042,1
ENSG00000162576,0.4567329,0.0,1
ENSG00000284668,0.4068264,0.70488805,1
ENSG00000291141,1.2039851,1.6110538,1
ENSG00000222009_1,1.2288994,0.0,1
ENSG00000116675,0.12675051,0.0,1
ENSG00000118217,1.8303773,2.760197,1
ENSG00000183888,0.20057793,0.0,1
ENSG00000127603_3,0.9838869,1.6186202,1
ENSG00000142748,0.18996112,0.0,1
ENSG00000116649,2.6291149,3.056783,1
ENSG00000122176,0.25326365,0.0,1
ENSG00000198929_1,0.4744682,0.9685763,1
ENSG00000081870,2.3448203,0.0,1
ENSG00000143457,1.3253684,2.5204115,1
ENSG00000233008,0.47708866,0.0,1
ENSG00000232093,1.8805414,1.3589243,1
ENSG00000198574,0.27672294,0.6447241,1
ENSG00000179051,2.3712156,3.124501,1
ENSG00000162706,1.0766207,1.1802692,1
ENSG00000116584,0.80234146,0.0,1
ENSG00000203730,0.15622877,0.0,1
ENSG00000158864,0.252376,0.0,1
ENSG00000048707_2,0.106597126,0.0,1
ENSG00000171735_1,1.5665408,1.7017579,1
ENSG00000188859,1.8822048,2.2659023,1
ENSG00000143226_1,0.26022732,0.0,1
ENSG00000143171,0.87646717,0.0,1
ENSG00000188976,2.100894,2.8732252,1
ENSG00000073754,0.2480131,0.0,1
ENSG00000162368,2.59065,2.7607315,1
ENSG00000163218,0.26592013,0.6818741,1
ENSG00000170075,0.671738,0.0,1
ENSG00000117528,2.3442843,2.601295,1
ENSG00000204160_1,0.6659431,1.3918874,1
ENSG00000265491,2.4744627,2.833195,1
ENSG00000143155,2.556813,1.824939,1
ENSG00000177628_2,2.4981163,0.0,1
ENSG00000116871_1,2.6226146,2.3509765,1
ENSG00000135862,2.2765193,2.3926091,1
ENSG00000162782,1.0308123,1.0777311,1
ENSG00000168264,1.4143275,2.399248,1
ENSG00000159166,0.90330607,0.0,1
ENSG00000137955_1,1.4601477,2.6396358,1
ENSG00000213281,2.0909975,3.0425715,1
ENSG00000178104_3,0.49083313,0.7981532,1
ENSG00000153898,2.4775765,3.0880723,1
ENSG00000116521_2,2.2276008,3.0820885,1
ENSG00000084072,1.7254171,2.5969388,1
ENSG00000117475,1.9024726,2.351835,1
ENSG00000143761_1,2.3091612,1.290969,1
ENSG00000183114,1.1607921,1.1418573,1
ENSG00000233621,2.2049758,0.0,1
ENSG00000160753_1,2.1502533,1.6288486,1
ENSG00000153904,1.5475379,1.7772093,1
ENSG00000117054_1,2.615509,3.2407913,1
ENSG00000286219,1.889222,2.2373176,1
ENSG00000162877,0.65502656,0.81372106,1
ENSG00000120341,0.20367873,0.0,1
ENSG00000183615,0.31462613,0.0,1
ENSG00000143319,2.5750158,2.738366,1
ENSG00000231365,2.664439,2.8946095,1
ENSG00000177954,2.5073683,4.2551613,1
ENSG00000153187_2,1.9020641,2.2858272,1
ENSG00000134207_1,0.9128011,1.2607628,1
ENSG00000126698,2.1243079,0.0,1
ENSG00000070785,1.67816,0.0,1
ENSG00000163479,0.8878603,0.0,1
ENSG00000159189,0.1792209,0.0,1
ENSG00000169509,0.15019402,0.0,1
ENSG00000132773,2.7563362,2.3646336,1
ENSG00000171735,2.4013555,1.8829285,1
ENSG00000116783,0.15248613,0.0,1
ENSG00000067606_2,0.27606478,0.8224296,1
ENSG00000162598,0.39444914,0.55932,1
ENSG00000170989,2.1727183,1.689986,1
ENSG00000117533,2.4606538,2.2455819,1
ENSG00000215853,0.15319681,0.0,1
ENSG00000127483_1,2.4566948,2.383803,1
ENSG00000221986,0.40809217,0.0,1
ENSG00000162650,2.330982,2.2526639,1
ENSG00000142655,1.7421635,2.6824753,1
ENSG00000286109,0.21420667,0.0,1
ENSG00000236719_1,0.1287996,0.0,1
ENSG00000125944,2.4964893,3.3358288,1
ENSG00000143753,2.704103,2.7327476,1
ENSG00000122435,2.3811307,2.4945483,1
ENSG00000143793,2.2211602,2.2260945,1
ENSG00000211452,0.27303872,1.1397815,1
ENSG00000234754,0.12544228,0.0,1
ENSG00000143624_1,0.26056585,1.0163814,1
ENSG00000196352_2,0.22241831,0.0,1
ENSG00000162542,2.3838906,1.9969798,1
ENSG00000173372_1,0.18431054,0.0,1
ENSG00000084652_1,2.4065921,2.49545,1
ENSG00000162772,2.2088153,2.6469955,1
ENSG00000116667,1.6073118,1.6227009,1
ENSG00000236528,2.3577285,0.0,1
ENSG00000173207,2.8614357,3.0630443,1
ENSG00000151414,2.4035518,2.7609122,1
ENSG00000041988,1.3004307,2.1392996,1
ENSG00000120334,1.9977645,1.8158765,1
ENSG00000290867,1.8371695,1.6622856,1
ENSG00000236021_1,2.225682,0.0,1
ENSG00000170498,0.2792001,0.0,1
ENSG00000240563,0.33958724,0.47259557,1
ENSG00000142751,2.2774942,2.6940768,1
ENSG00000237980,0.9991041,1.0245677,1
ENSG00000287064,0.28080067,0.0,1
ENSG00000041988_1,2.3543632,2.1406872,1
ENSG00000224259,0.13947527,0.0,1
ENSG00000010165,2.0842338,2.1504679,1
ENSG00000121903,1.885981,1.6919916,1
ENSG00000131910,0.69615376,0.0,1
ENSG00000085832_1,2.3588078,2.7181554,1
ENSG00000143603_1,1.3915604,2.5669687,1
ENSG00000187180,0.17522067,0.0,1
ENSG00000137936_1,1.4625301,0.8824335,1
ENSG00000135773,0.30851832,0.0,1
ENSG00000142657,2.2738554,3.119945,1
ENSG00000143153_2,0.21036771,0.0,1
ENSG00000231768,0.52477527,0.6574001,1
ENSG00000143376_1,2.3503811,1.8191885,1
ENSG00000214114,2.3288462,2.8116915,1
ENSG00000185966,0.15210053,0.0,1
ENSG00000158828,1.5582099,1.7958522,1
ENSG00000134369_2,0.12878819,0.0,1
ENSG00000162745_2,1.4207813,1.413903,1
ENSG00000310526,2.152085,0.0,1
ENSG00000142864,2.7772434,3.8623426,1
ENSG00000132692,1.498754,1.7712493,1
ENSG00000118298_1,0.40551323,1.0163772,1
ENSG00000175130,2.0370996,3.3151157,1
ENSG00000196187,0.3795267,0.67886513,1
ENSG00000137941,1.4282004,0.93349236,1
ENSG00000284882_1,2.495664,0.0,1
ENSG00000065183,2.3210227,2.5392218,1
ENSG00000116141,1.5774976,1.5145743,1
ENSG00000186207,0.12522821,0.0,1
ENSG00000280587_1,0.49144524,0.8224296,1
ENSG00000117139_1,1.3433207,1.0765312,1
ENSG00000117543,2.2631927,0.0,1
ENSG00000228044,0.2467304,0.0,1
ENSG00000117461_1,2.7926645,2.4460135,1
ENSG00000143375,1.3640891,1.0801103,1
ENSG00000226419,2.6629927,2.3839588,1
ENSG00000065978,2.3828785,4.078283,1
ENSG00000142661_1,0.23924051,0.0,1
ENSG00000285728,1.9341611,0.0,1
ENSG00000171793_1,2.615759,1.5521204,1
ENSG00000162894,1.901178,2.9897332,1
ENSG00000020129,2.4906313,2.3779416,1
ENSG00000058673,2.3188312,2.8827345,1
ENSG00000116254,1.7106191,1.3645885,1
ENSG00000160710,2.7528346,3.0776985,1
ENSG00000160678,0.26008156,0.6005852,1
ENSG00000158764,0.24813457,0.0,1
ENSG00000162645,0.5447688,1.7474234,1
ENSG00000203685,1.5211314,1.3849982,1
ENSG00000162729,2.2377493,2.3904953,1
ENSG00000143355_1,0.37484655,0.0,1
ENSG00000121769,0.8336687,0.0,1
ENSG00000121900,1.4255754,1.3191268,1
ENSG00000231163,0.1641104,0.0,1
ENSG00000160049,2.422695,0.0,1
ENSG00000090273,2.526674,3.4186046,1
ENSG00000131791,2.4321964,1.9750594,1
ENSG00000121774,3.025801,3.6362872,1
ENSG00000143761,2.7736442,3.47242,1
ENSG00000162616,2.8911808,1.9645425,1
ENSG00000163463,1.670933,0.6381597,1
ENSG00000117280,1.3740467,2.5083008,1
ENSG00000273213,1.4205133,3.2965577,1
ENSG00000136630,1.2374262,1.4737934,1
ENSG00000197959_1,0.088654846,0.0,1
ENSG00000116809,2.0097725,2.4759035,1
ENSG00000077522,1.5221967,1.3826113,1
ENSG00000289881,1.4838015,0.9791385,1
ENSG00000086015,2.178017,0.0,1
ENSG00000117245_1,1.3775315,1.3960074,1
ENSG00000137960,2.5149796,0.0,1
ENSG00000011021,2.5471656,2.0253305,1
ENSG00000136631,2.4719374,1.7668291,1
ENSG00000120333_1,2.3942697,2.8492498,1
ENSG00000158488,0.30037794,0.0,1
ENSG00000196754_1,0.48452327,0.0,1
ENSG00000163041_1,1.5150508,1.351487,1
ENSG00000178828,0.31996047,0.7104643,1
ENSG00000197921,1.3277932,1.7552801,1
ENSG00000135828,1.4612087,0.0,1
ENSG00000135750_1,0.16445701,0.0,1
ENSG00000127603_2,1.6024889,2.5661192,1
ENSG00000160062,1.376386,1.512284,1
ENSG00000197429,2.7387903,1.9100852,1
ENSG00000203325,1.4998463,1.0519625,1
ENSG00000203739,2.545537,1.8636796,1
ENSG00000162736,2.7692547,2.8681917,1
ENSG00000143167,0.4765877,0.0,1
ENSG00000261595,1.5533503,0.0,1
ENSG00000117676,2.0877948,2.3816042,1
ENSG00000066322,2.4495654,2.7537355,1
ENSG00000122406,2.5192533,4.19076,1
ENSG00000116748_1,0.15368904,0.0,1
ENSG00000252826,0.4411985,0.73212826,1
ENSG00000163131,1.0280412,0.0,1
ENSG00000143479_1,2.3549776,0.0,1
ENSG00000143753_1,2.5620975,1.2568139,1
ENSG00000121766,2.6102195,2.8148215,1
ENSG00000044012,0.43177918,0.0,1
ENSG00000186790,1.4978081,1.5591762,1
ENSG00000142875,2.0423272,1.7352715,1
ENSG00000197056,1.979787,1.7644153,1
ENSG00000201699,0.9761079,0.9639341,1
ENSG00000077157_1,0.16422482,0.0,1
ENSG00000198815_2,0.83998513,0.9545802,1
ENSG00000157873_1,2.283546,2.4287226,1
ENSG00000277918,2.371162,2.8575628,1
ENSG00000117593,2.6427593,2.9188688,1
ENSG00000117600,0.9409057,1.4395679,1
ENSG00000163220,0.37561914,0.0,1
ENSG00000162885,2.673074,2.0326672,1
ENSG00000173641,0.71335995,0.9561684,1
ENSG00000198520_1,0.9330704,0.0,1
ENSG00000143257_1,0.2055404,0.0,1
ENSG00000137948,0.43209043,0.0,1
ENSG00000291199,0.346283,0.9078358,1
ENSG00000117308_1,2.209308,2.2125604,1
ENSG00000116396,1.8294827,1.7251681,1
ENSG00000116786,2.400949,2.3707333,1
ENSG00000162641,0.12928942,0.71598667,1
ENSG00000235098,0.3792688,0.0,1
ENSG00000060656_1,0.42232776,0.0,1
ENSG00000169717,0.21266669,0.0,1
ENSG00000188257,0.159499,0.0,1
ENSG00000131778,2.3770747,2.6230104,1
ENSG00000116898,2.294308,3.066829,1
ENSG00000162383,0.49325234,1.218903,1
ENSG00000132680,2.5474508,0.0,1
ENSG00000162511,2.3226888,3.5840778,1
ENSG00000284882,2.3450024,2.5763068,1
ENSG00000132681_1,0.21042164,0.0,1
ENSG00000116221,2.017095,3.3776085,1
ENSG00000143801,1.8481622,1.871059,1
ENSG00000180667,1.7601933,2.0492568,1
ENSG00000143294,2.5685518,2.969374,1
ENSG00000184908_1,0.46523753,0.0,1
ENSG00000162813_1,1.4090066,0.90607095,1
ENSG00000225632,0.22182094,0.0,1
ENSG00000293477,0.87199086,0.0,1
ENSG00000282843,0.20084912,0.0,1
ENSG00000160714,2.8256812,2.445682,1
ENSG00000123689,1.131611,2.2534542,1
ENSG00000134371,2.7234576,2.8388875,1
ENSG00000175707,1.0636286,1.3299468,1
ENSG00000163191,0.98192734,0.0,1
ENSG00000174950,0.723723,0.0,1
ENSG00000287217,0.22075589,0.0,1
ENSG00000066027,2.6003885,2.6722827,1
ENSG00000155366,2.124305,0.0,1
ENSG00000043514,1.9983188,2.6999044,1
ENSG00000158887_1,0.34766498,1.4879793,1
ENSG00000197472,1.2745206,0.6381597,1
ENSG00000120948,2.5862458,3.2081563,1
ENSG00000152092,1.0719055,1.1418573,1
ENSG00000117592,2.6428266,3.265596,1
ENSG00000169641,1.2448232,2.4298153,1
ENSG00000153187_3,2.3688424,2.026288,1
ENSG00000188783,0.40475965,0.0,1
ENSG00000274265_2,1.5491408,1.4416213,1
ENSG00000226835,1.5347508,0.0,1
ENSG00000263528,1.6690371,2.3836772,1
ENSG00000160789_5,1.4045026,1.3177083,1
ENSG00000225880,2.453241,2.0101302,1
ENSG00000154380_1,1.6884731,1.3700614,1
ENSG00000233290_1,0.11920643,0.0,1
ENSG00000000938_2,1.3636376,1.6207293,1
ENSG00000185104,2.696615,2.5609105,1
ENSG00000126091,2.6357944,2.172016,1
ENSG00000143036_1,1.1417075,0.0,1
ENSG00000143545,0.90597284,1.896708,1
ENSG00000126709,1.5955402,0.0,1
ENSG00000227733_1,0.31143698,0.5671323,1
ENSG00000227963,1.9937141,1.6823256,1
ENSG00000228794_2,0.1623154,0.0,1
ENSG00000143179_2,0.17342351,0.0,1
ENSG00000143761_2,0.35312444,0.0,1
ENSG00000143363,1.9902474,0.0,1
ENSG00000143409_1,1.1207653,1.7960885,1
ENSG00000117862,2.121205,0.0,1
ENSG00000116525,1.0168706,2.0569239,1
ENSG00000162522_2,0.77513415,0.0,1
ENSG00000215915,1.0812205,1.7633755,1
ENSG00000279430,1.4682637,0.96703756,1
ENSG00000143353_1,2.4804475,1.2014599,1
ENSG00000159023_1,2.230015,2.1205344,1
ENSG00000156171,1.6293267,2.5639472,1
ENSG00000143318,0.5387904,0.0,1
ENSG00000227868,0.08558068,0.0,1
ENSG00000162545,1.280462,1.2995727,1
ENSG00000171357,0.95153993,0.9716469,1
ENSG00000203667,2.532947,3.1821206,1
ENSG00000162851,2.4146836,2.734479,1
ENSG00000054392_1,2.1443164,1.7747797,1
ENSG00000130768,0.46488586,0.9284793,1
ENSG00000134201,0.64746195,1.1399388,1
ENSG00000189195,0.77810854,1.0871422,1
ENSG00000070759,2.2145102,2.3017027,1
ENSG00000198912,2.640517,2.665246,1
ENSG00000118473,0.6058859,0.0,1
ENSG00000116661,1.5237678,1.3747886,1
ENSG00000116675_1,1.7314851,1.6560886,1
ENSG00000117500,2.7975292,2.8508434,1
ENSG00000153187_1,0.5691088,0.0,1
ENSG00000126088_1,0.9065867,1.0631832,1
ENSG00000085465_1,0.2772068,0.0,1
ENSG00000014914_1,0.3370537,0.8071493,1
ENSG00000162433,1.8906845,2.0194902,1
ENSG00000137992,1.7645406,2.2677934,1
ENSG00000226919,0.218304,0.0,1
ENSG00000185420,0.3833422,0.0,1
ENSG00000083444,2.4305165,2.3708608,1
ENSG00000157933_1,0.49396417,0.0,1
ENSG00000075151,2.341366,2.3004932,1
ENSG00000116161_1,3.0004969,3.5379148,1
ENSG00000162551,1.4353615,1.5975306,1
ENSG00000116663,2.0930765,1.8417035,1
ENSG00000169231,0.36551237,0.0,1
ENSG00000119280,1.508702,1.6563761,1
ENSG00000132681,0.32412973,0.0,1
ENSG00000199666,0.24976246,0.0,1
ENSG00000272426,2.1252885,0.0,1
ENSG00000143549_2,0.33935538,0.0,1
ENSG00000196449,2.4068098,2.4722152,1
ENSG00000162639,2.3384175,0.0,1
ENSG00000117262,2.3638835,1.6100317,1
ENSG00000117115_1,1.079333,1.82217,1
ENSG00000122432,2.6051857,2.3999054,1
ENSG00000175087,2.3859427,1.4368144,1
ENSG00000253368,1.4095966,1.5439688,1
ENSG00000009724,0.32942745,0.0,1
ENSG00000118454,2.6233869,2.5618203,1
ENSG00000158286,2.1226285,2.0263944,1
ENSG00000143365_1,0.352271,0.0,1
ENSG00000133216,1.8716476,1.884053,1
ENSG00000081721,2.4756567,2.6394835,1
ENSG00000162599_2,1.5646354,1.3693643,1
ENSG00000065600,2.3495293,2.5642812,1
ENSG00000047410_1,2.3058467,2.1167405,1
ENSG00000171819,0.39656445,0.0,1
ENSG00000123843,0.15784088,0.0,1
ENSG00000134668_1,0.3778412,0.0,1
ENSG00000125462_3,0.42951286,0.63820964,1
ENSG00000154342,1.5930631,1.5365584,1
ENSG00000143157,2.5278556,2.5409422,1
ENSG00000162618_1,0.120293155,0.0,1
ENSG00000197568,2.5253532,2.1178775,1
ENSG00000169224_1,0.18081415,0.0,1
ENSG00000184588_4,1.4486645,2.2391994,1
ENSG00000236963_2,0.3118343,0.0,1
ENSG00000143106,2.5370877,3.3466816,1
ENSG00000122483_1,2.638175,2.3961155,1
ENSG00000143549_1,2.5919168,3.8593628,1
ENSG00000198765,0.40638596,0.9561204,1
ENSG00000241794,0.10090027,0.0,1
ENSG00000076864_1,1.440667,1.3938208,1
ENSG00000131779,2.2301607,2.6325555,1
ENSG00000185946,2.2305782,2.6608882,1
ENSG00000290683,2.25995,2.8724248,1
ENSG00000131788,2.3365083,2.0136082,1
ENSG00000204219,0.84897035,1.0940937,1
ENSG00000143469_1,1.6024691,1.285062,1
ENSG00000162723,0.27419186,0.0,1
ENSG00000159388,2.804765,3.3426418,1
ENSG00000116748,0.16472524,0.0,1
ENSG00000162383_1,0.19606806,0.802678,1
ENSG00000168710_2,0.8900582,0.0,1
ENSG00000066136_1,2.9617562,1.9872863,1
ENSG00000198160,2.666429,2.6253545,1
ENSG00000082512_1,2.4862053,2.3146024,1
ENSG00000158109,1.8984492,1.6778805,1
ENSG00000127423,2.409365,0.0,1
ENSG00000159516,0.09067182,0.0,1
ENSG00000221978,2.7082477,2.5680866,1
ENSG00000117450,2.5019612,3.76979,1
ENSG00000085831,0.59532446,0.8633645,1
ENSG00000162702,2.4290397,2.456817,1
ENSG00000215835,0.35356817,2.687536,1
ENSG00000168765,1.8748622,2.5133908,1
ENSG00000203784,0.16803704,0.0,1
ENSG00000134243,0.22308257,0.0,1
ENSG00000226067,2.0655234,0.0,1
ENSG00000159377,2.1979291,2.9886026,1
ENSG00000172380,1.330882,2.6199954,1
ENSG00000212916,2.2331557,1.9221387,1
ENSG00000116771,1.4475919,2.1968832,1
ENSG00000234741_1,2.314904,3.0702116,1
ENSG00000143554,1.6505958,1.5994354,1
ENSG00000117298,0.4052898,1.2224563,1
ENSG00000163467,2.4436014,0.0,1
ENSG00000121634,0.18395911,0.0,1
ENSG00000244020,0.36586115,0.9113281,1
ENSG00000143156,1.4934756,0.0,1
ENSG00000178395,1.005128,0.96085113,1
ENSG00000173660,1.8205947,0.0,1
ENSG00000198162,2.631887,2.3980546,1
ENSG00000185668,1.8886411,2.386142,1
ENSG00000213064,2.5243986,2.7868054,1
ENSG00000009307,2.6321802,3.8464768,1
ENSG00000236963_1,0.18436785,0.86335856,1
ENSG00000143416,0.29836097,0.0,1
ENSG00000143621,2.2310617,0.0,1
ENSG00000184292,1.610748,1.6620586,1
ENSG00000162728,0.38801953,0.0,1
ENSG00000186409,1.5945953,0.0,1
ENSG00000078369_1,2.4714684,3.3206697,1
ENSG00000160087,2.3869107,2.8196795,1
ENSG00000242252,0.5243756,0.0,1
ENSG00000076356,1.4962689,1.4527521,1
ENSG00000134222,1.9122336,1.446767,1
ENSG00000185842,1.2010751,2.3393242,1
ENSG00000184677,2.2275543,2.4428654,1
ENSG00000203859,0.14008474,0.0,1
ENSG00000227421,0.09912927,0.0,1
ENSG00000229344,1.9774977,3.9164224,1
ENSG00000233730,0.5354671,0.0,1
ENSG00000236782,0.27918303,0.0,1
ENSG00000189337,1.5609792,1.5399413,1
ENSG00000143507_1,2.4880576,3.11585,1
ENSG00000117410,2.5171058,2.5421567,1
ENSG00000297423,2.5843673,1.5044165,1
ENSG00000250719,0.14747807,0.0,1
ENSG00000176393,2.2289367,2.5899272,1
ENSG00000016490,0.108019195,0.0,1
ENSG00000186160,0.12174362,0.0,1
ENSG00000196154,0.4859833,2.5169213,1
ENSG00000163565_1,1.7420406,2.8200483,1
ENSG00000121753_1,1.8793895,1.8632932,1
ENSG00000122482_2,2.3804824,2.539578,1
ENSG00000153187,0.18057354,2.3270645,1
ENSG00000120332,0.31532744,0.0,1
ENSG00000034971,0.33830097,0.0,1
ENSG00000175087_1,2.478253,0.0,1
ENSG00000133048,0.41928485,0.0,1
ENSG00000143851,1.6015319,1.7752753,1
ENSG00000235200,0.16226058,0.0,1
ENSG00000116151_1,2.661673,1.9289639,1
ENSG00000054282,2.389983,0.0,1
ENSG00000142959,0.33573756,0.0,1
ENSG00000154429,2.007251,2.1678548,1
ENSG00000162704,2.777114,3.732504,1
ENSG00000213625,2.6099505,2.3214328,1
ENSG00000116584_4,1.0083274,0.0,1
ENSG00000271252,0.29223242,0.0,1
ENSG00000020633,2.6024697,3.2122517,1
ENSG00000132122_2,1.1156665,1.256785,1
ENSG00000162852,2.6743486,2.3421462,1
ENSG00000118197,2.6475246,2.2799177,1
ENSG00000143125,0.17874913,0.0,1
ENSG00000081692,2.4005024,0.0,1
ENSG00000134248,2.3907416,3.0744836,1
ENSG00000116745,0.13202722,0.0,1
ENSG00000134389,0.06833036,0.0,1
ENSG00000213047_1,2.1103344,1.6539358,1
ENSG00000160789_4,1.9890825,3.0029647,1
ENSG00000184144,0.7345089,1.4295585,1
ENSG00000197622,2.4591632,3.018276,1
ENSG00000291068,2.6027844,1.9559474,1
ENSG00000168710_1,2.6606205,1.3640254,1
ENSG00000076864,1.4268123,1.0729077,1
ENSG00000243062,0.21690695,0.0,1
ENSG00000162636,2.3991911,2.1945698,1
ENSG00000203857,0.122993425,0.0,1
ENSG00000133055,0.3284503,0.63491035,1
ENSG00000120334_1,2.3556805,2.9142585,1
ENSG00000135824_1,0.19098066,0.7724684,1
ENSG00000174502,0.18056995,1.0150453,1
ENSG00000223883,0.27602378,0.0,1
ENSG00000117154,1.5175574,1.7173376,1
ENSG00000121905_1,1.2556466,1.0656544,1
ENSG00000238164,1.4222864,1.9388849,1
ENSG00000037637,2.67079,2.5652301,1
ENSG00000143226,0.23252155,0.0,1
ENSG00000143624,2.8180397,2.8077028,1
ENSG00000188782,0.20539813,0.89164895,1
ENSG00000159023,1.4529797,2.7494695,1
ENSG00000162688,2.0624475,0.0,1
ENSG00000197780,2.1235561,2.8179445,1
ENSG00000163207,0.48488113,0.0,1
ENSG00000215906,0.13970923,0.0,1
ENSG00000121446,0.1567183,0.0,1
ENSG00000054116,2.6784203,2.690699,1
ENSG00000237463,0.14052291,0.0,1
ENSG00000273004_1,1.4080299,1.2961034,1
ENSG00000153187_4,2.7238455,3.0035036,1
ENSG00000116685,2.3591154,2.6026404,1
ENSG00000236427,0.82520884,0.0,1
ENSG00000160712,1.9544555,1.9521141,1
ENSG00000142669,2.4908164,0.0,1
ENSG00000117020_1,1.7402161,1.0594877,1
ENSG00000134242,1.5450076,2.6933486,1
ENSG00000284657,2.3736796,1.8990705,1
ENSG00000142599_1,1.0364658,0.0,1
ENSG00000173171,2.0374749,1.396025,1
ENSG00000227533,1.9836729,0.0,1
ENSG00000117519,1.528386,1.9830035,1
ENSG00000117614,2.4434886,3.1899364,1
ENSG00000067704,2.15211,2.9384112,1
ENSG00000097046,2.226629,2.5916166,1
ENSG00000162399,0.46221554,0.0,1
ENSG00000143702_3,2.2796428,1.7087556,1
ENSG00000162775,2.7348878,2.743396,1
ENSG00000225206_1,0.88552606,2.0290468,1
ENSG00000117505,2.7944894,2.8261461,1
ENSG00000253313,0.35828903,0.0,1
ENSG00000142657_2,1.6957031,0.0,1
ENSG00000143006,0.9547165,1.2075806,1
ENSG00000143418_2,2.1341937,2.4164724,1
ENSG00000160075_1,2.682203,3.1067348,1
ENSG00000286391,1.1966916,0.5180662,1
ENSG00000152763_1,2.3411877,0.0,1
ENSG00000203709,1.9851257,2.0497568,1
ENSG00000065135,2.4287212,3.0203116,1
ENSG00000143740,1.3157328,0.9199824,1
ENSG00000117625,2.5794194,2.5953639,1
ENSG00000188910_1,0.26712853,0.0,1
ENSG00000116747_1,2.6710784,2.828642,1
ENSG00000184371_2,2.274927,1.9562645,1
ENSG00000153207,2.4536307,2.6136453,1
ENSG00000168118,1.8396915,2.281129,1
ENSG00000173436_1,2.7595336,3.1414466,1
ENSG00000132676_1,2.4582875,3.0551107,1
ENSG00000134697,2.188656,2.9414582,1
ENSG00000184371_1,1.6911467,2.3222399,1
ENSG00000120937,1.0347795,0.0,1
ENSG00000168264_2,2.6986268,3.2787879,1
ENSG00000185860,0.10278033,0.0,1
ENSG00000134369_1,1.0333269,1.2599521,1
ENSG00000157916,2.6434233,2.9718852,1
ENSG00000223944,0.44779947,0.0,1
ENSG00000150681,0.05044549,0.0,1
ENSG00000143036,1.3424761,1.0456007,1
ENSG00000183853,0.8903234,0.90955603,1
ENSG00000230424,2.8427186,2.2548718,1
ENSG00000121481,2.0365942,2.420807,1
ENSG00000126070,2.6533482,2.4328122,1
ENSG00000163877,2.0776982,2.5015864,1
ENSG00000142789,0.22441494,0.0,1
ENSG00000181773,1.4304019,1.5114743,1
ENSG00000142765,1.2646624,1.9995655,1
ENSG00000143850,0.3153535,0.0,1
ENSG00000117601,0.15663941,0.0,1
ENSG00000203666,1.6478897,1.4680666,1
ENSG00000236719,0.35173288,0.0,1
ENSG00000143093,2.1971905,2.2772698,1
ENSG00000244038,2.459236,2.9782107,1
ENSG00000143401_1,2.3031976,3.523174,1
ENSG00000074964_1,0.4961839,0.0,1
ENSG00000116871,2.5430665,2.8908064,1
ENSG00000157978,1.7685338,2.308639,1
ENSG00000186891,0.83693236,1.9023075,1
ENSG00000271576,2.1114902,1.0929661,1
ENSG00000142698,0.73381823,1.4072889,1
ENSG00000162771,0.1236939,0.0,1
ENSG00000007923,2.281059,2.7432353,1
ENSG00000218510,2.5729141,2.1046202,1
ENSG00000163565_2,1.9964999,3.6110847,1
ENSG00000173409,2.3405864,0.0,1
ENSG00000121957_1,2.0424497,1.3989291,1
ENSG00000160741_1,2.7366707,2.7108238,1
ENSG00000142875_5,0.09912828,0.0,1
ENSG00000077254,2.0284095,2.4914892,1
ENSG00000162571_1,0.32878855,0.0,1
ENSG00000134207,1.3197688,1.3773427,1
ENSG00000163374,2.7558424,2.2032778,1
ENSG00000118292,0.49098414,0.0,1
ENSG00000116750_1,1.941267,1.7409229,1
ENSG00000157933,1.9437143,1.3825933,1
ENSG00000185155,1.5439583,1.3430736,1
ENSG00000116983,1.0458355,0.0,1
ENSG00000116747,2.6800196,2.9595752,1
ENSG00000142583_2,0.4907165,1.0024685,1
ENSG00000143669_1,1.1645128,1.1985168,1
ENSG00000186150,0.34737644,0.0,1
ENSG00000198830,2.2260714,3.5167732,1
ENSG00000197959,1.7803437,1.5034775,1
ENSG00000119283,1.3337452,1.4628022,1
ENSG00000236358,1.5646123,0.0,1
ENSG00000178104_2,0.35628545,0.0,1
ENSG00000123836_1,1.7031325,0.0,1
ENSG00000117479,2.398775,2.0131617,1
ENSG00000117133,1.8711659,2.962863,1
ENSG00000134255_1,2.8798444,2.8750439,1
ENSG00000143756,2.283723,2.5825984,1
ENSG00000163564,0.17912507,0.0,1
ENSG00000162551_1,0.21482988,0.7076553,1
ENSG00000158710_1,2.043743,0.0,1
ENSG00000064886,0.47518274,0.0,1
ENSG00000130764,2.4428833,2.5874302,1
ENSG00000143390,0.4415361,0.0,1
ENSG00000181817,2.3928854,2.3698168,1
ENSG00000158615,2.9671247,2.8071568,1
ENSG00000188290,1.4809935,1.4898179,1
ENSG00000273727,1.4139555,0.0,1
ENSG00000143032,1.3574923,0.8786539,1
ENSG00000162374_2,0.2306288,0.72419393,1
ENSG00000228794,1.0835996,0.98365337,1
ENSG00000198815_1,2.6745098,2.8209977,1
ENSG00000287839,0.48582807,0.0,1
ENSG00000000938_1,2.0255759,2.9644623,1
ENSG00000009790_1,1.7426361,0.0,1
ENSG00000021852_1,0.15099303,0.0,1
ENSG00000117000,2.4781506,2.3443804,1
ENSG00000143514_1,0.11318143,0.92510575,1
ENSG00000240409,2.047582,4.2366633,1
ENSG00000117400,0.17558904,0.0,1
ENSG00000230461,0.23328927,0.0,1
ENSG00000075151_1,1.3430169,1.4781479,1
ENSG00000181218,2.0561297,2.4421644,1
ENSG00000162825,1.8959743,0.0,1
ENSG00000069248,2.4102492,2.683708,1
ENSG00000142599_2,2.5171268,2.2144015,1
ENSG00000162496,0.701856,1.171785,1
ENSG00000203747,0.16857629,0.0,1
ENSG00000235358_1,2.0166304,0.0,1
ENSG00000154305,2.130705,2.4238863,1
ENSG00000076321,2.098354,2.187374,1
ENSG00000134215_1,1.7777063,1.9230107,1
ENSG00000186603,1.9544864,2.1789596,1
ENSG00000163263,0.18973367,0.0,1
ENSG00000197880,0.5379559,0.0,1
ENSG00000085831_2,1.4721112,1.1239822,1
ENSG00000198198,2.46732,2.1833751,1
ENSG00000280670,2.2557747,0.0,1
ENSG00000234222,1.560523,1.0906107,1
ENSG00000143401,2.0982718,0.0,1
ENSG00000134371_1,1.6033676,1.3971053,1
ENSG00000196878_1,0.2336771,0.0,1
ENSG00000157060,1.3455446,1.2544272,1
ENSG00000122483,1.9226804,1.7396514,1
ENSG00000134216,0.31602257,0.0,1
ENSG00000116497,2.7261374,2.2168517,1
ENSG00000205116,0.729693,1.460221,1
ENSG00000181656,0.49875638,0.0,1
ENSG00000171680_4,0.34902066,0.8048887,1
ENSG00000122417_1,2.0545251,2.051307,1
ENSG00000160075,2.7619932,2.0343757,1
ENSG00000117625_1,1.8612336,1.1570244,1
ENSG00000132128,2.3999598,2.5851493,1
ENSG00000090432,1.7627224,1.8551798,1
ENSG00000117298_1,1.7700438,1.8312937,1
ENSG00000178715,0.4769767,1.8119702,1
ENSG00000202056,0.38168228,0.0,1
ENSG00000117148,0.45032942,1.393066,1
ENSG00000236963,0.10135044,0.0,1
ENSG00000058085,0.86447823,0.0,1
ENSG00000084070_1,2.471626,3.1704142,1
ENSG00000154358_1,0.42862394,0.0,1
ENSG00000117335,2.4612787,3.181512,1
ENSG00000159173_1,0.3037717,0.0,1
ENSG00000286106,1.7818294,1.4117712,1
ENSG00000158195,2.7771862,3.055768,1
ENSG00000168275_1,2.622407,2.2056482,1
ENSG00000198691_1,0.17914455,0.0,1
ENSG00000203963,0.3631621,0.715995,1
ENSG00000238142,0.6352024,0.75528014,1
ENSG00000223382,0.4671174,0.0,1
ENSG00000066185,1.3510724,0.0,1
ENSG00000284770,2.0391238,0.0,1
ENSG00000215717,2.268367,2.3821216,1
ENSG00000025800_1,0.2079777,0.0,1
ENSG00000160072,2.463135,2.6790426,1
ENSG00000092847_1,2.0631917,0.0,1
ENSG00000137996,2.40919,3.0976112,1
ENSG00000142632_2,0.32856682,0.0,1
ENSG00000177868,2.2690961,1.7971983,1
ENSG00000186517,2.5492995,2.4862235,1
ENSG00000232671,2.6324024,1.3663296,1
ENSG00000224051_1,1.2724334,0.0,1
ENSG00000173662,0.5696372,0.0,1
ENSG00000162384,2.595392,2.1672554,1
ENSG00000162745_1,1.3275124,0.9821808,1
ENSG00000171603,2.0793908,3.019216,1
ENSG00000070886,1.7118114,1.6400838,1
ENSG00000162692,0.64668864,0.0,1
ENSG00000121764,1.1689683,0.0,1
ENSG00000142892,1.1829687,0.0,1
ENSG00000014914,0.29702514,0.8672317,1
ENSG00000162670_1,0.15647382,0.0,1
ENSG00000215883,1.9840178,2.036461,1
ENSG00000188295,2.2674859,1.9872845,1
ENSG00000162909,0.31161132,0.0,1
ENSG00000188672_1,1.9472842,1.3603017,1
ENSG00000088035,2.1152377,0.0,1
ENSG00000162913,1.0894991,1.0299112,1
ENSG00000201558,1.7213315,2.3559875,1
ENSG00000291158_1,2.2988355,2.4979932,1
ENSG00000203804,2.2756999,0.8159561,1
ENSG00000277610,1.8208268,0.0,1
ENSG00000219481,1.915831,1.6138735,1
ENSG00000143514_2,2.3001673,2.1310313,1
ENSG00000159339,0.21963052,0.68185604,1
ENSG00000163435,0.7056733,2.1271663,1
ENSG00000290735,1.6146351,2.9276063,1
ENSG00000162391,0.40900397,0.7772702,1
ENSG00000143793_1,2.0222967,2.4042861,1
ENSG00000227496,0.13111223,0.0,1
ENSG00000187815,1.9394904,1.7604451,1
ENSG00000007968,2.3976076,2.5830173,1
ENSG00000085552,1.0330709,0.0,1
ENSG00000175262,0.23816535,0.0,1
ENSG00000117266,0.8218611,1.7270367,1
ENSG00000184007_2,2.991537,3.5611086,1
ENSG00000230426_1,0.099164054,0.0,1
ENSG00000163462_1,0.68811625,0.9384697,1
ENSG00000163485,0.7890569,0.8433574,1
ENSG00000133019,1.0765793,0.0,1
ENSG00000163563,1.2964097,3.0261817,1
ENSG00000116171,1.2912644,1.7946972,1
ENSG00000116791_1,2.1333191,3.202916,1
ENSG00000293279,2.2519157,0.0,1
ENSG00000243709,0.7857346,1.3502151,1
ENSG00000203786,0.121092305,0.0,1
ENSG00000134262,2.2153656,2.0238407,1
ENSG00000137936_2,1.5684026,2.0462103,1
ENSG00000116183,0.10933271,0.0,1
ENSG00000162757,2.288973,1.7539529,1
ENSG00000183856,0.83505595,1.6814493,1
ENSG00000117751,2.3706954,2.4356964,1
ENSG00000118873,2.5979416,2.3920865,1
ENSG00000183780,1.4754229,1.7078255,1
ENSG00000081026,2.0205224,1.480998,1
ENSG00000225206,0.48055455,0.5474301,1
ENSG00000160679,2.6649892,3.1503541,1
ENSG00000188672,0.27355888,0.0,1
ENSG00000094975,2.96257,2.1060889,1
ENSG00000143320,0.7032595,0.0,1
ENSG00000120949,0.6219948,1.1459419,1
ENSG00000137947,2.2947342,3.0050046,1
ENSG00000204084,2.306568,2.4504185,1
ENSG00000229989,0.49030074,0.0,1
ENSG00000213366,0.93046445,1.5692885,1
ENSG00000287396,0.1877486,0.0,1
ENSG00000117523,2.6162183,3.354888,1
ENSG00000204160,2.4479964,3.1107445,1
ENSG00000117054_2,2.5666,3.2250843,1
ENSG00000143437,2.4808357,2.1734195,1
ENSG00000181450,2.1938658,2.2023385,1
ENSG00000131697,2.3009207,2.006102,1
ENSG00000266094,2.470273,2.8937674,1
ENSG00000134240,0.32642612,0.0,1
ENSG00000244057,0.16275845,0.0,1
ENSG00000184371,1.4322695,2.3030448,1
ENSG00000001461,1.5395533,0.0,1
ENSG00000090621_1,2.053408,3.3206406,1
ENSG00000162630,0.4965839,0.70208573,1
ENSG00000049245,2.1880667,2.30656,1
ENSG00000200972,0.63582665,2.2653463,1
ENSG00000004487,2.4937541,3.0676138,1
ENSG00000158473,0.77352077,1.6277856,1
ENSG00000143412,0.23615257,1.4166987,1
ENSG00000162676,1.2164308,1.9313053,1
ENSG00000158825,0.51557356,0.0,1
ENSG00000142657_1,2.1411393,1.1356541,1
ENSG00000163154,1.3667662,0.0,1
ENSG00000067533,1.6371282,1.8563784,1
ENSG00000117640,2.3431304,1.979143,1
ENSG00000156875,2.542386,2.8393824,1
ENSG00000203697,0.19951431,0.0,1
ENSG00000175137,2.0965636,1.4044368,1
ENSG00000198049,0.7463829,0.0,1
ENSG00000135775,2.275686,2.350597,1
ENSG00000282718,0.47250703,0.6478923,1
ENSG00000203705,2.5345483,2.5443497,1
ENSG00000198797,0.7065082,1.7232931,1
ENSG00000116329,1.6110677,1.38144,1
ENSG00000154027_3,1.1310567,0.0,1
ENSG00000272205,2.3548946,1.6934631,1
ENSG00000143543,2.646529,2.8182523,1
ENSG00000143569,2.7696807,2.9303172,1
ENSG00000162623,2.0385678,2.9327426,1
ENSG00000204084_1,1.5667275,0.0,1
ENSG00000162946,1.3919206,0.96085113,1
ENSG00000184908,0.45112586,0.91826314,1
ENSG00000203865,2.2951033,0.0,1
ENSG00000048707,1.3990035,0.0,1
ENSG00000021852,0.12680529,0.0,1
ENSG00000186118,0.11669235,0.8115616,1
ENSG00000173171_1,1.9754919,2.5587914,1
ENSG00000162571,0.54421294,0.8672317,1
ENSG00000198700,2.4630754,2.6528747,1
ENSG00000198520,2.3366024,0.0,1
ENSG00000143393_1,2.4429266,2.5734982,1
ENSG00000081985,1.1281185,1.0481309,1
ENSG00000163534,0.19363628,0.0,1
ENSG00000203709_1,2.2497776,1.7922025,1
ENSG00000143590,1.1365947,1.8367734,1
ENSG00000274428,0.97357166,0.0,1
ENSG00000117594,0.19740444,0.8026438,1
ENSG00000142694,1.4201658,1.3601085,1
ENSG00000092969,0.3680558,0.0,1
ENSG00000178096,1.3782686,0.0,1
ENSG00000179163,2.374933,1.9735574,1
ENSG00000171793,2.342337,2.9075403,1
ENSG00000202408,1.3411002,1.827895,1
ENSG00000117602,1.1059935,1.2938728,1
ENSG00000162591,1.4894713,1.3966352,1
ENSG00000173369,0.23712292,1.0258995,1
ENSG00000207181,0.8841714,0.0,1
ENSG00000143748,2.035581,0.0,1
ENSG00000079335_2,2.2575896,1.8128065,1
ENSG00000054118,2.9273002,3.2161288,1
ENSG00000188643,0.3925409,0.0,1
ENSG00000117560,0.6832326,1.3018327,1
ENSG00000117009,0.9634496,0.0,1
ENSG00000117174,2.1423094,3.013709,1
ENSG00000117411_1,0.9562078,1.2753482,1
ENSG00000007341_2,2.6139214,1.775756,1
ENSG00000137944_1,2.4951,2.4595237,1
ENSG00000177301_2,1.4223908,1.7227162,1
ENSG00000130762,1.4665375,1.4045259,1
ENSG00000286172,1.9441624,2.380441,1
ENSG00000117616_1,2.429801,2.7379348,1
ENSG00000132716,2.8930876,2.7524402,1
ENSG00000116985,1.9027513,2.0785294,1
ENSG00000122481,2.0344098,2.3671284,1
ENSG00000143847,1.5284051,1.9408699,1
ENSG00000274266,1.4330353,2.0818512,1
ENSG00000143772,1.1534504,2.2266128,1
ENSG00000187800,0.63633555,0.0,1
ENSG00000231507,2.5577362,1.5560576,1
ENSG00000157873_2,2.2906318,2.1590073,1
ENSG00000163545,1.2494895,1.999722,1
ENSG00000142687,2.5102308,2.5494263,1
ENSG00000198570,0.6724445,0.64466506,1
ENSG00000060642,2.7291758,1.5219092,1
ENSG00000116251_2,1.689402,1.4911796,1
ENSG00000116791,1.7675029,3.2052667,1
ENSG00000287684,0.5875374,1.001041,1
ENSG00000133067_1,0.14207067,0.50498706,1
ENSG00000203747_1,0.15203919,0.0,1
ENSG00000133069_2,0.29259214,0.0,1
ENSG00000116205,2.457382,2.3582356,1
ENSG00000143256,2.5274353,3.0129426,1
ENSG00000175793,0.6780604,1.0066799,1
ENSG00000174842,2.4476292,2.3838584,1
ENSG00000198216,2.2180812,2.6748428,1
ENSG00000158022,0.13767241,0.7772767,1
ENSG00000163909,1.3860459,0.9449266,1
ENSG00000134369_3,0.35930368,0.0,1
ENSG00000162777,2.7134125,2.9370463,1
ENSG00000160691,0.32068714,0.0,1
ENSG00000293505,1.9202652,0.0,1
ENSG00000273274,0.9560898,1.0191579,1
ENSG00000249087_1,2.122313,0.5860019,1
ENSG00000228382,0.7443133,0.0,1
ENSG00000142621_3,0.4057976,0.0,1
ENSG00000116863,2.5151188,2.3627012,1
ENSG00000116580,2.10097,2.4530935,1
ENSG00000187961,1.6756399,2.1310601,1
ENSG00000132122_1,1.1822034,0.8805735,1
ENSG00000207205,2.2575486,2.8987975,1
ENSG00000156869,0.53712803,0.0,1
ENSG00000183317,0.7278936,1.2851295,1
ENSG00000158006,1.6849856,0.0,1
ENSG00000158786,0.23973024,0.0,1
ENSG00000178965,0.99819165,1.1387635,1
ENSG00000118298,0.40356287,0.0,1
ENSG00000178585,2.5609376,2.205356,1
ENSG00000163565,0.476154,0.0,1
ENSG00000286619,1.5550238,1.47201,1
ENSG00000259030,1.6268874,2.3636703,1
ENSG00000142684,2.133974,2.917471,1
ENSG00000162643,1.1561059,0.0,1
ENSG00000134259,0.8965225,1.3494252,1
ENSG00000280587,0.46190235,0.0,1
ENSG00000117758,2.7486396,2.3386736,1
ENSG00000085998,2.2922223,2.2451794,1
ENSG00000171517,1.4355093,1.0594498,1
ENSG00000107404,2.300719,1.9770099,1
ENSG00000009709_1,1.0751212,0.8652935,1
ENSG00000157870,2.1244712,1.6721256,1
ENSG00000172456_2,2.2528753,1.3326,1
ENSG00000240038,0.18282588,0.0,1
ENSG00000132676,1.51117,1.9291021,1
ENSG00000196189_1,1.5021552,0.97160053,1
ENSG00000135776,2.5594,2.2706254,1
ENSG00000116717,2.3270237,2.9312508,1
ENSG00000117360,2.3252244,2.7807896,1
ENSG00000097021_3,2.505201,2.3336487,1
ENSG00000121851,2.1034477,2.6537614,1
ENSG00000134198,1.1716952,1.2040114,1
ENSG00000158711,2.8416195,2.2383723,1
ENSG00000185090,1.7713828,2.0045793,1
ENSG00000065243,2.6262364,2.571596,1
ENSG00000203785,0.06841239,0.0,1
ENSG00000079277_1,1.9331199,1.7384158,1
ENSG00000152061_3,0.40792507,0.0,1
ENSG00000117020_2,1.9710505,1.1109599,1
ENSG00000162415,1.5218041,1.380356,1
ENSG00000174348,0.9866977,1.1629227,1
ENSG00000204362,0.125356,0.0,1
ENSG00000213047_2,1.558362,1.5114822,1
ENSG00000157881,2.1560588,2.5152512,1
ENSG00000162604,2.2887647,2.612771,1
ENSG00000285554,2.2411454,2.385474,1
ENSG00000116539_1,2.7119982,2.363969,1
ENSG00000143702_2,2.712445,2.5948012,1
ENSG00000177272,1.8047959,1.6200423,1
ENSG00000231252,0.16969886,0.3938734,1
ENSG00000207349,0.5304334,0.0,1
ENSG00000198746,2.2081525,1.9996959,1
ENSG00000188643_1,0.37887925,0.9113228,1
ENSG00000224870,2.430664,2.1965299,1
ENSG00000228794_1,2.5865784,2.37289,1
ENSG00000162601,2.0022461,0.0,1
ENSG00000196517_1,0.76177216,1.3925738,1
ENSG00000172339,2.1740634,2.2958858,1
ENSG00000188060,1.2347432,0.0,1
ENSG00000187634_2,1.5074722,1.0494312,1
ENSG00000133059_1,2.1342814,1.8480042,1
ENSG00000198821,0.4462117,1.0557222,1
ENSG00000180758,2.215315,1.5659304,1
ENSG00000293271,1.3517023,0.65747654,1
ENSG00000079335,0.10181541,0.0,1
ENSG00000162910,2.2690637,2.5459685,1
ENSG00000198691,0.13439237,0.0,1
ENSG00000179403,1.7493479,1.8648409,1
ENSG00000143194,0.86347723,0.6818741,1
ENSG00000286389,1.4585718,0.9761206,1
ENSG00000151414_1,0.12149228,0.0,1
ENSG00000162434_1,1.5692217,1.5460242,1
ENSG00000116266,2.505449,2.6209114,1
ENSG00000134376,0.1183173,0.0,1
ENSG00000049089_2,1.2172552,1.0390967,1
ENSG00000170382,1.2328496,1.5946356,1
ENSG00000031698,2.058822,2.2854314,1
ENSG00000174332,0.11490892,0.0,1
ENSG00000143641,2.652091,2.163239,1
ENSG00000133019_1,1.3531855,1.1408222,1
ENSG00000142627,1.099718,1.2240822,1
ENSG00000143493,2.876099,2.4881048,1
ENSG00000078900_1,0.31783983,0.8824107,1
ENSG00000198793,2.2273848,0.0,1
ENSG00000183155,2.593148,2.5343091,1
ENSG00000197530_1,2.5164912,1.3919402,1
ENSG00000116698,2.698538,2.570718,1
ENSG00000116857,1.729013,2.0012836,1
ENSG00000118733,0.28862444,0.0,1
ENSG00000130770,2.7400064,3.704522,1
ENSG00000116459_1,2.4990284,3.5720568,1
ENSG00000142623,0.31282705,0.0,1
ENSG00000162374,0.16369177,0.0,1
ENSG00000171612,2.4686277,2.406506,1
ENSG00000225630,2.315781,3.2055833,1
ENSG00000237491,2.7112715,1.8708485,1
ENSG00000162520,1.2855781,0.0,1
ENSG00000130766,2.1949222,2.2074673,1
ENSG00000137936,0.26189804,0.0,1
ENSG00000143164,2.597915,2.7528012,1
ENSG00000121905,0.48897484,0.0,1
ENSG00000290569,2.111552,0.0,1
ENSG00000078808,2.5599382,2.8134768,1
ENSG00000053371,2.4805908,2.5411272,1
ENSG00000171960,1.9624045,2.7005825,1
ENSG00000116459,2.0227065,2.7433412,1
ENSG00000183780_1,1.6893584,1.576157,1
ENSG00000130695,2.582655,2.2866967,1
ENSG00000197852,1.7609046,1.8182985,1
ENSG00000132781_2,2.4578676,2.4555757,1
ENSG00000258082,2.6833243,1.6820999,1
ENSG00000160789_3,0.26358393,0.0,1
ENSG00000215704,0.10525328,0.0,1
ENSG00000142875_3,0.14958301,0.8613552,1
ENSG00000054392,0.33665124,0.0,1
ENSG00000264294,2.680716,2.0977397,1
ENSG00000132688,0.5039575,1.1867586,1
ENSG00000160710_2,2.5889254,0.8989116,1
ENSG00000196482,0.22236298,0.0,1
ENSG00000213047,2.0925124,1.6130909,1
ENSG00000142875_2,0.13287687,0.0,1
ENSG00000117650,2.0902188,2.6254802,1
ENSG00000143443,1.4386817,1.3150252,1
ENSG00000198758,0.6275385,0.0,1
ENSG00000227579,0.11784907,0.0,1
ENSG00000203910,0.76072675,0.91305053,1
ENSG00000184588_5,0.2763805,0.67584246,1
ENSG00000125703,2.421912,0.0,1
ENSG00000186007_1,0.41397324,0.0,1
ENSG00000163395,0.39322707,0.0,1
ENSG00000160055,2.411073,1.6724396,1
ENSG00000159352,2.1604686,2.702675,1
ENSG00000181036_1,0.24062815,0.0,1
ENSG00000135747,2.0169985,1.9024429,1
ENSG00000185630,0.76066226,0.9670516,1
ENSG00000293264,0.75994766,0.0,1
ENSG00000134698,1.7154528,1.9503648,1
ENSG00000162814,1.6259416,0.0,1
ENSG00000171824,2.2636967,3.0030985,1
ENSG00000143552,0.51558965,0.0,1
ENSG00000143369,0.2466677,0.0,1
ENSG00000222046,0.41718262,0.0,1
ENSG00000248333,2.7277796,2.890132,1
ENSG00000287453,0.19167094,0.0,1
ENSG00000163202,0.17436014,0.0,1
ENSG00000234593,0.23641868,0.0,1
ENSG00000127125,2.6776645,2.6505377,1
ENSG00000155363,2.4151032,1.1995083,1
ENSG00000159588,0.24582358,0.0,1
ENSG00000198625,2.923502,2.9215438,1
ENSG00000284719,1.7504383,0.0,1
ENSG00000223956,0.07878632,0.0,1
ENSG00000137968,0.10004328,0.0,1
ENSG00000162894_1,2.0197077,2.161476,1
ENSG00000157216_1,2.3634176,2.538018,1
ENSG00000085433,1.9415197,1.9954202,1
ENSG00000162946_1,0.122969836,0.5969268,1
ENSG00000187642,0.45442626,0.0,1
ENSG00000162669,0.81607205,1.2275525,1
ENSG00000121933_1,0.13833083,0.0,1
ENSG00000116285,1.9268776,1.8174398,1
ENSG00000162373,0.8275255,0.96238357,1
ENSG00000291158_2,1.9927863,2.4165573,1
ENSG00000215808,0.23087989,0.0,1
ENSG00000265107,0.48592576,0.0,1
ENSG00000127124_2,0.16857146,0.0,1
ENSG00000162616_1,1.998983,0.0,1
ENSG00000186226,0.17574373,0.0,1
ENSG00000237950,2.598963,0.0,1
ENSG00000272106,2.4999282,1.6691308,1
ENSG00000162522,1.5771794,1.323314,1
ENSG00000159214_1,1.6858392,1.2552484,1
ENSG00000117151,2.6179256,2.4953458,1
ENSG00000163050,2.5438702,1.9958282,1
ENSG00000135845,1.9578353,2.0870285,1
ENSG00000186364,1.922234,1.4205333,1
ENSG00000174606_1,2.1779249,2.412679,1
ENSG00000154309_1,0.34662673,0.0,1
ENSG00000134200,0.10296199,0.0,1
ENSG00000122188,1.201181,0.0,1
ENSG00000198756,1.1791749,1.5920657,1
ENSG00000177628_1,0.57567155,2.0624766,1
ENSG00000163362,0.45118895,0.0,1
ENSG00000117155,2.3085935,1.9250696,1
ENSG00000132781,2.7575095,2.241671,1
ENSG00000142920,1.18228,0.9865478,1
ENSG00000203985,0.21299236,0.0,1
ENSG00000162843,0.11914827,0.0,1
ENSG00000230426_2,0.109347746,0.0,1
ENSG00000123472,0.134006,0.0,1
ENSG00000159592_2,1.7912796,0.0,1
ENSG00000224445,0.060032573,0.0,1
ENSG00000049246,1.807257,0.0,1
ENSG00000203943,0.47107434,0.0,1
ENSG00000116774_1,0.32516685,0.0,1
ENSG00000132881,2.2229538,0.0,1
ENSG00000275538,2.294472,2.9155924,1
ENSG00000230138,0.8529069,0.0,1
ENSG00000143630,1.4997811,1.4379566,1
ENSG00000169598_1,1.8142611,1.9180409,1
ENSG00000149527_1,0.37472042,0.0,1
ENSG00000137948_1,0.11180046,0.0,1
ENSG00000143119,1.0237993,2.525199,1
ENSG00000162378,1.9697577,2.3225956,1
ENSG00000163382,2.1197326,2.0676472,1
ENSG00000164011,2.3854368,2.1043437,1
ENSG00000232284,0.38029918,0.0,1
ENSG00000132718,1.9620826,2.4315455,1
ENSG00000291157,0.18765792,0.0,1
ENSG00000162365,0.33587685,0.0,1
ENSG00000143257,0.18467683,0.0,1
ENSG00000287338,0.21543646,0.7320961,1
ENSG00000224093,0.6793174,0.9639294,1
ENSG00000134258,0.42155376,0.0,1
ENSG00000162374_1,0.24615093,0.0,1
ENSG00000069275,2.2113068,2.9657927,1
ENSG00000162734,2.4513361,3.000976,1
ENSG00000177614,1.6698684,1.87616,1
ENSG00000188822,1.7118143,0.0,1
ENSG00000188092,2.1340802,2.6620255,1
ENSG00000163874,2.5037582,2.35858,1
ENSG00000182901,1.5847942,1.5062072,1
ENSG00000225767,0.44458723,0.78899515,1
ENSG00000158748,1.6297337,1.5192293,1
ENSG00000155367,1.967758,1.260739,1
ENSG00000215866,0.93314105,1.0024685,1
ENSG00000285053_1,0.51763195,0.0,1
ENSG00000286383,0.17617485,0.0,1
ENSG00000162923_1,0.18210493,0.0,1
ENSG00000132693,0.13434006,0.0,1
ENSG00000143811,2.4204197,2.477989,1
ENSG00000236546,0.46421275,0.0,1
ENSG00000158292,1.7219201,1.818892,1
ENSG00000164010,2.370344,2.3437827,1
ENSG00000234694,2.268525,1.5119195,1
ENSG00000000457,2.7468956,2.3725235,1
ENSG00000227043,0.13308702,0.0,1
ENSG00000159479,2.4738379,2.6366293,1
ENSG00000291234,0.8129437,0.0,1
ENSG00000196182,2.7703133,2.01127,1
ENSG00000157131,0.11136785,0.0,1
ENSG00000117411,1.9877871,2.2170758,1
ENSG00000011009,2.0687892,2.279546,1
ENSG00000197241,0.31606868,0.52671397,1
ENSG00000162873_1,0.3674263,0.7321363,1
ENSG00000143252,2.0041242,0.0,1
ENSG00000158315,0.5623726,0.0,1
ENSG00000266094_1,0.5247837,0.0,1
ENSG00000182749,1.9350961,1.9838517,1
ENSG00000171385_1,1.8466253,1.5837314,1
ENSG00000060688,2.6609523,3.1672375,1
ENSG00000134686,2.5356948,1.7333739,1
ENSG00000132906,2.3607273,0.0,1
ENSG00000143469,0.15862899,0.0,1
ENSG00000188004,1.477975,0.0,1
ENSG00000224000,0.1195896,0.0,1
ENSG00000168264_1,2.5013316,2.2081456,1
ENSG00000174332_1,1.722726,1.4358603,1
ENSG00000152104,1.4319131,1.8905329,1
ENSG00000121775,2.6805298,2.437657,1
ENSG00000168159,2.7024584,2.837355,1
ENSG00000164007,0.608784,0.0,1
ENSG00000142949,0.27217588,0.0,1
ENSG00000235782,0.13622078,0.0,1
ENSG00000142621,0.16706495,0.0,1
ENSG00000185519,1.2901424,1.4166905,1
ENSG00000270276,2.7129767,3.3913746,1
ENSG00000230426,0.6645308,0.0,1
ENSG00000131233,0.10074389,0.0,1
ENSG00000171806,2.2663946,2.1855054,1
ENSG00000134375,2.5286996,0.0,1
ENSG00000142973,0.40726689,0.0,1
ENSG00000134193,0.10319605,0.0,1
ENSG00000116337_3,2.1085079,0.0,1
ENSG00000164008,2.4327304,2.1006668,1
ENSG00000163468,0.26329693,0.0,1
ENSG00000173614,2.2144163,0.0,1
ENSG00000198626,1.5311195,1.526559,1
ENSG00000228288,1.673081,0.0,1
ENSG00000142583,2.1237862,0.0,1
ENSG00000188910,0.44784972,0.0,1
ENSG00000291141_1,1.1881956,1.4548296,1
ENSG00000117594_1,0.16488174,0.0,1
ENSG00000132906_1,2.5031402,2.1248596,1
ENSG00000155816,1.3686019,0.0,1
ENSG00000160781,0.74761534,0.0,1
ENSG00000162458_1,1.1801248,1.0481699,1
ENSG00000183508,1.5270401,1.0404441,1
ENSG00000064703_2,2.6043599,2.5381362,1
ENSG00000173436,1.4770942,1.4880004,1
ENSG00000204624,1.6763113,1.4597241,1
ENSG00000272438,1.6094376,1.2908356,1
ENSG00000177628,0.32576704,0.96553093,1
ENSG00000133056,2.5044854,2.5034912,1
ENSG00000212144,0.11324912,0.0,1
ENSG00000266472,1.6172857,3.0421462,1
ENSG00000118655,2.6664994,2.5604663,1
ENSG00000198734,0.9295433,0.0,1
ENSG00000116455,2.4327896,2.7925646,1
ENSG00000285873,1.9267312,1.7755085,1
ENSG00000123472_1,2.416154,2.4061823,1
ENSG00000168528_1,1.3331332,1.8106155,1
ENSG00000079335_1,2.312806,2.1197968,1
ENSG00000116882,0.122176275,0.0,1
ENSG00000136634,1.6070654,1.5002776,1
ENSG00000158246,1.1354614,1.1408222,1
ENSG00000162819,2.3930626,2.4892833,1
ENSG00000232679,0.8365631,0.0,1
ENSG00000282881,0.20544942,0.42709643,1
ENSG00000155380,0.18410213,0.0,1
ENSG00000142621_1,1.1202675,0.75277036,1
ENSG00000162687,0.4568037,0.0,1
ENSG00000160753,1.0660747,1.208315,1
ENSG00000116675_3,1.2747788,1.0177426,1
ENSG00000169972,2.2245243,1.9973034,1
ENSG00000117676_1,1.6741023,1.3031528,1
ENSG00000162694_1,1.6549648,2.5721395,1
ENSG00000162526,0.53430957,0.75024605,1
ENSG00000117480,1.3448962,1.3588862,1
ENSG00000171621,1.6955508,1.6234767,1
ENSG00000143158,2.769253,2.8129294,1
ENSG00000143442,2.11557,2.1207714,1
ENSG00000143603,1.6674064,0.0,1
ENSG00000287627,0.14444454,0.0,1
ENSG00000226486,0.12970026,0.0,1
ENSG00000151418,0.13986667,0.0,1
ENSG00000237928,0.12022227,0.0,1
ENSG00000143222,2.0733252,3.0145876,1
ENSG00000154511,2.6979718,2.2734065,1
ENSG00000183386_1,1.4407457,1.8483801,1
ENSG00000282221,1.0574596,1.4577684,1
ENSG00000236810,2.4182627,1.8333766,1
ENSG00000278274,0.82577205,1.1783149,1
ENSG00000120333,0.36609107,1.0494041,1
ENSG00000117713,2.405461,2.5148,1
ENSG00000236975,0.3332662,0.80716956,1
ENSG00000132849,1.7599725,1.6760714,1
ENSG00000057468,0.8046333,1.339193,1
ENSG00000169242,1.1474766,1.3319938,1
ENSG00000163462,0.59996146,1.0765276,1
ENSG00000160710_3,2.0667727,2.9571617,1
ENSG00000163346,1.6614984,0.0,1
ENSG00000155816_1,0.29102924,0.0,1
ENSG00000215784,2.455601,2.7531157,1
ENSG00000290525,0.17074983,0.0,1
ENSG00000174827,0.30349866,0.5553726,1
ENSG00000224977,2.3566306,0.0,1
ENSG00000134709,2.104746,1.5784558,1
ENSG00000173673,0.25338814,0.0,1
ENSG00000160789_2,0.3982944,0.0,1
ENSG00000162736_1,0.30426776,0.7912695,1
ENSG00000116824,0.13904582,0.0,1
ENSG00000203288,1.6694528,0.0,1
ENSG00000203852,2.5798085,3.7737339,1
ENSG00000143013,2.4916432,2.5784993,1
ENSG00000132677,0.6755498,0.0,1
ENSG00000225556,1.1134261,1.7013867,1
ENSG00000143179_1,2.6365974,2.5938075,1
ENSG00000081248,0.33108357,0.0,1
ENSG00000122180,0.36888653,0.0,1
ENSG00000054267,2.4786966,1.0122339,1
ENSG00000092978,1.8574644,0.0,1
ENSG00000064703,1.6926321,1.8499658,1
ENSG00000168528,0.147947,0.0,1
ENSG00000184588_3,0.25811526,0.0,1
ENSG00000184588,1.2910088,1.523187,1
ENSG00000142634,2.251816,3.1755002,1
ENSG00000133069_1,0.22530031,0.0,1
ENSG00000126091_1,0.1930828,0.0,1
ENSG00000117600_1,0.85008854,0.0,1
ENSG00000234222_1,2.480499,1.9726586,1
ENSG00000156876,2.3278534,2.679417,1
ENSG00000281406,0.5414496,0.73481584,1
ENSG00000158887,1.3583664,0.0,1
ENSG00000184330,0.12899885,0.0,1
ENSG00000162739,1.6045737,2.9052534,1
ENSG00000228309,0.120545074,0.0,1
ENSG00000214193_1,2.1072176,1.9410118,1
ENSG00000116690,0.121110916,0.0,1
ENSG00000134186,2.429353,2.9747374,1
ENSG00000186063_1,1.8988183,0.0,1
ENSG00000204178,1.8667277,2.0222428,1
ENSG00000116670_2,1.6405661,1.4647131,1
ENSG00000291242,1.0702991,0.0,1
ENSG00000230630_1,0.3638861,0.0,1
ENSG00000116337_2,2.2811325,1.8725584,1
ENSG00000092621,0.7611559,2.608739,1
ENSG00000116984,2.432526,2.7247329,1
ENSG00000158793,2.5384357,2.1180828,1
ENSG00000117394,0.83920395,1.0417085,1
ENSG00000122482,2.5305824,1.5735736,1
ENSG00000082497_1,0.31768367,0.0,1
ENSG00000137942,1.3015182,1.3748399,1
ENSG00000186094,0.6894726,0.0,1
ENSG00000122224,1.6032252,0.0,1
ENSG00000162745,0.1528429,0.0,1
ENSG00000228594,1.8375288,1.7186677,1
ENSG00000162390,0.6404226,0.0,1
ENSG00000163159,2.28994,2.4270866,1
ENSG00000203666_2,2.1427908,1.749968,1
ENSG00000143842_1,0.12915398,0.0,1
ENSG00000162613,3.0822077,3.722029,1
ENSG00000175984,1.3198568,0.77246106,1
ENSG00000143622_1,1.8674895,2.2213542,1
ENSG00000230550,0.19433223,0.0,1
ENSG00000162695,2.425029,2.793895,1
ENSG00000171492,2.4644554,2.1830478,1
ENSG00000157330,0.1638047,0.0,1
ENSG00000198492,2.0262163,3.0996876,1
ENSG00000119285,1.9619704,0.0,1
ENSG00000177606,2.154094,1.871573,1
ENSG00000143799,0.22368555,0.0,1
ENSG00000287808,2.0682623,0.0,1
ENSG00000224616,2.31859,1.2583115,1
ENSG00000132849_1,0.14310594,0.0,1
ENSG00000074800,0.61034733,1.6535888,1
ENSG00000079739,1.9578096,2.5995884,1
ENSG00000157077,2.004386,1.8381877,1
ENSG00000157184,2.3725517,2.598983,1
ENSG00000290592_1,0.65502775,0.0,1
ENSG00000186564,1.9915445,1.7170627,1
ENSG00000143228,2.4675052,2.9369025,1
ENSG00000162819_1,1.9671699,1.9744458,1
ENSG00000117245,0.5827662,0.8027395,1
ENSG00000116731,2.517823,2.2842028,1
ENSG00000233514,0.2249069,2.0888658,1
ENSG00000276600,0.40872315,0.9880236,1
ENSG00000204138_1,0.52293926,0.0,1
ENSG00000223075,0.12505785,0.0,1
ENSG00000160783,2.5294335,2.9131248,1
ENSG00000154222,2.6002014,2.0615127,1
ENSG00000197530_2,0.6951609,1.1250842,1
ENSG00000203724,1.9970661,1.6022879,1
ENSG00000117682,2.169316,2.047045,1
ENSG00000291156,1.2676181,0.0,1
ENSG00000176393_1,1.2397393,0.0,1
ENSG00000231666,0.15260898,0.0,1
ENSG00000094963,0.14468154,0.0,1
ENSG00000142910_1,0.2990436,0.0,1
ENSG00000231605,0.25502434,0.0,1
ENSG00000143320_1,0.6926566,0.7105151,1
ENSG00000077585,2.2230642,2.9887862,1
ENSG00000143702_1,1.2815782,0.0,1
ENSG00000162512,1.8432144,1.9628427,1
ENSG00000233602,0.23774774,0.0,1
ENSG00000117602_1,1.6993859,1.2423675,1
ENSG00000163156,2.161496,2.6624339,1
ENSG00000235750,2.2012346,2.442345,1
ENSG00000264522,2.2371895,2.0359738,1
ENSG00000067334,2.0165222,2.6503289,1
ENSG00000143669,2.6463473,1.892929,1
ENSG00000116874,0.2447728,0.0,1
ENSG00000007933,0.107187025,0.0,1
ENSG00000186197_1,1.4855443,1.7344638,1
ENSG00000196418,0.11888745,0.0,1
ENSG00000135749,1.5926512,2.230178,1
ENSG00000196187_1,0.39637133,0.0,1
ENSG00000143768,0.70673364,1.668521,1
ENSG00000117298_3,2.3034976,2.8309093,1
ENSG00000084623,0.40796155,0.70489657,1
ENSG00000154429_2,1.3811125,1.8021817,1
ENSG00000207501,2.439592,3.3327978,1
ENSG00000232077,0.13523246,0.0,1
ENSG00000197989,2.6401505,3.2623348,1
ENSG00000122477,0.12240425,0.0,1
ENSG00000162402,2.5930526,2.3900921,1
ENSG00000024526,2.0639381,2.5965598,1
ENSG00000054392_2,2.1044223,0.0,1
ENSG00000143674,1.4974767,1.0430084,1
ENSG00000097033,2.6823118,0.0,1
ENSG00000116514,2.4540393,2.381945,1
ENSG00000225206_2,0.19872765,0.0,1
ENSG00000159363,1.5384657,2.0602634,1
ENSG00000121486,2.3475535,2.2896068,1
ENSG00000116703,0.19078757,0.0,1
ENSG00000226067_1,1.7040801,1.1499884,1
ENSG00000287445,1.7343073,1.0717385,1
ENSG00000143196,0.32503587,0.0,1
ENSG00000183814,2.5171638,2.3473125,1
ENSG00000116584_3,1.8612251,1.7587606,1
ENSG00000207056,0.11621577,0.0,1
ENSG00000130940,1.2099538,1.5193028,1
ENSG00000154370,2.2554,2.529158,1
ENSG00000135824_2,0.71058446,0.0,1
ENSG00000163472,2.4505095,1.5516342,1
ENSG00000173110,1.8931345,0.0,1
ENSG00000179397,2.0938952,0.0,1
ENSG00000142945,2.578482,3.0206761,1
ENSG00000158715,1.3694303,1.6934104,1
ENSG00000135778,1.8295124,2.529651,1
ENSG00000142910,0.45234254,0.8266578,1
ENSG00000117091,2.3041937,3.7228699,1
ENSG00000116251_1,0.42672873,0.68181086,1
ENSG00000171680_2,0.3088802,0.0,1
ENSG00000131591,1.688757,1.8474,1
ENSG00000186205,1.4988667,1.5026183,1
ENSG00000133019_2,0.17171098,0.0,1
ENSG00000143512,0.25421652,0.0,1
ENSG00000184588_1,0.1010239,0.5553605,1
ENSG00000174307,2.3294327,2.1232145,1
ENSG00000189410,0.51375055,1.1020218,1
ENSG00000160691_3,2.3691833,2.3868787,1
ENSG00000224174,0.41652676,0.0,1
ENSG00000273002,1.6626717,1.9567398,1
ENSG00000207340,0.55200243,0.0,1
ENSG00000116133,2.542777,3.1143107,1
ENSG00000223175,0.10077405,0.0,1
ENSG00000162836,1.4377879,1.3424128,1
ENSG00000162896_1,0.43534175,0.0,1
ENSG00000180287,0.12582758,0.0,1
ENSG00000119535,0.23902792,0.0,1
ENSG00000207241,0.4419844,1.2075536,1
ENSG00000143321,1.8443111,1.8048683,1
ENSG00000164002,2.1183538,1.756487,1
ENSG00000189195_1,0.0972872,0.0,1
ENSG00000162711,0.54092276,1.6542189,1
ENSG00000233593_1,1.092311,1.4563661,1
ENSG00000237463_1,0.12584405,0.0,1
ENSG00000134249,0.40195182,0.0,1
ENSG00000171680_3,1.3169048,1.3286242,1
ENSG00000131781_2,2.298529,2.6291015,1
ENSG00000188807,2.3609776,2.0634835,1
ENSG00000196189,0.6365219,0.0,1
ENSG00000131781,0.6308885,0.0,1
ENSG00000143390_2,2.7580197,2.6576676,1
ENSG00000284686,0.27160704,0.0,1
ENSG00000082497,1.4079368,1.4369097,1
ENSG00000198841,2.4142892,2.5035114,1
ENSG00000116670_1,1.5276784,1.4038923,1
ENSG00000238142_1,0.4667926,0.7425759,1
ENSG00000158882,1.9074295,0.0,1
ENSG00000233482,0.09892362,0.0,1
ENSG00000187889,0.44880137,0.0,1
ENSG00000198483,0.5140415,0.0,1
ENSG00000224968,0.14524408,0.86136115,1
ENSG00000159173,0.30702153,0.0,1
ENSG00000162688_1,0.31110612,0.7936249,1
ENSG00000223764,1.278382,1.3657312,1
ENSG00000116586,2.2446916,2.9099307,1
ENSG00000085840,2.4591434,2.654032,1
ENSG00000117281,0.16322339,0.0,1
ENSG00000277344,0.60812676,0.0,1
ENSG00000143190,2.2894993,2.5049098,1
ENSG00000175206,0.4056434,0.604118,1
ENSG00000016602,0.064540446,0.0,1
ENSG00000137960_1,1.3428105,1.38144,1
ENSG00000168148,0.9386447,1.1570032,1
ENSG00000127124_3,2.1418638,2.058183,1
ENSG00000142686,2.369268,2.0684717,1
ENSG00000162676_2,1.2526954,1.9909158,1
ENSG00000186007,0.1356488,0.3821972,1
ENSG00000235545,2.3853528,0.0,1
ENSG00000274265,2.2620294,1.8414596,1
ENSG00000134247,1.4057066,2.1041796,1
ENSG00000118194_3,0.39260224,0.6697816,1
ENSG00000085832,0.1572204,0.9545802,1
ENSG00000177788,1.7663068,0.0,1
ENSG00000116819,1.3309497,0.0,1
ENSG00000226026,1.9105428,0.0,1
ENSG00000295836,1.5047636,1.1782861,1
ENSG00000235942,0.18973632,0.0,1
ENSG00000123836,0.108965516,0.0,1
ENSG00000242485,2.493747,3.3341298,1
ENSG00000163565_3,1.4019415,2.2467446,1
ENSG00000133065,1.4942735,1.3437827,1
ENSG00000117475_1,1.9036199,1.7344813,1
ENSG00000132704,0.215919,2.118906,1
ENSG00000143303,2.529679,2.690639,1
ENSG00000143344,2.5847716,2.2744582,1
ENSG00000049089_1,1.2301134,1.2020876,1
ENSG00000168509,0.20565285,0.0,1
ENSG00000049247,0.12010698,0.0,1
ENSG00000142615,0.1311586,0.0,1
ENSG00000069424_1,2.1921668,3.0223749,1
ENSG00000160097_1,0.6408855,0.0,1
ENSG00000116260,2.4208593,2.773507,1
ENSG00000082512,1.9804635,2.5277717,1
ENSG00000188157,2.0635788,2.2368066,1
ENSG00000137975,0.13097976,0.0,1
ENSG00000143643,2.6703413,2.3434618,1
ENSG00000162873_2,0.28736869,0.0,1
ENSG00000163155,2.0688858,0.0,1
ENSG00000179914,0.2365964,0.0,1
ENSG00000036549_1,1.6419444,2.24968,1
ENSG00000162892,0.3155834,0.0,1
ENSG00000197245,0.15634777,0.0,1
ENSG00000163125,2.2893677,2.8028147,1
ENSG00000131781_1,0.58787376,1.1377338,1
ENSG00000162592,0.24919577,0.0,1
ENSG00000249087,2.364865,1.359642,1
ENSG00000163485_1,0.6348397,1.1904718,1
ENSG00000000971,0.13377805,0.0,1
ENSG00000136636,2.019219,2.4317658,1
ENSG00000238260,1.962057,0.0,1
ENSG00000163209,0.07361083,0.0,1
ENSG00000143452,0.39099136,0.0,1
ENSG00000226891,0.9041732,0.0,1
ENSG00000228526,2.429241,2.2995944,1
ENSG00000117155_2,2.2758753,2.344058,1
ENSG00000168243_1,0.6067738,0.8392266,1
ENSG00000143315,1.8683708,2.09072,1
ENSG00000163468_1,2.3803823,3.7028673,1
ENSG00000143390_1,2.0844715,1.5188297,1
ENSG00000152760,0.856989,1.1263165,1
ENSG00000092847,0.24887137,0.0,1
ENSG00000143850_1,0.5151259,1.0351815,1
ENSG00000116990,1.8815953,1.3645698,1
ENSG00000197530,2.4097066,1.7852159,1
ENSG00000171161,2.660918,2.5978706,1
ENSG00000252135,0.20917146,0.7502306,1
ENSG00000116793,2.515478,1.3045552,1
ENSG00000222650,0.15459351,2.0581753,1
ENSG00000241563,0.38894948,0.92683613,1
ENSG00000162438,0.3069343,0.0,1
ENSG00000184270,2.7444775,3.5729365,1
ENSG00000152078,1.6050013,1.4101189,1
ENSG00000116679,2.6848495,2.865981,1
ENSG00000134243_1,1.7813549,2.0278957,1
ENSG00000137955,2.3417382,3.2579257,1
ENSG00000162694,1.2705463,0.0,1
ENSG00000240021,0.3440876,0.0,1
ENSG00000136636_1,0.090065226,0.0,1
ENSG00000159348,1.781371,1.9294547,1
ENSG00000189334,0.5583332,0.0,1
ENSG00000143333,2.2304559,2.963951,1
ENSG00000185420_1,1.763901,2.2990975,1
ENSG00000163874_2,0.5353606,1.118526,1
ENSG00000162396,2.3438952,0.0,1
ENSG00000143303_1,2.4690406,1.2110671,1
ENSG00000162873,0.26146677,0.0,1
ENSG00000171680,0.7686076,0.0,1
ENSG00000163463_1,2.1297498,2.9653814,1
ENSG00000122482_1,2.7002203,2.451172,1
ENSG00000118193,2.1783168,2.3984382,1
ENSG00000082482,0.10743265,0.0,1
ENSG00000243725,1.5975897,2.7086995,1
ENSG00000116721,0.091481775,0.0,1
ENSG00000181873,2.8368669,2.0706363,1
ENSG00000123685,1.9996814,1.8812306,1
ENSG00000197769,0.20735987,0.0,1
ENSG00000171492_2,2.2036946,2.1349099,1
ENSG00000198400_1,1.3273124,1.301811,1
ENSG00000143158_1,2.6910176,2.8082852,1
ENSG00000143195,1.7980051,1.5463872,1
ENSG00000162585,2.2574065,2.5376956,1
ENSG00000185483,1.5222517,1.3443923,1
ENSG00000116337_4,1.1513988,0.7913116,1
ENSG00000097046_1,2.5881898,2.1167538,1
ENSG00000143570_1,2.3145142,1.8465846,1
ENSG00000160685,2.0497735,1.9938328,1
ENSG00000134183,0.22474541,0.0,1
ENSG00000230630,0.21898903,0.0,1
ENSG00000182866_1,0.2658413,0.0,1
ENSG00000184005,1.0193592,0.0,1
ENSG00000143494,2.287408,2.686632,1
ENSG00000157181,2.256825,2.277788,1
ENSG00000160753_2,2.0245793,2.105166,1
ENSG00000286071,0.1703646,0.0,1
ENSG00000121644,2.55139,2.318011,1
ENSG00000090621,1.912944,0.0,1
ENSG00000122417,0.3120156,0.0,1
ENSG00000185278,2.3471677,1.8569704,1
ENSG00000173218,1.7122252,1.8426716,1
ENSG00000142661,0.52169615,0.0,1
ENSG00000143507,0.6168083,0.0,1
ENSG00000143207,2.5759676,2.463333,1
ENSG00000226167,2.3888066,0.0,1
ENSG00000064703_1,2.3588018,2.656491,1
ENSG00000143337,1.8065697,1.3538586,1
ENSG00000168765_1,2.041568,1.8154781,1
ENSG00000272865,0.21350823,0.0,1
ENSG00000117143,2.5054839,1.6803129,1
ENSG00000121905_2,0.8971433,0.0,1
ENSG00000130775,2.043364,2.765459,1
ENSG00000228192,1.9168988,1.8268778,1
ENSG00000227733,0.50035983,0.0,1
ENSG00000234741,0.61496776,1.5248374,1
ENSG00000134202,1.1114424,0.0,1
ENSG00000121933,0.53273004,0.0,1
ENSG00000160856,0.25505832,1.0443045,1
ENSG00000131236_1,2.710409,2.8637552,1
ENSG00000184588_2,0.14643036,0.0,1
ENSG00000036549_2,2.73638,2.4279613,1
ENSG00000135763,2.5006447,2.094062,1
ENSG00000162437,1.570549,1.6500452,1
ENSG00000049089,0.85905904,0.8843138,1
ENSG00000158769,2.1030881,2.5891764,1
ENSG00000078618_1,0.8554608,0.0,1
ENSG00000229588,0.620541,1.1764386,1
ENSG00000168653,2.3387265,3.6784976,1
ENSG00000269113,1.4161493,1.156034,1
ENSG00000293478,1.1026202,1.8899568,1
ENSG00000116138,2.390091,2.0989861,1
ENSG00000116521_1,2.4039237,2.922014,1
ENSG00000117118_1,2.273008,3.2154815,1
ENSG00000197747_1,1.2482175,1.3942765,1
ENSG00000143393,2.4803917,2.4374192,1
ENSG00000143297,0.51053834,2.4006622,1
ENSG00000134716,0.83883214,0.0,1
ENSG00000135829,2.4647148,3.4323325,1
ENSG00000187017_1,1.2823535,1.334494,1
ENSG00000116539,2.8448055,2.3948894,1
ENSG00000116954,2.463805,2.2117424,1
ENSG00000116489,2.6579287,3.7534306,1
ENSG00000259788,2.2178035,0.0,1
ENSG00000143178,0.16219898,0.70205986,1
ENSG00000226758,0.09040937,0.0,1
ENSG00000203740,0.18162785,0.0,1
ENSG00000271380,2.8429444,1.560815,1
ENSG00000274020,0.18211927,0.0,1
ENSG00000160789_7,1.0377536,0.0,1
ENSG00000116212_1,2.167376,2.3796318,1
ENSG00000122484,2.421923,2.5335991,1
ENSG00000143515,1.8327905,1.8559914,1
ENSG00000237330,0.9115483,0.0,1
ENSG00000116977,1.4533166,2.7782228,1
ENSG00000082482_1,1.3658663,1.6224109,1
ENSG00000162600,2.247687,2.5933568,1
ENSG00000116251,2.465515,3.2212029,1
ENSG00000117069,0.51384664,1.4066764,1
ENSG00000121940,2.3656662,2.5778134,1
ENSG00000143127,0.16900636,0.0,1
ENSG00000180198_1,2.2810032,2.460206,1
ENSG00000224051,2.449691,2.3897648,1
ENSG00000135750,2.4127333,2.656558,1
ENSG00000135821_1,2.2469175,0.0,1
ENSG00000142875_4,0.11207399,0.0,1
ENSG00000023909,2.1671984,2.0250435,1
ENSG00000116604,2.6186454,2.7847884,1
ENSG00000117691,1.9044539,2.4653025,1
ENSG00000177000,0.25905284,0.0,1
ENSG00000067208,0.13171102,0.0,1
ENSG00000174514,1.5123149,1.2722826,1
ENSG00000273694,0.110881954,0.0,1
ENSG00000159208_1,0.54035795,0.0,1
ENSG00000235501,1.5750583,1.3942783,1
ENSG00000117525,1.2188793,1.1510326,1
ENSG00000132122,0.120731875,0.0,1
ENSG00000174371,2.4276464,2.291775,1
ENSG00000288867,0.2236088,0.0,1
ENSG00000266338,1.8434408,2.0999222,1
ENSG00000143434,1.3268672,1.238989,1
ENSG00000143198,2.2462165,0.0,1
ENSG00000126088,1.7606069,0.0,1
ENSG00000160688,1.9358227,0.0,1
ENSG00000011007,2.558616,2.844392,1
ENSG00000182004,2.1889298,3.5859118,1
ENSG00000184908_2,0.44169152,0.0,1
ENSG00000117215,0.4262993,0.0,1
ENSG00000162654,1.0045995,2.7025702,1
ENSG00000078900,2.3236897,2.3812559,1
ENSG00000143476,2.8479087,3.0521436,1
ENSG00000143473,1.3027539,0.99677426,1
ENSG00000162493_1,0.7470586,0.0,1
ENSG00000162817,1.3607963,1.5755111,1
ENSG00000127481,0.19085361,0.0,1
ENSG00000181036,0.36554638,0.0,1
ENSG00000116584_2,2.532614,2.8546824,1
ENSG00000228697,0.25722528,0.0,1
ENSG00000127603,2.2741776,1.8028557,1
ENSG00000132768,1.7657455,2.5376077,1
ENSG00000143437_1,2.408591,2.300791,1
ENSG00000118194_2,0.252896,0.0,1
ENSG00000058799,2.3416133,2.1021523,1
ENSG00000117036,2.448174,2.131686,1
ENSG00000230337,1.8082694,1.769067,1
ENSG00000004455_1,0.88298666,0.0,1
ENSG00000117640_1,2.5406945,1.1510142,1
ENSG00000200087,1.0306079,1.610394,1
ENSG00000196352,2.698601,2.7482114,1
ENSG00000117090,2.7321348,3.7894156,1
ENSG00000282564,1.5788339,1.2894552,1
ENSG00000143515_1,1.6819115,1.0871636,1
ENSG00000260971,0.19734456,0.0,1
ENSG00000158874,0.35153943,1.1142439,1
ENSG00000134245,1.5966395,1.005262,1
ENSG00000233593,0.7956468,0.70773196,1
ENSG00000187801,2.5319507,1.9609462,1
ENSG00000137962,1.527921,1.4390167,1
ENSG00000154429_1,1.8323711,2.0156488,1
ENSG00000171722,0.12103465,0.0,1
ENSG00000143013_1,1.9906157,1.2723151,1
ENSG00000118200,2.412294,2.1607566,1
ENSG00000196890,1.6077701,2.553378,1
ENSG00000182898,0.12728108,0.0,1
ENSG00000121454,0.98260397,1.2206049,1
ENSG00000186283,2.4369016,2.6561422,1
ENSG00000291137,0.35662588,0.0,1
ENSG00000171488,2.466739,2.3139937,1
ENSG00000143632,0.94540054,0.9217021,1
ENSG00000260088,2.395263,2.2207355,1
ENSG00000158887_2,0.23268269,0.8613552,1
ENSG00000235358,2.399513,1.2901905,1
ENSG00000070831,2.3375194,3.5604541,1
ENSG00000186056,2.7271328,1.7264909,1
ENSG00000117118,0.44978738,0.0,1
ENSG00000162676_1,1.8092656,2.299747,1
ENSG00000143514,0.13514642,0.0,1
ENSG00000162753,0.13024364,0.0,1
ENSG00000162490,1.6012021,1.2488312,1
ENSG00000117791,1.4405228,1.6268123,1
ENSG00000228606,0.93753886,1.3023525,1
ENSG00000230623_1,0.33133647,0.0,1
ENSG00000004455,2.4342687,3.1483219,1
ENSG00000134668,0.33481532,0.0,1
ENSG00000225675,2.3466113,1.4410506,1
ENSG00000117616,0.18538694,0.0,1
ENSG00000078369,2.4929383,1.9102187,1
ENSG00000186063,2.474295,2.5148225,1
ENSG00000154358,0.45404926,0.70205986,1
ENSG00000284543,0.9102146,2.407357,1
ENSG00000158481,0.29412678,1.8215135,1
ENSG00000269713,1.889289,2.0044074,1
ENSG00000178104_4,2.1882355,2.0230465,1
ENSG00000117305,2.1417696,0.0,1
ENSG00000143458,2.1522126,1.8702283,1
ENSG00000119280_1,0.6797119,0.81600255,1
ENSG00000163041,2.6782334,3.7494226,1
ENSG00000233008_1,0.79925853,0.0,1
ENSG00000203965,2.4369729,2.3145204,1
ENSG00000116273,2.2742214,2.153763,1
ENSG00000116833,0.15451317,0.0,1
ENSG00000188529,3.0305536,3.3788865,1
ENSG00000198890,1.8748277,2.7071552,1
ENSG00000143337_3,2.8321936,1.3783925,1
ENSG00000143627_1,0.2385093,0.0,1
ENSG00000275291,1.492772,0.0,1
ENSG00000143627,0.22043301,0.0,1
ENSG00000183347,0.2807999,0.0,1
ENSG00000136628,2.5287907,3.3037682,1
ENSG00000168275,2.7273705,3.0227458,1
ENSG00000158485,0.26498067,0.0,1
ENSG00000162909_1,1.7782295,2.0049744,1
ENSG00000122218,2.7616255,2.9426231,1
ENSG00000143622,1.2017078,1.3185225,1
ENSG00000160785,2.3676584,2.572932,1
ENSG00000090686,3.128024,2.8254325,1
ENSG00000169598,1.8942077,2.0622735,1
ENSG00000169914,2.4302986,2.2873313,1
ENSG00000203721,0.12853311,0.604118,1
ENSG00000117697,2.4909992,2.6652489,1
ENSG00000158710,1.8950583,1.0494196,1
ENSG00000274978,2.6855896,3.0892727,1
ENSG00000196660,1.1829556,1.1726321,1
ENSG00000183682,1.7645435,1.4907448,1
ENSG00000143851_1,2.4853501,3.2685406,1
ENSG00000116199,2.25149,2.193959,1
ENSG00000203739_1,2.5571678,1.8406079,1
ENSG00000122420,0.9837102,1.270003,1
ENSG00000153029,1.6300646,0.0,1
ENSG00000188015,0.19639692,0.0,1
ENSG00000198929,1.6737977,1.3743083,1
ENSG00000097021_1,0.29817453,0.0,1
ENSG00000163221,0.18107153,0.0,1
ENSG00000196482_4,0.71884423,0.0,1
ENSG00000065978_1,2.5391815,2.2016702,1
ENSG00000265972,2.0127268,2.3401744,1
ENSG00000157870_1,1.5692844,1.5030957,1
ENSG00000117322,1.5361959,1.3982526,1
ENSG00000117385,2.4576087,2.018301,1
ENSG00000196482_1,0.23132117,0.99387693,1
ENSG00000088280,0.4211466,0.0,1
ENSG00000168710,2.5133998,2.7881117,1
ENSG00000225265,1.8520635,1.6607801,1
ENSG00000047410,2.7313123,3.101977,1
ENSG00000169469,0.0833904,0.0,1
ENSG00000134253,1.5059174,1.3266021,1
ENSG00000203737,0.2495343,0.0,1
ENSG00000040487,2.4736192,1.9033668,1
ENSG00000049239,2.558077,2.104726,1
ENSG00000143450_1,0.1263063,0.0,1
ENSG00000176083,0.1430756,0.0,1
ENSG00000204859,2.109818,1.9928229,1
ENSG00000223694,0.1905847,0.0,1
ENSG00000116701_1,2.2724564,3.019158,1
ENSG00000117523_1,0.11830812,0.0,1
ENSG00000171502,0.6133157,1.1705551,1
ENSG00000143553,2.3645837,0.0,1
ENSG00000173728,0.4019793,0.0,1
ENSG00000143436,2.125429,2.997733,1
ENSG00000228436,2.1657717,0.0,1
