,Pred,actual,fold_idx
ENSG00000164756,0.10193352,0.0,10
ENSG00000158856_6,1.7223223,1.6674529,10
ENSG00000167601,0.66398174,0.0,10
ENSG00000129422_5,0.09702963,0.0,10
ENSG00000253190,2.207758,1.1311373,10
ENSG00000160957,2.4614916,0.0,10
ENSG00000160439_1,0.939849,0.0,10
ENSG00000141994,2.7082682,2.5309114,10
ENSG00000179271,2.193912,3.2808263,10
ENSG00000133739,2.1538393,2.326815,10
ENSG00000036565,0.0796453,0.0,10
ENSG00000215262,0.10094438,0.0,10
ENSG00000185900,2.3208673,2.0427487,10
ENSG00000131126,0.3276105,0.0,10
ENSG00000007129_1,0.10576685,0.0,10
ENSG00000167459,0.052208267,0.0,10
ENSG00000076554,0.082934596,0.0,10
ENSG00000166704,1.5020487,1.5286982,10
ENSG00000029534,0.5954431,0.0,10
ENSG00000064545,1.5088146,0.0,10
ENSG00000198453_1,1.1298366,1.6124129,10
ENSG00000032444,0.5636771,0.0,10
ENSG00000099795,1.6533055,0.0,10
ENSG00000228862,0.7135522,0.0,10
ENSG00000132554_1,1.4196082,0.0,10
ENSG00000257446,1.4753501,1.7146231,10
ENSG00000167904,2.6239066,2.4440713,10
ENSG00000142515,0.51546234,0.0,10
ENSG00000164825,0.49303842,0.0,10
ENSG00000130382_1,2.365376,2.5302253,10
ENSG00000104267,1.6215919,1.426934,10
ENSG00000160117_1,1.6264733,2.1018536,10
ENSG00000186583,0.25411358,0.0,10
ENSG00000214212,0.4299909,0.0,10
ENSG00000179751,1.0384473,1.201943,10
ENSG00000205186,0.033727314,0.0,10
ENSG00000164751,1.9477324,0.0,10
ENSG00000160014,2.7191975,3.1843166,10
ENSG00000204519,1.9794328,2.10631,10
ENSG00000167653,1.038151,0.0,10
ENSG00000251247_1,0.40468973,0.0,10
ENSG00000089351_3,0.8661522,1.5246531,10
ENSG00000266904,1.9297178,1.3519123,10
ENSG00000254777_1,1.5297832,1.2199773,10
ENSG00000167702,1.7131283,1.519245,10
ENSG00000105393,2.264738,2.9569087,10
ENSG00000105520,1.3131,2.207136,10
ENSG00000142530,2.0246692,0.0,10
ENSG00000167487,1.9527198,0.0,10
ENSG00000267213,2.643468,1.7004892,10
ENSG00000127666,1.6710894,2.347078,10
ENSG00000104886,2.715656,2.3716514,10
ENSG00000178685,0.47620025,0.0,10
ENSG00000204941,0.5279417,0.0,10
ENSG00000158856_4,1.0849671,1.2215551,10
ENSG00000167766,1.0027922,0.0,10
ENSG00000105707,0.58332586,1.261358,10
ENSG00000178209,1.9510865,1.8451725,10
ENSG00000083844,1.5502062,1.4641466,10
ENSG00000064490,2.576345,0.0,10
ENSG00000130818,1.4576299,1.9737927,10
ENSG00000249115,1.517448,2.4287047,10
ENSG00000165078,0.4435019,1.4086639,10
ENSG00000265817,0.40187755,1.6708857,10
ENSG00000171606_1,2.779348,2.0094128,10
ENSG00000167815,0.41021284,0.0,10
ENSG00000083845,2.3679426,4.2364216,10
ENSG00000201966,0.1515457,1.0218754,10
ENSG00000166289,2.1715267,1.528724,10
ENSG00000133863,0.6136123,2.2708442,10
ENSG00000185361,2.4015822,1.5985936,10
ENSG00000267133,0.16980305,0.0,10
ENSG00000104412,2.2150085,2.7479157,10
ENSG00000130332,2.505896,0.0,10
ENSG00000267855,1.7011639,3.3981364,10
ENSG00000099785_1,1.1480725,1.0090257,10
ENSG00000179943,2.6514397,1.9602376,10
ENSG00000123143_1,1.9643815,1.4959743,10
ENSG00000142002_1,0.41762453,0.0,10
ENSG00000286138,1.7112377,1.6444188,10
ENSG00000130813,1.7397838,2.0415623,10
ENSG00000125505,2.6032383,2.2968647,10
ENSG00000160973,0.64618874,2.2960484,10
ENSG00000147586_2,2.0728045,2.5671077,10
ENSG00000165046_1,2.360658,1.4179199,10
ENSG00000078674_1,2.8009682,2.9589236,10
ENSG00000078668,2.5906577,2.9121492,10
ENSG00000160633,2.8727372,3.306873,10
ENSG00000221914_2,0.26118287,0.0,10
ENSG00000104960,2.4696937,1.9383847,10
ENSG00000105700,2.238256,0.0,10
ENSG00000076944,1.788943,2.8275592,10
ENSG00000267879,0.53967553,0.0,10
ENSG00000105329_1,2.3843474,3.5728483,10
ENSG00000198633,0.55285275,0.8683505,10
ENSG00000142046,0.9722617,0.0,10
ENSG00000120903,0.405406,0.0,10
ENSG00000105202_3,2.185542,0.0,10
ENSG00000183207,1.578649,3.0156028,10
ENSG00000185697,2.3611953,1.3851414,10
ENSG00000126934,0.47253227,1.0464952,10
ENSG00000104774,0.91780865,0.0,10
ENSG00000178531,1.8280079,2.5559742,10
ENSG00000130167,0.19632018,0.0,10
ENSG00000105722,1.989811,0.0,10
ENSG00000167680,0.42934585,0.0,10
ENSG00000196081,0.37224215,1.8641561,10
ENSG00000287134,0.1304357,0.0,10
ENSG00000142546_1,1.448077,0.0,10
ENSG00000204866,0.18050055,0.0,10
ENSG00000104643,2.4818525,1.9486839,10
ENSG00000161681,1.5498924,1.7420099,10
ENSG00000160392_1,2.5078611,2.0950925,10
ENSG00000164930,1.5888885,1.4288634,10
ENSG00000105609,0.3449878,0.0,10
ENSG00000180900,2.0696611,2.101613,10
ENSG00000126267,1.4713285,3.786069,10
ENSG00000213023,0.9879714,1.1251884,10
ENSG00000201231,0.05778408,0.0,10
ENSG00000269834,0.7409898,0.0,10
ENSG00000066044,2.5078497,2.7830799,10
ENSG00000031823,2.7280512,2.3675292,10
ENSG00000105221_2,2.677741,2.6042585,10
ENSG00000171606,2.7380772,2.3470957,10
ENSG00000213999_1,2.3073921,2.1762216,10
ENSG00000105227,0.9807071,1.3123678,10
ENSG00000161016_1,2.5724564,4.086869,10
ENSG00000221878,0.49100685,0.0,10
ENSG00000187116,0.30663922,0.0,10
ENSG00000204882,0.5157443,0.0,10
ENSG00000254777,0.69731313,1.4259579,10
ENSG00000099797_1,0.8431385,0.0,10
ENSG00000205784,0.38869354,0.0,10
ENSG00000160877_1,2.3963966,2.531862,10
ENSG00000168481,1.7274027,1.4549972,10
ENSG00000254119,0.09745143,0.0,10
ENSG00000006015,2.5820649,2.501771,10
ENSG00000105499,0.8833902,1.2434349,10
ENSG00000105402,1.4729582,1.8061664,10
ENSG00000081665,0.8922396,0.0,10
ENSG00000099783,2.721607,3.6154134,10
ENSG00000186583_1,0.4144287,0.0,10
ENSG00000104814,0.16972874,1.1211658,10
ENSG00000207166,0.5221236,1.0962493,10
ENSG00000157168_2,1.5070063,1.5002228,10
ENSG00000129691_1,1.9614003,3.1405647,10
ENSG00000090661_1,1.714834,1.2598566,10
ENSG00000118620,1.9282783,2.3315873,10
ENSG00000290812,1.8612972,2.0072825,10
ENSG00000104679,1.4936677,0.0,10
ENSG00000064313,1.6982855,2.774514,10
ENSG00000012124,0.28591537,0.0,10
ENSG00000247317,1.8567009,1.5303278,10
ENSG00000105186,2.437138,2.4880145,10
ENSG00000105647,2.67533,2.2961142,10
ENSG00000105171,2.4462073,0.0,10
ENSG00000213996,1.4447389,1.3828596,10
ENSG00000029534_2,0.12179795,0.0,10
ENSG00000142534,2.3122,3.831333,10
ENSG00000196263,1.2828505,1.2598566,10
ENSG00000214456,1.4739687,0.0,10
ENSG00000104660,2.256074,2.7080986,10
ENSG00000121410,1.5036244,0.0,10
ENSG00000245857,0.97615975,1.1634297,10
ENSG00000182472,0.8974324,0.0,10
ENSG00000197766,0.83885515,0.0,10
ENSG00000253267,0.10118712,0.0,10
ENSG00000099821,1.9623756,2.0769207,10
ENSG00000130517,1.928872,0.0,10
ENSG00000029534_4,1.7719734,1.2001115,10
ENSG00000182315,0.06633814,0.0,10
ENSG00000105583,1.4183631,0.0,10
ENSG00000069206,0.08884869,0.0,10
ENSG00000266916,0.2087246,0.0,10
ENSG00000172733,2.1464658,1.8069867,10
ENSG00000141971_2,2.5164156,2.2080784,10
ENSG00000228801,2.3746686,1.6432256,10
ENSG00000167755,0.31344676,0.0,10
ENSG00000182325,2.355483,1.9605612,10
ENSG00000147533,2.3769164,2.8244188,10
ENSG00000147509,1.7930598,0.0,10
ENSG00000130270,2.222888,2.1498747,10
ENSG00000105321_1,1.1298878,1.490857,10
ENSG00000173875,2.503489,2.5105531,10
ENSG00000155926,0.54076356,0.0,10
ENSG00000213638,2.7103543,2.780065,10
ENSG00000252067,0.09897826,0.0,10
ENSG00000197937,0.913564,0.0,10
ENSG00000183309,2.4760284,2.0721064,10
ENSG00000197332,2.114735,1.8752928,10
ENSG00000203326,1.1730747,2.0017397,10
ENSG00000236144,2.3874044,2.1241617,10
ENSG00000142528,1.6234564,0.0,10
ENSG00000205396,0.1973464,0.0,10
ENSG00000260428,1.6304985,1.6696887,10
ENSG00000171033_1,0.060971357,0.0,10
ENSG00000170954,0.20864439,0.0,10
ENSG00000147642_2,1.8236045,0.0,10
ENSG00000179820,0.3353185,0.0,10
ENSG00000083838,2.3464794,1.2882046,10
ENSG00000147408_3,0.1307813,0.0,10
ENSG00000168575,0.07428674,0.0,10
ENSG00000167604_1,1.4969437,1.399137,10
ENSG00000104904,2.504962,3.9128919,10
ENSG00000185728_1,1.9508039,1.411687,10
ENSG00000089351_2,2.334622,1.1130404,10
ENSG00000153310,2.533205,2.6264205,10
ENSG00000172817,1.4664198,1.4713944,10
ENSG00000197124,0.9783876,0.0,10
ENSG00000250305,1.1783514,0.0,10
ENSG00000132554,0.696707,0.0,10
ENSG00000129968,2.089466,2.1727722,10
ENSG00000130528,1.5653994,2.4414437,10
ENSG00000104450_1,0.4855733,0.0,10
ENSG00000007264,1.984672,1.7839036,10
ENSG00000253105,0.08927973,0.7532766,10
ENSG00000076928_1,2.0944543,1.567224,10
ENSG00000223802,0.72446656,0.0,10
ENSG00000196110,1.8204663,0.0,10
ENSG00000179855,1.5928386,1.7709992,10
ENSG00000183617,1.9004185,2.1329956,10
ENSG00000176209,2.0195072,1.9942292,10
ENSG00000253507,0.09364672,0.0,10
ENSG00000175305_1,2.0294967,1.7140446,10
ENSG00000178896,2.688714,2.521491,10
ENSG00000126264,0.39287126,1.6150111,10
ENSG00000147689,0.4624797,0.0,10
ENSG00000105323,1.1868324,0.0,10
ENSG00000126246,2.5480118,2.0191662,10
ENSG00000233927,1.8437077,4.375638,10
ENSG00000130158,1.4071759,1.6189116,10
ENSG00000186806,2.3971548,0.0,10
ENSG00000152433,1.7367493,0.0,10
ENSG00000147434,0.05899314,0.0,10
ENSG00000104237_1,0.060326964,0.0,10
ENSG00000023287,2.3454075,2.5240078,10
ENSG00000008988,2.3949738,1.4416951,10
ENSG00000104312,2.3945484,2.4557886,10
ENSG00000008513,0.5847153,1.1952353,10
ENSG00000152443,1.3918016,2.1526062,10
ENSG00000164924,2.2807062,0.0,10
ENSG00000167034,1.6484818,1.3276653,10
ENSG00000181781,0.2039064,0.0,10
ENSG00000198453_2,0.51897305,1.221675,10
ENSG00000130725_1,2.7540004,2.6546674,10
ENSG00000248538_3,0.3676674,0.0,10
ENSG00000105289,0.6561191,0.698118,10
ENSG00000231924,0.41729507,0.0,10
ENSG00000182310,0.7148092,0.0,10
ENSG00000126243,0.5844617,0.0,10
ENSG00000105662,2.2674432,1.7904681,10
ENSG00000167671,0.68626785,0.0,10
ENSG00000141837_3,0.43103832,0.0,10
ENSG00000104635,2.0293512,2.1771438,10
ENSG00000269858,2.6856313,2.5179503,10
ENSG00000127616_2,1.2092018,1.4651449,10
ENSG00000178229,2.2917953,1.856064,10
ENSG00000202360,0.5733844,0.0,10
ENSG00000178150,0.20688212,2.497582,10
ENSG00000249859_7,1.0391783,3.2635982,10
ENSG00000235531,1.5145488,0.5825406,10
ENSG00000197540,0.9612012,0.0,10
ENSG00000147526,0.18945916,0.0,10
ENSG00000125753,2.1657968,3.3495262,10
ENSG00000130545,1.168445,0.7717344,10
ENSG00000126261,2.2853327,3.4697366,10
ENSG00000095066_2,2.284229,1.6098717,10
ENSG00000063176,2.5164042,1.5442418,10
ENSG00000141858,2.0937247,2.6429095,10
ENSG00000164893,0.09082081,0.0,10
ENSG00000169393,0.07151457,0.0,10
ENSG00000104907,0.95986867,2.5180926,10
ENSG00000132002,2.807162,2.510991,10
ENSG00000147588,0.045769386,0.0,10
ENSG00000199631,0.58070505,1.7745899,10
ENSG00000177045,2.2319865,1.9024924,10
ENSG00000240694,1.5005276,0.0,10
ENSG00000167637,1.1525718,2.1013725,10
ENSG00000105287_1,0.94791704,2.7109284,10
ENSG00000160949,2.3651366,2.2716768,10
ENSG00000105131,1.2426054,1.8844554,10
ENSG00000137561,1.5595403,1.8168045,10
ENSG00000105341,2.0894847,0.0,10
ENSG00000105197,2.4219575,0.0,10
ENSG00000267106,1.8850926,1.2509564,10
ENSG00000134830,0.21490963,0.0,10
ENSG00000105131_1,0.8227068,0.88606185,10
ENSG00000120925,2.5882683,1.8516252,10
ENSG00000130255,2.4295263,3.7983716,10
ENSG00000147437,0.089052096,0.0,10
ENSG00000164935_1,0.13050088,0.0,10
ENSG00000104368_1,0.30536908,0.0,10
ENSG00000177202,0.93832994,0.0,10
ENSG00000168081_2,0.22636239,0.0,10
ENSG00000268095,0.80611765,0.0,10
ENSG00000137574,2.4948006,0.0,10
ENSG00000167468,2.6661706,3.708313,10
ENSG00000105523_1,0.4850347,1.0343477,10
ENSG00000130669_1,0.5714384,0.6706354,10
ENSG00000104763,2.581007,2.6105547,10
ENSG00000167644,1.0521219,0.0,10
ENSG00000160161,0.78317344,1.7682384,10
ENSG00000164687,1.6682312,2.6899045,10
ENSG00000076554_2,0.18078618,0.0,10
ENSG00000156735_1,0.13655187,0.0,10
ENSG00000245149,2.7335258,2.0821712,10
ENSG00000171320_1,2.020495,0.0,10
ENSG00000171903_1,0.13955761,0.0,10
ENSG00000174917_1,2.4319167,2.7904913,10
ENSG00000104866,1.6843908,1.1311694,10
ENSG00000125755,2.436699,2.6388047,10
ENSG00000205744,0.43464094,0.0,10
ENSG00000104983,1.48644,0.0,10
ENSG00000269858_2,0.6732894,0.7034633,10
ENSG00000077348,2.2109075,0.0,10
ENSG00000181894_1,1.5256243,1.3337696,10
ENSG00000197140,0.8879558,0.9097164,10
ENSG00000254618,0.22097515,0.0,10
ENSG00000256087,1.9084533,1.6924926,10
ENSG00000083807,2.4527183,2.4993901,10
ENSG00000011304,2.7434459,3.4205945,10
ENSG00000074219,0.18888907,0.0,10
ENSG00000253619,0.039721414,0.0,10
ENSG00000170889_1,2.031764,2.179207,10
ENSG00000174429,0.24196537,0.0,10
ENSG00000213904_1,1.1328514,1.1578797,10
ENSG00000077782,0.14849234,0.0,10
ENSG00000104205,1.7063751,1.4425582,10
ENSG00000120896_3,0.68025696,0.0,10
ENSG00000126467,0.38866913,0.0,10
ENSG00000090971,2.0112453,0.0,10
ENSG00000141905,2.0975037,2.2440171,10
ENSG00000167759,1.1348085,1.4033779,10
ENSG00000178719,1.9072844,3.3352592,10
ENSG00000253711,0.29527432,0.0,10
ENSG00000104231,2.2182677,2.3212152,10
ENSG00000105205,0.092299275,0.0,10
ENSG00000147457_1,2.520527,1.8968238,10
ENSG00000141873,2.4483202,2.567283,10
ENSG00000141971_1,0.75812924,0.0,10
ENSG00000177335,0.84770584,0.0,10
ENSG00000064961_1,2.527899,2.194692,10
ENSG00000105497,1.0431168,0.0,10
ENSG00000216490_1,1.5685787,3.1617212,10
ENSG00000079459_1,2.5041404,3.7850757,10
ENSG00000167632_2,1.889483,2.293095,10
ENSG00000083307_1,0.39520088,0.0,10
ENSG00000164741_3,0.041648503,0.0,10
ENSG00000141905_1,2.241519,2.6666424,10
ENSG00000183638,0.40587035,0.0,10
ENSG00000142512,0.6062201,0.0,10
ENSG00000130724,2.3166592,0.0,10
ENSG00000253679,0.3856821,0.0,10
ENSG00000105325,2.6122804,1.6072727,10
ENSG00000170956,0.07980127,0.0,10
ENSG00000164823,0.6864417,1.5786393,10
ENSG00000120896_2,0.6856431,1.1725154,10
ENSG00000104974,0.199656,0.0,10
ENSG00000104332,1.4454665,1.6480867,10
ENSG00000267107_1,0.20512713,0.0,10
ENSG00000105428,0.85042727,1.0652809,10
ENSG00000178538,2.3097928,2.8046227,10
ENSG00000164953,0.9348836,0.0,10
ENSG00000270164_3,0.060237437,0.0,10
ENSG00000172172_1,1.3579851,3.1070504,10
ENSG00000105176,0.15324666,0.8682917,10
ENSG00000224420,1.1864812,0.0,10
ENSG00000253582,1.6523123,0.0,10
ENSG00000161618,2.778251,2.4084945,10
ENSG00000126247,2.3565397,3.1277397,10
ENSG00000156802,2.7860124,3.129706,10
ENSG00000187912,0.120775126,0.0,10
ENSG00000177380,1.8783302,1.2613105,10
ENSG00000167815_1,2.3989625,3.1255398,10
ENSG00000267519,2.2572222,1.8760619,10
ENSG00000105549,0.7544752,1.1934586,10
ENSG00000125505_1,2.7398846,2.846266,10
ENSG00000104522,2.494308,2.5580988,10
ENSG00000156509,1.3639005,1.0941216,10
ENSG00000018869,2.1586485,1.362539,10
ENSG00000159167,0.66459763,2.3559875,10
ENSG00000130475_1,0.8360052,2.6191049,10
ENSG00000130812_1,0.1427837,0.0,10
ENSG00000155897,1.1296831,1.6239725,10
ENSG00000159917,1.1986513,1.414706,10
ENSG00000060558,0.60727406,0.8499719,10
ENSG00000131203,0.07772354,0.0,10
ENSG00000164764,1.6331581,0.0,10
ENSG00000184647,0.42333502,0.0,10
ENSG00000204869,0.34355116,0.0,10
ENSG00000008513_1,0.11056325,0.0,10
ENSG00000269386_1,2.3682218,2.8047662,10
ENSG00000105639,0.8312449,0.0,10
ENSG00000269243,0.19574057,0.0,10
ENSG00000132561_1,0.10377381,0.0,10
ENSG00000022556_1,0.8402443,0.0,10
ENSG00000233493,2.1596067,2.0922644,10
ENSG00000127511,1.7192235,2.5292764,10
ENSG00000205038_1,0.13601477,0.0,10
ENSG00000105695,0.31515902,0.0,10
ENSG00000197961,1.7362592,0.0,10
ENSG00000134028,0.07551738,0.0,10
ENSG00000147457,0.15675777,0.0,10
ENSG00000156162,2.5197148,2.0963538,10
ENSG00000159905,1.0329424,0.0,10
ENSG00000167748,0.40967178,0.0,10
ENSG00000105072,2.2204442,0.0,10
ENSG00000161091_1,2.0711617,1.3188144,10
ENSG00000164830_1,0.1518033,0.0,10
ENSG00000087074,2.4527354,3.1128328,10
ENSG00000105438,1.2973425,1.1068026,10
ENSG00000147419,1.6309541,2.34973,10
ENSG00000164919,1.0727687,3.6022565,10
ENSG00000205517_1,0.7994911,1.2524403,10
ENSG00000254349,0.07147421,0.0,10
ENSG00000104826,0.23008807,0.0,10
ENSG00000116017,2.5052986,2.7364683,10
ENSG00000125657,2.5849044,2.659552,10
ENSG00000137547,1.8818483,0.0,10
ENSG00000147488_1,0.3244167,0.0,10
ENSG00000147655,0.65656483,1.4631671,10
ENSG00000171033,1.2803986,0.0,10
ENSG00000136982,2.2920089,2.53794,10
ENSG00000129990,1.5291202,1.1796092,10
ENSG00000124440,0.95091176,1.3004868,10
ENSG00000070404,1.5019913,1.5577838,10
ENSG00000240247,0.113063864,0.0,10
ENSG00000131931,2.391732,2.2282207,10
ENSG00000293317_1,0.2483575,0.0,10
ENSG00000253395,2.2814784,1.3374393,10
ENSG00000104415,0.3501178,0.0,10
ENSG00000130477_1,1.3532802,1.1370058,10
ENSG00000154188,0.07983598,1.0919482,10
ENSG00000132561,1.6829278,1.4722883,10
ENSG00000254153,0.14319997,0.0,10
ENSG00000064490_1,1.6327904,2.8439817,10
ENSG00000136960,0.061363712,0.0,10
ENSG00000182324,0.3571947,0.0,10
ENSG00000172728_1,2.2887108,0.0,10
ENSG00000064687,1.6828716,0.0,10
ENSG00000105063_1,2.7594404,2.5918667,10
ENSG00000176920,0.48494896,0.0,10
ENSG00000008438,1.0362175,0.0,10
ENSG00000125651,2.383175,3.0908046,10
ENSG00000105379,2.3969603,0.0,10
ENSG00000178860_1,0.9189924,0.0,10
ENSG00000104897,2.4804463,3.0044675,10
ENSG00000019549,0.7616346,0.0,10
ENSG00000105552,2.1529899,0.0,10
ENSG00000153317_1,1.4911026,1.7317579,10
ENSG00000062370,0.5827555,1.2554896,10
ENSG00000076984,2.7624795,2.6723657,10
ENSG00000269054,2.7007093,1.6714228,10
ENSG00000104941,1.2769599,0.0,10
ENSG00000248599,1.0839572,0.0,10
ENSG00000204604,0.9933771,1.9717999,10
ENSG00000157110_1,0.1065938,0.0,10
ENSG00000160957_1,2.4688604,2.6904087,10
ENSG00000293438,1.2044517,0.0,10
ENSG00000160113,2.4364238,2.2881598,10
ENSG00000133265,2.2943773,0.0,10
ENSG00000011422_1,1.2620032,1.7576996,10
ENSG00000267767,1.4113069,1.2373577,10
ENSG00000196967,0.49699602,0.0,10
ENSG00000188032,1.2526693,1.0810591,10
ENSG00000127445,2.104323,2.4954417,10
ENSG00000197647,1.2130902,0.0,10
ENSG00000147465,1.9079874,2.7412674,10
ENSG00000076944_1,1.3560984,1.5043893,10
ENSG00000105559_1,0.8974093,0.0,10
ENSG00000267751,1.0184095,2.0955808,10
ENSG00000155090,2.5222259,0.0,10
ENSG00000105176_2,0.12393857,0.0,10
ENSG00000260001,1.4066486,1.3362796,10
ENSG00000254377_4,0.86625695,0.9984337,10
ENSG00000130749,2.614007,0.0,10
ENSG00000121413_1,1.4414381,1.0876395,10
ENSG00000167614,1.4272815,1.5599186,10
ENSG00000283567,0.46370578,0.0,10
ENSG00000105227_1,0.617923,0.0,10
ENSG00000079999,2.383131,1.9395951,10
ENSG00000130312,0.8568821,0.0,10
ENSG00000131037_1,1.8624401,0.0,10
ENSG00000121410_1,0.38785875,0.7894397,10
ENSG00000147576,0.9911853,1.3083509,10
ENSG00000170873,0.10471141,0.0,10
ENSG00000083807_1,1.0222654,1.127202,10
ENSG00000172009,2.4249709,2.5551126,10
ENSG00000120885,0.3200466,0.0,10
ENSG00000065000,2.6715875,2.6775193,10
ENSG00000183401,0.65709305,0.0,10
ENSG00000156413,0.1686271,0.0,10
ENSG00000198131,2.2469866,2.3507614,10
ENSG00000104368,0.38115162,0.0,10
ENSG00000263002,0.88311166,1.3969208,10
ENSG00000174951,1.6022282,0.0,10
ENSG00000185800,2.4195862,1.995328,10
ENSG00000090372,1.9548637,2.5274236,10
ENSG00000123815,1.5740777,0.0,10
ENSG00000246089,1.5305086,1.295039,10
ENSG00000130511,2.6740146,2.5427508,10
ENSG00000104825,2.3887887,2.3464625,10
ENSG00000170791,2.2943397,0.0,10
ENSG00000171466,1.4629691,2.5448442,10
ENSG00000180739_1,0.9103683,1.3016766,10
ENSG00000105397_2,2.6096063,0.0,10
ENSG00000028277,0.48400646,0.0,10
ENSG00000130520,2.7095573,3.1025126,10
ENSG00000120875,1.5593181,1.9631737,10
ENSG00000197360,0.81419396,0.0,10
ENSG00000251369,0.9725889,1.9637406,10
ENSG00000104951,0.4932672,0.0,10
ENSG00000292982,2.6135314,2.6118996,10
ENSG00000196267,0.46790966,0.99029446,10
ENSG00000182318,2.3332505,2.3183346,10
ENSG00000147439,2.1160667,2.3004303,10
ENSG00000006638,2.0924604,2.7968516,10
ENSG00000293175,2.1107936,1.8998314,10
ENSG00000157168_1,1.6057736,1.6748612,10
ENSG00000147601,2.0665758,0.0,10
ENSG00000164924_3,2.630261,2.3045766,10
ENSG00000090924,1.3900018,1.1251884,10
ENSG00000287296,2.2634854,0.0,10
ENSG00000153885,2.2227545,1.8958092,10
ENSG00000186526,0.29190776,0.0,10
ENSG00000120899_1,1.0718644,0.0,10
ENSG00000012232_1,2.1846654,2.1397846,10
ENSG00000258724,2.258194,2.2511368,10
ENSG00000179632,2.704505,2.6372995,10
ENSG00000105443_1,2.706233,2.5006247,10
ENSG00000105366,0.3698513,0.0,10
ENSG00000011590_1,0.23157485,0.0,10
ENSG00000182013,1.8053819,2.2071009,10
ENSG00000065989,2.5092716,2.0357099,10
ENSG00000176956,1.5392504,1.2084951,10
ENSG00000181027,2.0689864,2.5126576,10
ENSG00000269091,0.69981205,0.0,10
ENSG00000268964,0.34102362,0.0,10
ENSG00000104432,0.27835876,0.0,10
ENSG00000105619,2.1334796,0.0,10
ENSG00000120913_1,1.6823009,1.5722907,10
ENSG00000156103,1.375232,1.1370058,10
ENSG00000008853_1,1.8693718,2.2171943,10
ENSG00000080031_1,1.297961,0.0,10
ENSG00000123146,0.42892528,0.0,10
ENSG00000167680_1,1.6725485,1.82007,10
ENSG00000176293,1.1452528,1.1848617,10
ENSG00000253557_1,0.17364345,0.0,10
ENSG00000105679,1.0166572,1.0392555,10
ENSG00000129911,2.412881,2.828473,10
ENSG00000147408_4,0.4841538,1.2990713,10
ENSG00000154359,2.1446528,1.948413,10
ENSG00000254101_1,0.11036436,0.0,10
ENSG00000130300,1.4551325,1.2627832,10
ENSG00000007264_1,1.1738048,0.0,10
ENSG00000104537,0.1153122,1.0919622,10
ENSG00000105738,2.0427678,1.8143675,10
ENSG00000003987,1.44101,1.0629954,10
ENSG00000286122,0.44829345,1.5502284,10
ENSG00000104218,2.284286,2.6228604,10
ENSG00000133247,2.6979294,2.4543188,10
ENSG00000170786,0.96446824,1.1900514,10
ENSG00000147526_1,1.4849055,0.0,10
ENSG00000268001,1.1547484,2.3441663,10
ENSG00000196357,2.2863941,0.0,10
ENSG00000222501,0.20467629,4.9015403,10
ENSG00000116017_1,2.430674,2.6428294,10
ENSG00000105143_2,0.4728813,0.0,10
ENSG00000186562,0.04888739,0.0,10
ENSG00000186020_1,1.0295869,1.3614067,10
ENSG00000253598,0.12517017,0.0,10
ENSG00000147642,0.12741256,0.0,10
ENSG00000099875,2.470936,1.5605642,10
ENSG00000171049,0.11919605,0.0,10
ENSG00000104805,1.3498585,0.0,10
ENSG00000134014,0.11086088,0.0,10
ENSG00000165046_3,0.26606923,0.0,10
ENSG00000123143_2,0.40834248,1.8893017,10
ENSG00000186026,0.7052158,0.9503843,10
ENSG00000221803,0.4796299,0.8825815,10
ENSG00000256229,0.83204186,1.783925,10
ENSG00000216490,0.19840407,0.0,10
ENSG00000147804,2.2273445,3.4156528,10
ENSG00000180479,1.4736903,1.422918,10
ENSG00000249471,2.260583,2.1074915,10
ENSG00000158856_2,1.0963148,0.6874398,10
ENSG00000183647,1.6912177,1.911738,10
ENSG00000164796,0.27853373,0.0,10
ENSG00000147548,2.5621753,2.4340577,10
ENSG00000099341,2.642586,3.5835614,10
ENSG00000204673,2.3822145,2.4625506,10
ENSG00000176623,2.0103757,2.8392045,10
ENSG00000292997,0.06351043,3.1068127,10
ENSG00000085872,2.4113421,1.6957443,10
ENSG00000099331,2.3974793,2.4677162,10
ENSG00000160888,1.7945433,2.4157126,10
ENSG00000223547,1.7638793,1.7691557,10
ENSG00000197841,2.518598,2.05423,10
ENSG00000164871,0.093656436,0.0,10
ENSG00000104419_3,1.9181486,0.0,10
ENSG00000104343,2.288764,1.9343469,10
ENSG00000160439_2,0.15350257,0.0,10
ENSG00000167733_1,2.1029289,1.3938383,10
ENSG00000262874,1.8614333,0.0,10
ENSG00000105523,0.69519216,0.8860957,10
ENSG00000036448,0.17504673,0.79372054,10
ENSG00000158806,1.1118318,1.5985826,10
ENSG00000268621,0.18308137,1.2372873,10
ENSG00000104870_2,1.3179897,1.1760623,10
ENSG00000187556,0.52205443,0.81870085,10
ENSG00000221946,1.1182349,1.708404,10
ENSG00000105483_1,0.1929294,1.5728832,10
ENSG00000066777,2.1775384,2.1127725,10
ENSG00000287325,0.52711326,0.0,10
ENSG00000170323,0.06386524,0.0,10
ENSG00000129422_3,0.08121357,0.0,10
ENSG00000136997_2,2.0356286,1.7750567,10
ENSG00000105383,1.0156764,0.0,10
ENSG00000010361,1.1782361,0.0,10
ENSG00000172164,1.3610839,1.8440421,10
ENSG00000105088,0.84498,0.7388915,10
ENSG00000253880,0.08091143,0.0,10
ENSG00000105642_1,1.2900761,1.4968743,10
ENSG00000147697,0.17097074,0.0,10
ENSG00000161558_1,2.5901496,2.0806913,10
ENSG00000168615_1,0.47988963,0.0,10
ENSG00000268318,0.33021742,0.0,10
ENSG00000196337,1.0914884,0.0,10
ENSG00000171574_1,2.6504974,2.0199673,10
ENSG00000253661,0.22106375,0.7138768,10
ENSG00000123159,2.2391486,0.0,10
ENSG00000285675,0.27833766,0.0,10
ENSG00000167755_1,0.26727,0.0,10
ENSG00000254775,0.075040296,0.0,10
ENSG00000253972,0.110244535,0.0,10
ENSG00000291317_1,2.1432948,2.2935836,10
ENSG00000104738,2.6617613,3.3314881,10
ENSG00000105726,2.6947527,2.7062569,10
ENSG00000132026,0.43973106,0.0,10
ENSG00000160439,2.186546,2.8166404,10
ENSG00000104290,1.7391226,1.6924062,10
ENSG00000161671,2.1194987,2.5120704,10
ENSG00000233527_1,2.3578796,2.1364129,10
ENSG00000236814,0.23452921,0.0,10
ENSG00000267339,0.4937713,0.0,10
ENSG00000269439_1,2.7663245,2.820648,10
ENSG00000077782_1,1.4193057,1.3806344,10
ENSG00000120896,0.10465144,0.74382323,10
ENSG00000167658_1,2.402345,4.2439356,10
ENSG00000167656,1.2418816,0.0,10
ENSG00000245164,0.054678783,1.1130404,10
ENSG00000239039,1.7714989,0.0,10
ENSG00000284280,0.67313,0.0,10
ENSG00000104936_1,0.6803894,1.0392792,10
ENSG00000188033,2.37738,1.8724942,10
ENSG00000105374,0.25423056,0.79367864,10
ENSG00000164983,2.1883686,2.1110272,10
ENSG00000132004,1.7867169,1.9901524,10
ENSG00000179873,0.22273375,0.0,10
ENSG00000254092,0.22378291,0.0,10
ENSG00000090674,2.0192935,2.1175563,10
ENSG00000085788,2.495592,1.8685269,10
ENSG00000105048_1,0.5515551,0.0,10
ENSG00000176797,0.10350063,0.0,10
ENSG00000184672_1,1.359797,1.7031968,10
ENSG00000161082,1.6518617,1.9830089,10
ENSG00000132024,2.3185334,2.3078275,10
ENSG00000130227,2.4067612,2.4631686,10
ENSG00000104327,0.55594826,2.6161518,10
ENSG00000167470_1,2.4435396,2.8094115,10
ENSG00000104472_1,2.806189,1.8893017,10
ENSG00000176401,1.9831349,1.8374811,10
ENSG00000167641_1,2.300879,2.3222978,10
ENSG00000105053_1,2.6432555,2.5155137,10
ENSG00000079459_2,0.46600813,0.7532766,10
ENSG00000285791,0.23266412,0.0,10
ENSG00000105447,2.1086595,2.4951944,10
ENSG00000184661_1,0.14642805,0.0,10
ENSG00000115286,2.6151843,3.0419962,10
ENSG00000105750,1.1422735,1.441648,10
ENSG00000179950,2.6017647,1.2756798,10
ENSG00000105664,1.0780663,1.0064232,10
ENSG00000197016,1.0829248,0.0,10
ENSG00000168575_2,2.4123015,1.9651546,10
ENSG00000132000_1,0.48590174,0.0,10
ENSG00000188321,2.0625901,1.9175948,10
ENSG00000130173,0.3029803,1.0141844,10
ENSG00000249859_1,0.34714526,0.0,10
ENSG00000168484,0.19512473,0.0,10
ENSG00000070756_4,2.50483,1.7759743,10
ENSG00000126262,0.09076305,0.0,10
ENSG00000255491_1,0.24924088,1.0218918,10
ENSG00000196961,2.4175396,3.131269,10
ENSG00000175691,2.5625525,2.0766478,10
ENSG00000178904_1,2.3108096,1.8590181,10
ENSG00000169495,1.4898849,1.5820861,10
ENSG00000104936,1.8451173,1.2371917,10
ENSG00000105323_2,1.4974573,0.0,10
ENSG00000226763,0.46667898,0.0,10
ENSG00000104859_1,1.9480959,0.0,10
ENSG00000245680,0.4177578,0.0,10
ENSG00000076826,1.7888321,1.9224348,10
ENSG00000229833,1.049491,0.0,10
ENSG00000126456,1.631122,0.0,10
ENSG00000104205_1,1.9407495,1.8069528,10
ENSG00000130749_1,1.1065812,2.3210266,10
ENSG00000189068,0.3352576,0.0,10
ENSG00000092964,0.3650078,0.0,10
ENSG00000130382,0.8059288,0.8997111,10
ENSG00000181638,2.2629623,1.8674321,10
ENSG00000125744_1,1.7593206,1.8906893,10
ENSG00000164933,2.5966763,2.4889016,10
ENSG00000105143,1.6617951,1.7696358,10
ENSG00000104490,0.11879019,0.0,10
ENSG00000132000,0.67463785,0.0,10
ENSG00000269058,2.2658672,0.0,10
ENSG00000205744_1,0.27091762,1.2357557,10
ENSG00000105568_1,0.5997352,1.1523495,10
ENSG00000197863,1.1626515,1.2464739,10
ENSG00000167755_2,0.9330797,1.1426772,10
ENSG00000171119,1.7843258,1.6426228,10
ENSG00000197275,2.1894417,2.1170127,10
ENSG00000064490_2,1.4863777,0.0,10
ENSG00000221983,2.719409,3.8707023,10
ENSG00000105143_1,1.5774119,1.6902758,10
ENSG00000120896_1,1.3596642,0.0,10
ENSG00000165102,2.527755,1.8424845,10
ENSG00000197124_1,0.7457775,1.1795633,10
ENSG00000253948,2.2893157,2.0923557,10
ENSG00000064932_2,0.966785,1.3374991,10
ENSG00000186017_1,1.6149428,1.9031986,10
ENSG00000131408_2,2.4057748,2.3755264,10
ENSG00000180155,1.5250068,1.0488766,10
ENSG00000176909,1.0649915,0.0,10
ENSG00000160318,0.53259856,0.0,10
ENSG00000167619,1.4770484,0.0,10
ENSG00000179262,2.5728176,3.4390879,10
ENSG00000181007,1.6541876,1.6371193,10
ENSG00000141905_3,0.49613887,0.0,10
ENSG00000015592,0.4645394,1.1883322,10
ENSG00000166770_1,0.5618106,0.0,10
ENSG00000167232_1,0.7946056,0.0,10
ENSG00000128000,1.0664005,1.8663523,10
ENSG00000105397_1,1.2732284,0.0,10
ENSG00000047249,2.0719962,2.299128,10
ENSG00000253227,0.22782911,0.0,10
ENSG00000282164,0.68631864,0.0,10
ENSG00000291130,0.35668117,0.0,10
ENSG00000160410,0.9289347,0.0,10
ENSG00000176024,1.0415957,0.0,10
ENSG00000105479_1,2.7350945,1.5708463,10
ENSG00000104371,0.4068076,0.0,10
ENSG00000142347_1,0.3673213,0.0,10
ENSG00000184635,1.9988905,0.0,10
ENSG00000130299_1,1.3521816,1.3483243,10
ENSG00000275074,2.5832458,2.1871257,10
ENSG00000251396,2.404642,0.0,10
ENSG00000141837_2,1.0961521,1.7563089,10
ENSG00000125746_3,1.0946598,0.0,10
ENSG00000180739,1.3449192,0.0,10
ENSG00000185122,2.484745,2.9253638,10
ENSG00000129991,1.7458353,0.0,10
ENSG00000176571,0.1134558,0.0,10
ENSG00000104880,0.60632193,0.0,10
ENSG00000164749,0.03181816,0.0,10
ENSG00000187994,1.163864,0.0,10
ENSG00000196417,1.5205193,0.0,10
ENSG00000105732,2.6769786,2.2715862,10
ENSG00000108106,2.8132932,3.4600494,10
ENSG00000242221,0.43518934,0.0,10
ENSG00000133275,2.540353,2.7664948,10
ENSG00000156466,1.6385179,1.4968494,10
ENSG00000291128,0.7026714,2.3002954,10
ENSG00000167491,2.8097684,2.8055143,10
ENSG00000131849,1.1001127,1.076604,10
ENSG00000102575,0.60353535,1.2215707,10
ENSG00000268182,1.2432731,1.2867663,10
ENSG00000104472,2.7020416,2.9524002,10
ENSG00000125726_1,0.59684813,0.0,10
ENSG00000105427,0.14465486,0.0,10
ENSG00000187550,0.7534234,0.7340794,10
ENSG00000129455_2,0.21327157,0.98209023,10
ENSG00000125741_1,0.7781661,1.5764865,10
ENSG00000104660_1,2.1811109,1.0319333,10
ENSG00000130175,1.9975897,0.0,10
ENSG00000179698_1,1.7944539,1.8549737,10
ENSG00000022567,2.1324828,2.5402806,10
ENSG00000104320_2,2.3051834,2.8566008,10
ENSG00000185053,0.0943039,0.74374485,10
ENSG00000104856,1.7806991,1.4951557,10
ENSG00000266903,0.59088016,0.0,10
ENSG00000164683_1,2.3123014,2.092931,10
ENSG00000177570,0.90718925,1.2263678,10
ENSG00000185015_1,1.8799306,2.301811,10
ENSG00000170631,1.2056283,1.6493251,10
ENSG00000248801,0.3636665,0.0,10
ENSG00000130513_2,1.6178784,3.067874,10
ENSG00000156486,1.6961925,2.1010249,10
ENSG00000232677,0.6228578,1.5842408,10
ENSG00000130513_1,0.30791706,0.0,10
ENSG00000196646,1.8064802,1.9723741,10
ENSG00000283108,0.6967044,0.0,10
ENSG00000253704,1.7442043,0.0,10
ENSG00000233270,0.4699551,0.0,10
ENSG00000198791_1,2.49793,2.8967025,10
ENSG00000130876,1.2048331,1.2977387,10
ENSG00000126254,2.2937949,0.0,10
ENSG00000167460_2,2.4231157,2.9845092,10
ENSG00000130203,0.460976,2.2606866,10
ENSG00000130529_1,0.9206184,1.7981118,10
ENSG00000147642_3,1.4995412,1.5318364,10
ENSG00000147689_1,0.45841354,0.0,10
ENSG00000105402_2,2.7732394,2.7284513,10
ENSG00000147642_1,0.14619939,0.0,10
ENSG00000172728,0.051094715,0.0,10
ENSG00000167617,0.24282683,0.0,10
ENSG00000126249,2.290369,2.3986638,10
ENSG00000121417,1.6446459,1.916959,10
ENSG00000189376,2.252038,2.0682862,10
ENSG00000105329,2.1577997,2.427989,10
ENSG00000172270,1.8501052,1.6702273,10
ENSG00000177045_1,2.4116764,1.6378298,10
ENSG00000173137,2.4014285,0.0,10
ENSG00000105364,2.420672,3.354416,10
ENSG00000205133_1,1.149527,1.9920628,10
ENSG00000188227,0.25807956,0.0,10
ENSG00000253593,0.08754306,0.0,10
ENSG00000164741_1,1.1572201,1.2433853,10
ENSG00000164924_2,2.8599277,3.5209222,10
ENSG00000104953,2.1710544,0.0,10
ENSG00000105576_2,2.4049456,2.0667357,10
ENSG00000076650,1.818362,2.0973787,10
ENSG00000090006_3,2.1742449,2.2282772,10
ENSG00000178814,2.4840498,0.0,10
ENSG00000077782_2,1.7489864,1.5578078,10
ENSG00000267277,1.8971074,1.7763379,10
ENSG00000008441_2,0.4997853,0.0,10
ENSG00000187902,0.37167296,1.1848447,10
ENSG00000267106_1,1.4158437,0.0,10
ENSG00000099326_1,1.7472963,2.4213243,10
ENSG00000051128_2,1.4009043,1.798975,10
ENSG00000184489_1,0.49232292,1.392697,10
ENSG00000105676_1,2.19795,0.0,10
ENSG00000290606,0.63032615,2.0041158,10
ENSG00000104835,2.6027548,2.509392,10
ENSG00000253702,0.1591704,0.0,10
ENSG00000066855_1,0.08466117,0.0,10
ENSG00000178980,1.7848432,0.0,10
ENSG00000189013,0.14401457,0.0,10
ENSG00000034677,2.5533767,0.0,10
ENSG00000133872_1,2.619969,2.8512833,10
ENSG00000249816_1,0.6287602,0.0,10
ENSG00000178209_1,1.9359894,1.0536546,10
ENSG00000104946_1,1.8833234,1.1370374,10
ENSG00000105409,1.4927806,1.4022958,10
ENSG00000286798,0.06761147,0.0,10
ENSG00000283674,1.569108,0.8536739,10
ENSG00000105755,0.780547,1.9011978,10
ENSG00000142408,1.2291214,1.5945473,10
ENSG00000186994,1.2210085,2.9242978,10
ENSG00000269696,1.3803093,0.7717638,10
ENSG00000253658,0.050245665,0.0,10
ENSG00000087903,0.5062125,0.0,10
ENSG00000063180,1.8671483,1.2990713,10
ENSG00000168077,1.5565605,1.5150919,10
ENSG00000123119,1.2530384,0.0,10
ENSG00000246430,0.10790976,0.0,10
ENSG00000007306,0.21618412,1.0167409,10
ENSG00000104529_1,2.6750984,3.4276905,10
ENSG00000105053,2.4968777,0.0,10
ENSG00000134013,1.3229859,1.4137188,10
ENSG00000104972,0.13737822,1.085469,10
ENSG00000012061_3,2.2102337,1.5708463,10
ENSG00000186567_1,0.21708082,1.0876039,10
ENSG00000133265_1,2.2640748,0.0,10
ENSG00000147475,2.4490886,2.488346,10
ENSG00000239839,0.124598674,0.0,10
ENSG00000171817,1.3429422,1.0983667,10
ENSG00000104765,2.1571107,3.2895734,10
ENSG00000181035,2.3566506,2.1585674,10
ENSG00000269825,1.467832,2.3158193,10
ENSG00000133872,1.5540245,0.0,10
ENSG00000042832,0.12402493,0.0,10
ENSG00000099797,2.392086,3.187814,10
ENSG00000104221,1.8273591,0.0,10
ENSG00000240403,0.13600613,0.0,10
ENSG00000254377,0.15380545,0.0,10
ENSG00000277531,0.6791365,0.0,10
ENSG00000267260,1.5925665,0.0,10
ENSG00000090006_6,2.2446327,2.3935752,10
ENSG00000178719_3,0.21389996,1.2784106,10
ENSG00000080031,0.94641405,0.0,10
ENSG00000130433,1.1594845,1.227938,10
ENSG00000253745,0.24223483,0.0,10
ENSG00000197446,0.65508986,0.0,10
ENSG00000167646_1,1.3781949,1.1706723,10
ENSG00000168495,2.4522104,2.7791562,10
ENSG00000168661,1.7559369,1.9399234,10
ENSG00000011600,0.45606488,0.0,10
ENSG00000198429,1.6853709,1.7141201,10
ENSG00000246145,2.3446856,0.86111605,10
ENSG00000125498,0.15041201,0.0,10
ENSG00000130811,1.392015,3.3991215,10
ENSG00000147606_1,0.070175454,0.0,10
ENSG00000167912,1.1594828,1.6781359,10
ENSG00000186115,0.16253947,0.0,10
ENSG00000187244,1.0317014,1.4416165,10
ENSG00000249816,0.59127486,0.0,10
ENSG00000076554_1,0.118726045,0.0,10
ENSG00000185803_1,2.338482,2.2225604,10
ENSG00000167615,2.7746062,2.9004326,10
ENSG00000182986_1,2.0587578,2.3412485,10
ENSG00000126457_1,2.585504,2.420182,10
ENSG00000130810,2.5364265,1.4454641,10
ENSG00000176907,0.10042461,0.0,10
ENSG00000268889,2.444004,2.1826172,10
ENSG00000099866_1,0.56127477,0.0,10
ENSG00000254266,0.12786135,0.0,10
ENSG00000180938,1.1073838,1.4357806,10
ENSG00000105723,2.8165984,2.6143486,10
ENSG00000147536,2.3566642,2.1973577,10
ENSG00000267348,1.8272188,1.2167463,10
ENSG00000197020,1.7410038,2.3101897,10
ENSG00000167468_1,1.052453,1.7268299,10
ENSG00000158863,2.0732427,2.2941706,10
ENSG00000179526_1,2.5897632,2.0140414,10
ENSG00000196350,1.1747264,0.0,10
ENSG00000105607,2.1063786,2.301195,10
ENSG00000159882,1.2378142,0.0,10
ENSG00000189042,1.5840391,0.0,10
ENSG00000180190_1,1.3053696,1.551811,10
ENSG00000105467,2.2195277,0.0,10
ENSG00000105323_1,2.8225338,3.0565696,10
ENSG00000051128_1,0.68471164,0.0,10
ENSG00000126461,2.7683206,2.4892101,10
ENSG00000063322,2.4546356,2.4011574,10
ENSG00000077463,2.2068076,2.125312,10
ENSG00000154589,0.3273129,0.0,10
ENSG00000275183,1.8623029,1.5334543,10
ENSG00000011243,0.13385524,0.0,10
ENSG00000127526,2.4873145,2.599337,10
ENSG00000185198,0.42009845,0.9707652,10
ENSG00000171817_1,1.3383563,0.0,10
ENSG00000077009,0.49109125,0.0,10
ENSG00000104695,2.158771,2.084873,10
ENSG00000169021,2.3115237,3.1644628,10
ENSG00000147654_2,0.7087881,0.0,10
ENSG00000175606,2.2580693,2.6617465,10
ENSG00000258405_1,0.8993726,0.0,10
ENSG00000104853_2,0.202588,0.0,10
ENSG00000105372,2.6624393,3.671899,10
ENSG00000028277_1,1.3194865,2.1341772,10
ENSG00000116014,2.523363,2.5989568,10
ENSG00000213762,1.828697,1.9558637,10
ENSG00000104313_1,0.09857548,0.0,10
ENSG00000105701,2.5428987,3.03755,10
ENSG00000291089,1.0335412,1.0743409,10
ENSG00000209702,0.4025728,1.307068,10
ENSG00000251003,0.7201423,0.0,10
ENSG00000246662,1.6662776,0.0,10
ENSG00000268500,0.5580185,0.0,10
ENSG00000221869,1.7953613,2.1548772,10
ENSG00000155087,0.22203718,0.0,10
ENSG00000167380,1.2698888,1.8809656,10
ENSG00000284505,0.18738137,0.0,10
ENSG00000012061,2.5684361,2.2289364,10
ENSG00000137573,0.17552003,0.0,10
ENSG00000196378,2.3282185,1.841372,10
ENSG00000142444,2.410101,2.0728784,10
ENSG00000160951,0.9950541,0.0,10
ENSG00000171291,1.3493588,1.3484411,10
ENSG00000164951,1.8782954,1.641375,10
ENSG00000125733,1.8224175,2.2015064,10
ENSG00000038945,0.16355118,0.0,10
ENSG00000104450_2,1.78842,1.7834748,10
ENSG00000229140_4,0.28273934,0.0,10
ENSG00000247081,1.4041693,0.0,10
ENSG00000267508,0.5901768,1.0583197,10
ENSG00000267673_1,1.2285701,2.4826021,10
ENSG00000119559,2.522328,2.3723412,10
ENSG00000160352,1.9299389,0.0,10
ENSG00000130204,2.7300177,2.98219,10
ENSG00000167604,1.3260202,0.0,10
ENSG00000104964_2,0.5741094,1.4605521,10
ENSG00000123144,2.5859213,3.0363095,10
ENSG00000253853,0.626822,2.2386959,10
ENSG00000132026_1,0.74888825,1.0919833,10
ENSG00000147669,0.8462631,0.0,10
ENSG00000155096_1,0.061685227,0.0,10
ENSG00000182307,2.37727,2.8428774,10
ENSG00000181392,0.43280277,0.0,10
ENSG00000130307,0.28344613,0.0,10
ENSG00000179284,0.41143578,0.0,10
ENSG00000253893,1.7583079,0.0,10
ENSG00000267254,0.93005145,0.99033886,10
ENSG00000253642,0.21576406,0.0,10
ENSG00000104976,2.5494566,2.71671,10
ENSG00000254092_1,0.35280353,0.0,10
ENSG00000165071,0.12613726,0.0,10
ENSG00000283959,2.0781474,0.0,10
ENSG00000104872,1.580307,2.7867854,10
ENSG00000167613_1,0.1544203,0.0,10
ENSG00000126456_1,2.3907256,1.7347039,10
ENSG00000105672,1.4836512,1.6731223,10
ENSG00000123810,2.6673834,2.2552943,10
ENSG00000176472,2.0497384,1.8841153,10
ENSG00000035681,0.21485046,0.0,10
ENSG00000168546_1,1.6436089,0.0,10
ENSG00000178209_2,1.9070535,1.8523275,10
ENSG00000153896,1.1799242,1.449355,10
ENSG00000254415,0.6237385,1.0629954,10
ENSG00000171711,0.46894366,0.0,10
ENSG00000130545_1,1.1032917,1.2642982,10
ENSG00000156795,2.5403001,2.128464,10
ENSG00000269855,0.9354801,0.97927517,10
ENSG00000127533,1.9878263,2.082674,10
ENSG00000182566,0.40953988,0.0,10
ENSG00000142453,2.3646994,2.8454702,10
ENSG00000164758,1.878313,0.0,10
ENSG00000267858_1,2.3883262,2.0939817,10
ENSG00000132294,2.084114,2.230219,10
ENSG00000134013_1,0.17038906,0.0,10
ENSG00000134815,2.0946803,2.295224,10
ENSG00000186326,1.6389027,1.496002,10
ENSG00000105327,2.2418568,2.5195076,10
ENSG00000142025,0.856263,1.0675915,10
ENSG00000142303,1.3477901,1.6892449,10
ENSG00000142409,2.5849018,2.610511,10
ENSG00000180448,1.6997213,1.8390064,10
ENSG00000253926,0.21813066,0.0,10
ENSG00000290722,0.078826435,0.0,10
ENSG00000161609,1.2693565,0.0,10
ENSG00000269343,2.1782775,2.5556602,10
ENSG00000105402_1,0.52019453,0.0,10
ENSG00000142396,2.3111606,3.1033897,10
ENSG00000152467,1.4403844,1.3071322,10
ENSG00000142459,2.3748562,1.7253234,10
ENSG00000267454,2.0428011,0.0,10
ENSG00000156011,0.1980763,0.0,10
ENSG00000104537_1,0.07287941,0.0,10
ENSG00000079435,0.1780013,0.0,10
ENSG00000128626,2.1388378,2.8652093,10
ENSG00000152454,0.9142184,1.4299299,10
ENSG00000233527,2.1619003,2.4423873,10
ENSG00000130669,1.9870323,2.07829,10
ENSG00000160392,2.413114,2.0142937,10
ENSG00000105223_2,1.1447673,0.0,10
ENSG00000261857,0.40776736,1.0919833,10
ENSG00000130529,2.1468303,2.25747,10
ENSG00000160336,1.3696454,2.429384,10
ENSG00000124299,1.3113519,2.058741,10
ENSG00000089327_1,2.497831,2.8590302,10
ENSG00000129355,2.7833638,1.7715139,10
ENSG00000156802_1,2.0755749,0.0,10
ENSG00000198453,0.46764204,0.0,10
ENSG00000188629,1.0791409,0.0,10
ENSG00000104881,1.1803195,0.0,10
ENSG00000006016,1.7077651,1.8940667,10
ENSG00000213015,1.043273,0.0,10
ENSG00000104998,2.0385923,2.3618412,10
ENSG00000131142_1,0.39224878,0.0,10
ENSG00000196415,0.3376595,0.0,10
ENSG00000120913_3,0.6628444,0.85368603,10
ENSG00000179091,2.5125513,3.1364574,10
ENSG00000141837,1.490948,1.2069337,10
ENSG00000179213,0.7664912,0.0,10
ENSG00000196235,2.2213202,1.7063252,10
ENSG00000147434_1,0.05997564,0.0,10
ENSG00000291317,2.2060914,2.1954098,10
ENSG00000267107,0.1528324,0.0,10
ENSG00000197019,2.2774758,1.9896367,10
ENSG00000197782,1.4409318,2.0953193,10
ENSG00000105677,2.34828,2.2953823,10
ENSG00000129451_2,0.16283114,0.6224627,10
ENSG00000198597,0.63851726,1.6815035,10
ENSG00000105479,0.7542696,0.0,10
ENSG00000196150,2.5072389,2.2521415,10
ENSG00000104918,0.5964291,0.0,10
ENSG00000147724_1,1.6280774,1.7425052,10
ENSG00000227392,1.2165964,0.76258856,10
ENSG00000142544,2.2433186,2.0305188,10
ENSG00000161265_1,2.0725663,0.0,10
ENSG00000147676,1.6214476,1.9974606,10
ENSG00000130725,2.7910557,2.6196046,10
ENSG00000029534_3,2.556252,3.1413085,10
ENSG00000129354_1,0.4002093,0.0,10
ENSG00000142227,1.0130578,0.0,10
ENSG00000267530,0.23180595,0.0,10
ENSG00000179820_1,1.3501959,1.40752,10
ENSG00000147604,1.4650662,0.0,10
ENSG00000169398_3,2.4605968,2.4901369,10
ENSG00000185000,2.5683851,2.4920757,10
ENSG00000205076,0.45490098,0.0,10
ENSG00000184489,2.5342412,1.9306129,10
ENSG00000267605,1.0827348,0.0,10
ENSG00000164808,2.2121162,2.2859037,10
ENSG00000147642_4,1.3103888,1.6752925,10
ENSG00000140396,0.29817718,1.0721028,10
ENSG00000165046_2,1.0131165,0.0,10
ENSG00000090661,1.8342441,1.8224689,10
ENSG00000141934,1.3256168,1.6371093,10
ENSG00000105483_2,1.0661331,0.0,10
ENSG00000283555,0.03357223,0.6927941,10
ENSG00000268061,2.307599,0.0,10
ENSG00000129351,2.8439856,3.4740472,10
ENSG00000188505,1.4642998,1.6611024,10
ENSG00000087903_2,2.611307,1.9835767,10
ENSG00000286113,1.5930973,0.8499597,10
ENSG00000160959_1,2.6683378,1.8366848,10
ENSG00000008441,2.1924932,2.5490892,10
ENSG00000089327_2,0.28758764,0.0,10
ENSG00000164938,1.9976166,1.9860593,10
ENSG00000188051,1.3313907,1.9543535,10
ENSG00000268895,1.3197395,0.0,10
ENSG00000178209_3,2.1712177,0.0,10
ENSG00000131848,2.2491925,1.8652343,10
ENSG00000147684,1.945314,3.7908254,10
ENSG00000197363,2.5417275,1.4732095,10
ENSG00000226686,0.5830317,0.0,10
ENSG00000255974,0.18209025,0.0,10
ENSG00000064607,2.7495608,2.51383,10
ENSG00000125746_2,0.6638944,0.0,10
ENSG00000115268,2.4885273,3.0947123,10
ENSG00000250799,0.1844453,0.0,10
ENSG00000125652,2.6154056,2.586801,10
ENSG00000088002,0.4822202,1.0560049,10
ENSG00000105376_1,2.469932,2.2522728,10
ENSG00000104361,1.576678,1.2494918,10
ENSG00000104728_1,0.14434601,0.0,10
ENSG00000185453,1.5975237,1.2613105,10
ENSG00000123136,2.7082763,0.0,10
ENSG00000170604,2.4404807,2.123623,10
ENSG00000130402,2.4477158,3.1744697,10
ENSG00000245080,1.3940575,0.0,10
ENSG00000268081,0.43036097,0.95632213,10
ENSG00000213563,2.0994332,2.1836967,10
ENSG00000104774_1,0.8871668,2.1560795,10
ENSG00000104219,2.0732155,1.9982985,10
ENSG00000105419,1.4527221,1.5068837,10
ENSG00000293484,0.5191779,0.0,10
ENSG00000105122,0.567154,0.0,10
ENSG00000130254,2.8904023,3.0286403,10
ENSG00000105258,2.1494756,2.4817364,10
ENSG00000171056,1.5924569,1.318731,10
ENSG00000104964_1,2.137812,2.9096951,10
ENSG00000127616_1,2.5338948,1.6940873,10
ENSG00000039650_3,0.9704531,1.8816642,10
ENSG00000121022_1,1.6950617,3.07359,10
ENSG00000141968,1.1524389,0.0,10
ENSG00000129422_2,0.07006834,0.0,10
ENSG00000266976,1.4380755,3.8454664,10
ENSG00000064932,1.210894,1.5532761,10
ENSG00000197054,1.2179577,1.2785935,10
ENSG00000165156,2.6649156,2.490113,10
ENSG00000125503,2.6583598,2.382971,10
ENSG00000198363_4,2.580881,3.0833879,10
ENSG00000104888,0.059685245,0.0,10
ENSG00000253944,1.7139816,1.5938175,10
ENSG00000228887,0.44028646,2.3373435,10
ENSG00000104611,1.2900443,1.3625579,10
ENSG00000120533,2.4094002,3.4220002,10
ENSG00000167769,0.3855543,0.0,10
ENSG00000253161_3,0.17996411,0.0,10
ENSG00000155097,2.2121916,2.6978629,10
ENSG00000198169,2.5180466,1.7618753,10
ENSG00000253729,0.22431637,1.177825,10
ENSG00000087088,2.456835,2.2495358,10
ENSG00000130303,1.4906666,2.5471961,10
ENSG00000185015,1.6412135,0.0,10
ENSG00000105289_1,0.7658411,0.6927941,10
ENSG00000105767,1.7584052,1.9480608,10
ENSG00000291231_1,0.23055671,1.6278266,10
ENSG00000147481,0.7955218,0.0,10
ENSG00000105509,0.893294,0.9679783,10
ENSG00000099783_1,0.10964699,1.5577959,10
ENSG00000164823_1,2.436028,2.6211348,10
ENSG00000132002_1,2.5465083,0.0,10
ENSG00000070756_2,0.075744964,0.0,10
ENSG00000254087,2.378285,2.815159,10
ENSG00000236827,1.304258,2.0463624,10
ENSG00000254377_2,0.5526225,0.0,10
ENSG00000177025,0.083339825,0.0,10
ENSG00000007255,2.4268177,1.6815217,10
ENSG00000130844,0.94109017,1.3135508,10
ENSG00000104691,2.458786,2.2071738,10
ENSG00000159871_1,0.296696,0.98484224,10
ENSG00000286449,0.8794091,0.0,10
ENSG00000104883,1.7640836,1.3149201,10
ENSG00000099308,1.3898791,1.7595545,10
ENSG00000167460,0.22568177,0.0,10
ENSG00000213024,0.24311842,0.0,10
ENSG00000102575_1,1.5946661,1.2215811,10
ENSG00000141905_2,2.011637,2.632772,10
ENSG00000170881,2.8586688,2.4022958,10
ENSG00000277494,0.74732614,0.0,10
ENSG00000130377,0.31399903,0.0,10
ENSG00000180089,0.31747186,1.1688509,10
ENSG00000188283,2.085898,2.0106814,10
ENSG00000167491_1,2.7755766,2.556692,10
ENSG00000178287,0.19514357,0.0,10
ENSG00000104870,0.22393353,0.0,10
ENSG00000147573,0.22404906,0.0,10
ENSG00000196235_1,2.4108887,3.0684457,10
ENSG00000169122_1,0.20802258,0.0,10
ENSG00000186599,0.07432454,0.0,10
ENSG00000124444,2.4430485,2.2998993,10
ENSG00000188868,1.0129519,1.4229672,10
ENSG00000187664,0.6036202,1.1917583,10
ENSG00000099338,1.0285428,0.8755127,10
ENSG00000184672,0.5032381,0.0,10
ENSG00000003989,1.5897001,1.8440048,10
ENSG00000131400,0.19150834,0.0,10
ENSG00000105357,0.13795276,0.0,10
ENSG00000181195,0.6900655,0.0,10
ENSG00000185761,1.9649577,0.0,10
ENSG00000171316,2.312042,2.2196553,10
ENSG00000272138,0.81922984,0.9351847,10
ENSG00000175445,0.76698095,2.022721,10
ENSG00000130479,1.5610504,2.5324192,10
ENSG00000130299,1.9926114,0.0,10
ENSG00000104783,0.9699572,1.7750787,10
ENSG00000141854,2.255869,2.149927,10
ENSG00000159871,0.21114574,0.0,10
ENSG00000157110_3,0.32486528,1.0489155,10
ENSG00000269954,0.9327166,1.4159011,10
ENSG00000171574,2.1660175,1.6516656,10
ENSG00000254687,0.25008407,0.0,10
ENSG00000124444_1,2.2203188,0.0,10
ENSG00000257103,2.7029796,2.946327,10
ENSG00000064547,1.527144,0.0,10
ENSG00000105643_1,1.283986,0.0,10
ENSG00000095752,0.7437819,1.3784705,10
ENSG00000181786,0.35902435,0.0,10
ENSG00000186529,0.3075985,0.0,10
ENSG00000213297,0.7481164,1.1446987,10
ENSG00000291131,1.4226354,1.3531272,10
ENSG00000104522_1,2.269318,1.3828272,10
ENSG00000167733,2.443909,1.3374393,10
ENSG00000147481_2,0.7579149,0.0,10
ENSG00000261824_1,2.1949353,2.4662447,10
ENSG00000130202,2.5150318,2.7527213,10
ENSG00000105722_1,2.240929,0.0,10
ENSG00000160570_1,2.2462785,0.0,10
ENSG00000198482,2.2824788,2.2621257,10
ENSG00000105281_2,1.2548628,3.440205,10
ENSG00000179909,0.45369133,0.0,10
ENSG00000171827,0.9347788,0.8146471,10
ENSG00000168476,1.9805219,2.739361,10
ENSG00000160972,2.1801429,2.1476083,10
ENSG00000126456_2,2.4166396,2.6684418,10
ENSG00000012124_1,0.1558393,0.0,10
ENSG00000160932,1.9283087,2.915689,10
ENSG00000090006_1,1.5105401,0.95334405,10
ENSG00000213889_1,0.9808633,1.6946228,10
ENSG00000178093,0.94992846,1.1331235,10
ENSG00000168495_1,1.6210092,2.2871206,10
ENSG00000105255,1.2975327,1.3263563,10
ENSG00000164951_1,1.0032384,0.0,10
ENSG00000060566_1,0.633777,0.0,10
ENSG00000173809,1.2642398,1.0629954,10
ENSG00000254024,0.5230479,1.2881597,10
ENSG00000167554,1.211571,1.135069,10
ENSG00000267041,2.064454,2.1570516,10
ENSG00000120896_5,1.5277704,1.5183165,10
ENSG00000160111_1,1.545752,1.5891451,10
ENSG00000226807,0.47687453,1.150388,10
ENSG00000221947,2.0934482,1.930947,10
ENSG00000127527,2.2633295,2.3819685,10
ENSG00000182087,2.752682,2.884546,10
ENSG00000204611,1.6873794,0.0,10
ENSG00000198129,0.1430202,0.0,10
ENSG00000249816_2,0.1655384,0.0,10
ENSG00000156804,1.6392674,1.403395,10
ENSG00000182372_1,2.0372381,1.8328179,10
ENSG00000104885,2.6454816,2.8980722,10
ENSG00000137573_3,0.100564644,0.0,10
ENSG00000126243_1,1.5716038,1.5279005,10
ENSG00000147421,2.403462,2.7333658,10
ENSG00000167653_1,0.54597527,0.0,10
ENSG00000104529,2.3554964,0.0,10
ENSG00000125741,2.5488377,2.4030535,10
ENSG00000198046,1.4571599,1.4358444,10
ENSG00000083817,1.454778,0.0,10
ENSG00000105641,0.9836397,1.2699797,10
ENSG00000169398_2,0.081149116,0.0,10
ENSG00000104755,0.041175187,0.0,10
ENSG00000008988_1,2.3341432,4.0617504,10
ENSG00000267159,0.34912276,0.0,10
ENSG00000104728,1.7507443,1.8010949,10
ENSG00000176533,1.7085807,1.2627594,10
ENSG00000130513,1.5910239,0.0,10
ENSG00000160460_2,1.3196104,0.0,10
ENSG00000130159,2.0335402,2.5610359,10
ENSG00000130244,2.544609,2.1570637,10
ENSG00000291049,2.084864,1.4530277,10
ENSG00000161281,0.53922695,0.0,10
ENSG00000105341_1,2.1586843,2.4601352,10
ENSG00000283103,2.3836088,0.0,10
ENSG00000063169,1.8679228,2.1495578,10
ENSG00000142235,0.587224,0.0,10
ENSG00000160410_2,0.62422925,0.96796894,10
ENSG00000212429,0.11137972,0.0,10
ENSG00000037757,2.109288,2.5363715,10
ENSG00000129991_2,0.451467,2.1784935,10
ENSG00000120963,2.7059128,3.1611884,10
ENSG00000131408,0.74251366,0.0,10
ENSG00000086544,2.452115,1.4916978,10
ENSG00000166398_1,0.19233678,0.0,10
ENSG00000181690,2.1157773,1.7342156,10
ENSG00000137563,2.231144,0.0,10
ENSG00000253741,2.2442276,0.0,10
ENSG00000079459,0.24582799,0.98209023,10
ENSG00000090659,0.18505509,0.0,10
ENSG00000090339,1.6019778,2.7667658,10
ENSG00000253557,0.09881469,0.7138264,10
ENSG00000288704,2.58363,1.2373174,10
ENSG00000168546,0.819238,1.2449695,10
ENSG00000071564,2.6584537,3.0647686,10
ENSG00000104419_4,1.9215102,2.032026,10
ENSG00000126246_1,0.2046295,0.0,10
ENSG00000177669,0.1583034,0.0,10
ENSG00000180043,0.47303814,0.0,10
ENSG00000125656,2.2849915,2.5974758,10
ENSG00000129691,2.8944645,2.4978416,10
ENSG00000142046_1,0.6600348,1.135069,10
ENSG00000161249_3,0.6431324,0.0,10
ENSG00000105696,1.6275773,1.6492472,10
ENSG00000104671,2.206432,2.6832461,10
ENSG00000237807_1,0.21006443,0.0,10
ENSG00000164934_1,1.5819072,2.9084458,10
ENSG00000105223_1,1.2479156,2.9691153,10
ENSG00000164879,0.49516118,0.0,10
ENSG00000267467,0.20401515,0.0,10
ENSG00000104435,0.4207327,0.0,10
ENSG00000164733_2,2.0981352,0.0,10
ENSG00000171320,0.22914958,0.0,10
ENSG00000196605,2.3783407,1.5778937,10
ENSG00000131042,0.32918757,0.0,10
ENSG00000198346,1.4324476,2.194259,10
ENSG00000125734_1,2.4887874,1.9570515,10
ENSG00000105298,2.5918956,2.453534,10
ENSG00000254166,0.0808767,0.0,10
ENSG00000070501,2.1011353,0.0,10
ENSG00000167641,0.55069804,1.1504186,10
ENSG00000104885_1,2.6346023,1.732257,10
ENSG00000197619,0.8201499,1.5736374,10
ENSG00000179115,1.9038056,3.1103237,10
ENSG00000090006_7,2.3955076,2.147528,10
ENSG00000133878,0.60356635,1.4864872,10
ENSG00000156103_1,1.3042408,0.0,10
ENSG00000105373,2.331771,3.042733,10
ENSG00000105550,0.40346998,0.0,10
ENSG00000130175_1,0.8579101,1.3250844,10
ENSG00000253773,2.037296,1.6195108,10
ENSG00000067167,2.1564193,2.8593676,10
ENSG00000253361,0.512328,0.0,10
ENSG00000198363_2,0.07201819,0.0,10
ENSG00000104980,2.4360492,3.1579158,10
ENSG00000154328,2.154995,2.121983,10
ENSG00000120992,2.6305542,2.4379566,10
ENSG00000283632,1.3577183,2.3002627,10
ENSG00000171443,2.718908,2.0191746,10
ENSG00000076662_1,0.30503997,0.0,10
ENSG00000104884,2.3028126,2.2524767,10
ENSG00000267575_1,2.3261719,2.0415978,10
ENSG00000267296,1.7628317,1.6438769,10
ENSG00000133275_1,0.97237116,0.89298457,10
ENSG00000178078,0.44924414,0.0,10
ENSG00000169169_1,0.6392699,1.3312653,10
ENSG00000089639,1.5774674,0.0,10
ENSG00000137571,0.9799579,1.5280292,10
ENSG00000167645,2.5654817,3.2258775,10
ENSG00000155100,2.4504406,2.618964,10
ENSG00000104321,1.3877964,0.0,10
ENSG00000250305_1,1.6223656,1.2827218,10
ENSG00000105202_1,1.0277712,1.2247609,10
ENSG00000188368,2.2805529,2.266561,10
ENSG00000177051,2.174046,2.0033183,10
ENSG00000167562,2.2369137,0.0,10
ENSG00000221914_1,1.1597425,0.0,10
ENSG00000104388,2.5412922,1.975464,10
ENSG00000132005,2.5964732,2.2363155,10
ENSG00000266559,1.4559277,1.3031312,10
ENSG00000132002_2,1.0274822,0.0,10
ENSG00000032444_2,1.6565018,1.7146649,10
ENSG00000161558,2.436837,2.0038826,10
ENSG00000063127,0.61272776,0.0,10
ENSG00000170608,1.7614717,1.6776617,10
ENSG00000029534_1,0.1848316,0.0,10
ENSG00000142546,0.24958651,0.0,10
ENSG00000078668_1,0.04987205,0.0,10
ENSG00000176472_1,2.1041908,0.0,10
ENSG00000160013,1.055141,0.0,10
ENSG00000183850,1.5133271,1.6725135,10
ENSG00000123143,1.996759,2.4714882,10
ENSG00000196172,1.0528696,2.4619575,10
ENSG00000253123,0.21004508,0.0,10
ENSG00000196357_1,2.6519287,1.9243517,10
ENSG00000234616_1,1.1184614,0.8345987,10
ENSG00000160948,0.49523067,0.0,10
ENSG00000179698,1.0131915,0.0,10
ENSG00000168300,0.09826074,0.7894397,10
ENSG00000158856,1.3751578,0.0,10
ENSG00000104833_1,1.241331,1.8455136,10
ENSG00000220201,0.31986523,0.0,10
ENSG00000062822,2.4303756,2.7572122,10
ENSG00000008382,2.4922051,2.042969,10
ENSG00000104331,1.6676244,2.622412,10
ENSG00000169499,0.88071084,0.0,10
ENSG00000155970,1.7608438,1.5780085,10
ENSG00000167910,0.079330325,0.0,10
ENSG00000137558,0.05726167,0.0,10
ENSG00000156172,2.3692064,1.6201569,10
ENSG00000183397,0.634554,0.8574169,10
ENSG00000169427_1,1.6068467,1.5621024,10
ENSG00000168575_3,2.4363117,2.8396282,10
ENSG00000254367,0.25134453,0.0,10
ENSG00000105617,2.7013483,2.1982694,10
ENSG00000284268,2.1847801,3.3535547,10
ENSG00000180921,2.4019046,2.2405992,10
ENSG00000170949,1.5398057,2.6463625,10
ENSG00000089335,1.3398175,1.5495428,10
ENSG00000127452,2.1797698,2.5355978,10
ENSG00000200259,0.6352917,0.0,10
ENSG00000079313,1.2655212,1.2182571,10
ENSG00000130164,2.027614,2.8634543,10
ENSG00000251136_1,1.9773002,1.1865609,10
ENSG00000105699_2,2.427918,3.0587676,10
ENSG00000142552,0.8942945,0.0,10
ENSG00000198028,0.36157417,0.0,10
ENSG00000147592,2.1632087,2.9064755,10
ENSG00000187840,2.3586884,2.9966652,10
ENSG00000120885_2,1.4148502,1.0368364,10
ENSG00000129295,1.2295647,0.0,10
ENSG00000071894,2.5643225,2.7287862,10
ENSG00000072958,2.3456771,2.440265,10
ENSG00000164741,2.2809665,2.2950501,10
ENSG00000104723,2.1662326,2.9021988,10
ENSG00000104413,0.5296496,0.0,10
ENSG00000176490,1.6063303,1.8707023,10
ENSG00000198464,2.2185526,2.4360163,10
ENSG00000261949,0.26618168,1.0294243,10
ENSG00000099817,2.3256292,2.9588118,10
ENSG00000126247_2,1.1162932,1.4299622,10
ENSG00000198576,1.6960679,1.4329212,10
ENSG00000214046,2.2751253,2.8549445,10
ENSG00000105063,0.29391658,0.0,10
ENSG00000254254,0.15053461,0.0,10
ENSG00000153317,0.3199749,0.0,10
ENSG00000160948_1,2.475087,2.6522434,10
ENSG00000205883,0.19285111,0.0,10
ENSG00000105556,2.1182752,2.2755878,10
ENSG00000130193,2.3322632,2.4321191,10
ENSG00000293495,2.5933392,2.8065395,10
ENSG00000130165,2.3222656,0.0,10
ENSG00000099866,2.4675493,1.4238845,10
ENSG00000197857,1.3845246,0.0,10
ENSG00000167600,1.4505099,0.0,10
ENSG00000186010,1.9770653,3.015171,10
ENSG00000198846,1.3416655,1.0629579,10
ENSG00000104904_1,1.9722403,1.7366753,10
ENSG00000267577,0.9842187,1.7692221,10
ENSG00000130816_1,2.3688848,3.185015,10
ENSG00000136574_1,1.2105911,0.0,10
ENSG00000187955_1,1.1738924,0.0,10
ENSG00000310521,1.734938,1.4943216,10
ENSG00000120913_2,0.39089203,0.8536982,10
ENSG00000279529,2.2983704,0.0,10
ENSG00000147654_1,2.177247,2.4172041,10
ENSG00000267308,0.3154778,0.0,10
ENSG00000269404,0.691328,0.0,10
ENSG00000254101_2,1.2814393,0.0,10
ENSG00000160994,1.0795486,1.3031096,10
ENSG00000248858,0.3177312,0.0,10
ENSG00000132017,1.8969718,2.2005086,10
ENSG00000131037,0.24592805,0.0,10
ENSG00000021488,0.11123708,0.0,10
ENSG00000284491,2.190465,0.0,10
ENSG00000104320,0.07995946,0.0,10
ENSG00000130299_2,2.437031,0.0,10
ENSG00000269720,1.1883756,1.3411574,10
ENSG00000189430,1.1787126,1.3003346,10
ENSG00000051128,0.1735583,0.7340794,10
ENSG00000213988,0.8756417,1.4269828,10
ENSG00000253161_1,0.08390714,0.0,10
ENSG00000253230_3,1.5590394,1.3121562,10
ENSG00000171051_1,0.17503868,0.0,10
ENSG00000129932_1,2.2460237,0.0,10
ENSG00000156787,2.146121,0.0,10
ENSG00000104848,1.7905524,1.8401752,10
ENSG00000070718,2.1520545,2.0747142,10
ENSG00000105559_2,1.1820785,1.3472325,10
ENSG00000175806,1.8553247,1.7347438,10
ENSG00000121289,2.0595717,0.0,10
ENSG00000253729_1,0.14424562,0.0,10
ENSG00000249898,0.10206779,0.0,10
ENSG00000275342,1.647027,1.2569342,10
ENSG00000169035,1.1348202,0.0,10
ENSG00000176619_1,2.3140883,2.7680607,10
ENSG00000079102_3,1.5022415,1.8951296,10
ENSG00000130813_1,1.7059093,1.8728378,10
ENSG00000179820_3,1.6515306,0.0,10
ENSG00000197714,2.621145,2.044677,10
ENSG00000129451,1.2359912,0.0,10
ENSG00000130313,2.710691,2.765825,10
ENSG00000181085,1.4522842,1.1670455,10
ENSG00000126583,1.3014936,0.0,10
ENSG00000156471,2.4445064,3.0417163,10
ENSG00000167554_1,0.123735584,0.0,10
ENSG00000179134,2.4487672,2.3060882,10
ENSG00000130758,2.1265497,1.5863397,10
ENSG00000164953_1,0.07411021,0.0,10
ENSG00000197933,1.4856112,1.8659977,10
ENSG00000167664,0.201196,0.0,10
ENSG00000164830_4,0.28533936,0.0,10
ENSG00000170873_1,1.5796444,0.0,10
ENSG00000188778,0.5793301,1.3624636,10
ENSG00000198356,1.7199631,0.0,10
ENSG00000070756,0.30448717,0.0,10
ENSG00000105339,2.130457,1.892039,10
ENSG00000204978,0.121760614,0.0,10
ENSG00000179950_1,2.646834,2.705501,10
ENSG00000254402,1.9281464,0.0,10
ENSG00000171017,1.0685351,0.0,10
ENSG00000253877_1,0.057226263,0.0,10
ENSG00000155099,1.9947352,0.0,10
ENSG00000129990_1,1.0789207,1.0854332,10
ENSG00000273111,0.4378208,0.0,10
ENSG00000006712,2.7188683,2.6576772,10
ENSG00000167671_2,2.0049431,2.2281358,10
ENSG00000068903,2.4627419,2.3326888,10
ENSG00000176406_2,0.13473949,0.0,10
ENSG00000171903,0.5500327,0.0,10
ENSG00000172687,1.1699331,2.1483343,10
ENSG00000176209_1,2.416339,2.7598567,10
ENSG00000197858,2.355541,2.4918392,10
ENSG00000104760_1,0.4064775,0.0,10
ENSG00000104888_1,1.3287063,0.0,10
ENSG00000176531,1.5825727,0.0,10
ENSG00000104903,2.6962972,2.7645802,10
ENSG00000140396_1,1.7705252,1.5502651,10
ENSG00000088247_1,2.4464889,3.2622898,10
ENSG00000186818,0.3485037,0.0,10
ENSG00000253643,0.056151643,0.0,10
ENSG00000126464,2.1298234,2.6522076,10
ENSG00000167460_4,0.37255356,0.0,10
ENSG00000080573,1.1889695,0.0,10
ENSG00000189144_1,1.0114273,0.0,10
ENSG00000104921,0.28140956,0.0,10
ENSG00000253363,0.2401679,1.0167828,10
ENSG00000147408_1,0.17750143,0.0,10
ENSG00000186020,2.2435205,0.0,10
ENSG00000169398_1,0.04800886,0.0,10
ENSG00000241852,1.9198215,1.5952051,10
ENSG00000079805,2.6112342,2.8804648,10
ENSG00000183665,2.1045465,0.0,10
ENSG00000063245,2.5503993,2.703386,10
ENSG00000147687,1.9605074,0.0,10
ENSG00000167702_1,1.9615779,1.1865834,10
ENSG00000136997,2.0930548,2.176641,10
ENSG00000089847,1.9665345,0.0,10
ENSG00000105711,1.9018638,1.4377189,10
ENSG00000267757,2.0287023,1.3614067,10
ENSG00000198521_1,1.0775235,1.6510259,10
ENSG00000204653,0.66421115,1.0897921,10
ENSG00000105538,0.30004287,1.0629804,10
ENSG00000087086,2.551567,4.520925,10
ENSG00000173530,1.1587408,1.1985747,10
ENSG00000083812,2.2963758,2.0396323,10
ENSG00000167470,2.4679909,2.4173121,10
ENSG00000164934,2.1641505,2.3729856,10
ENSG00000167578,2.527114,0.0,10
ENSG00000167642,1.5862482,1.5525173,10
ENSG00000158669,2.4806485,2.293106,10
ENSG00000038945_1,0.062393695,0.0,10
ENSG00000105357_1,1.524575,0.0,10
ENSG00000176406_3,0.109710835,0.0,10
ENSG00000105483,2.0625026,0.0,10
ENSG00000104872_1,2.4994833,2.3978357,10
ENSG00000104863,2.0735707,1.8699647,10
ENSG00000118162,2.3639593,1.7750932,10
ENSG00000011132,1.9996297,1.9593754,10
ENSG00000105135,1.9727187,1.458653,10
ENSG00000176182,2.0731015,0.0,10
ENSG00000198551_1,2.533884,2.1178975,10
ENSG00000105643,2.4046564,2.1244717,10
ENSG00000130518,0.23471953,0.0,10
ENSG00000104427,1.5788482,0.0,10
ENSG00000130283,1.8996842,2.673279,10
ENSG00000105287,2.1878045,0.0,10
ENSG00000266964,0.8312024,1.0441476,10
ENSG00000105613,2.0169518,2.2192674,10
ENSG00000129933,2.7792253,2.5159798,10
ENSG00000253138,0.15221114,0.0,10
ENSG00000074855,2.4850066,1.8424594,10
ENSG00000008513_2,1.7522995,1.2167516,10
ENSG00000256683,0.46208924,0.0,10
ENSG00000171970,2.2491262,2.088097,10
ENSG00000224910_1,0.056389287,0.0,10
ENSG00000089356,0.34333387,0.0,10
ENSG00000129422_4,0.06978081,0.0,10
ENSG00000104881_1,2.2366083,1.9771701,10
ENSG00000042753,0.85521936,0.0,10
ENSG00000186204,0.24009798,0.0,10
ENSG00000285744,0.6442857,0.0,10
ENSG00000177182_1,0.88979965,1.2295283,10
ENSG00000205882,0.116742454,0.0,10
ENSG00000249859_4,0.36912352,0.0,10
ENSG00000072062,0.44660598,0.0,10
ENSG00000173480,1.6937186,2.1025195,10
ENSG00000267575,1.980617,2.1872668,10
ENSG00000167635,2.0766156,2.987204,10
ENSG00000253824,0.12182915,0.0,10
ENSG00000160117,1.3798461,1.9484228,10
ENSG00000124467,0.58538324,0.0,10
ENSG00000197256,2.0633483,0.0,10
ENSG00000131398,2.2519293,1.0011103,10
ENSG00000243130,0.6292645,0.0,10
ENSG00000105701_1,1.4601426,1.7581319,10
ENSG00000064687_1,1.9244351,0.0,10
ENSG00000197050,1.9119133,0.0,10
ENSG00000126259,0.5931901,1.1150444,10
ENSG00000104827,0.50270355,0.0,10
ENSG00000170848,0.54157007,0.92895883,10
ENSG00000180855,1.8733209,0.0,10
ENSG00000269289,0.123356394,0.0,10
ENSG00000253138_1,0.13725129,0.0,10
ENSG00000154188_1,0.53880394,1.4406604,10
ENSG00000171773,0.4394369,1.0193241,10
ENSG00000132016,2.2278967,1.963462,10
ENSG00000142230,2.3419056,2.9014502,10
ENSG00000164736,1.3114045,1.364851,10
ENSG00000186017,2.4664624,1.7202834,10
ENSG00000133243_1,1.177002,0.0,10
ENSG00000267339_1,0.043337665,0.0,10
ENSG00000188624,0.08360069,0.0,10
ENSG00000253893_2,0.8633397,0.0,10
ENSG00000171045,2.0508416,1.8652462,10
ENSG00000104889,2.2740173,0.0,10
ENSG00000157168_3,0.79849744,0.0,10
ENSG00000127903,1.1920071,1.0919482,10
ENSG00000171827_1,0.5412148,0.0,10
ENSG00000156162_1,2.5323596,1.9620092,10
ENSG00000104419_1,0.13518427,0.0,10
ENSG00000269793,1.2979376,0.0,10
ENSG00000130734,2.4204624,2.4372685,10
ENSG00000248538_2,0.84696835,0.0,10
ENSG00000254340,0.2810503,0.0,10
ENSG00000187650,2.1635046,0.0,10
ENSG00000243772,0.18208322,0.0,10
ENSG00000105698,2.1662793,2.471912,10
ENSG00000127507,1.7401013,2.4080806,10
ENSG00000205002,1.4860723,1.593895,10
ENSG00000246263,2.5732398,2.090526,10
ENSG00000121022,2.010871,3.0300326,10
ENSG00000105219,0.69245946,1.2035768,10
ENSG00000249709,2.5381427,1.8713977,10
ENSG00000064932_1,0.44683447,0.0,10
ENSG00000104313_3,1.48106,1.292389,10
ENSG00000127528,1.8364491,1.7223048,10
ENSG00000152475,2.5948365,1.8397859,10
ENSG00000186272,1.6756424,1.85827,10
ENSG00000042753_2,1.6530367,2.9486756,10
ENSG00000104231_1,1.6667972,2.011181,10
ENSG00000105717,1.9225354,1.4269015,10
ENSG00000213904,1.8601443,1.684321,10
ENSG00000167608,0.35975233,0.0,10
ENSG00000154188_2,0.32489678,0.0,10
ENSG00000279847,0.11695426,0.0,10
ENSG00000104946,2.3799255,1.6328721,10
ENSG00000254288,0.17543794,0.0,10
ENSG00000267796,0.9222718,1.935603,10
ENSG00000174837,0.104754664,0.0,10
ENSG00000207110,0.25235718,0.0,10
ENSG00000213889,1.0253488,1.2909868,10
ENSG00000099624,2.4881144,3.7279696,10
ENSG00000132549,2.5052812,0.0,10
ENSG00000291101,1.2477953,1.3251461,10
ENSG00000168487,2.1657972,2.0494893,10
ENSG00000087903_1,2.4777868,1.913745,10
ENSG00000186300,2.4366276,2.1392493,10
ENSG00000099330_1,2.4117289,2.4761589,10
ENSG00000242852,1.0515455,0.0,10
ENSG00000090554,0.68847054,1.5547677,10
ENSG00000183850_1,1.1079366,1.6913732,10
ENSG00000250067,0.8016078,1.1271696,10
ENSG00000039987_1,0.193592,0.0,10
ENSG00000168813,2.0273864,2.322736,10
ENSG00000099864_2,0.26004463,0.0,10
ENSG00000105649,2.2619615,0.0,10
ENSG00000147570,0.1769884,0.0,10
ENSG00000105619_1,2.2757084,2.1560037,10
ENSG00000213799,1.3248668,0.0,10
ENSG00000175489,0.67636335,0.0,10
ENSG00000254377_1,0.23035277,0.0,10
ENSG00000008441_1,0.16037366,0.0,10
ENSG00000256087_1,1.2552965,0.0,10
ENSG00000104613,2.4605947,2.7086673,10
ENSG00000269439,2.7202892,0.0,10
ENSG00000155926_2,0.23777013,0.0,10
ENSG00000136986_2,2.234847,2.646492,10
ENSG00000160886_1,1.5230947,1.2671483,10
ENSG00000161640,0.5731776,1.2812834,10
ENSG00000130803,1.4944394,2.4937255,10
ENSG00000189164,1.2599803,1.301759,10
ENSG00000147443,0.38022113,1.1917863,10
ENSG00000229140_2,1.1171978,0.0,10
ENSG00000261787,1.4553267,1.5036137,10
ENSG00000176853,2.2472355,2.4181387,10
ENSG00000184672_2,0.97194344,0.0,10
ENSG00000213096,1.4548209,2.3871548,10
ENSG00000254004,1.6410191,2.0437002,10
ENSG00000249859_3,0.23457341,0.0,10
ENSG00000089327,2.5369444,3.626751,10
ENSG00000171124,0.11818024,0.0,10
ENSG00000279300,0.1619353,0.0,10
ENSG00000010310,2.4595227,2.1880674,10
ENSG00000131944,1.6355457,0.0,10
ENSG00000198010,1.7017597,1.3806453,10
ENSG00000284638,0.94564,1.4309293,10
ENSG00000196361,1.4980828,1.6163936,10
ENSG00000183154,0.55222595,0.0,10
ENSG00000198258,1.5821176,3.073205,10
ENSG00000078579,0.41719463,0.99033886,10
ENSG00000120896_6,1.7775848,1.8771293,10
ENSG00000104408,1.9718528,3.7954845,10
ENSG00000178719_1,0.39942336,1.7549367,10
ENSG00000179526_2,1.2712549,0.0,10
ENSG00000010361_1,1.4905843,0.0,10
ENSG00000012061_1,2.5574424,2.7204206,10
ENSG00000008853_3,0.82873505,0.0,10
ENSG00000104497,1.9529041,1.6831372,10
ENSG00000253799,0.7929627,0.0,10
ENSG00000035681_1,0.17062508,0.8647721,10
ENSG00000242852_1,1.1471645,0.96796894,10
ENSG00000161249_1,0.9828235,0.9413126,10
ENSG00000105699_1,2.4624019,3.1177087,10
ENSG00000269386,2.5738668,0.0,10
ENSG00000072071,1.803586,1.749226,10
ENSG00000105245,2.6321988,2.355237,10
ENSG00000104960_2,2.7370524,2.4747756,10
ENSG00000133246,0.9113987,0.0,10
ENSG00000104852,2.7931252,0.0,10
ENSG00000160471,0.89475566,1.172457,10
ENSG00000090006_4,1.8910978,0.0,10
ENSG00000197838,0.25119367,0.0,10
ENSG00000105392,0.4341402,0.0,10
ENSG00000178150_1,0.73326665,1.1706723,10
ENSG00000253666,0.18002509,0.0,10
ENSG00000104313_2,0.6597724,1.547233,10
ENSG00000126233,0.5218473,0.0,10
ENSG00000160396,0.39674565,0.99033886,10
ENSG00000104957,1.4157195,0.0,10
ENSG00000253154,0.19748305,0.0,10
ENSG00000125740,1.2560995,0.0,10
ENSG00000131773,1.820967,1.8196887,10
ENSG00000161243,1.0727646,1.5495305,10
ENSG00000253196,0.51956224,0.7189996,10
ENSG00000147408,0.333992,0.0,10
ENSG00000253117,0.3843227,0.0,10
ENSG00000159885,0.95000637,1.6085474,10
ENSG00000201782,0.1856905,0.0,10
ENSG00000171236,1.2096581,2.219,10
ENSG00000253250,2.4226365,2.8161705,10
ENSG00000253457,0.082361035,0.0,10
ENSG00000136986,0.12474735,0.0,10
ENSG00000171954,1.2133459,1.6026025,10
ENSG00000105671,2.192146,0.0,10
ENSG00000175305,2.212074,0.0,10
ENSG00000155926_1,0.3030826,0.0,10
ENSG00000105429,2.169357,0.0,10
ENSG00000167476,0.883044,0.0,10
ENSG00000251247,0.92480123,0.0,10
ENSG00000178719_2,0.23200625,1.4288796,10
ENSG00000164830,1.8492782,1.4614685,10
ENSG00000181781_1,0.35882366,1.3670949,10
ENSG00000168081_1,0.6361258,1.0269008,10
ENSG00000160877,0.87787026,1.7352555,10
ENSG00000130475,1.8601959,1.7042706,10
ENSG00000130312_1,2.5790455,2.8763564,10
ENSG00000177191,0.679201,0.0,10
ENSG00000104979,1.4971013,2.8956225,10
ENSG00000132541,2.4498613,0.0,10
ENSG00000164733,0.5095665,0.0,10
ENSG00000160953,2.276769,2.1751783,10
ENSG00000178982,2.667783,0.0,10
ENSG00000198723,0.1595952,0.0,10
ENSG00000291231,0.34609365,0.0,10
ENSG00000104442,1.8900727,2.738779,10
ENSG00000165046,1.1743612,0.0,10
ENSG00000170889,2.6415224,3.5389934,10
ENSG00000290829,1.3909366,0.0,10
ENSG00000131116,2.7831135,2.5443547,10
ENSG00000147481_3,0.52844715,0.0,10
ENSG00000142556,1.9808336,1.6188741,10
ENSG00000104213,1.1593442,1.2263678,10
ENSG00000147613,0.6542568,0.0,10
ENSG00000069399_1,1.8695022,1.8978305,10
ENSG00000196724,1.0028086,1.2910135,10
ENSG00000104763_1,0.8027628,1.7036868,10
ENSG00000291080,2.318246,1.8409525,10
ENSG00000063176_1,0.41317272,0.0,10
ENSG00000125726,0.8333235,1.6859387,10
ENSG00000164961,2.1987886,2.2620595,10
ENSG00000131142,0.18174927,0.9764875,10
ENSG00000189144,1.0336215,1.716671,10
ENSG00000105707_1,0.55536693,0.0,10
ENSG00000147650,2.510752,2.3745303,10
ENSG00000105254,1.9419873,2.3951185,10
ENSG00000160505,0.24883662,0.0,10
ENSG00000174886,2.428102,3.4022167,10
ENSG00000104804,0.8663144,0.0,10
ENSG00000188508,0.14605685,0.0,10
ENSG00000196150_1,2.2752514,1.5992497,10
ENSG00000171425,1.3668077,2.2579305,10
ENSG00000187955,0.12371431,0.0,10
ENSG00000176909_1,0.50056404,0.0,10
ENSG00000104529_2,2.668331,3.4567091,10
ENSG00000267014,0.08770764,0.0,10
ENSG00000133874,1.1163492,1.905526,10
ENSG00000104883_1,0.13561161,0.0,10
ENSG00000179886,2.633027,1.839063,10
ENSG00000188283_1,2.0724273,1.7660125,10
ENSG00000188425,0.41609287,0.0,10
ENSG00000186230,2.1802359,2.2282488,10
ENSG00000196365,2.9004364,3.0705662,10
ENSG00000167772,1.2583153,1.6638893,10
ENSG00000213339,1.376035,0.0,10
ENSG00000213015_1,2.154039,2.665924,10
ENSG00000126460,0.33437723,0.0,10
ENSG00000147677,1.4200847,0.0,10
ENSG00000248531,0.33724245,0.0,10
ENSG00000008441_3,1.3706952,1.1830989,10
ENSG00000125648,2.292365,2.9391181,10
ENSG00000173581_1,2.2596855,2.1204522,10
ENSG00000234616,2.239355,2.197308,10
ENSG00000156011_4,1.6402898,0.0,10
ENSG00000105486,2.593217,2.8740687,10
ENSG00000199652,0.053054057,0.0,10
ENSG00000249861,0.07091907,0.0,10
ENSG00000131408_1,1.3376036,1.7464006,10
ENSG00000245910,2.515759,3.4465916,10
ENSG00000164944,1.7888339,0.0,10
ENSG00000287301,0.04462324,0.0,10
ENSG00000161249_2,0.992736,0.0,10
ENSG00000178386,0.40927133,0.78504497,10
ENSG00000105576_3,0.8602388,0.0,10
ENSG00000167775,2.415118,2.5256264,10
ENSG00000161249,0.5664915,0.0,10
ENSG00000104228,2.4912455,2.1139433,10
ENSG00000142002_2,2.3259656,2.5295355,10
ENSG00000105669,2.505989,3.1625316,10
ENSG00000254521,0.392551,1.8443902,10
ENSG00000132010,1.2062608,1.5487701,10
ENSG00000205189_1,2.120716,1.8197412,10
ENSG00000253161,0.13242348,0.0,10
ENSG00000290587,0.99042624,1.3121858,10
ENSG00000053501,2.4676316,2.366983,10
ENSG00000169136,2.6862502,3.3582585,10
ENSG00000147689_2,1.5952888,3.189785,10
ENSG00000079462,2.3587012,2.2744582,10
ENSG00000184428_1,1.4190118,0.0,10
ENSG00000040341_2,1.3504062,1.701067,10
ENSG00000131115,1.1174815,0.9161907,10
ENSG00000170956_1,0.063778505,0.0,10
ENSG00000157110,1.7150443,1.4660368,10
ENSG00000178951,2.3940573,2.188906,10
ENSG00000160882,0.35666132,0.0,10
ENSG00000179913,0.81624687,1.4741142,10
ENSG00000105011,2.6492734,2.7731872,10
ENSG00000130733,2.3568192,2.5714817,10
ENSG00000180155_1,1.5122566,0.0,10
ENSG00000168672,0.63379574,0.0,10
ENSG00000105355,1.6570778,0.0,10
ENSG00000105048,1.6329558,2.615203,10
ENSG00000105605,1.3376899,1.6334281,10
ENSG00000105258_1,2.508504,2.8598285,10
ENSG00000168575_1,1.7008673,0.0,10
ENSG00000177599,1.2883563,1.0898274,10
ENSG00000188293,0.30172244,0.0,10
ENSG00000254377_3,0.852651,1.0489078,10
ENSG00000141965,2.8904355,2.1279953,10
ENSG00000183709,0.6820425,0.0,10
ENSG00000083307,1.0918764,0.0,10
ENSG00000182472_1,1.5409575,1.2539676,10
ENSG00000129353,2.1045864,2.116219,10
ENSG00000270164,0.1423137,0.0,10
ENSG00000180061,0.6548177,0.0,10
ENSG00000105204_1,1.6735219,0.0,10
ENSG00000167461,2.514503,2.764728,10
ENSG00000213793,1.021327,2.2816947,10
ENSG00000269086,1.063962,1.3693086,10
ENSG00000286010,0.42741847,0.88601667,10
ENSG00000105640,2.555225,4.2224717,10
ENSG00000136986_1,0.15551408,0.0,10
ENSG00000268595,1.288778,0.0,10
ENSG00000172270_1,2.6333325,3.237149,10
ENSG00000181666,0.4748421,0.0,10
ENSG00000161860,2.2971523,1.2510539,10
ENSG00000185728,2.4865897,2.716831,10
ENSG00000275901,0.42406976,0.0,10
ENSG00000164822,0.27475023,0.65319324,10
ENSG00000198440,2.224144,0.0,10
ENSG00000156170_1,2.5577965,1.9723371,10
ENSG00000173281,1.9948313,0.0,10
ENSG00000129354,0.771155,0.0,10
ENSG00000088038,2.6786213,2.7145143,10
ENSG00000267606,2.175638,1.2357304,10
ENSG00000172006,2.162723,1.6759341,10
ENSG00000253490,0.062792435,0.0,10
ENSG00000013275,1.9450883,0.0,10
ENSG00000105568,2.7418113,3.0012143,10
ENSG00000125656_1,0.8043934,0.0,10
ENSG00000253230,0.37593612,0.0,10
ENSG00000267470,0.7209345,0.0,10
ENSG00000293246,0.8910198,2.321909,10
ENSG00000167491_2,0.26386604,0.0,10
ENSG00000253958,1.7216465,1.0962493,10
ENSG00000007080,2.4569902,2.8047647,10
ENSG00000105492_1,0.6357923,0.0,10
ENSG00000214049,1.1677712,2.5253441,10
ENSG00000090006,1.6524367,0.0,10
ENSG00000171060,0.2092541,0.0,10
ENSG00000249859_2,0.331738,0.0,10
ENSG00000176619,0.5683355,0.0,10
ENSG00000160321,0.42235005,0.0,10
ENSG00000024422,1.8204441,2.7522645,10
ENSG00000167701,1.044925,0.89632773,10
ENSG00000011243_1,2.4013073,2.9125392,10
ENSG00000164941,2.3510284,2.8356698,10
ENSG00000104447,0.09101303,0.0,10
ENSG00000174917,2.3337333,1.9051805,10
ENSG00000105443,2.6076539,2.6241965,10
ENSG00000182141,1.4409415,2.319978,10
ENSG00000153310_1,2.2412894,2.2880726,10
ENSG00000167595,2.3530178,2.219739,10
ENSG00000253161_5,0.09699165,0.0,10
ENSG00000120963_1,2.4384131,2.1041796,10
ENSG00000104375_2,0.17375948,0.0,10
ENSG00000142530_1,2.0608482,2.563018,10
ENSG00000269392,0.82614875,0.0,10
ENSG00000213967,2.0871618,2.4474308,10
ENSG00000147614,0.10288488,0.0,10
ENSG00000235173,2.469448,2.1905081,10
ENSG00000269858_1,1.7447745,1.5142422,10
ENSG00000046889,1.5056944,1.6302651,10
ENSG00000076641,1.4123102,1.8641549,10
ENSG00000104853,0.86441165,0.0,10
ENSG00000125744,1.3694024,2.3449638,10
ENSG00000104964,1.7097197,2.1296577,10
ENSG00000104320_1,2.660768,0.0,10
ENSG00000176593,1.56318,1.0810231,10
ENSG00000130813_2,0.6216291,0.0,10
ENSG00000197497,0.7161401,1.9153576,10
ENSG00000064547_1,1.5511272,1.5441921,10
ENSG00000011422,2.5248847,0.0,10
ENSG00000173334,2.5282564,2.384461,10
ENSG00000187474,0.2073922,0.0,10
ENSG00000270164_1,0.24752365,0.0,10
ENSG00000105397,1.284894,0.0,10
ENSG00000079313_1,2.693441,2.0677364,10
ENSG00000168522_1,2.6949267,2.0892336,10
ENSG00000126458,2.2035928,0.0,10
ENSG00000264515,1.5531769,1.9912394,10
ENSG00000221923,1.0828,1.3161381,10
ENSG00000177182,0.23716907,0.0,10
ENSG00000066827_2,2.6542742,1.8256662,10
ENSG00000147647,0.84493095,1.258302,10
ENSG00000245848,1.9327236,1.4209454,10
ENSG00000188493,1.7044495,2.6430478,10
ENSG00000197863_2,0.45718265,0.0,10
ENSG00000212473,0.36109212,0.0,10
ENSG00000130208_2,1.0437657,2.3547173,10
ENSG00000231412,0.26441795,0.0,10
ENSG00000179922,1.870197,1.4055171,10
ENSG00000267191,0.7777798,1.3671695,10
ENSG00000099875_1,2.4205897,3.1926622,10
ENSG00000238650,0.902656,0.0,10
ENSG00000168078,1.9638851,2.7220783,10
ENSG00000134028_1,0.076075666,0.0,10
ENSG00000185869,0.7757516,0.0,10
ENSG00000234906,0.21644442,0.0,10
ENSG00000253210,2.327923,1.1670809,10
ENSG00000048392,2.6289222,1.7227573,10
ENSG00000126457,2.6653032,2.6949341,10
ENSG00000129422_1,0.3660516,0.0,10
ENSG00000130726_1,2.8382778,3.082315,10
ENSG00000095066_1,0.67766017,0.0,10
ENSG00000105270,0.5246313,1.0984014,10
ENSG00000105705,2.6195388,2.1459978,10
ENSG00000125731,2.015415,1.7212796,10
ENSG00000132561_2,0.11624765,0.0,10
ENSG00000198521,1.0087616,2.2645369,10
ENSG00000267710,0.18339735,0.0,10
ENSG00000147481_1,0.69782406,0.0,10
ENSG00000115255,2.6410017,2.90455,10
ENSG00000268038,0.43561634,0.0,10
ENSG00000213020,1.2504822,0.0,10
ENSG00000130751_1,0.31602937,0.0,10
ENSG00000142273,1.3640375,0.0,10
ENSG00000254008,1.1548927,1.3862135,10
ENSG00000136574,0.44014987,0.0,10
ENSG00000175895,2.6212149,2.6374598,10
ENSG00000120899,1.5370208,0.0,10
ENSG00000085872_1,2.475937,3.0741067,10
ENSG00000126266,0.29487157,0.0,10
ENSG00000104951_1,2.8701835,3.3620677,10
ENSG00000126247_1,1.6885722,2.082013,10
ENSG00000221983_2,0.3342281,0.0,10
ENSG00000186431,0.08484514,0.0,10
ENSG00000252179,0.061304472,0.0,10
ENSG00000249898_1,2.5551271,1.989343,10
ENSG00000104853_1,2.453721,0.0,10
ENSG00000105426,1.391849,0.0,10
ENSG00000179832,2.2879882,1.7943193,10
ENSG00000249859_6,0.18403856,0.0,10
ENSG00000075702_1,0.26344657,0.0,10
ENSG00000169427,0.5887512,0.0,10
ENSG00000079112,0.100996226,0.0,10
ENSG00000130176,0.46147844,0.0,10
ENSG00000173281_1,1.4853603,0.81050134,10
ENSG00000253394,0.58257234,3.123633,10
ENSG00000167634,0.18250056,0.0,10
ENSG00000115257,2.1271493,1.687074,10
ENSG00000158856_1,0.24896117,0.0,10
ENSG00000169035_1,1.1981485,0.7761925,10
ENSG00000198363_1,0.1273119,0.0,10
ENSG00000161265,0.6208231,0.0,10
ENSG00000167759_1,1.6705709,1.2310871,10
ENSG00000127663,2.3385282,2.6708941,10
ENSG00000253314,0.07455456,0.0,10
ENSG00000088256,2.3336673,2.4395554,10
ENSG00000174586,2.6821826,1.5373152,10
ENSG00000176956_1,1.553097,1.3484023,10
ENSG00000105559,1.3278277,1.7790262,10
ENSG00000164920,2.1770859,1.541941,10
ENSG00000253819,0.2046815,0.0,10
ENSG00000105221_1,0.7268872,0.0,10
ENSG00000091656,0.72696805,0.0,10
ENSG00000268655,1.4182534,0.0,10
ENSG00000105369,0.2969463,0.0,10
ENSG00000164924_5,1.0395038,3.011769,10
ENSG00000276043_1,2.1809103,2.0494196,10
ENSG00000099864_1,1.918286,1.5183823,10
ENSG00000141933,2.7799182,2.3038352,10
ENSG00000105176_1,2.210166,2.774685,10
ENSG00000105246,0.35898492,0.0,10
ENSG00000183186,1.4404323,0.0,10
ENSG00000185189,2.18708,2.1459293,10
ENSG00000198551,2.200838,0.0,10
ENSG00000011332,1.6279361,1.4795321,10
ENSG00000213023_1,1.3686402,2.0342193,10
ENSG00000105221,0.46775687,0.0,10
ENSG00000197372,1.0965556,0.0,10
ENSG00000181135,1.9189113,1.9450647,10
ENSG00000223573,1.6566703,1.7576693,10
ENSG00000267534,2.0125175,1.8002977,10
ENSG00000165084,1.4002181,1.4926068,10
ENSG00000187266,0.9943785,0.0,10
ENSG00000267779,0.50572443,0.0,10
ENSG00000214050,0.13215229,0.0,10
ENSG00000197863_1,1.008834,1.4614835,10
ENSG00000083828,1.6775026,2.1282248,10
ENSG00000104490_1,1.6315238,1.295039,10
ENSG00000156011_2,0.10234987,0.0,10
ENSG00000105514_1,1.6850041,0.0,10
ENSG00000120526,2.2735553,2.7589383,10
ENSG00000237452,1.1421807,1.3728015,10
ENSG00000197813,0.8909117,1.3004433,10
ENSG00000131351,2.845809,1.9890803,10
ENSG00000042753_1,1.8180556,1.2626978,10
ENSG00000126934_1,2.3435936,3.0518508,10
ENSG00000104549,2.5968254,3.2714233,10
ENSG00000290988,0.83500135,1.3554707,10
ENSG00000197405,0.2652282,0.0,10
ENSG00000160570,2.419049,2.270439,10
ENSG00000104689,2.332924,2.5143619,10
ENSG00000133742,0.06304777,0.0,10
ENSG00000175324,2.5251403,2.639068,10
ENSG00000204524,2.07408,0.0,10
ENSG00000205209,0.30953753,0.0,10
ENSG00000253716,1.9075017,2.5475445,10
ENSG00000198538,0.9088141,0.0,10
ENSG00000253868,0.109584235,0.0,10
ENSG00000157168_4,0.116183564,0.0,10
ENSG00000205189,1.2433255,1.085469,10
ENSG00000279619,0.32297468,0.0,10
ENSG00000165392,1.7816796,2.8379986,10
ENSG00000172172,1.7579287,3.080879,10
ENSG00000189377,0.17034529,0.0,10
ENSG00000204653_1,0.6979914,1.127202,10
ENSG00000120913_4,1.2666932,1.1273252,10
ENSG00000204936,0.37842727,1.102612,10
ENSG00000099326,2.7794187,1.7614242,10
ENSG00000105127,2.6985946,2.4856462,10
ENSG00000198363_3,0.22064562,0.0,10
ENSG00000261667,0.6669862,0.7761925,10
ENSG00000147586_1,2.3548257,1.5979254,10
ENSG00000130511_1,1.7127615,1.7308307,10
ENSG00000179954,1.0628465,0.0,10
ENSG00000171649,1.2505913,0.0,10
ENSG00000130748,2.012046,2.2666786,10
ENSG00000164754,2.4166136,1.5555055,10
ENSG00000105281,1.3481412,0.0,10
ENSG00000287467,0.11689122,0.0,10
ENSG00000267673,1.3034072,0.0,10
ENSG00000104450,1.289149,1.1883659,10
ENSG00000125912,2.6738076,2.6858196,10
ENSG00000147649_1,0.05898866,0.0,10
ENSG00000269416,0.46933442,1.0464952,10
ENSG00000167632,0.34475058,0.8461391,10
ENSG00000120784,2.0192416,1.7420571,10
ENSG00000172167,1.3723558,0.0,10
ENSG00000198597_1,0.0915008,0.0,10
ENSG00000229140,0.046127323,0.0,10
ENSG00000287001,0.9531525,1.4501567,10
ENSG00000261150,1.8363786,1.918261,10
ENSG00000105371,2.3149784,2.42734,10
ENSG00000105612,2.0574946,2.1700268,10
ENSG00000096996_1,0.48947185,0.0,10
ENSG00000127220,1.9830356,1.7692221,10
ENSG00000104365,1.7425727,2.177294,10
ENSG00000038945_2,0.06756952,0.0,10
ENSG00000105472,0.21896426,1.4650942,10
ENSG00000201763,0.6375383,0.0,10
ENSG00000196218,0.9330505,0.0,10
ENSG00000249859,1.5222023,1.9107813,10
ENSG00000229140_3,1.5055846,3.232902,10
ENSG00000079102,0.3221212,0.0,10
ENSG00000129991_1,1.4759959,1.9243413,10
ENSG00000164761,1.2267346,1.4821014,10
ENSG00000205138,2.5110822,2.5327034,10
ENSG00000166770,1.0545233,1.2509809,10
ENSG00000123908,2.1070154,2.2934356,10
ENSG00000168490,0.77985305,1.3423042,10
ENSG00000186838,0.9520246,1.1271696,10
ENSG00000147804_1,1.2177393,1.2757028,10
ENSG00000134014_1,1.9096231,0.0,10
ENSG00000075702,2.5312133,2.2703924,10
ENSG00000129951,1.8302503,2.0597868,10
ENSG00000197217,2.3397973,2.2839544,10
ENSG00000104341,2.3178458,3.2932696,10
ENSG00000254777_2,0.5053572,0.0,10
ENSG00000168333,0.36185896,0.0,10
ENSG00000160410_1,1.4357345,1.0765895,10
ENSG00000095932,0.3679043,0.0,10
ENSG00000123146_2,1.7036213,2.6352212,10
ENSG00000169946_1,1.622592,1.554065,10
ENSG00000136997_1,2.400103,3.740568,10
ENSG00000168522,2.6621923,2.8397858,10
ENSG00000204514,0.5324412,1.4632658,10
ENSG00000176782,0.21330895,0.0,10
ENSG00000147813,1.8787602,2.329591,10
ENSG00000219665,0.93583643,1.9262395,10
ENSG00000066855,2.5315056,0.0,10
ENSG00000137573_1,0.912683,0.0,10
ENSG00000105058,1.2366765,2.924624,10
ENSG00000188305,0.4253844,0.0,10
ENSG00000253408_1,1.6763775,0.0,10
ENSG00000197892,0.101695895,0.0,10
ENSG00000253474,0.13870709,0.0,10
ENSG00000120913,1.412846,1.4228852,10
ENSG00000275591,0.95126283,0.0,10
ENSG00000167632_1,0.35030204,0.0,10
ENSG00000167459_1,0.05833654,0.0,10
ENSG00000203499,1.4130317,0.0,10
ENSG00000105202_2,0.42930317,2.0554166,10
ENSG00000267777,0.08071825,0.0,10
ENSG00000147650_1,2.5642698,2.5355473,10
ENSG00000167685,1.4821975,0.0,10
ENSG00000104894,1.0729336,0.0,10
ENSG00000123154_1,2.1382256,1.5434471,10
ENSG00000198466,1.7079239,0.0,10
ENSG00000127616,2.7103636,2.9519978,10
ENSG00000174788,0.45965534,0.0,10
ENSG00000012061_2,1.296179,0.0,10
ENSG00000104808,1.3462851,0.0,10
ENSG00000228323,2.3063035,1.4623381,10
ENSG00000254027,0.5732963,1.2524647,10
ENSG00000153879,2.5494494,2.4980485,10
ENSG00000133731,2.0871577,2.534431,10
ENSG00000120910,2.6036475,2.10631,10
ENSG00000136573,0.34827548,0.0,10
ENSG00000142347,0.1233752,0.0,10
ENSG00000159915,0.9775634,0.0,10
ENSG00000197892_1,2.1423154,2.0680485,10
ENSG00000105676,2.758761,2.5582404,10
ENSG00000099622_1,2.6921396,3.2405968,10
ENSG00000008853,0.26382184,0.0,10
ENSG00000083168,2.1728024,2.5822566,10
ENSG00000104859,2.3470342,2.4248197,10
ENSG00000076662,2.4013653,2.1534796,10
ENSG00000091879,0.44982588,0.0,10
ENSG00000105366_1,0.30240238,1.2101686,10
ENSG00000076924,2.0358045,0.0,10
ENSG00000105220,2.423322,1.4158744,10
ENSG00000130726,2.6371286,3.09572,10
ENSG00000283992,1.0586239,0.0,10
ENSG00000104879,0.5395613,0.70876074,10
ENSG00000125746_4,1.3474619,1.2785021,10
ENSG00000250571,2.3973708,2.1471908,10
ENSG00000188039,0.13035764,0.0,10
ENSG00000239998,0.21924265,0.0,10
ENSG00000130227_1,0.14027105,0.0,10
ENSG00000005007_1,0.20280716,1.0854332,10
ENSG00000166398,2.1207407,2.2562125,10
ENSG00000245281_1,0.6713181,0.0,10
ENSG00000105370,0.2501797,0.0,10
ENSG00000104517,2.476867,2.5479407,10
ENSG00000121005_2,0.070026696,0.0,10
ENSG00000156006,0.05075156,0.0,10
ENSG00000179041,2.3690543,2.7145176,10
ENSG00000099330,2.3479767,2.3304646,10
ENSG00000104375,2.5437326,2.1084974,10
ENSG00000123815_1,2.3846254,0.0,10
ENSG00000170892,2.5009928,1.8830763,10
ENSG00000196757,2.3647318,2.175184,10
ENSG00000104524_1,2.5769892,2.1939702,10
ENSG00000278374,0.1671079,0.0,10
ENSG00000173581,2.2015631,1.9921026,10
ENSG00000268027,0.13044772,0.0,10
ENSG00000169515,2.1198587,2.3913603,10
ENSG00000070756_3,2.2719097,4.3444433,10
ENSG00000198093,0.79389787,2.2519057,10
ENSG00000089356_1,0.38164335,0.0,10
ENSG00000104324,2.262624,1.7410492,10
ENSG00000178764,1.2120972,0.0,10
ENSG00000196684,0.265356,0.0,10
ENSG00000269729,0.07739229,0.0,10
ENSG00000105398,0.10357142,0.0,10
ENSG00000039650_2,2.1795447,2.251648,10
ENSG00000125910,1.1470301,0.0,10
ENSG00000118160,0.7727434,1.1813576,10
ENSG00000196214,2.2614856,2.02628,10
ENSG00000105173,2.1797876,2.1916466,10
ENSG00000267383_1,0.12349903,0.0,10
ENSG00000289906,0.0907814,0.0,10
ENSG00000147421_1,1.8556325,2.2347906,10
ENSG00000180190,1.3174247,1.0142264,10
ENSG00000179388,1.3584273,2.0765712,10
ENSG00000175073,2.558454,2.0898697,10
ENSG00000266983,2.5900855,2.063078,10
ENSG00000104812,2.2641315,2.248699,10
ENSG00000253553,1.4990811,0.0,10
ENSG00000099622,2.0743864,1.2464001,10
ENSG00000014164,2.4925554,2.1176093,10
ENSG00000087076,0.92110765,1.0218918,10
ENSG00000147789,2.538173,1.9048724,10
ENSG00000186579,0.12184023,0.0,10
ENSG00000164830_3,2.32795,1.9111309,10
ENSG00000158856_5,1.15541,1.2814243,10
ENSG00000154582,2.5731835,2.9793189,10
ENSG00000070756_1,0.06488324,0.0,10
ENSG00000161914,2.5229287,1.808211,10
ENSG00000204839_1,1.0974126,1.1560886,10
ENSG00000205155,2.0083194,0.0,10
ENSG00000253230_1,0.8783681,0.0,10
ENSG00000164816,0.1580413,0.0,10
ENSG00000147316,2.2055779,2.6377988,10
ENSG00000104687,2.638449,2.9712536,10
ENSG00000179526,2.6045566,0.0,10
ENSG00000077312,2.5944505,3.673161,10
ENSG00000063245_1,0.508907,1.4074589,10
ENSG00000169122,1.3975471,1.353108,10
ENSG00000168487_1,1.8078238,1.5869584,10
ENSG00000063177_1,2.6335287,0.0,10
ENSG00000158815,0.9726423,1.1777961,10
ENSG00000185697_1,0.33104372,0.9984337,10
ENSG00000071655_1,2.4924703,2.5260031,10
ENSG00000182393,0.6754372,0.99572295,10
ENSG00000272333,2.4390872,2.464564,10
ENSG00000124302,1.789973,1.6570559,10
ENSG00000105198,0.10624948,0.0,10
ENSG00000063244,2.652823,2.1470916,10
ENSG00000261437,0.89027286,1.2539434,10
ENSG00000154319_1,0.11435681,0.0,10
ENSG00000198077,0.14566128,0.0,10
ENSG00000125734,2.5052676,0.0,10
ENSG00000095932_1,1.0477437,0.0,10
ENSG00000153902,1.0237956,1.0984014,10
ENSG00000197134,1.4705825,2.4884267,10
ENSG00000007047,1.9258678,2.231574,10
ENSG00000123154,1.0642078,0.0,10
ENSG00000180884,1.5118835,1.903524,10
ENSG00000184162,2.234911,1.951954,10
ENSG00000120889,2.1666903,2.0491056,10
ENSG00000130816,0.09813903,0.0,10
ENSG00000142252,2.0601037,2.3164506,10
ENSG00000197353,0.93369925,1.4218506,10
ENSG00000120899_2,0.083654284,0.0,10
ENSG00000173273_2,0.08294053,0.0,10
ENSG00000188785,1.9124402,1.0441084,10
ENSG00000105641_1,0.25901362,0.8227041,10
ENSG00000125730,0.20735563,0.0,10
ENSG00000221914,2.102251,2.9257143,10
ENSG00000228300_1,2.5838091,1.8474493,10
ENSG00000171051,0.14743483,0.0,10
ENSG00000130751,1.0806192,1.6104791,10
ENSG00000253678,0.55576754,0.0,10
ENSG00000186111,2.0880275,2.4399955,10
ENSG00000277586,1.1792479,1.8057251,10
ENSG00000251191,0.07882966,0.0,10
ENSG00000147526_3,0.18117245,0.0,10
ENSG00000147324,2.0220685,2.000911,10
ENSG00000253434,0.21818434,0.0,10
ENSG00000123124,2.3886333,1.4577911,10
ENSG00000167685_1,0.3479733,0.0,10
ENSG00000256294,1.6086167,0.0,10
ENSG00000248098,1.5692983,0.0,10
ENSG00000160886,1.2337887,1.0984014,10
ENSG00000181240,0.26509222,0.0,10
ENSG00000225877,0.047163963,0.0,10
ENSG00000198858,1.9982318,2.961739,10
ENSG00000104903_2,2.0515158,1.8304603,10
ENSG00000198791,2.4008188,0.99576676,10
ENSG00000167232,0.079015724,0.0,10
ENSG00000119574,2.6134872,2.276071,10
ENSG00000104886_1,2.5903637,2.2488801,10
ENSG00000099337,1.6229664,1.6221311,10
ENSG00000164695,1.7639587,1.8889878,10
ENSG00000105137,1.1790907,1.0606601,10
ENSG00000169139,2.5178509,3.2183228,10
ENSG00000184661,2.5249987,2.648354,10
ENSG00000099860,1.8123018,1.3904865,10
ENSG00000130309,2.7362065,2.883826,10
ENSG00000156482,2.2579446,3.9852922,10
ENSG00000164733_1,0.3811322,0.0,10
ENSG00000131355,0.065367565,0.0,10
ENSG00000121297,1.6050568,1.7385428,10
ENSG00000127540,2.361422,3.3802311,10
ENSG00000291114,0.6183418,0.0,10
ENSG00000267448,0.22597854,0.73901826,10
ENSG00000204920,0.31191373,0.9194442,10
ENSG00000011332_1,1.5539371,0.0,10
ENSG00000181790,1.7382038,1.9977226,10
ENSG00000268480_1,0.70394456,1.3749682,10
ENSG00000011590,0.58589053,0.0,10
ENSG00000267858,2.3512454,0.0,10
ENSG00000197380,2.293418,1.7696726,10
ENSG00000104973,2.0519454,2.8320968,10
ENSG00000213999,0.5630186,0.0,10
ENSG00000147649,2.6403136,3.0647461,10
ENSG00000157110_2,0.49620193,1.2785021,10
ENSG00000108107_1,2.301145,2.5324485,10
ENSG00000096996,0.37200665,0.0,10
ENSG00000105643_2,1.738508,1.8386351,10
ENSG00000184608,0.09549764,0.0,10
ENSG00000099785,1.7779595,0.0,10
ENSG00000066827_1,0.5141182,0.7035493,10
ENSG00000169436,0.33143964,0.0,10
ENSG00000147526_2,2.3826747,1.8172148,10
ENSG00000167384,2.4931026,2.0994735,10
ENSG00000130304_1,2.3708506,1.5918546,10
ENSG00000248538,0.8693447,0.0,10
ENSG00000168079,0.49331245,0.0,10
ENSG00000169154,0.34815747,0.0,10
ENSG00000064666,2.1443777,0.0,10
ENSG00000198042,2.502933,3.0918252,10
ENSG00000172164_1,0.1826461,0.0,10
ENSG00000167555,1.0465904,1.4319425,10
ENSG00000129437,0.16547091,0.0,10
ENSG00000131401,0.13399555,0.0,10
ENSG00000105675,0.40111256,0.0,10
ENSG00000005007,2.6203272,2.77741,10
ENSG00000164796_1,0.33528018,0.0,10
ENSG00000080511,0.24171808,0.0,10
ENSG00000129347,2.5349486,2.6584132,10
ENSG00000185236,2.7410688,2.418964,10
ENSG00000105699,2.0866535,2.1465404,10
ENSG00000184374,0.05034019,0.0,10
ENSG00000184672_3,0.054465577,0.0,10
ENSG00000249859_5,0.56761384,0.0,10
ENSG00000160007,2.6583385,2.1907153,10
ENSG00000283959_1,1.3633176,0.0,10
ENSG00000173928,2.0039191,1.4549059,10
ENSG00000158941,2.4748678,2.7909575,10
ENSG00000105229,2.4650648,0.0,10
ENSG00000104903_1,2.6714568,2.880299,10
ENSG00000276980,0.3369903,1.5592241,10
ENSG00000131845,1.944542,0.0,10
ENSG00000161082_1,1.1369464,1.1579099,10
ENSG00000088053,1.3866248,0.0,10
ENSG00000124459,1.9284859,1.745395,10
ENSG00000105376,2.6481829,2.8259451,10
ENSG00000128016,2.384076,2.8204129,10
ENSG00000164830_2,0.13734937,0.0,10
ENSG00000270164_2,0.037985835,0.0,10
ENSG00000105388,0.060402162,0.9412828,10
ENSG00000269235,0.3550354,0.0,10
ENSG00000169169,0.4606939,0.0,10
ENSG00000204839,1.1858476,1.6352425,10
ENSG00000268516,2.5766973,2.224911,10
ENSG00000011451,2.2468886,2.738265,10
ENSG00000197181,0.8462264,1.19187,10
ENSG00000088247,1.9693968,0.0,10
ENSG00000065989_1,0.5105624,1.0698012,10
ENSG00000104957_1,2.4646442,0.0,10
ENSG00000128011,1.8132961,2.002006,10
ENSG00000069399,1.6028357,0.0,10
ENSG00000159871_2,0.45223665,0.9875769,10
ENSG00000130477,0.13459492,0.0,10
ENSG00000227500,1.299656,1.2434845,10
ENSG00000253438_1,0.10393362,0.0,10
ENSG00000261236,2.4127977,2.9159925,10
ENSG00000182759,2.062101,1.5488806,10
ENSG00000155975,2.4824102,2.626287,10
ENSG00000171295,2.4270527,2.422823,10
ENSG00000104814_1,0.94835126,0.0,10
ENSG00000004776,0.82242405,1.4838668,10
ENSG00000171428,0.58000207,1.6065964,10
ENSG00000176731,1.4522114,0.0,10
ENSG00000221826,0.52168,0.0,10
ENSG00000130755,0.4974066,2.138748,10
ENSG00000167658,0.5486076,2.3004215,10
ENSG00000073008,1.5572969,1.7352235,10
ENSG00000167646,1.6717188,0.0,10
ENSG00000074181,1.293606,0.0,10
ENSG00000142549,1.4883573,1.5247205,10
ENSG00000105248,2.1803126,2.2807195,10
ENSG00000105492,0.69512165,0.0,10
ENSG00000169398,0.2595435,0.0,10
ENSG00000161551,0.8879558,1.3325394,10
ENSG00000253339,0.1209566,0.0,10
ENSG00000147571,0.5734651,1.2771506,10
ENSG00000261824_2,2.3508625,2.18489,10
ENSG00000182372,1.1894505,0.0,10
ENSG00000177257,0.09142836,0.0,10
ENSG00000232024,0.21847296,2.1244748,10
ENSG00000104419_2,0.13310601,0.0,10
ENSG00000167460_3,1.7843596,1.4539907,10
ENSG00000172232,1.0332396,0.9930657,10
ENSG00000253339_1,0.10531572,0.0,10
ENSG00000104967_1,0.5487055,1.1485101,10
ENSG00000172081,0.51752704,1.1447299,10
ENSG00000105372_1,2.5353694,1.2826447,10
ENSG00000178860,0.117082946,0.0,10
ENSG00000164684,1.3252369,1.8466463,10
ENSG00000187954,2.3145287,2.3444316,10
ENSG00000082556,1.1321576,1.4377981,10
ENSG00000160472,0.38334426,0.0,10
ENSG00000035681_2,2.4411712,2.1582026,10
ENSG00000213096_1,1.8300146,2.5147629,10
ENSG00000104237,0.19468181,0.0,10
ENSG00000104755_1,0.20754297,0.0,10
ENSG00000160460,1.7198273,1.9918019,10
ENSG00000225975,1.4553049,1.6322143,10
ENSG00000267498,1.780514,1.1291741,10
ENSG00000105193,2.619865,4.089177,10
ENSG00000267680,1.4064176,0.0,10
ENSG00000104824_1,2.4933004,2.1759987,10
ENSG00000105618_1,0.5605308,0.0,10
ENSG00000129696,1.2364826,1.9987997,10
ENSG00000130208_3,1.1548455,1.2118678,10
ENSG00000169085,0.11705435,0.0,10
ENSG00000173273_1,0.1993844,0.0,10
ENSG00000253301,1.2288127,1.6924503,10
ENSG00000253161_2,0.1717073,0.0,10
ENSG00000156170,2.1721327,1.4873195,10
ENSG00000288041,0.07140324,0.0,10
ENSG00000185803,1.4449039,0.0,10
ENSG00000076554_4,1.6470869,1.5600023,10
ENSG00000188171,1.0426681,2.3335783,10
ENSG00000293376,0.60662675,0.96796894,10
ENSG00000141971,1.3178658,2.0204482,10
ENSG00000104866_1,2.684304,2.1924727,10
ENSG00000104626,2.4984999,2.7064815,10
ENSG00000105610,1.3895324,0.0,10
ENSG00000126247_3,1.0108193,0.0,10
ENSG00000133243,1.6844268,2.1284316,10
ENSG00000064961,2.2431366,2.731318,10
ENSG00000076554_3,0.09803163,0.0,10
ENSG00000104915,1.7542074,1.9054883,10
ENSG00000214248,2.6770792,1.4238518,10
ENSG00000006659,0.0648187,0.0,10
ENSG00000169490,2.658226,2.2567947,10
ENSG00000225950,1.3623388,0.0,10
ENSG00000254202,0.08675235,0.0,10
ENSG00000104960_1,2.8054852,2.9233165,10
ENSG00000154319,1.4358251,1.1688509,10
ENSG00000164808_1,0.09287121,0.0,10
ENSG00000147471,2.087506,0.0,10
ENSG00000179832_1,0.7295654,0.0,10
ENSG00000125746,1.7858558,0.0,10
ENSG00000248538_4,0.36489907,0.0,10
ENSG00000104313,0.07386822,0.0,10
ENSG00000167460_1,1.0124266,0.0,10
ENSG00000225885,0.10275579,0.0,10
ENSG00000245598,1.2017093,0.0,10
ENSG00000104714,2.0131948,2.6051877,10
ENSG00000256771,1.9035466,1.9156952,10
ENSG00000105278,1.5139656,1.467904,10
ENSG00000099812,0.6922046,0.78067726,10
ENSG00000125733_1,1.0422875,1.3325596,10
ENSG00000105576_1,2.3086782,1.3693829,10
ENSG00000168615,2.5834773,0.0,10
ENSG00000115266_1,1.0239515,0.0,10
ENSG00000168172,2.5888398,2.295391,10
ENSG00000197483,2.1742568,0.0,10
ENSG00000072954,1.6508353,1.4148229,10
ENSG00000178125,0.96260726,0.0,10
ENSG00000079462_1,1.2521334,2.60045,10
ENSG00000133250,2.6894727,2.2628307,10
ENSG00000197128,0.577836,1.554077,10
ENSG00000244165,0.21337526,0.0,10
ENSG00000147586,2.2400348,0.0,10
ENSG00000253138_2,0.20846923,0.0,10
ENSG00000105655,2.0211303,3.314434,10
ENSG00000293317,0.56067514,0.0,10
ENSG00000168300_1,2.5359108,2.4355419,10
ENSG00000197265,2.5691955,1.7192069,10
ENSG00000167657,2.178369,2.2312198,10
ENSG00000221818_1,1.0711927,0.0,10
ENSG00000181894,1.2997164,1.6253124,10
ENSG00000186918,1.8942969,1.9958545,10
ENSG00000141985,2.4777257,2.6751447,10
ENSG00000164821,0.0667848,1.0810375,10
ENSG00000174521,1.6485533,1.8854743,10
ENSG00000130881,1.7605867,1.7930217,10
ENSG00000105136,1.4444635,1.4318299,10
ENSG00000196109,0.47971,1.3161381,10
ENSG00000268751,1.0343028,1.6302752,10
ENSG00000085719,1.6099384,2.4754853,10
ENSG00000124469,0.40888503,0.0,10
ENSG00000196437,1.9584908,2.086431,10
ENSG00000090554_1,0.28515142,1.1466551,10
ENSG00000105220_1,2.0109165,0.0,10
ENSG00000255491,0.59796745,1.9760104,10
ENSG00000307772,0.1907265,0.0,10
ENSG00000131142_2,0.36133045,0.0,10
ENSG00000196705,1.8285835,2.8894002,10
ENSG00000205268,2.6551242,2.1106975,10
ENSG00000293247,0.36890772,0.8755011,10
ENSG00000197013,1.6174791,2.0770588,10
ENSG00000178935,1.6608758,1.8530896,10
ENSG00000008853_2,1.8537735,1.6025699,10
ENSG00000181896,2.1227217,1.5547435,10
ENSG00000134020,0.47973925,0.0,10
ENSG00000167785,2.5587316,0.0,10
ENSG00000171044,1.5978627,1.9233528,10
ENSG00000180448_1,1.786069,1.3212876,10
ENSG00000130475_2,0.22393985,0.0,10
ENSG00000169946,1.922716,2.8680093,10
ENSG00000189190,0.76859254,2.3056867,10
ENSG00000176406,1.3629966,1.238949,10
ENSG00000178460,0.5607564,0.0,10
ENSG00000267100,2.3709526,2.360042,10
ENSG00000142039,1.8735459,2.325298,10
ENSG00000257704,2.5380244,2.9826782,10
ENSG00000293171,0.7293586,1.3554707,10
ENSG00000215114,1.9283302,0.0,10
ENSG00000063244_1,2.8535044,2.434743,10
ENSG00000121005,1.3519207,1.5743902,10
ENSG00000169490_1,2.7315521,2.3972306,10
ENSG00000205133,1.9650266,0.0,10
ENSG00000105202,0.15504222,0.0,10
ENSG00000032444_1,0.5567361,0.0,10
ENSG00000197265_1,2.5378072,2.7891011,10
ENSG00000187187,1.6666462,1.549506,10
ENSG00000147432,0.06078492,0.0,10
ENSG00000171747,0.3593893,0.0,10
ENSG00000253877,0.05571042,0.0,10
ENSG00000125743,2.2007396,0.0,10
ENSG00000105656,2.6591349,2.4598355,10
ENSG00000175221,2.4600844,2.449162,10
ENSG00000105552_1,2.0106952,2.704655,10
ENSG00000245281,1.7995801,1.3839409,10
ENSG00000147535,1.4737813,0.0,10
ENSG00000032444_3,0.42047265,0.8573928,10
ENSG00000077782_3,1.6580334,1.8474616,10
ENSG00000130208_1,1.078434,2.4209635,10
ENSG00000198723_1,0.5213097,1.016766,10
ENSG00000286701,0.31145117,0.0,10
ENSG00000064932_3,2.1621208,2.593667,10
ENSG00000253438,1.0876858,1.52961,10
ENSG00000196466,1.8179804,1.6737027,10
ENSG00000198363,0.023953103,0.0,10
ENSG00000147813_1,1.1367724,2.3087416,10
ENSG00000074219_1,0.5070654,0.0,10
ENSG00000174652,1.6851743,0.0,10
ENSG00000251136_2,2.346228,0.0,10
ENSG00000099864,1.9045682,1.9426528,10
ENSG00000130522,2.7042766,3.2739916,10
ENSG00000171105,1.7733054,1.5855736,10
ENSG00000293314,2.1919684,1.6908762,10
ENSG00000207215,0.20317303,0.0,10
ENSG00000166359,1.2073559,0.0,10
ENSG00000198482_1,0.621449,0.0,10
ENSG00000155096,2.262414,3.3675628,10
ENSG00000012232,1.871284,0.0,10
ENSG00000205038,0.7541564,1.6691308,10
ENSG00000176840,0.2402236,0.0,10
ENSG00000040341,0.06955847,0.0,10
ENSG00000130311,2.216355,2.877316,10
ENSG00000170906,2.199714,3.1943672,10
ENSG00000007129,0.26555136,0.0,10
ENSG00000276043,2.1267416,2.5701108,10
ENSG00000188039_1,0.5811157,0.9129656,10
ENSG00000218891,0.8860197,0.0,10
ENSG00000229676,1.0934958,1.3949068,10
ENSG00000171223,2.5016832,3.0780144,10
ENSG00000130544,2.3831441,1.9227307,10
ENSG00000129932,0.4160865,0.0,10
ENSG00000160229,1.1712785,0.0,10
ENSG00000243207,2.568016,2.2586372,10
ENSG00000105438_1,1.5525298,2.949183,10
ENSG00000269699,0.9862474,1.5288267,10
ENSG00000104524,0.4154847,0.99840754,10
ENSG00000171044_1,0.41520023,1.5118567,10
ENSG00000099203,2.599084,1.7904259,10
ENSG00000253696,0.10286347,1.0788192,10
ENSG00000126453,2.2278218,2.9456851,10
ENSG00000168575_4,2.222467,2.8299851,10
ENSG00000184428,1.9753952,2.557139,10
ENSG00000232098,2.632771,1.9915096,10
ENSG00000142046_2,0.434551,0.0,10
ENSG00000253230_2,0.9930495,1.4454329,10
ENSG00000158856_3,0.7618913,1.5650091,10
ENSG00000105697,0.5830826,1.3472481,10
ENSG00000267383,0.51898605,0.0,10
ENSG00000105618,2.4112291,2.7629926,10
ENSG00000086548,0.07254628,0.0,10
ENSG00000183019,0.15463345,0.0,10
ENSG00000167562_1,1.615772,0.0,10
ENSG00000086967,0.39954156,0.0,10
ENSG00000267169,2.673203,0.0,10
ENSG00000011451_1,0.64048445,1.188197,10
ENSG00000105223,2.4451733,2.6713932,10
ENSG00000105404,1.5552101,1.7016284,10
ENSG00000133742_1,0.2305462,0.0,10
ENSG00000039650,2.03589,0.9413126,10
ENSG00000105576,2.2798226,0.0,10
ENSG00000123146_1,1.8008335,2.8216903,10
ENSG00000147654,2.593073,2.4074419,10
ENSG00000171804,1.7567563,0.0,10
ENSG00000011485,2.4262533,2.5258362,10
ENSG00000164741_2,0.15302207,0.0,10
ENSG00000167654,0.874285,0.0,10
ENSG00000268595_1,0.26386485,0.7485756,10
ENSG00000261678,1.7535834,1.2151086,10
ENSG00000071655,2.6436417,1.7078936,10
ENSG00000186567,0.1918587,0.0,10
ENSG00000155792,1.5625992,1.7099481,10
ENSG00000196214_1,0.121146545,0.0,10
ENSG00000072062_1,2.2183533,2.8707416,10
ENSG00000105771,2.748014,2.875397,10
ENSG00000197808,0.46412855,0.0,10
ENSG00000179218,2.6341305,4.049249,10
ENSG00000176956_2,1.3362789,1.4933883,10
ENSG00000290720,2.186222,0.0,10
ENSG00000131943,2.0985596,1.8061664,10
ENSG00000034677_1,0.23882039,0.7806917,10
ENSG00000095066,1.7842326,0.0,10
ENSG00000104833,0.93848836,0.0,10
ENSG00000136997_3,2.0651746,1.7728349,10
ENSG00000129455,0.55105495,1.1311052,10
ENSG00000004777,2.0355253,0.0,10
ENSG00000127452_1,2.0967808,1.6462175,10
ENSG00000147679,2.3981793,2.4202776,10
ENSG00000167674,2.6715431,2.0507083,10
ENSG00000198816,1.7821159,1.7130703,10
ENSG00000164924_4,2.2981784,2.5657887,10
ENSG00000104938,0.10127247,0.0,10
ENSG00000099800,2.809113,3.095661,10
ENSG00000278611,1.5515712,0.0,10
ENSG00000243137,0.49107915,0.0,10
ENSG00000011478,2.6381822,2.3127315,10
ENSG00000187735,2.6736393,2.904039,10
ENSG00000104979_1,1.9105694,0.0,10
ENSG00000141837_1,1.4211553,1.295039,10
ENSG00000079102_2,0.34985566,0.0,10
ENSG00000070404_1,1.8588622,1.3097153,10
ENSG00000083838_1,2.2092643,1.1150777,10
ENSG00000104969,2.4706788,2.87171,10
ENSG00000164949,0.6365054,0.0,10
ENSG00000042980,0.14640814,0.0,10
ENSG00000129292,2.2880077,2.5145478,10
ENSG00000105698_1,2.1621716,1.9163487,10
ENSG00000142002,0.45363104,0.0,10
ENSG00000156011_1,0.12985428,0.0,10
ENSG00000254277,0.1510451,0.0,10
ENSG00000183668,0.4947353,0.0,10
ENSG00000066827,0.32750776,0.0,10
ENSG00000267058,0.90153503,0.0,10
ENSG00000253661_1,0.18935554,0.0,10
ENSG00000188227_1,0.1699778,0.0,10
ENSG00000124440_1,0.6066909,0.0,10
ENSG00000118046,2.4750378,2.3606691,10
ENSG00000171469,1.7474021,0.0,10
ENSG00000269190,1.9976071,2.130575,10
ENSG00000147606,0.103320174,0.6762728,10
ENSG00000189052,0.7869082,0.0,10
ENSG00000289037,2.2686532,1.4065742,10
ENSG00000173273,2.4727097,2.198184,10
ENSG00000005206,2.507959,2.4038854,10
ENSG00000198003,1.7537878,0.0,10
ENSG00000167670,2.7583146,0.0,10
ENSG00000073050,2.1608503,0.0,10
ENSG00000141867_2,1.9790766,3.000382,10
ENSG00000172006_1,2.1893668,1.4208268,10
ENSG00000124466,0.6447438,1.4668676,10
ENSG00000253168,0.14279415,0.0,10
ENSG00000286034,0.34434167,0.0,10
ENSG00000125735,0.62301207,1.1005085,10
ENSG00000070423,2.4959931,2.5170956,10
ENSG00000120896_4,0.3261134,0.0,10
ENSG00000099840,1.8736143,1.4338977,10
ENSG00000105708,1.3827153,1.5917989,10
ENSG00000156735,2.219826,2.6105037,10
ENSG00000147454,2.6144533,3.5195746,10
ENSG00000216588,0.27098787,0.0,10
ENSG00000183779,1.7789241,1.7424895,10
ENSG00000156011_3,0.21780719,0.0,10
ENSG00000161652,0.570313,0.0,10
ENSG00000105364_1,2.517941,3.2029457,10
ENSG00000179168,1.4580766,1.0392158,10
ENSG00000224910,1.4594973,1.2357557,10
ENSG00000253554,0.36145526,0.0,10
ENSG00000293495_1,1.585585,2.8866107,10
ENSG00000115266,1.5125973,1.2700729,10
ENSG00000267201,1.0913372,0.9504135,10
ENSG00000152439,1.440036,0.0,10
ENSG00000099804_1,0.8349139,0.0,10
ENSG00000040341_1,2.4224553,2.587391,10
ENSG00000090006_5,1.4361334,2.32176,10
ENSG00000104892,1.0610068,1.3625956,10
ENSG00000253408,0.8822098,0.0,10
ENSG00000104375_1,0.43749264,0.0,10
ENSG00000253764,0.81517076,1.2799634,10
ENSG00000104976_1,1.1167257,2.2938993,10
ENSG00000130812,2.3295228,0.0,10
ENSG00000254251,0.085980736,0.0,10
ENSG00000074842,2.0379047,3.0463703,10
ENSG00000255364,0.032330588,0.0,10
ENSG00000105290,1.5779388,2.0835528,10
ENSG00000287952,2.1974735,3.6152735,10
ENSG00000127507_1,0.39694875,1.380591,10
ENSG00000147488,0.098484695,0.0,10
ENSG00000104518,1.3663156,0.0,10
ENSG00000170909,0.25501204,0.0,10
ENSG00000104381,1.3115315,0.0,10
ENSG00000104823,1.9849825,2.9295063,10
ENSG00000142405,0.6833807,0.9592323,10
ENSG00000130844_1,1.1752541,1.0269008,10
ENSG00000121413,1.0291221,0.0,10
ENSG00000254251_1,0.080567196,0.0,10
ENSG00000255491_2,0.19296458,0.6095304,10
ENSG00000158941_1,2.3995667,1.9920762,10
ENSG00000108107,2.6465325,4.606044,10
ENSG00000185988,1.7446597,1.6419696,10
ENSG00000292979,2.684804,2.440295,10
ENSG00000104722,1.5089272,1.3750781,10
ENSG00000120925_1,2.2789485,2.5237205,10
ENSG00000181666_1,0.8051114,0.0,10
ENSG00000161091,2.4624748,2.6925738,10
ENSG00000253665,0.075047985,0.0,10
ENSG00000251136,1.7020347,0.0,10
ENSG00000186529_1,0.7584681,0.0,10
ENSG00000167460_5,0.16911924,0.0,10
ENSG00000120915,2.0567288,2.664119,10
ENSG00000147416,2.3906512,2.753988,10
ENSG00000205517,1.423465,0.56841296,10
ENSG00000090013,2.746432,0.0,10
ENSG00000258405,1.0220885,1.1579702,10
ENSG00000099804,2.402123,2.7328117,10
ENSG00000090006_2,1.2462826,0.0,10
ENSG00000142541,2.3433003,4.3779454,10
ENSG00000206579,1.5509975,1.905472,10
ENSG00000182310_1,2.4211133,0.0,10
ENSG00000131115_1,1.2512128,1.986615,10
ENSG00000095059,2.6999671,2.6807342,10
ENSG00000161888,2.5115023,0.0,10
ENSG00000261526,2.6155086,2.0532668,10
ENSG00000147485_1,0.5412705,0.0,10
ENSG00000129451_1,0.5182767,0.0,10
ENSG00000167483,0.5504567,0.0,10
ENSG00000291235,0.50081986,0.6095944,10
ENSG00000245910_1,1.8530264,0.0,10
ENSG00000176406_1,1.4824402,1.0319172,10
ENSG00000178904,2.617024,2.4319746,10
ENSG00000104408_1,1.9517536,1.0116212,10
ENSG00000156831,1.9657767,0.0,10
ENSG00000160961,2.340756,2.3042276,10
ENSG00000248099,0.8785058,1.3704761,10
ENSG00000172748,2.5994716,1.9596461,10
ENSG00000179632_1,2.1591442,0.0,10
ENSG00000167749,0.5242995,1.2357304,10
ENSG00000293380,1.1522818,1.995328,10
ENSG00000121406,1.1371677,1.2991585,10
ENSG00000161298,1.2643037,1.507775,10
ENSG00000172081_1,2.4740956,2.1099293,10
ENSG00000104356,2.4245625,0.0,10
ENSG00000253893_1,1.1577494,0.0,10
ENSG00000167757,0.88518965,1.4917117,10
ENSG00000248538_1,0.15749092,0.0,10
ENSG00000199985,0.08809481,0.0,10
ENSG00000161847,2.7127783,3.0139995,10
ENSG00000254006,0.07354707,0.0,10
ENSG00000156469,2.6268034,0.0,10
ENSG00000180543,1.4637506,0.0,10
ENSG00000253161_4,0.11189894,0.0,10
ENSG00000253374,0.14094006,0.0,10
ENSG00000125746_1,1.6743841,2.332709,10
ENSG00000290859,0.6898348,1.6051973,10
ENSG00000283103_1,1.7365208,2.3663108,10
ENSG00000091656_1,0.116757356,0.0,10
ENSG00000104824,2.9018798,3.6108208,10
ENSG00000198342,2.1020143,1.7217612,10
ENSG00000285982,0.46234,0.0,10
ENSG00000167613,0.18923151,0.8719814,10
ENSG00000104756,2.2333055,2.2761261,10
ENSG00000129455_1,0.21033089,0.0,10
ENSG00000147596,0.8172911,1.0010843,10
ENSG00000253438_2,0.67429924,0.0,10
ENSG00000124449,0.44246763,0.0,10
ENSG00000293178,1.1640289,1.5093235,10
ENSG00000039987,0.1933334,0.0,10
ENSG00000204851,1.117989,1.368231,10
ENSG00000104967,1.2294613,0.9289077,10
ENSG00000291145,2.8048046,1.2627832,10
ENSG00000011451_2,1.892103,1.7696136,10
ENSG00000099822,1.9511447,1.8833774,10
ENSG00000226696,2.5511189,1.7869855,10
ENSG00000104870_1,1.2435616,1.5540286,10
ENSG00000170892_1,2.5562432,0.0,10
ENSG00000254858,2.5031986,2.5531545,10
ENSG00000129353_1,1.3192084,0.0,10
ENSG00000179820_2,1.681226,0.0,10
ENSG00000290427,0.0775279,0.0,10
ENSG00000104760,0.044848867,0.0,10
ENSG00000142065,1.8888125,0.0,10
ENSG00000176623_1,1.4938892,0.0,10
ENSG00000204949,0.25934148,0.0,10
ENSG00000104447_1,0.9538962,0.0,10
ENSG00000130005,1.8314685,2.0434763,10
ENSG00000186019,1.0661982,0.0,10
ENSG00000104299,1.7123551,0.0,10
ENSG00000268480,0.3286711,0.0,10
ENSG00000155189,2.6329608,2.7688756,10
ENSG00000246145_1,1.0457722,0.0,10
ENSG00000197561,0.53926396,0.8105416,10
ENSG00000160959,2.4604406,1.7926087,10
ENSG00000034239,1.1519885,0.0,10
ENSG00000130208,0.44605505,0.0,10
ENSG00000079385,0.32644492,0.0,10
ENSG00000173535,0.9522376,0.7937066,10
ENSG00000168672_1,1.3830943,1.4426836,10
ENSG00000060566,0.43466175,0.886028,10
ENSG00000290933,0.07643086,0.7979596,10
ENSG00000261824,1.2784195,1.9885455,10
ENSG00000268460,0.2863739,0.0,10
ENSG00000165392_1,0.048588037,0.0,10
ENSG00000165061,0.6178936,1.3275714,10
ENSG00000167625,2.4891627,2.1874135,10
ENSG00000123136_1,2.697597,2.8784213,10
ENSG00000229140_1,0.07102701,0.0,10
ENSG00000164743,0.35909823,0.0,10
ENSG00000271171,1.4922774,1.0268927,10
ENSG00000105352,0.29606462,0.0,10
ENSG00000089351_1,2.2727041,2.350655,10
ENSG00000186526_1,0.4585506,0.8346114,10
ENSG00000147364,1.6319907,1.9173027,10
ENSG00000221916,2.6436305,1.9107897,10
ENSG00000237807,0.30334473,0.77620703,10
ENSG00000253729_2,2.157898,3.387847,10
ENSG00000164794,0.6007502,0.0,10
ENSG00000063177,0.23872074,1.3436095,10
ENSG00000141867,0.18169841,0.0,10
ENSG00000129422,0.3480435,0.0,10
ENSG00000278129,2.547975,2.1946726,10
ENSG00000105507,0.6305336,0.7340153,10
ENSG00000071626,2.6517951,2.3816817,10
ENSG00000205922,1.7325311,2.1186285,10
ENSG00000078674,2.7657948,3.077597,10
ENSG00000269043,0.29956847,1.1933361,10
ENSG00000178934,0.68249154,0.0,10
ENSG00000121005_1,1.4275589,0.0,10
ENSG00000089351,0.33395272,0.0,10
ENSG00000267265,0.67710996,0.0,10
ENSG00000182986,0.15180577,0.0,10
ENSG00000237440,0.5404092,1.2373174,10
ENSG00000120885_1,0.2386165,0.0,10
ENSG00000201675,0.93850434,1.8564086,10
ENSG00000286125,0.8657284,0.0,10
ENSG00000198182_1,0.97537124,1.9140521,10
ENSG00000105185,2.338272,3.5462587,10
ENSG00000171777,0.91012645,1.1899953,10
ENSG00000164932,1.7531042,1.9885367,10
ENSG00000065268,2.5354962,2.4418192,10
ENSG00000089847_1,1.3768857,0.0,10
ENSG00000268536,2.1647234,0.0,10
ENSG00000188766,1.0253096,1.2248437,10
ENSG00000251247_2,0.2040521,0.0,10
ENSG00000197928,0.62312037,0.0,10
ENSG00000160505_1,0.069819964,0.0,10
ENSG00000105516,2.0671597,1.1389592,10
ENSG00000042832_2,0.16295269,0.0,10
ENSG00000167700,2.5997984,1.9239897,10
ENSG00000104825_1,2.092076,2.205104,10
ENSG00000168619,0.6551254,0.0,10
ENSG00000104325,2.2825315,3.012694,10
ENSG00000105514,1.3163494,0.0,10
ENSG00000105519,0.5246757,0.83071697,10
ENSG00000185730,2.4540663,1.8965153,10
ENSG00000174898,2.5275521,1.1211658,10
ENSG00000267898,1.4656098,1.500977,10
ENSG00000105204,1.9486868,1.6456482,10
ENSG00000160111,1.832016,1.3883677,10
ENSG00000189001,0.41995615,0.0,10
ENSG00000180257,1.5073534,2.0911286,10
ENSG00000249859_8,1.8608222,2.6985703,10
ENSG00000161277,2.6123767,1.6787187,10
ENSG00000291086,0.0746768,0.0,10
ENSG00000170619,2.0852003,1.9802171,10
ENSG00000184156,1.4665537,2.1069045,10
ENSG00000164935,0.20653452,0.0,10
ENSG00000105323_3,0.4181044,0.8105685,10
ENSG00000104880_1,1.8962011,1.8508422,10
ENSG00000099625,1.9488196,2.1548133,10
ENSG00000176396,1.8756826,2.1276522,10
ENSG00000221983_1,2.7243128,3.6400719,10
ENSG00000137573_2,0.14496547,0.0,10
ENSG00000136999,1.1552023,1.3484023,10
ENSG00000160460_1,1.522147,1.2479978,10
ENSG00000164683,0.1891414,0.0,10
ENSG00000181588,2.0488055,2.1394067,10
ENSG00000278318,0.55474913,1.1171055,10
ENSG00000168081,0.3628531,0.95631254,10
ENSG00000117877,1.3166286,0.0,10
ENSG00000178297,0.3661723,0.0,10
ENSG00000189114,2.1242661,2.1283636,10
ENSG00000063241,2.7803814,2.9514444,10
ENSG00000183401_1,1.4963695,0.0,10
ENSG00000022556,0.822634,0.0,10
ENSG00000288596,1.3331445,0.0,10
ENSG00000164684_1,0.4778319,0.0,10
ENSG00000196268,1.2300506,2.126693,10
ENSG00000074219_2,0.71697223,1.9890447,10
ENSG00000167565,2.6134439,2.2515848,10
ENSG00000137575,2.2162495,2.6875308,10
ENSG00000161016,2.657725,2.531964,10
ENSG00000167751,0.50058234,0.0,10
ENSG00000104635_1,2.1148233,1.2068528,10
ENSG00000121022_2,0.10380111,0.0,10
ENSG00000167378,2.470014,1.661074,10
ENSG00000076928,1.7408324,2.3963754,10
ENSG00000185803_2,1.8972447,0.0,10
ENSG00000147408_2,0.24640204,0.0,10
ENSG00000020181,1.7607386,1.6881261,10
ENSG00000198182,1.3587465,0.0,10
ENSG00000131941,1.7860944,1.8331727,10
ENSG00000039650_1,2.533357,1.8560458,10
ENSG00000183808,2.2878542,2.6005917,10
ENSG00000077312_1,1.9710044,3.5770826,10
ENSG00000079102_1,0.36964327,1.1389655,10
ENSG00000253133,2.4271445,2.3890066,10
ENSG00000269343_1,0.43824,0.0,10
ENSG00000099308_1,1.7956725,1.4053805,10
ENSG00000105219_1,1.0429012,1.9205095,10
ENSG00000105281_1,1.5257232,0.0,10
ENSG00000105642,1.3570124,1.0583501,10
ENSG00000105321,2.0754905,2.563595,10
ENSG00000253796,0.18677522,0.0,10
ENSG00000179913_1,1.0426238,1.2670778,10
ENSG00000187994_1,0.34788772,0.0,10
ENSG00000253926_1,0.21715973,0.0,10
ENSG00000083814,1.184237,0.0,10
ENSG00000105227_2,0.4297973,0.0,10
ENSG00000291177,2.0295725,1.8256338,10
ENSG00000167733_2,1.5301349,1.2387735,10
ENSG00000186106,1.5863638,2.2575226,10
ENSG00000178814_1,1.1744647,1.5488192,10
ENSG00000228300,2.891376,3.0464678,10
ENSG00000164924_1,2.5091643,1.5264298,10
ENSG00000239382,2.0375018,0.0,10
ENSG00000156675,2.511149,2.7028103,10
ENSG00000161677,2.347256,0.0,10
ENSG00000130304,0.70726407,1.0441476,10
ENSG00000104419,0.13497867,0.0,10
ENSG00000141867_1,2.3583848,1.8886231,10
ENSG00000167671_1,1.0623732,0.0,10
ENSG00000168995,0.31886655,0.0,10
ENSG00000042832_1,0.17405094,0.0,10
ENSG00000104901,1.0638835,1.4012282,10
ENSG00000156413_1,0.2735944,0.0,10
ENSG00000164751_1,2.3656569,0.0,10
ENSG00000099797_2,1.2961694,1.2069337,10
ENSG00000188343,1.7392426,0.0,10
ENSG00000130287,0.43504375,0.0,10
ENSG00000053501_1,2.070557,0.0,10
ENSG00000142235_1,1.0538667,0.0,10
ENSG00000176566,1.3431976,0.0,10
ENSG00000156467,1.6030974,0.0,10
