,Pred,actual,fold_idx
ENSG00000205744_1,2.3203135,2.780411,10
ENSG00000126456_1,1.7299906,1.8255495,10
ENSG00000179115,1.659209,3.0832052,10
ENSG00000104313_1,0.07809529,0.0,10
ENSG00000253230,0.18464458,0.0,10
ENSG00000171017,0.39336306,0.0,10
ENSG00000268480,0.11913,0.6636727,10
ENSG00000042753,0.30011097,0.58604693,10
ENSG00000156795,2.3104577,2.3724148,10
ENSG00000267169,2.134336,1.7560028,10
ENSG00000105205,0.07661113,0.0,10
ENSG00000167674,2.3506935,2.1522822,10
ENSG00000267575_1,2.2828014,1.6974647,10
ENSG00000105278,0.9513218,1.3539547,10
ENSG00000129451,0.6969818,0.0,10
ENSG00000205189_1,1.7261094,1.8778894,10
ENSG00000171060,0.42812875,0.0,10
ENSG00000197265,2.4772794,1.8208777,10
ENSG00000167702_1,1.5702341,1.1087679,10
ENSG00000196705,2.3305707,2.751674,10
ENSG00000238650,0.6466034,1.3093959,10
ENSG00000064932,1.8816216,1.955452,10
ENSG00000248531,0.06960559,0.0,10
ENSG00000169021,2.0863717,3.3047123,10
ENSG00000252067,0.025499377,0.0,10
ENSG00000130313,2.2263982,2.6927059,10
ENSG00000253557,-0.028950404,0.0,10
ENSG00000104979,1.9700276,3.0388982,10
ENSG00000105676,2.5542789,2.5470974,10
ENSG00000120910,2.5366998,2.3724148,10
ENSG00000164919,1.9966689,3.7274373,10
ENSG00000070756_4,2.246751,1.6891134,10
ENSG00000254858,2.3162315,2.535718,10
ENSG00000183309,2.19062,1.860332,10
ENSG00000176531,1.6643924,1.0917724,10
ENSG00000153879,2.1941652,2.569313,10
ENSG00000105722,2.0324318,2.0045364,10
ENSG00000236814,0.19697188,0.0,10
ENSG00000253799,0.33032072,0.0,10
ENSG00000267339_1,-0.04882439,0.0,10
ENSG00000167644,0.5211137,0.0,10
ENSG00000197054,2.2198167,1.2938485,10
ENSG00000253434,-0.03450213,0.0,10
ENSG00000177669,-0.027989682,0.0,10
ENSG00000129355,2.3648338,1.9151359,10
ENSG00000167613_1,0.057010714,0.0,10
ENSG00000105281_2,1.4528133,2.986004,10
ENSG00000182372,0.05840749,0.0,10
ENSG00000254153,0.17701985,0.0,10
ENSG00000105671,1.961764,2.5360532,10
ENSG00000288704,2.2149339,1.3365998,10
ENSG00000125735,2.3141675,2.6993477,10
ENSG00000156509,1.6066755,1.9632919,10
ENSG00000136997,0.73263633,2.2217531,10
ENSG00000123143,1.8308545,2.409057,10
ENSG00000267498,1.8596834,0.0,10
ENSG00000267858,2.5142221,1.8095396,10
ENSG00000039650_3,1.8379041,1.9915229,10
ENSG00000127527,2.2018774,2.5788786,10
ENSG00000130005,1.2549735,1.4123765,10
ENSG00000293495,2.390937,2.9673665,10
ENSG00000129422_4,-0.008137133,0.0,10
ENSG00000197863,1.9991833,1.5035046,10
ENSG00000207215,-0.031013008,0.0,10
ENSG00000278611,1.7491177,0.0,10
ENSG00000290859,0.46574172,0.0,10
ENSG00000129990,1.0687566,0.0,10
ENSG00000154188_1,0.016761314,0.0,10
ENSG00000126457,2.2530477,3.2518935,10
ENSG00000105492,0.8238887,0.0,10
ENSG00000127903,0.94912297,1.1208042,10
ENSG00000261824_2,2.3713307,2.0144575,10
ENSG00000088247_1,2.557141,3.3964295,10
ENSG00000104679,1.5602783,2.1575656,10
ENSG00000254775,0.032816146,0.0,10
ENSG00000120885_1,0.18153486,0.5933082,10
ENSG00000204653,0.5116008,1.18489,10
ENSG00000172728_1,2.2012055,2.2084198,10
ENSG00000142002_2,2.3531165,2.8010316,10
ENSG00000125746_3,0.65736824,0.0,10
ENSG00000182986,0.087004825,0.0,10
ENSG00000261437,0.300306,1.0053092,10
ENSG00000147642_4,0.9861577,1.5345718,10
ENSG00000164924_2,2.675967,3.6657038,10
ENSG00000156486,1.315001,1.915827,10
ENSG00000253196,0.3710138,0.0,10
ENSG00000167491_1,2.5066082,2.3639464,10
ENSG00000158806,1.0966481,1.2342186,10
ENSG00000147677,1.2724974,0.0,10
ENSG00000130433,0.6965467,1.30103,10
ENSG00000160013,0.89090157,2.081405,10
ENSG00000201763,0.15429711,0.0,10
ENSG00000256294,1.1257639,1.9336036,10
ENSG00000164871,0.07570736,0.0,10
ENSG00000131400,1.1367272,0.0,10
ENSG00000131142_2,0.18484472,0.0,10
ENSG00000180089,0.45416895,0.0,10
ENSG00000187650,2.1824465,1.952119,10
ENSG00000246145_1,1.2225497,0.0,10
ENSG00000164683,0.09612949,0.60405314,10
ENSG00000198356,1.5724567,2.5774884,10
ENSG00000251136,1.6383475,0.0,10
ENSG00000198597,0.632551,1.3185433,10
ENSG00000105289_1,0.5328243,0.80270535,10
ENSG00000179820_1,0.72271454,1.4532877,10
ENSG00000130511,2.129592,2.4422915,10
ENSG00000184661,2.5470936,2.7719328,10
ENSG00000187994_1,1.4414979,2.382588,10
ENSG00000153896,1.258988,1.6351016,10
ENSG00000214212,0.26653448,0.0,10
ENSG00000105514,1.738547,1.9500775,10
ENSG00000167460_1,0.87026197,1.4067615,10
ENSG00000078668_1,0.049226064,0.0,10
ENSG00000164825,0.41254416,0.0,10
ENSG00000269235,0.09979573,0.0,10
ENSG00000132016,1.8375754,0.0,10
ENSG00000158856_2,0.74523425,0.0,10
ENSG00000197363,2.1903062,1.6200736,10
ENSG00000099308,2.0170615,2.1526766,10
ENSG00000198453_2,0.77104783,0.0,10
ENSG00000171236,0.448041,1.8189309,10
ENSG00000169398_3,1.8177334,1.7762362,10
ENSG00000213024,0.5789064,0.78905165,10
ENSG00000169154,0.115373805,0.0,10
ENSG00000160439_2,0.15036537,0.48206282,10
ENSG00000104872,2.4870758,2.605585,10
ENSG00000272138,0.38244566,1.1408222,10
ENSG00000105426,0.6488748,0.0,10
ENSG00000007264,1.1491989,1.3164107,10
ENSG00000007047,1.5013212,2.1459544,10
ENSG00000079459_2,0.3878245,0.0,10
ENSG00000246089,1.3336252,1.3312653,10
ENSG00000125912,2.2901154,2.6570625,10
ENSG00000229676,0.5295968,0.9836353,10
ENSG00000156170,1.493615,1.1687626,10
ENSG00000131037,0.48357365,0.0,10
ENSG00000188508,0.30483568,0.0,10
ENSG00000267058,0.49243262,0.0,10
ENSG00000155099,2.2370787,3.0076838,10
ENSG00000105289,0.24379595,0.0,10
ENSG00000189114,1.2993039,2.1575687,10
ENSG00000155189,2.7284346,3.1209784,10
ENSG00000269834,0.70381063,0.0,10
ENSG00000063169,1.9234085,2.2754266,10
ENSG00000129347,2.4449975,2.6372294,10
ENSG00000232024,0.45433417,2.349394,10
ENSG00000167733_1,1.935081,1.0765312,10
ENSG00000063176,2.492715,2.3294427,10
ENSG00000123119,1.0338063,1.0163647,10
ENSG00000105641,0.54815924,1.4676229,10
ENSG00000171903,0.4725152,0.0,10
ENSG00000091879,0.6141088,0.5709747,10
ENSG00000253716,1.9513837,2.3409812,10
ENSG00000105479_1,2.3793497,1.333286,10
ENSG00000254377_1,0.41107196,0.8672907,10
ENSG00000196378,2.0001895,1.6954029,10
ENSG00000105641_1,0.19173466,0.66363496,10
ENSG00000147481_2,0.44813606,0.0,10
ENSG00000051128_1,0.33464316,0.0,10
ENSG00000032444_3,0.8502681,0.99239886,10
ENSG00000189377,0.22713254,0.0,10
ENSG00000038945,-0.017011117,0.0,10
ENSG00000205186,-0.00047785416,0.0,10
ENSG00000120963_1,2.263084,1.9500726,10
ENSG00000201675,0.9712649,1.847992,10
ENSG00000224910_1,0.409555,0.6479206,10
ENSG00000197128,1.1916242,1.8182787,10
ENSG00000167680,0.12682828,0.0,10
ENSG00000158856_5,0.19778292,0.67288256,10
ENSG00000253729,0.30546644,1.0680745,10
ENSG00000104626,2.1062636,2.8037438,10
ENSG00000171105,2.214644,1.4537463,10
ENSG00000104635_1,2.0002618,0.0,10
ENSG00000198429,0.6254693,0.72684944,10
ENSG00000131203,0.08711147,0.0,10
ENSG00000089847,2.3334036,0.0,10
ENSG00000156467,1.8095152,3.5435963,10
ENSG00000164893,0.08537239,0.0,10
ENSG00000178297,0.37869045,0.0,10
ENSG00000180043,0.22360964,0.0,10
ENSG00000013275,2.269829,3.2409134,10
ENSG00000031823,2.3131847,2.6970453,10
ENSG00000177599,1.413861,0.84738755,10
ENSG00000185800,2.1857443,2.21288,10
ENSG00000188629,0.58588964,1.1904438,10
ENSG00000133878,0.38322565,1.3009431,10
ENSG00000137547,0.9097771,0.0,10
ENSG00000130477_1,0.8878258,1.0777457,10
ENSG00000174886,2.4310884,0.0,10
ENSG00000137561,1.2831943,1.7082679,10
ENSG00000105618_1,0.44288847,0.0,10
ENSG00000141934,1.1599201,1.0108509,10
ENSG00000189001,0.2642558,0.0,10
ENSG00000104856,2.286404,2.3905466,10
ENSG00000099625,1.4302696,1.711824,10
ENSG00000234906,0.09523763,0.0,10
ENSG00000130803,1.4969198,2.5550945,10
ENSG00000253250,1.82358,2.305433,10
ENSG00000187664,0.6081185,0.0,10
ENSG00000164830_1,0.04674976,0.0,10
ENSG00000186020,1.7974246,0.0,10
ENSG00000197561,0.36301896,0.0,10
ENSG00000123159,1.8984599,2.0779018,10
ENSG00000223802,0.41791576,0.0,10
ENSG00000147437,0.0027967282,0.0,10
ENSG00000077782_1,1.126809,1.2789822,10
ENSG00000173281,1.751351,1.7048023,10
ENSG00000132010,1.750941,1.7878075,10
ENSG00000172728,-0.013218336,0.0,10
ENSG00000279619,0.3629792,0.6414741,10
ENSG00000070404,1.0956899,2.2788177,10
ENSG00000074219_2,0.50962716,1.4302042,10
ENSG00000147697,-0.001635652,0.0,10
ENSG00000170873_1,1.31483,0.0,10
ENSG00000166704,2.1457744,1.9503648,10
ENSG00000160886,0.6211965,1.3258849,10
ENSG00000164684,1.3337494,1.8367164,10
ENSG00000079102,0.28609243,0.60055906,10
ENSG00000175606,2.0872545,2.9268808,10
ENSG00000169398,0.11586933,0.0,10
ENSG00000105698_1,2.0483675,1.790067,10
ENSG00000130518,0.20258076,0.0,10
ENSG00000167755_2,0.5515364,0.8494194,10
ENSG00000127445,2.2012515,2.6721506,10
ENSG00000032444,1.0848268,0.0,10
ENSG00000126246,1.9343143,1.3918945,10
ENSG00000130332,2.1087704,0.0,10
ENSG00000142444,2.0080974,2.1837537,10
ENSG00000180739_1,0.6773612,0.0,10
ENSG00000142252,2.3295636,2.3935192,10
ENSG00000131142_1,0.63451916,0.0,10
ENSG00000147804,1.4698495,2.5704975,10
ENSG00000157110_2,0.31186688,0.0,10
ENSG00000167766,2.1471105,2.3831239,10
ENSG00000121289,1.2650335,0.0,10
ENSG00000172172,0.8480391,3.1916494,10
ENSG00000188343,1.4036278,2.4697824,10
ENSG00000267779,0.11384897,0.0,10
ENSG00000156011_4,1.3666579,0.0,10
ENSG00000236144,2.0385265,0.0,10
ENSG00000179820,0.09823407,0.0,10
ENSG00000183808,2.1014032,2.6575816,10
ENSG00000251136_2,2.2734861,2.1316893,10
ENSG00000268655,0.37998965,0.0,10
ENSG00000105705,2.0282385,2.4512243,10
ENSG00000142039,2.4122574,2.5656354,10
ENSG00000205133,0.7297184,0.9685903,10
ENSG00000198046,0.87717795,1.0191163,10
ENSG00000188171,0.8000714,1.4847836,10
ENSG00000284505,0.25449315,0.0,10
ENSG00000159905,0.56248987,1.8050997,10
ENSG00000129455_2,0.15283056,0.0,10
ENSG00000256683,0.5849975,2.013907,10
ENSG00000104537_1,-0.07285635,0.0,10
ENSG00000155090,2.3474813,2.6639664,10
ENSG00000104824_1,2.1304722,2.2453127,10
ENSG00000142002_1,0.96342915,0.0,10
ENSG00000156466,1.2782484,1.1913644,10
ENSG00000175305,1.6766353,2.1187177,10
ENSG00000105514_1,1.9553748,2.2757995,10
ENSG00000020181,1.4943839,1.6654966,10
ENSG00000121297,1.4635602,1.6582023,10
ENSG00000130255,2.380611,3.8876865,10
ENSG00000147586_1,1.5085598,1.3919579,10
ENSG00000160570,2.2120867,2.1243541,10
ENSG00000134815,2.1940498,2.2021258,10
ENSG00000267858_1,2.299642,2.1243086,10
ENSG00000104228,2.36469,2.3070037,10
ENSG00000118162,2.3000221,1.5958267,10
ENSG00000164953,0.80451703,0.0,10
ENSG00000105568_1,0.3671275,1.4305749,10
ENSG00000130202,1.1203666,1.4757844,10
ENSG00000005007_1,0.6284722,0.0,10
ENSG00000105372_1,2.7378182,1.8662224,10
ENSG00000174917,1.8066849,0.0,10
ENSG00000188425,0.4349933,0.0,10
ENSG00000136574_1,0.7398395,0.0,10
ENSG00000104870_2,0.86126333,1.2188767,10
ENSG00000291231_1,0.076073155,1.0272517,10
ENSG00000063180,1.5905154,1.0352296,10
ENSG00000153310,2.3522856,2.4411025,10
ENSG00000186918,1.6818198,2.3791242,10
ENSG00000171051,0.085102364,0.0,10
ENSG00000011451,2.2367196,2.619886,10
ENSG00000197016,1.3891581,1.4221135,10
ENSG00000203499,1.3086866,0.0,10
ENSG00000178719,1.8588895,3.456785,10
ENSG00000105255,0.8674721,1.1009183,10
ENSG00000070756_3,2.1369295,4.5039105,10
ENSG00000105483,2.3197417,0.0,10
ENSG00000131943,2.2642179,2.1647513,10
ENSG00000154319_1,0.038350772,0.0,10
ENSG00000197013,1.2296573,1.43802,10
ENSG00000176797,0.053965267,0.0,10
ENSG00000104960,1.304026,1.8658203,10
ENSG00000105088,0.20222314,0.9417102,10
ENSG00000235531,2.6876874,3.0133514,10
ENSG00000254349,-0.03365242,0.0,10
ENSG00000287325,0.26762593,0.89169353,10
ENSG00000120913_4,0.46468255,0.8843025,10
ENSG00000167815,0.2698555,1.1648879,10
ENSG00000172167,1.7972275,0.0,10
ENSG00000167656,0.39462647,1.1175364,10
ENSG00000104237_1,0.073054254,0.0,10
ENSG00000253643,0.0027535148,0.0,10
ENSG00000008853_1,1.874652,2.5847383,10
ENSG00000147481,0.675972,1.0894847,10
ENSG00000079102_3,1.2238489,1.8337843,10
ENSG00000197858,2.0594943,2.2789454,10
ENSG00000253395,1.3205711,1.322674,10
ENSG00000178229,2.2444353,2.1396303,10
ENSG00000129991,0.4231505,1.5747048,10
ENSG00000105323_3,1.6008056,0.0,10
ENSG00000119559,2.0681846,2.2715025,10
ENSG00000167658,0.33970448,2.5542116,10
ENSG00000105364,2.2845712,3.4813852,10
ENSG00000182324,0.26309732,0.7959217,10
ENSG00000185198,0.656989,0.7187507,10
ENSG00000161671,2.165689,2.7319553,10
ENSG00000105609,0.16556767,0.70767236,10
ENSG00000104892,0.8022639,1.2233038,10
ENSG00000153317,0.28434125,0.0,10
ENSG00000008438,0.6953891,1.285062,10
ENSG00000105323_1,2.8528523,3.3229136,10
ENSG00000197446,0.46508512,1.2214925,10
ENSG00000188785,2.3191366,0.0,10
ENSG00000167637,0.624034,1.4533795,10
ENSG00000224420,0.9130499,0.7077575,10
ENSG00000167232,0.020144772,0.0,10
ENSG00000161265,1.846505,1.9178939,10
ENSG00000254521,0.46140912,1.5394524,10
ENSG00000293178,1.9500905,1.5910312,10
ENSG00000165046_2,1.4395523,0.0,10
ENSG00000196350,0.6794272,0.0,10
ENSG00000160505_1,0.35028315,1.3379861,10
ENSG00000198453_1,0.90138924,1.3305761,10
ENSG00000126264,0.6022684,0.0,10
ENSG00000130813,1.8371052,2.656242,10
ENSG00000147457,0.16483161,0.0,10
ENSG00000253853,0.21795698,0.0,10
ENSG00000116017,2.2147994,2.7485757,10
ENSG00000176731,1.1135463,3.3339427,10
ENSG00000126467,0.18437894,0.8494317,10
ENSG00000269190,0.9300347,2.0112574,10
ENSG00000099864,1.4860414,1.8078055,10
ENSG00000178814_1,0.92714083,1.2349726,10
ENSG00000105053,2.0380328,0.60762656,10
ENSG00000123908,1.9639169,2.3281634,10
ENSG00000131042,0.19215058,0.0,10
ENSG00000120899_1,1.2763404,2.7535937,10
ENSG00000105559_1,0.2998418,0.0,10
ENSG00000121417,1.1840848,1.9434649,10
ENSG00000267383_1,0.019155774,0.0,10
ENSG00000254340,0.078632966,0.0,10
ENSG00000253117,0.1635124,0.0,10
ENSG00000253729_2,1.9532889,3.2790072,10
ENSG00000269793,1.575735,1.6257856,10
ENSG00000167912,1.1143612,1.4156243,10
ENSG00000165046_1,0.77509344,1.6573523,10
ENSG00000105520,0.90278614,1.3178335,10
ENSG00000104998,2.1668162,3.1569004,10
ENSG00000179284,0.3131449,0.96085113,10
ENSG00000267448,0.28753814,0.0,10
ENSG00000121410_1,0.13729976,0.0,10
ENSG00000183779,1.4850527,1.6864575,10
ENSG00000104763,2.4035735,2.8941255,10
ENSG00000074219,0.12330298,0.6574861,10
ENSG00000105552,1.789411,1.7601736,10
ENSG00000249859_3,0.8720916,2.7186985,10
ENSG00000183617,1.3599993,2.2072842,10
ENSG00000254777,1.303166,1.7969904,10
ENSG00000174521,1.2603269,1.6986312,10
ENSG00000125726_1,1.9120908,0.0,10
ENSG00000198131,2.2266297,2.4328442,10
ENSG00000253457,0.009044591,0.0,10
ENSG00000176840,0.15164173,0.0,10
ENSG00000286010,0.1800525,0.0,10
ENSG00000090013,2.0859342,0.0,10
ENSG00000105122,1.8712773,2.5679986,10
ENSG00000178814,1.1993979,1.2240407,10
ENSG00000136986_2,2.2666712,2.834511,10
ENSG00000183638,0.14169964,0.0,10
ENSG00000267213,2.3395362,1.7101512,10
ENSG00000104205_1,1.8291445,1.6604481,10
ENSG00000169499,2.0932276,2.3810627,10
ENSG00000181392,0.24918212,0.8392894,10
ENSG00000205038,0.49719957,1.5975525,10
ENSG00000169436,0.41118968,0.8880109,10
ENSG00000173875,2.6180334,2.712595,10
ENSG00000196267,1.6513954,0.0,10
ENSG00000254251,0.10031475,0.62823564,10
ENSG00000132561,1.2982647,1.5223268,10
ENSG00000007264_1,0.7301822,0.0,10
ENSG00000264515,1.1278428,1.7323697,10
ENSG00000007306,0.2285132,0.71874243,10
ENSG00000105438_1,2.1636736,2.659414,10
ENSG00000198440,1.7895232,0.0,10
ENSG00000175691,2.3247564,1.2813289,10
ENSG00000198723_1,0.26967487,0.0,10
ENSG00000270164_2,0.8094252,1.7552649,10
ENSG00000089351,0.37149003,0.0,10
ENSG00000164932,1.3040255,1.905094,10
ENSG00000170949,2.0580406,2.716856,10
ENSG00000104884,2.0278096,2.2820394,10
ENSG00000105258_1,2.254675,3.017701,10
ENSG00000028277,1.052899,2.554965,10
ENSG00000187902,0.7225849,1.008089,10
ENSG00000180921,1.5284866,1.2559958,10
ENSG00000170848,0.0725483,0.7627393,10
ENSG00000147592,1.9609627,2.495314,10
ENSG00000176619_1,2.367694,3.0287786,10
ENSG00000198363_4,2.031392,2.6354134,10
ENSG00000131848,2.464934,2.0560622,10
ENSG00000310521,2.1558595,0.0,10
ENSG00000267777,0.02792484,0.0,10
ENSG00000291131,0.83295137,1.1356382,10
ENSG00000239998,0.54024357,0.0,10
ENSG00000196361,1.2896557,1.5021812,10
ENSG00000179873,-0.016447674,0.72952116,10
ENSG00000267260,1.470293,1.0975107,10
ENSG00000186300,1.9122697,1.7971914,10
ENSG00000008441_3,0.7214503,0.86917305,10
ENSG00000161091,2.0452561,2.5287406,10
ENSG00000130751,0.90575117,1.1734223,10
ENSG00000104368_1,0.2689063,0.0,10
ENSG00000147604,0.3204049,2.691307,10
ENSG00000164794,0.4681019,0.0,10
ENSG00000176209,1.1743565,2.0503025,10
ENSG00000104863,1.3520323,1.4976897,10
ENSG00000156011_1,0.042243343,0.0,10
ENSG00000104381,1.182639,2.4891016,10
ENSG00000276980,0.44521812,1.7312664,10
ENSG00000105492_1,0.9083992,1.0312266,10
ENSG00000170791,2.2031472,2.962519,10
ENSG00000205002,1.0554403,1.6805984,10
ENSG00000147654_2,0.7215137,0.0,10
ENSG00000035681_1,0.075213715,0.0,10
ENSG00000197813,1.5455674,1.7331972,10
ENSG00000079313,0.76625645,0.0,10
ENSG00000171056,1.0819969,1.2479978,10
ENSG00000131355,0.083941385,0.0,10
ENSG00000152439,1.9851433,1.8334085,10
ENSG00000199985,-0.03499597,0.0,10
ENSG00000216588,0.09002063,0.0,10
ENSG00000131115_1,1.9181553,2.1845496,10
ENSG00000104915,1.3504243,2.162415,10
ENSG00000105568,2.713645,3.2327013,10
ENSG00000171970,2.1065235,1.9121939,10
ENSG00000088247,1.5071768,0.0,10
ENSG00000269086,0.8076317,0.8787515,10
ENSG00000120533,1.848322,3.4048388,10
ENSG00000267530,0.18023999,0.0,10
ENSG00000132561_1,0.029088806,0.0,10
ENSG00000157110_1,-0.02545745,0.0,10
ENSG00000291128,0.18544762,0.5180662,10
ENSG00000099804,2.1282306,2.1637247,10
ENSG00000104419_1,0.1310426,0.0,10
ENSG00000131351,2.2740607,1.9575355,10
ENSG00000126249,2.0689752,2.2706742,10
ENSG00000130545,0.2420621,1.0531937,10
ENSG00000104313_3,1.0522013,0.99960893,10
ENSG00000164924_1,2.1619923,1.514999,10
ENSG00000171320,0.32603154,0.0,10
ENSG00000254166,0.1334259,0.8672317,10
ENSG00000253666,1.9703776,2.3378086,10
ENSG00000213904,1.9819678,0.0,10
ENSG00000129422_5,0.1755348,0.0,10
ENSG00000172009,2.2466388,2.738656,10
ENSG00000254004,2.115553,2.3342245,10
ENSG00000120885,0.3059304,0.0,10
ENSG00000129455,0.21872343,0.0,10
ENSG00000164736,0.97056526,1.1589954,10
ENSG00000125744,0.9423328,0.0,10
ENSG00000226696,2.3340452,1.6311991,10
ENSG00000141858,1.5217052,2.741569,10
ENSG00000198576,1.4757339,1.4156743,10
ENSG00000105559,0.28855056,0.0,10
ENSG00000267710,0.007917982,0.0,10
ENSG00000168619,0.4527317,0.0,10
ENSG00000171574_1,2.1314883,1.7562404,10
ENSG00000034677,2.4706762,2.8528159,10
ENSG00000253893_1,0.07925153,0.0,10
ENSG00000168995,0.3887439,0.9165434,10
ENSG00000129991_2,0.09073137,0.5267398,10
ENSG00000253824,0.13049163,0.0,10
ENSG00000170889_1,2.299683,1.7776805,10
ENSG00000181690,2.090341,2.0583236,10
ENSG00000104341,1.3411812,1.5899831,10
ENSG00000161281,0.35364848,0.0,10
ENSG00000249898,0.20815726,0.80048543,10
ENSG00000160336,2.0207524,2.577532,10
ENSG00000105011,2.1742978,2.7909098,10
ENSG00000266983,2.4116673,1.9146129,10
ENSG00000051128_2,1.0218352,1.9594069,10
ENSG00000276043,1.8489064,2.97806,10
ENSG00000066827_2,2.5592563,1.8808993,10
ENSG00000240247,0.063674614,0.0,10
ENSG00000130176,0.19012412,0.0,10
ENSG00000105697,0.34420747,0.88982815,10
ENSG00000167578,3.0259805,2.2147193,10
ENSG00000154582,2.5565271,3.052671,10
ENSG00000066044,2.3050723,3.082412,10
ENSG00000167034,1.3204788,1.6523721,10
ENSG00000267041,0.7415578,1.9628427,10
ENSG00000099622_1,2.4653149,3.4108987,10
ENSG00000156011_2,0.043527205,0.0,10
ENSG00000038945_1,0.011488635,0.0,10
ENSG00000156735,2.269817,2.510093,10
ENSG00000120913,1.012785,1.3171018,10
ENSG00000105392,0.24271984,0.0,10
ENSG00000160633,2.6493487,3.3090913,10
ENSG00000201966,0.13904455,0.0,10
ENSG00000089327,1.623871,3.479997,10
ENSG00000171124,0.15207042,0.0,10
ENSG00000228887,0.4808658,2.3247762,10
ENSG00000267296,1.2859117,1.0813113,10
ENSG00000183665,1.9735981,1.9177129,10
ENSG00000155087,0.08016206,0.0,10
ENSG00000171045,2.0746524,2.0744982,10
ENSG00000179698,0.701023,0.0,10
ENSG00000178764,1.619552,2.2231636,10
ENSG00000200259,0.8346028,1.3171332,10
ENSG00000125746,1.1031746,0.0,10
ENSG00000105708,1.4618903,2.0565772,10
ENSG00000164830_2,0.039563436,0.0,10
ENSG00000104524_1,2.4351788,2.1158268,10
ENSG00000105366,0.28175163,0.0,10
ENSG00000137563,1.9613248,2.8061094,10
ENSG00000171033_1,-0.0020089634,0.0,10
ENSG00000129353,1.9625789,2.4521868,10
ENSG00000267106,2.389401,1.7008767,10
ENSG00000105290,1.3054434,2.0887737,10
ENSG00000157168_1,1.018208,1.6592505,10
ENSG00000108106,2.6311173,3.3240106,10
ENSG00000130270,1.909685,1.4814426,10
ENSG00000105223_2,0.6253908,0.0,10
ENSG00000105486,2.3473868,3.0564475,10
ENSG00000136986_1,0.21998568,0.0,10
ENSG00000155097,2.338887,2.5791671,10
ENSG00000130749,2.4008462,2.7276852,10
ENSG00000130208_1,0.3312131,0.35789675,10
ENSG00000104320,0.45147505,2.5205019,10
ENSG00000147650,2.250401,1.9216344,10
ENSG00000157168_3,0.6528184,1.7164909,10
ENSG00000147439,2.1425247,2.5383675,10
ENSG00000156103_1,1.04558,1.3306572,10
ENSG00000131944,1.8307699,2.1857517,10
ENSG00000089327_2,0.33057997,0.0,10
ENSG00000160877_1,2.1703477,2.7085423,10
ENSG00000060558,0.728337,2.7298448,10
ENSG00000178386,0.751458,1.4800788,10
ENSG00000120992,2.3413658,2.8134582,10
ENSG00000132541,2.0901284,0.0,10
ENSG00000206579,1.1646142,1.965766,10
ENSG00000063241,2.2662024,2.8562515,10
ENSG00000126266,2.0154586,0.0,10
ENSG00000186017,2.001795,1.8278924,10
ENSG00000125733,2.0141814,2.3956146,10
ENSG00000104885,2.3342285,3.0503025,10
ENSG00000233527,0.9227572,2.4173455,10
ENSG00000176293,1.1202164,1.3482465,10
ENSG00000183850,0.64857703,1.2623324,10
ENSG00000204851,1.1219511,1.5057738,10
ENSG00000120913_2,0.96138173,1.7006172,10
ENSG00000179886,2.172495,1.6128474,10
ENSG00000176920,0.20309158,0.8309285,10
ENSG00000064547_1,1.2552106,2.1978867,10
ENSG00000105329,2.3384233,2.4763968,10
ENSG00000185869,1.6063102,0.0,10
ENSG00000073050,2.0875914,0.0,10
ENSG00000197380,1.8436238,1.4907448,10
ENSG00000048392,2.6265054,2.3328424,10
ENSG00000072062,0.2464865,0.0,10
ENSG00000160460,1.3034328,1.7737864,10
ENSG00000127511,1.7578527,2.5545242,10
ENSG00000167680_1,1.4388012,1.6274068,10
ENSG00000268889,2.6916602,2.0716095,10
ENSG00000095066,1.2998377,0.0,10
ENSG00000167554_1,0.13405003,0.0,10
ENSG00000268536,0.82476586,0.0,10
ENSG00000160392_1,2.1725726,0.0,10
ENSG00000213015_1,2.122227,2.6432197,10
ENSG00000156103,0.7811876,0.9670329,10
ENSG00000196235_1,2.6906745,3.1921492,10
ENSG00000128626,2.1839545,2.962898,10
ENSG00000123810,2.7866306,2.3723116,10
ENSG00000186115,0.36879587,0.84539574,10
ENSG00000105352,0.1587898,0.0,10
ENSG00000036565,0.1323861,0.0,10
ENSG00000176401,2.0761333,1.8158897,10
ENSG00000180448,2.113699,2.6769953,10
ENSG00000197782,2.0308702,2.1953905,10
ENSG00000183668,0.23501982,0.0,10
ENSG00000105374,0.56264114,1.1896138,10
ENSG00000006638,0.99912816,1.3101833,10
ENSG00000104823,2.4873972,3.24235,10
ENSG00000290587,0.57293445,0.0,10
ENSG00000083168,2.093967,2.6699953,10
ENSG00000178125,0.8023793,0.0,10
ENSG00000181790,1.4730977,1.9255854,10
ENSG00000104413,0.44806203,0.6963739,10
ENSG00000104866,2.1146908,1.2820939,10
ENSG00000251003,0.031484406,0.8710823,10
ENSG00000099341,2.461284,3.5277872,10
ENSG00000185236,2.5146043,2.784774,10
ENSG00000126457_1,2.6475954,3.017976,10
ENSG00000164796,0.38124105,0.9700864,10
ENSG00000121005,1.0838534,1.2886739,10
ENSG00000181896,2.669115,2.1715598,10
ENSG00000196110,2.1497502,0.0,10
ENSG00000246662,1.5993801,1.4998795,10
ENSG00000198003,0.591271,0.0,10
ENSG00000130669,1.601225,2.2595747,10
ENSG00000011332,0.6213204,1.2215968,10
ENSG00000131116,2.5653124,2.5868144,10
ENSG00000198482,2.190119,0.0,10
ENSG00000105357_1,0.91021043,1.1065309,10
ENSG00000161914,2.2673154,1.8722029,10
ENSG00000132554,0.28431424,0.0,10
ENSG00000221869,1.4011497,1.4532877,10
ENSG00000126247_3,1.1712044,0.0,10
ENSG00000167600,1.0674036,1.7724391,10
ENSG00000253893_2,0.13998775,0.0,10
ENSG00000047249,2.4061663,2.279037,10
ENSG00000042980,0.040902767,0.0,10
ENSG00000104976_1,1.3039404,1.5043757,10
ENSG00000105221_2,2.4824831,2.72534,10
ENSG00000182472,1.2940427,0.0,10
ENSG00000177202,0.33938646,1.1031878,10
ENSG00000186818,0.6918872,0.0,10
ENSG00000269439_1,2.5178707,2.7755594,10
ENSG00000176024,1.1620888,1.5508372,10
ENSG00000104852,2.3667233,3.37581,10
ENSG00000105643_2,1.8677888,1.6767119,10
ENSG00000241852,1.3697809,1.3462747,10
ENSG00000256229,0.5391249,0.0,10
ENSG00000120889,2.344468,2.9689972,10
ENSG00000164935,0.104331225,0.0,10
ENSG00000008441_2,0.88563395,1.0532129,10
ENSG00000011590_1,2.0194864,2.784988,10
ENSG00000076554_3,0.052239504,0.0,10
ENSG00000131773,1.6007087,1.9974214,10
ENSG00000147408_2,0.009955708,0.0,10
ENSG00000286034,0.025408883,0.0,10
ENSG00000176533,1.5946118,1.685585,10
ENSG00000105707_1,0.15482844,1.0231961,10
ENSG00000136997_3,1.534047,1.7034547,10
ENSG00000072958,2.4555116,2.7579682,10
ENSG00000104415,0.35289827,0.0,10
ENSG00000105371,1.2987354,1.5972234,10
ENSG00000164924_3,2.3809285,2.1640851,10
ENSG00000286113,1.653235,0.99821573,10
ENSG00000011304,2.3254266,3.4382908,10
ENSG00000147654_1,1.5679126,2.2503345,10
ENSG00000254008,0.43440464,1.0894812,10
ENSG00000269720,0.4099477,1.152013,10
ENSG00000189052,0.32686546,0.0,10
ENSG00000176956_2,0.7501148,1.027268,10
ENSG00000105143,1.0546143,1.6882418,10
ENSG00000125734,1.5138189,1.666031,10
ENSG00000267201,0.99144226,0.0,10
ENSG00000160957_1,2.05464,2.4448564,10
ENSG00000104866_1,2.3510704,2.1944616,10
ENSG00000197857,1.4018339,2.2346869,10
ENSG00000267454,1.5410491,0.0,10
ENSG00000064490_1,1.7952315,2.5913217,10
ENSG00000127533,2.003588,1.3312268,10
ENSG00000186526,0.2517521,0.0,10
ENSG00000176623_1,0.97186226,0.0,10
ENSG00000104881,0.5221991,0.0,10
ENSG00000134028_1,0.10043684,0.0,10
ENSG00000141968,2.3561635,2.5879433,10
ENSG00000291101,0.5710526,1.2850394,10
ENSG00000105618,1.9638728,0.0,10
ENSG00000243137,0.13703871,0.69357747,10
ENSG00000104450_1,0.845427,0.0,10
ENSG00000164764,1.0944206,1.1783149,10
ENSG00000177182_1,0.28604648,0.88244486,10
ENSG00000262874,0.28849372,0.0,10
ENSG00000147813_1,0.93045217,0.0,10
ENSG00000164761,1.2021269,2.1382902,10
ENSG00000168495,2.2935145,2.625878,10
ENSG00000147408_3,0.004560489,0.0,10
ENSG00000090006_4,0.92628473,1.1819865,10
ENSG00000213799,1.7816614,0.0,10
ENSG00000105369,2.260791,3.6056552,10
ENSG00000104894,0.723728,3.6047616,10
ENSG00000063177_1,2.428114,4.0687017,10
ENSG00000168575_1,0.6482051,0.49590495,10
ENSG00000213996,1.0251702,1.3109694,10
ENSG00000213638,2.5801728,2.7223213,10
ENSG00000174837,0.27783263,0.0,10
ENSG00000105613,1.5440767,0.0,10
ENSG00000120896_2,0.21500279,0.84540814,10
ENSG00000136997_2,1.4572963,1.7621231,10
ENSG00000161558_1,2.717729,2.1689303,10
ENSG00000104904_1,2.0068626,1.3588862,10
ENSG00000105176_2,0.0038920157,0.0,10
ENSG00000035681,0.4256758,0.0,10
ENSG00000129353_1,0.8965437,1.124028,10
ENSG00000204869,0.2927954,0.0,10
ENSG00000180938,0.8365831,0.0,10
ENSG00000085719,1.3765996,3.0923731,10
ENSG00000205038_1,1.1239512,0.0,10
ENSG00000253161_4,0.030486602,0.0,10
ENSG00000105707,0.44259638,0.0,10
ENSG00000167634,0.110223904,0.5180794,10
ENSG00000156802_1,0.6274609,0.0,10
ENSG00000120896_4,0.20639656,0.0,10
ENSG00000267767,0.5846723,1.3558537,10
ENSG00000131408_2,2.1264625,2.6384714,10
ENSG00000249859_6,0.28436983,0.0,10
ENSG00000189068,0.10339092,0.77490366,10
ENSG00000267575,1.5208186,2.0173047,10
ENSG00000076554_1,0.22872181,1.0164065,10
ENSG00000063176_1,0.42623767,0.0,10
ENSG00000253926,0.24648567,0.7076894,10
ENSG00000173535,0.62821716,1.474362,10
ENSG00000105672,0.7037423,0.0,10
ENSG00000130749_1,2.1248465,2.1679256,10
ENSG00000276043_1,2.1169045,2.2184253,10
ENSG00000130304_1,2.1373472,1.7178369,10
ENSG00000125726,2.9643023,3.4009178,10
ENSG00000176907,0.025674839,0.0,10
ENSG00000254687,0.018553544,0.0,10
ENSG00000130173,0.12423761,0.58964807,10
ENSG00000188227,0.9422211,0.9465505,10
ENSG00000186562,0.057003062,0.0,10
ENSG00000245910,2.267334,3.28533,10
ENSG00000130299_1,1.1920148,1.3620487,10
ENSG00000005206,2.2485664,2.274802,10
ENSG00000006659,0.4185721,1.4627572,10
ENSG00000167608,0.17630894,0.0,10
ENSG00000268480_1,0.677058,1.2981541,10
ENSG00000124299,1.3462676,2.3438869,10
ENSG00000268595_1,0.34393084,1.072937,10
ENSG00000104808,0.82946503,0.0,10
ENSG00000104442,2.5011702,0.0,10
ENSG00000125498,0.477227,0.0,10
ENSG00000141837_3,0.37425792,0.59697074,10
ENSG00000292982,1.9674889,2.5799687,10
ENSG00000147649,2.2724495,3.2503614,10
ENSG00000038945_2,0.022847872,0.0,10
ENSG00000104687,2.180432,2.9012992,10
ENSG00000127220,1.6544231,0.0,10
ENSG00000224910,0.8545477,0.0,10
ENSG00000104689,1.6688324,2.5089874,10
ENSG00000147548,2.4113982,2.5267913,10
ENSG00000169139,2.2655604,3.141779,10
ENSG00000137558,-0.067748785,0.0,10
ENSG00000185000,2.1406894,2.2909245,10
ENSG00000170892,2.5844874,1.784767,10
ENSG00000169085,0.10819945,0.0,10
ENSG00000161091_1,1.1700217,1.0569811,10
ENSG00000154328,1.6773835,2.2328615,10
ENSG00000129451_1,0.47305015,1.088324,10
ENSG00000167671_1,0.34846658,0.0,10
ENSG00000105711,1.4694256,1.2608582,10
ENSG00000104833_1,1.1316812,1.7629111,10
ENSG00000105639,2.2976623,2.7082355,10
ENSG00000147526_2,2.5830846,2.746237,10
ENSG00000158669,2.2369695,2.388657,10
ENSG00000104763_1,0.9886747,0.0,10
ENSG00000279529,2.3380089,1.6942892,10
ENSG00000286122,0.05938651,0.0,10
ENSG00000197863_2,1.7714614,1.334695,10
ENSG00000293317_1,0.27499783,0.5473439,10
ENSG00000253339,0.028142322,0.0,10
ENSG00000147647,1.0109192,0.97464985,10
ENSG00000164733_2,1.7627393,2.4584854,10
ENSG00000128011,1.2174915,1.5361164,10
ENSG00000104859,2.2158015,2.4848506,10
ENSG00000104972,0.23413332,0.0,10
ENSG00000011332_1,1.140065,1.3483243,10
ENSG00000115257,0.64405257,1.0312388,10
ENSG00000207110,0.26768962,3.479869,10
ENSG00000134014_1,2.14998,2.745831,10
ENSG00000147588,-0.059028503,0.0,10
ENSG00000079805,2.4907641,2.8480265,10
ENSG00000141965,2.3531306,2.1611223,10
ENSG00000164961,1.8545215,2.386811,10
ENSG00000250305_1,1.3195297,1.4194435,10
ENSG00000072954,1.7757655,1.9620756,10
ENSG00000147679,2.1992524,2.5826156,10
ENSG00000272333,2.3420477,2.4558098,10
ENSG00000179922,0.8661713,1.3982074,10
ENSG00000170619,2.0751777,2.205456,10
ENSG00000253394,0.071810424,0.0,10
ENSG00000221946,0.9571877,1.432809,10
ENSG00000165071,0.025386166,0.0,10
ENSG00000197540,0.4183325,0.75531065,10
ENSG00000008441_1,0.10641253,0.0,10
ENSG00000129933,2.4124916,2.5448368,10
ENSG00000167748,0.17307946,0.0,10
ENSG00000205209,0.7767549,0.0,10
ENSG00000254202,0.0048143156,0.0,10
ENSG00000228862,1.4140577,1.0668476,10
ENSG00000198791,1.3093363,0.9182925,10
ENSG00000260001,0.9426226,1.2223262,10
ENSG00000136997_1,1.795806,3.6918354,10
ENSG00000129451_2,0.17058806,0.5747487,10
ENSG00000076826,1.4592133,2.0016904,10
ENSG00000076554_4,2.2784052,3.0675693,10
ENSG00000196172,1.1045114,1.3988597,10
ENSG00000130204,2.4807663,3.1462893,10
ENSG00000172006,1.4762188,1.6261761,10
ENSG00000253948,1.9305595,1.7619729,10
ENSG00000181781,0.18103968,0.8494808,10
ENSG00000105404,1.9739438,1.9001273,10
ENSG00000160948,0.56079596,0.0,10
ENSG00000076944,1.6663948,2.5674627,10
ENSG00000167772,0.9509564,1.7687713,10
ENSG00000183401,0.2545915,0.0,10
ENSG00000147571,0.37723377,1.2240407,10
ENSG00000121406,1.5336512,1.9372169,10
ENSG00000161249_1,1.2852145,1.6180062,10
ENSG00000168615,2.4267395,2.3462884,10
ENSG00000105327,2.413027,2.3740551,10
ENSG00000089335,2.4374456,2.3531966,10
ENSG00000197961,1.7804972,2.8008318,10
ENSG00000132554_1,1.0229838,0.96547455,10
ENSG00000105223,2.2759304,2.432878,10
ENSG00000164749,-0.018049266,2.321671,10
ENSG00000115268,2.2320724,2.9640026,10
ENSG00000181894_1,1.2191415,1.130366,10
ENSG00000221878,0.08018173,0.0,10
ENSG00000029534_2,0.113376945,0.0,10
ENSG00000253678,0.17747353,0.0,10
ENSG00000073008,1.0414661,1.7016716,10
ENSG00000104611,1.1090606,1.1377022,10
ENSG00000253361,0.39034316,0.0,10
ENSG00000085872,2.152742,1.613493,10
ENSG00000130733,1.6669191,2.152817,10
ENSG00000104408,1.8359886,3.9508805,10
ENSG00000178860_1,2.220202,2.845842,10
ENSG00000078674,2.3472733,3.099076,10
ENSG00000125755,2.3311014,2.8169072,10
ENSG00000186017_1,2.4231148,1.884206,10
ENSG00000130208_2,0.2870467,0.0,10
ENSG00000197050,2.0922236,1.7788528,10
ENSG00000233927,2.2257805,0.0,10
ENSG00000105472,0.17962338,0.6315655,10
ENSG00000249471,1.9595419,1.894172,10
ENSG00000251247_1,1.1434609,0.0,10
ENSG00000125731,1.5669329,1.7175956,10
ENSG00000175305_1,1.526235,1.4205663,10
ENSG00000155096_1,0.21737494,0.0,10
ENSG00000254618,0.37054676,1.7648976,10
ENSG00000170608,0.88600576,1.1830134,10
ENSG00000179632,2.2711906,2.5387006,10
ENSG00000105197,2.4574594,3.0356538,10
ENSG00000130208,0.17850982,0.6877251,10
ENSG00000189042,2.175765,1.8044162,10
ENSG00000247081,1.5999988,0.0,10
ENSG00000168079,0.6551655,0.0,10
ENSG00000130165,1.9897646,2.8096418,10
ENSG00000249859_5,0.3298218,0.895312,10
ENSG00000104783,2.2923355,2.8886309,10
ENSG00000179820_3,0.5681649,0.0,10
ENSG00000136960,0.33343747,0.0,10
ENSG00000266916,0.6936015,0.0,10
ENSG00000155792,0.8800704,1.6397852,10
ENSG00000228300_1,2.312193,0.0,10
ENSG00000029534,1.3822093,1.2909268,10
ENSG00000161082,1.2482406,1.8879491,10
ENSG00000105523_1,0.19741859,0.0,10
ENSG00000160953,1.9106394,2.1458766,10
ENSG00000253507,-0.06341684,0.0,10
ENSG00000133742_1,-0.019692164,0.704948,10
ENSG00000267470,0.800649,0.0,10
ENSG00000176490,1.269204,1.2768981,10
ENSG00000105701_1,1.1456017,2.0875614,10
ENSG00000130520,2.5237434,2.9594574,10
ENSG00000147804_1,0.7710542,1.2623324,10
ENSG00000104356,2.1996074,2.837461,10
ENSG00000171606_1,2.346688,0.0,10
ENSG00000171606,1.9343666,1.97488,10
ENSG00000161609,0.5458642,0.0,10
ENSG00000291317_1,1.8109925,1.7762071,10
ENSG00000105643_1,1.134104,0.0,10
ENSG00000198182_1,1.5201054,1.2257227,10
ENSG00000178982,2.5706627,3.4049773,10
ENSG00000227392,0.89598864,0.0,10
ENSG00000168575_2,2.1621532,2.0305593,10
ENSG00000181781_1,0.36534125,0.89713204,10
ENSG00000088053,0.23788686,0.0,10
ENSG00000105664,1.0296174,0.92337877,10
ENSG00000104886_1,2.4828806,2.3360393,10
ENSG00000069399_1,2.1953716,2.8881178,10
ENSG00000089351_2,2.231688,0.9836218,10
ENSG00000064687,1.9456507,0.0,10
ENSG00000105722_1,1.9619285,2.6905506,10
ENSG00000133265,1.1187769,1.1754596,10
ENSG00000153317_1,1.4518816,1.4762954,10
ENSG00000104327,0.33256873,0.0,10
ENSG00000251247_2,0.26556233,0.0,10
ENSG00000283103_1,2.0342178,2.3696425,10
ENSG00000062822,2.318418,2.591671,10
ENSG00000076662_1,1.5698438,0.0,10
ENSG00000185730,2.1783109,0.0,10
ENSG00000250799,0.3138935,0.7399914,10
ENSG00000040341,-0.017023172,0.0,10
ENSG00000245281_1,0.8706663,0.0,10
ENSG00000231924,0.118315846,0.0,10
ENSG00000104881_1,1.7574055,1.6462665,10
ENSG00000141867_2,2.3732638,3.0590065,10
ENSG00000121413,0.9361728,1.4767302,10
ENSG00000184672_2,0.4426418,0.0,10
ENSG00000007080,2.3147364,2.7511797,10
ENSG00000099785,1.8255867,1.836903,10
ENSG00000123136,2.0668688,1.3417708,10
ENSG00000077009,0.39377218,0.0,10
ENSG00000202360,1.1637939,0.0,10
ENSG00000042832_2,0.05590396,0.0,10
ENSG00000115286,2.097234,2.9815001,10
ENSG00000105321,2.267683,2.4232721,10
ENSG00000129295,0.5979985,0.75273967,10
ENSG00000173809,0.82449055,1.174525,10
ENSG00000079462_1,1.1922206,2.5097804,10
ENSG00000104964_2,0.73639554,2.3398092,10
ENSG00000155926_1,0.2892065,0.0,10
ENSG00000104889,2.102292,2.7315493,10
ENSG00000042832_1,0.102628514,0.0,10
ENSG00000104964,1.764918,1.8798009,10
ENSG00000181135,1.8673085,1.8806741,10
ENSG00000248599,0.15859981,0.0,10
ENSG00000266964,0.3262025,0.0,10
ENSG00000104529_2,2.1502523,3.490721,10
ENSG00000204673,2.613455,2.1248171,10
ENSG00000181195,0.965339,0.0,10
ENSG00000104835,2.800598,2.4145856,10
ENSG00000147481_3,0.5206179,0.90608174,10
ENSG00000147614,0.055533957,0.0,10
ENSG00000105443,2.2018514,2.406467,10
ENSG00000167614,1.0380653,1.4588342,10
ENSG00000173273_1,0.05512281,0.0,10
ENSG00000197647,1.5285003,0.98511195,10
ENSG00000105072,1.78628,0.0,10
ENSG00000115266_1,0.90062475,1.0569811,10
ENSG00000123146_2,2.1314535,3.0116677,10
ENSG00000125740,0.611824,1.2730314,10
ENSG00000142546,0.28408882,0.0,10
ENSG00000168546_1,1.3219978,0.0,10
ENSG00000253642,0.08319761,0.0,10
ENSG00000104951,2.3459702,3.1592934,10
ENSG00000291080,1.7750635,1.6526331,10
ENSG00000267519,2.1520104,1.9126577,10
ENSG00000171466,1.7583001,2.2758777,10
ENSG00000171827,1.7905544,1.7297155,10
ENSG00000167646,0.53756374,0.0,10
ENSG00000167733_2,1.8319213,1.025879,10
ENSG00000229140_2,0.07687537,0.0,10
ENSG00000253877_1,-0.0035173334,0.74778455,10
ENSG00000064932_1,0.40895686,1.0150243,10
ENSG00000164944,2.1928747,0.0,10
ENSG00000171119,1.351986,1.4709835,10
ENSG00000105323_2,2.005131,2.477541,10
ENSG00000137573,0.043079477,0.0,10
ENSG00000253711,0.07788986,0.0,10
ENSG00000254087,2.0350733,3.1450286,10
ENSG00000189013,0.13572498,0.0,10
ENSG00000104974,0.2873525,0.97617567,10
ENSG00000128016,2.5940838,3.4949696,10
ENSG00000099783_1,0.11154227,0.0,10
ENSG00000213096,1.2112021,2.2693238,10
ENSG00000204519,1.5817846,2.0459173,10
ENSG00000169495,1.2486998,1.5628042,10
ENSG00000173273_2,0.94306725,0.0,10
ENSG00000086544,2.3717902,1.7084744,10
ENSG00000169946,1.260564,1.6506766,10
ENSG00000104518,1.9205683,2.5166688,10
ENSG00000189164,2.2505856,1.6401036,10
ENSG00000171033,2.2094536,0.0,10
ENSG00000102575_1,1.9353255,2.188045,10
ENSG00000124440_1,0.13440903,0.0,10
ENSG00000189144,1.3966638,1.4061313,10
ENSG00000121022,2.4600024,2.9866097,10
ENSG00000287134,0.08344595,0.6876894,10
ENSG00000184647,0.16039288,0.0,10
ENSG00000235173,1.947657,2.169786,10
ENSG00000120896,0.17201412,0.0,10
ENSG00000254119,0.03938708,0.0,10
ENSG00000070404_1,1.6511437,0.98214453,10
ENSG00000167232_1,2.2183955,2.2851927,10
ENSG00000245857,1.0736426,0.0,10
ENSG00000133243,1.7018661,2.1381133,10
ENSG00000156011_3,0.23253511,0.0,10
ENSG00000147606_1,0.02444965,0.0,10
ENSG00000104497,2.042263,1.3339106,10
ENSG00000183186,1.1674939,1.517605,10
ENSG00000267898,2.2798417,1.9083027,10
ENSG00000104524,0.7994911,0.0,10
ENSG00000205138,2.1684778,2.412427,10
ENSG00000099797_1,0.6841243,1.2316225,10
ENSG00000142541,2.6994913,0.0,10
ENSG00000221803,0.31093368,0.0,10
ENSG00000104951_1,2.7029629,3.875264,10
ENSG00000104522_1,1.8734851,1.20044,10
ENSG00000104880,2.1130867,1.3907938,10
ENSG00000130528,0.38138714,0.86911434,10
ENSG00000183019,0.41257006,0.0,10
ENSG00000187266,0.45055392,0.0,10
ENSG00000129968,2.0182743,2.4208894,10
ENSG00000141905_1,1.9788452,2.7301102,10
ENSG00000066777,2.1862555,2.4155376,10
ENSG00000204514,0.88990647,2.5658395,10
ENSG00000019549,0.3180479,0.9592847,10
ENSG00000253696,0.07929438,0.0,10
ENSG00000141867_1,1.8002567,1.7059321,10
ENSG00000187244,1.0801861,0.0,10
ENSG00000254377_2,0.4300434,0.0,10
ENSG00000170956,0.026646856,0.0,10
ENSG00000105173,1.8537375,2.2683089,10
ENSG00000105270,0.7593327,1.1773922,10
ENSG00000229140_1,0.036679793,0.0,10
ENSG00000180900,1.7621425,2.3003912,10
ENSG00000123815,1.8723763,1.6294911,10
ENSG00000160877,1.5011876,1.9390697,10
ENSG00000266903,0.79108864,0.79588,10
ENSG00000167476,0.38431185,0.0,10
ENSG00000080031_1,0.3309457,1.6315076,10
ENSG00000147454,1.7849036,2.6318576,10
ENSG00000225975,1.7369341,1.8562381,10
ENSG00000090659,0.0696543,0.5969378,10
ENSG00000147485_1,0.58275175,0.0,10
ENSG00000188033,2.5278962,0.0,10
ENSG00000077348,2.371942,2.8217428,10
ENSG00000011451_2,1.8870754,1.6977522,10
ENSG00000269343_1,0.2754715,0.0,10
ENSG00000130876,0.9499057,1.3157605,10
ENSG00000120915,1.8337146,2.6973505,10
ENSG00000213015,2.4506693,2.1860263,10
ENSG00000223573,1.2258085,1.7668588,10
ENSG00000168575,0.09361908,0.0,10
ENSG00000254277,0.013501372,0.0,10
ENSG00000268318,0.24001558,0.0,10
ENSG00000124440,0.49002782,1.304497,10
ENSG00000126262,0.2968608,0.0,10
ENSG00000159915,0.6151686,1.3333404,10
ENSG00000260428,1.2394091,1.5840937,10
ENSG00000160505,0.1375622,0.681829,10
ENSG00000040341_2,1.4710711,1.8964105,10
ENSG00000267673,1.0132972,1.4140202,10
ENSG00000142025,0.28174695,0.9096095,10
ENSG00000177335,0.48804697,0.5747718,10
ENSG00000269243,1.9538814,0.0,10
ENSG00000125505_1,2.6086102,2.2427301,10
ENSG00000137575,1.907096,2.5114315,10
ENSG00000164924_4,2.4837549,2.6902316,10
ENSG00000179950,1.8929187,0.9952709,10
ENSG00000091656,0.05637006,0.0,10
ENSG00000105370,0.24215235,0.9938329,10
ENSG00000213297,1.2339153,1.2495164,10
ENSG00000125746_1,1.774814,2.231816,10
ENSG00000142046_1,0.3007068,1.1802262,10
ENSG00000105397_1,0.73665714,1.3638752,10
ENSG00000185761,0.9578982,0.0,10
ENSG00000105366_1,0.40375015,0.97312784,10
ENSG00000099875,2.41497,2.3760493,10
ENSG00000104967,0.9261543,1.1132078,10
ENSG00000184156,1.2479562,2.011951,10
ENSG00000255974,0.09467229,0.0,10
ENSG00000123144,2.4592087,3.2156982,10
ENSG00000185803_2,1.8218795,1.1560006,10
ENSG00000104941,0.51235396,0.7214726,10
ENSG00000171223,1.9607035,3.773986,10
ENSG00000183709,0.28557757,0.6605619,10
ENSG00000064687_1,1.8174616,0.0,10
ENSG00000169035,0.71529907,0.0,10
ENSG00000254777_2,1.1519612,1.121888,10
ENSG00000105538,0.2789004,0.0,10
ENSG00000125753,2.2752593,3.3671694,10
ENSG00000167641,0.29494023,0.7676604,10
ENSG00000167554,0.7201935,0.0,10
ENSG00000120903,0.22792418,0.0,10
ENSG00000167491_2,0.39901873,0.0,10
ENSG00000213988,0.9245533,1.2520614,10
ENSG00000022556_1,0.3175682,0.0,10
ENSG00000182087,2.6062167,2.9476836,10
ENSG00000105341,1.0270633,0.0,10
ENSG00000179632_1,1.7338536,0.0,10
ENSG00000161888,2.3045177,0.0,10
ENSG00000087074,2.406036,2.8598034,10
ENSG00000104870,0.4237505,0.8412969,10
ENSG00000254377,0.43831763,0.9318645,10
ENSG00000090661,2.0618565,2.5097132,10
ENSG00000147408,0.025428858,1.0519509,10
ENSG00000293246,0.8520193,2.1288707,10
ENSG00000171051_1,0.15282159,0.0,10
ENSG00000130287,0.5129987,0.0,10
ENSG00000253161_1,0.0031369217,0.0,10
ENSG00000167671_2,1.5576814,2.2460995,10
ENSG00000147689,0.11839311,0.0,10
ENSG00000253138_1,0.059653204,0.0,10
ENSG00000120963,2.4012914,3.15171,10
ENSG00000253123,-0.029077899,0.0,10
ENSG00000099822,1.5627652,1.8943715,10
ENSG00000067167,2.263418,3.04254,10
ENSG00000104728_1,0.12289293,0.0,10
ENSG00000011243_1,2.39304,2.714608,10
ENSG00000176956,1.2239505,1.368231,10
ENSG00000105402_1,0.38483313,0.895312,10
ENSG00000105700,2.3730247,3.2312734,10
ENSG00000116017_1,2.1254945,2.6451097,10
ENSG00000198093,1.0292584,2.0421224,10
ENSG00000286449,0.45082143,0.0,10
ENSG00000169427,0.28869408,0.0,10
ENSG00000064607,2.4596066,2.616629,10
ENSG00000104967_1,1.2361994,1.3024608,10
ENSG00000253893,0.69465154,0.0,10
ENSG00000269855,0.513852,0.8266837,10
ENSG00000182325,2.140704,2.365705,10
ENSG00000203326,1.8741131,0.0,10
ENSG00000131142,0.9772243,0.0,10
ENSG00000164879,0.3807432,0.0,10
ENSG00000177380,1.1033331,1.2902795,10
ENSG00000015592,0.34763473,1.1185954,10
ENSG00000104490,0.6339571,0.0,10
ENSG00000083307,0.6386909,1.3066823,10
ENSG00000176209_1,2.2312777,2.683974,10
ENSG00000185728_1,2.3368025,1.3163059,10
ENSG00000104331,1.644373,2.6614208,10
ENSG00000012124,0.24441017,0.0,10
ENSG00000069399,1.9751617,1.7709771,10
ENSG00000137573_2,0.0019251965,0.0,10
ENSG00000182013,1.090932,1.5858779,10
ENSG00000198010,1.3738881,1.2316225,10
ENSG00000164935_1,-0.001013156,0.0,10
ENSG00000249861,0.048558343,0.0,10
ENSG00000105058,1.2843693,3.1204488,10
ENSG00000104324,1.177269,1.2040548,10
ENSG00000127616_2,0.74064976,1.6971421,10
ENSG00000142528,2.304898,0.0,10
ENSG00000130726_1,2.5128555,2.9859786,10
ENSG00000010310,1.9938956,2.0647237,10
ENSG00000126243_1,1.1940764,1.3045552,10
ENSG00000105373,2.224409,3.1272311,10
ENSG00000065989,1.527861,1.886265,10
ENSG00000104714,2.050747,2.8471894,10
ENSG00000156831,2.0500667,2.5163305,10
ENSG00000170906,2.240824,3.2425737,10
ENSG00000125651,2.538505,3.276795,10
ENSG00000105198,0.0028136708,0.0,10
ENSG00000170604,2.3002267,2.0726027,10
ENSG00000185361,2.0560074,1.623394,10
ENSG00000253490,0.08571094,0.0,10
ENSG00000127526,2.3684154,2.6313524,10
ENSG00000176909,0.49452707,0.0,10
ENSG00000123136_1,2.5469024,3.0075471,10
ENSG00000133872_1,2.4467669,2.9405818,10
ENSG00000104728,1.1221681,0.92681044,10
ENSG00000124444,2.544715,2.3285222,10
ENSG00000253161_5,0.060967643,0.77010053,10
ENSG00000134013_1,0.09200062,0.6479206,10
ENSG00000160472,0.31701377,0.96396714,10
ENSG00000160111,0.66238886,0.9042826,10
ENSG00000104805,1.754106,2.537353,10
ENSG00000290933,0.26774147,1.5549129,10
ENSG00000197124_1,0.545679,0.87678343,10
ENSG00000292979,2.2509894,2.1372876,10
ENSG00000071894,2.2728035,2.5431898,10
ENSG00000104313_2,0.25356486,1.317129,10
ENSG00000213563,1.6288205,1.871386,10
ENSG00000160948_1,1.9459299,2.5793216,10
ENSG00000290720,0.6494474,0.0,10
ENSG00000105576_2,2.4319806,1.9245635,10
ENSG00000130377,0.1626357,0.5266752,10
ENSG00000171777,0.7372286,0.0,10
ENSG00000165156,2.1786904,2.219967,10
ENSG00000290988,0.5732389,1.025879,10
ENSG00000168481,1.3163673,1.3292961,10
ENSG00000212429,0.0051675923,0.0,10
ENSG00000167755,0.22549875,0.8824221,10
ENSG00000120925_1,2.127534,2.6709135,10
ENSG00000161298,2.0634987,1.5394776,10
ENSG00000159885,0.47191164,0.0,10
ENSG00000267308,0.06877829,0.0,10
ENSG00000082556,0.92981684,1.2448212,10
ENSG00000221983_2,0.45938203,2.624476,10
ENSG00000168300_1,2.2347178,2.4515193,10
ENSG00000176593,2.104352,0.0,10
ENSG00000160410_1,1.65336,1.2022158,10
ENSG00000060566,0.31271082,1.9019077,10
ENSG00000171320_1,1.6310421,2.861369,10
ENSG00000269058,1.7674501,0.0,10
ENSG00000105552_1,2.0562348,2.6511579,10
ENSG00000130304,0.30310637,0.6145914,10
ENSG00000125730,0.20164706,0.0,10
ENSG00000288596,1.9599935,1.6217619,10
ENSG00000105610,0.33427033,0.0,10
ENSG00000105617,2.7289746,2.300839,10
ENSG00000179526_1,2.209499,1.9412181,10
ENSG00000130382_1,2.177041,2.5581083,10
ENSG00000116014,1.3081831,1.6014733,10
ENSG00000034239,0.8810917,0.9623693,10
ENSG00000245149,2.467215,1.8950742,10
ENSG00000164751,1.2234184,2.5252547,10
ENSG00000161558,2.2195144,2.0946631,10
ENSG00000132005,2.236727,2.3883178,10
ENSG00000287001,1.0160359,0.85545856,10
ENSG00000123124,2.228519,1.4073128,10
ENSG00000105695,0.5112497,0.0,10
ENSG00000147535,2.3006234,2.2741163,10
ENSG00000131408,1.0644789,0.0,10
ENSG00000130724,2.3226452,2.4186823,10
ENSG00000006016,1.329917,2.0398502,10
ENSG00000147689_1,0.102960214,0.0,10
ENSG00000167491,2.4152522,2.7125907,10
ENSG00000105176,0.07629852,0.0,10
ENSG00000155926,0.522371,0.0,10
ENSG00000130475_1,2.2326188,2.329052,10
ENSG00000129951,1.2019619,1.3533776,10
ENSG00000032444_1,0.28912428,1.0532014,10
ENSG00000287952,2.178428,3.73707,10
ENSG00000249816_2,0.08162066,0.0,10
ENSG00000167468_1,0.89028484,1.8004009,10
ENSG00000269386,2.266257,1.5167732,10
ENSG00000160886_1,1.0380043,1.0813041,10
ENSG00000104361,2.0995755,2.0839932,10
ENSG00000147316,2.2210715,2.7334692,10
ENSG00000196605,2.2166765,1.3814075,10
ENSG00000167632_1,0.66459745,1.0272313,10
ENSG00000105723,2.591617,2.7042105,10
ENSG00000253819,0.043135356,0.0,10
ENSG00000268516,2.2676835,1.9491118,10
ENSG00000105549,0.22485448,0.9351393,10
ENSG00000134028,-0.026195075,1.069335,10
ENSG00000253227,-0.019328278,0.0,10
ENSG00000228300,2.5026042,3.0504959,10
ENSG00000180257,2.1909375,2.0145626,10
ENSG00000169946_1,0.93069726,1.2591636,10
ENSG00000227500,1.0822374,1.3184807,10
ENSG00000188305,0.5537497,0.0,10
ENSG00000253267,0.022503268,0.0,10
ENSG00000179134,2.2303953,2.3106573,10
ENSG00000178904,2.4335341,2.1701736,10
ENSG00000187994,1.8906338,1.9319458,10
ENSG00000253553,0.9275313,0.84333247,10
ENSG00000088256,1.7993838,2.1728423,10
ENSG00000022567,1.6471891,1.8769622,10
ENSG00000130844_1,2.204173,1.8475789,10
ENSG00000254251_1,0.0075393505,0.0,10
ENSG00000289037,2.0362582,1.5647016,10
ENSG00000253796,-0.025517542,0.0,10
ENSG00000269825,1.5261457,2.6423585,10
ENSG00000104760_1,0.14312544,0.0,10
ENSG00000125743,1.6088003,2.9055262,10
ENSG00000161277,2.3043294,1.8896546,10
ENSG00000254415,0.50663775,1.5149726,10
ENSG00000164816,0.09569034,0.0,10
ENSG00000268621,0.14261062,0.0,10
ENSG00000198363_1,0.062314633,0.0,10
ENSG00000196357_1,2.231944,1.951726,10
ENSG00000104983,2.2434587,2.0886285,10
ENSG00000171316,2.1296024,2.4585924,10
ENSG00000204920,1.070495,2.0355418,10
ENSG00000105227_1,0.2965611,0.0,10
ENSG00000253926_1,0.55407107,0.6381097,10
ENSG00000105717,1.9377292,2.188425,10
ENSG00000205189,0.49516806,1.3559302,10
ENSG00000197892,0.04435845,0.0,10
ENSG00000160959,2.1649642,1.8717772,10
ENSG00000105696,1.1128539,1.6374197,10
ENSG00000161249_2,0.9462839,2.7963314,10
ENSG00000291089,0.61665744,1.3232521,10
ENSG00000104879,0.2369123,0.0,10
ENSG00000198538,1.8608896,2.0948658,10
ENSG00000209702,0.4475287,1.3658248,10
ENSG00000104388,2.4270225,2.4292855,10
ENSG00000125656_1,0.83265233,0.0,10
ENSG00000105193,2.5676427,4.1377435,10
ENSG00000176909_1,0.38686258,0.0,10
ENSG00000199631,1.1461514,1.6928998,10
ENSG00000104660,2.0933201,2.716705,10
ENSG00000147471,2.3494425,2.773527,10
ENSG00000179271,2.063148,3.24814,10
ENSG00000237452,0.5896476,0.0,10
ENSG00000291231,0.19132726,1.001041,10
ENSG00000267534,2.2090495,2.6794052,10
ENSG00000130479,2.0121498,2.7445629,10
ENSG00000078674_1,2.749647,3.0267007,10
ENSG00000029534_4,1.4423906,1.1142772,10
ENSG00000105447,2.3513765,2.733686,10
ENSG00000284268,2.2679472,3.3386078,10
ENSG00000277586,0.88420296,1.7435803,10
ENSG00000182141,2.0028214,0.0,10
ENSG00000271171,0.7216074,1.0532322,10
ENSG00000266559,2.1438076,1.2952812,10
ENSG00000174917_1,2.2637038,0.0,10
ENSG00000177182,0.10396673,0.0,10
ENSG00000188039,0.28580484,0.0,10
ENSG00000175895,2.2516932,2.7263033,10
ENSG00000186526_1,0.28572187,0.41629094,10
ENSG00000126456_2,2.3306704,2.7557833,10
ENSG00000155897,0.9124305,1.3073249,10
ENSG00000198028,0.11230892,0.0,10
ENSG00000095059,2.6228545,2.7496645,10
ENSG00000197019,2.5060415,2.0747068,10
ENSG00000142453,2.4023895,3.1698124,10
ENSG00000221983_1,2.4207869,3.4695938,10
ENSG00000120925,2.1452532,2.0645328,10
ENSG00000256771,2.1433856,1.5946908,10
ENSG00000253944,1.2073334,1.5375043,10
ENSG00000293171,0.6118606,0.0,10
ENSG00000104853,1.3579096,0.0,10
ENSG00000032444_2,2.0355504,2.1250353,10
ENSG00000074181,0.8801059,0.0,10
ENSG00000160888,1.8815724,1.7397084,10
ENSG00000130522,2.3827648,3.0749152,10
ENSG00000090006_1,0.38076395,0.87301236,10
ENSG00000293314,2.1152532,1.575003,10
ENSG00000130309,2.0353582,2.70293,10
ENSG00000104722,1.1111513,1.072948,10
ENSG00000197275,2.2935543,2.5902967,10
ENSG00000132026_1,0.6470774,1.0378247,10
ENSG00000090971,1.9309212,1.730233,10
ENSG00000099624,1.903593,3.604633,10
ENSG00000141933,2.4645767,2.1527958,10
ENSG00000154359,2.3197207,2.1343684,10
ENSG00000172270,2.0338254,1.8468318,10
ENSG00000287301,0.2440968,0.0,10
ENSG00000130477,0.28210524,0.0,10
ENSG00000165046_3,0.06121407,0.0,10
ENSG00000184428,1.1334976,2.23262,10
ENSG00000178980,1.7880812,2.4160511,10
ENSG00000024422,0.5019857,1.3748217,10
ENSG00000154319,2.1160486,1.9492778,10
ENSG00000086548,0.10680473,0.0,10
ENSG00000160972,1.553321,1.9324585,10
ENSG00000141873,1.8124284,2.1100845,10
ENSG00000136573,1.8525457,2.713204,10
ENSG00000104312,2.350684,2.9340792,10
ENSG00000268751,0.5583225,1.7526937,10
ENSG00000120896_1,1.1584576,1.0024555,10
ENSG00000154188_2,0.34967566,0.0,10
ENSG00000225885,1.1278929,0.0,10
ENSG00000105559_2,0.9064399,1.0232112,10
ENSG00000126460,0.22627707,0.0,10
ENSG00000142408,0.6180012,1.3346145,10
ENSG00000251191,0.010835413,0.0,10
ENSG00000269054,2.244575,1.5362301,10
ENSG00000064490,2.5219452,1.809724,10
ENSG00000167487,1.9336692,1.7641836,10
ENSG00000118160,0.4824287,0.9880236,10
ENSG00000196961,2.2634516,2.694298,10
ENSG00000039987_1,0.18743531,0.0,10
ENSG00000087076,1.1994444,0.97312784,10
ENSG00000164920,1.9597989,0.9967524,10
ENSG00000187116,0.24513717,0.0,10
ENSG00000221916,2.0402875,1.743047,10
ENSG00000160117,1.795998,2.1502867,10
ENSG00000160471,0.42845508,0.0,10
ENSG00000188505,1.2905816,1.6919651,10
ENSG00000287296,1.9215372,0.8554707,10
ENSG00000228323,0.8439576,1.0299112,10
ENSG00000039650_1,2.1287856,1.9006621,10
ENSG00000197619,1.1849991,0.0,10
ENSG00000256087,0.73646563,1.8655955,10
ENSG00000129292,2.0045114,2.5317597,10
ENSG00000161243,1.1197971,2.01976,10
ENSG00000179213,0.8492347,0.0,10
ENSG00000184489_1,0.3857198,0.0,10
ENSG00000204653_1,0.5910806,0.0,10
ENSG00000293438,2.1258643,1.1397847,10
ENSG00000229140,-0.035262045,0.0,10
ENSG00000079112,0.01447599,0.0,10
ENSG00000105323,1.0040737,0.0,10
ENSG00000064961,1.9221286,2.640033,10
ENSG00000071655,2.0625372,1.627847,10
ENSG00000130816_1,2.4889855,3.2875264,10
ENSG00000167642,1.3158462,1.4447316,10
ENSG00000177051,1.7287757,2.548328,10
ENSG00000141837_1,1.3088884,1.085968,10
ENSG00000269439,2.078641,0.0,10
ENSG00000105428,0.4510071,1.1142772,10
ENSG00000083814,1.9479307,2.083911,10
ENSG00000105467,2.4613943,1.4167403,10
ENSG00000090661_1,2.1818452,1.7663385,10
ENSG00000142534,2.560551,0.0,10
ENSG00000239039,1.2774273,3.1664894,10
ENSG00000011451_1,0.80894154,1.3694199,10
ENSG00000124302,1.456751,1.3232727,10
ENSG00000104827,0.2197722,0.0,10
ENSG00000104435,0.27044156,0.0,10
ENSG00000104969,2.3594747,2.8907316,10
ENSG00000176406,0.8055167,1.3178962,10
ENSG00000176619,0.45290217,0.0,10
ENSG00000133872,0.61884284,0.99818087,10
ENSG00000172164,1.1892074,2.1383343,10
ENSG00000184608,0.06154688,0.0,10
ENSG00000142230,2.5463998,2.8756566,10
ENSG00000129932,0.41644135,0.0,10
ENSG00000064313,1.7081692,2.695892,10
ENSG00000182310,0.32333118,0.0,10
ENSG00000221983,2.3338747,3.7148845,10
ENSG00000157168_4,-0.06046563,0.0,10
ENSG00000126247_2,1.918449,0.0,10
ENSG00000167646_1,0.8483104,1.187673,10
ENSG00000070756_2,0.0037641935,0.0,10
ENSG00000104957_1,2.3704753,0.0,10
ENSG00000267348,1.9821302,1.0906459,10
ENSG00000185803_1,2.0023603,2.1125045,10
ENSG00000130881,1.4881278,1.6220481,10
ENSG00000095932_1,0.51130265,0.9006948,10
ENSG00000196214_1,0.10320076,0.0,10
ENSG00000237807_1,0.10167149,0.0,10
ENSG00000182986_1,1.3240956,2.1926036,10
ENSG00000178860,1.5481828,1.5007578,10
ENSG00000253773,2.1978114,1.8599545,10
ENSG00000261236,2.1215696,2.9625084,10
ENSG00000156471,2.2839925,3.1752305,10
ENSG00000245164,0.0075431205,0.0,10
ENSG00000253679,0.18689962,0.0,10
ENSG00000249709,2.5871196,1.8786137,10
ENSG00000104371,0.15026332,0.8824335,10
ENSG00000126456,1.0199572,0.0,10
ENSG00000159871,0.20727943,1.1560158,10
ENSG00000168615_1,0.21426238,0.0,10
ENSG00000186272,1.4405622,1.9001049,10
ENSG00000147434,0.3432571,1.1142772,10
ENSG00000177025,0.058850553,0.0,10
ENSG00000104419_2,0.19504286,0.0,10
ENSG00000253745,0.083393484,0.0,10
ENSG00000076924,1.7668153,2.5991852,10
ENSG00000152443,0.6765417,2.2360003,10
ENSG00000161860,1.5947902,1.2004128,10
ENSG00000268460,0.20668589,0.0,10
ENSG00000129911,2.0319908,2.7580106,10
ENSG00000160392,1.6493627,0.0,10
ENSG00000164933,2.580042,2.9104698,10
ENSG00000158863,1.6347567,2.0270967,10
ENSG00000104888_1,0.5947698,1.0824622,10
ENSG00000105750,1.7977605,2.245695,10
ENSG00000249859_8,1.6617507,1.5093101,10
ENSG00000124466,0.46465185,0.0,10
ENSG00000168081_1,0.5368021,0.0,10
ENSG00000167645,2.0344744,2.5005972,10
ENSG00000147642_2,1.7732571,2.1861281,10
ENSG00000070756_1,-0.046519306,1.2707092,10
ENSG00000204524,2.056913,1.7597207,10
ENSG00000105341_1,2.1440282,2.4724288,10
ENSG00000172081_1,2.2727308,2.4418397,10
ENSG00000285791,0.153372,0.6511617,10
ENSG00000167641_1,1.098388,1.4269177,10
ENSG00000254777_1,2.221407,1.1783149,10
ENSG00000184162,1.6072608,1.7972267,10
ENSG00000253764,0.46905968,1.0544598,10
ENSG00000105220_1,2.1069813,3.80297,10
ENSG00000186567,0.12414281,0.0,10
ENSG00000012061_3,1.7316641,1.6018536,10
ENSG00000105429,1.989005,1.8514112,10
ENSG00000104613,2.28998,2.652199,10
ENSG00000171443,2.5118003,1.9923944,10
ENSG00000142046_2,0.54075307,1.1087679,10
ENSG00000104549,2.3020298,2.8570006,10
ENSG00000167701,0.7536828,1.1261638,10
ENSG00000164808_1,0.3695284,0.0,10
ENSG00000176472,2.0196939,1.9073038,10
ENSG00000104964_1,2.0692792,3.1814034,10
ENSG00000176571,0.024870317,0.0,10
ENSG00000197838,0.26284873,0.0,10
ENSG00000161652,0.48886403,0.9592895,10
ENSG00000261787,0.92488307,1.4762982,10
ENSG00000157168_2,1.2120485,1.12827,10
ENSG00000269699,1.211926,1.3287057,10
ENSG00000160113,1.8913006,1.9849322,10
ENSG00000141971,1.977084,2.4900568,10
ENSG00000158856_6,1.127652,1.5665789,10
ENSG00000104883_1,0.16120756,0.0,10
ENSG00000126461,2.4694352,2.5505304,10
ENSG00000105143_2,0.37646312,0.0,10
ENSG00000293495_1,2.0187912,3.020469,10
ENSG00000011590,0.31933776,0.0,10
ENSG00000253438,0.47200933,1.4931372,10
ENSG00000158856_3,0.32646146,0.0,10
ENSG00000164949,1.5959988,1.720027,10
ENSG00000125652,2.2011244,2.7493203,10
ENSG00000253161,0.06773886,1.288761,10
ENSG00000180155_1,0.8469979,0.0,10
ENSG00000196365,2.5226994,2.9578466,10
ENSG00000168522,2.4565532,2.8684094,10
ENSG00000066827,0.8869161,1.8369125,10
ENSG00000147573,0.305445,0.7241636,10
ENSG00000085872_1,2.3838987,3.124993,10
ENSG00000189376,2.0879383,2.2916198,10
ENSG00000130164,1.7890047,2.4556608,10
ENSG00000042832,0.08280985,0.0,10
ENSG00000160961,2.1973023,2.2560222,10
ENSG00000178935,2.0605662,1.9860817,10
ENSG00000186583,0.70520186,0.8749165,10
ENSG00000130208_3,0.36942306,0.8786832,10
ENSG00000269043,0.20138462,0.0,10
ENSG00000147586,1.0633049,1.0404046,10
ENSG00000258724,2.1576252,2.4007192,10
ENSG00000257704,2.1347606,2.312685,10
ENSG00000185697,2.1304264,1.4095442,10
ENSG00000226763,0.17717631,1.1131843,10
ENSG00000104643,2.0989852,1.9761298,10
ENSG00000267133,0.100513935,0.0,10
ENSG00000089327_1,1.8551043,2.539653,10
ENSG00000269091,0.48600647,0.9182401,10
ENSG00000132549,2.4965515,2.1940174,10
ENSG00000270164_1,0.4359506,1.7565068,10
ENSG00000104804,0.20561965,0.0,10
ENSG00000011422,0.98389727,0.79591477,10
ENSG00000186806,1.2312156,0.0,10
ENSG00000120899,1.325359,1.585112,10
ENSG00000169490,2.1066895,2.3754404,10
ENSG00000178904_1,2.1996207,1.7596754,10
ENSG00000104946,2.5111103,1.8868177,10
ENSG00000164830_4,0.15468752,0.0,10
ENSG00000253619,0.0038595907,1.3326203,10
ENSG00000167613,0.16299875,0.0,10
ENSG00000010361,0.9569047,0.0,10
ENSG00000167759_1,0.47581342,0.0,10
ENSG00000187954,1.6779262,2.1611283,10
ENSG00000164754,2.2112355,1.8342363,10
ENSG00000104903_2,0.92230195,1.8242886,10
ENSG00000105229,2.21529,2.2720158,10
ENSG00000105509,0.25887355,0.0,10
ENSG00000275074,2.3147798,1.9091922,10
ENSG00000130545_1,0.6978857,1.2179837,10
ENSG00000089351_3,1.0861369,1.4493086,10
ENSG00000267107_1,0.070630506,0.0,10
ENSG00000104375,2.1537013,1.9382294,10
ENSG00000090339,2.3345833,3.522486,10
ENSG00000134830,0.21064799,0.0,10
ENSG00000105258,2.1983917,2.6031108,10
ENSG00000130382,0.38887498,0.0,10
ENSG00000181666,2.0766103,0.0,10
ENSG00000198042,2.4434576,3.0327678,10
ENSG00000156413,0.10953137,0.0,10
ENSG00000130300,0.61302274,1.1131743,10
ENSG00000130299,1.7121217,0.88982254,10
ENSG00000132017,2.1697903,2.2682362,10
ENSG00000293247,0.15659128,0.0,10
ENSG00000167904,2.5329242,2.5201964,10
ENSG00000147570,0.1265177,0.0,10
ENSG00000008853_3,0.63383263,0.0,10
ENSG00000076650,1.696386,2.0951903,10
ENSG00000167769,0.47963414,0.9367801,10
ENSG00000012124_1,1.114246,3.0301096,10
ENSG00000105576,1.7953423,0.0,10
ENSG00000160318,0.24063225,0.0,10
ENSG00000104490_1,2.0673714,2.0271988,10
ENSG00000147465,0.6111087,1.4607956,10
ENSG00000177191,0.78517073,0.0,10
ENSG00000250067,0.7391878,0.8767892,10
ENSG00000011485,2.32447,2.7917588,10
ENSG00000105376,1.2464589,1.3791023,10
ENSG00000226807,0.24145807,0.0,10
ENSG00000159871_1,0.23122467,0.0,10
ENSG00000167619,1.2973436,2.077346,10
ENSG00000283555,0.05398043,0.8433449,10
ENSG00000253868,2.0503504,0.855398,10
ENSG00000147434_1,0.4505749,1.530315,10
ENSG00000268061,2.2780914,1.9460247,10
ENSG00000105427,0.1557406,0.0,10
ENSG00000196150_1,2.0315833,1.592521,10
ENSG00000105438,1.2253908,1.3449422,10
ENSG00000147421,2.7015576,2.5096111,10
ENSG00000267673_1,0.76727563,2.3476422,10
ENSG00000174788,0.19541775,0.68481845,10
ENSG00000147364,1.7805189,0.0,10
ENSG00000147642_1,0.015909147,0.0,10
ENSG00000168300,-0.02907269,0.0,10
ENSG00000167670,2.5345693,0.0,10
ENSG00000104888,0.08463429,0.0,10
ENSG00000245910_1,0.3845462,0.0,10
ENSG00000156482,1.9376119,4.054337,10
ENSG00000164733,0.14130634,0.0,10
ENSG00000197217,2.0080905,2.3254213,10
ENSG00000156469,2.2576995,2.5115852,10
ENSG00000105355,1.8344499,0.0,10
ENSG00000130475_2,0.43555236,0.9200189,10
ENSG00000071564,2.5001154,3.2234077,10
ENSG00000131115,1.5018376,0.88618606,10
ENSG00000186529_1,0.28381303,0.6214982,10
ENSG00000186020_1,1.8089243,1.3920107,10
ENSG00000099330_1,2.1408882,1.7697501,10
ENSG00000104219,1.6566528,2.0261655,10
ENSG00000104755,-0.0012518726,0.0,10
ENSG00000092964,1.0593458,1.0443045,10
ENSG00000168081_2,1.5905287,2.490836,10
ENSG00000164924_5,1.2478722,3.2756705,10
ENSG00000099203,2.6647353,1.592887,10
ENSG00000253161_3,0.024229933,0.0,10
ENSG00000173581,1.8327674,2.276255,10
ENSG00000186230,1.8731004,2.1819608,10
ENSG00000164822,0.41133687,0.992421,10
ENSG00000180739,0.99561816,0.84331375,10
ENSG00000179943,2.2198567,2.063386,10
ENSG00000104765,2.0841918,3.1764472,10
ENSG00000286125,1.0786418,0.0,10
ENSG00000105499,1.0186383,1.623394,10
ENSG00000095066_1,2.0886126,1.6628805,10
ENSG00000178209_2,1.6351,1.5851334,10
ENSG00000175073,2.6906338,2.2589724,10
ENSG00000105767,1.4663895,1.6374197,10
ENSG00000083838_1,1.8295348,1.1490035,10
ENSG00000253408,1.534078,0.0,10
ENSG00000125648,2.0976071,3.2679598,10
ENSG00000147650_1,2.2496357,2.2631152,10
ENSG00000126259,0.9069264,0.9131036,10
ENSG00000167671,0.47564843,1.3468965,10
ENSG00000198791_1,2.301917,3.0226016,10
ENSG00000164758,1.845792,1.5943892,10
ENSG00000250571,1.9880449,1.8488078,10
ENSG00000129422_3,0.122165516,0.0,10
ENSG00000105131_1,0.8194031,1.0164065,10
ENSG00000253374,0.07808459,1.0150158,10
ENSG00000186026,1.1926144,1.6586124,10
ENSG00000147613,0.7428365,0.0,10
ENSG00000141854,1.7701255,1.9635706,10
ENSG00000168672_1,1.0141685,1.3983567,10
ENSG00000133874,1.7044746,2.4036865,10
ENSG00000253138,0.07506539,0.0,10
ENSG00000291317,1.894391,1.6354938,10
ENSG00000187550,0.2862399,1.0443045,10
ENSG00000105048_1,0.27003565,0.68477356,10
ENSG00000196109,0.16205506,0.9821355,10
ENSG00000293380,0.40766135,0.0,10
ENSG00000133275,2.33057,2.7336009,10
ENSG00000179091,2.1021056,3.1595461,10
ENSG00000248538_3,0.09180771,0.0,10
ENSG00000290427,0.03656972,0.0,10
ENSG00000291114,0.49516442,0.0,10
ENSG00000183647,1.2374641,1.785707,10
ENSG00000011478,2.555105,2.220108,10
ENSG00000090006_6,1.6383361,1.7795964,10
ENSG00000234616,2.1098733,2.2189555,10
ENSG00000253314,0.038061347,0.0,10
ENSG00000249816_1,0.034967918,0.0,10
ENSG00000249859_7,0.09344868,0.0,10
ENSG00000199652,-0.04863866,2.327179,10
ENSG00000293484,0.44615027,0.95298606,10
ENSG00000177570,2.1276748,2.5069797,10
ENSG00000137574,2.562621,2.7633755,10
ENSG00000129932_1,2.38259,0.0,10
ENSG00000105245,2.0062802,1.7034547,10
ENSG00000167460_4,0.4248198,0.0,10
ENSG00000147488_1,0.077592716,0.0,10
ENSG00000167632,0.81543565,0.7242021,10
ENSG00000185122,2.2857761,3.0450256,10
ENSG00000104738,2.1799788,3.3962743,10
ENSG00000123815_1,1.896551,2.1283863,10
ENSG00000186010,2.224326,3.1607895,10
ENSG00000176406_1,0.9381022,1.1197177,10
ENSG00000188283_1,2.1932364,1.8564208,10
ENSG00000005007,2.3313613,2.8522177,10
ENSG00000076662,0.44038334,1.1293354,10
ENSG00000104853_1,2.586399,2.7964542,10
ENSG00000104450,2.0113502,2.27591,10
ENSG00000182393,0.17297256,1.1931803,10
ENSG00000189144_1,0.7108347,0.0,10
ENSG00000198723,0.13439418,0.0,10
ENSG00000142046,0.84845966,0.8137544,10
ENSG00000089356_1,0.16334806,0.0,10
ENSG00000070718,2.367334,2.5653589,10
ENSG00000169490_1,2.5460129,2.49764,10
ENSG00000171817_1,1.671681,1.6700045,10
ENSG00000196214,1.919253,2.3956113,10
ENSG00000249816,0.065414295,0.0,10
ENSG00000104231,1.7040681,2.631049,10
ENSG00000293175,2.0746357,1.3595129,10
ENSG00000105063,1.9264202,0.0,10
ENSG00000197124,0.57992965,0.67883694,10
ENSG00000204866,0.06665076,0.0,10
ENSG00000178934,0.3702118,0.6963739,10
ENSG00000254101_2,1.0006229,0.0,10
ENSG00000176782,0.01106273,0.65421504,10
ENSG00000083844,1.8258091,2.195706,10
ENSG00000253230_3,1.21334,0.97011435,10
ENSG00000142002,0.19865425,0.8181137,10
ENSG00000187955,-0.0057037957,0.0,10
ENSG00000078579,0.29743728,0.0,10
ENSG00000147655,0.71893144,1.2332754,10
ENSG00000186579,0.07889742,0.0,10
ENSG00000229140_3,0.18982027,0.0,10
ENSG00000253408_1,2.3117886,1.671839,10
ENSG00000142227,1.1204203,0.0,10
ENSG00000167815_1,1.9405371,2.8252509,10
ENSG00000253702,0.032755505,0.0,10
ENSG00000099622,2.3103714,1.4005034,10
ENSG00000099866,2.1133668,1.1868716,10
ENSG00000105202_1,0.6470422,1.4547687,10
ENSG00000198077,0.0435878,0.0,10
ENSG00000104814,0.24745263,0.0,10
ENSG00000087903_1,1.797515,1.6654637,10
ENSG00000065989_1,0.34444678,1.2684844,10
ENSG00000154188,0.0016671382,0.0,10
ENSG00000221826,0.2310398,0.5392016,10
ENSG00000237807,0.18789633,0.0,10
ENSG00000245598,1.1484171,0.0,10
ENSG00000198464,2.243726,0.0,10
ENSG00000171903_1,0.17963076,0.0,10
ENSG00000164756,-0.025904011,0.0,10
ENSG00000104321,1.0680662,0.0,10
ENSG00000088002,0.4891213,0.0,10
ENSG00000147408_4,0.36062762,1.1668148,10
ENSG00000147789,2.1161063,1.9405464,10
ENSG00000147488,0.03511509,0.0,10
ENSG00000064666,2.3707354,3.1285188,10
ENSG00000285675,0.069903776,0.7552649,10
ENSG00000170786,0.93454087,1.0777311,10
ENSG00000286138,2.060962,1.2708232,10
ENSG00000131941,1.2870387,1.653849,10
ENSG00000196417,1.6472595,2.2219121,10
ENSG00000214456,0.8694163,1.1886191,10
ENSG00000181786,0.38499972,0.6041396,10
ENSG00000254027,1.4193498,1.3437433,10
ENSG00000205784,0.1537261,0.0,10
ENSG00000168813,1.8646026,2.3482425,10
ENSG00000253339_1,0.03526849,0.0,10
ENSG00000104522,2.1963336,2.5320904,10
ENSG00000197360,0.56978214,0.0,10
ENSG00000172081,1.5684899,0.0,10
ENSG00000126583,0.79565895,1.0391086,10
ENSG00000147596,0.55893564,0.8861522,10
ENSG00000253582,0.7024464,0.0,10
ENSG00000072062_1,2.172381,2.963755,10
ENSG00000142409,2.281835,2.4556365,10
ENSG00000053501_1,1.5873853,1.1449289,10
ENSG00000105202_2,0.36992392,2.1700857,10
ENSG00000267605,0.4663438,0.65742016,10
ENSG00000095752,0.71570075,1.0668848,10
ENSG00000126246_1,1.4304118,0.0,10
ENSG00000130813_2,1.1968584,1.1250907,10
ENSG00000147526,0.058659587,0.5433602,10
ENSG00000132561_2,-0.011058252,0.0,10
ENSG00000156413_1,0.27931747,0.0,10
ENSG00000164733_1,0.17719482,0.940068,10
ENSG00000164983,1.9249417,1.9339527,10
ENSG00000131037_1,0.95321554,1.0052835,10
ENSG00000164751_1,2.349243,2.7999501,10
ENSG00000173928,2.3995838,1.7008507,10
ENSG00000205882,-0.043396864,0.0,10
ENSG00000183154,1.6886812,0.0,10
ENSG00000254266,0.0023378283,0.0,10
ENSG00000267680,1.0602933,2.0636635,10
ENSG00000104957,1.8739725,0.0,10
ENSG00000160994,0.7428605,1.2967091,10
ENSG00000060566_1,0.34022292,0.0,10
ENSG00000105227,1.2940367,1.0705439,10
ENSG00000169398_1,-0.0077417158,0.0,10
ENSG00000253598,0.08932203,0.0,10
ENSG00000226686,0.7294009,0.0,10
ENSG00000233270,0.35927257,0.0,10
ENSG00000156011,0.029281463,0.0,10
ENSG00000169035_1,0.5238604,0.60765874,10
ENSG00000147419,2.1964002,2.8900642,10
ENSG00000008988_1,2.3761563,4.032522,10
ENSG00000188321,1.9946483,1.6687958,10
ENSG00000123146,0.33666638,1.1904157,10
ENSG00000142303,1.0584161,1.6440021,10
ENSG00000286701,0.041101906,0.0,10
ENSG00000186994,1.0630876,2.599288,10
ENSG00000170881,2.7939444,2.300465,10
ENSG00000196218,0.29303986,0.92844707,10
ENSG00000181007,1.9539582,1.658883,10
ENSG00000263002,1.773782,2.0396242,10
ENSG00000105383,0.5164708,1.8957992,10
ENSG00000169122_1,0.07591985,0.0,10
ENSG00000142549,1.0077803,1.5758227,10
ENSG00000104447,-0.053781282,0.62155324,10
ENSG00000147724_1,1.2659527,1.7264909,10
ENSG00000102575,0.42875406,0.98511195,10
ENSG00000161016,2.3385243,2.5771239,10
ENSG00000196415,0.11429381,0.70772344,10
ENSG00000152433,2.1919198,0.0,10
ENSG00000185900,2.1917133,2.383566,10
ENSG00000267265,0.2050582,1.1609784,10
ENSG00000130517,1.9327434,2.615766,10
ENSG00000187735,2.2882304,2.9881482,10
ENSG00000173281_1,1.2478958,1.0531937,10
ENSG00000173480,2.2751908,0.0,10
ENSG00000167653,1.014479,0.0,10
ENSG00000104691,2.29159,1.8488109,10
ENSG00000077782,0.056691576,0.0,10
ENSG00000167380,1.9096724,2.3037834,10
ENSG00000065268,2.041222,2.5197334,10
ENSG00000126934,0.48044345,0.0,10
ENSG00000160439,1.7165601,2.4419606,10
ENSG00000123143_1,1.9593621,0.0,10
ENSG00000279847,0.09543753,0.0,10
ENSG00000088038,2.3058474,2.7584577,10
ENSG00000125734_1,2.8309221,2.319283,10
ENSG00000063245_1,0.8709027,1.1754017,10
ENSG00000254288,0.11857264,0.8181401,10
ENSG00000164823,0.6261841,1.7453325,10
ENSG00000104921,2.377533,3.3144045,10
ENSG00000142347_1,0.73821026,0.0,10
ENSG00000076928_1,2.2826393,1.7328873,10
ENSG00000213023,0.52004594,0.0,10
ENSG00000104973,2.4077775,2.8266706,10
ENSG00000165102,2.2759614,1.9135754,10
ENSG00000252179,-0.052147303,0.0,10
ENSG00000079459,0.29750803,0.0,10
ENSG00000253105,-0.053420838,0.0,10
ENSG00000168672,0.32195064,0.0,10
ENSG00000105176_1,1.9948446,2.7802453,10
ENSG00000130725_1,2.6295888,2.6363375,10
ENSG00000104960_1,1.6449071,2.7963593,10
ENSG00000129354,0.37348863,0.0,10
ENSG00000066827_1,0.24104874,0.0,10
ENSG00000130312,0.40937757,0.0,10
ENSG00000130513,2.1757023,0.0,10
ENSG00000105287_1,2.1204157,3.0668995,10
ENSG00000185988,1.3737154,1.5768595,10
ENSG00000197256,1.8936602,1.9020993,10
ENSG00000283674,1.0371087,0.36410052,10
ENSG00000167565,1.626809,2.3882823,10
ENSG00000129691_1,1.6749507,0.0,10
ENSG00000275183,1.496419,1.3902284,10
ENSG00000188766,0.8836251,1.335177,10
ENSG00000104635,1.889744,2.2972527,10
ENSG00000007255,2.2143507,1.7668737,10
ENSG00000173581_1,1.8584379,2.3330925,10
ENSG00000283959,2.3046763,1.6298375,10
ENSG00000158856,0.8711161,1.2669134,10
ENSG00000222501,0.06703302,4.8369756,10
ENSG00000240694,1.1082081,0.9465996,10
ENSG00000152454,1.7059398,1.7445745,10
ENSG00000164808,2.1166687,2.3942835,10
ENSG00000251369,1.6196463,1.8824106,10
ENSG00000216490_1,2.4085832,3.7345414,10
ENSG00000133739,1.363618,1.9932554,10
ENSG00000179954,0.5730445,0.71883374,10
ENSG00000240403,0.37245423,0.0,10
ENSG00000205744,0.28153893,0.0,10
ENSG00000164930,1.6779474,1.3045552,10
ENSG00000125503,2.1715057,2.2209184,10
ENSG00000268500,0.8968631,0.0,10
ENSG00000147601,2.0856516,2.6777356,10
ENSG00000124469,0.21427675,0.4479081,10
ENSG00000184428_1,1.107483,0.9200189,10
ENSG00000130193,2.3068619,2.4868977,10
ENSG00000171049,0.027094115,0.0,10
ENSG00000184489,2.1236653,2.0753133,10
ENSG00000267855,2.3300166,3.3099663,10
ENSG00000095066_2,2.3003862,2.2025428,10
ENSG00000168546,0.3094376,1.3831688,10
ENSG00000204839,1.813141,1.5595475,10
ENSG00000167384,2.2623048,2.2560558,10
ENSG00000147416,2.130754,2.714495,10
ENSG00000130311,2.2865434,2.9025755,10
ENSG00000277494,0.56946087,0.0,10
ENSG00000126247,2.419963,3.1139867,10
ENSG00000166289,2.0770586,2.125224,10
ENSG00000268895,1.8595945,0.0,10
ENSG00000168487,1.5436522,1.537038,10
ENSG00000183850_1,0.90965116,1.1109599,10
ENSG00000160957,2.0431046,1.6911346,10
ENSG00000140396_1,2.1736662,2.1881688,10
ENSG00000104408_1,1.8472861,1.4010575,10
ENSG00000179388,1.6798314,2.6589725,10
ENSG00000161082_1,0.98601824,0.9529715,10
ENSG00000165392,1.3039881,2.5867076,10
ENSG00000228801,2.3245997,1.8185163,10
ENSG00000104812,2.102796,2.6050107,10
ENSG00000290829,1.0894359,0.85144794,10
ENSG00000267277,2.6885574,1.8119167,10
ENSG00000105321_1,1.2375723,0.0,10
ENSG00000147432,0.0822933,0.0,10
ENSG00000079313_1,2.4372048,2.2879987,10
ENSG00000179698_1,1.5512978,1.6604575,10
ENSG00000253168,0.07180761,0.0,10
ENSG00000152475,2.2755952,1.5822906,10
ENSG00000095932,0.31997636,0.0,10
ENSG00000156802,2.538627,2.9859562,10
ENSG00000268595,0.60043037,1.0975349,10
ENSG00000172817,1.7997464,2.5854495,10
ENSG00000178719_3,0.36515483,1.7745754,10
ENSG00000156170_1,2.3706088,2.2143352,10
ENSG00000204941,0.10665579,0.0,10
ENSG00000131401,1.4266508,3.3604817,10
ENSG00000130529,0.76419395,1.0378327,10
ENSG00000105483_2,1.4144834,2.5116053,10
ENSG00000164687,1.9831868,3.8423314,10
ENSG00000160117_1,1.557141,2.1759408,10
ENSG00000029534_3,0.86652815,1.3645698,10
ENSG00000104343,1.8085338,2.2575874,10
ENSG00000133731,2.1014986,2.8458035,10
ENSG00000096996_1,2.2121305,1.9056464,10
ENSG00000130402,2.3420289,3.1424582,10
ENSG00000126243,0.28490016,0.0,10
ENSG00000254254,0.08258934,0.0,10
ENSG00000090006_5,1.1231016,1.1658672,10
ENSG00000130299_2,2.124933,2.1674297,10
ENSG00000078668,2.5442955,3.1441631,10
ENSG00000233493,1.9939066,2.2272182,10
ENSG00000279300,0.15054953,0.0,10
ENSG00000127540,2.0901153,3.2777283,10
ENSG00000125746_4,1.1786902,0.0,10
ENSG00000167785,1.6589726,1.2333008,10
ENSG00000076641,1.8905526,2.3526127,10
ENSG00000130725,2.6268759,2.628348,10
ENSG00000249115,2.1456256,0.0,10
ENSG00000132004,2.0563626,1.9282781,10
ENSG00000028277_1,1.4828156,2.119589,10
ENSG00000079102_1,0.3870059,0.8494194,10
ENSG00000120896_5,0.81705636,1.2137568,10
ENSG00000167654,0.60479563,1.4548448,10
ENSG00000180855,1.7952679,2.101283,10
ENSG00000083812,1.8405116,1.9279295,10
ENSG00000064961_1,2.1538548,2.048605,10
ENSG00000170323,-0.06619096,0.0,10
ENSG00000130810,2.4691668,0.0,10
ENSG00000197140,0.61636955,0.0,10
ENSG00000292997,0.064437404,3.1001775,10
ENSG00000130818,1.6472715,1.7076179,10
ENSG00000104824,2.8717546,3.7588446,10
ENSG00000104313,0.01970886,0.0,10
ENSG00000104375_2,0.7270582,0.0,10
ENSG00000160949,2.023857,2.3051965,10
ENSG00000187955_1,0.5967539,0.0,10
ENSG00000133742,-0.048212837,0.0,10
ENSG00000214248,2.1495175,1.2249835,10
ENSG00000063177,0.2914528,0.0,10
ENSG00000268038,0.48950765,0.0,10
ENSG00000283567,0.3726668,0.0,10
ENSG00000006015,2.3141935,2.2732096,10
ENSG00000133275_1,1.83033,1.2945764,10
ENSG00000046889,1.1224414,1.6733527,10
ENSG00000248538_2,0.2924272,0.0,10
ENSG00000008513,0.20061027,0.94333124,10
ENSG00000105419,0.96716005,1.2030873,10
ENSG00000104946_1,1.9739367,0.0,10
ENSG00000120899_2,1.7691569,2.8402748,10
ENSG00000161249_3,0.25015953,1.0929661,10
ENSG00000248538,1.3226696,0.0,10
ENSG00000141867,0.31572133,0.0,10
ENSG00000070756,0.31035006,0.0,10
ENSG00000129351,2.4604473,3.4559877,10
ENSG00000004777,1.8919796,1.8424976,10
ENSG00000099338,1.8846654,0.0,10
ENSG00000205922,1.4677869,1.928447,10
ENSG00000254402,1.252647,1.1609784,10
ENSG00000099840,2.1842132,2.248929,10
ENSG00000245680,0.5920389,0.0,10
ENSG00000197372,2.1940148,0.0,10
ENSG00000104774_1,1.7530892,3.0373907,10
ENSG00000142530_1,2.1040502,2.8053174,10
ENSG00000184672,0.5445445,0.0,10
ENSG00000142552,0.436339,0.914819,10
ENSG00000204949,0.2700095,0.0,10
ENSG00000105576_3,1.3036846,2.7383509,10
ENSG00000077463,2.060113,2.4272182,10
ENSG00000253154,-0.01802003,0.0,10
ENSG00000267796,1.5065002,2.0643082,10
ENSG00000132002,2.4105096,2.4281235,10
ENSG00000213999_1,2.2635322,2.2727232,10
ENSG00000178287,0.08799195,0.0,10
ENSG00000153310_1,1.9340309,2.2698958,10
ENSG00000178078,0.39185527,1.6835027,10
ENSG00000171574,1.8241352,1.5034639,10
ENSG00000104760,-0.06619167,0.0,10
ENSG00000167483,1.103809,0.0,10
ENSG00000142405,0.28043243,0.0,10
ENSG00000105550,0.16375516,0.0,10
ENSG00000174951,1.1786984,0.0,10
ENSG00000283103,1.722735,1.9726517,10
ENSG00000070501,1.8222003,2.3940153,10
ENSG00000104419,0.15783857,0.0,10
ENSG00000172270_1,2.4287248,3.431838,10
ENSG00000172733,1.6187563,1.901747,10
ENSG00000099785_1,0.21841665,1.1229692,10
ENSG00000245281,2.1411438,0.0,10
ENSG00000147536,2.1770992,0.0,10
ENSG00000130734,2.0465775,2.157481,10
ENSG00000090006_2,0.37777352,0.8843138,10
ENSG00000168661,1.1323423,1.5520717,10
ENSG00000105131,0.8235015,1.7976483,10
ENSG00000167601,0.3177155,0.84342587,10
ENSG00000179526_2,1.0405635,0.0,10
ENSG00000167470_1,2.2198842,2.8124661,10
ENSG00000171469,2.3925242,2.277609,10
ENSG00000253741,2.1167858,1.2729734,10
ENSG00000121005_2,-0.08138578,0.6414939,10
ENSG00000172172_1,1.088065,3.210519,10
ENSG00000152467,1.0818572,1.1009216,10
ENSG00000120913_1,1.407689,1.7186594,10
ENSG00000188868,1.93338,2.0497837,10
ENSG00000147475,2.2550714,2.3327796,10
ENSG00000179832_1,0.79725236,0.0,10
ENSG00000147457_1,2.369333,2.0614412,10
ENSG00000104320_1,2.3100538,1.6308345,10
ENSG00000147509,2.017967,1.1009216,10
ENSG00000077782_3,1.3402814,1.943638,10
ENSG00000147649_1,-3.7442893e-05,0.0,10
ENSG00000291049,2.1151223,1.6835604,10
ENSG00000181588,1.7065523,2.1222813,10
ENSG00000104237,0.2359076,0.0,10
ENSG00000105643,2.104508,1.9533731,10
ENSG00000105143_1,0.94133645,1.624086,10
ENSG00000141837,1.3274833,0.87297165,10
ENSG00000104907,2.0293684,2.4719515,10
ENSG00000180884,1.6475638,1.5328817,10
ENSG00000105397,0.78491515,1.469925,10
ENSG00000188283,1.6464874,1.8576038,10
ENSG00000171747,0.3223118,1.408469,10
ENSG00000142515,0.35006902,0.6511132,10
ENSG00000130758,2.095323,1.5735446,10
ENSG00000104872_1,2.8393269,2.3998468,10
ENSG00000064932_2,0.42188692,0.8093509,10
ENSG00000141971_1,2.4896917,1.2880837,10
ENSG00000136986,0.1279826,0.0,10
ENSG00000105642_1,0.9757909,1.4953222,10
ENSG00000290606,0.027342726,0.0,10
ENSG00000168522_1,2.4751115,2.1676717,10
ENSG00000219665,1.946549,0.0,10
ENSG00000167459,0.15369782,0.0,10
ENSG00000185453,2.2061226,1.4940432,10
ENSG00000035681_2,2.3790197,2.367654,10
ENSG00000099812,0.3726931,0.86338234,10
ENSG00000253210,2.0717628,1.4995221,10
ENSG00000105281_1,1.5128176,0.0,10
ENSG00000129696,1.2912514,2.2539604,10
ENSG00000221923,1.4542023,2.2518766,10
ENSG00000130513_2,0.40061334,2.2735777,10
ENSG00000267191,0.82488316,1.2952812,10
ENSG00000197332,1.381777,1.1449476,10
ENSG00000141971_2,2.3598633,2.1652029,10
ENSG00000171295,1.9239358,1.622442,10
ENSG00000141905_3,0.27983442,0.0,10
ENSG00000080573,0.5992157,1.5222225,10
ENSG00000161551,0.29730025,1.3601767,10
ENSG00000164683_1,1.629352,1.9407157,10
ENSG00000182472_1,1.3294382,1.3657687,10
ENSG00000167685_1,0.7340653,0.0,10
ENSG00000119574,2.474246,2.4537601,10
ENSG00000261526,2.1966813,2.0140374,10
ENSG00000168575_4,2.276598,2.777963,10
ENSG00000160161,0.55442065,1.6785092,10
ENSG00000205517_1,0.60925263,1.1031878,10
ENSG00000115266,0.8823819,1.2350231,10
ENSG00000129990_1,0.67371833,1.0232112,10
ENSG00000267467,0.35583124,0.0,10
ENSG00000126261,2.1309314,3.2817717,10
ENSG00000147606,0.30556944,0.0,10
ENSG00000187912,1.3205107,0.0,10
ENSG00000248801,0.32340214,1.0067014,10
ENSG00000176956_1,0.9550429,1.3143518,10
ENSG00000165046,0.50754577,1.9995568,10
ENSG00000205396,0.34755072,0.0,10
ENSG00000221914_2,0.43625352,0.0,10
ENSG00000179751,1.1117831,1.2945764,10
ENSG00000267383,0.9843984,0.0,10
ENSG00000185053,0.07478282,0.34519723,10
ENSG00000156735_1,0.07118456,0.0,10
ENSG00000179913,0.57960194,1.2206049,10
ENSG00000083807_1,0.7766335,1.229221,10
ENSG00000216490,1.2002167,1.7169794,10
ENSG00000253593,0.0450239,0.5747834,10
ENSG00000141905,1.5576028,1.9221627,10
ENSG00000147687,1.1333375,0.0,10
ENSG00000147586_2,2.3537836,2.7372086,10
ENSG00000158856_1,0.1484542,0.6348801,10
ENSG00000213339,1.7723361,2.3330703,10
ENSG00000196263,0.91945857,1.3907338,10
ENSG00000105771,2.7930567,2.8046913,10
ENSG00000214049,0.072234645,0.8916824,10
ENSG00000068903,2.3739834,2.5293367,10
ENSG00000130227_1,-0.0014894493,0.0,10
ENSG00000261949,0.1148137,0.0,10
ENSG00000080511,0.28602698,0.0,10
ENSG00000105649,2.1888638,2.3197637,10
ENSG00000130175_1,0.5121905,1.0094806,10
ENSG00000167749,0.6462463,0.0,10
ENSG00000104290,2.134893,2.255393,10
ENSG00000254377_4,0.6008491,0.7819707,10
ENSG00000105612,1.6600317,2.574692,10
ENSG00000253230_2,0.75190526,1.2938265,10
ENSG00000255491_1,0.23852973,0.0,10
ENSG00000099866_1,0.8621652,0.88245624,10
ENSG00000126267,1.5257574,3.7442617,10
ENSG00000249859_1,0.81703335,1.7590027,10
ENSG00000105647,2.4179137,2.5337758,10
ENSG00000267339,0.21583994,0.0,10
ENSG00000133265_1,1.5731715,2.7568932,10
ENSG00000012061,1.9268005,0.0,10
ENSG00000161265_1,2.4996834,2.0887632,10
ENSG00000129422_1,0.12315197,0.0,10
ENSG00000104953,1.7855061,1.8702575,10
ENSG00000155100,2.3269424,2.5568137,10
ENSG00000214050,0.7159017,0.0,10
ENSG00000104332,1.1848234,1.6341043,10
ENSG00000167460_2,2.5931308,3.724493,10
ENSG00000104419_4,1.9225954,2.0431342,10
ENSG00000164823_1,2.4499938,2.82069,10
ENSG00000104880_1,2.1298358,2.1838646,10
ENSG00000198258,1.9552444,3.0157118,10
ENSG00000173273,2.0034962,2.2714188,10
ENSG00000183207,1.9555641,2.870505,10
ENSG00000164830_3,1.993909,1.8381687,10
ENSG00000269392,0.8751848,0.0,10
ENSG00000197841,2.1817174,1.7123466,10
ENSG00000196967,0.99635917,0.0,10
ENSG00000104756,1.951491,1.9835857,10
ENSG00000178150_1,1.3744856,0.9880727,10
ENSG00000285744,1.7953304,0.0,10
ENSG00000174586,2.1745682,1.7003316,10
ENSG00000104903,1.3196961,0.0,10
ENSG00000266904,1.9711736,1.5026592,10
ENSG00000104918,0.35156676,1.1469958,10
ENSG00000105063_1,2.2257204,2.8515825,10
ENSG00000087086,1.7552514,4.1823406,10
ENSG00000176566,0.31486493,0.82026714,10
ENSG00000105219,0.045239646,1.1109935,10
ENSG00000267879,0.22102465,0.8494194,10
ENSG00000258405_1,0.74890465,1.0800996,10
ENSG00000213096_1,1.7604848,0.0,10
ENSG00000186111,1.8326031,2.4042177,10
ENSG00000159167,1.0343456,2.3371816,10
ENSG00000104427,2.11002,2.3379662,10
ENSG00000197405,0.2893506,1.4890158,10
ENSG00000221914_1,1.189622,1.0812752,10
ENSG00000198482_1,2.2148128,1.875206,10
ENSG00000105393,2.1833372,0.0,10
ENSG00000142546_1,1.8184999,2.5817244,10
ENSG00000177045,1.950159,1.7736402,10
ENSG00000290722,0.019133348,0.0,10
ENSG00000171827_1,0.9793251,0.0,10
ENSG00000198816,1.359249,1.6140953,10
ENSG00000008441,1.7347193,2.371991,10
ENSG00000160460_1,1.2313178,1.2798266,10
ENSG00000176396,1.8726784,2.1115785,10
ENSG00000089639,2.2847497,2.5583017,10
ENSG00000253658,-0.0042191856,0.0,10
ENSG00000105619_1,2.3281198,2.2902572,10
ENSG00000064545,0.5452976,2.2251775,10
ENSG00000197892_1,1.8992814,2.3405473,10
ENSG00000104870_1,0.88080376,1.2575825,10
ENSG00000105755,0.83447427,0.0,10
ENSG00000215114,2.0342941,0.0,10
ENSG00000126233,0.53639007,0.0,10
ENSG00000164741,1.121285,1.3411574,10
ENSG00000142544,2.0374615,2.1991599,10
ENSG00000173137,2.0703049,0.0,10
ENSG00000105223_1,0.79139555,0.0,10
ENSG00000173530,1.5727254,2.5742025,10
ENSG00000253161_2,0.082779676,0.0,10
ENSG00000182310_1,2.0390337,1.0997945,10
ENSG00000132000_1,0.8294268,0.6214463,10
ENSG00000253729_1,-0.005183894,0.0,10
ENSG00000158815,0.2237462,0.9400979,10
ENSG00000261150,1.2820072,1.118645,10
ENSG00000142556,2.0638113,1.7660706,10
ENSG00000077312,2.7827053,0.0,10
ENSG00000134014,0.027263064,0.0,10
ENSG00000253301,0.8524344,0.0,10
ENSG00000160410_2,0.30867234,0.0,10
ENSG00000105227_2,0.27013275,0.0,10
ENSG00000104660_1,2.134464,1.0836459,10
ENSG00000284638,0.55553776,0.0,10
ENSG00000127663,2.2049742,2.6229959,10
ENSG00000171044,2.1665606,1.958946,10
ENSG00000160439_1,0.17156361,0.9530006,10
ENSG00000105202,0.025898982,0.0,10
ENSG00000121005_1,0.9425796,0.8137744,10
ENSG00000130167,0.15097585,0.5785934,10
ENSG00000269954,1.226632,1.1408222,10
ENSG00000197020,2.110817,2.474123,10
ENSG00000253138_2,0.043025676,0.0,10
ENSG00000105219_1,0.48123273,1.6367687,10
ENSG00000269416,0.3456733,1.1303982,10
ENSG00000003989,1.2898241,1.4405313,10
ENSG00000201782,0.14842889,0.0,10
ENSG00000243772,0.32420322,0.0,10
ENSG00000125657,2.6008835,3.0709684,10
ENSG00000071626,2.5093732,2.2681637,10
ENSG00000164951,1.8001096,1.3564657,10
ENSG00000170892_1,2.456135,1.6526524,10
ENSG00000167751,0.25100997,0.0,10
ENSG00000196466,1.261273,2.0407486,10
ENSG00000087903_2,2.3942318,1.825984,10
ENSG00000213889,1.02889,1.1812546,10
ENSG00000105583,1.8934709,2.708274,10
ENSG00000253438_1,0.00016306713,0.0,10
ENSG00000130283,1.4988478,2.5834255,10
ENSG00000221914,2.14666,2.9209368,10
ENSG00000083807,1.8596436,2.1068807,10
ENSG00000128000,1.7480319,2.2616792,10
ENSG00000089847_1,0.890039,0.0,10
ENSG00000117877,1.3374428,2.2419548,10
ENSG00000169136,2.421559,3.8643153,10
ENSG00000087903,0.32777897,0.7425445,10
ENSG00000120896_6,1.388842,1.4562597,10
ENSG00000105409,1.2606945,0.0,10
ENSG00000213967,1.3214673,1.8589821,10
ENSG00000291130,1.0206577,1.7468443,10
ENSG00000157110,1.2893268,1.3494718,10
ENSG00000167658_1,2.391214,4.29064,10
ENSG00000120875,2.0286117,3.2067423,10
ENSG00000130748,1.9430825,2.337968,10
ENSG00000160321,0.40037534,0.0,10
ENSG00000175324,2.2466707,2.781116,10
ENSG00000180190_1,0.8971948,0.0,10
ENSG00000185728,2.4796839,2.7993999,10
ENSG00000169515,0.7588213,1.1669095,10
ENSG00000129354_1,0.9792784,0.7502306,10
ENSG00000161618,2.5567112,2.4377189,10
ENSG00000165061,0.41278014,1.1417413,10
ENSG00000167459_1,0.055864047,0.0,10
ENSG00000104447_1,0.9280253,0.0,10
ENSG00000167460,0.2820206,0.0,10
ENSG00000182318,2.1949391,2.2918127,10
ENSG00000021488,0.13020636,0.0,10
ENSG00000125746_2,0.9496117,1.3109481,10
ENSG00000291086,2.5515163,2.077037,10
ENSG00000196150,2.3123603,2.1738474,10
ENSG00000131849,1.7756099,1.1923165,10
ENSG00000290812,1.2605534,0.7981415,10
ENSG00000105679,0.7895284,1.0232112,10
ENSG00000253958,1.6027406,0.8805278,10
ENSG00000253704,2.17727,1.6452965,10
ENSG00000023287,2.2647028,2.1009355,10
ENSG00000201231,-0.03815538,0.0,10
ENSG00000011132,2.0665631,2.1377306,10
ENSG00000268964,0.0506215,0.0,10
ENSG00000007129,1.1259664,2.5076265,10
ENSG00000169169,0.36821726,0.0,10
ENSG00000251136_1,1.5237001,1.6959804,10
ENSG00000178719_1,0.4437233,2.0577042,10
ENSG00000198521,1.3931553,1.4739101,10
ENSG00000104774,0.46459433,0.851454,10
ENSG00000104221,1.579227,2.2765653,10
ENSG00000160352,1.4648257,0.0,10
ENSG00000196757,2.6766987,2.2559788,10
ENSG00000181240,0.262034,0.0,10
ENSG00000158941_1,2.1893473,1.9822487,10
ENSG00000254024,0.15789743,1.2180626,10
ENSG00000197937,1.0015348,0.0,10
ENSG00000105699,1.8499173,2.3493202,10
ENSG00000036448,0.27833924,0.93841964,10
ENSG00000136999,0.80936635,1.8870093,10
ENSG00000204604,1.2614003,2.3636966,10
ENSG00000099821,1.9496175,2.074608,10
ENSG00000130254,2.496719,2.899185,10
ENSG00000105479,0.5141844,0.707766,10
ENSG00000123154,1.900371,0.0,10
ENSG00000127507,0.62063175,1.4488454,10
ENSG00000170873,-0.026190903,0.5632912,10
ENSG00000197863_1,1.0934743,1.6903201,10
ENSG00000243207,2.6402488,2.675595,10
ENSG00000105640,2.5071921,4.295052,10
ENSG00000105655,1.117276,1.5712545,10
ENSG00000123143_2,1.1164045,0.0,10
ENSG00000261667,0.45491967,0.8880109,10
ENSG00000167604,2.1514606,0.0,10
ENSG00000104517,2.5314689,2.950579,10
ENSG00000105607,1.9765409,2.6417477,10
ENSG00000081665,2.2410872,0.0,10
ENSG00000179832,2.1822562,2.0079226,10
ENSG00000177045_1,1.6994005,1.6757417,10
ENSG00000243130,0.13452287,0.0,10
ENSG00000160014,2.6223907,3.616321,10
ENSG00000179218,2.3543696,4.1576443,10
ENSG00000253661,0.10489814,0.6479333,10
ENSG00000123146_1,1.9371979,3.2208922,10
ENSG00000175221,2.16956,2.501444,10
ENSG00000063245,2.3690948,2.4399638,10
ENSG00000167468,2.479628,3.7622447,10
ENSG00000126254,2.397109,2.6273627,10
ENSG00000051128,0.22438832,0.76275355,10
ENSG00000186326,1.2610556,1.3908116,10
ENSG00000285982,0.37002984,1.6554458,10
ENSG00000130669_1,0.3898523,0.0,10
ENSG00000249859_4,0.2915572,1.227321,10
ENSG00000105339,2.2751813,2.6125147,10
ENSG00000167595,2.36991,2.2628376,10
ENSG00000171649,1.408595,0.0,10
ENSG00000155970,1.3036431,1.4022614,10
ENSG00000174652,2.1858006,2.4576504,10
ENSG00000129991_1,0.3903458,0.50048345,10
ENSG00000130475,1.9188296,1.9774767,10
ENSG00000104960_2,2.090097,2.3062942,10
ENSG00000104723,1.1676809,1.4719368,10
ENSG00000090372,2.0528035,2.5126045,10
ENSG00000090674,1.6613561,1.8350389,10
ENSG00000104755_1,0.29167685,0.0,10
ENSG00000168575_3,2.2862585,2.7970104,10
ENSG00000213023_1,1.3060247,1.9617552,10
ENSG00000090554,1.2329308,1.8909014,10
ENSG00000166359,0.9060171,0.79130036,10
ENSG00000179913_1,0.8351968,0.0,10
ENSG00000197928,0.42646068,1.0245514,10
ENSG00000254101_1,0.021431822,0.0,10
ENSG00000186529,0.2251543,0.0,10
ENSG00000105376_1,1.1514603,1.278342,10
ENSG00000187187,2.3128316,0.0,10
ENSG00000166770,0.81453174,1.0619423,10
ENSG00000121022_1,2.1091537,3.0277612,10
ENSG00000185697_1,0.7970078,0.8534853,10
ENSG00000257446,1.2716453,1.9132097,10
ENSG00000063244_1,2.6798682,2.5744364,10
ENSG00000099860,2.4235973,3.270595,10
ENSG00000125656,2.101523,2.7981532,10
ENSG00000275901,0.16446659,0.0,10
ENSG00000130227,2.1688876,2.435588,10
ENSG00000105325,2.3631268,1.5982542,10
ENSG00000147642_3,0.8988756,1.458819,10
ENSG00000283959_1,2.085429,0.0,10
ENSG00000188039_1,0.5397199,1.0391364,10
ENSG00000132002_1,2.2751968,0.0,10
ENSG00000124449,0.28632674,0.0,10
ENSG00000099864_1,1.3771044,1.6068219,10
ENSG00000160973,0.41632897,0.81153476,10
ENSG00000187840,2.1714778,2.4797537,10
ENSG00000070423,2.17593,2.76636,10
ENSG00000147813,1.9539675,2.305676,10
ENSG00000104826,0.18097708,0.0,10
ENSG00000099326,2.6609519,1.6075836,10
ENSG00000221947,1.8062629,0.0,10
ENSG00000104825,2.4349678,2.7963037,10
ENSG00000254092,0.34312364,0.0,10
ENSG00000161640,0.33217272,0.0,10
ENSG00000022556,0.3964429,0.0,10
ENSG00000187474,0.09544523,0.0,10
ENSG00000196357,1.3573567,1.4962237,10
ENSG00000130244,2.0911286,2.0389378,10
ENSG00000267107,0.14665361,0.0,10
ENSG00000169398_2,-0.045304876,0.55928767,10
ENSG00000069206,-0.033731353,0.0,10
ENSG00000178209_1,1.3178328,1.0081315,10
ENSG00000156787,1.8920574,2.1055613,10
ENSG00000132000,0.5237914,0.5350788,10
ENSG00000205155,1.8431008,0.0,10
ENSG00000076984,2.5120173,2.5263884,10
ENSG00000104825_1,2.3200788,2.6828027,10
ENSG00000130844,1.8426872,1.6387378,10
ENSG00000244165,1.1531869,0.0,10
ENSG00000125741_1,0.4567239,1.3682572,10
ENSG00000104833,0.8814731,0.7425759,10
ENSG00000147654,2.3404148,2.4523997,10
ENSG00000213020,1.8591833,2.3252242,10
ENSG00000288041,0.015848134,0.0,10
ENSG00000198169,2.279375,1.794258,10
ENSG00000284491,1.960874,1.5282815,10
ENSG00000171291,1.2738858,0.0,10
ENSG00000104980,2.2608798,2.8976617,10
ENSG00000161847,2.2728677,3.0395806,10
ENSG00000105221,0.30724,1.0123014,10
ENSG00000266976,0.098291114,2.105609,10
ENSG00000168081,0.15909125,0.0,10
ENSG00000188293,0.19827531,0.0,10
ENSG00000108107_1,2.0861435,2.596817,10
ENSG00000165078,0.2785726,1.1197275,10
ENSG00000105248,2.718353,2.6195545,10
ENSG00000105388,0.057860885,0.0,10
ENSG00000074842,1.6730922,2.9135056,10
ENSG00000133243_1,0.23656167,0.0,10
ENSG00000277531,0.8298695,0.9024924,10
ENSG00000182372_1,1.8323697,1.6656841,10
ENSG00000265817,1.0447263,2.5968542,10
ENSG00000130175,2.0490015,3.3440835,10
ENSG00000196337,0.49536428,0.90605474,10
ENSG00000167378,1.9377538,0.0,10
ENSG00000099875_1,2.3989697,3.855679,10
ENSG00000104213,0.9206755,0.95455605,10
ENSG00000130755,1.9219961,2.5786438,10
ENSG00000008513_2,1.9561175,1.7582228,10
ENSG00000076928,2.328928,2.5750065,10
ENSG00000133863,0.39888677,0.0,10
ENSG00000121410,1.6413828,1.7219424,10
ENSG00000283108,0.40779224,0.6667613,10
ENSG00000286798,-0.04944512,0.0,10
ENSG00000105397_2,2.0300593,2.8134089,10
ENSG00000196724,1.2741519,1.0417242,10
ENSG00000186106,2.2325897,2.5515232,10
ENSG00000089351_1,2.2766335,2.5461328,10
ENSG00000118046,2.2814105,2.3681753,10
ENSG00000167755_1,0.12510403,0.0,10
ENSG00000104432,0.943883,0.0,10
ENSG00000198633,0.28071404,0.0,10
ENSG00000014164,2.176751,2.1408975,10
ENSG00000198466,1.5272552,2.0046954,10
ENSG00000086967,0.26549533,1.4005708,10
ENSG00000207166,0.42033738,0.0,10
ENSG00000172006_1,1.3246452,1.3507015,10
ENSG00000147676,1.3177426,1.9246927,10
ENSG00000283632,0.31444195,0.74770695,10
ENSG00000075702,2.333881,2.3546827,10
ENSG00000105402_2,2.5975654,2.9007516,10
ENSG00000179168,0.45570996,0.88058496,10
ENSG00000178209_3,2.0968437,2.0510135,10
ENSG00000187556,0.26281616,0.0,10
ENSG00000008853,0.11964457,0.0,10
ENSG00000164796_1,0.27444932,0.0,10
ENSG00000132024,1.981661,2.3790643,10
ENSG00000268081,0.1720173,1.0952531,10
ENSG00000178531,1.359674,1.7626486,10
ENSG00000105605,1.0701588,1.4296069,10
ENSG00000196235,2.3126278,0.0,10
ENSG00000178685,1.5131575,2.4908752,10
ENSG00000011422_1,0.93181294,1.9685483,10
ENSG00000133247,2.351662,2.2223263,10
ENSG00000167757,0.6559983,1.3589622,10
ENSG00000184635,1.8360232,1.972499,10
ENSG00000105497,0.7564478,0.0,10
ENSG00000099308_1,1.7402358,1.5395151,10
ENSG00000105701,2.0946448,3.094583,10
ENSG00000156006,-0.038908567,0.0,10
ENSG00000142065,1.9681934,1.771425,10
ENSG00000167664,0.16100731,0.0,10
ENSG00000147669,1.7180377,3.273344,10
ENSG00000184672_3,-0.029811855,0.0,10
ENSG00000012232_1,2.1126559,2.2279844,10
ENSG00000142530,1.9449741,0.9996307,10
ENSG00000105398,-0.027251441,0.0,10
ENSG00000268095,0.14989106,0.0,10
ENSG00000065000,2.567201,2.8548112,10
ENSG00000261678,1.3008751,1.2197417,10
ENSG00000245080,1.2883013,0.93841964,10
ENSG00000130513_1,0.27059534,0.69064784,10
ENSG00000267508,0.04203939,0.0,10
ENSG00000124444_1,2.534729,2.2161343,10
ENSG00000063244,2.758864,2.3408267,10
ENSG00000042753_1,0.43218604,0.0,10
ENSG00000142512,1.6998678,0.0,10
ENSG00000198453,1.7561685,0.0,10
ENSG00000124467,0.3048066,0.0,10
ENSG00000133250,2.5004172,2.4237208,10
ENSG00000105136,1.7700044,0.0,10
ENSG00000104218,2.0093994,2.3523831,10
ENSG00000104936_1,0.5683653,1.0557222,10
ENSG00000037757,1.6426352,2.4211102,10
ENSG00000104938,0.0788801,0.58232474,10
ENSG00000197181,0.5975224,1.0245677,10
ENSG00000289906,0.04060817,0.0,10
ENSG00000164741_1,0.5070108,1.0299152,10
ENSG00000182566,0.20218147,0.0,10
ENSG00000104976,2.0343494,2.6595454,10
ENSG00000105364_1,2.5125206,3.3118873,10
ENSG00000096996,0.67396134,2.0510328,10
ENSG00000158856_4,0.13233176,0.0,10
ENSG00000104897,2.4080656,0.0,10
ENSG00000164830,1.4729795,1.592521,10
ENSG00000105669,2.6294537,3.263108,10
ENSG00000204611,1.659816,0.0,10
ENSG00000183401_1,2.3940778,1.9303019,10
ENSG00000267100,1.7238537,2.1005015,10
ENSG00000176406_2,0.008252803,0.80265063,10
ENSG00000269858,2.3584168,2.471714,10
ENSG00000270164,0.118492186,0.0,10
ENSG00000254367,0.5502762,0.0,10
ENSG00000127616_1,2.2128005,1.7291648,10
ENSG00000108107,2.2917674,4.532539,10
ENSG00000129422,0.20716222,0.0,10
ENSG00000131126,0.26723608,0.0,10
ENSG00000169122,1.0183924,1.4034637,10
ENSG00000186567_1,0.1822557,0.7795965,10
ENSG00000198346,0.38095427,0.0,10
ENSG00000186583_1,0.8259416,1.2715327,10
ENSG00000147443,2.1176915,0.0,10
ENSG00000083307_1,0.3050894,0.0,10
ENSG00000198551_1,2.0290272,1.8541845,10
ENSG00000062370,0.10060565,0.9060655,10
ENSG00000099795,2.0586123,3.0523553,10
ENSG00000214046,2.2688613,0.0,10
ENSG00000250305,0.7003086,1.6844863,10
ENSG00000205517,0.73532367,0.687734,10
ENSG00000253972,-0.07339625,0.0,10
ENSG00000168078,1.7440873,2.8126488,10
ENSG00000170909,0.11055341,0.8071628,10
ENSG00000141837_2,1.2440765,1.5521326,10
ENSG00000080031,0.28612626,0.0,10
ENSG00000127528,1.7110001,1.9516871,10
ENSG00000160410,1.5625042,2.9320383,10
ENSG00000040341_1,2.0259988,2.8198175,10
ENSG00000099804_1,0.39245322,0.0,10
ENSG00000104695,1.976384,2.1178014,10
ENSG00000130812,2.229485,1.4931093,10
ENSG00000156675,1.9121454,2.614239,10
ENSG00000167460_3,2.3985224,1.3743451,10
ENSG00000129422_2,0.08872783,0.0,10
ENSG00000104325,2.0488617,3.0645478,10
ENSG00000198182,0.33635226,0.0,10
ENSG00000077312_1,2.2557566,3.6589925,10
ENSG00000104979_1,2.2166448,0.0,10
ENSG00000225950,0.6811303,0.0,10
ENSG00000105662,1.9405187,1.8492228,10
ENSG00000130812_1,3.0326514,1.7283537,10
ENSG00000181894,1.6238967,1.8135142,10
ENSG00000104267,1.2350101,1.3184807,10
ENSG00000166398,1.9011585,2.040634,10
ENSG00000137573_3,-0.006515119,0.0,10
ENSG00000234616_1,0.49615428,0.67582417,10
ENSG00000147642,-0.00395618,0.0,10
ENSG00000164938,2.1695466,2.157807,10
ENSG00000164924,1.4965938,1.5283381,10
ENSG00000147526_1,1.380794,1.8026028,10
ENSG00000197265_1,2.5033603,2.9743598,10
ENSG00000189430,0.34635574,1.0871422,10
ENSG00000269289,-0.003253553,0.0,10
ENSG00000126934_1,2.2598581,3.2166197,10
ENSG00000182307,2.1756845,2.6523712,10
ENSG00000253230_1,0.7001129,1.2144464,10
ENSG00000178093,0.9369146,0.83307695,10
ENSG00000171804,1.2882621,0.0,10
ENSG00000090554_1,0.9764083,1.071698,10
ENSG00000134020,0.24114962,0.0,10
ENSG00000255364,-0.06975652,0.0,10
ENSG00000039987,0.27551213,0.0,10
ENSG00000105204_1,1.7270306,1.6110932,10
ENSG00000126458,2.3415983,1.8595766,10
ENSG00000105357,0.20145486,0.0,10
ENSG00000253190,2.0446591,1.4401217,10
ENSG00000275342,1.9661323,2.525045,10
ENSG00000147526_3,1.7974249,0.0,10
ENSG00000083845,1.8950828,4.138154,10
ENSG00000253554,0.09461628,0.0,10
ENSG00000161016_1,2.2958856,4.0462728,10
ENSG00000291177,1.8814975,2.1941895,10
ENSG00000293376,0.25039175,0.0,10
ENSG00000154589,0.9620543,1.3306978,10
ENSG00000167702,1.6691177,1.4993846,10
ENSG00000105656,2.3949182,2.60707,10
ENSG00000160007,2.2686176,2.1449351,10
ENSG00000018869,1.9108196,0.0,10
ENSG00000105483_1,1.8121136,2.4512029,10
ENSG00000105507,0.23132412,0.0,10
ENSG00000074219_1,0.22330315,0.0,10
ENSG00000091656_1,0.069488406,0.0,10
ENSG00000160460_2,0.7027509,0.0,10
ENSG00000197714,2.678333,2.2786622,10
ENSG00000105298,2.4114943,2.3138926,10
ENSG00000008853_2,1.9245272,1.7788961,10
ENSG00000167910,-0.05519977,0.0,10
ENSG00000255491_2,0.3115863,0.0,10
ENSG00000099800,2.433957,3.1072474,10
ENSG00000170889,2.655705,3.4861498,10
ENSG00000205133_1,1.3858296,2.108528,10
ENSG00000124459,1.6119857,2.2192047,10
ENSG00000165392_1,-0.0074068643,0.559308,10
ENSG00000079999,1.8389729,2.0223458,10
ENSG00000105137,0.87651324,0.95773655,10
ENSG00000130811,2.0771668,3.4535325,10
ENSG00000171428,0.5910863,2.0149908,10
ENSG00000172687,2.1810079,2.4199228,10
ENSG00000188624,0.13873355,0.0,10
ENSG00000248538_1,0.049809117,0.61803764,10
ENSG00000255491,0.03590432,0.0,10
ENSG00000204978,0.25663048,0.6788187,10
ENSG00000245848,1.3464,1.3856242,10
ENSG00000104419_3,1.7276174,1.9844958,10
ENSG00000008382,2.0807855,2.1255138,10
ENSG00000167759,0.3603703,1.1725124,10
ENSG00000142235,0.64387995,1.1293676,10
ENSG00000248098,1.8477626,0.0,10
ENSG00000003987,1.1075948,1.0494119,10
ENSG00000104886,2.3934317,2.3616352,10
ENSG00000158941,2.355883,2.9145532,10
ENSG00000221818_1,0.8360483,1.0391364,10
ENSG00000171711,0.033442196,0.90778744,10
ENSG00000029534_1,1.0704378,0.9776779,10
ENSG00000099817,2.3933797,3.003383,10
ENSG00000079462,2.0085416,2.085469,10
ENSG00000184661_1,0.037902612,0.0,10
ENSG00000246263,2.6527884,1.8710531,10
ENSG00000160951,0.7742253,0.0,10
ENSG00000269343,1.9870793,2.5751936,10
ENSG00000120885_2,1.1042258,1.3896267,10
ENSG00000261824,1.4370828,1.8064717,10
ENSG00000176406_3,-0.06825872,0.0,10
ENSG00000167657,2.169312,2.2611797,10
ENSG00000171425,2.157105,2.3217785,10
ENSG00000105516,1.9338408,1.9856402,10
ENSG00000063322,2.6915545,2.6713655,10
ENSG00000169169_1,0.35169107,0.8245814,10
ENSG00000105053_1,2.5173197,0.0,10
ENSG00000083838,2.2759385,1.5052178,10
ENSG00000248099,0.25036117,1.1950135,10
ENSG00000170631,1.739152,1.8114946,10
ENSG00000105523,0.30551216,0.98065776,10
ENSG00000105619,0.9410055,0.0,10
ENSG00000197766,0.28182945,0.8350942,10
ENSG00000196268,1.8207223,2.0651276,10
ENSG00000269858_2,0.6972788,0.855501,10
ENSG00000223547,1.3180947,1.0859823,10
ENSG00000197808,0.9950467,1.73075,10
ENSG00000008513_1,1.609814,2.3590534,10
ENSG00000105287,0.27475563,0.0,10
ENSG00000233527_1,2.151019,2.1501238,10
ENSG00000186204,0.19051296,0.0,10
ENSG00000105185,2.041415,3.6543498,10
ENSG00000131398,1.5080402,0.85545856,10
ENSG00000105443_1,2.4492671,2.1675477,10
ENSG00000104853_2,0.37339988,0.6697723,10
ENSG00000123154_1,2.1966982,1.6018689,10
ENSG00000087088,2.5707068,2.7509563,10
ENSG00000105202_3,1.4527148,3.387854,10
ENSG00000156172,2.161809,1.8535948,10
ENSG00000171044_1,0.8413519,1.9942292,10
ENSG00000008988,1.311952,1.4172558,10
ENSG00000075702_1,0.25406498,1.0245677,10
ENSG00000130303,2.5394642,2.9192874,10
ENSG00000105726,2.793324,2.7976594,10
ENSG00000104904,2.3399954,3.8710992,10
ENSG00000012232,1.5767597,1.1941534,10
ENSG00000179820_2,0.6656059,0.0,10
ENSG00000104903_1,1.8164202,1.5016754,10
ENSG00000213904_1,1.2760063,1.0150243,10
ENSG00000239382,0.88963455,2.2529185,10
ENSG00000076944_1,0.64686805,1.316308,10
ENSG00000156162,2.0763984,2.091178,10
ENSG00000253661_1,0.16673642,0.8671987,10
ENSG00000127452,2.4230146,2.3727648,10
ENSG00000167700,2.222458,1.8034639,10
ENSG00000064547,1.7887702,2.1695216,10
ENSG00000278129,2.2241855,2.0164943,10
ENSG00000168172,2.3208919,2.4740996,10
ENSG00000178209,1.0343915,1.6879658,10
ENSG00000126464,1.658307,2.854154,10
ENSG00000159882,2.1239996,1.7115254,10
ENSG00000188032,0.6806408,1.1109565,10
ENSG00000167632_2,2.1951287,2.3028264,10
ENSG00000257103,2.60528,3.169745,10
ENSG00000129691,2.5118837,2.2827353,10
ENSG00000198846,0.9938975,0.0,10
ENSG00000182315,-0.0028552152,0.0,10
ENSG00000147324,1.6373934,2.0779853,10
ENSG00000147684,2.1150494,3.452752,10
ENSG00000253880,-0.0052257814,0.0,10
ENSG00000104859_1,1.8457025,0.95454156,10
ENSG00000218891,1.5285751,1.623456,10
ENSG00000253665,0.013892818,0.0,10
ENSG00000167615,2.4985871,2.9268363,10
ENSG00000180155,0.5799576,1.1418384,10
ENSG00000153885,1.3702382,1.4129307,10
ENSG00000269729,0.1506554,0.0,10
ENSG00000176472_1,2.0280652,0.0,10
ENSG00000261857,0.23595972,0.0,10
ENSG00000105675,0.4478505,0.80712897,10
ENSG00000167775,2.3843198,2.7377808,10
ENSG00000198363_2,-0.039688613,0.0,10
ENSG00000125505,2.1102643,0.0,10
ENSG00000130726,2.126243,2.9851992,10
ENSG00000167460_5,0.12996565,0.0,10
ENSG00000174898,2.4487455,1.1377338,10
ENSG00000159871_2,0.4491112,0.876795,10
ENSG00000164684_1,0.352784,1.0338619,10
ENSG00000179950_1,2.2939405,2.7744346,10
ENSG00000160111_1,0.8355035,1.5349014,10
ENSG00000099864_2,0.12930214,0.0,10
ENSG00000186431,-0.020956118,0.0,10
ENSG00000213762,1.6657159,2.0621154,10
ENSG00000104231_1,0.19563569,1.0177885,10
ENSG00000185015,1.7039977,1.4106592,10
ENSG00000188227_1,0.3071837,0.8330132,10
ENSG00000267159,0.33894274,0.0,10
ENSG00000089356,0.20978065,0.0,10
ENSG00000188778,0.7565781,1.0494119,10
ENSG00000066855,2.0168285,2.3879626,10
ENSG00000167635,2.506105,3.004605,10
ENSG00000220201,0.33250096,0.65428245,10
ENSG00000099783,2.4424295,3.7399676,10
ENSG00000105699_2,2.2860024,2.8949432,10
ENSG00000099797,2.4802074,2.750314,10
ENSG00000198521_1,0.658423,0.992421,10
ENSG00000205883,0.00838935,0.0,10
ENSG00000127616,2.500257,3.104009,10
ENSG00000147533,2.168451,2.8420916,10
ENSG00000131408_1,1.9235331,1.431219,10
ENSG00000169393,-0.057865646,0.0,10
ENSG00000176623,2.250858,3.0275617,10
ENSG00000189190,1.429649,2.5371501,10
ENSG00000267254,1.4450969,0.0,10
ENSG00000006712,2.8211198,2.8065937,10
ENSG00000179909,0.6859202,0.0,10
ENSG00000066855_1,0.03215066,0.0,10
ENSG00000130511_1,1.68966,2.107617,10
ENSG00000141905_2,2.1138415,2.6599076,10
ENSG00000171817,0.904833,0.9182873,10
ENSG00000231412,0.22975315,0.0,10
ENSG00000105220,1.770228,0.0,10
ENSG00000042753_2,1.955911,2.8044932,10
ENSG00000164951_1,0.8293199,0.0,10
ENSG00000129437,0.10409857,0.0,10
ENSG00000142273,0.68261284,1.6040207,10
ENSG00000105204,2.0127187,1.4123429,10
ENSG00000269858_1,1.3712918,1.3489276,10
ENSG00000168476,1.9283932,2.6929412,10
ENSG00000130203,0.2686756,1.2119478,10
ENSG00000204882,0.3232691,0.7700637,10
ENSG00000186838,0.45599613,0.89167124,10
ENSG00000077782_2,1.3978335,1.3920107,10
ENSG00000104883,1.2656645,1.2945544,10
ENSG00000246145,1.9970156,1.4200053,10
ENSG00000079435,0.19742133,0.7020943,10
ENSG00000085788,2.1907449,2.0580463,10
ENSG00000168495_1,1.7497743,0.0,10
ENSG00000004776,0.6739357,0.0,10
ENSG00000105254,2.3405366,2.8976107,10
ENSG00000172748,2.2409902,1.50974,10
ENSG00000126453,1.8638263,2.5683966,10
ENSG00000198129,0.0853786,0.0,10
ENSG00000287467,0.06503275,0.0,10
ENSG00000133246,0.6301728,0.92675906,10
ENSG00000256087_1,1.5516301,0.0,10
ENSG00000105048,0.5483726,1.1629525,10
ENSG00000248858,0.027713004,0.42709643,10
ENSG00000261824_1,1.8242356,2.3715482,10
ENSG00000164953_1,0.0024766885,0.0,10
ENSG00000104365,2.5124395,2.6064975,10
ENSG00000130813_1,2.2644942,2.493936,10
ENSG00000183397,0.24938364,0.83308333,10
ENSG00000137573_1,0.5947493,0.0,10
ENSG00000212473,0.033100147,0.0,10
ENSG00000237440,1.5124966,1.7471787,10
ENSG00000275591,1.1471239,1.6644332,10
ENSG00000167562_1,1.1303686,1.3456677,10
ENSG00000104299,1.2356564,0.0,10
ENSG00000125741,2.50609,2.6122348,10
ENSG00000090924,1.1726433,1.1387668,10
ENSG00000175445,0.6932134,1.0532322,10
ENSG00000090006,0.7646203,0.0,10
ENSG00000039650_2,2.0206325,2.2530665,10
ENSG00000159917,1.2684712,1.9297764,10
ENSG00000232677,0.32210207,1.1792932,10
ENSG00000161677,1.5979372,1.1677927,10
ENSG00000153902,0.54658765,0.800449,10
ENSG00000105281,1.2932028,1.586675,10
ENSG00000104529,1.781017,1.2448286,10
ENSG00000105698,1.8473021,2.7025347,10
ENSG00000242221,0.1940711,0.84538954,10
ENSG00000104412,2.344019,3.061113,10
ENSG00000007129_1,0.37295067,0.0,10
ENSG00000034677_1,0.059929136,0.8371969,10
ENSG00000246430,0.74686676,0.0,10
ENSG00000137571,1.8822097,1.8375632,10
ENSG00000178719_2,0.33326575,1.5873629,10
ENSG00000167604_1,1.7767535,1.9989791,10
ENSG00000270164_3,0.5079131,0.0,10
ENSG00000171773,0.27086842,1.1490189,10
ENSG00000105135,2.3694592,1.827886,10
ENSG00000127666,2.2075334,2.9838648,10
ENSG00000170954,0.3126991,0.0,10
ENSG00000130312_1,2.44304,3.0951762,10
ENSG00000164934,1.4003992,2.8196096,10
ENSG00000175806,1.4325815,2.056192,10
ENSG00000072071,1.2123744,1.2872641,10
ENSG00000178951,1.6247673,2.2061698,10
ENSG00000120526,2.2699475,2.761639,10
ENSG00000253557_1,0.033357445,0.0,10
ENSG00000251247,1.7187431,1.4795321,10
ENSG00000129455_1,0.3297401,0.0,10
ENSG00000130307,0.2692881,0.0,10
ENSG00000196081,2.2109056,2.4589565,10
ENSG00000105127,2.2587938,2.5921767,10
ENSG00000181638,1.7362053,1.7830527,10
ENSG00000229833,2.0688918,0.0,10
ENSG00000181035,2.417151,1.7549596,10
ENSG00000225877,0.08119349,0.6758791,10
ENSG00000291235,0.17388098,0.0,10
ENSG00000160932,2.0554037,3.2253094,10
ENSG00000253363,0.047793467,0.0,10
ENSG00000147689_2,0.4210491,0.0,10
ENSG00000156804,1.3514627,1.252853,10
ENSG00000197933,1.9483205,2.1470916,10
ENSG00000178896,2.476138,2.435172,10
ENSG00000104375_1,1.3159422,0.0,10
ENSG00000198551,2.3082771,1.5307887,10
ENSG00000205076,0.36596128,0.0,10
ENSG00000258405,0.425662,0.0,10
ENSG00000105171,2.4414554,2.7313952,10
ENSG00000179526,2.2662678,2.0703557,10
ENSG00000179262,2.3046703,3.5121732,10
ENSG00000180190,0.9103409,1.3878701,10
ENSG00000104901,0.23169316,0.0,10
ENSG00000166398_1,0.08126834,0.0,10
ENSG00000105519,0.27029252,0.88434213,10
ENSG00000155926_2,0.15740733,0.0,10
ENSG00000136574,0.07448305,0.0,10
ENSG00000168077,1.1627471,1.4880569,10
ENSG00000253438_2,0.36317834,0.0,10
ENSG00000125744_1,1.624431,1.8266383,10
ENSG00000168490,0.7818621,1.6206669,10
ENSG00000213793,1.0134848,1.9837481,10
ENSG00000012061_1,2.0479202,2.734599,10
ENSG00000141994,2.263163,2.466001,10
ENSG00000161681,1.37337,1.6227216,10
ENSG00000184672_1,1.2471131,1.602635,10
ENSG00000147408_1,0.0316217,0.0,10
ENSG00000053501,2.0826669,1.803505,10
ENSG00000164941,2.032812,2.6149194,10
ENSG00000196684,2.6557417,3.1757843,10
ENSG00000165084,0.93029165,1.285062,10
ENSG00000074855,1.9656998,1.5476886,10
ENSG00000160959_1,2.3077388,1.7153347,10
ENSG00000167625,2.3419342,2.3160334,10
ENSG00000175489,0.61262226,0.0,10
ENSG00000178460,0.43813136,0.0,10
ENSG00000186019,0.65060383,0.0,10
ENSG00000142396,2.3036027,0.0,10
ENSG00000130816,0.10958649,0.0,10
ENSG00000104848,1.4245319,1.8467699,10
ENSG00000079102_2,0.11462623,0.0,10
ENSG00000171954,0.68108404,1.8167714,10
ENSG00000104671,1.8839532,2.844622,10
ENSG00000104320_2,2.1111465,3.1225533,10
ENSG00000104814_1,2.185732,3.3699985,10
ENSG00000156162_1,2.123455,1.9030194,10
ENSG00000180543,1.584518,1.2917461,10
ENSG00000142235_1,0.42325124,1.0765312,10
ENSG00000105576_1,1.7938768,1.2128798,10
ENSG00000167555,0.8600605,1.3346709,10
ENSG00000079385,1.0214552,0.0,10
ENSG00000115255,1.5934901,1.1940979,10
ENSG00000278318,0.36732703,0.9716052,10
ENSG00000039650,1.4624009,0.0,10
ENSG00000104205,1.511762,1.5739502,10
ENSG00000269386_1,2.272255,3.0971322,10
ENSG00000268001,1.3720897,2.5499713,10
ENSG00000063127,0.36120752,0.0,10
ENSG00000064490_2,1.4304346,2.5506148,10
ENSG00000254377_3,0.29728585,0.5748181,10
ENSG00000249898_1,2.3737755,1.8577726,10
ENSG00000105699_1,2.1188703,2.9869509,10
ENSG00000127452_1,2.018635,1.4762228,10
ENSG00000251396,2.000639,0.0,10
ENSG00000120913_3,1.1769787,1.6258472,10
ENSG00000071655_1,2.2910063,2.5167997,10
ENSG00000083817,2.077394,1.7912273,10
ENSG00000181085,0.74400014,1.0952392,10
ENSG00000105676_1,2.115359,1.7068458,10
ENSG00000155096,2.4785483,3.6282408,10
ENSG00000253877,-0.009708818,0.82241654,10
ENSG00000104529_1,2.2051454,3.4648798,10
ENSG00000160570_1,2.265477,1.7661101,10
ENSG00000160229,2.0015907,2.422854,10
ENSG00000188493,1.6883193,2.8037574,10
ENSG00000167461,2.5263145,3.471167,10
ENSG00000105642,1.1042002,0.0,10
ENSG00000090006_7,1.8891405,1.5163106,10
ENSG00000099330,1.8630424,2.072992,10
ENSG00000167685,1.8026373,2.2882156,10
ENSG00000164934_1,2.3566492,0.0,10
ENSG00000105372,2.7106328,3.5721986,10
ENSG00000104368,0.108836666,0.0,10
ENSG00000131845,1.8995069,1.6043903,10
ENSG00000132002_2,0.24340297,1.4353027,10
ENSG00000120896_3,0.29387,0.7935809,10
ENSG00000180448_1,2.1578863,2.287421,10
ENSG00000125733_1,1.1628442,1.1303982,10
ENSG00000179041,1.7792139,3.1064358,10
ENSG00000131931,2.2192163,2.6010273,10
ENSG00000064932_3,1.8119086,2.6750953,10
ENSG00000180061,0.24661888,0.0,10
ENSG00000213999,0.4644529,2.4867535,10
ENSG00000142459,2.035268,1.699725,10
ENSG00000247317,2.1633787,1.2031145,10
ENSG00000205268,2.4233785,2.6581259,10
ENSG00000155975,2.277068,2.6398847,10
ENSG00000130529_1,0.50590396,0.959299,10
ENSG00000172232,0.5268539,0.89348435,10
ENSG00000249859,1.8390834,0.0,10
ENSG00000269404,1.6329896,3.229623,10
ENSG00000104472,2.309113,2.7915714,10
ENSG00000157110_3,0.5216066,0.53089094,10
ENSG00000130751_1,0.25115588,0.0,10
ENSG00000167562,1.970347,2.2730012,10
ENSG00000198363,-0.082074106,0.0,10
ENSG00000099326_1,2.3897789,2.0305188,10
ENSG00000126247_1,1.7812378,2.2343907,10
ENSG00000127507_1,0.06184606,0.92337877,10
ENSG00000079459_1,2.5205364,3.4291706,10
ENSG00000267757,2.0374844,1.785458,10
ENSG00000177257,0.03217988,0.0,10
ENSG00000076554_2,0.12773947,1.276048,10
ENSG00000278374,0.1824855,0.0,10
ENSG00000268027,0.158026,0.0,10
ENSG00000164741_2,0.074969605,0.0,10
ENSG00000273111,0.37495747,0.50943106,10
ENSG00000253133,2.2225242,2.474867,10
ENSG00000010361_1,2.2379646,1.3292148,10
ENSG00000099337,1.245694,1.6135459,10
ENSG00000130158,1.5083592,1.5611134,10
ENSG00000105402,0.57286847,1.4215546,10
ENSG00000181666_1,1.9990932,0.0,10
ENSG00000104472_1,2.4989889,2.0220695,10
ENSG00000254006,0.08415285,0.0,10
ENSG00000197483,2.1429596,1.5697308,10
ENSG00000267606,0.32162556,0.93013364,10
ENSG00000188368,1.3614379,2.0960057,10
ENSG00000161249,0.34017223,1.2214664,10
ENSG00000282164,0.7036617,1.0668885,10
ENSG00000011243,0.17230806,0.8898617,10
ENSG00000182759,1.2363793,1.2040114,10
ENSG00000166770_1,0.6578514,0.87297744,10
ENSG00000132026,0.25190732,0.8843365,10
ENSG00000186599,0.054609124,0.0,10
ENSG00000198858,2.0536678,2.7189374,10
ENSG00000104885_1,2.2534723,2.0630143,10
ENSG00000104936,0.747171,1.0164232,10
ENSG00000172164_1,0.33328363,0.0,10
ENSG00000076554,0.040503237,0.0,10
ENSG00000173334,2.0375974,2.540188,10
ENSG00000168487_1,1.571585,1.290978,10
ENSG00000105329_1,1.9543124,3.4421346,10
ENSG00000147576,1.5629457,1.2821167,10
ENSG00000176853,2.1549544,2.680602,10
ENSG00000268182,1.0947994,1.3184599,10
ENSG00000242852,1.894596,1.5277973,10
ENSG00000099331,2.4428535,2.6670914,10
ENSG00000167653_1,0.28201932,0.0,10
ENSG00000269696,1.3009026,1.0443045,10
ENSG00000142347,0.3882258,0.0,10
ENSG00000176182,2.023919,2.2305384,10
ENSG00000105186,1.841349,2.4568288,10
ENSG00000118620,2.3622053,2.6386719,10
ENSG00000130159,1.9974769,2.5915098,10
ENSG00000168484,0.1286575,0.69060624,10
ENSG00000147421_1,2.2138078,1.2392119,10
ENSG00000267751,0.7108096,2.0063376,10
ENSG00000254092_1,0.08247356,0.0,10
ENSG00000141985,2.1884801,2.7044027,10
ENSG00000181027,1.726453,2.4837785,10
ENSG00000105379,2.356257,0.0,10
ENSG00000174429,0.4434742,0.76275355,10
ENSG00000170956_1,-0.019747425,0.0,10
ENSG00000229140_4,0.026008073,0.0,10
ENSG00000232098,2.0495782,1.5918323,10
ENSG00000283992,0.9107246,0.7676011,10
ENSG00000293317,0.488242,0.0,10
ENSG00000105246,1.5739138,3.9184194,10
ENSG00000090006_3,1.1761066,1.83774,10
ENSG00000105677,2.1073432,2.3151052,10
ENSG00000242852_1,0.39663178,1.0038481,10
ENSG00000198342,1.887772,1.1250907,10
ENSG00000196646,2.2065444,2.347615,10
ENSG00000105738,2.2167692,2.8120506,10
ENSG00000104450_2,1.9175205,1.9235083,10
ENSG00000099797_2,0.41718665,1.1335708,10
ENSG00000197134,0.4311005,1.3165154,10
ENSG00000213889_1,0.66996294,1.5559888,10
ENSG00000105221_1,0.40411845,0.0,10
ENSG00000136982,1.7462817,2.621014,10
ENSG00000196437,1.9038318,2.2253094,10
ENSG00000140396,0.23964791,1.0557605,10
ENSG00000178538,1.0734475,1.4833233,10
ENSG00000130544,2.5105796,2.302872,10
ENSG00000011600,0.50250775,0.79817396,10
ENSG00000204936,0.40166417,0.7528241,10
ENSG00000160396,0.32859948,0.0,10
ENSG00000167470,1.896487,2.0669742,10
ENSG00000125910,1.7098819,1.7634654,10
ENSG00000178150,0.1691424,0.0,10
ENSG00000184374,-0.032398146,0.0,10
ENSG00000185015_1,1.2904453,1.1658672,10
ENSG00000147481_1,0.34754145,0.0,10
ENSG00000307772,0.3561714,0.0,10
ENSG00000121413_1,1.0400113,1.2988749,10
ENSG00000239839,0.053671952,0.58232474,10
ENSG00000236827,1.4901417,2.082527,10
ENSG00000164821,0.001433704,0.85349745,10
ENSG00000134013,0.91315705,0.97010547,10
ENSG00000105556,1.531859,1.9067336,10
ENSG00000179855,0.85681915,1.4880146,10
ENSG00000291145,2.2237337,0.0,10
ENSG00000104537,0.025411885,0.0,10
ENSG00000167617,0.37822464,0.0,10
ENSG00000169427_1,1.3686291,1.1559552,10
ENSG00000215262,0.010609005,0.0,10
ENSG00000120784,2.0579317,2.0617766,10
ENSG00000284280,0.27324054,0.9880548,10
ENSG00000083828,1.0950987,2.309545,10
ENSG00000248538_4,0.46661755,0.0,10
ENSG00000197353,0.5382891,0.9806396,10
ENSG00000168333,-0.014527377,0.0,10
ENSG00000253474,0.08677675,1.3456482,10
ENSG00000132294,2.147307,2.5606418,10
ENSG00000180479,1.6670867,1.3102046,10
ENSG00000198363_3,0.02213655,0.0,10
ENSG00000105732,2.5950065,2.3942416,10
ENSG00000121022_2,0.04641271,0.0,10
ENSG00000267577,0.2242801,0.0,10
ENSG00000012061_2,1.1503056,0.9924046,10
ENSG00000164743,0.18531342,0.0,10
ENSG00000249859_2,0.8950792,1.6465703,10
ENSG00000267106_1,1.8457097,1.3755538,10
ENSG00000204839_1,0.5524872,0.79363674,10
ENSG00000160882,0.4178967,0.0,10
ENSG00000198597_1,0.09351678,0.0,10
ENSG00000188051,0.8217818,1.9904677,10
ENSG00000267014,0.11725828,0.0,10
ENSG00000185803,1.1928928,0.0,10
ENSG00000167733,2.2315035,0.9909601,10
ENSG00000164741_3,0.016854156,0.0,10
ENSG00000185189,1.6614522,1.4958633,10
ENSG00000197497,0.81436723,1.0163647,10
ENSG00000164695,0.38364947,1.8132674,10
