,Pred,actual,fold_idx
ENSG00000281406,0.8623965,1.203604,1
ENSG00000162399,0.24458556,0.0,1
ENSG00000227421,0.0012796558,0.0,1
ENSG00000163468_1,2.2806418,3.6001656,1
ENSG00000225632,0.21145684,0.0,1
ENSG00000120337,0.0064992495,0.0,1
ENSG00000116717,2.4444795,3.2304132,1
ENSG00000310526,2.6062555,0.0,1
ENSG00000168264_2,2.2852983,2.710456,1
ENSG00000178104,0.9520541,1.5771585,1
ENSG00000277344,0.6584487,0.0,1
ENSG00000117152,0.09130286,0.0,1
ENSG00000132185,0.19188027,0.0,1
ENSG00000186973,0.23319833,0.82674843,1
ENSG00000176393_1,1.4422259,0.0,1
ENSG00000136643,2.3128138,2.6569898,1
ENSG00000092847,0.96440244,0.0,1
ENSG00000135829,2.5986745,3.4057355,1
ENSG00000186141,2.3376458,2.674067,1
ENSG00000118194,0.3389244,0.65319324,1
ENSG00000196189,0.15826848,0.0,1
ENSG00000196482_1,0.09637001,0.0,1
ENSG00000162913,1.2166548,1.0512992,1
ENSG00000153187,0.11719899,2.1218452,1
ENSG00000277610,2.0805051,0.0,1
ENSG00000184144,0.51138765,1.593131,1
ENSG00000176083,0.17834418,0.0,1
ENSG00000117215,0.20515715,0.0,1
ENSG00000265491,2.3569767,2.6373706,1
ENSG00000134184,0.5536311,0.98209023,1
ENSG00000143321,1.5845588,1.7882603,1
ENSG00000168389,1.0366408,0.0,1
ENSG00000117139,0.039459933,0.0,1
ENSG00000142959,0.24344574,0.8719814,1
ENSG00000162599_1,2.0111308,2.7637873,1
ENSG00000066185,0.5134695,0.0,1
ENSG00000117707_1,0.8001745,0.0,1
ENSG00000157193_1,2.0859847,2.665137,1
ENSG00000116584,0.66039664,0.0,1
ENSG00000121904,1.2439764,1.7865385,1
ENSG00000116544,1.6273031,1.6045284,1
ENSG00000215853,0.025463436,0.0,1
ENSG00000237728,0.16711044,0.0,1
ENSG00000116141_1,1.5923525,1.314857,1
ENSG00000137936_1,1.3911937,1.2231324,1
ENSG00000170989_1,0.30590963,0.0,1
ENSG00000171680_2,0.8858884,1.1795806,1
ENSG00000116521_2,2.036588,3.0738869,1
ENSG00000117411_1,1.1651603,1.1150444,1
ENSG00000158796,2.692334,2.287486,1
ENSG00000117360,1.3800648,0.0,1
ENSG00000198160_1,2.3417861,2.5239024,1
ENSG00000143278,0.014799628,0.0,1
ENSG00000272106,2.5986912,2.0004296,1
ENSG00000285728,1.9836954,1.6456383,1
ENSG00000134369_3,0.4042789,0.0,1
ENSG00000171680_5,1.4135743,1.2923225,1
ENSG00000117594_1,0.07327825,0.0,1
ENSG00000231663_1,2.6006296,3.0521166,1
ENSG00000198715,0.69627213,0.0,1
ENSG00000116990,2.259088,2.0086002,1
ENSG00000116133,2.3861754,3.1790202,1
ENSG00000120333_1,1.6793898,2.7934692,1
ENSG00000074964,1.4723802,1.4838297,1
ENSG00000143442_1,0.87917084,2.3821342,1
ENSG00000136631_1,1.4203283,0.0,1
ENSG00000117713,2.5366564,2.542315,1
ENSG00000143319,2.3089092,2.5306926,1
ENSG00000159164,0.27391315,0.0,1
ENSG00000189339,2.8094466,1.9915361,1
ENSG00000153936,2.6420977,2.4246857,1
ENSG00000180098,1.5543994,0.0,1
ENSG00000117245,0.70321935,0.0,1
ENSG00000142698,0.60635495,1.506126,1
ENSG00000243725,1.2957209,0.0,1
ENSG00000000457,2.6074197,2.0305188,1
ENSG00000143314,1.8319278,0.0,1
ENSG00000120334_1,2.3379648,2.917038,1
ENSG00000055070,2.226099,2.8765821,1
ENSG00000228526_1,0.86038506,0.0,1
ENSG00000142784,2.215777,0.0,1
ENSG00000055732,1.5648221,1.1579099,1
ENSG00000291141_1,0.88137746,1.3625202,1
ENSG00000232596,0.029935513,0.0,1
ENSG00000226067,1.2233399,0.0,1
ENSG00000066136,2.963292,2.8149,1
ENSG00000169213,1.282638,1.252489,1
ENSG00000186827,0.6067712,0.97653335,1
ENSG00000187862,0.13161574,0.0,1
ENSG00000243284,0.147575,0.0,1
ENSG00000152332,2.2960153,2.8526752,1
ENSG00000116675_1,2.4318101,2.9053264,1
ENSG00000158109,1.9158729,1.28269,1
ENSG00000287338,0.1349817,0.0,1
ENSG00000134201,0.47183377,1.2685546,1
ENSG00000233079,0.049914796,0.0,1
ENSG00000159377,1.1911076,2.9853358,1
ENSG00000162390,0.31984097,0.0,1
ENSG00000143199,0.22969909,0.0,1
ENSG00000162458_1,1.1821183,1.0984014,1
ENSG00000143486,2.201369,0.0,1
ENSG00000143520,0.012380961,0.0,1
ENSG00000160691_2,0.98291236,2.1729968,1
ENSG00000198797,0.46035755,1.7497054,1
ENSG00000188782,0.3316979,0.0,1
ENSG00000143437_1,2.2082465,2.3906367,1
ENSG00000287396,0.19745512,0.0,1
ENSG00000160714,2.486028,2.1273088,1
ENSG00000143162,2.2382982,3.2533162,1
ENSG00000134240,0.13333261,0.0,1
ENSG00000163463,0.92343587,0.0,1
ENSG00000116151_1,2.4858606,2.1717732,1
ENSG00000185668,1.680672,1.6782087,1
ENSG00000169598_1,1.9766146,1.9810708,1
ENSG00000130764,2.3779948,2.6619072,1
ENSG00000162711,0.22838311,0.0,1
ENSG00000162763,0.20962587,0.0,1
ENSG00000155367,2.0379274,1.7430391,1
ENSG00000149527_1,0.44672796,0.0,1
ENSG00000157978_1,0.171925,0.0,1
ENSG00000123684,1.8422986,2.081995,1
ENSG00000142687,2.6996787,2.5256355,1
ENSG00000160050,1.3054153,2.077615,1
ENSG00000134200,-0.006014686,0.0,1
ENSG00000286219,1.6923825,2.1875489,1
ENSG00000143630,2.1467643,1.7745534,1
ENSG00000134198,1.2059519,1.3043182,1
ENSG00000211452,0.17022388,0.0,1
ENSG00000203857,0.03766674,0.0,1
ENSG00000133069_1,0.29757357,0.0,1
ENSG00000143384,2.4408247,3.2708628,1
ENSG00000160752,2.549524,2.9670067,1
ENSG00000153187_5,2.76675,4.004631,1
ENSG00000286172,2.447694,2.1327462,1
ENSG00000158869,0.2363198,0.0,1
ENSG00000230424_1,2.8687937,0.0,1
ENSG00000158711,2.7327673,2.0109315,1
ENSG00000143369,0.6682086,0.0,1
ENSG00000078618_1,1.052251,0.0,1
ENSG00000158864,0.2651149,0.0,1
ENSG00000117616,0.08671123,0.0,1
ENSG00000143553,1.6949784,2.1620862,1
ENSG00000171680_1,1.3123988,1.279895,1
ENSG00000174332,0.051468868,0.0,1
ENSG00000233461_1,2.505177,1.5495795,1
ENSG00000162433_1,1.4608532,0.0,1
ENSG00000133059,2.3460362,1.5509984,1
ENSG00000215845,0.8853664,1.3201047,1
ENSG00000117632_2,2.07428,0.0,1
ENSG00000177788,2.2690103,0.0,1
ENSG00000288859,2.7658548,4.3636813,1
ENSG00000284686,0.07651149,0.0,1
ENSG00000215808,0.0061588027,0.0,1
ENSG00000163467,2.336368,0.0,1
ENSG00000116748,0.07867484,0.0,1
ENSG00000143768,0.7393058,0.0,1
ENSG00000160685_1,1.1091232,0.0,1
ENSG00000273338,1.0566468,1.9346701,1
ENSG00000143194,0.7961275,1.208522,1
ENSG00000123843,0.073580205,0.0,1
ENSG00000230630_1,0.11134757,0.0,1
ENSG00000117148,0.14273293,1.6581163,1
ENSG00000142609,0.35896972,0.0,1
ENSG00000069248,2.5621598,2.899977,1
ENSG00000116521_1,1.7238606,2.8117123,1
ENSG00000020633,1.6341778,1.5807084,1
ENSG00000163206,0.024441216,0.0,1
ENSG00000085831_3,1.2758397,1.0721028,1
ENSG00000188672,0.86344,0.0,1
ENSG00000272031,1.9566344,0.0,1
ENSG00000163156_1,0.53544384,1.1047329,1
ENSG00000224051,2.395734,2.5970323,1
ENSG00000135870,2.6848361,2.1854572,1
ENSG00000117523,1.8852857,3.2842932,1
ENSG00000116830,1.6827456,2.1634238,1
ENSG00000117298_2,0.10645352,0.0,1
ENSG00000126070,2.5971072,2.4515576,1
ENSG00000116882,0.011398423,0.0,1
ENSG00000162704,2.2629318,2.9537413,1
ENSG00000204178,2.1876237,2.2591925,1
ENSG00000163141,0.09646796,0.0,1
ENSG00000117280,0.91831183,1.5264298,1
ENSG00000188529,3.0153604,3.3135488,1
ENSG00000031698,2.3344066,0.0,1
ENSG00000081985,1.0422754,1.2295027,1
ENSG00000244094,0.040703494,0.0,1
ENSG00000135835_2,0.25596341,1.0441005,1
ENSG00000116205,2.4615574,0.0,1
ENSG00000162892,0.08916171,0.0,1
ENSG00000081019,2.8169632,2.4140787,1
ENSG00000163374_1,2.5152526,2.4329212,1
ENSG00000203859,0.037040044,0.0,1
ENSG00000175206,0.42413002,0.0,1
ENSG00000252826,0.77068704,0.0,1
ENSG00000198162,2.1499445,2.501778,1
ENSG00000064886_1,0.25115514,0.0,1
ENSG00000085831_1,1.350222,0.0,1
ENSG00000157873_1,0.58657545,0.0,1
ENSG00000135744,0.19738205,0.0,1
ENSG00000203709_1,1.8423618,1.6321434,1
ENSG00000097021_1,0.29124194,0.95631254,1
ENSG00000143185,0.021084774,0.0,1
ENSG00000134250,1.9234504,1.4568517,1
ENSG00000184678,2.1799963,4.5090156,1
ENSG00000162396,2.1943133,1.8872211,1
ENSG00000143702_2,2.7039442,2.7833462,1
ENSG00000203739_1,2.6664581,1.9726655,1
ENSG00000172380,1.5452296,0.0,1
ENSG00000273004,2.6212478,1.1796092,1
ENSG00000234754,0.022292439,0.0,1
ENSG00000085999,2.7059267,2.7762797,1
ENSG00000263513,2.6302,0.0,1
ENSG00000197959_1,-0.0019688718,0.0,1
ENSG00000252947,0.06472696,0.0,1
ENSG00000097021,0.21576293,0.0,1
ENSG00000244020,0.20386764,1.1560643,1
ENSG00000284668,0.33074987,0.0,1
ENSG00000162630,0.19250824,0.0,1
ENSG00000116741,1.8491242,0.0,1
ENSG00000143473,1.3608536,0.0,1
ENSG00000230426_1,-0.0010367148,0.0,1
ENSG00000234476,0.23339687,0.7291162,1
ENSG00000123836_1,2.3007843,0.0,1
ENSG00000143036,1.2596439,0.8997111,1
ENSG00000175087,2.6062968,1.7317418,1
ENSG00000187634_2,1.6818873,1.1541804,1
ENSG00000158246,2.2385025,1.2372923,1
ENSG00000134245,1.6003467,0.0,1
ENSG00000143819_1,0.12164147,0.0,1
ENSG00000169241_1,1.9520978,2.6610732,1
ENSG00000250734,0.47656327,1.0368284,1
ENSG00000229588,0.8045271,1.1211658,1
ENSG00000023572,2.4376605,2.8519185,1
ENSG00000184588_1,0.028159995,0.0,1
ENSG00000187800,0.61620724,0.0,1
ENSG00000117395_1,0.04506636,0.0,1
ENSG00000066294,0.20262673,0.0,1
ENSG00000132676,1.2874207,1.5729413,1
ENSG00000134262,2.6559908,1.2771735,1
ENSG00000229344,4.5144105,3.7272484,1
ENSG00000288825,2.6352088,3.9249787,1
ENSG00000117298_3,2.4628704,2.3287058,1
ENSG00000162641_1,0.053780872,0.0,1
ENSG00000214193,1.2316843,1.0064062,1
ENSG00000215835,0.06884396,2.2596893,1
ENSG00000116157,1.4049824,1.779019,1
ENSG00000222009_1,0.21627058,0.0,1
ENSG00000169174,1.3365585,2.2172313,1
ENSG00000157916,2.459551,3.1305943,1
ENSG00000213047_1,2.1143725,1.905526,1
ENSG00000265961,0.118226334,0.0,1
ENSG00000286391,1.1945062,0.0,1
ENSG00000185420,1.3927494,0.0,1
ENSG00000198691_1,0.080538526,0.0,1
ENSG00000116574,1.5707691,1.4933325,1
ENSG00000143147,1.7037343,1.5487823,1
ENSG00000117450_1,0.10081211,0.0,1
ENSG00000081721,2.021376,0.0,1
ENSG00000009709,0.8326092,0.0,1
ENSG00000135766,2.299578,2.6781814,1
ENSG00000158882,1.083713,2.162427,1
ENSG00000230628,0.116380796,0.0,1
ENSG00000116266,2.3888423,2.5451474,1
ENSG00000143753,2.4188635,2.552926,1
ENSG00000116489,2.5024612,3.688241,1
ENSG00000117500,2.5361378,2.7783713,1
ENSG00000154429,2.1014369,2.3491669,1
ENSG00000230424,2.9744918,2.3484995,1
ENSG00000198744,5.689547,3.3948367,1
ENSG00000142599_2,2.279105,2.5912237,1
ENSG00000153187_2,2.2800245,2.2069068,1
ENSG00000223635,2.5767272,1.5642872,1
ENSG00000183856,1.3107599,0.0,1
ENSG00000158716,1.8924943,1.9760243,1
ENSG00000143761_2,0.1665543,0.0,1
ENSG00000288867,0.07075177,0.0,1
ENSG00000186226,0.037132744,0.0,1
ENSG00000116251_2,1.5324732,2.3165407,1
ENSG00000116141,1.330208,1.7125571,1
ENSG00000137936,0.14532325,0.0,1
ENSG00000162694_1,1.1928991,2.4028802,1
ENSG00000081237,0.27397364,2.6098802,1
ENSG00000142676,2.0080688,4.258345,1
ENSG00000117543,1.4742914,0.0,1
ENSG00000176393,2.0754368,2.6374598,1
ENSG00000162757,2.1405044,0.0,1
ENSG00000231365_1,2.317798,0.0,1
ENSG00000157193,1.5739168,1.36135,1
ENSG00000143303_1,2.112532,1.7121023,1
ENSG00000203721,0.03652217,0.0,1
ENSG00000159166_2,0.45936298,1.570858,1
ENSG00000117408,2.7145698,2.4670885,1
ENSG00000171357,1.0521952,1.1291741,1
ENSG00000085491,2.1360986,2.504369,1
ENSG00000223745,2.4223342,2.3716977,1
ENSG00000158887_1,0.45424062,0.0,1
ENSG00000213088,0.48289806,0.0,1
ENSG00000172456_1,2.2636585,0.0,1
ENSG00000198793,1.9363827,0.0,1
ENSG00000157131,0.0036252625,0.0,1
ENSG00000127074,-0.016829979,0.0,1
ENSG00000159516,0.021134723,0.0,1
ENSG00000122432,2.4305499,2.9039469,1
ENSG00000233079_1,0.01415484,0.0,1
ENSG00000214193_1,1.5595697,0.0,1
ENSG00000154027,1.436577,1.8245163,1
ENSG00000173728,0.14361769,0.0,1
ENSG00000162526,0.5361579,0.0,1
ENSG00000196805,0.022555444,0.0,1
ENSG00000135845,1.6232026,0.0,1
ENSG00000163554,0.58992064,2.9063125,1
ENSG00000252501,0.02757581,0.0,1
ENSG00000132906_1,2.8410218,2.6496425,1
ENSG00000231666,0.13862182,0.0,1
ENSG00000203804,1.518668,0.0,1
ENSG00000117009_1,0.10544987,0.0,1
ENSG00000116663,1.8878051,2.1846232,1
ENSG00000143799_1,2.3858411,3.27771,1
ENSG00000207349,0.60836005,1.3484411,1
ENSG00000159409,0.36464405,0.0,1
ENSG00000142583_2,0.49272752,0.0,1
ENSG00000122420,0.6343335,1.5800121,1
ENSG00000157873,0.3284991,0.0,1
ENSG00000224259_1,0.10850364,0.0,1
ENSG00000236427_1,0.037811372,0.0,1
ENSG00000142657_2,1.5213953,0.0,1
ENSG00000135828,0.74269897,0.0,1
ENSG00000226251,2.7431455,1.3872652,1
ENSG00000069424,2.3477924,2.0204442,1
ENSG00000198815_2,0.72580904,0.6411567,1
ENSG00000116852,1.8056995,2.2984185,1
ENSG00000184144_1,0.81191593,0.0,1
ENSG00000116670,2.405499,2.6366494,1
ENSG00000274020,0.09177522,0.0,1
ENSG00000143774,3.0216784,3.0573046,1
ENSG00000186517,0.4528138,0.0,1
ENSG00000162889,1.92744,2.2083259,1
ENSG00000142864,2.4804313,3.7642434,1
ENSG00000143409_1,0.89854544,2.1594198,1
ENSG00000231768,0.36505955,1.1778538,1
ENSG00000235501,1.2870067,1.1796092,1
ENSG00000258673,0.090517774,0.0,1
ENSG00000163041_1,0.9891662,1.1109599,1
ENSG00000123836,0.14750808,0.0,1
ENSG00000188404,0.027146954,0.0,1
ENSG00000117399,2.5262065,2.8223643,1
ENSG00000155380,0.24428509,0.0,1
ENSG00000204219,1.1424807,0.0,1
ENSG00000223764,1.2272571,1.5765026,1
ENSG00000282849,0.07256448,0.0,1
ENSG00000184371_2,2.0637608,1.6639646,1
ENSG00000163468,0.12718292,0.0,1
ENSG00000160097,1.5176765,1.678154,1
ENSG00000178965,0.88450813,1.3350766,1
ENSG00000224870,2.7992961,2.4483337,1
ENSG00000121454,1.2710272,1.1191503,1
ENSG00000168275_1,2.6204011,2.026758,1
ENSG00000248333,2.8783224,3.0530632,1
ENSG00000122484,2.110611,2.3278246,1
ENSG00000198520_1,0.5197479,0.99038327,1
ENSG00000143106,2.394748,0.0,1
ENSG00000143578_1,1.3582004,1.6842797,1
ENSG00000156869_1,0.8675484,0.0,1
ENSG00000027869,0.73845875,0.0,1
ENSG00000163866,2.2189069,0.0,1
ENSG00000185278,2.2871869,1.9671922,1
ENSG00000122223,0.2375143,0.0,1
ENSG00000132698,0.42839783,0.0,1
ENSG00000160075,2.7964656,2.440333,1
ENSG00000206585,2.1900136,0.0,1
ENSG00000286383,0.06374286,0.0,1
ENSG00000227963,2.4745793,2.1102192,1
ENSG00000117395,1.9351623,3.2634468,1
ENSG00000065135,2.2616763,3.049408,1
ENSG00000227811,1.1040446,0.9984337,1
ENSG00000224000,0.027790446,0.0,1
ENSG00000132773,2.8613245,2.438868,1
ENSG00000162521,2.9970396,3.3441093,1
ENSG00000227764,0.1049218,0.0,1
ENSG00000177628,0.21599548,0.0,1
ENSG00000242252,0.47888774,1.241895,1
ENSG00000122218,2.324974,0.0,1
ENSG00000231507,0.37861454,0.0,1
ENSG00000203697,0.14277218,0.0,1
ENSG00000143862,1.9182695,2.2391093,1
ENSG00000287217,0.16683976,0.0,1
ENSG00000291129,0.61927336,1.1813576,1
ENSG00000198746,1.933543,2.2691627,1
ENSG00000069424_1,0.6170086,0.0,1
ENSG00000143337_3,2.452409,0.0,1
ENSG00000197056,1.3662695,2.3283632,1
ENSG00000201317,0.045618165,0.0,1
ENSG00000143742,2.8716662,3.5440047,1
ENSG00000117091,0.049370516,0.0,1
ENSG00000200169,1.7680899,1.8069528,1
ENSG00000203747_1,0.14028196,0.0,1
ENSG00000082482,0.016933698,0.0,1
ENSG00000264522,2.3451464,0.0,1
ENSG00000085831_2,1.6348845,1.2372671,1
ENSG00000160685,1.6478227,1.9315647,1
ENSG00000243364,1.5039674,2.180384,1
ENSG00000081248,0.24108385,0.0,1
ENSG00000116991,1.6746722,1.3784888,1
ENSG00000203667,2.5921156,3.2812834,1
ENSG00000116791,1.1229868,0.0,1
ENSG00000143839,0.11492507,0.0,1
ENSG00000162819_1,1.4425709,0.0,1
ENSG00000049246,1.9103645,1.7745973,1
ENSG00000117475,1.4510564,2.4448564,1
ENSG00000227634,0.1560563,0.0,1
ENSG00000271576,2.1966238,1.5002502,1
ENSG00000238142_1,0.5408385,0.0,1
ENSG00000143845_1,1.5428041,0.0,1
ENSG00000232113,0.030905355,0.0,1
ENSG00000142910_1,0.19155434,0.0,1
ENSG00000162391,0.21543068,0.0,1
ENSG00000086619,2.3092885,2.0332348,1
ENSG00000117054,2.4309418,2.9745624,1
ENSG00000143851_2,1.0520948,1.8416972,1
ENSG00000186118,0.04096325,0.0,1
ENSG00000047410_1,2.2564151,2.0424967,1
ENSG00000134248,2.497626,2.98898,1
ENSG00000158786,0.15329911,0.7762361,1
ENSG00000143373,2.4227545,1.7900106,1
ENSG00000135835_1,0.21606861,1.0489233,1
ENSG00000213047,2.2053163,1.8526629,1
ENSG00000134748,2.5312455,2.7729397,1
ENSG00000135821,2.4054039,2.1388392,1
ENSG00000143367,1.6986006,1.6296746,1
ENSG00000117308_1,2.2641017,2.6886635,1
ENSG00000074800,0.18463343,1.5715691,1
ENSG00000143556,0.04847047,0.0,1
ENSG00000143514_2,2.6420248,2.5273128,1
ENSG00000094963,0.015429039,0.0,1
ENSG00000077585,1.5645341,1.7063593,1
ENSG00000121957,2.177172,2.4450076,1
ENSG00000260088,2.427952,2.0600932,1
ENSG00000009724,0.37995595,0.93515444,1
ENSG00000132906,2.549976,2.5900745,1
ENSG00000162736,2.3222406,2.8436096,1
ENSG00000117155_2,2.045706,2.5732315,1
ENSG00000157216_1,2.2967474,2.7590406,1
ENSG00000132763,1.880098,0.0,1
ENSG00000117054_1,2.4410388,2.963291,1
ENSG00000203666,1.0589732,1.3578777,1
ENSG00000123685,1.7670063,1.5708348,1
ENSG00000168509,0.6800156,0.0,1
ENSG00000198715_1,0.33641326,0.0,1
ENSG00000173369,0.19394664,0.78504497,1
ENSG00000171161,2.7185738,2.7112799,1
ENSG00000184588_4,0.11532073,0.0,1
ENSG00000116198_1,2.141374,0.0,1
ENSG00000136631,1.8696911,1.682127,1
ENSG00000118298_1,0.35332763,0.0,1
ENSG00000226891,0.73733896,0.9736819,1
ENSG00000173627,0.07626851,0.0,1
ENSG00000203785,0.019412119,0.0,1
ENSG00000117335,2.6306221,3.405237,1
ENSG00000162873_2,0.2406032,0.0,1
ENSG00000169218,1.4947566,1.4085282,1
ENSG00000282881,0.10901822,0.0,1
ENSG00000171612,2.516619,2.5280988,1
ENSG00000184588,1.1693999,1.5117764,1
ENSG00000118454,2.4143279,2.453931,1
ENSG00000230461,0.18508966,0.0,1
ENSG00000044012,0.20378022,1.1723752,1
ENSG00000174574,2.4167948,3.0172546,1
ENSG00000162782,0.9760278,0.0,1
ENSG00000183853,0.70403755,1.1616075,1
ENSG00000184270,2.1024485,3.3091872,1
ENSG00000187980,1.5185713,2.231951,1
ENSG00000171790,0.30730015,0.0,1
ENSG00000116954,2.441302,1.9417648,1
ENSG00000158710_1,1.5006793,4.010889,1
ENSG00000171492_2,0.83903205,0.92577606,1
ENSG00000057468,0.861738,1.6831372,1
ENSG00000184588_5,0.03227054,0.0,1
ENSG00000197915,0.020772744,0.0,1
ENSG00000285910,0.15702891,0.0,1
ENSG00000117139_2,1.2047704,3.2080274,1
ENSG00000064886,0.06504445,0.0,1
ENSG00000117640,2.5695655,2.259921,1
ENSG00000126091_1,0.053352688,0.0,1
ENSG00000121753_1,1.7636186,1.8899736,1
ENSG00000116748_1,0.095268965,0.0,1
ENSG00000027644,0.72814023,1.2800089,1
ENSG00000171603,1.9289114,2.7451293,1
ENSG00000000938,0.16428764,0.0,1
ENSG00000040487,2.619648,2.510872,1
ENSG00000135750_1,0.15392801,0.0,1
ENSG00000116863,2.151841,2.2179153,1
ENSG00000162783,2.3390687,2.5039403,1
ENSG00000058804,2.4679677,2.7245314,1
ENSG00000160753_2,1.5892893,2.3669121,1
ENSG00000203985,0.19251703,0.0,1
ENSG00000134686_1,1.8326032,1.5923878,1
ENSG00000290735,1.2025303,2.85204,1
ENSG00000272145,3.0548568,2.8151126,1
ENSG00000231648,0.008242998,0.0,1
ENSG00000286106,1.9182347,1.535813,1
ENSG00000230426_2,0.019506399,0.0,1
ENSG00000198691,0.054954518,0.0,1
ENSG00000116885,0.6091928,0.724112,1
ENSG00000228536_1,0.049715642,0.0,1
ENSG00000143153_1,1.8787498,1.7700932,1
ENSG00000137944_1,2.274427,2.6569362,1
ENSG00000117616_1,2.449642,2.9631472,1
ENSG00000231252,0.04055952,0.0,1
ENSG00000237950,2.7115386,1.6621627,1
ENSG00000116337_2,1.2951899,1.2435341,1
ENSG00000135776,2.565253,2.6641905,1
ENSG00000218510,2.2369316,2.0600893,1
ENSG00000163154,0.20995797,0.0,1
ENSG00000170382,1.095941,1.5372775,1
ENSG00000174059,1.0018629,1.4511107,1
ENSG00000163879,0.46146783,0.0,1
ENSG00000134247,1.5990726,2.1474907,1
ENSG00000155816,1.2247715,1.4614835,1
ENSG00000189410,0.5893443,0.0,1
ENSG00000263528,0.3967023,1.0743043,1
ENSG00000279430,0.33599427,0.0,1
ENSG00000117143,2.5811098,3.1393375,1
ENSG00000234593,0.34005654,2.3153782,1
ENSG00000168765,1.7975192,2.588852,1
ENSG00000224699,2.5377,0.0,1
ENSG00000116584_1,2.1385362,0.0,1
ENSG00000286071,0.045617644,2.1849666,1
ENSG00000185519,1.4381381,1.3717327,1
ENSG00000197747_1,1.3059139,1.719704,1
ENSG00000203852,2.4107025,3.8086774,1
ENSG00000162437,1.7446431,1.849665,1
ENSG00000162676_1,1.2782356,1.4705869,1
ENSG00000117394,0.56123465,1.292234,1
ENSG00000237973,4.814344,2.630875,1
ENSG00000074800_1,2.0939236,0.0,1
ENSG00000224977,2.4927294,0.0,1
ENSG00000121957_1,2.0904481,0.0,1
ENSG00000162365,0.21608965,0.0,1
ENSG00000203910,0.6167607,0.0,1
ENSG00000143514,0.06233858,0.0,1
ENSG00000117472,0.21039417,0.0,1
ENSG00000011021,2.4157212,2.1132011,1
ENSG00000291137_1,1.8203431,0.0,1
ENSG00000131781,0.62109274,0.0,1
ENSG00000198815_1,2.4464896,2.7868152,1
ENSG00000142661_1,0.23883347,0.0,1
ENSG00000135801,2.2674859,2.4573216,1
ENSG00000228606,0.6951844,1.1485101,1
ENSG00000122176,0.11245713,0.0,1
ENSG00000143515_1,1.2634141,1.2215707,1
ENSG00000143748,1.861436,0.0,1
ENSG00000010932,0.019043375,0.0,1
ENSG00000177807,0.36518896,0.0,1
ENSG00000182866,0.40994632,1.1742634,1
ENSG00000177628_2,2.0882215,0.0,1
ENSG00000285053,1.9655786,2.0999222,1
ENSG00000187180,0.041020546,0.0,1
ENSG00000154309_1,0.033472825,0.0,1
ENSG00000131781_2,2.0983431,2.7645102,1
ENSG00000121310_1,0.88174313,0.0,1
ENSG00000276600,0.19721192,0.0,1
ENSG00000197747,0.33055243,0.0,1
ENSG00000143353_1,2.264045,1.3175076,1
ENSG00000116198,2.3547938,2.3132722,1
ENSG00000117305,1.3794265,0.0,1
ENSG00000143183,2.067724,3.2935812,1
ENSG00000162897,0.09254411,0.0,1
ENSG00000160087,2.3607593,2.898617,1
ENSG00000204138,2.482136,2.4910786,1
ENSG00000116191,1.7971579,1.8924285,1
ENSG00000162825,1.8143609,0.0,1
ENSG00000237463,0.05601609,0.0,1
ENSG00000196187_2,2.2640674,2.5104969,1
ENSG00000143207,2.3357842,2.5569632,1
ENSG00000227868,0.05736791,0.0,1
ENSG00000291141,0.7329125,1.295039,1
ENSG00000285041,-0.011704665,0.0,1
ENSG00000152078,2.1777387,1.8750033,1
ENSG00000143842_1,0.075923756,0.0,1
ENSG00000207205,1.9658643,0.0,1
ENSG00000163220,0.15389262,0.0,1
ENSG00000155380_1,2.8661606,3.3235822,1
ENSG00000007908,0.032248367,0.0,1
ENSG00000197106,1.2815801,1.5876436,1
ENSG00000244057,0.05219311,0.0,1
ENSG00000189171_1,2.3167555,3.1417036,1
ENSG00000162373,0.81003934,0.0,1
ENSG00000185630_1,0.15950069,0.0,1
ENSG00000134371,2.8245356,3.0043988,1
ENSG00000079739,1.2481192,1.219951,1
ENSG00000120948,2.7714617,3.2261176,1
ENSG00000076356,1.4626838,1.3904405,1
ENSG00000143252,2.04273,2.8381214,1
ENSG00000151414_1,0.0064127035,0.0,1
ENSG00000159445,2.5043592,0.0,1
ENSG00000156875,2.1955955,2.636458,1
ENSG00000127603,2.0102704,1.8131338,1
ENSG00000084070_1,2.0748332,3.0787032,1
ENSG00000076258,0.11816664,0.0,1
ENSG00000066027_1,0.029503126,0.0,1
ENSG00000162512,1.9800304,2.449469,1
ENSG00000203783,0.04517669,0.0,1
ENSG00000007923,2.5064075,2.711938,1
ENSG00000135750,2.0914042,2.3445692,1
ENSG00000117620,1.915845,2.3470411,1
ENSG00000162490,1.6857944,1.3495883,1
ENSG00000243709,0.6768881,0.0,1
ENSG00000177606,2.2140734,2.1357462,1
ENSG00000136636,2.0406046,2.7386997,1
ENSG00000143819,1.5916759,1.9362472,1
ENSG00000162520,1.6140779,0.0,1
ENSG00000117480,1.2637867,1.3044474,1
ENSG00000183386,1.7858466,1.7478156,1
ENSG00000274978,2.1712637,2.797586,1
ENSG00000117308,0.9640065,1.474988,1
ENSG00000203814,1.9352905,3.9034038,1
ENSG00000183386_1,2.4488328,3.4682395,1
ENSG00000198952,2.4369938,2.8805323,1
ENSG00000143499,2.3630946,2.0870712,1
ENSG00000158195,2.9631712,3.108964,1
ENSG00000074800_2,2.6923895,4.387593,1
ENSG00000116752,1.8219213,2.9105988,1
ENSG00000118473_1,0.2862361,0.0,1
ENSG00000175262,0.093645155,0.0,1
ENSG00000116922_1,2.4538617,1.9807894,1
ENSG00000173110,1.5663102,0.0,1
ENSG00000134375,2.5976055,3.2407887,1
ENSG00000121446,0.03435071,0.0,1
ENSG00000130940,1.3104652,1.4993296,1
ENSG00000143387,0.041571606,0.0,1
ENSG00000162604,1.581916,2.6699944,1
ENSG00000202444,2.5251377,0.0,1
ENSG00000196878_1,0.15855001,0.0,1
ENSG00000121764,0.95116395,0.0,1
ENSG00000162522_2,0.5568899,0.0,1
ENSG00000152061_3,0.3392002,0.0,1
ENSG00000163344,2.590992,0.0,1
ENSG00000184163,1.5256165,0.0,1
ENSG00000116525,0.572844,1.800706,1
ENSG00000162885,2.8204503,2.0705957,1
ENSG00000227181,0.026211727,0.0,1
ENSG00000048707_2,0.29068273,0.0,1
ENSG00000157870_1,1.379672,1.3200008,1
ENSG00000142621_1,0.8933103,0.0,1
ENSG00000163874,2.2110636,1.8531017,1
ENSG00000215883,1.9495748,2.0297813,1
ENSG00000155816_1,0.10161224,0.0,1
ENSG00000086015_1,0.09067556,0.0,1
ENSG00000077549,2.5060804,3.004072,1
ENSG00000146463,2.222444,0.0,1
ENSG00000132881,2.2655518,1.8910242,1
ENSG00000152104,1.210023,0.0,1
ENSG00000228436,2.1227,0.0,1
ENSG00000118217,0.9533122,2.6683645,1
ENSG00000143653,2.065542,2.6785512,1
ENSG00000169914,2.325011,2.517143,1
ENSG00000184005,0.9283399,1.140885,1
ENSG00000162383,0.48705012,0.0,1
ENSG00000197568,2.3513103,0.0,1
ENSG00000229989,0.19623621,0.0,1
ENSG00000174827,0.26394132,0.0,1
ENSG00000116857,2.421953,2.3027658,1
ENSG00000041988_1,2.0128748,2.0454364,1
ENSG00000162723,0.18582053,0.0,1
ENSG00000271252,0.05021255,0.0,1
ENSG00000186409,0.59394795,0.0,1
ENSG00000120332,0.088940814,0.0,1
ENSG00000240386,0.017588425,0.0,1
ENSG00000127483_1,2.7285511,2.6545231,1
ENSG00000060656,1.4417855,1.5109068,1
ENSG00000007908_1,0.016110513,0.0,1
ENSG00000177954,1.5102963,0.0,1
ENSG00000213625,2.768601,2.523468,1
ENSG00000198929_1,0.53139305,1.3471934,1
ENSG00000176022,2.5382338,2.2661612,1
ENSG00000160741_1,2.255689,0.0,1
ENSG00000116497,2.7177498,1.8875779,1
ENSG00000173846,2.3627677,2.2171626,1
ENSG00000135837,2.685455,2.5286725,1
ENSG00000142875_1,-0.00018463656,0.0,1
ENSG00000137960_1,1.1316615,1.2895889,1
ENSG00000162599_3,0.08020258,0.0,1
ENSG00000163352,0.7539863,0.0,1
ENSG00000181817,2.3470943,2.3540103,1
ENSG00000189280,0.16422011,0.0,1
ENSG00000156150_1,1.0894502,1.3612933,1
ENSG00000143507_1,2.0588346,1.831204,1
ENSG00000097096,2.3063185,1.8721272,1
ENSG00000116353,2.1361008,0.0,1
ENSG00000230937,0.1841876,0.0,1
ENSG00000076321,1.7631699,2.269527,1
ENSG00000163565,0.09869839,0.0,1
ENSG00000181218,2.7158735,3.088487,1
ENSG00000160856,0.025833208,0.0,1
ENSG00000183347,0.07183488,0.0,1
ENSG00000116329,1.5152308,1.509337,1
ENSG00000143578,2.3857229,1.8827522,1
ENSG00000266472,1.3813742,0.0,1
ENSG00000116514,2.1468189,1.9374677,1
ENSG00000137942,1.9641786,1.919554,1
ENSG00000121310,1.2034938,0.0,1
ENSG00000280670,1.5544976,1.2166197,1
ENSG00000143379,1.1918862,0.0,1
ENSG00000049239,2.2925956,1.8560821,1
ENSG00000156150,0.2928339,0.0,1
ENSG00000285184,1.4601103,1.4435759,1
ENSG00000143569,2.6452098,2.862042,1
ENSG00000137944,2.2054846,2.3344538,1
ENSG00000173662,0.44320455,0.0,1
ENSG00000117298_1,1.2660878,1.2199773,1
ENSG00000117400,0.14479314,0.0,1
ENSG00000238287,1.2093468,0.0,1
ENSG00000116584_2,2.2517798,2.5956063,1
ENSG00000134376_1,0.008932758,0.0,1
ENSG00000154429_1,1.7679654,2.4269779,1
ENSG00000123080_1,1.0117921,0.0,1
ENSG00000132122_1,1.184291,0.0,1
ENSG00000117410,2.623042,2.6862698,1
ENSG00000158156,1.5915886,1.550314,1
ENSG00000171960,2.0859115,2.8615248,1
ENSG00000009790_1,0.170821,0.0,1
ENSG00000134369_1,1.0630851,1.1292063,1
ENSG00000227066,0.14671634,0.0,1
ENSG00000234807,0.9381195,0.0,1
ENSG00000116285,1.9089575,1.7212582,1
ENSG00000131236_1,2.7286727,2.6967163,1
ENSG00000117595,1.7445858,0.0,1
ENSG00000196187_1,0.25622937,0.0,1
ENSG00000117682,2.3792145,1.9531603,1
ENSG00000142937,2.8866975,3.6481483,1
ENSG00000159658,2.4591098,2.3465643,1
ENSG00000081277,1.1620141,1.3796136,1
ENSG00000233791,0.53565586,0.0,1
ENSG00000143494,1.3338213,1.5539922,1
ENSG00000267272,0.968605,0.0,1
ENSG00000162706,1.1037954,1.7202586,1
ENSG00000162734,1.4483718,2.7231543,1
ENSG00000116161,2.1430807,2.291169,1
ENSG00000076864,1.5579876,0.0,1
ENSG00000152061_1,0.009056795,0.0,1
ENSG00000174950,0.7477767,0.0,1
ENSG00000158874_1,0.16731876,0.0,1
ENSG00000078369_1,2.2674878,3.1402283,1
ENSG00000137948,0.30397654,0.0,1
ENSG00000196189_1,0.30327404,1.0218918,1
ENSG00000233396,2.3211937,0.0,1
ENSG00000132676_1,2.3525608,0.0,1
ENSG00000162643,0.17495804,0.0,1
ENSG00000169442,0.7605606,0.0,1
ENSG00000153363,2.484865,2.6221611,1
ENSG00000162664,2.5960555,2.7767375,1
ENSG00000188783,0.20270638,0.0,1
ENSG00000122188,0.11583567,0.0,1
ENSG00000270882,2.2586055,3.5705383,1
ENSG00000172031,1.139152,1.6144121,1
ENSG00000162413,2.6529582,2.3488693,1
ENSG00000117477,0.4236657,0.0,1
ENSG00000215906,0.104430676,0.0,1
ENSG00000155366,2.1969445,3.0790799,1
ENSG00000116539,2.9204786,2.373004,1
ENSG00000116688_2,2.826261,2.8841674,1
ENSG00000142669,2.392328,0.0,1
ENSG00000282843,0.07659148,0.0,1
ENSG00000143816,1.7158444,1.7865101,1
ENSG00000213281,1.7938846,2.8129108,1
ENSG00000265972,2.1813734,3.2786942,1
ENSG00000237928,0.12880935,0.0,1
ENSG00000154027_3,1.0723981,0.99303925,1
ENSG00000227290,0.1477073,0.0,1
ENSG00000134222,2.5617115,2.2141097,1
ENSG00000184908_2,1.0849662,0.0,1
ENSG00000173673,0.23277782,0.0,1
ENSG00000066322,2.1619272,2.6736853,1
ENSG00000183431,2.283914,3.1670365,1
ENSG00000133063,0.094298705,0.0,1
ENSG00000163472_1,0.13300286,0.0,1
ENSG00000228594,1.8418301,2.0401275,1
ENSG00000085831,0.2810449,0.82673544,1
ENSG00000174175,0.043074075,0.0,1
ENSG00000116819,1.1450902,1.6079051,1
ENSG00000131233,0.029418651,0.0,1
ENSG00000134253,2.3922913,1.6078302,1
ENSG00000035687,2.6940935,3.0595105,1
ENSG00000186094,0.79230744,0.0,1
ENSG00000215784,1.8152488,2.8172777,1
ENSG00000286619,2.0336435,1.6919739,1
ENSG00000137955_1,1.026491,2.1373637,1
ENSG00000058799,1.804823,2.123881,1
ENSG00000066185_1,1.1458404,0.0,1
ENSG00000117791,1.2735536,1.4117544,1
ENSG00000119535,0.25851548,0.0,1
ENSG00000143543,2.3748138,2.9342806,1
ENSG00000198830_1,2.11724,1.7899895,1
ENSG00000117419,0.08086616,0.0,1
ENSG00000077522,1.5693866,1.4605521,1
ENSG00000207181,0.55690247,0.7532459,1
ENSG00000132718,0.9041251,0.0,1
ENSG00000116874_1,2.4171693,2.6886067,1
ENSG00000122483,1.1974258,1.7016284,1
ENSG00000162817,1.0481306,1.4483043,1
ENSG00000143479_1,2.3549287,1.1089032,1
ENSG00000259823,0.18475302,0.0,1
ENSG00000132680,2.2402775,2.660224,1
ENSG00000116690,0.04826309,0.0,1
ENSG00000085840,2.7094564,2.8079164,1
ENSG00000186510,0.35123563,0.0,1
ENSG00000134697,2.3472953,0.0,1
ENSG00000143324,2.1902359,2.5254867,1
ENSG00000134242,0.2076624,0.0,1
ENSG00000169504,2.631507,2.9561205,1
ENSG00000143450,0.7580249,0.0,1
ENSG00000143570_1,2.1517544,1.8363051,1
ENSG00000157216_2,0.24475588,0.0,1
ENSG00000163531_1,0.08959541,1.0010843,1
ENSG00000132122,0.021354217,0.0,1
ENSG00000162745_2,1.1728759,1.4318299,1
ENSG00000142675,0.24817826,0.0,1
ENSG00000137947,1.978242,2.8484797,1
ENSG00000162434_1,2.0585883,1.6892201,1
ENSG00000092621,0.40900123,2.3297617,1
ENSG00000123091,2.4015567,2.15892,1
ENSG00000134371_1,1.3971378,1.0743775,1
ENSG00000160789_1,1.4000167,1.0441319,1
ENSG00000131781_1,0.5106662,1.0244036,1
ENSG00000026751,0.043650854,0.0,1
ENSG00000152092,0.7550397,1.1899673,1
ENSG00000160094,1.7430767,1.6837133,1
ENSG00000198830,2.3966835,3.6416426,1
ENSG00000142627,1.2723974,1.3121985,1
ENSG00000286389,0.7026382,0.0,1
ENSG00000196352_1,2.8975732,3.506233,1
ENSG00000007968,2.4409158,2.0948553,1
ENSG00000121486,2.1180024,2.3303936,1
ENSG00000135824,0.3212526,0.0,1
ENSG00000158773,2.0075111,0.0,1
ENSG00000156097,0.15775536,0.0,1
ENSG00000143164,2.509679,2.9784453,1
ENSG00000142748,0.08911438,0.0,1
ENSG00000226758,0.00985967,0.0,1
ENSG00000162415,1.5726899,1.668563,1
ENSG00000162894,0.06521763,1.1331235,1
ENSG00000116138,2.5038164,2.4280863,1
ENSG00000162694,1.0760204,0.0,1
ENSG00000162595,0.32258204,1.554804,1
ENSG00000224968,0.013034482,0.0,1
ENSG00000082512_1,1.4957622,1.670793,1
ENSG00000179862,1.8805358,1.7430313,1
ENSG00000130770,2.4359853,3.9115336,1
ENSG00000253304,1.069692,1.1615776,1
ENSG00000273274,1.0647477,0.0,1
ENSG00000154309,1.0537516,0.0,1
ENSG00000135821_1,2.4442508,3.3922431,1
ENSG00000011009,1.3708155,0.0,1
ENSG00000285873,1.750326,1.8102392,1
ENSG00000117560,0.4829195,1.0876395,1
ENSG00000162407,0.6372494,1.8327643,1
ENSG00000143793_1,1.9991649,2.418914,1
ENSG00000174842,2.1131132,2.2420542,1
ENSG00000203288,1.6303679,1.6792825,1
ENSG00000117519,1.3332063,1.0559514,1
ENSG00000133055,0.24113451,0.0,1
ENSG00000142892,0.8441703,0.0,1
ENSG00000162600,2.151955,2.398636,1
ENSG00000143847,2.1392746,1.9268156,1
ENSG00000127481_1,2.97713,3.3170056,1
ENSG00000135823,2.414428,0.0,1
ENSG00000228382,0.090389,0.0,1
ENSG00000229258,0.2608301,0.0,1
ENSG00000160818,0.7304607,0.0,1
ENSG00000250719,0.15040651,0.0,1
ENSG00000160783,2.2761989,2.9734545,1
ENSG00000143420_1,2.4841766,3.3473768,1
ENSG00000119283,1.1553792,1.7659813,1
ENSG00000163239_1,1.2194434,0.0,1
ENSG00000188290,2.318056,1.840589,1
ENSG00000116983,0.8918639,0.0,1
ENSG00000122483_1,2.32113,2.102619,1
ENSG00000133019,0.71356934,0.0,1
ENSG00000135747,1.9908887,0.0,1
ENSG00000036549_2,2.6665366,2.3645248,1
ENSG00000160710_1,0.834336,0.0,1
ENSG00000159348,1.8876215,2.4025776,1
ENSG00000163545,1.3749841,1.6633805,1
ENSG00000158887,1.7255712,1.7213076,1
ENSG00000117748,2.796903,0.0,1
ENSG00000232265,1.2453021,2.6699924,1
ENSG00000173641,0.6776247,0.944384,1
ENSG00000182749,2.226024,1.8923784,1
ENSG00000162571,0.56658924,0.93520486,1
ENSG00000009709_1,1.1813341,1.1331235,1
ENSG00000188770,0.04056116,0.0,1
ENSG00000116977,2.0180895,2.820164,1
ENSG00000237413,-0.024584975,0.0,1
ENSG00000175707,1.4318304,1.6352826,1
ENSG00000226419,2.682123,2.241778,1
ENSG00000185966,0.06234758,0.0,1
ENSG00000127463,2.3562117,2.774173,1
ENSG00000134744,2.149186,2.4426632,1
ENSG00000291157,0.045150463,0.0,1
ENSG00000163874_1,1.1626598,0.0,1
ENSG00000162441_1,2.1354675,2.6328428,1
ENSG00000234222,0.91935354,1.1883097,1
ENSG00000143337_2,2.8193433,2.7090282,1
ENSG00000143365_1,0.26170915,0.62252486,1
ENSG00000162496_2,0.9966585,1.68866,1
ENSG00000169717,0.21231817,0.0,1
ENSG00000233461,2.4065354,0.0,1
ENSG00000143341,0.4999178,1.7618903,1
ENSG00000237505,2.0689955,2.0625932,1
ENSG00000186063_1,1.5787631,0.0,1
ENSG00000176320,0.08311175,0.0,1
ENSG00000143702,0.15931973,0.0,1
ENSG00000282048,0.090604946,0.0,1
ENSG00000142657,2.5005577,3.398617,1
ENSG00000117481,2.6788976,2.3377187,1
ENSG00000121933,0.16883184,0.0,1
ENSG00000131697,2.3900073,2.2810583,1
ENSG00000160789,1.3643913,0.0,1
ENSG00000142973_1,0.06752439,0.0,1
ENSG00000133019_1,1.1880836,1.3161381,1
ENSG00000171735,1.9139197,1.6714135,1
ENSG00000058668,1.4824251,1.7595243,1
ENSG00000116898,2.6796935,3.2342007,1
ENSG00000117650,2.4529252,2.607751,1
ENSG00000117450,2.6399894,3.7905962,1
ENSG00000236810,3.0534194,2.358525,1
ENSG00000122482,1.9109608,0.0,1
ENSG00000197530_1,2.5333471,1.5958818,1
ENSG00000169962,0.6541504,0.0,1
ENSG00000223883,-0.019140195,0.0,1
ENSG00000224259,0.09689315,0.0,1
ENSG00000227006,0.16157573,0.0,1
ENSG00000229956,1.3699431,0.0,1
ENSG00000143614,2.3910425,2.6307533,1
ENSG00000133059_1,2.1692944,1.7745899,1
ENSG00000054267,2.2725465,0.9876216,1
ENSG00000198492,2.5098927,3.0443437,1
ENSG00000116675_3,1.9099644,0.0,1
ENSG00000185483,1.2130076,1.5708114,1
ENSG00000143127,0.19215168,0.0,1
ENSG00000143179_2,0.11864816,0.0,1
ENSG00000117298,0.31170502,1.0720881,1
ENSG00000143845,0.0701482,0.0,1
ENSG00000231246,0.081867084,0.0,1
ENSG00000285053_1,0.57443804,0.0,1
ENSG00000054523,2.2081404,2.319183,1
ENSG00000117707_2,0.13897385,0.0,1
ENSG00000057757,2.9671326,2.866899,1
ENSG00000203965_1,2.0061305,0.0,1
ENSG00000163485_1,0.37760514,0.0,1
ENSG00000143624_1,0.08333306,0.0,1
ENSG00000060642_1,2.6889436,1.871018,1
ENSG00000173171_1,1.9929606,2.5067186,1
ENSG00000142798,0.20397934,0.8267225,1
ENSG00000123473,2.9127543,2.6669586,1
ENSG00000162614,1.2162515,1.6999764,1
ENSG00000174514_2,0.9619563,1.998002,1
ENSG00000142583_1,1.0180448,0.0,1
ENSG00000134389,0.060682286,0.0,1
ENSG00000223956,0.058511857,0.0,1
ENSG00000136634_1,0.07489176,0.0,1
ENSG00000134207_1,0.8760967,0.9533344,1
ENSG00000162378,2.0757987,2.5613422,1
ENSG00000049089_2,1.1799872,1.2018666,1
ENSG00000162873_1,0.13006638,0.0,1
ENSG00000236528,2.667422,0.0,1
ENSG00000117000,2.2557647,2.471695,1
ENSG00000178828,0.25401253,0.0,1
ENSG00000116729,0.41475716,0.0,1
ENSG00000158748,1.5058264,1.3613123,1
ENSG00000057252,2.1283932,2.3605518,1
ENSG00000097021_2,2.3053076,2.4167438,1
ENSG00000122481,2.0569253,2.3311074,1
ENSG00000132768,1.4805394,2.4281995,1
ENSG00000117266,0.40665585,1.1813576,1
ENSG00000226486,0.024179924,0.0,1
ENSG00000225630,4.585756,3.4185996,1
ENSG00000180287,0.07322447,0.0,1
ENSG00000143195,1.4035107,1.8019248,1
ENSG00000143158_2,2.6368768,2.94737,1
ENSG00000069275,2.4186265,2.8245294,1
ENSG00000118194_3,0.1693631,0.7437919,1
ENSG00000122417,0.0061044283,0.0,1
ENSG00000142700,1.0818726,1.322517,1
ENSG00000065978_1,2.3377032,2.5738459,1
ENSG00000290592,0.11930217,0.0,1
ENSG00000240409,4.0021243,4.121724,1
ENSG00000162836,1.1029258,0.0,1
ENSG00000188739,2.182472,2.6406524,1
ENSG00000130766,2.4807613,2.4632792,1
ENSG00000159208,0.4522733,0.0,1
ENSG00000174332_1,1.7825699,1.6221,1
ENSG00000251503,2.3553975,2.2725518,1
ENSG00000116251,2.7124374,3.2481253,1
ENSG00000196420,0.18466838,1.3212545,1
ENSG00000173947,0.834301,0.0,1
ENSG00000160055,2.0610232,1.91698,1
ENSG00000116688,2.570353,2.9692016,1
ENSG00000117859,1.2023877,2.8813264,1
ENSG00000143851,1.4332501,2.310846,1
ENSG00000143257,0.15252526,0.0,1
ENSG00000142619,0.15364435,0.0,1
ENSG00000079335_2,2.2005517,1.9532038,1
ENSG00000183831,0.40845203,0.0,1
ENSG00000160710_3,1.1750745,2.6512663,1
ENSG00000116455,2.2161639,2.626401,1
ENSG00000198890,1.5638958,2.435266,1
ENSG00000233602,0.18149608,0.0,1
ENSG00000143801,1.8794119,2.053501,1
ENSG00000163873,1.700318,1.689806,1
ENSG00000228126,2.1992347,0.0,1
ENSG00000288905,0.9087345,0.0,1
ENSG00000212144,0.14095671,0.0,1
ENSG00000137941,1.7472618,1.8753449,1
ENSG00000206680,0.026112754,0.0,1
ENSG00000119280_2,0.1447903,0.0,1
ENSG00000142599,0.9278096,1.0269417,1
ENSG00000119285,2.0971344,2.6819844,1
ENSG00000162368,2.76934,3.0172546,1
ENSG00000213057,1.3469074,0.0,1
ENSG00000221986,0.75034064,0.0,1
ENSG00000054392_2,0.93345386,1.6994301,1
ENSG00000064703_1,2.535135,2.4937494,1
ENSG00000224445,0.03574689,0.0,1
ENSG00000156876,2.2501929,0.0,1
ENSG00000198841,1.9622556,2.2421985,1
ENSG00000162729,1.7630643,2.0935547,1
ENSG00000176444,2.6096056,2.6135142,1
ENSG00000178821,2.2201104,2.041286,1
ENSG00000163218,0.17137398,0.0,1
ENSG00000081026_1,1.6224681,1.2086025,1
ENSG00000293477,0.9180129,1.003762,1
ENSG00000143799,0.09696543,0.85744107,1
ENSG00000143226,0.923317,3.0176759,1
ENSG00000188910_1,0.2608895,0.0,1
ENSG00000273002,0.8745553,1.5744249,1
ENSG00000116675,0.120094165,0.6873506,1
ENSG00000158747,0.36619765,1.1211658,1
ENSG00000290989,2.8481963,2.4303122,1
ENSG00000162735_1,0.98156446,2.6142802,1
ENSG00000168159,3.000589,2.8428838,1
ENSG00000179914,0.06061806,0.0,1
ENSG00000132781_1,2.8303397,2.3450148,1
ENSG00000162433,1.7555689,2.0866444,1
ENSG00000180667,1.99397,2.9555147,1
ENSG00000163131,0.11955944,0.0,1
ENSG00000287033,2.397507,0.0,1
ENSG00000143493,3.0713344,2.3769436,1
ENSG00000177181,1.67912,1.3625767,1
ENSG00000173372,0.060716618,0.0,1
ENSG00000116649,2.4356296,3.1446738,1
ENSG00000117676_1,0.24403153,0.0,1
ENSG00000143442,1.9685413,2.0969794,1
ENSG00000185842_1,0.011140708,1.2295283,1
ENSG00000117862,1.2152385,0.0,1
ENSG00000163563,0.039916966,0.5611252,1
ENSG00000134668,0.23147185,0.0,1
ENSG00000158008,0.44389197,0.84992284,1
ENSG00000143458,2.0742416,1.8232851,1
ENSG00000135862,1.6484603,1.7491719,1
ENSG00000277918,2.4241087,2.5314074,1
ENSG00000134262_1,3.0438297,2.206151,1
ENSG00000184908,0.4439372,0.0,1
ENSG00000060656_1,0.73035413,0.0,1
ENSG00000054277,2.5429726,2.9196951,1
ENSG00000133019_2,0.023200233,0.0,1
ENSG00000143297,0.0047078915,0.0,1
ENSG00000189334,0.2988549,0.0,1
ENSG00000143545,0.78485155,2.8802853,1
ENSG00000127129,0.8080993,1.3109056,1
ENSG00000117528,2.1108828,2.3646467,1
ENSG00000069702,1.959855,1.7273786,1
ENSG00000116985,1.872151,1.5442418,1
ENSG00000201699,1.6986076,0.0,1
ENSG00000198815,2.4440463,0.0,1
ENSG00000159592_2,1.5011963,0.0,1
ENSG00000200087,0.7382871,1.4157411,1
ENSG00000121766,2.6480129,3.0009675,1
ENSG00000185946,2.1012971,2.580012,1
ENSG00000197785,2.7418869,3.1149077,1
ENSG00000116213,1.5407721,1.8688912,1
ENSG00000117318,2.0480063,3.1488585,1
ENSG00000196407,0.13366781,0.0,1
ENSG00000162676,0.8141957,1.3083509,1
ENSG00000185090,1.6708181,1.5693856,1
ENSG00000223382,1.5996829,0.0,1
ENSG00000116584_3,1.1919171,1.5035592,1
ENSG00000156171_1,2.5914319,2.6979144,1
ENSG00000163874_2,0.30801886,1.1483867,1
ENSG00000197965,2.1020453,2.8266804,1
ENSG00000249087,2.873688,1.9634572,1
ENSG00000163157,0.10855402,0.0,1
ENSG00000137992,1.4102439,2.0449708,1
ENSG00000287453,0.47165298,2.2443712,1
ENSG00000143507,0.12204017,0.0,1
ENSG00000143390,0.111425504,0.0,1
ENSG00000117118_1,2.2546952,3.2132971,1
ENSG00000197622,2.2773173,3.1374269,1
ENSG00000143401,1.2286886,0.0,1
ENSG00000291158_1,1.5620865,1.6163495,1
ENSG00000196352_2,0.06654476,0.0,1
ENSG00000162542,1.4176999,1.3275837,1
ENSG00000153029,0.7502536,1.4740705,1
ENSG00000116711,0.025177065,0.0,1
ENSG00000234546,1.004263,1.140885,1
ENSG00000134243_1,2.1316328,2.6521013,1
ENSG00000160789_6,0.84604865,0.8105685,1
ENSG00000136636_1,0.043430347,0.0,1
ENSG00000004455,2.213948,0.0,1
ENSG00000163909,1.702386,1.113007,1
ENSG00000183780_1,1.1292711,1.6402031,1
ENSG00000163209,0.02716424,0.0,1
ENSG00000287627,0.03185,0.0,1
ENSG00000169241,1.5573064,1.7146649,1
ENSG00000130768,0.21337806,1.1390285,1
ENSG00000142655,1.9681283,2.8556547,1
ENSG00000085433,1.9523671,1.9359051,1
ENSG00000092850,0.7819957,0.0,1
ENSG00000160058,2.7796407,2.6130517,1
ENSG00000291137,0.25558895,0.0,1
ENSG00000159479,2.4755518,2.651718,1
ENSG00000125462_4,0.21020271,0.0,1
ENSG00000163875,2.72424,2.9008896,1
ENSG00000143549,0.2768674,0.0,1
ENSG00000198756,1.5447884,2.3907409,1
ENSG00000271736,0.38074994,1.5671911,1
ENSG00000142615,0.13666044,0.0,1
ENSG00000134193,0.033212293,0.0,1
ENSG00000134690,2.4751134,3.103756,1
ENSG00000177272,1.6828278,1.671432,1
ENSG00000160712,1.4012675,0.0,1
ENSG00000152904,1.7154745,2.7581925,1
ENSG00000172339,1.7040979,2.2967353,1
ENSG00000142867,2.4892309,2.5023725,1
ENSG00000143355_1,0.36832017,0.0,1
ENSG00000230285,0.06810166,0.0,1
ENSG00000182827,2.3669536,3.1521232,1
ENSG00000162510,0.70225126,1.6284155,1
ENSG00000196754,0.22443403,0.0,1
ENSG00000117600,0.6253478,1.494252,1
ENSG00000162849,1.2783705,0.0,1
ENSG00000252135,0.24324195,0.84610194,1
ENSG00000175137,2.523422,1.7228312,1
ENSG00000169224,0.025514562,0.0,1
ENSG00000162745_1,1.1719486,1.3057168,1
ENSG00000229989_1,0.018065859,0.0,1
ENSG00000273213,1.3083818,3.1115751,1
ENSG00000158062,2.0537226,2.2464862,1
ENSG00000116667,1.4813576,0.0,1
ENSG00000116771,1.0899088,1.1634297,1
ENSG00000064703,1.1418015,0.0,1
ENSG00000243710,1.9084257,1.2419249,1
ENSG00000067334,1.4840432,2.378389,1
ENSG00000090104,0.0032082237,0.0,1
ENSG00000118733_1,0.3120842,0.0,1
ENSG00000133226,2.784854,3.2316403,1
ENSG00000126106,2.3245099,0.0,1
ENSG00000198625,2.6747444,2.7430549,1
ENSG00000162374_1,0.10893142,0.8105282,1
ENSG00000116731,2.268297,2.5430307,1
ENSG00000143303,2.354623,2.8129134,1
ENSG00000196189_2,0.16386701,0.0,1
ENSG00000000938_2,0.50122994,0.0,1
ENSG00000084652,2.463688,2.7109175,1
ENSG00000058085,0.587115,0.0,1
ENSG00000116478,2.528087,3.0901592,1
ENSG00000134243,1.1946143,0.0,1
ENSG00000162877,0.4338544,0.0,1
ENSG00000160785,1.4164271,0.0,1
ENSG00000224174,0.40772754,0.0,1
ENSG00000021852_1,0.04494031,0.0,1
ENSG00000168528,0.15714918,0.7139439,1
ENSG00000229953,1.4738204,3.450041,1
ENSG00000235933,0.11882402,0.0,1
ENSG00000118194_2,0.14181435,0.0,1
ENSG00000047410,2.987232,3.3244205,1
ENSG00000142583_3,0.16111054,0.0,1
ENSG00000163431,0.74275273,1.4595131,1
ENSG00000227733_1,0.4015696,0.0,1
ENSG00000078808,2.6726625,2.8116667,1
ENSG00000171492,2.304613,2.3648136,1
ENSG00000143570,1.7993327,0.0,1
ENSG00000116783,0.06483112,0.0,1
ENSG00000162946,1.128433,0.0,1
ENSG00000116793,2.448882,1.4054488,1
ENSG00000163156,1.3367583,2.4834619,1
ENSG00000233079_2,0.013943139,0.0,1
ENSG00000162650,2.317903,2.0995426,1
ENSG00000079335_1,2.2184918,2.1681173,1
ENSG00000134716,0.49140435,0.0,1
ENSG00000187608,0.8879004,0.0,1
ENSG00000199347,1.8688849,2.7521276,1
ENSG00000094975,3.1682713,2.14941,1
ENSG00000233203,2.2313845,3.1976664,1
ENSG00000168148,1.2144827,0.0,1
ENSG00000227043,0.00016694143,0.0,1
ENSG00000287808,2.2044423,0.0,1
ENSG00000073754,0.008601729,0.0,1
ENSG00000162545_1,0.7099915,1.7192235,1
ENSG00000198837,1.9535606,2.2255936,1
ENSG00000285280,0.0384962,0.0,1
ENSG00000143418,0.41355264,0.0,1
ENSG00000189409,0.9398089,0.0,1
ENSG00000154358,0.49189782,0.0,1
ENSG00000054267_1,2.2612965,2.6173851,1
ENSG00000127483_2,2.5636566,2.9307148,1
ENSG00000162642,1.8527306,2.3624806,1
ENSG00000117625_1,1.6884234,0.0,1
ENSG00000117505,2.4905663,2.7907002,1
ENSG00000232265_1,0.28528455,0.0,1
ENSG00000117122,0.17668442,0.78938323,1
ENSG00000162482,1.2749727,0.9161907,1
ENSG00000117594,0.09343207,0.0,1
ENSG00000158292,1.8118706,1.8107029,1
ENSG00000134668_1,0.53389186,0.0,1
ENSG00000143355,0.25440842,0.0,1
ENSG00000131791,2.3427012,1.840965,1
ENSG00000198860,2.5362074,2.2937822,1
ENSG00000156171,0.02326386,0.0,1
ENSG00000215866,1.1106234,1.2613343,1
ENSG00000120942,2.379956,0.0,1
ENSG00000232671,2.7443829,1.5744249,1
ENSG00000223944,0.29016882,0.0,1
ENSG00000118298,0.28758982,0.0,1
ENSG00000177301_2,1.373373,1.680408,1
ENSG00000137948_1,0.03947987,0.0,1
ENSG00000053372,2.6779063,2.083825,1
ENSG00000197520_1,0.0577675,0.0,1
ENSG00000126709,0.61084837,0.0,1
ENSG00000143641,2.4461405,2.1906817,1
ENSG00000082497_1,0.14852394,0.0,1
ENSG00000207501,1.9187831,2.8786998,1
ENSG00000143858,0.99411315,0.0,1
ENSG00000121931,2.557933,3.1924531,1
ENSG00000203740,0.07076006,0.0,1
ENSG00000197147,2.5481417,2.7066333,1
ENSG00000215915,0.66928333,0.0,1
ENSG00000116774_1,0.21658467,0.0,1
ENSG00000232679,0.020320717,0.0,1
ENSG00000291158_3,1.2148064,0.0,1
ENSG00000117153,2.2382905,0.0,1
ENSG00000198929,1.7870975,1.3435858,1
ENSG00000228971_1,-0.0016006492,0.0,1
ENSG00000168710_2,0.7639498,0.9984337,1
ENSG00000117691,2.1218493,2.784419,1
ENSG00000134376,0.044007007,0.0,1
ENSG00000143126,1.6292462,1.9663529,1
ENSG00000157181,1.8283149,0.0,1
ENSG00000131686,0.17572297,0.0,1
ENSG00000007341_1,2.1431372,1.9459951,1
ENSG00000154358_1,0.74074244,1.0489078,1
ENSG00000121905_2,1.321407,0.0,1
ENSG00000134256,0.042383645,0.0,1
ENSG00000259788,2.3888469,1.0218918,1
ENSG00000143158,2.9375165,3.07116,1
ENSG00000121753,0.36092845,0.7717344,1
ENSG00000121933_1,0.08225891,0.0,1
ENSG00000158864_1,2.2792866,3.0810194,1
ENSG00000171385,0.8818259,0.9533731,1
ENSG00000163263,0.07543768,0.0,1
ENSG00000116580,1.5159601,2.338048,1
ENSG00000136634,0.18779014,0.8461762,1
ENSG00000050628,1.899418,2.3114974,1
ENSG00000188157,2.027376,2.3340795,1
ENSG00000116337_3,1.0090944,1.298984,1
ENSG00000090621_1,1.8461102,3.3388588,1
ENSG00000154222,2.789055,0.0,1
ENSG00000158710,2.0208914,0.0,1
ENSG00000196754_1,0.2866751,0.0,1
ENSG00000142611,1.3399407,1.4168735,1
ENSG00000143319_1,2.557467,3.0075772,1
ENSG00000203782,0.089540556,0.0,1
ENSG00000134684,2.6894684,3.4168103,1
ENSG00000275538,2.2554033,0.0,1
ENSG00000116791_1,1.1736225,2.8530896,1
ENSG00000116396,1.9489461,1.6131121,1
ENSG00000122482_1,2.30224,2.195623,1
ENSG00000143337_1,2.9202201,2.10185,1
ENSG00000226067_1,1.3227382,0.9413623,1
ENSG00000143786,0.13290615,0.0,1
ENSG00000162599,1.427414,0.0,1
ENSG00000143158_1,2.3551888,3.0043042,1
ENSG00000203666_1,1.8885669,1.793462,1
ENSG00000085552,1.2058035,0.0,1
ENSG00000171517,1.3041387,1.2449695,1
ENSG00000173409,2.0758908,0.0,1
ENSG00000198765,0.29642743,0.0,1
ENSG00000135744_1,0.07291518,0.0,1
ENSG00000175130,1.8308917,3.4289021,1
ENSG00000142798_1,2.304846,2.7976394,1
ENSG00000084073,2.0309656,0.0,1
ENSG00000170128,1.1158512,1.5657061,1
ENSG00000160062,1.2907141,1.7701006,1
ENSG00000162687,0.31881326,0.7290838,1
ENSG00000169291,1.558872,1.3871655,1
ENSG00000153207,2.4975898,2.7028887,1
ENSG00000117600_1,0.6751351,1.4348211,1
ENSG00000158714,0.0925329,0.0,1
ENSG00000052723,2.4443552,3.0400958,1
ENSG00000116793_1,2.4108107,2.34631,1
ENSG00000143374,1.3397154,0.0,1
ENSG00000236719,0.262564,1.2342844,1
ENSG00000162551_1,0.2030807,0.0,1
ENSG00000131788,2.089433,1.8015271,1
ENSG00000143179,2.2143133,2.7777748,1
ENSG00000159166,1.0213234,0.0,1
ENSG00000183682,1.7928395,1.562816,1
ENSG00000143167,0.10510425,0.0,1
ENSG00000143320_1,1.1101726,0.7937066,1
ENSG00000025800_1,0.17757642,0.0,1
ENSG00000117620_1,0.79646355,0.0,1
ENSG00000116871,2.3826268,2.7719328,1
ENSG00000197084,0.07599063,0.0,1
ENSG00000185436,0.90410703,0.0,1
ENSG00000171735_1,1.708361,1.5458264,1
ENSG00000143627_1,0.96618193,0.0,1
ENSG00000228063,2.0746853,0.0,1
ENSG00000143751,2.8110027,2.7877076,1
ENSG00000187017,1.7577161,1.9309236,1
ENSG00000273727,1.4243091,0.0,1
ENSG00000203963,0.25392795,0.0,1
ENSG00000054282,1.6000035,2.50812,1
ENSG00000134186,2.6685903,3.0706325,1
ENSG00000067704,2.0606961,2.97126,1
ENSG00000088280,0.8706476,0.0,1
ENSG00000116675_2,0.14748642,0.0,1
ENSG00000169598,2.2283456,2.1304464,1
ENSG00000197780,1.3878709,0.0,1
ENSG00000117262,2.2053754,1.7400925,1
ENSG00000184588_2,0.012324769,0.0,1
ENSG00000185499,1.3989654,0.0,1
ENSG00000116701,0.13606921,0.0,1
ENSG00000293478,1.2726434,2.2670896,1
ENSG00000132485,1.5284599,0.0,1
ENSG00000230489,0.43095237,0.0,1
ENSG00000171729_1,1.5328041,1.3350565,1
ENSG00000231365,2.7013218,2.7135074,1
ENSG00000125944,2.7838953,3.2596512,1
ENSG00000231663,2.66361,2.1214943,1
ENSG00000092978,0.3939231,0.0,1
ENSG00000116704,2.0870063,1.9166329,1
ENSG00000203747,0.15540408,0.0,1
ENSG00000198468,2.2910035,0.0,1
ENSG00000127481,0.07480292,0.0,1
ENSG00000234694,2.3687735,0.0,1
ENSG00000116212,2.4590209,2.5925875,1
ENSG00000171793_1,2.5626314,1.6189263,1
ENSG00000143337_4,0.15194723,0.0,1
ENSG00000143512,0.19147779,0.0,1
ENSG00000143761,2.6786153,3.4435024,1
ENSG00000076864_2,2.1595669,2.3789337,1
ENSG00000116161_1,3.1135705,3.584293,1
ENSG00000152061,2.6915596,1.3749682,1
ENSG00000118193,2.3221877,2.432591,1
ENSG00000132849,1.4097794,1.5110407,1
ENSG00000179163,2.2110107,1.7891716,1
ENSG00000162891,0.15820624,0.0,1
ENSG00000049245,2.2469919,2.8251948,1
ENSG00000168264_1,2.0953064,1.8844554,1
ENSG00000197982,2.3695292,2.453563,1
ENSG00000203739,2.5210998,1.8458853,1
ENSG00000206828,2.0383427,0.0,1
ENSG00000143028,1.5500232,1.5848963,1
ENSG00000169885,0.20004353,0.0,1
ENSG00000237463_1,0.060456682,0.0,1
ENSG00000024526,2.206593,2.629867,1
ENSG00000159173_1,0.08673032,0.0,1
ENSG00000244038,2.414038,2.64577,1
ENSG00000280587,0.21420713,0.0,1
ENSG00000160679,2.4626894,3.1193252,1
ENSG00000143398,0.9018486,0.0,1
ENSG00000160789_7,0.7985582,0.0,1
ENSG00000169231,0.5385092,0.0,1
ENSG00000188672_1,2.45276,0.0,1
ENSG00000116337,1.2153233,2.1589804,1
ENSG00000183317,0.75678486,0.0,1
ENSG00000203710,1.0397445,2.169048,1
ENSG00000143333,1.2054704,1.2798038,1
ENSG00000121775,2.339657,2.5100098,1
ENSG00000197312,2.5809846,2.7858777,1
ENSG00000187147,0.63759464,0.0,1
ENSG00000058673,2.2953146,2.9921222,1
ENSG00000260971,0.02541903,0.0,1
ENSG00000162636,2.2871315,2.3318603,1
ENSG00000123689,1.4677314,1.6668454,1
ENSG00000184454,0.80035233,1.1351008,1
ENSG00000020129,2.374232,2.5470986,1
ENSG00000117226,0.058159802,0.0,1
ENSG00000143409_2,1.3666531,0.0,1
ENSG00000162745,0.1116648,0.0,1
ENSG00000154027_2,0.19954072,0.0,1
ENSG00000116815,2.2688816,2.899138,1
ENSG00000226919,0.21632218,0.0,1
ENSG00000162599_2,2.0796635,2.059571,1
ENSG00000198400_1,1.5259601,2.1617632,1
ENSG00000123472,0.034577776,0.0,1
ENSG00000143443,1.1290339,1.3636872,1
ENSG00000197852,1.2100476,1.7719327,1
ENSG00000137960,1.6322185,0.0,1
ENSG00000143436,1.9796692,0.0,1
ENSG00000143337,1.8280845,1.9208535,1
ENSG00000224093,0.44593182,0.0,1
ENSG00000125462_2,1.430234,1.8204774,1
ENSG00000134369,1.374431,1.5863509,1
ENSG00000143851_1,2.1537538,0.0,1
ENSG00000291132,0.75516135,1.3070465,1
ENSG00000116871_1,2.5717063,2.260298,1
ENSG00000073756,0.572638,0.0,1
ENSG00000189195_1,0.0006620623,0.0,1
ENSG00000067208,0.28862464,0.0,1
ENSG00000159189,0.12496869,0.0,1
ENSG00000116833_1,0.48534065,0.0,1
ENSG00000121634,0.05192985,0.0,1
ENSG00000196154,0.2776278,0.0,1
ENSG00000238107,2.3490784,0.0,1
ENSG00000118733,0.035862166,0.0,1
ENSG00000092969,0.3462282,0.0,1
ENSG00000171819,0.2965777,0.0,1
ENSG00000116785,0.00393926,0.0,1
ENSG00000227496,0.060955856,0.0,1
ENSG00000067606_1,0.25014716,0.8929512,1
ENSG00000132681,0.515618,0.99572295,1
ENSG00000186007_1,0.70988345,0.0,1
ENSG00000196517,0.60029197,1.089778,1
ENSG00000117155,2.48371,2.3727777,1
ENSG00000162493_2,0.16452765,0.0,1
ENSG00000126698,2.052458,0.0,1
ENSG00000097046_1,2.6351151,1.888926,1
ENSG00000163435,0.44065386,0.0,1
ENSG00000116254,1.732933,1.2742964,1
ENSG00000117036,2.2953062,0.0,1
ENSG00000143753_1,2.2488432,1.1026394,1
ENSG00000236963_2,0.17152213,0.0,1
ENSG00000143450_1,0.037367422,0.0,1
ENSG00000142910,0.25235474,0.0,1
ENSG00000159166_1,1.2932699,0.0,1
ENSG00000186007,0.009548444,0.0,1
ENSG00000064703_2,2.5129523,2.450423,1
ENSG00000158022,0.34985298,0.0,1
ENSG00000130762_1,0.5695765,0.0,1
ENSG00000133065,2.1207035,2.115747,1
ENSG00000160691_1,0.3960867,1.2570062,1
ENSG00000116539_1,2.661114,2.3394516,1
ENSG00000180875,0.5743483,0.0,1
ENSG00000162771,0.09124972,0.0,1
ENSG00000116691,2.4763186,2.6988058,1
ENSG00000117834,0.15386091,0.0,1
ENSG00000127603_1,0.8897078,2.6433737,1
ENSG00000155363,2.4179761,1.5693505,1
ENSG00000162434,2.129142,2.5790973,1
ENSG00000291158,0.18479289,0.0,1
ENSG00000131591,2.2938893,0.0,1
ENSG00000117016_1,1.2829024,0.0,1
ENSG00000122224,0.081334844,0.0,1
ENSG00000066557,2.2796435,0.0,1
ENSG00000123838,0.06363286,0.0,1
ENSG00000162522,1.8624353,2.1530187,1
ENSG00000162714,2.2375944,0.0,1
ENSG00000268043,1.2602762,1.9243371,1
ENSG00000143590,1.3029671,0.0,1
ENSG00000162747,0.14493906,0.0,1
ENSG00000182004,2.1106818,3.6163158,1
ENSG00000132716,2.575781,2.6671157,1
ENSG00000184371,0.7428432,1.9706258,1
ENSG00000162598,0.121389076,0.0,1
ENSG00000230798_1,1.6362989,1.6163536,1
ENSG00000274428,1.642632,0.0,1
ENSG00000143420,2.1746078,0.0,1
ENSG00000282143,1.2556859,1.330089,1
ENSG00000164011,2.2505481,2.369748,1
ENSG00000162618_2,-0.0016459338,0.0,1
ENSG00000204362,0.04692631,0.0,1
ENSG00000183508,2.2414272,2.443873,1
ENSG00000291138,1.3050096,0.0,1
ENSG00000160691,0.2267568,0.9984424,1
ENSG00000159363,1.8492302,2.0682082,1
ENSG00000186056,2.8533475,2.3822873,1
ENSG00000228526_2,0.8361675,1.6978307,1
ENSG00000067606_3,0.15429819,0.0,1
ENSG00000236358,0.5636499,0.0,1
ENSG00000280587_1,0.3223284,0.0,1
ENSG00000143554,1.1708932,1.779957,1
ENSG00000121903,0.87597346,0.0,1
ENSG00000134249,0.18808061,0.0,1
ENSG00000236782,0.2745421,0.0,1
ENSG00000275291,1.9836956,0.0,1
ENSG00000116288,2.530372,2.87718,1
ENSG00000162616,2.7769427,2.1415439,1
ENSG00000162909_2,0.20493498,0.0,1
ENSG00000228526,1.304827,0.90638894,1
ENSG00000117724,2.3764377,3.0136209,1
ENSG00000119280,1.8416125,1.9578992,1
ENSG00000163462,0.40124235,0.0,1
ENSG00000178104_4,1.3010424,1.4882263,1
ENSG00000134255,0.76761967,1.6831461,1
ENSG00000158715,1.6245203,1.634064,1
ENSG00000159388,2.5747128,2.8277576,1
ENSG00000162736_1,0.106898725,0.0,1
ENSG00000185220,2.6867483,2.0511332,1
ENSG00000116688_1,2.6884797,2.9438214,1
ENSG00000269713,1.8802304,1.6989005,1
ENSG00000173436_1,2.5611217,3.3944604,1
ENSG00000196517_1,1.1463512,1.8114811,1
ENSG00000143013_1,1.7987686,1.532627,1
ENSG00000116147,0.26232517,0.0,1
ENSG00000142875_4,0.018458787,0.0,1
ENSG00000117625,2.6734684,2.5110807,1
ENSG00000117676_2,0.3780414,0.0,1
ENSG00000049089_1,1.0622243,1.1211789,1
ENSG00000174348,1.1300131,0.0,1
ENSG00000188015,0.25470525,0.7485756,1
ENSG00000287445,2.094521,0.0,1
ENSG00000162493,0.6948853,0.0,1
ENSG00000160781,0.3328212,0.0,1
ENSG00000163362,0.14109649,0.0,1
ENSG00000143627,0.81417805,0.0,1
ENSG00000023909,2.5767782,2.9261835,1
ENSG00000122477,0.067539796,0.0,1
ENSG00000171680,0.92277384,0.0,1
ENSG00000121481,2.1829073,2.5215237,1
ENSG00000120656,2.8302953,0.0,1
ENSG00000230615,2.446201,1.9477915,1
ENSG00000117020_3,1.016446,1.1089032,1
ENSG00000117748_1,2.6413238,3.0260508,1
ENSG00000181450,1.8379687,2.282511,1
ENSG00000117419_1,2.1525805,2.4278316,1
ENSG00000189171,0.3589037,0.0,1
ENSG00000174514,1.5353299,1.5664847,1
ENSG00000270276,2.481413,3.4362867,1
ENSG00000160712_1,1.462624,1.7659739,1
ENSG00000117523_1,0.02069192,0.0,1
ENSG00000078900,1.8045948,1.4605521,1
ENSG00000290867_1,1.4904671,0.0,1
ENSG00000214114,2.215314,2.960602,1
ENSG00000143434,1.7640396,1.1917583,1
ENSG00000168243,1.5812596,1.6661997,1
ENSG00000227733,0.62195694,0.0,1
ENSG00000203965,1.9661866,2.1186118,1
ENSG00000183726,2.556651,3.4122825,1
ENSG00000142583,0.101222426,0.0,1
ENSG00000187815,1.5856525,1.8875723,1
ENSG00000048707_1,0.08135547,0.0,1
ENSG00000160691_3,2.0111673,2.4867833,1
ENSG00000143171,0.4555989,1.1985581,1
ENSG00000205116,0.64040905,1.4483198,1
ENSG00000117632,0.85429466,0.0,1
ENSG00000164002,1.223189,1.4977036,1
ENSG00000197721,2.4498944,3.0188878,1
ENSG00000132122_2,1.1964617,0.0,1
ENSG00000143079,0.9975267,0.982045,1
ENSG00000116906,2.225939,2.8404706,1
ENSG00000162836_1,0.8520496,0.66490513,1
ENSG00000018625,0.13253218,0.0,1
ENSG00000225880,2.5951333,2.1593115,1
ENSG00000120370,1.3969716,2.1089537,1
ENSG00000174606,2.3750234,0.0,1
ENSG00000159214_1,1.7131542,1.4820871,1
ENSG00000163399,2.3346426,3.1101687,1
ENSG00000196482,0.057844717,0.0,1
ENSG00000117461_1,2.8170774,1.632852,1
ENSG00000085832_1,2.3730261,2.5901685,1
ENSG00000143452,0.25719485,1.0536776,1
ENSG00000236423,2.7417247,0.0,1
ENSG00000187961,1.579449,2.3457656,1
ENSG00000107404,2.3409603,2.3589242,1
ENSG00000173614,1.8551878,0.0,1
ENSG00000203685,1.3775502,1.5101695,1
ENSG00000162408,2.2854269,2.788743,1
ENSG00000162430,1.5961553,1.8212448,1
ENSG00000225265,1.4041144,1.5672852,1
ENSG00000187017_1,1.513823,1.4741871,1
ENSG00000016602,0.006694231,0.0,1
ENSG00000228288,2.0909326,1.8951461,1
ENSG00000160767,0.45008892,1.0629954,1
ENSG00000159339,0.12392315,0.92891794,1
ENSG00000099260,0.72333467,0.0,1
ENSG00000183598,1.7227621,3.372402,1
ENSG00000143702_1,1.4501109,0.0,1
ENSG00000142949_1,1.4925779,1.6836773,1
ENSG00000090686,3.3328164,3.099736,1
ENSG00000143674,1.4656538,1.4328572,1
ENSG00000203730,0.11063932,0.0,1
ENSG00000162733,0.063979104,0.0,1
ENSG00000159588,0.22303386,0.90633506,1
ENSG00000118655,2.8237803,2.6804533,1
ENSG00000134698,1.8564798,2.0449317,1
ENSG00000143093,1.9286724,2.3333848,1
ENSG00000116273,2.392112,2.4982665,1
ENSG00000177000,1.1436487,0.0,1
ENSG00000117461,2.6830041,0.0,1
ENSG00000291158_2,1.1532067,1.5420532,1
ENSG00000000938_1,0.14980601,0.0,1
ENSG00000231605,0.27337086,0.0,1
ENSG00000014914_2,0.26647872,0.9708116,1
ENSG00000116685,2.0981128,2.3395667,1
ENSG00000238142,0.5135309,0.0,1
ENSG00000197956,0.7709357,0.0,1
ENSG00000282564,1.6751801,1.3882611,1
ENSG00000281406_1,1.4776244,1.2118678,1
ENSG00000189337_1,1.6991043,2.1728072,1
ENSG00000173372_1,0.06150158,0.7626035,1
ENSG00000163159,1.955911,2.3365297,1
ENSG00000291123,1.4496744,1.764617,1
ENSG00000126705,2.1509078,2.3873186,1
ENSG00000143375,1.2915684,1.3031312,1
ENSG00000143390_1,1.1206409,0.0,1
ENSG00000117020_1,1.5498917,1.4178867,1
ENSG00000117362,1.9610109,2.6525993,1
ENSG00000126088_1,1.7485658,3.2608414,1
ENSG00000162909_1,2.1786034,2.9709532,1
ENSG00000121644,2.586767,2.4560304,1
ENSG00000116962,1.4890558,1.5979364,1
ENSG00000143850_1,0.4123295,0.74374485,1
ENSG00000168765_1,1.2554892,0.0,1
ENSG00000116678,1.9331594,2.4244225,1
ENSG00000174514_1,0.32133788,0.0,1
ENSG00000284719,1.2134229,0.0,1
ENSG00000175087_1,2.5176084,2.228372,1
ENSG00000159173_2,0.65944153,0.0,1
ENSG00000143578_2,0.94704276,0.0,1
ENSG00000162594_1,0.20501901,0.0,1
ENSG00000196240,0.027191807,0.0,1
ENSG00000202031,0.43238783,1.4613935,1
ENSG00000196418_1,1.7529051,1.8331727,1
ENSG00000116459,1.4757992,2.5580447,1
ENSG00000232537,0.07815923,0.0,1
ENSG00000174371,2.6028292,0.0,1
ENSG00000253097,0.020713244,0.0,1
ENSG00000127124_3,1.7804941,1.4864872,1
ENSG00000178585,2.5226371,2.414385,1
ENSG00000133056,1.6102176,1.7415613,1
ENSG00000116521,1.3593498,0.0,1
ENSG00000188800,0.0752936,0.0,1
ENSG00000143811,2.8587506,3.1131475,1
ENSG00000065243,2.5255816,2.6672475,1
ENSG00000135824_2,0.42589134,0.0,1
ENSG00000270722,2.497424,2.8646505,1
ENSG00000162543,2.3111072,2.24311,1
ENSG00000143842,0.875251,1.3624448,1
ENSG00000287452,0.06052475,0.0,1
ENSG00000134644,2.5711768,2.359308,1
ENSG00000237980,0.8522353,0.75333786,1
ENSG00000224535,0.11474623,0.0,1
ENSG00000116337_1,0.98375994,0.0,1
ENSG00000158825,0.4533518,1.2215968,1
ENSG00000001461,1.733701,0.0,1
ENSG00000159592,2.789436,2.4946303,1
ENSG00000009790,0.06274097,0.0,1
ENSG00000213512,0.031259883,0.0,1
ENSG00000274265_1,1.1525873,1.1866908,1
ENSG00000236069,0.004467029,0.0,1
ENSG00000224609,0.54890084,0.0,1
ENSG00000225206,0.6534143,0.0,1
ENSG00000187634,0.9777958,0.0,1
ENSG00000143815,2.7531862,3.2060862,1
ENSG00000142765,0.37160426,0.0,1
ENSG00000116809,1.904492,2.465109,1
ENSG00000123472_1,1.8607231,2.2651246,1
ENSG00000232093,2.0868862,2.0245225,1
ENSG00000154380_1,1.5660561,1.5302765,1
ENSG00000143669,2.1527598,1.2583978,1
ENSG00000118873,2.3072627,2.096639,1
ENSG00000204859,2.1257615,2.272758,1
ENSG00000198160,2.4676416,2.3035848,1
ENSG00000183814,2.596226,2.5794623,1
ENSG00000116350,3.103019,2.9266675,1
ENSG00000176256,0.038177747,0.0,1
ENSG00000228536_2,0.060978565,0.0,1
ENSG00000085465_1,0.07050322,0.0,1
ENSG00000077157,2.4204705,2.3013556,1
ENSG00000171502,0.29445368,0.0,1
ENSG00000142632,2.279091,1.462428,1
ENSG00000163348,2.6399105,2.6743834,1
ENSG00000116701_1,0.19368169,0.0,1
ENSG00000143149,2.1012473,1.9143537,1
ENSG00000242485,2.499313,3.4043102,1
ENSG00000116221,2.1820745,3.4684656,1
ENSG00000198821,0.33301988,1.0441084,1
ENSG00000228536,0.040822495,0.0,1
ENSG00000162616_1,1.0666426,0.0,1
ENSG00000143318,0.28679192,0.0,1
ENSG00000117533,2.349851,2.6342857,1
ENSG00000132677,0.60459584,0.0,1
ENSG00000196660,1.860111,2.0145626,1
ENSG00000207056,0.0255058,0.0,1
ENSG00000037637,2.6496904,2.6845303,1
ENSG00000131236,2.873669,1.1777961,1
ENSG00000237429,1.5005502,2.120462,1
ENSG00000135773,0.29043093,0.7717344,1
ENSG00000172456_2,1.9762528,0.0,1
ENSG00000137962,1.4994718,1.5167865,1
ENSG00000160678,0.3529243,0.0,1
ENSG00000201801,1.3135334,2.4697366,1
ENSG00000182898,0.015568037,0.0,1
ENSG00000011007,2.3193283,2.8729582,1
ENSG00000197472,1.8494312,2.102492,1
ENSG00000134255_1,2.5817044,2.8236027,1
ENSG00000163444,2.6097338,2.5089874,1
ENSG00000162702,1.8319817,2.3256798,1
ENSG00000169905,1.2664484,3.0093362,1
ENSG00000121940,2.46928,2.8461885,1
ENSG00000187048,0.0824212,0.0,1
ENSG00000179546,1.5460397,1.1211658,1
ENSG00000178028,0.88840115,1.9904543,1
ENSG00000162819,2.7822452,2.67799,1
ENSG00000162419,2.7456262,2.2641091,1
ENSG00000184007_1,2.3430688,1.0721028,1
ENSG00000196482_4,0.7319192,1.1447299,1
ENSG00000213085,1.1381541,0.0,1
ENSG00000182901,1.5609641,1.8394152,1
ENSG00000265808,1.944193,3.124765,1
ENSG00000067606,1.739604,1.5419784,1
ENSG00000196182,3.0682924,2.0975661,1
ENSG00000196449,2.351607,2.4895365,1
ENSG00000184148,0.04486068,0.0,1
ENSG00000142945,2.4092684,3.0934532,1
ENSG00000143633,2.1740198,2.4976125,1
ENSG00000178104_1,1.0842873,1.373923,1
ENSG00000188822,0.11923468,0.0,1
ENSG00000070785,1.9794804,0.0,1
ENSG00000120937,0.729803,0.0,1
ENSG00000177000_2,2.9317057,2.3344276,1
ENSG00000116212_1,1.8832457,2.458381,1
ENSG00000174307,1.5325433,2.0386202,1
ENSG00000116183_1,0.019932125,0.0,1
ENSG00000229960,0.17742181,0.0,1
ENSG00000181656,0.26909074,0.0,1
ENSG00000143258,1.7572821,2.2593477,1
ENSG00000142751,2.342738,2.763075,1
ENSG00000284657,2.2783263,0.0,1
ENSG00000142621,0.1451641,0.0,1
ENSG00000143198,2.280626,2.7800803,1
ENSG00000162594,0.019840527,0.0,1
ENSG00000097046,2.2484207,2.6950006,1
ENSG00000142621_2,0.06214376,0.0,1
ENSG00000158850,2.1717818,2.6796124,1
ENSG00000163565_1,0.029351372,0.0,1
ENSG00000228794_1,2.5740273,2.6541207,1
ENSG00000048707_3,1.6310216,1.5303278,1
ENSG00000116786,1.9306663,2.4002357,1
ENSG00000143184,0.033361096,0.0,1
ENSG00000007341_2,2.4601724,1.6032526,1
ENSG00000143603,0.23260556,0.0,1
ENSG00000143631,0.006443385,0.0,1
ENSG00000143457,0.8140932,0.0,1
ENSG00000142789,0.1331862,0.0,1
ENSG00000132879,1.076825,1.6352926,1
ENSG00000203666_2,2.5779066,2.6195388,1
ENSG00000160803,2.499953,2.1144176,1
ENSG00000241794,0.03018703,0.0,1
ENSG00000182795,0.48224503,0.0,1
ENSG00000228044,0.1062769,0.0,1
ENSG00000143552,0.39084443,0.0,1
ENSG00000196188,0.18820842,0.0,1
ENSG00000116459_1,2.2280452,3.6387267,1
ENSG00000188295,2.3219087,2.1793306,1
ENSG00000163346,0.6010847,0.0,1
ENSG00000116209,2.7120001,2.8093786,1
ENSG00000143622_1,1.2954999,2.3023114,1
ENSG00000116151,2.510746,2.0597339,1
ENSG00000162813,0.6992116,0.0,1
ENSG00000127124_1,0.22510523,0.0,1
ENSG00000269113,1.4414545,1.3894496,1
ENSG00000188004,1.4485272,1.3590193,1
ENSG00000162571_1,0.5358684,0.0,1
ENSG00000231163,0.055279035,0.0,1
ENSG00000143669_1,0.17056836,0.0,1
ENSG00000082482_1,1.2016444,1.8123116,1
ENSG00000131910,0.9025215,1.2909912,1
ENSG00000233593_1,1.9194884,0.0,1
ENSG00000235750,1.5714587,0.0,1
ENSG00000259030,0.92865247,2.3451953,1
ENSG00000162385,2.1469924,0.0,1
ENSG00000127124,1.6965148,1.9169695,1
ENSG00000162695,1.9011844,2.4751682,1
ENSG00000177868,2.3706691,2.0574758,1
ENSG00000224965,1.2980797,0.0,1
ENSG00000118194_1,0.1459564,0.0,1
ENSG00000132694,2.253253,1.7641537,1
ENSG00000066027,2.706632,2.8862932,1
ENSG00000224616,2.1314821,1.5326397,1
ENSG00000234741,0.35097593,1.5143352,1
ENSG00000163531,1.1599586,0.0,1
ENSG00000151418,0.02765629,0.0,1
ENSG00000066056,0.15105568,0.0,1
ENSG00000182004_1,1.60505,1.9018286,1
ENSG00000162551,1.467553,1.3624636,1
ENSG00000235358,2.1215875,0.9562837,1
ENSG00000186501,2.472839,0.0,1
ENSG00000178922,1.4946889,1.6769953,1
ENSG00000291242,0.7001844,0.0,1
ENSG00000117115,0.25710887,0.0,1
ENSG00000162772,2.3126934,0.0,1
ENSG00000036549,0.030502189,0.0,1
ENSG00000117385,2.595563,2.300893,1
ENSG00000163207,0.025182936,0.0,1
ENSG00000016490,0.04828285,0.0,1
ENSG00000203709,0.3315135,0.0,1
ENSG00000160753,0.8146129,1.0583122,1
ENSG00000120949,0.5151234,0.8790729,1
ENSG00000116586,1.7578973,2.4488378,1
ENSG00000273694,0.05900391,0.0,1
ENSG00000183291,1.6952889,0.0,1
ENSG00000198198,2.5130613,2.1256568,1
ENSG00000075945,1.4491884,2.1533177,1
ENSG00000186150,0.36277962,0.0,1
ENSG00000117118,0.09965804,0.0,1
ENSG00000142945_1,0.3163066,0.0,1
ENSG00000054392_1,0.9799718,1.5473316,1
ENSG00000184330,0.053558636,0.0,1
ENSG00000196890,2.287164,2.806058,1
ENSG00000228309,0.011201639,0.0,1
ENSG00000143320,0.9587573,0.0,1
ENSG00000283227,0.031739805,0.0,1
ENSG00000143224,2.6862257,2.2654312,1
ENSG00000287839,0.30702114,0.9930216,1
ENSG00000142623_1,0.106009796,0.0,1
ENSG00000125462_1,0.7603862,1.0343878,1
ENSG00000173207,2.6919959,3.1386974,1
ENSG00000143498,1.2689804,0.0,1
ENSG00000285629,0.17849255,0.0,1
ENSG00000142875,2.1416218,2.0530632,1
ENSG00000163221,0.12748791,0.0,1
ENSG00000162843,0.063659206,0.0,1
ENSG00000143248_1,2.1357007,0.0,1
ENSG00000143393,1.7785815,2.3195932,1
ENSG00000207475,0.14281745,0.0,1
ENSG00000168710_1,2.5470102,1.6468741,1
ENSG00000198520,2.2206295,0.0,1
ENSG00000086015,2.3495467,0.0,1
ENSG00000163867,2.1452124,2.329764,1
ENSG00000132780,2.2003944,3.715134,1
ENSG00000143153,1.9653864,1.6176083,1
ENSG00000143603_1,0.49508846,0.6762545,1
ENSG00000235200,0.17373398,0.0,1
ENSG00000081026,2.1318293,1.5841728,1
ENSG00000169641,1.3167666,0.0,1
ENSG00000163125_1,1.7455839,1.8382634,1
ENSG00000198912,2.7581346,2.6866567,1
ENSG00000142875_5,0.009361867,0.0,1
ENSG00000162438,0.114595264,0.0,1
ENSG00000168118,2.3139055,2.7343333,1
ENSG00000187642,0.5620275,0.7762652,1
ENSG00000001460,1.602996,1.9788604,1
ENSG00000142686,2.3472254,1.9337251,1
ENSG00000137955,1.6410404,3.0719225,1
ENSG00000117593_1,2.132396,2.1916354,1
ENSG00000188910,0.49731237,0.96217984,1
ENSG00000133067_1,0.20534053,0.0,1
ENSG00000163191,1.2971901,0.0,1
ENSG00000233290_1,-0.017448124,0.0,1
ENSG00000240563,0.11270939,0.0,1
ENSG00000157330,0.089396045,0.0,1
ENSG00000133069,1.6444389,1.6776069,1
ENSG00000143390_2,1.8713421,1.8604578,1
ENSG00000143622,1.072841,0.0,1
ENSG00000159023,1.509072,0.0,1
ENSG00000162620,0.94127923,1.172457,1
ENSG00000178715,0.32515585,1.5010867,1
ENSG00000171812,1.463505,0.0,1
ENSG00000116703,0.047317702,0.0,1
ENSG00000135749,1.1922859,1.3602146,1
ENSG00000243480,0.037772212,0.0,1
ENSG00000162461,0.5859459,0.0,1
ENSG00000198574,0.26857153,0.0,1
ENSG00000189195,0.75213164,1.3625579,1
ENSG00000183888,0.20284176,0.0,1
ENSG00000180488,0.8114888,2.4585774,1
ENSG00000116299,1.2483168,0.0,1
ENSG00000162775,2.678509,2.7811842,1
ENSG00000034971,0.2023722,0.0,1
ENSG00000097033,2.479328,1.4883109,1
ENSG00000054116,2.732557,2.7650363,1
ENSG00000143032,1.166193,0.0,1
ENSG00000162777,0.18930487,0.0,1
ENSG00000227533,1.8398632,0.0,1
ENSG00000266338,1.8416723,0.0,1
ENSG00000117122_1,1.1865782,0.0,1
ENSG00000119280_1,0.841505,1.230934,1
ENSG00000143382,2.4060197,3.1248791,1
ENSG00000143514_1,0.13682972,0.0,1
ENSG00000188092,2.0471437,0.0,1
ENSG00000231999,1.8992585,1.5207193,1
ENSG00000171621,1.5945961,1.6764559,1
ENSG00000162894_1,0.0950623,0.0,1
ENSG00000117586,0.0752317,0.0,1
ENSG00000157911,2.4684045,0.0,1
ENSG00000287756,1.4042044,2.7640505,1
ENSG00000065600,2.0302913,2.126693,1
ENSG00000291068,2.801318,2.3916194,1
ENSG00000266094_1,0.33279574,0.0,1
ENSG00000132681_1,0.045194644,0.0,1
ENSG00000143226_1,0.7435348,1.3495883,1
ENSG00000204084_1,1.357876,1.9243207,1
ENSG00000058453,0.41784823,0.0,1
ENSG00000293264,0.7565367,0.0,1
ENSG00000290525,0.019832272,0.0,1
ENSG00000135835,1.6050199,1.1005085,1
ENSG00000077152,2.3243544,0.0,1
ENSG00000162383_1,0.17754792,0.0,1
ENSG00000143418_1,2.3304691,0.0,1
ENSG00000074964_1,0.53658175,0.0,1
ENSG00000053371,2.5614643,2.8445692,1
ENSG00000171680_3,0.61835825,1.0064062,1
ENSG00000236021,2.365763,1.9201756,1
ENSG00000136628,2.6158261,3.3825788,1
ENSG00000143119_1,0.40680236,0.0,1
ENSG00000163565_2,0.07098891,0.0,1
ENSG00000271380,2.6301525,1.5750377,1
ENSG00000132688,0.8121229,0.0,1
ENSG00000184007_2,2.7715864,3.5243416,1
ENSG00000142599_1,0.46566385,0.0,1
ENSG00000159352,1.43107,2.6062846,1
ENSG00000163354,0.29836667,0.0,1
ENSG00000049249,0.117627144,0.0,1
ENSG00000226835,1.4576734,0.0,1
ENSG00000143549_1,2.5405202,3.6736448,1
ENSG00000181773,2.3187454,0.0,1
ENSG00000162669,2.1533027,1.8421035,1
ENSG00000069812,1.5292379,1.441648,1
ENSG00000117592,2.710297,3.8680582,1
ENSG00000023572_1,0.665888,0.0,1
ENSG00000088280_1,2.1585672,0.0,1
ENSG00000116833,0.013887886,0.0,1
ENSG00000143476,2.9554431,0.0,1
ENSG00000127125,1.8882734,2.1772566,1
ENSG00000219481,2.7597675,2.3528576,1
ENSG00000162374_2,0.07155892,0.0,1
ENSG00000237330,0.6307593,0.0,1
ENSG00000160753_1,2.033748,1.2118678,1
ENSG00000207340,0.8021253,0.0,1
ENSG00000284543,0.08232835,0.0,1
ENSG00000066136_1,3.094088,2.153949,1
ENSG00000143643,2.6063356,2.1907797,1
ENSG00000083444,2.117957,2.8646066,1
ENSG00000143418_2,2.1617255,2.797777,1
ENSG00000162522_1,2.089135,2.1044462,1
ENSG00000228971,-0.028991845,0.0,1
ENSG00000172456,2.2425349,1.8347385,1
ENSG00000230461_1,0.58868134,1.3471934,1
ENSG00000092853,0.056921188,0.0,1
ENSG00000233791_1,2.4837997,0.0,1
ENSG00000286109,0.24965738,0.0,1
ENSG00000180999,0.025825758,0.0,1
ENSG00000143196,0.10807465,0.0,1
ENSG00000126107,2.3601449,2.6474915,1
ENSG00000142973,0.110914364,0.0,1
ENSG00000177301,0.2742899,0.84616387,1
ENSG00000117614,2.546833,2.9584804,1
ENSG00000149527,0.57678324,0.0,1
ENSG00000054118,3.0136626,2.9481928,1
ENSG00000143119,0.0833545,0.0,1
ENSG00000153904,1.3847255,1.703171,1
ENSG00000121900,1.5547676,1.8197281,1
ENSG00000180667_1,2.085494,0.0,1
ENSG00000162374,0.046533007,0.0,1
ENSG00000173436,0.66685283,1.5396907,1
ENSG00000171793,2.377177,2.9322586,1
ENSG00000162851,2.5716722,0.0,1
ENSG00000203325,0.87157965,0.9984337,1
ENSG00000143315,1.8541535,1.8272723,1
ENSG00000143228,2.2859125,2.8591394,1
ENSG00000127603_3,0.19869094,0.0,1
ENSG00000118729,0.058667395,0.0,1
ENSG00000116584_5,0.17374201,0.0,1
ENSG00000137975,0.045095418,0.0,1
ENSG00000143322,0.0532292,0.0,1
ENSG00000162444,1.1672648,0.9736358,1
ENSG00000142794,1.4037894,1.9797031,1
ENSG00000198492_1,3.0461748,3.0655236,1
ENSG00000116774,0.31001103,0.0,1
ENSG00000143248,0.06942864,0.0,1
ENSG00000199377,1.4339997,0.0,1
ENSG00000143772,0.1643161,0.0,1
ENSG00000230630,0.12112382,0.0,1
ENSG00000182866_1,0.1527599,0.0,1
ENSG00000143740,1.2199882,1.1706723,1
ENSG00000236975,0.09437327,0.0,1
ENSG00000143740_1,2.236101,2.307451,1
ENSG00000131779,2.2634852,0.0,1
ENSG00000158161,2.0043616,2.8740757,1
ENSG00000177888,2.4654167,2.1681557,1
ENSG00000203786,0.024560738,0.0,1
ENSG00000284188,1.423317,1.6720054,1
ENSG00000162814,0.27390754,0.0,1
ENSG00000135778,1.1849926,2.2310386,1
ENSG00000212916,1.3983663,1.2882268,1
ENSG00000187147_1,2.5716279,2.616423,1
ENSG00000197769,0.2125931,0.0,1
ENSG00000187583,1.1414024,1.32255,1
ENSG00000158816,0.19698095,0.0,1
ENSG00000223694,0.053624798,0.0,1
ENSG00000049247,0.033457253,0.0,1
ENSG00000240038,0.06117982,0.0,1
ENSG00000163479,0.50515854,0.0,1
ENSG00000158315,0.5239252,0.0,1
ENSG00000156869,0.5975454,0.0,1
ENSG00000143393_1,2.1096985,2.4852529,1
ENSG00000116754,2.3889992,2.828667,1
ENSG00000116747_1,2.815214,0.0,1
ENSG00000282718,0.21076035,0.0,1
ENSG00000117632_1,1.8551645,0.0,1
ENSG00000232284,0.36117828,0.0,1
ENSG00000168679,0.0635273,0.0,1
ENSG00000226167,2.4158618,0.0,1
ENSG00000197959,1.7483972,1.8028079,1
ENSG00000116237,2.5328267,2.6075838,1
ENSG00000000460,1.9281921,2.5746596,1
ENSG00000196352,2.921139,3.5125844,1
ENSG00000197520,0.06659745,1.8597926,1
ENSG00000121905,0.40784395,0.88603926,1
ENSG00000181754,1.4603264,0.0,1
ENSG00000048707,1.8745867,1.6892289,1
ENSG00000201558,2.4490457,2.272415,1
ENSG00000188643,0.48544633,1.2525375,1
ENSG00000198892,1.052009,1.6946139,1
ENSG00000163216,0.08068302,0.0,1
ENSG00000203705,2.437124,2.5452898,1
ENSG00000116661,1.3975829,1.5539436,1
ENSG00000175793,0.56222695,0.0,1
ENSG00000231563,1.0630007,1.5917878,1
ENSG00000160710_2,2.175,1.4595734,1
ENSG00000090020,1.9966923,2.230666,1
ENSG00000125703,1.7829396,2.6035147,1
ENSG00000289881,1.7156363,1.2742734,1
ENSG00000162946_1,0.04994755,0.0,1
ENSG00000171492_1,1.0950068,2.2293773,1
ENSG00000090273,2.49381,3.5315568,1
ENSG00000157873_2,0.7696224,0.0,1
ENSG00000135763,2.1849158,1.9368604,1
ENSG00000134369_2,0.052221287,0.76261854,1
ENSG00000142949,0.23904349,1.0392555,1
ENSG00000143850,0.18155979,0.0,1
ENSG00000159208_1,0.3552153,1.0606601,1
ENSG00000235545,1.9344443,0.0,1
ENSG00000137955_2,0.26073447,2.320761,1
ENSG00000186063,2.752697,2.7207792,1
ENSG00000274210,1.7935816,2.9727628,1
ENSG00000236963,0.077096,0.0,1
ENSG00000230623,0.034766916,0.0,1
ENSG00000143546,0.092088416,0.0,1
ENSG00000085832,0.075870514,0.0,1
ENSG00000158006,1.4863325,0.0,1
ENSG00000154305_1,2.5154755,0.0,1
ENSG00000235169,2.242287,2.1891813,1
ENSG00000085998,2.1382027,0.0,1
ENSG00000143365,0.27182895,0.0,1
ENSG00000290867,1.1599956,0.0,1
ENSG00000184677,2.2811568,2.5709736,1
ENSG00000127603_2,0.56070155,2.1904242,1
ENSG00000127483,0.044020075,0.0,1
ENSG00000125462_3,0.29799917,0.0,1
ENSG00000230337,2.088001,1.6498312,1
ENSG00000225675,1.7915404,0.0,1
ENSG00000143363,1.5436654,2.2261357,1
ENSG00000154511,2.070542,1.5815173,1
ENSG00000157184,2.253236,2.6017308,1
ENSG00000134215_1,1.5341172,1.4714677,1
ENSG00000158286,1.9818295,1.43968,1
ENSG00000163564,0.008550126,0.0,1
ENSG00000008128,2.8417122,2.6111379,1
ENSG00000081692,2.351664,2.2842433,1
ENSG00000134207,1.4497727,1.6058866,1
ENSG00000177000_1,1.4593912,2.260708,1
ENSG00000154007,0.0034126528,0.0,1
ENSG00000181036,0.091311485,0.0,1
ENSG00000287684,0.091548935,0.0,1
ENSG00000007341,0.6466864,0.0,1
ENSG00000182118,2.1292384,2.276255,1
ENSG00000049089,0.68445885,0.0,1
ENSG00000142632_2,0.16225995,0.0,1
ENSG00000091483,2.0857658,3.5791454,1
ENSG00000188807,2.289799,1.6169479,1
ENSG00000117601,0.11451684,0.0,1
ENSG00000116288_1,2.2974977,0.0,1
ENSG00000153187_4,2.5834084,2.9165592,1
ENSG00000007933,0.004541803,0.0,1
ENSG00000154027_1,0.70576525,1.1900514,1
ENSG00000157216,0.21326526,0.0,1
ENSG00000162517,2.8147917,2.7266507,1
ENSG00000183780,1.3966254,1.6719408,1
ENSG00000010072,2.0871298,2.037793,1
ENSG00000186197_1,2.128142,1.8851802,1
ENSG00000162896,0.10235897,0.0,1
ENSG00000204084,2.3881798,2.04065,1
ENSG00000232077,0.020182837,0.0,1
ENSG00000253313,0.26708403,0.0,1
ENSG00000162409,1.4796016,1.7772818,1
ENSG00000188396,1.9250199,0.0,1
ENSG00000142871,1.7202781,1.8164468,1
ENSG00000224209,1.391697,1.2671483,1
ENSG00000121774,3.1455722,3.5599473,1
ENSG00000117411,2.031071,2.247556,1
ENSG00000143621,1.4699831,0.0,1
ENSG00000154342,1.6869131,1.4632208,1
ENSG00000143153_2,0.027116109,0.0,1
ENSG00000158769,2.4199107,2.904061,1
ENSG00000060642,2.549675,1.8557129,1
ENSG00000162493_1,0.6958341,0.0,1
ENSG00000136630,1.5411502,1.4865721,1
ENSG00000160789_4,2.3366249,3.238026,1
ENSG00000116171,1.5674809,2.121688,1
ENSG00000175984,1.6188985,0.0,1
ENSG00000134709,1.1440346,1.2882493,1
ENSG00000142609_1,0.51642424,0.0,1
ENSG00000143469,0.06511824,0.0,1
ENSG00000157933_1,0.7100759,0.0,1
ENSG00000130939,2.8411024,2.9669626,1
ENSG00000117155_1,2.4109156,2.712206,1
ENSG00000142875_3,0.027464155,0.0,1
ENSG00000168653,2.0749066,0.0,1
ENSG00000269934,1.4705952,1.6414443,1
ENSG00000079277_1,1.6696221,0.0,1
ENSG00000120948_1,0.1289309,0.0,1
ENSG00000132781_2,2.5229344,2.5734403,1
ENSG00000185842,2.2088892,3.0625632,1
ENSG00000076864_1,2.067929,0.0,1
ENSG00000234741_1,2.3331487,2.8948686,1
ENSG00000235098,0.399079,0.0,1
ENSG00000224536,1.6061685,0.0,1
ENSG00000231057,2.4600542,1.3096727,1
ENSG00000152061_4,0.70215005,0.0,1
ENSG00000075151_1,1.4699428,1.5342419,1
ENSG00000163395,0.09760249,0.0,1
ENSG00000206620,0.43506593,1.177825,1
ENSG00000121851,2.2247713,2.8927445,1
ENSG00000187017_2,0.35267586,0.0,1
ENSG00000078618,0.064728394,0.0,1
ENSG00000203784,0.032786105,0.0,1
ENSG00000202408,2.2300718,0.0,1
ENSG00000082512,1.5505909,1.8323811,1
ENSG00000230138,0.35766125,0.0,1
ENSG00000183155,2.4590626,2.4366858,1
ENSG00000228697,0.1382061,0.0,1
ENSG00000075151,2.2848618,2.0886216,1
ENSG00000137936_2,1.4115392,1.5577357,1
ENSG00000162623,1.1106666,2.7011542,1
ENSG00000162645,0.10966681,0.0,1
ENSG00000163362_1,0.113359764,0.0,1
ENSG00000133048,0.40744957,0.0,1
ENSG00000154370,1.9570879,2.7981782,1
ENSG00000164007,0.5094379,0.0,1
ENSG00000143344_1,0.5597155,1.4632956,1
ENSG00000185104,2.7060676,3.0319333,1
ENSG00000158859,0.52853376,1.0193241,1
ENSG00000203737,0.06774987,0.0,1
ENSG00000174606_1,2.0096781,2.168792,1
ENSG00000228794,0.8060296,0.0,1
ENSG00000204160,2.0705874,2.814434,1
ENSG00000164008,2.5002294,0.0,1
ENSG00000239887,0.32139057,0.6287771,1
ENSG00000169991,1.6849644,1.4623381,1
ENSG00000196505,2.0219433,2.0391324,1
ENSG00000077254,2.0933404,2.6435611,1
ENSG00000130762,1.5579778,1.3211633,1
ENSG00000173726,2.7707298,3.4743562,1
ENSG00000143761_1,2.1558754,1.0116128,1
ENSG00000116977_1,0.80875933,0.0,1
ENSG00000198216,1.3547261,0.0,1
ENSG00000197880,0.31901693,0.0,1
ENSG00000263961,0.10584207,0.0,1
ENSG00000181873,2.8548934,2.1333792,1
ENSG00000178395,0.9870563,1.4328731,1
ENSG00000132781,2.8192456,2.226373,1
ENSG00000126091,2.710345,2.4045258,1
ENSG00000188931,0.107558236,0.0,1
ENSG00000004455_1,0.83860934,0.0,1
ENSG00000233593,0.7932622,0.0,1
ENSG00000187554,2.2844632,1.6072599,1
ENSG00000067606_2,0.22470699,0.0,1
ENSG00000162545,1.2721144,1.2151086,1
ENSG00000162496_1,2.453023,2.7568643,1
ENSG00000291156,1.8410059,2.0774043,1
ENSG00000157870,1.8494095,0.0,1
ENSG00000157933,1.9923579,1.6674529,1
ENSG00000186205,1.2887114,1.4288796,1
ENSG00000065978,2.5452814,3.9871235,1
ENSG00000025800,1.5689378,2.924092,1
ENSG00000000971,0.18769248,0.0,1
ENSG00000116750_1,1.5003165,1.6741904,1
ENSG00000233008_1,0.7795355,0.8423471,1
ENSG00000233730,0.033643503,0.0,1
ENSG00000126067,2.078051,3.8232949,1
ENSG00000235358_1,1.6467279,0.0,1
ENSG00000162591,1.612531,1.3460594,1
ENSG00000117139_1,1.8959494,1.1985747,1
ENSG00000137965,0.00088577345,0.0,1
ENSG00000117602_1,2.0859256,1.477642,1
ENSG00000120334,2.3414614,1.4280019,1
ENSG00000203724,2.323071,1.8308452,1
ENSG00000225556,1.092199,0.0,1
ENSG00000154305,2.1971908,2.906564,1
ENSG00000116761,2.0927808,2.688563,1
ENSG00000116874,0.102863386,0.0,1
ENSG00000264294,2.6433368,2.1616614,1
ENSG00000169403,0.1863398,0.0,1
ENSG00000231789,0.9521808,2.536023,1
ENSG00000162676_2,0.96775824,0.95336336,1
ENSG00000152763_1,2.0162168,0.0,1
ENSG00000158887_2,0.110724434,0.0,1
ENSG00000197530_2,0.5234521,0.0,1
ENSG00000143632,0.699275,1.3904759,1
ENSG00000143549_2,0.13920385,0.0,1
ENSG00000197429,2.7692685,1.8841097,1
ENSG00000238164,0.62820745,0.0,1
ENSG00000116337_4,0.42097336,0.0,1
ENSG00000021852,0.017658222,0.0,1
ENSG00000143612,2.748481,2.9931293,1
ENSG00000196189_3,0.10890986,0.0,1
ENSG00000290683,1.8386924,2.8737147,1
ENSG00000054392,0.22476962,0.0,1
ENSG00000066279,2.3131251,2.9051216,1
ENSG00000162923_1,0.09998922,0.0,1
ENSG00000143416,0.542377,0.0,1
ENSG00000143368,1.5906568,2.9353793,1
ENSG00000266094,1.8177392,2.1845722,1
ENSG00000293505,1.7923199,0.0,1
ENSG00000186160,0.037071753,0.0,1
ENSG00000162735,0.20302798,0.0,1
ENSG00000213047_2,1.4567118,1.9567446,1
ENSG00000162592,0.30354178,0.7340634,1
ENSG00000162607,2.5290172,2.5040493,1
ENSG00000202027,0.27378097,0.0,1
ENSG00000163479_1,1.2086403,2.764526,1
ENSG00000198842,0.08493157,0.0,1
ENSG00000082497,1.4373194,1.4023646,1
ENSG00000171786,0.4927855,0.0,1
ENSG00000117133,1.3113326,2.8972366,1
ENSG00000162896_1,0.16763422,0.0,1
ENSG00000186364,0.98528737,1.8802418,1
ENSG00000227907,0.08304207,0.0,1
ENSG00000065183,1.9744364,2.3759542,1
ENSG00000258082,0.48330164,0.0,1
ENSG00000171488,2.0139406,1.9495852,1
ENSG00000178096,0.41968194,0.7034633,1
ENSG00000188786,1.8993517,0.0,1
ENSG00000189266,2.9231358,3.244527,1
ENSG00000235782,0.0367284,0.0,1
ENSG00000143256,2.3371856,0.0,1
ENSG00000162377,2.388741,2.4280603,1
ENSG00000116171_1,0.54918396,0.0,1
ENSG00000009780,2.3914807,1.8260813,1
ENSG00000160075_1,2.8130853,3.3847833,1
ENSG00000131584,2.5165076,1.7052906,1
ENSG00000135842,1.6098138,2.402796,1
ENSG00000162441,0.80148804,0.0,1
ENSG00000168528_2,1.3013691,0.0,1
ENSG00000188257,0.108536825,0.0,1
ENSG00000200972,0.3159352,0.0,1
ENSG00000143793,2.2921643,2.2561355,1
ENSG00000137968,0.017864559,0.0,1
ENSG00000291135,0.10965243,0.0,1
ENSG00000158793,2.2911072,2.3043418,1
ENSG00000090621,1.9224027,0.0,1
ENSG00000237976,1.3740993,2.0051806,1
ENSG00000117859_1,2.5126266,3.0373309,1
ENSG00000117152_1,0.088154376,0.0,1
ENSG00000197989,2.632301,3.17588,1
ENSG00000180198,1.8365026,3.7473457,1
ENSG00000285554,0.09895067,0.0,1
ENSG00000132128,2.4818985,2.4950306,1
ENSG00000157077,2.1725855,2.298176,1
ENSG00000170498,0.2038828,0.7579424,1
ENSG00000133065_1,1.0894558,1.5876436,1
ENSG00000116560,2.1706536,4.0871353,1
ENSG00000117751,2.16294,2.2583475,1
ENSG00000117154,1.313554,1.8304603,1
ENSG00000162873,0.22723822,0.0,1
ENSG00000197921,1.3856806,1.2642274,1
ENSG00000117020,0.035534818,0.0,1
ENSG00000143515,1.5062228,1.9596566,1
ENSG00000116750,2.8307986,0.0,1
ENSG00000143409,0.783744,0.0,1
ENSG00000142657_1,2.0082238,1.1883378,1
ENSG00000187223,0.04377805,0.0,1
ENSG00000116668,1.7953327,1.3398885,1
ENSG00000183114,1.1642987,1.3794506,1
ENSG00000198758,0.48546964,0.0,1
ENSG00000171722,0.10261358,0.0,1
ENSG00000222222,0.36226928,0.0,1
ENSG00000176261,1.4926671,0.0,1
ENSG00000117281,0.02842294,0.0,1
ENSG00000162496,1.2120916,1.5786163,1
ENSG00000187730,1.624577,2.0530286,1
ENSG00000186790,1.3889774,1.4558494,1
ENSG00000224051_1,1.0307052,0.0,1
ENSG00000199666,0.099268496,0.0,1
ENSG00000290592_1,0.07542203,0.0,1
ENSG00000133216,1.7164129,2.038163,1
ENSG00000084652_1,2.42236,2.350405,1
ENSG00000236427,0.57057285,0.0,1
ENSG00000202056,0.84358054,0.8423596,1
ENSG00000118200,1.6931047,2.1025984,1
ENSG00000142623,0.079151526,0.0,1
ENSG00000163877,2.2226508,2.6267908,1
ENSG00000127423,2.6171477,2.7230442,1
ENSG00000137959,-0.00011148676,0.0,1
ENSG00000131788_1,0.9594639,2.1550992,1
ENSG00000284770,1.9414877,0.0,1
ENSG00000143222,1.2440225,2.886988,1
ENSG00000142632_1,2.8759553,2.0733516,1
ENSG00000291072,3.3211102,0.0,1
ENSG00000151414,2.2861655,2.6894696,1
ENSG00000079335_3,1.1572397,0.0,1
ENSG00000043514,2.2875473,3.0223088,1
ENSG00000155761,0.6732835,0.0,1
ENSG00000162576,1.1523157,0.0,1
ENSG00000158473,0.55884933,0.0,1
ENSG00000074800_3,2.840164,2.772974,1
ENSG00000066135,2.0575778,2.2038403,1
ENSG00000157060,1.3331257,1.4239664,1
ENSG00000157064,0.578467,0.0,1
ENSG00000117758,1.8747193,2.5278258,1
ENSG00000153187_1,0.4700735,1.732249,1
ENSG00000116984,2.4070199,2.584415,1
ENSG00000232480,1.4014589,0.0,1
ENSG00000117222,2.354408,2.497967,1
ENSG00000160072,2.5873973,0.0,1
ENSG00000184371_1,1.1117468,2.0307615,1
ENSG00000203601,0.22030957,0.0,1
ENSG00000078900_1,0.33834752,0.0,1
ENSG00000078369,2.2454827,2.0282662,1
ENSG00000117016,1.1018327,0.0,1
ENSG00000293455,0.04669376,0.0,1
ENSG00000042781,0.043725956,0.0,1
ENSG00000230124,2.4975295,2.3000212,1
ENSG00000134686,2.397821,1.7171711,1
ENSG00000223075,0.019950945,0.0,1
ENSG00000240021,0.21319287,0.0,1
ENSG00000171806,1.8779792,2.1114573,1
ENSG00000185860,0.018373359,0.0,1
ENSG00000186207,0.044581685,0.0,1
ENSG00000186891,1.0179688,1.5876772,1
ENSG00000233290,0.0051044263,0.0,1
ENSG00000176092,0.23452298,0.0,1
ENSG00000185155,1.6123184,1.4511721,1
ENSG00000188976,2.1617794,2.9445474,1
ENSG00000122482_2,1.6680732,2.34333,1
ENSG00000163565_3,0.11701137,0.0,1
ENSG00000223175,0.027401257,0.0,1
ENSG00000272426,2.0227313,0.9792478,1
ENSG00000143376_1,2.0575547,1.8991472,1
ENSG00000162601,2.0182838,0.0,1
ENSG00000092847_1,2.0537546,2.3392189,1
ENSG00000152382,2.4771984,0.0,1
ENSG00000198626,1.5092462,1.7909182,1
ENSG00000286600,0.15241376,0.7761925,1
ENSG00000196660_1,1.6224113,2.294885,1
ENSG00000290569,1.4047325,0.0,1
ENSG00000159423,2.133419,2.226703,1
ENSG00000187513,0.8327579,0.0,1
ENSG00000187801_1,1.7812711,0.9708116,1
ENSG00000179397,1.0403119,0.0,1
ENSG00000184908_1,1.1055754,0.0,1
ENSG00000197241,0.20894825,0.0,1
ENSG00000213190,0.7962053,0.0,1
ENSG00000227712,0.24872403,0.0,1
ENSG00000163125,1.8744694,2.3966718,1
ENSG00000199879,1.289147,0.0,1
ENSG00000225767,0.3943181,0.0,1
ENSG00000196878,0.19426014,0.0,1
ENSG00000159173,0.12964986,0.0,1
ENSG00000143013,2.2121034,2.6860945,1
ENSG00000169509,0.03669851,0.0,1
ENSG00000143179_1,2.498255,2.3689969,1
ENSG00000160097_1,0.37654534,0.0,1
ENSG00000117090,0.09798533,0.0,1
ENSG00000235750_1,1.6726253,1.8706555,1
ENSG00000152763,0.02342749,0.0,1
ENSG00000131778,2.2781372,2.7604074,1
ENSG00000162753,0.1930845,0.0,1
ENSG00000287587,1.4448062,0.0,1
ENSG00000162923,1.9852813,3.1524749,1
ENSG00000160688,1.4148511,2.1898496,1
ENSG00000116698,2.7412384,2.5708604,1
ENSG00000201609,0.10423599,0.0,1
ENSG00000174151,1.3557144,1.4795063,1
ENSG00000168243_1,0.5226632,1.1578797,1
ENSG00000265107,0.40884036,0.0,1
ENSG00000134202,1.3265007,1.7069225,1
ENSG00000284738,1.5086646,1.1291418,1
ENSG00000170989,0.5906088,0.0,1
ENSG00000230426,0.35153046,0.0,1
ENSG00000169972,2.2516117,2.4909272,1
ENSG00000221978,2.8416193,2.6282468,1
ENSG00000169242,1.3999375,1.8612416,1
ENSG00000116396_1,1.1076978,1.4493086,1
ENSG00000230798,1.2814387,0.0,1
ENSG00000227070,1.1832424,2.4008884,1
ENSG00000291199,0.13412723,0.83065283,1
ENSG00000204138_1,0.20309877,0.0,1
ENSG00000163393,1.3738891,0.9708209,1
ENSG00000132849_1,0.014187802,0.0,1
ENSG00000130695,2.765196,2.883315,1
ENSG00000162670,0.108312115,0.76267856,1
ENSG00000116584_4,0.30076844,0.0,1
ENSG00000120341,0.06370343,0.0,1
ENSG00000171824,2.2490115,3.0103168,1
ENSG00000060688,2.6532552,3.1542656,1
ENSG00000228192,1.8309001,0.0,1
ENSG00000162728,0.11627947,0.0,1
ENSG00000134258,0.26229203,0.0,1
ENSG00000198734,0.34988683,0.8573928,1
ENSG00000143036_1,1.1824402,0.0,1
ENSG00000117174,1.9457605,2.9217384,1
ENSG00000170075,0.41308087,1.1130203,1
ENSG00000224459,0.15844524,0.0,1
ENSG00000134259,0.9544148,1.4075099,1
ENSG00000117525,1.2479122,1.312262,1
ENSG00000143155,2.1957054,1.7468209,1
ENSG00000150681,0.043438274,0.0,1
ENSG00000203865,1.9802114,0.0,1
ENSG00000186603,0.88378876,1.4147729,1
ENSG00000265241,1.9570552,2.7846901,1
ENSG00000079277,1.9388899,0.0,1
ENSG00000184292,1.4426306,1.8542392,1
ENSG00000077157_1,0.05069079,0.0,1
ENSG00000162692,0.053573567,0.0,1
ENSG00000222009,1.6317897,1.8040371,1
ENSG00000261595,1.658985,1.0392555,1
ENSG00000121905_1,1.1802216,1.1211658,1
ENSG00000143776,2.4250615,2.6787004,1
ENSG00000163374,2.910362,2.150342,1
ENSG00000182134,2.097864,2.1977298,1
ENSG00000132704,0.019720811,0.0,1
ENSG00000159596,1.4708201,0.0,1
ENSG00000188984,0.16764042,0.0,1
ENSG00000198216_1,0.3465666,0.0,1
ENSG00000159023_1,2.2880342,2.5637302,1
ENSG00000143257_1,0.13050343,0.0,1
ENSG00000163485_2,0.12253018,0.0,1
ENSG00000284693,1.2421879,0.0,1
ENSG00000117448,2.2868543,2.5429375,1
ENSG00000116406,2.6241562,2.5278296,1
ENSG00000163518,0.032510225,0.0,1
ENSG00000189433,0.1220676,0.0,1
ENSG00000132128_1,2.1156652,2.4549835,1
ENSG00000116981,1.1309832,1.2198726,1
ENSG00000273544,0.42448103,0.0,1
ENSG00000117593,2.9186985,2.9735434,1
ENSG00000117697,2.4531343,0.0,1
ENSG00000183520,2.581251,3.3474314,1
ENSG00000186197,0.16735484,0.0,1
ENSG00000152760,0.5349269,0.0,1
ENSG00000070759,1.4782776,2.227527,1
ENSG00000131238,1.6426369,3.000149,1
ENSG00000158488,0.033635084,0.0,1
ENSG00000162688,1.7356044,0.0,1
ENSG00000143107,0.08718203,0.0,1
ENSG00000274266,0.8255692,1.8998424,1
ENSG00000075391,1.754195,1.3362796,1
ENSG00000120333,0.14679152,0.8461515,1
ENSG00000143401_1,1.4132063,3.3039818,1
ENSG00000126088,1.6906636,0.0,1
ENSG00000178104_3,1.6732639,2.330637,1
ENSG00000271601,2.0770113,2.368008,1
ENSG00000028137,1.8711406,3.0469708,1
ENSG00000272438,1.9778444,0.0,1
ENSG00000154429_2,1.2890382,2.1497731,1
ENSG00000116183,0.021400291,0.0,1
ENSG00000198799,2.8466961,2.4350286,1
ENSG00000225206_2,0.08530995,0.0,1
ENSG00000117481_1,2.3348238,1.4178203,1
ENSG00000297423,1.5752941,0.0,1
ENSG00000117115_1,0.83731574,0.0,1
ENSG00000159346,2.4830198,2.8489678,1
ENSG00000162384,2.5923045,2.3393838,1
ENSG00000070886,1.4938222,1.7167543,1
ENSG00000081870,2.5480592,2.3629704,1
ENSG00000237853,0.48419458,0.0,1
ENSG00000130772,1.7341987,0.0,1
ENSG00000143624,2.4240334,2.429085,1
ENSG00000054392_3,0.030101124,0.0,1
ENSG00000143190,2.401908,2.3569736,1
ENSG00000041988,1.0876824,2.0812032,1
ENSG00000295836,1.6022618,1.5765141,1
ENSG00000117069,0.42729235,0.0,1
ENSG00000163472,2.394284,0.0,1
ENSG00000248485,1.1491807,1.4416951,1
ENSG00000287516,0.04259521,0.0,1
ENSG00000160789_3,0.1830293,0.0,1
ENSG00000117707,1.2072126,1.7908901,1
ENSG00000157978,1.9220029,2.3709939,1
ENSG00000196418,0.03802364,0.0,1
ENSG00000127124_2,0.10414192,0.0,1
ENSG00000300262,1.740561,1.0193241,1
ENSG00000168528_1,1.4059533,1.7943138,1
ENSG00000117245_1,1.6529808,1.5017848,1
ENSG00000122406,2.1801946,4.0250354,1
ENSG00000116922,2.0552447,0.0,1
ENSG00000162688_1,0.3006506,0.7437762,1
ENSG00000177674,2.0540102,2.5226867,1
ENSG00000008130,2.5095613,2.166273,1
ENSG00000014914_1,0.26534507,0.92582756,1
ENSG00000171680_4,0.25546256,0.0,1
ENSG00000122180,0.62068504,0.77170503,1
ENSG00000233514,0.19177812,1.796505,1
ENSG00000143479,2.4734347,2.0899403,1
ENSG00000085465,0.123218626,0.0,1
ENSG00000291234_1,0.79855627,1.4319425,1
ENSG00000118473,0.5546456,0.0,1
ENSG00000230623_1,0.051646817,0.0,1
ENSG00000132855,-0.0001774393,0.0,1
ENSG00000143157,2.400186,2.417289,1
ENSG00000162458,0.46863616,0.0,1
ENSG00000237491,2.820522,0.0,1
ENSG00000084070,0.10476114,0.0,1
ENSG00000227959,0.82351387,0.95631254,1
ENSG00000187634_1,0.52664065,0.0,1
ENSG00000143353,2.1517584,3.0061536,1
ENSG00000158874,0.21575367,0.6762728,1
ENSG00000171608,1.3039845,2.0468774,1
ENSG00000204624,1.9078869,1.4706162,1
ENSG00000116754_1,2.3809383,2.93021,1
ENSG00000143322_1,1.9920956,2.007039,1
ENSG00000116824,0.053081233,0.0,1
ENSG00000143344,1.9118606,0.8963609,1
ENSG00000160789_2,0.13135672,0.0,1
ENSG00000134215,-0.0014819317,0.0,1
ENSG00000162852,2.6608713,2.7357106,1
ENSG00000187801,2.1162984,0.0,1
ENSG00000238279,0.50846857,0.0,1
ENSG00000097021_3,2.5499172,2.2223003,1
ENSG00000137996,2.160014,3.071488,1
ENSG00000163239,1.5281342,1.4846983,1
ENSG00000133067,1.2338462,1.343507,1
ENSG00000163155,1.4535719,1.806553,1
ENSG00000143412,0.37442738,0.0,1
ENSG00000163463_1,1.9324093,3.3535104,1
ENSG00000116679,2.5528643,2.8642037,1
ENSG00000116745,0.06272133,0.0,1
ENSG00000184007,0.071931496,0.0,1
ENSG00000133069_2,0.15850079,0.0,1
ENSG00000143033,1.9895188,2.4073553,1
ENSG00000143469_1,1.4384276,1.2403744,1
ENSG00000263956,1.5628718,1.6383893,1
ENSG00000227579,-0.004588198,0.0,1
ENSG00000090432,1.5833684,0.0,1
ENSG00000142634,2.1625707,2.6966445,1
ENSG00000235942,0.08326493,0.7579272,1
ENSG00000226026,1.931709,0.0,1
ENSG00000163462_1,0.40430418,0.92577606,1
ENSG00000143771,1.4333302,2.448049,1
ENSG00000079335,0.07316065,0.0,1
ENSG00000179085,1.4377126,2.043374,1
ENSG00000274265_2,1.2878971,0.0,1
ENSG00000162402,2.3982856,2.4738123,1
ENSG00000162613,2.7437353,3.6054041,1
ENSG00000008118,0.09475382,0.0,1
ENSG00000177414,0.10231614,1.4977173,1
ENSG00000236719_1,0.10928103,0.0,1
ENSG00000132854,1.1116241,1.5102366,1
ENSG00000221040,0.10986604,0.0,1
ENSG00000072694,0.15691599,0.0,1
ENSG00000160710,1.9263719,1.8152057,1
ENSG00000116670_1,1.6982869,1.5814604,1
ENSG00000179456,0.05277838,0.7806341,1
ENSG00000132693,0.020015497,0.0,1
ENSG00000233621,2.023204,0.0,1
ENSG00000122435,1.8725016,2.402899,1
ENSG00000143156,1.379674,0.0,1
ENSG00000123843_1,0.10472071,0.0,1
ENSG00000142920,1.2671921,0.0,1
ENSG00000014914,0.18740128,0.0,1
ENSG00000084623,0.57340723,1.1813576,1
ENSG00000142694,1.8782947,2.0458703,1
ENSG00000143110,0.14201957,0.0,1
ENSG00000142856,1.5925618,0.0,1
ENSG00000180758,1.7308824,1.4741579,1
ENSG00000186283,2.07125,2.310842,1
ENSG00000198892_1,1.0043569,0.0,1
ENSG00000187010,0.7533874,2.5380015,1
ENSG00000117010,1.1046212,1.76369,1
ENSG00000197323,2.6612883,2.9919877,1
ENSG00000203943,0.13593654,0.0,1
ENSG00000171385_1,1.6699958,1.6425931,1
ENSG00000078618_2,2.967261,3.3051708,1
ENSG00000198771,2.280514,2.594408,1
ENSG00000143178,0.14965437,0.0,1
ENSG00000168275,2.7144916,3.0039127,1
ENSG00000163349,2.21745,2.705127,1
ENSG00000179051_1,2.1076584,2.6505213,1
ENSG00000142875_2,0.020057369,0.0,1
ENSG00000162670_1,0.069546565,0.0,1
ENSG00000158828,1.8481238,2.0701487,1
ENSG00000162641,0.065094605,0.0,1
ENSG00000174502,0.1727116,0.0,1
ENSG00000162460,0.50972253,0.0,1
ENSG00000215704,0.118859574,0.0,1
ENSG00000222046,0.22804229,0.0,1
ENSG00000121769,0.74661785,0.9129656,1
ENSG00000163050,2.5296047,2.1332834,1
ENSG00000173218,2.1172976,2.0751052,1
ENSG00000236963_1,0.18243997,0.60957307,1
ENSG00000204160_1,0.25356504,1.0536162,1
ENSG00000172155,0.04886921,0.0,1
ENSG00000203811,2.4244525,3.2275114,1
ENSG00000284882_1,2.0605803,0.0,1
ENSG00000117151,2.192828,2.5432122,1
ENSG00000142661,0.45740476,0.0,1
ENSG00000010165,2.2710152,2.0620177,1
ENSG00000081019_1,2.727389,2.4191856,1
ENSG00000171729,0.6371319,0.0,1
ENSG00000143376,1.7271416,2.505123,1
ENSG00000004487,2.7215416,3.2538636,1
ENSG00000143595,0.78008264,1.7981325,1
ENSG00000160716,1.1489207,1.420863,1
ENSG00000117479,2.6173537,2.3124778,1
ENSG00000162813_1,0.6570664,1.4022442,1
ENSG00000088035,2.01621,2.2867908,1
ENSG00000162769,2.4022467,2.3347974,1
ENSG00000198570,0.46227133,1.0465342,1
ENSG00000066136_2,1.1146051,0.0,1
ENSG00000142684,2.3044283,2.9570682,1
ENSG00000271723,0.049828965,0.0,1
ENSG00000135824_1,0.095919564,0.0,1
ENSG00000163041,2.5879154,3.9916995,1
ENSG00000143575,1.3959638,3.28317,1
ENSG00000135775,2.1447086,2.2318645,1
ENSG00000177301_1,1.1798947,0.7894397,1
ENSG00000143125,0.06490387,0.0,1
ENSG00000270106,2.4553945,0.0,1
ENSG00000159592_1,2.5704095,2.676901,1
ENSG00000164010,2.3636105,2.7170544,1
ENSG00000143702_3,1.9691427,1.9643115,1
ENSG00000238260,1.7244338,1.0810231,1
ENSG00000253368,1.4931614,1.5778248,1
ENSG00000143786_1,1.4369814,1.6973252,1
ENSG00000286071_1,0.046871785,0.0,1
ENSG00000184260,2.3754132,4.139066,1
ENSG00000159176,1.5870371,2.3254602,1
ENSG00000135838,1.9064288,0.0,1
ENSG00000274265,1.6281039,1.4759994,1
ENSG00000116260,2.316399,0.0,1
ENSG00000169469,0.03308003,0.0,1
ENSG00000179051,2.1626117,2.8288596,1
ENSG00000213064,2.3141932,2.7179732,1
ENSG00000178104_2,1.4819192,3.3122282,1
ENSG00000291234,1.1999924,0.0,1
ENSG00000117394_1,2.4198043,3.2006617,1
ENSG00000162585,2.1293788,2.9871297,1
ENSG00000198400,0.3774003,0.0,1
ENSG00000215717,2.3398273,2.4156678,1
ENSG00000162366,0.5432045,1.0606601,1
ENSG00000162511,0.45596796,1.6432453,1
ENSG00000235527,1.7565858,1.1231654,1
ENSG00000158764,0.16879271,0.0,1
ENSG00000174021,1.8257424,2.9803352,1
ENSG00000236021_1,1.2911731,1.6265395,1
ENSG00000137936_3,0.07823309,0.0,1
ENSG00000130775,1.107664,1.6628239,1
ENSG00000117602,0.8639836,1.3839768,1
ENSG00000179639,0.028234366,0.0,1
ENSG00000116604,2.2255273,1.9224141,1
ENSG00000158481,0.03343143,0.0,1
ENSG00000197530,2.7100832,2.151094,1
ENSG00000162779,1.9186028,0.0,1
ENSG00000023902,1.6600882,1.7196958,1
ENSG00000134717,2.45364,0.0,1
ENSG00000070831,2.0991879,3.409742,1
ENSG00000116218,1.182938,1.572244,1
ENSG00000122417_1,0.97249436,1.6842707,1
ENSG00000134183,0.13873078,1.0441476,1
ENSG00000116199,2.4073002,2.4759617,1
ENSG00000143006,0.85945654,0.0,1
ENSG00000233008,0.52743715,0.0,1
ENSG00000198700,2.15226,2.5276196,1
ENSG00000207241,0.21148346,0.0,1
ENSG00000059588,1.6009907,2.1575778,1
ENSG00000188060,1.0643207,1.2812653,1
ENSG00000117640_1,2.679981,1.5700641,1
ENSG00000143437,2.2261562,2.2812426,1
ENSG00000196187,0.19609119,0.0,1
ENSG00000159214,1.3777524,1.7151088,1
ENSG00000157881,2.133219,2.5356612,1
ENSG00000160051,2.1536334,2.1439698,1
ENSG00000158485,0.062352065,0.0,1
ENSG00000274020_1,1.5066017,0.0,1
ENSG00000158014,1.6647313,1.5636591,1
ENSG00000293279,1.8111365,0.0,1
ENSG00000273004_1,0.81082064,0.0,1
ENSG00000160741,0.11323421,0.0,1
ENSG00000175756,2.8851085,2.83484,1
ENSG00000160789_5,0.74584115,1.550336,1
ENSG00000177628_1,0.30635083,0.0,1
ENSG00000234222_1,1.8476677,1.6012014,1
ENSG00000117054_2,2.4486501,0.0,1
ENSG00000123080,2.3058062,2.4662595,1
ENSG00000230550,0.07743418,0.0,1
ENSG00000067533,1.6499366,0.0,1
ENSG00000278274,0.24529834,1.2019157,1
ENSG00000143502,1.5385259,1.6163704,1
ENSG00000188643_1,0.39417464,0.96217984,1
ENSG00000162739,0.22748281,0.0,1
ENSG00000183615,0.20022531,0.0,1
ENSG00000189337,1.395049,1.2976468,1
ENSG00000272205,2.6181748,1.5434968,1
ENSG00000163534,-0.0036719106,0.0,1
ENSG00000162654,0.16292681,0.0,1
ENSG00000134183_1,1.1022373,0.0,1
ENSG00000162755,0.79156643,1.2151086,1
ENSG00000243062,0.045769725,0.0,1
ENSG00000163382,1.9333329,2.8029768,1
ENSG00000169224_1,0.06655155,0.0,1
ENSG00000152061_2,0.0046641417,0.0,1
ENSG00000132702,0.12376021,0.0,1
ENSG00000127054,2.4228256,3.0307858,1
ENSG00000213366,0.6058501,0.0,1
ENSG00000236546,0.37859508,0.0,1
ENSG00000282221,1.2769908,0.0,1
ENSG00000116747,2.878554,3.1307068,1
ENSG00000162639,1.3556373,0.0,1
ENSG00000228794_2,0.089768454,0.0,1
ENSG00000009307,2.1780035,3.7708697,1
ENSG00000117676,1.958336,2.3006456,1
ENSG00000160049,2.3625762,0.0,1
ENSG00000117475_1,1.5427978,1.762371,1
ENSG00000168264,1.0032532,0.0,1
ENSG00000118197,2.777607,2.146717,1
ENSG00000116641,2.043395,1.8604877,1
ENSG00000084623_1,1.7187093,0.0,1
ENSG00000116721,0.020898808,0.0,1
ENSG00000162618_1,-0.0072082095,0.0,1
ENSG00000287064,0.27550876,0.0,1
ENSG00000162909,0.5358253,0.0,1
ENSG00000116670_2,1.6350465,1.6091567,1
ENSG00000132692,1.4625704,1.7248491,1
ENSG00000157191,2.207044,0.0,1
ENSG00000158615,2.7946339,2.7160451,1
ENSG00000284882,2.1145973,0.0,1
ENSG00000134216,0.027298886,0.0,1
ENSG00000084072,1.3509873,2.7064626,1
ENSG00000153898,1.0287181,1.1005015,1
ENSG00000171163,2.6520817,2.4732387,1
ENSG00000154380,0.016973976,0.0,1
ENSG00000219073,0.1270348,0.0,1
ENSG00000188859,1.6837478,1.7705796,1
ENSG00000153187_3,2.4718168,2.0976043,1
ENSG00000174567,0.73732626,0.0,1
ENSG00000293271,1.2663242,0.0,1
ENSG00000241563,0.4152302,1.2963141,1
ENSG00000163202,0.06675245,0.0,1
ENSG00000197245,0.16199519,0.0,1
ENSG00000198483,0.5799913,0.0,1
ENSG00000162910,2.2637913,0.0,1
ENSG00000143217,0.35660332,0.0,1
ENSG00000179403,1.9095241,2.2513049,1
ENSG00000117020_2,1.6192431,0.0,1
ENSG00000125462,0.20753296,0.0,1
ENSG00000173660,1.7660104,0.0,1
ENSG00000198049,0.78694874,0.0,1
ENSG00000173171,2.329745,1.4044231,1
ENSG00000181036_1,0.10195728,0.0,1
ENSG00000178796,0.6154731,0.0,1
ENSG00000143294,2.4431124,2.861355,1
ENSG00000185420_1,1.8862447,2.3989153,1
ENSG00000185630,0.676553,0.0,1
ENSG00000168710,2.414653,2.967969,1
ENSG00000180287_1,1.466072,1.8563966,1
ENSG00000065243_1,2.4612982,1.3460202,1
ENSG00000134744_1,1.2652466,2.3249364,1
ENSG00000143756,2.1987078,2.5624857,1
ENSG00000163485,0.33188128,0.0,1
ENSG00000249087_1,2.6692493,1.3705539,1
ENSG00000117322,0.97060126,1.2699564,1
ENSG00000117597,1.6226768,2.605696,1
ENSG00000177614,1.7735393,1.7120348,1
ENSG00000117009,0.16720246,0.0,1
ENSG00000184588_3,0.015448708,0.0,1
ENSG00000222650,0.019584212,0.0,1
ENSG00000116251_1,0.41896626,1.470631,1
ENSG00000304119,1.626028,0.9412828,1
ENSG00000186564,2.2340114,1.8710414,1
ENSG00000272865,-0.0031567477,0.0,1
ENSG00000142621_3,0.2400621,0.0,1
ENSG00000160838,1.5249246,1.2357304,1
ENSG00000180198_1,2.4750407,2.5018122,1
ENSG00000036549_1,1.3611301,0.0,1
ENSG00000118292,0.14016615,0.0,1
ENSG00000233482,-0.012253221,0.0,1
ENSG00000290842,2.1916754,1.6328317,1
ENSG00000142677,0.10235061,0.0,1
ENSG00000188404_1,0.13343628,0.0,1
ENSG00000225206_1,0.6571524,1.8288403,1
ENSG00000187889,0.32045835,0.0,1
ENSG00000143537,1.9725286,2.4954264,1
