,Pred,actual,fold_idx
ENSG00000275700,2.172914,2.326008,12
ENSG00000186594,1.9384333,1.7386299,12
ENSG00000109099_2,0.1603898,0.0,12
ENSG00000131097,0.21752928,0.8755243,12
ENSG00000040633,1.1638006,0.9473847,12
ENSG00000141027_1,2.1435559,2.4992292,12
ENSG00000169583_1,0.4062073,0.0,12
ENSG00000178445_2,0.9888567,1.3109694,12
ENSG00000080608,1.624616,0.0,12
ENSG00000005243,1.1909009,1.3249817,12
ENSG00000108523,2.0246136,2.3598733,12
ENSG00000267750,1.0974382,1.5167601,12
ENSG00000108960,1.8773209,1.0984014,12
ENSG00000187796,0.7155242,1.9537646,12
ENSG00000129657_2,2.0737588,1.7882674,12
ENSG00000188825,1.2989091,0.0,12
ENSG00000141569,2.1316173,2.167524,12
ENSG00000119383_5,0.39931548,0.0,12
ENSG00000132507_2,2.2513857,2.4418743,12
ENSG00000179859_1,1.9215397,1.905202,12
ENSG00000265096,0.33824974,0.0,12
ENSG00000177992,0.2117662,0.0,12
ENSG00000188895_2,0.11516811,0.0,12
ENSG00000204706,1.3517199,0.0,12
ENSG00000278259_1,2.168168,2.678491,12
ENSG00000107014,0.22197616,0.0,12
ENSG00000131242,1.9528291,1.9172639,12
ENSG00000161647,1.6248802,1.9465996,12
ENSG00000198271,0.6619085,1.5303022,12
ENSG00000131668,1.6108559,1.580697,12
ENSG00000171346_1,0.383795,0.0,12
ENSG00000132522,1.7659111,1.4777722,12
ENSG00000187791,0.09990589,0.0,12
ENSG00000107147_1,1.419778,1.7371926,12
ENSG00000182853,0.31604883,0.0,12
ENSG00000070610,1.7187749,1.5287753,12
ENSG00000272975_1,0.4151131,0.0,12
ENSG00000137106,1.6102291,0.0,12
ENSG00000154330,0.7920939,1.1670691,12
ENSG00000108433,1.6718405,0.0,12
ENSG00000006125,1.5079151,3.0973094,12
ENSG00000160539,0.71117055,1.3387353,12
ENSG00000108946,1.9990171,1.8328345,12
ENSG00000136436_1,0.18907997,0.0,12
ENSG00000122136,0.3521516,0.0,12
ENSG00000264399,0.88340676,1.177825,12
ENSG00000091947,0.9671266,2.096298,12
ENSG00000198917,1.6094487,2.4478183,12
ENSG00000196544,1.2250142,0.0,12
ENSG00000004939,0.18177529,0.0,12
ENSG00000011052,2.1941798,2.9136455,12
ENSG00000068079,0.6134637,0.0,12
ENSG00000099219,1.8466402,2.347174,12
ENSG00000184060_1,0.9146643,1.7891645,12
ENSG00000204001,0.6471936,0.88603926,12
ENSG00000137101,0.18971467,0.0,12
ENSG00000109101_1,0.3744308,0.0,12
ENSG00000011260,2.3316367,2.8435256,12
ENSG00000131095,0.26160577,0.0,12
ENSG00000185963,2.2400103,2.0504184,12
ENSG00000277363_1,1.6655263,1.5729203,12
ENSG00000141316,0.22551201,0.0,12
ENSG00000291110,0.6486165,0.0,12
ENSG00000223125,0.18632054,0.0,12
ENSG00000273702,2.507126,2.2690222,12
ENSG00000064218,1.3895711,1.3325596,12
ENSG00000161509,0.75126845,0.0,12
ENSG00000267206,0.3605667,0.0,12
ENSG00000169992,1.260889,1.7985554,12
ENSG00000159069,2.0799265,2.2929866,12
ENSG00000172123,0.31638965,0.7626035,12
ENSG00000196535_1,1.7786812,2.5032334,12
ENSG00000119408,1.6684496,2.0518546,12
ENSG00000224738_1,1.9845902,1.3761059,12
ENSG00000109107,1.3748183,3.2317882,12
ENSG00000136826,1.6207713,1.6708022,12
ENSG00000201920,0.15436944,1.3213499,12
ENSG00000159842_1,1.395629,0.9764875,12
ENSG00000165699_1,0.7414093,0.0,12
ENSG00000141568_1,0.2771087,0.0,12
ENSG00000251752,0.117319,0.0,12
ENSG00000167900,1.7577783,2.7834134,12
ENSG00000136950,2.1873326,0.0,12
ENSG00000106852_1,1.4070309,0.0,12
ENSG00000177370,2.1027215,0.0,12
ENSG00000132518_1,0.8767482,0.7035493,12
ENSG00000167081,1.6927365,1.748715,12
ENSG00000286685,1.1141021,0.0,12
ENSG00000178607_1,0.41204578,0.7389549,12
ENSG00000284976,0.5822098,1.5672711,12
ENSG00000106772,0.22719735,0.0,12
ENSG00000196156,0.6180086,1.2728391,12
ENSG00000148384,1.4870898,2.0873697,12
ENSG00000246731,1.248034,0.0,12
ENSG00000141349,1.8035847,2.687743,12
ENSG00000107018,0.23713401,0.6649239,12
ENSG00000168259_2,2.0536058,3.0564742,12
ENSG00000161653,0.84989,1.703128,12
ENSG00000182040,0.99334705,0.0,12
ENSG00000132535_1,0.34825328,0.0,12
ENSG00000205045,0.62812835,0.0,12
ENSG00000167705,1.7059612,2.0748787,12
ENSG00000131470,1.9018726,2.4103706,12
ENSG00000180336,1.2936206,1.4586983,12
ENSG00000171928,1.7113549,2.3528557,12
ENSG00000119509,1.9411756,2.0722022,12
ENSG00000148334_2,1.8425168,1.8516375,12
ENSG00000137133,2.2963364,2.180513,12
ENSG00000267278_1,0.24917409,0.99033886,12
ENSG00000132470_1,1.513013,1.662276,12
ENSG00000181090_2,0.51992494,0.8384461,12
ENSG00000167842_1,2.101743,2.2029784,12
ENSG00000148337_1,2.1004493,3.3777597,12
ENSG00000132581,2.210529,2.0434685,12
ENSG00000256525,1.4733595,2.4070168,12
ENSG00000004142,2.0353656,2.6354344,12
ENSG00000225194_1,0.586784,1.1068026,12
ENSG00000131759,0.3387927,0.0,12
ENSG00000119392,1.4477388,0.0,12
ENSG00000108312_2,0.6431745,2.1220586,12
ENSG00000125409,0.45363724,0.0,12
ENSG00000005381_2,0.25928518,0.0,12
ENSG00000154975_1,0.35944244,0.0,12
ENSG00000087095_1,0.27321205,2.0054808,12
ENSG00000141551_2,1.9254105,2.2095606,12
ENSG00000178919,0.639619,1.4054488,12
ENSG00000212724,1.020451,0.0,12
ENSG00000147905_1,0.10428694,0.0,12
ENSG00000087095,1.8894707,2.5436833,12
ENSG00000273604,1.5234927,1.8641787,12
ENSG00000197506,0.1669698,0.0,12
ENSG00000286718,1.909887,0.0,12
ENSG00000108733,2.0272262,2.0721765,12
ENSG00000161970,1.0119001,0.0,12
ENSG00000066697,2.164276,2.3645134,12
ENSG00000136935,2.2095764,2.2221544,12
ENSG00000135040,2.1827922,2.3874736,12
ENSG00000168591,1.9024884,2.2252576,12
ENSG00000173821,2.054945,2.116641,12
ENSG00000107290,2.3179948,2.5782952,12
ENSG00000197958,1.6691214,4.0055194,12
ENSG00000198853_1,0.2606159,0.0,12
ENSG00000095370_3,0.361052,0.84991056,12
ENSG00000171097,2.0585814,0.0,12
ENSG00000175711,1.6914302,1.954339,12
ENSG00000224307,0.20819968,0.80222625,12
ENSG00000226549,0.7043281,2.1909225,12
ENSG00000263400,0.8662209,0.0,12
ENSG00000107263,0.15215448,0.0,12
ENSG00000167858,0.36148122,0.0,12
ENSG00000176994,1.6790177,2.2362323,12
ENSG00000168610_3,2.0991464,2.5315785,12
ENSG00000213977,1.809561,1.8347703,12
ENSG00000119397,2.2043917,0.0,12
ENSG00000108784,2.217974,2.1913114,12
ENSG00000124422_1,2.0529137,2.3272607,12
ENSG00000136463,1.5247492,2.3928902,12
ENSG00000264044,0.24460673,0.0,12
ENSG00000132510,1.282981,0.0,12
ENSG00000176927_1,0.08372542,0.0,12
ENSG00000096968_1,2.189828,2.298152,12
ENSG00000154016,0.27311608,0.0,12
ENSG00000167881_1,1.6963896,2.9885817,12
ENSG00000108849,0.20821892,0.0,12
ENSG00000179761,0.22873005,0.0,12
ENSG00000165689,2.1201627,2.5801628,12
ENSG00000187186,0.71999276,0.0,12
ENSG00000059769,2.1445847,2.2030954,12
ENSG00000108559,1.811323,2.5436373,12
ENSG00000198844,0.20644082,0.0,12
ENSG00000291209,1.168136,1.6598496,12
ENSG00000276070,0.17788279,1.9963715,12
ENSG00000175832_1,1.7233713,2.4974687,12
ENSG00000167118,1.3793145,2.8546581,12
ENSG00000122692,1.2134663,0.0,12
ENSG00000278053,1.34344,2.9336503,12
ENSG00000188612,2.2848222,1.8184898,12
ENSG00000166582,1.8264844,2.76183,12
ENSG00000168646,1.2247518,1.4368303,12
ENSG00000138835_1,0.2527726,0.0,12
ENSG00000275832_2,1.499591,1.5917878,12
ENSG00000184640_7,0.59346944,1.6967669,12
ENSG00000095319,2.080138,2.7715375,12
ENSG00000173917,0.9121921,2.875981,12
ENSG00000242616,1.616119,2.5214362,12
ENSG00000228072,1.2356948,0.0,12
ENSG00000277972,2.0114703,2.1835916,12
ENSG00000187003,0.17278357,0.0,12
ENSG00000265313,0.123698905,0.0,12
ENSG00000264672,0.15368414,0.95927995,12
ENSG00000160349,0.28217208,0.0,12
ENSG00000108602,0.2802088,0.9382194,12
ENSG00000141504,0.73567796,1.3122197,12
ENSG00000132386,0.5691703,0.0,12
ENSG00000233175,1.3207906,1.1951687,12
ENSG00000125454,2.1461635,2.5212598,12
ENSG00000173077,0.121819586,0.0,12
ENSG00000070610_1,1.8359585,2.3783433,12
ENSG00000169750,1.8166934,2.4680312,12
ENSG00000127084,0.5343695,0.0,12
ENSG00000135052,1.5402976,1.8489338,12
ENSG00000170190,1.6053442,1.5532031,12
ENSG00000277631,0.27226976,0.0,12
ENSG00000225564,0.1228002,0.0,12
ENSG00000267104,0.35333988,0.0,12
ENSG00000119383,2.3811889,1.7990123,12
ENSG00000261978,0.69044,0.0,12
ENSG00000198844_1,0.21752068,0.0,12
ENSG00000141576_1,1.9765515,2.0619009,12
ENSG00000165113,1.6493937,1.757692,12
ENSG00000148396,2.023594,1.7063593,12
ENSG00000173918,0.7991409,1.7110223,12
ENSG00000197879,1.5425404,1.4794745,12
ENSG00000108244_1,0.17904794,0.0,12
ENSG00000141499,0.55036026,2.1105123,12
ENSG00000108946_2,1.6017082,0.0,12
ENSG00000262223,0.25197464,0.0,12
ENSG00000235979,0.165462,0.0,12
ENSG00000148219_1,1.5196285,1.9914919,12
ENSG00000120075,1.0706161,0.0,12
ENSG00000221926_1,0.6812568,0.0,12
ENSG00000070526,0.87986803,2.9708478,12
ENSG00000187242,0.22053406,0.0,12
ENSG00000184640_9,0.37221706,0.0,12
ENSG00000092931,2.444177,2.4966528,12
ENSG00000238212,0.15186162,0.0,12
ENSG00000107165,0.09967095,0.0,12
ENSG00000148158,2.1481776,1.8944157,12
ENSG00000185156,0.9103743,1.051307,12
ENSG00000109099_1,0.7053894,0.0,12
ENSG00000267080,1.3170698,0.0,12
ENSG00000161594,0.15127027,0.0,12
ENSG00000290928,2.4533489,2.458266,12
ENSG00000167157,1.5228635,1.6376998,12
ENSG00000181408,1.3301262,1.5231739,12
ENSG00000184640_1,0.32238463,0.7189996,12
ENSG00000276231,0.124907196,0.0,12
ENSG00000167874,0.4495789,0.0,12
ENSG00000136875,1.5229028,2.6578128,12
ENSG00000141127,0.70364475,1.737668,12
ENSG00000119523,2.4268744,2.4707484,12
ENSG00000164970,1.5203494,2.3677845,12
ENSG00000271503,0.31378433,0.0,12
ENSG00000141574,1.2782799,1.2102115,12
ENSG00000141034,2.1360497,2.26689,12
ENSG00000067191_2,1.0584877,1.9683756,12
ENSG00000148175,2.2839875,2.6329358,12
ENSG00000087111_1,0.14682584,0.0,12
ENSG00000180340,1.4405236,1.856064,12
ENSG00000187531,1.5686868,2.3172984,12
ENSG00000204873,0.23428237,1.3004216,12
ENSG00000267394,1.0223767,0.63502103,12
ENSG00000108468,2.133137,1.7146734,12
ENSG00000291094,0.35196647,0.0,12
ENSG00000215644,1.2625552,1.3740147,12
ENSG00000213424,0.22623569,0.0,12
ENSG00000165233,1.6236855,1.6137319,12
ENSG00000094796,0.35657242,0.0,12
ENSG00000148362_1,1.3098358,1.177825,12
ENSG00000169733,1.3776592,1.325064,12
ENSG00000275023,2.090003,2.2931857,12
ENSG00000136813,2.0824766,2.5639672,12
ENSG00000196859,0.13781008,0.0,12
ENSG00000135052_1,0.3662862,1.0984014,12
ENSG00000271086,2.2599986,1.6552441,12
ENSG00000287737,1.6737376,1.2264711,12
ENSG00000185863,0.44599974,0.0,12
ENSG00000233098_2,0.2676848,0.0,12
ENSG00000197816_1,0.20616962,0.0,12
ENSG00000131771,0.93694353,1.3861243,12
ENSG00000184709,0.9137661,1.769141,12
ENSG00000227036_2,1.0615578,1.2785021,12
ENSG00000233223_1,2.27867,1.7865882,12
ENSG00000128487_1,0.27756104,0.982045,12
ENSG00000080503_2,1.0422755,1.2554413,12
ENSG00000171431,0.18828163,0.0,12
ENSG00000106853_2,0.48690715,0.0,12
ENSG00000153944_1,0.94197774,0.0,12
ENSG00000094804,2.0411627,2.738023,12
ENSG00000158122,1.8556643,2.3128288,12
ENSG00000196363_1,1.9331956,3.0217845,12
ENSG00000070444,1.918309,2.2967749,12
ENSG00000198467,0.22194761,1.3070893,12
ENSG00000170412,0.60322195,0.9592323,12
ENSG00000188878,1.4809004,0.0,12
ENSG00000136868,2.0180326,2.29427,12
ENSG00000141522,0.9458896,2.0630555,12
ENSG00000159224,0.17899266,0.0,12
ENSG00000163597,1.8933473,0.0,12
ENSG00000167136,2.250324,2.271242,12
ENSG00000263429,0.31443638,1.1130404,12
ENSG00000230303,0.07064809,0.0,12
ENSG00000182752,0.37223604,0.0,12
ENSG00000231806,0.6112808,0.0,12
ENSG00000197579,1.4705893,2.0678887,12
ENSG00000107317_1,0.28027073,0.0,12
ENSG00000148120_2,1.8853985,1.8750033,12
ENSG00000131094,1.7065041,2.2319715,12
ENSG00000182963_1,0.44260484,1.4279402,12
ENSG00000182224,1.344146,1.8019522,12
ENSG00000240871,0.43620405,0.0,12
ENSG00000106992,0.28589982,0.0,12
ENSG00000106819,0.11165516,0.0,12
ENSG00000181513_1,1.0001777,0.0,12
ENSG00000179477_1,0.46107876,0.89289564,12
ENSG00000237159,0.1365245,0.0,12
ENSG00000004897,2.49106,2.7334058,12
ENSG00000108799,1.6745218,2.2664316,12
ENSG00000109062,1.9948937,2.348916,12
ENSG00000167130,2.1960936,2.676035,12
ENSG00000187838_1,1.7723328,2.4762692,12
ENSG00000164985,0.10018793,0.0,12
ENSG00000107281,1.6130732,1.9107845,12
ENSG00000129667_1,1.5503393,0.0,12
ENSG00000136457,1.0689788,1.7151924,12
ENSG00000108883_1,1.8983378,3.0108595,12
ENSG00000171448,1.1109389,0.0,12
ENSG00000171169,1.4133881,2.1782804,12
ENSG00000181610,1.5674547,0.0,12
ENSG00000108379,1.5104799,1.1068026,12
ENSG00000169710,2.0650878,3.7835612,12
ENSG00000125445,2.1969104,2.7880056,12
ENSG00000068137_1,2.009556,2.217118,12
ENSG00000174238,1.7605339,2.435717,12
ENSG00000196730_1,1.2381514,2.4666986,12
ENSG00000131737,0.31787798,1.142796,12
ENSG00000204193,0.10985291,0.0,12
ENSG00000185722,0.11681615,0.0,12
ENSG00000148337_2,0.78784287,1.2684703,12
ENSG00000182896,0.27243093,0.0,12
ENSG00000176170_1,2.224368,1.9896277,12
ENSG00000214226,1.9490384,1.9185545,12
ENSG00000121101,0.5120611,0.0,12
ENSG00000125484,2.0690644,0.0,12
ENSG00000108953,1.8743998,3.6385882,12
ENSG00000153822_1,0.095897675,0.0,12
ENSG00000198242_1,1.9927689,2.1038344,12
ENSG00000262879,0.7987441,0.0,12
ENSG00000132581_1,2.3021712,2.4811273,12
ENSG00000238007,0.15022257,0.0,12
ENSG00000141252,0.19681963,0.0,12
ENSG00000141480,1.7361907,2.0823903,12
ENSG00000178927,1.8153852,1.8260813,12
ENSG00000185813,1.8288994,1.264251,12
ENSG00000182156,0.30768123,0.4895929,12
ENSG00000108669_2,0.7098406,1.8463309,12
ENSG00000136450_1,2.270697,3.322455,12
ENSG00000187210,1.0162414,1.3314071,12
ENSG00000141232_1,0.5820421,0.0,12
ENSG00000196704,2.057886,2.5019324,12
ENSG00000106723,1.8351587,1.8988348,12
ENSG00000204897,0.14772862,0.0,12
ENSG00000175866_5,0.39528337,0.0,12
ENSG00000277268,1.177044,1.3762666,12
ENSG00000131748,1.6473444,2.7780282,12
ENSG00000147874,0.089816555,0.0,12
ENSG00000168795,2.4756937,2.2121742,12
ENSG00000132589,2.0618012,2.691549,12
ENSG00000129214_1,0.22629362,0.0,12
ENSG00000167881,0.21416858,0.0,12
ENSG00000187607,1.402615,1.6189367,12
ENSG00000213221,1.863367,2.2004948,12
ENSG00000175155,1.4993587,1.7497132,12
ENSG00000147852,1.4089774,1.6736659,12
ENSG00000174231,1.4604596,2.910657,12
ENSG00000248714,2.0839283,1.2085596,12
ENSG00000165119,0.17677805,0.0,12
ENSG00000165119_2,2.2091477,3.3332417,12
ENSG00000252942,0.14843208,0.0,12
ENSG00000185561,1.434568,1.1985747,12
ENSG00000183684,2.1473792,3.3381276,12
ENSG00000212901,0.26004344,1.0876039,12
ENSG00000197694,1.8812371,2.1744437,12
ENSG00000141127_1,1.4683188,2.603297,12
ENSG00000226609,2.1491473,0.0,12
ENSG00000154258,0.08826329,0.0,12
ENSG00000082641,2.4313884,2.556294,12
ENSG00000165119_1,2.0924208,3.7004173,12
ENSG00000160408,0.52858824,0.0,12
ENSG00000108932,1.2037483,0.0,12
ENSG00000176978,1.3027171,2.8025453,12
ENSG00000188554_1,1.5341699,2.5476751,12
ENSG00000166685,2.1803114,2.0661356,12
ENSG00000171931,0.12407738,0.0,12
ENSG00000141526_2,1.5130384,1.5986264,12
ENSG00000161920,1.7105478,2.1039987,12
ENSG00000136943,1.0623757,1.4464439,12
ENSG00000141526_1,1.0213745,1.1707016,12
ENSG00000182271,0.0945953,0.0,12
ENSG00000262920,0.5728287,1.0743409,12
ENSG00000147889_1,1.0225164,0.0,12
ENSG00000167113,2.3500586,3.1913364,12
ENSG00000087152_1,2.1372154,2.3538008,12
ENSG00000119121,0.19109766,1.0513146,12
ENSG00000153930,0.120000035,0.0,12
ENSG00000164985_2,2.0464,3.0240092,12
ENSG00000173801_1,1.8644948,3.2530446,12
ENSG00000136450,0.9092313,0.0,12
ENSG00000225361,0.49883792,1.7218024,12
ENSG00000064195,0.512068,1.5093639,12
ENSG00000165209,2.1353052,2.8332236,12
ENSG00000006025,0.57652944,2.1426022,12
ENSG00000108798,0.32840633,0.0,12
ENSG00000167741,0.26105887,0.0,12
ENSG00000006282,0.6832698,1.3530695,12
ENSG00000240498,0.9558608,0.0,12
ENSG00000108666_2,1.332281,0.0,12
ENSG00000222760,0.12552758,0.0,12
ENSG00000136908,1.5656506,2.6721966,12
ENSG00000186566,1.7866539,0.0,12
ENSG00000044459,0.9111631,1.069816,12
ENSG00000290810,0.2633314,0.0,12
ENSG00000167363,1.5797282,0.0,12
ENSG00000259207,1.7645909,1.5910981,12
ENSG00000119457,0.8990922,1.2495408,12
ENSG00000108375_1,0.49149612,0.0,12
ENSG00000168610_2,0.20905721,0.98484224,12
ENSG00000175164,1.87707,2.3822746,12
ENSG00000214978,0.3636004,0.0,12
ENSG00000260369,2.3193867,1.6730946,12
ENSG00000266173,2.0573163,2.1481829,12
ENSG00000159640_1,1.3633643,0.0,12
ENSG00000091622,1.5094787,1.7439407,12
ENSG00000131482,0.141202,0.0,12
ENSG00000198720,1.4902833,2.2278354,12
ENSG00000261192,0.82120156,1.4319425,12
ENSG00000106991,0.21674328,0.0,12
ENSG00000074356,0.114375025,0.0,12
ENSG00000108852,0.36806753,0.0,12
ENSG00000213218,0.2855159,0.0,12
ENSG00000147889_2,0.47051924,1.2729781,12
ENSG00000004939_1,0.31022057,0.0,12
ENSG00000236320,0.7776876,0.0,12
ENSG00000141295_1,1.113985,1.660467,12
ENSG00000141564,1.5258921,2.5495918,12
ENSG00000284977,0.10852277,0.0,12
ENSG00000109113_2,0.29139143,0.0,12
ENSG00000171916,0.20187888,0.0,12
ENSG00000182742,2.187736,2.5194867,12
ENSG00000225190_1,2.0378015,2.2486598,12
ENSG00000107201,0.46520516,0.0,12
ENSG00000123453_2,0.22913262,0.0,12
ENSG00000129219,1.6668354,1.8192806,12
ENSG00000188959,0.28057843,0.0,12
ENSG00000182938,1.039193,0.0,12
ENSG00000108846,1.1877688,1.3773427,12
ENSG00000185624,0.27271524,1.4669714,12
ENSG00000157637_1,2.0309296,2.338064,12
ENSG00000107317,0.40030554,0.9984337,12
ENSG00000188747,1.9244467,1.1934863,12
ENSG00000277363,0.8302236,0.0,12
ENSG00000147852_1,0.9403431,1.9396241,12
ENSG00000130635,1.4935253,1.4660368,12
ENSG00000083457,1.9878262,1.9392916,12
ENSG00000171843,0.084378645,0.0,12
ENSG00000167716,2.1668665,1.241895,12
ENSG00000180901,0.37838945,0.0,12
ENSG00000012048,0.09659161,0.0,12
ENSG00000080298,0.09110117,0.0,12
ENSG00000148120_1,0.18110394,0.0,12
ENSG00000286322_1,0.3240297,0.0,12
ENSG00000183010_1,1.8621641,2.723081,12
ENSG00000175866_3,0.43494466,0.0,12
ENSG00000235453,1.4559169,1.9318849,12
ENSG00000182628_1,1.4732903,0.0,12
ENSG00000169155,1.922325,2.2311535,12
ENSG00000155827,1.7700258,1.9284266,12
ENSG00000165280,2.1838973,3.2733185,12
ENSG00000230537,0.16962817,0.0,12
ENSG00000243678,2.1273248,3.8024,12
ENSG00000106733,1.9684498,1.7162372,12
ENSG00000136937,2.393277,0.0,12
ENSG00000165271,0.793098,2.4362867,12
ENSG00000167447,1.2847334,2.3144634,12
ENSG00000030304,0.12421918,0.0,12
ENSG00000277084,0.3057912,0.0,12
ENSG00000165702,0.5700957,2.9462352,12
ENSG00000132522_1,1.7435032,2.469277,12
ENSG00000234494_1,1.0742676,0.0,12
ENSG00000122733_1,1.5382789,1.2069068,12
ENSG00000181885,0.54719883,0.0,12
ENSG00000164976,1.234377,1.0720954,12
ENSG00000196730,0.2585956,0.0,12
ENSG00000148180_2,0.46384534,0.0,12
ENSG00000161513_1,1.4441078,2.4613168,12
ENSG00000141068_1,0.30535033,0.9162012,12
ENSG00000196739,1.2022337,1.3671136,12
ENSG00000172724,0.17599772,0.0,12
ENSG00000095321,2.1269338,1.9531989,12
ENSG00000240813,0.12840842,0.0,12
ENSG00000121058,1.8663638,2.8544347,12
ENSG00000159842,0.91689664,1.2247401,12
ENSG00000092871,0.6066515,0.0,12
ENSG00000262165_1,1.5858525,1.5059906,12
ENSG00000182173,1.8477842,2.2553353,12
ENSG00000169925,0.3892446,0.0,12
ENSG00000161542_2,1.8077971,2.4737744,12
ENSG00000119125,0.69100654,2.4204922,12
ENSG00000182459,0.36177477,0.0,12
ENSG00000072778,1.5045944,2.8167276,12
ENSG00000108352,1.1487002,2.0006943,12
ENSG00000108578,1.907212,0.0,12
ENSG00000099810,0.66008806,1.3044044,12
ENSG00000141068,1.9402674,2.432793,12
ENSG00000125485,2.142866,0.0,12
ENSG00000167914,0.22357996,0.0,12
ENSG00000083223_1,1.9233857,2.1014926,12
ENSG00000267206_1,0.34565014,0.0,12
ENSG00000095209,1.6818992,2.6598296,12
ENSG00000175175,1.5050482,1.9511188,12
ENSG00000221882,1.0668468,0.0,12
ENSG00000174326,0.56767756,1.6770592,12
ENSG00000148341,2.036216,2.0862565,12
ENSG00000148153,1.9183012,2.437078,12
ENSG00000161654_1,2.189833,3.2278636,12
ENSG00000176927,2.1244197,2.6501482,12
ENSG00000108829,1.7993084,3.2395222,12
ENSG00000108958,0.15862219,0.0,12
ENSG00000141258_1,1.8329557,1.6358857,12
ENSG00000183914,0.6494056,0.0,12
ENSG00000262730,0.21284635,1.0854332,12
ENSG00000291185,1.0114888,0.0,12
ENSG00000076382,1.8971925,2.8450801,12
ENSG00000106976_1,1.8539279,1.5821543,12
ENSG00000054179,1.4755689,1.5450472,12
ENSG00000266947,0.44046816,0.0,12
ENSG00000184650,0.1731303,0.0,12
ENSG00000197724_1,1.8364344,1.9511139,12
ENSG00000153982,1.5793017,2.1251688,12
ENSG00000222581,0.10578725,0.0,12
ENSG00000168610,0.7622498,2.7027235,12
ENSG00000107099_2,0.519565,0.0,12
ENSG00000277887,2.2095716,0.0,12
ENSG00000187764,0.2379066,0.9503648,12
ENSG00000136811_1,1.9503096,2.9592762,12
ENSG00000130558_2,0.12840077,0.0,12
ENSG00000141499_1,1.5059346,1.8841097,12
ENSG00000270885,1.294859,1.4687165,12
ENSG00000159640_2,0.3776319,1.3161381,12
ENSG00000108828,1.9024122,2.756598,12
ENSG00000137103,1.0491561,1.9912748,12
ENSG00000188825_1,0.60741293,0.0,12
ENSG00000108262,1.870051,2.1821864,12
ENSG00000265458,2.0916774,2.0656133,12
ENSG00000076604,2.3333077,2.6621003,12
ENSG00000203993,2.155529,2.3509648,12
ENSG00000072818,0.29133233,1.1291741,12
ENSG00000165802,1.8012439,2.742707,12
ENSG00000108700,0.15991732,0.0,12
ENSG00000092929,1.4139407,2.0647686,12
ENSG00000169992_1,0.19851176,0.0,12
ENSG00000065320,1.3159314,2.0883842,12
ENSG00000083457_1,0.23118192,1.1089032,12
ENSG00000108691,0.23811635,1.0983667,12
ENSG00000007174_1,0.22383836,0.0,12
ENSG00000119383_1,1.8302944,2.4871001,12
ENSG00000131095_1,0.5003627,1.854913,12
ENSG00000086065_1,1.1955594,2.639801,12
ENSG00000272975,0.17019352,1.7031451,12
ENSG00000108509_1,0.2320804,0.0,12
ENSG00000185920_1,0.63986623,1.7741811,12
ENSG00000167112,1.7479523,2.8056538,12
ENSG00000158955,1.3148153,1.7420335,12
ENSG00000259384,0.2723551,1.072066,12
ENSG00000136813_1,1.6816983,2.8855817,12
ENSG00000136931,0.6610899,0.0,12
ENSG00000200463,0.75367117,2.4469285,12
ENSG00000121064,0.65183496,2.101912,12
ENSG00000136811_2,2.1360645,1.4084944,12
ENSG00000148288,1.1312231,1.9619902,12
ENSG00000181481,1.1355735,1.7795243,12
ENSG00000260230,1.2813913,1.3682497,12
ENSG00000107130,1.6863602,2.1451902,12
ENSG00000132530_2,0.3402894,0.0,12
ENSG00000123453,0.28405556,0.0,12
ENSG00000106688,1.4317888,1.6239725,12
ENSG00000160404,1.7178718,2.5122614,12
ENSG00000133193,1.9747802,2.8170276,12
ENSG00000072134,1.5755363,2.247605,12
ENSG00000148204,0.5267761,1.5965091,12
ENSG00000167889,1.7049884,1.7623184,12
ENSG00000072849_1,1.7373557,2.3268273,12
ENSG00000204880,0.49715737,1.8511959,12
ENSG00000141505_1,0.27392247,0.0,12
ENSG00000137074,1.3290412,0.0,12
ENSG00000087152,1.8840408,2.291613,12
ENSG00000135063,1.5568603,2.0475864,12
ENSG00000196116,1.8259339,1.6340357,12
ENSG00000108556,0.3759462,1.1504186,12
ENSG00000185624_1,2.103824,3.478366,12
ENSG00000070731,1.4232002,1.6131121,12
ENSG00000161526,1.2188513,2.1032596,12
ENSG00000137094,1.441552,0.0,12
ENSG00000173812,2.2642968,4.064151,12
ENSG00000197566,1.2141647,1.6252816,12
ENSG00000185722_1,1.914279,2.0861819,12
ENSG00000230601,0.34669498,0.0,12
ENSG00000290567,0.25696376,0.0,12
ENSG00000141552,2.1263015,2.9534938,12
ENSG00000175764,1.5955077,2.0637498,12
ENSG00000262049,2.12365,2.0393586,12
ENSG00000108641,1.7819387,1.5052314,12
ENSG00000276234,2.2026985,2.4037552,12
ENSG00000165238,1.3566419,1.9061842,12
ENSG00000167291,0.35280502,1.0193241,12
ENSG00000108684,1.1452831,1.4358125,12
ENSG00000137073_1,2.399115,2.822248,12
ENSG00000188921,0.87990445,0.0,12
ENSG00000176170,0.20685679,0.98479724,12
ENSG00000170315,2.0234776,3.4736125,12
ENSG00000136881_1,0.14949591,0.0,12
ENSG00000187742,1.9954413,2.4487774,12
ENSG00000132382,1.5373577,2.5751867,12
ENSG00000136802_1,0.2662367,0.0,12
ENSG00000131669,1.4182272,1.4925648,12
ENSG00000005381_1,0.2667441,0.0,12
ENSG00000186350_1,0.44600528,1.4512182,12
ENSG00000109099_3,0.11506659,0.0,12
ENSG00000095370,1.3022655,1.5465304,12
ENSG00000265359,0.10750915,0.0,12
ENSG00000234327,1.8662124,0.0,12
ENSG00000277161,2.3624308,1.9175843,12
ENSG00000188379,0.11739561,0.0,12
ENSG00000141551_1,0.3677571,0.0,12
ENSG00000081377,1.0693398,0.0,12
ENSG00000233223,2.2158344,1.5396155,12
ENSG00000278774,2.2527304,0.0,12
ENSG00000083457_2,0.43420744,0.9503648,12
ENSG00000278540,2.3418581,0.0,12
ENSG00000108515,0.45503232,0.0,12
ENSG00000168256,1.2884656,0.0,12
ENSG00000107164,2.0473394,2.776213,12
ENSG00000107186,0.09486306,0.0,12
ENSG00000155875_1,2.0280364,1.2827127,12
ENSG00000126882,2.3315635,1.5271142,12
ENSG00000154914,1.2681916,1.701041,12
ENSG00000136811,0.33753428,0.0,12
ENSG00000160360,1.5668358,1.9858125,12
ENSG00000281491,0.97239375,0.0,12
ENSG00000136856_1,0.6043926,0.0,12
ENSG00000136878,2.3585794,2.681082,12
ENSG00000119397_1,0.57553166,0.0,12
ENSG00000141456,0.380925,0.0,12
ENSG00000141576,0.15127948,0.0,12
ENSG00000227036_1,0.3045945,0.0,12
ENSG00000127080,2.171001,2.1572602,12
ENSG00000262050,1.7192006,0.0,12
ENSG00000225472,0.124730736,0.0,12
ENSG00000148200,2.4060109,2.145793,12
ENSG00000141068_2,0.2768004,0.0,12
ENSG00000122733,0.63094276,0.0,12
ENSG00000267288,0.26637772,0.0,12
ENSG00000108852_1,0.57735366,1.1211789,12
ENSG00000156052,1.957062,1.9182453,12
ENSG00000141497,0.788513,0.0,12
ENSG00000276234_1,2.121578,1.4696571,12
ENSG00000197063,1.051172,2.331326,12
ENSG00000108830,1.5977595,1.4464595,12
ENSG00000170291_1,1.2592484,2.2997622,12
ENSG00000142484,0.20645621,0.0,12
ENSG00000167549,1.4914868,1.7415298,12
ENSG00000180447,1.1156017,1.7166543,12
ENSG00000170291,1.709675,2.548156,12
ENSG00000126561_1,0.33162984,1.5093504,12
ENSG00000196712_1,0.13663907,0.8963609,12
ENSG00000273018,0.55864394,0.0,12
ENSG00000165283,1.4621414,3.0621343,12
ENSG00000120156,0.12834287,0.0,12
ENSG00000132518,0.40634045,0.0,12
ENSG00000136449_1,0.95488775,0.0,12
ENSG00000176919,0.791529,0.0,12
ENSG00000167083,0.21563849,0.0,12
ENSG00000006740,1.1174512,1.7558291,12
ENSG00000108375,0.3748758,0.0,12
ENSG00000167100,1.4022323,0.0,12
ENSG00000182534,1.700395,2.1220849,12
ENSG00000092871_2,1.9975246,1.7307984,12
ENSG00000199313,0.2522215,0.0,12
ENSG00000177374,1.2315451,1.1291741,12
ENSG00000260019,0.13891818,0.0,12
ENSG00000196388,1.8373135,1.2827218,12
ENSG00000167105,0.36065558,1.0488689,12
ENSG00000167117,0.21770698,0.0,12
ENSG00000030582,1.1345494,2.603427,12
ENSG00000108395,2.3314044,0.0,12
ENSG00000122140,1.594633,3.327001,12
ENSG00000121067,1.5196527,0.0,12
ENSG00000122133,0.3520758,0.0,12
ENSG00000165115,1.6753314,1.6848274,12
ENSG00000158169_2,1.6591401,0.0,12
ENSG00000183011_1,1.9263633,2.4820156,12
ENSG00000167107,1.1543778,1.3784778,12
ENSG00000196152,2.020802,2.106626,12
ENSG00000290366,0.80962205,0.9161907,12
ENSG00000128487_2,1.873423,2.2299352,12
ENSG00000135069,1.8286012,2.7612736,12
ENSG00000184361,1.049038,0.0,12
ENSG00000293440_1,0.13473317,0.0,12
ENSG00000056558,0.18617101,0.0,12
ENSG00000129197,1.9106256,2.558573,12
ENSG00000148334,2.346761,2.2669134,12
ENSG00000260328,0.17744991,0.0,12
ENSG00000264424,0.07644333,0.0,12
ENSG00000284526,0.21817051,0.8610682,12
ENSG00000187764_1,0.22907595,1.5319104,12
ENSG00000175854,1.3247348,1.4882207,12
ENSG00000107140,1.6883916,2.077146,12
ENSG00000129226,0.65453887,2.9555626,12
ENSG00000107147,1.041626,0.92576575,12
ENSG00000125447_1,0.78454745,1.373978,12
ENSG00000107099,2.1416419,2.1394067,12
ENSG00000107159,0.24744785,0.0,12
ENSG00000125414,0.1147154,1.5287882,12
ENSG00000165124,0.97339237,1.3958678,12
ENSG00000130935,2.1045394,2.8041155,12
ENSG00000185269,1.1696801,1.5327289,12
ENSG00000200889,0.1318558,0.0,12
ENSG00000005156,2.0579379,2.7122877,12
ENSG00000187775,0.26713076,0.0,12
ENSG00000107105_3,0.16238539,0.0,12
ENSG00000198722,1.7110435,1.923327,12
ENSG00000291169,0.2144261,0.0,12
ENSG00000141579,0.3080281,0.0,12
ENSG00000181222,2.1509547,3.0628338,12
ENSG00000266967,1.4104289,2.697767,12
ENSG00000161542,2.304044,1.6018863,12
ENSG00000148300,1.5927339,2.6044939,12
ENSG00000167258,1.7504238,2.5221467,12
ENSG00000108786,0.41873178,1.4269828,12
ENSG00000198963,0.40884647,0.0,12
ENSG00000108370,0.6236558,0.0,12
ENSG00000064300,1.436478,1.9309388,12
ENSG00000096872,1.1127498,2.2245772,12
ENSG00000244187,1.7942806,0.0,12
ENSG00000119139_2,1.8841151,2.1759784,12
ENSG00000134996,1.887556,2.3875713,12
ENSG00000207955,0.9840964,1.4348562,12
ENSG00000153930_1,0.13249964,0.0,12
ENSG00000135048,1.6892117,0.0,12
ENSG00000177469,1.7014266,3.083732,12
ENSG00000185504_1,0.6497923,1.7887126,12
ENSG00000213246_1,0.62498987,0.0,12
ENSG00000235296,0.39762124,1.065251,12
ENSG00000119401,1.0972685,1.6804389,12
ENSG00000126353,0.21644492,0.0,12
ENSG00000174327,1.5277171,1.9028456,12
ENSG00000212719,0.9775012,1.7313148,12
ENSG00000176658,2.1702871,2.7725492,12
ENSG00000171843_2,0.7820804,1.6825693,12
ENSG00000109103,1.4362497,2.3418775,12
ENSG00000141376_1,0.092407435,0.0,12
ENSG00000239704,0.1414141,0.0,12
ENSG00000175832,1.7829335,2.6448324,12
ENSG00000119314,1.9743685,0.0,12
ENSG00000108654_1,1.0896789,0.0,12
ENSG00000135047,1.9099795,3.1130738,12
ENSG00000011454,1.8162535,1.9751881,12
ENSG00000199744,0.25635388,1.1088964,12
ENSG00000121073_1,2.2342932,2.6232493,12
ENSG00000225626,0.36154762,0.0,12
ENSG00000119139,1.1361897,2.0692499,12
ENSG00000165140,1.0642014,1.3648323,12
ENSG00000108671,2.1940367,2.777784,12
ENSG00000108604_1,2.378157,2.2914977,12
ENSG00000167543_3,1.865009,2.0252607,12
ENSG00000137040,1.425273,0.0,12
ENSG00000230647,0.15865384,0.0,12
ENSG00000188163,0.34174576,0.0,12
ENSG00000187595_1,0.60946,0.0,12
ENSG00000262074,1.4333795,0.0,12
ENSG00000176170_2,1.8605002,1.6633617,12
ENSG00000108669_3,0.47887522,1.872098,12
ENSG00000132388,2.009263,2.635996,12
ENSG00000136891,2.1017492,2.82593,12
ENSG00000291022,0.34919575,0.0,12
ENSG00000141295,0.2325919,0.0,12
ENSG00000177731,1.6895238,2.2321827,12
ENSG00000159202_1,2.3401887,1.7440034,12
ENSG00000179409_1,0.8988216,1.3134664,12
ENSG00000267042,1.9752902,1.7795172,12
ENSG00000177885,0.94628,0.0,12
ENSG00000187624,1.3304448,1.5085297,12
ENSG00000154262_2,0.1655011,0.0,12
ENSG00000141376_3,0.111365005,0.0,12
ENSG00000277200,1.556938,1.5487701,12
ENSG00000108774,1.6308435,2.7759714,12
ENSG00000168259_1,2.0065908,0.0,12
ENSG00000231256,0.12778924,0.0,12
ENSG00000171962,0.6213904,0.0,12
ENSG00000160401,0.24883217,0.0,12
ENSG00000129194,0.24319014,0.0,12
ENSG00000160563,0.97009873,2.0843725,12
ENSG00000214929,0.1063616,0.0,12
ENSG00000227543,2.271352,1.5027684,12
ENSG00000160271_1,0.44457844,1.1150777,12
ENSG00000267280_1,1.5093081,1.4705281,12
ENSG00000132376,1.9662015,0.0,12
ENSG00000075461,1.6305801,1.7247918,12
ENSG00000095380,2.1571786,2.228236,12
ENSG00000131477,0.8510541,1.0698531,12
ENSG00000183354,1.2840734,1.6908426,12
ENSG00000109113_1,0.47102627,0.0,12
ENSG00000214654,2.4768322,2.06668,12
ENSG00000147872,1.651129,2.4099112,12
ENSG00000132530_1,0.24690226,1.1311373,12
ENSG00000141736,1.6523794,0.0,12
ENSG00000107077,2.261718,1.9561251,12
ENSG00000166579_1,1.9023967,2.1419575,12
ENSG00000168517_2,1.5081935,0.0,12
ENSG00000080503_4,0.10112229,0.0,12
ENSG00000277258,0.5847006,1.6897439,12
ENSG00000233901,0.7287283,0.0,12
ENSG00000148308_1,1.3884469,2.4239206,12
ENSG00000181031,0.1821044,0.0,12
ENSG00000176974,1.6590365,2.1023343,12
ENSG00000197070,1.9822406,1.6072406,12
ENSG00000165272_1,1.3520564,2.6232028,12
ENSG00000281769,0.59243876,0.98203593,12
ENSG00000095303_1,0.7377094,0.0,12
ENSG00000154262,0.11304012,0.0,12
ENSG00000274996,0.2717748,0.0,12
ENSG00000125458,1.9729828,2.325331,12
ENSG00000170835,0.25519067,0.0,12
ENSG00000169738_2,1.6809648,3.2218497,12
ENSG00000108387,0.2045753,0.0,12
ENSG00000012048_3,1.4162506,1.8432302,12
ENSG00000137078,0.23189208,0.0,12
ENSG00000185972,0.18321142,0.0,12
ENSG00000123975,2.018191,3.1579883,12
ENSG00000198920_1,1.294546,0.0,12
ENSG00000167081_1,0.9910797,0.0,12
ENSG00000154975,0.85723686,1.6383893,12
ENSG00000161544,1.4621643,1.999609,12
ENSG00000013306,2.0766978,3.4748192,12
ENSG00000063015_1,1.3902564,1.554065,12
ENSG00000172992,2.3399866,2.572507,12
ENSG00000261408,2.248771,2.0028138,12
ENSG00000136436,1.8117853,2.9542642,12
ENSG00000196196,0.60788023,1.2263421,12
ENSG00000178691,2.4027317,2.5025773,12
ENSG00000161960,2.2097785,3.7209826,12
ENSG00000159921_1,0.118053585,0.0,12
ENSG00000005882_1,0.12441346,0.0,12
ENSG00000170043,1.674029,2.6720443,12
ENSG00000276293,2.304538,2.0628226,12
ENSG00000107331,0.7258854,0.0,12
ENSG00000198887,1.8608551,2.235488,12
ENSG00000165219,2.2748373,2.6803246,12
ENSG00000280177,0.5360553,0.7761925,12
ENSG00000184988,0.446485,1.0675544,12
ENSG00000177076,1.7745613,1.9380592,12
ENSG00000222465,0.154269,0.0,12
ENSG00000108312,1.9866861,2.2272182,12
ENSG00000126581,1.4101746,2.7120981,12
ENSG00000108599,1.7261915,2.32917,12
ENSG00000198265,1.804928,2.44711,12
ENSG00000106803,1.5762997,2.6574268,12
ENSG00000161714,1.7065033,2.0995564,12
ENSG00000160445,1.9839388,2.2310565,12
ENSG00000055483_1,1.077649,1.4651151,12
ENSG00000125686,1.0696701,0.0,12
ENSG00000119383_3,0.7166443,1.4168735,12
ENSG00000148187,1.8674603,0.0,12
ENSG00000136872_1,0.3487592,0.0,12
ENSG00000131746,0.2825354,0.0,12
ENSG00000155875,0.41442028,1.6296848,12
ENSG00000073670,1.5417358,1.7701079,12
ENSG00000186393,0.22621782,0.0,12
ENSG00000125430,1.6402346,2.316641,12
ENSG00000106992_1,1.328171,2.2366734,12
ENSG00000267278,2.036413,2.152218,12
ENSG00000108666,1.6350452,0.0,12
ENSG00000267432,0.3448593,0.0,12
ENSG00000165181_3,0.40777078,0.0,12
ENSG00000092931_2,0.17395586,0.0,12
ENSG00000131747,1.8739436,0.0,12
ENSG00000148339,2.4295003,2.3949277,12
ENSG00000136861,1.6944821,0.0,12
ENSG00000267364,0.25758463,1.1331235,12
ENSG00000184640_4,1.8698246,2.5656955,12
ENSG00000108883,0.20451656,0.0,12
ENSG00000215041,2.159972,1.7198117,12
ENSG00000148123_1,0.16438137,1.0193157,12
ENSG00000137033,0.14421105,0.0,12
ENSG00000262165,0.15224592,0.0,12
ENSG00000008294_1,2.3275955,2.897231,12
ENSG00000108702,0.16050954,0.0,12
ENSG00000167851,0.30675173,1.288294,12
ENSG00000095261,2.6295683,2.6630664,12
ENSG00000108591,1.5762193,0.0,12
ENSG00000130717,1.7507292,1.5700758,12
ENSG00000148339_2,0.6022802,0.0,12
ENSG00000070601_1,0.17680414,0.0,12
ENSG00000178999,1.4432676,0.0,12
ENSG00000182473,0.2609407,0.0,12
ENSG00000122694,1.6894476,0.0,12
ENSG00000185359_1,0.42114058,1.3795049,12
ENSG00000154240_1,1.2653825,0.0,12
ENSG00000132535_4,1.30035,0.0,12
ENSG00000207277,1.1033162,0.0,12
ENSG00000187595,0.2873614,0.0,12
ENSG00000108950,1.43797,1.3980268,12
ENSG00000167525_2,1.8902661,1.7930427,12
ENSG00000223551,0.19131517,3.6649003,12
ENSG00000154957,1.8559539,1.7078851,12
ENSG00000260454,0.101532206,0.0,12
ENSG00000141510,0.14473683,0.0,12
ENSG00000168259,2.0054057,1.4899023,12
ENSG00000054148,1.8360426,2.211497,12
ENSG00000148308,1.8365732,2.843637,12
ENSG00000070159,1.520425,1.5018805,12
ENSG00000108424,2.0293899,3.8853958,12
ENSG00000154025,0.17394552,0.0,12
ENSG00000141337_1,1.9608368,1.6638987,12
ENSG00000204815,1.1744875,0.0,12
ENSG00000108813_1,0.4683487,1.8135409,12
ENSG00000136866,0.56034476,0.0,12
ENSG00000119125_1,1.141494,1.6516559,12
ENSG00000197355,1.5696901,2.073062,12
ENSG00000074660_1,0.38602826,1.3905642,12
ENSG00000167419_1,0.123574436,0.0,12
ENSG00000119408_3,0.20422241,0.0,12
ENSG00000184185,1.4055711,1.605208,12
ENSG00000108679,0.24847314,0.0,12
ENSG00000197879_1,1.5150744,1.9137609,12
ENSG00000087995,1.1760391,2.8927972,12
ENSG00000153714,0.13893795,0.0,12
ENSG00000197694_1,0.9819118,0.0,12
ENSG00000196169,1.4129184,0.0,12
ENSG00000119383_2,0.63928765,1.6598496,12
ENSG00000231107,0.2315037,0.0,12
ENSG00000137070,1.1030031,0.0,12
ENSG00000130714,1.5995986,1.9928803,12
ENSG00000154803,1.4739506,0.0,12
ENSG00000160339,0.22821715,0.0,12
ENSG00000130222,0.55355936,1.376084,12
ENSG00000129657,1.3382411,2.524631,12
ENSG00000233101,0.26894432,0.0,12
ENSG00000287750,0.33692408,0.98484224,12
ENSG00000287355,0.14309548,0.0,12
ENSG00000127804,0.8751967,0.0,12
ENSG00000068097,1.6137053,2.1155207,12
ENSG00000157303,1.5198244,0.0,12
ENSG00000129646,0.614989,0.9030357,12
ENSG00000068120,0.9205828,2.9642289,12
ENSG00000130558_1,1.5274265,1.7130787,12
ENSG00000006744_1,1.9288005,2.7032828,12
ENSG00000180787,1.0120233,1.5540165,12
ENSG00000161958,0.62526786,2.1111248,12
ENSG00000225937,0.10591321,0.0,12
ENSG00000197768,0.5991191,0.0,12
ENSG00000087191,2.0607436,2.992496,12
ENSG00000108848,2.2445257,3.3760896,12
ENSG00000141030,1.9741765,2.894718,12
ENSG00000167693,1.5319208,1.9835812,12
ENSG00000034152_1,0.25569466,0.0,12
ENSG00000167695,1.8290725,2.0030682,12
ENSG00000072778_1,1.1642728,0.0,12
ENSG00000204711,0.32613224,0.0,12
ENSG00000160326,1.236128,1.3326,12
ENSG00000265702,0.11263479,0.0,12
ENSG00000176058,2.1158183,2.2861419,12
ENSG00000136848_2,0.18795645,0.0,12
ENSG00000166292,0.21909286,0.0,12
ENSG00000011295,2.1687832,2.4382257,12
ENSG00000164978,1.5998133,0.0,12
ENSG00000122696_1,2.0810483,2.6538875,12
ENSG00000148334_1,2.2136023,1.8862256,12
ENSG00000171861,1.7722012,2.1541774,12
ENSG00000148346,0.26358554,0.0,12
ENSG00000148090,1.907079,2.512188,12
ENSG00000198435,2.0413005,2.2725818,12
ENSG00000286190,1.0323966,1.2151086,12
ENSG00000148143_1,0.13413252,0.0,12
ENSG00000132141,2.0399923,1.4085453,12
ENSG00000078725,1.0516632,1.5216218,12
ENSG00000156017,2.254903,2.1908693,12
ENSG00000164946,0.13241965,0.0,12
ENSG00000176386,1.974037,2.4780366,12
ENSG00000142507,0.7951153,0.0,12
ENSG00000182963,1.3852013,1.7405679,12
ENSG00000199483,0.10409652,0.0,12
ENSG00000147872_1,0.14546336,0.0,12
ENSG00000265148,0.8418851,0.0,12
ENSG00000120063,2.2640383,2.3192728,12
ENSG00000167941,0.23466465,0.0,12
ENSG00000037042,0.5681204,1.4811846,12
ENSG00000109079,1.8639724,2.346355,12
ENSG00000091583,0.1282531,0.0,12
ENSG00000265542,0.21708062,0.0,12
ENSG00000196712,1.8436302,2.6044204,12
ENSG00000141279_2,2.042979,2.197137,12
ENSG00000179094,0.5149838,1.4096965,12
ENSG00000136854,1.9554898,2.345156,12
ENSG00000173908,0.12852208,0.0,12
ENSG00000109111,2.2563212,3.1162589,12
ENSG00000293460,1.4499282,2.2738042,12
ENSG00000062716_1,1.041923,2.919303,12
ENSG00000214401,2.519065,1.8597926,12
ENSG00000081386,1.4716424,2.2127733,12
ENSG00000228278,0.23791856,0.88252455,12
ENSG00000283439,0.14836249,0.0,12
ENSG00000106772_2,1.0115603,0.0,12
ENSG00000108510,2.0343435,1.6091673,12
ENSG00000108582,1.873445,2.4905217,12
ENSG00000108924_1,0.39537194,0.0,12
ENSG00000030304_1,0.1024708,0.0,12
ENSG00000264364,2.0537796,2.860565,12
ENSG00000187764_2,1.0650136,2.0802548,12
ENSG00000109066,1.6150557,0.0,12
ENSG00000073350_1,0.32913816,0.99034774,12
ENSG00000167123,0.36412117,0.0,12
ENSG00000167543_1,1.5346446,1.674806,12
ENSG00000108344,2.4439216,3.413221,12
ENSG00000188523,1.2392843,0.0,12
ENSG00000119333,2.585146,0.0,12
ENSG00000283160,0.9335607,0.0,12
ENSG00000161958_2,0.6096077,0.0,12
ENSG00000167916,0.29233816,0.0,12
ENSG00000141255_1,0.2453725,0.0,12
ENSG00000166750,0.4571122,0.0,12
ENSG00000266357,0.23537213,0.0,12
ENSG00000221926,0.15231937,0.0,12
ENSG00000235448_1,0.08541982,0.0,12
ENSG00000291074_1,0.81347877,1.1579099,12
ENSG00000087111_2,2.0058937,0.0,12
ENSG00000167703,1.9737058,0.0,12
ENSG00000137077,0.19595173,0.0,12
ENSG00000227517,0.10092951,0.0,12
ENSG00000062725_1,1.6782141,2.3666825,12
ENSG00000165269,0.33135897,0.0,12
ENSG00000187713,1.9336921,2.2679527,12
ENSG00000187997,0.8714832,0.0,12
ENSG00000132361,1.9782143,2.8307939,12
ENSG00000133028,1.823696,2.3853989,12
ENSG00000173818,2.0694616,1.7683051,12
ENSG00000189152,0.3077733,0.0,12
ENSG00000120159_1,1.8141292,2.544192,12
ENSG00000108669_1,0.20210122,0.0,12
ENSG00000167543,0.9708681,1.0560278,12
ENSG00000161955,0.39726248,0.0,12
ENSG00000007237_3,0.22878104,0.0,12
ENSG00000154240_2,1.2398087,1.540367,12
ENSG00000177302,1.9549161,2.3656938,12
ENSG00000174038,0.127278,0.0,12
ENSG00000214941,2.0088632,2.0813437,12
ENSG00000171097_1,2.043118,2.0719557,12
ENSG00000119411,1.2616264,1.4968328,12
ENSG00000131738,0.40116683,0.0,12
ENSG00000120071,0.11079623,0.0,12
ENSG00000119403,2.0992274,0.0,12
ENSG00000108312_1,1.9334885,0.0,12
ENSG00000177728_1,0.18991971,0.0,12
ENSG00000129657_1,0.30136356,0.0,12
ENSG00000167183,0.26850733,0.0,12
ENSG00000196814,1.7411247,1.6176293,12
ENSG00000120159,1.7355071,1.8147868,12
ENSG00000259120,0.2446082,0.0,12
ENSG00000127081,0.81808865,1.9172744,12
ENSG00000278259_2,2.0415936,1.8571937,12
ENSG00000154262_1,0.11188963,0.0,12
ENSG00000273061,1.7377704,0.0,12
ENSG00000204706_1,1.7075092,1.4641615,12
ENSG00000175826_1,1.9366686,3.069631,12
ENSG00000213927,0.2023086,0.75797266,12
ENSG00000225434,0.15599528,0.0,12
ENSG00000181409,0.48146114,0.0,12
ENSG00000236088,1.3642836,0.0,12
ENSG00000167525,2.177465,0.0,12
ENSG00000173812_1,0.9714505,1.4208959,12
ENSG00000176208,1.8210222,2.5795448,12
ENSG00000130560_1,2.0993268,3.330637,12
ENSG00000184640_8,0.41634172,1.4677856,12
ENSG00000107331_1,1.8184196,1.8752928,12
ENSG00000160447,1.6653764,2.3623693,12
ENSG00000075429,1.1715225,1.339948,12
ENSG00000107105_2,0.12177983,0.0,12
ENSG00000165092_1,0.13116369,0.0,12
ENSG00000119514_1,0.44266194,1.2118678,12
ENSG00000267568,0.5427207,0.0,12
ENSG00000182327,0.5176239,1.3938208,12
ENSG00000225663,2.0926876,2.3099282,12
ENSG00000170175_1,0.9825331,0.0,12
ENSG00000264666,1.3618963,2.2821233,12
ENSG00000086102,2.176789,0.0,12
ENSG00000185527,0.25816238,1.0142264,12
ENSG00000266473,1.3984445,2.5588837,12
ENSG00000082641_3,0.42459002,0.0,12
ENSG00000108813_2,1.2810283,1.6881349,12
ENSG00000141505,0.25481808,0.0,12
ENSG00000212195,1.0352987,2.5806181,12
ENSG00000107249,0.75590616,1.4767447,12
ENSG00000129195,1.6149889,0.0,12
ENSG00000283538,0.18258438,0.0,12
ENSG00000171246,1.383591,2.216166,12
ENSG00000167925,0.5772708,0.0,12
ENSG00000171396,0.3896348,1.2882268,12
ENSG00000258890,2.1864977,2.4100194,12
ENSG00000082641_1,1.9692798,2.2265277,12
ENSG00000136877_1,1.5498401,0.0,12
ENSG00000131748_1,0.5033093,0.89970016,12
ENSG00000165181,0.12942623,0.98209023,12
ENSG00000175611_1,2.0887473,2.2282617,12
ENSG00000108788_1,2.127415,1.1688803,12
ENSG00000186350,1.9738948,2.563018,12
ENSG00000123453_1,0.75662667,0.0,12
ENSG00000259349,1.7326869,0.0,12
ENSG00000204054_1,0.40132526,0.0,12
ENSG00000125484_1,2.044974,1.8900183,12
ENSG00000198467_1,0.35200348,0.0,12
ENSG00000089685,1.735404,3.08032,12
ENSG00000119321_1,1.7585868,2.580204,12
ENSG00000267121,1.473178,2.2644637,12
ENSG00000106692,0.83279455,2.038779,12
ENSG00000161547,2.3699145,3.6908267,12
ENSG00000108469,0.3785654,0.73893905,12
ENSG00000120158_1,0.14495414,0.0,12
ENSG00000175893,1.3436183,1.7357585,12
ENSG00000200538,0.15182292,0.0,12
ENSG00000221829,1.5557104,0.0,12
ENSG00000108984,0.19336142,0.0,12
ENSG00000185359,2.1550164,2.633057,12
ENSG00000188938_1,0.7720158,0.0,12
ENSG00000196730_2,1.5660189,1.9649099,12
ENSG00000096968,2.2586591,2.4352071,12
ENSG00000141161,0.20355308,0.0,12
ENSG00000137075,1.5637921,0.0,12
ENSG00000182473_1,1.0029427,1.399085,12
ENSG00000235641_1,0.43524757,0.8345987,12
ENSG00000012048_1,1.1495355,2.6078978,12
ENSG00000154229,1.9071487,2.344962,12
ENSG00000120160,0.09169088,0.0,12
ENSG00000148057,1.4640731,1.4759907,12
ENSG00000133027_1,0.23254094,0.0,12
ENSG00000141560,1.5079365,2.1111515,12
ENSG00000179314_1,1.3884083,1.4669417,12
ENSG00000108651,0.9349631,0.0,12
ENSG00000172716,0.3216221,0.0,12
ENSG00000108256,1.8280278,3.461599,12
ENSG00000108389,1.6160176,2.0067868,12
ENSG00000119139_1,1.203405,1.9771472,12
ENSG00000076351_1,0.5460613,0.0,12
ENSG00000165181_1,0.08793625,0.0,12
ENSG00000182224_1,0.7561524,1.5959148,12
ENSG00000263412,2.3834841,1.6999243,12
ENSG00000187922,0.39386857,0.0,12
ENSG00000106829_2,1.4719652,1.4454174,12
ENSG00000181090_1,0.15545127,0.0,12
ENSG00000168591_1,1.1563238,1.8834059,12
ENSG00000265222,0.17522739,0.0,12
ENSG00000109065,1.8124315,0.0,12
ENSG00000263489,0.5521762,0.0,12
ENSG00000178921,0.77577066,0.0,12
ENSG00000141349_1,2.0298474,2.4084334,12
ENSG00000080503_1,1.7343967,2.2212915,12
ENSG00000154240,0.09868382,0.0,12
ENSG00000141527,0.1972198,0.0,12
ENSG00000108387_4,0.12027912,0.0,12
ENSG00000108244,0.30782506,0.99572295,12
ENSG00000186860,0.66170835,1.6957443,12
ENSG00000212900,0.29899028,0.0,12
ENSG00000073584_1,0.86722684,1.3851414,12
ENSG00000132535_2,0.6544702,0.0,12
ENSG00000136478,1.9518315,1.8393964,12
ENSG00000170049,0.9247329,0.0,12
ENSG00000127083,0.0900805,0.0,12
ENSG00000120068,0.64069164,1.4106592,12
ENSG00000131467,2.2261324,2.815836,12
ENSG00000068489,1.1180991,2.7784212,12
ENSG00000180638,0.35034662,0.0,12
ENSG00000063015,0.24542335,0.0,12
ENSG00000197646,0.10224146,0.56841296,12
ENSG00000129221,0.33208376,0.0,12
ENSG00000137100,0.59246665,0.0,12
ENSG00000277791,1.8767229,3.2241263,12
ENSG00000108417,0.19342768,0.0,12
ENSG00000235361,0.31712177,0.0,12
ENSG00000148019,1.3058643,2.230541,12
ENSG00000119139_3,0.12921771,0.0,12
ENSG00000005102,0.1936068,0.0,12
ENSG00000167861,1.0153023,1.1616075,12
ENSG00000189050,1.844836,0.0,12
ENSG00000198121_1,1.2335063,1.4687165,12
ENSG00000179029,1.5006157,0.0,12
ENSG00000171159,2.4940784,3.0331461,12
ENSG00000235387,0.273224,0.0,12
ENSG00000291075_1,0.36638942,0.0,12
ENSG00000167106,0.4828097,0.0,12
ENSG00000160606_1,1.0354161,0.81050134,12
ENSG00000107186_2,0.1173411,0.0,12
ENSG00000141506,1.3511375,1.5118032,12
ENSG00000153822,0.107467026,0.0,12
ENSG00000168792,1.5058786,1.6059296,12
ENSG00000177728,1.0063742,0.0,12
ENSG00000176160,1.1113948,0.0,12
ENSG00000197724,1.7288967,2.080915,12
ENSG00000161542_1,2.2849638,2.5020404,12
ENSG00000184811,0.38642335,1.3083509,12
ENSG00000141179,1.8798534,2.4152071,12
ENSG00000180616,0.92547166,1.828866,12
ENSG00000225376_1,0.11049247,0.0,12
ENSG00000083290,1.321823,1.7709256,12
ENSG00000219200_1,0.733377,2.3349,12
ENSG00000279069,1.4319059,1.840194,12
ENSG00000181038,2.148884,2.554615,12
ENSG00000131462,2.201656,3.1593747,12
ENSG00000120242,0.10419881,0.0,12
ENSG00000184451_1,0.8600855,1.3904759,12
ENSG00000186834,1.8970108,2.468715,12
ENSG00000173065_1,1.6267477,2.6435277,12
ENSG00000108387_3,0.121595964,0.0,12
ENSG00000108773,1.4690837,1.4821415,12
ENSG00000187239,1.4478096,1.6450388,12
ENSG00000185527_1,0.29264095,0.0,12
ENSG00000108506,1.081406,0.0,12
ENSG00000108819,1.3209276,1.4785377,12
ENSG00000181284,0.77938855,1.5502772,12
ENSG00000108639,2.0173945,2.850533,12
ENSG00000175866_4,0.189328,0.8825815,12
ENSG00000148204_1,0.20909484,0.0,12
ENSG00000290585,0.4185924,0.0,12
ENSG00000213246,1.912754,2.9552715,12
ENSG00000263567,0.1398002,1.6143804,12
ENSG00000275722,0.19991441,0.0,12
ENSG00000108924_2,0.17186062,0.0,12
ENSG00000169696,2.0263708,1.9774035,12
ENSG00000153822_2,0.14411667,0.0,12
ENSG00000171403,0.4040979,1.2977387,12
ENSG00000108641_1,1.6373994,1.5208162,12
ENSG00000107372,2.052095,2.8182788,12
ENSG00000106829_3,1.3484453,1.6815217,12
ENSG00000160446,1.9953104,2.2400172,12
ENSG00000127191_1,2.2851713,2.297235,12
ENSG00000185920,1.4760286,1.5547192,12
ENSG00000108602_1,0.2626299,0.0,12
ENSG00000141526_3,0.4389731,1.4367667,12
ENSG00000277161_1,1.7370797,1.6468251,12
ENSG00000108523_3,0.28834262,0.0,12
ENSG00000107105,0.102180585,0.0,12
ENSG00000236924,0.6575085,0.0,12
ENSG00000230013,0.38240364,0.0,12
ENSG00000172123_1,0.23537892,0.7340794,12
ENSG00000121073_2,0.3383346,0.0,12
ENSG00000108771,0.47247443,1.902487,12
ENSG00000048828_2,0.100518376,0.0,12
ENSG00000108349,2.2476914,2.6399415,12
ENSG00000137101_1,0.21949388,0.0,12
ENSG00000141298,2.0539339,2.6308274,12
ENSG00000074755,2.079298,2.1355524,12
ENSG00000175931,1.7870475,2.079561,12
ENSG00000126878,1.8462763,1.6058758,12
ENSG00000169696_1,0.32375652,0.70876074,12
ENSG00000237339,0.3045507,0.0,12
ENSG00000273611,1.683779,2.590291,12
ENSG00000108773_1,1.596891,2.462431,12
ENSG00000106804,0.14104636,0.0,12
ENSG00000086062,2.1279323,2.3665164,12
ENSG00000198863,2.1838887,2.4346488,12
ENSG00000178031,0.14738598,0.0,12
ENSG00000108255,0.3252066,0.0,12
ENSG00000092931_1,1.7578309,1.7714258,12
ENSG00000181045_1,1.6127236,1.5972892,12
ENSG00000234323,0.13352633,0.0,12
ENSG00000213694,1.3413174,1.3508292,12
ENSG00000197079,0.32205322,0.0,12
ENSG00000246640,0.67568386,1.1597176,12
ENSG00000234789,0.31953898,0.0,12
ENSG00000141696,1.5599179,2.0753279,12
ENSG00000235530,2.1349313,1.9581815,12
ENSG00000166482,0.41507727,0.0,12
ENSG00000136869,0.183148,0.0,12
ENSG00000167302,2.0806065,1.8605176,12
ENSG00000181634,0.27065137,0.0,12
ENSG00000132359,0.39988777,0.0,12
ENSG00000108825,0.67808366,0.0,12
ENSG00000230074,1.5160506,0.0,12
ENSG00000267221,1.3486394,1.3162011,12
ENSG00000165661,1.8640112,2.7598114,12
ENSG00000228317,0.81303537,0.0,12
ENSG00000121104,1.862213,2.925344,12
ENSG00000002834,2.0118935,3.5764048,12
ENSG00000136950_1,2.3670523,2.6885052,12
ENSG00000119514,1.6906116,2.5412297,12
ENSG00000271447,1.4340072,2.162206,12
ENSG00000225551,0.104209274,0.0,12
ENSG00000147883,0.76858187,0.0,12
ENSG00000181045,0.42439532,0.0,12
ENSG00000165185,2.2718928,2.5819838,12
ENSG00000126858,2.1499567,2.2760594,12
ENSG00000175906,0.7632486,1.2002593,12
ENSG00000181396,1.8873652,2.6861274,12
ENSG00000170175,0.87218654,1.6052942,12
ENSG00000167840_1,1.3580608,0.8384713,12
ENSG00000121060,2.0003626,2.4273434,12
ENSG00000068137,2.0798624,1.5555539,12
ENSG00000136807,2.174165,2.0582135,12
ENSG00000141568,2.117267,2.9615254,12
ENSG00000153944_3,0.16719708,0.81870085,12
ENSG00000263843,2.1666043,1.290929,12
ENSG00000205808,1.1326683,1.8094722,12
ENSG00000080503,1.7710593,2.3034055,12
ENSG00000263293_1,1.5009066,2.2374809,12
ENSG00000285822,1.6805016,2.881033,12
ENSG00000007237_5,0.16813442,0.0,12
ENSG00000137098,1.2824897,2.7068944,12
ENSG00000005238_1,0.3073602,0.0,12
ENSG00000182154,2.238402,2.874042,12
ENSG00000067191,0.19801971,0.0,12
ENSG00000072310,1.6953255,0.0,12
ENSG00000012048_2,1.1082368,2.6665742,12
ENSG00000198876,2.0141652,2.6222348,12
ENSG00000220205,1.886847,2.5818849,12
ENSG00000073350,1.7355508,1.9107738,12
ENSG00000148339_1,0.49051902,0.0,12
ENSG00000250850,0.98762786,0.0,12
ENSG00000126368,1.7370445,1.5318875,12
ENSG00000136895_1,1.6625581,1.135069,12
ENSG00000187922_1,0.5456157,0.0,12
ENSG00000004975,1.8116938,2.2903464,12
ENSG00000119487,0.09820999,0.0,12
ENSG00000272763,1.7003452,0.0,12
ENSG00000167695_1,1.7949946,1.6486527,12
ENSG00000062725,1.9130133,1.1934975,12
ENSG00000164972_1,0.14439254,0.0,12
ENSG00000125482,0.69429374,0.0,12
ENSG00000108961,1.1460353,0.0,12
ENSG00000136842,1.7726415,3.037777,12
ENSG00000198467_2,0.23793864,0.0,12
ENSG00000181523_1,0.82472813,1.440673,12
ENSG00000109101,0.48081893,1.7777312,12
ENSG00000121057_1,1.3020526,0.0,12
ENSG00000033627,1.5094796,0.0,12
ENSG00000141367,2.2558823,3.6210952,12
ENSG00000136848,0.3124784,0.0,12
ENSG00000183048,2.011381,2.1025023,12
ENSG00000188647_1,1.918454,2.276193,12
ENSG00000204347,0.36498722,0.0,12
ENSG00000172992_1,1.8361727,2.3343954,12
ENSG00000165138,1.9898661,2.4747696,12
ENSG00000130713,0.89051384,2.6358385,12
ENSG00000188895,1.7693704,2.323679,12
ENSG00000184557,2.152923,2.8150795,12
ENSG00000091542_1,2.051536,2.7512946,12
ENSG00000188312,2.323881,2.3467147,12
ENSG00000141519,1.1421217,1.2963799,12
ENSG00000171595,0.26633966,1.4678892,12
ENSG00000166579,0.21708342,0.568366,12
ENSG00000213859,1.4380184,1.7659813,12
ENSG00000153944_2,0.1131524,0.0,12
ENSG00000165025,1.7074269,1.582177,12
ENSG00000173762,0.5015274,0.0,12
ENSG00000135002_1,1.9114319,2.5202477,12
ENSG00000119403_1,2.7559597,3.3876088,12
ENSG00000189051,0.27903315,0.0,12
ENSG00000136830,1.8107506,1.783067,12
ENSG00000160606,2.3243618,2.213252,12
ENSG00000159842_4,0.40917775,0.0,12
ENSG00000275066,2.014982,2.4225094,12
ENSG00000141562,1.4248852,2.0307615,12
ENSG00000107331_2,0.59810126,1.254016,12
ENSG00000293480,2.1420624,1.987961,12
ENSG00000141582,2.231963,2.7570617,12
ENSG00000141279_1,1.8173889,2.9820902,12
ENSG00000161653_1,0.95889246,1.1742634,12
ENSG00000179673,1.1265076,1.5200117,12
ENSG00000177294,0.8619431,0.0,12
ENSG00000159842_3,1.4240942,1.4568062,12
ENSG00000165244,2.2898161,2.0642333,12
ENSG00000228639,0.14626826,0.0,12
ENSG00000011258,1.9321982,1.8523519,12
ENSG00000135047_1,0.17163843,0.0,12
ENSG00000108424_1,2.1092947,1.5951324,12
ENSG00000175826,2.000585,2.4572504,12
ENSG00000108840,2.390564,2.472171,12
ENSG00000260785,0.119917646,0.0,12
ENSG00000135049,1.6434326,1.9646273,12
ENSG00000169071,1.456474,1.0962493,12
ENSG00000070731_2,0.18347909,0.0,12
ENSG00000225190,0.18445177,0.0,12
ENSG00000109089,1.7321304,2.1244063,12
ENSG00000204278,0.81125146,0.0,12
ENSG00000159314,0.4497997,0.0,12
ENSG00000227355,2.2252223,0.0,12
ENSG00000049283_1,0.31043985,0.8860957,12
ENSG00000135070,1.9898251,2.5724883,12
ENSG00000108688,0.1367772,0.0,12
ENSG00000010244,1.1249062,3.458458,12
ENSG00000070061,2.1682646,2.5571725,12
ENSG00000263069,2.025546,1.4650407,12
ENSG00000119396,2.0658948,2.8482323,12
ENSG00000248871,1.1526867,1.0193241,12
ENSG00000141456_1,1.7611306,0.0,12
ENSG00000148180,0.11690028,0.0,12
ENSG00000167842,2.0930862,2.3317976,12
ENSG00000141748,0.27734193,1.1026257,12
ENSG00000186665,2.2650325,2.0615354,12
ENSG00000137154,2.003576,3.6127744,12
ENSG00000108511,0.47541252,2.058411,12
ENSG00000141556,1.8747562,2.5994277,12
ENSG00000141551_3,1.8065795,2.7794595,12
ENSG00000136933,1.501688,2.6800635,12
ENSG00000182224_2,1.2065582,0.0,12
ENSG00000125492,1.1295894,1.4416165,12
ENSG00000108639_1,0.7821355,0.0,12
ENSG00000204054_3,1.4483122,0.0,12
ENSG00000121104_1,1.7476305,0.0,12
ENSG00000161939,1.574903,0.0,12
ENSG00000181222_1,2.1309638,1.9469236,12
ENSG00000167434,1.2106892,1.4095442,12
ENSG00000278023,0.7429495,0.0,12
ENSG00000173801,1.7927423,0.0,12
ENSG00000135046,0.3380641,0.0,12
ENSG00000128482,0.2630538,0.0,12
ENSG00000109061,0.11934413,0.0,12
ENSG00000233016,2.1734915,2.694162,12
ENSG00000148337,2.0769413,3.333034,12
ENSG00000187688,0.666525,2.5206735,12
ENSG00000141551,0.16082476,1.0116043,12
ENSG00000108406,1.6244043,2.6271067,12
ENSG00000126883_1,2.264343,0.0,12
ENSG00000205309,1.8996181,2.0417874,12
ENSG00000092871_1,1.8438183,1.0606601,12
ENSG00000125691,1.4779211,3.9269578,12
ENSG00000172794,1.0151689,0.0,12
ENSG00000174292_1,1.1022979,1.0721028,12
ENSG00000267207,0.32264686,1.5068702,12
ENSG00000167525_3,1.4766854,1.7308307,12
ENSG00000277399,0.35755384,1.2509809,12
ENSG00000164975,1.8840672,2.5663078,12
ENSG00000275410,0.4432368,0.0,12
ENSG00000006042_1,1.8392543,2.080933,12
ENSG00000141040,1.2141525,1.5036137,12
ENSG00000122711,0.35001558,0.0,12
ENSG00000015532,1.944209,1.9328288,12
ENSG00000141294,1.4235148,1.5191505,12
ENSG00000147905,2.4029806,2.587083,12
ENSG00000188483,1.5900166,2.1591158,12
ENSG00000125457_1,2.040002,2.1349354,12
ENSG00000125447,2.4737437,2.2927432,12
ENSG00000188566,1.8633163,2.469025,12
ENSG00000234899,0.13426155,0.0,12
ENSG00000267321,1.636816,0.0,12
ENSG00000132514,0.19717173,0.0,12
ENSG00000167107_1,0.5893843,1.3566759,12
ENSG00000135002,1.2414747,0.0,12
ENSG00000127774,1.939282,2.6536446,12
ENSG00000166484_1,1.6257218,1.666312,12
ENSG00000165092,0.13793227,0.0,12
ENSG00000106686_1,0.25332746,0.0,12
ENSG00000157637,0.9290465,1.1985747,12
ENSG00000165264,1.2085991,2.9151866,12
ENSG00000276170,0.21398818,0.0,12
ENSG00000136856,1.7001988,1.8015409,12
ENSG00000119139_4,0.1298154,0.0,12
ENSG00000141314,1.6758382,1.9783175,12
ENSG00000164967,1.2219671,0.0,12
ENSG00000173786,1.8764192,1.881339,12
ENSG00000141753,1.9250667,3.2894464,12
ENSG00000167895,0.7991382,0.0,12
ENSG00000173611,1.6700963,0.0,12
ENSG00000175854_1,2.1803868,2.8421535,12
ENSG00000177885_1,2.0540452,0.0,12
ENSG00000133027_2,1.9395386,2.2971475,12
ENSG00000262879_1,1.3713669,2.2287238,12
ENSG00000167723_1,0.4155619,0.0,12
ENSG00000148229_1,1.9604188,3.0198388,12
ENSG00000161921,0.58361983,0.0,12
ENSG00000187866,1.8945254,2.2798038,12
ENSG00000126861,0.11394194,0.0,12
ENSG00000136897,1.6977189,0.0,12
ENSG00000196305,1.815425,3.3455853,12
ENSG00000109099,1.1893834,1.6195108,12
ENSG00000180626,1.4333149,1.6725873,12
ENSG00000161692,1.2593045,2.3169594,12
ENSG00000119326,2.0712552,2.636508,12
ENSG00000159184,0.6054714,1.1969495,12
ENSG00000199426,0.5708194,1.5167865,12
ENSG00000178852_1,2.148571,1.9163013,12
ENSG00000169718,1.6606079,1.1089032,12
ENSG00000228714,0.15219054,0.0,12
ENSG00000125398,0.40148196,1.2854673,12
ENSG00000265000,0.81049335,0.0,12
ENSG00000108423,1.7201444,2.312987,12
ENSG00000146872,0.1545226,0.0,12
ENSG00000175768,2.103935,3.366137,12
ENSG00000108389_1,2.1694481,1.8424658,12
ENSG00000179148,0.5515369,0.9708023,12
ENSG00000169733_1,1.7328767,2.3135297,12
ENSG00000179593,0.2857388,1.3110032,12
ENSG00000275329,2.077801,1.6876003,12
ENSG00000141580,2.0918584,2.6928804,12
ENSG00000132386_2,0.30951047,0.0,12
ENSG00000197879_2,0.35813016,0.8683505,12
ENSG00000141699,2.3467093,2.2937007,12
ENSG00000178852,2.1566274,2.0724154,12
ENSG00000175061,1.9842197,3.611614,12
ENSG00000175866,1.8089447,2.3924103,12
ENSG00000161654,0.18692301,0.0,12
ENSG00000108878,0.4133334,0.0,12
ENSG00000228083,0.14377931,0.0,12
ENSG00000126883,2.9657872,3.5060935,12
ENSG00000204316,1.9820968,2.370317,12
ENSG00000221676,1.2449154,0.0,12
ENSG00000182481,2.2561872,3.6727877,12
ENSG00000293669,2.0869482,2.4164941,12
ENSG00000188938,2.101532,2.2364137,12
ENSG00000291084,0.2057056,0.0,12
ENSG00000136929,0.8056164,3.3559914,12
ENSG00000197191,0.28563908,0.8186877,12
ENSG00000198265_1,1.3847419,1.2909468,12
ENSG00000196873,1.2915205,0.0,12
ENSG00000119408_2,0.17525254,0.0,12
ENSG00000120215,0.12156816,0.0,12
ENSG00000181856,0.91195965,0.95631254,12
ENSG00000157653,1.9351403,1.2480714,12
ENSG00000107099_1,2.0631142,1.524788,12
ENSG00000159921,1.9902653,2.3322384,12
ENSG00000267123,0.44353774,0.0,12
ENSG00000228392,0.35886922,1.1968668,12
ENSG00000108823_1,0.20119718,1.1389339,12
ENSG00000120217,0.5721292,0.0,12
ENSG00000178999_1,1.7478527,2.714531,12
ENSG00000141540,1.2291826,0.0,12
ENSG00000137054,1.6859764,2.8649328,12
ENSG00000127191,0.46446916,0.0,12
ENSG00000271086_1,2.2263882,1.7016112,12
ENSG00000260027,1.0214776,1.7938602,12
ENSG00000204291,1.35416,1.6214567,12
ENSG00000173991,0.4817771,0.0,12
ENSG00000171634,2.0481544,2.6573715,12
ENSG00000011143,1.4556767,0.0,12
ENSG00000212719_1,0.4347932,0.0,12
ENSG00000221880,0.4321972,1.1191238,12
ENSG00000147912,1.3488569,1.3948543,12
ENSG00000153982_1,2.0259163,0.9764784,12
ENSG00000160271,1.9186715,1.5925076,12
ENSG00000290858,0.14987448,0.0,12
ENSG00000107262,2.0461566,2.6328084,12
ENSG00000108798_1,0.27990857,0.0,12
ENSG00000165006,1.9117179,2.4508724,12
ENSG00000182575_1,1.5492136,1.1831274,12
ENSG00000173068,0.25827026,0.0,12
ENSG00000196363,1.0643963,1.5263393,12
ENSG00000106853,0.1298432,0.0,12
ENSG00000204054_2,1.49268,0.0,12
ENSG00000178445,0.167288,0.9413325,12
ENSG00000141198,1.5482956,2.4076374,12
ENSG00000182446_2,1.8396257,2.9431012,12
ENSG00000005882,1.278057,1.4328891,12
ENSG00000285947,0.20151706,0.0,12
ENSG00000136938,2.5229332,3.9308293,12
ENSG00000121057_2,0.15799773,0.0,12
ENSG00000166260,2.030691,2.3265734,12
ENSG00000136925,2.367207,2.3284101,12
ENSG00000138835,0.74546933,0.0,12
ENSG00000169727,1.6084727,2.3690674,12
ENSG00000141485,0.8785405,1.2434349,12
ENSG00000161405_1,0.5978361,0.0,12
ENSG00000286322,0.32819572,0.0,12
ENSG00000006282_1,0.16425802,0.0,12
ENSG00000185332,0.32770053,0.0,12
ENSG00000240505,0.21097064,0.0,12
ENSG00000170425,1.5318934,1.9683475,12
ENSG00000126562,2.2487147,2.357134,12
ENSG00000267568_1,0.60593784,1.2613105,12
ENSG00000287553,1.8899568,1.4493241,12
ENSG00000007171,0.19356671,0.0,12
ENSG00000172057,0.59406686,0.0,12
ENSG00000204414,0.3075061,0.8536982,12
ENSG00000286435,0.39602652,0.0,12
ENSG00000177984,0.25896132,1.0116128,12
ENSG00000108924_3,0.11691022,0.0,12
ENSG00000173068_1,0.12959975,0.8499719,12
ENSG00000119318,2.3935122,3.4966004,12
ENSG00000065325,0.28877902,0.0,12
ENSG00000126860,0.1071361,0.0,12
ENSG00000277258_2,1.4229307,1.9593801,12
ENSG00000164985_1,0.09972778,0.0,12
ENSG00000004660,0.18667044,0.0,12
ENSG00000141371,0.2983503,0.0,12
ENSG00000169718_1,1.6779014,2.428339,12
ENSG00000120068_1,0.28442976,1.943543,12
ENSG00000158079,0.1888409,0.0,12
ENSG00000267002,1.5209635,1.2855258,12
ENSG00000122735,0.70767117,0.0,12
ENSG00000136488,0.26251248,0.0,12
ENSG00000106771,2.197392,2.4393485,12
ENSG00000214946,0.22346094,0.0,12
ENSG00000131759_1,1.6380013,2.4156942,12
ENSG00000170836,2.4337368,2.2828329,12
ENSG00000108523_2,0.50264037,0.0,12
ENSG00000236130,0.6293377,0.0,12
ENSG00000167100_1,1.3849925,1.3773427,12
ENSG00000182150,2.3294113,2.2477427,12
ENSG00000253506,0.2567418,3.284126,12
ENSG00000126883_3,0.28706545,0.0,12
ENSG00000188581,0.44101593,1.9005529,12
ENSG00000189159_1,2.2220552,3.2966652,12
ENSG00000141376_2,0.114816934,0.0,12
ENSG00000108387_2,1.5120465,1.4795465,12
ENSG00000136877,2.0255744,2.117248,12
ENSG00000236404,1.0806494,1.5599545,12
ENSG00000177239,2.1950228,2.3000364,12
ENSG00000179094_1,1.2998143,0.0,12
ENSG00000169727_1,1.7212662,2.766864,12
ENSG00000122741,2.1780195,2.5858386,12
ENSG00000148218,1.4419035,1.982737,12
ENSG00000236680,0.10705122,1.4482888,12
ENSG00000172889_2,1.988634,1.9121104,12
ENSG00000120156_1,0.21504752,0.0,12
ENSG00000132535,0.38975766,0.0,12
ENSG00000183979,1.4446975,1.4873788,12
ENSG00000231902,0.07854363,0.0,12
ENSG00000141219,1.6999613,1.7454339,12
ENSG00000136895,0.9199771,1.0090257,12
ENSG00000108622_1,0.3565201,0.0,12
ENSG00000198231,2.1780014,2.6421142,12
ENSG00000133020,0.09700237,0.0,12
ENSG00000267023,0.3680484,0.0,12
ENSG00000136938_1,0.21240163,0.0,12
ENSG00000131096,0.29858094,1.0854332,12
ENSG00000167291_1,1.2437166,1.707851,12
ENSG00000185158_1,0.23886827,0.0,12
ENSG00000188554,1.4093262,2.1312754,12
ENSG00000095303,0.3484615,0.0,12
ENSG00000214860,0.39116684,0.0,12
ENSG00000006788,0.11810978,0.0,12
ENSG00000147862_3,1.1122533,1.5287753,12
ENSG00000174038_1,0.15391983,1.1026394,12
ENSG00000213373,0.1570422,0.0,12
ENSG00000273611_1,0.13466504,0.0,12
ENSG00000174292,0.6574132,1.6831732,12
ENSG00000290657,0.30306157,0.0,12
ENSG00000108669_4,2.0922709,1.8792163,12
ENSG00000167524,0.1761339,0.64119637,12
ENSG00000130948,0.19367483,1.0464952,12
ENSG00000189159,1.7307204,1.0343878,12
ENSG00000159217,2.1128933,2.6539648,12
ENSG00000226237,0.2777491,0.0,12
ENSG00000136859,0.8433095,0.0,12
ENSG00000167114,2.391772,2.2352328,12
ENSG00000199753,2.0781608,1.9024924,12
ENSG00000265055,1.34333,1.0652734,12
ENSG00000198467_3,1.145071,1.1917583,12
ENSG00000129226_1,0.4472133,1.142796,12
ENSG00000222293,0.16587165,0.0,12
ENSG00000178502,1.8321668,2.3309412,12
ENSG00000106829_1,0.51248944,0.0,12
ENSG00000188352,2.006982,2.0803955,12
ENSG00000258315,2.2194068,0.0,12
ENSG00000005884_1,1.425492,1.3990678,12
ENSG00000108468_1,2.1221728,2.9631832,12
ENSG00000170689,2.4617662,3.0185423,12
ENSG00000262481,0.7153882,0.0,12
ENSG00000119314_1,2.436664,3.2260687,12
ENSG00000108479,1.572137,2.430251,12
ENSG00000197417,1.6813132,2.072408,12
ENSG00000283526,0.7556566,1.3071237,12
ENSG00000119487_1,0.09090866,0.0,12
ENSG00000168961,0.21333706,0.0,12
ENSG00000148297,1.8975204,2.358873,12
ENSG00000185681,0.95108217,0.0,12
ENSG00000129250,1.8961548,2.4333713,12
ENSG00000176390,1.8922192,2.472692,12
ENSG00000179859,2.089718,1.7362052,12
ENSG00000175832_2,1.5745218,2.6036153,12
ENSG00000266962,1.9450978,2.322116,12
ENSG00000133027,0.28403822,1.1917863,12
ENSG00000147889,0.7697444,0.0,12
ENSG00000233516,0.09412193,0.0,12
ENSG00000147874_1,1.7542849,0.0,12
ENSG00000108387_1,0.14760734,0.0,12
ENSG00000106853_1,0.8147974,0.0,12
ENSG00000172889_1,0.9138993,3.5864184,12
ENSG00000167123_2,0.24974796,0.0,12
ENSG00000148411,1.852703,2.2840922,12
ENSG00000136828,1.6470771,1.6461684,12
ENSG00000230601_1,0.22029343,0.0,12
ENSG00000129197_1,0.7540264,0.0,12
ENSG00000173757,2.2450507,2.6991177,12
ENSG00000281000,1.548407,3.1610084,12
ENSG00000006744,1.710961,1.2449695,12
ENSG00000171346,0.25736305,0.74382323,12
ENSG00000278910_1,0.096924946,0.0,12
ENSG00000035862_1,0.26287797,0.0,12
ENSG00000109118,2.263224,1.2728854,12
ENSG00000004660_1,1.8999474,0.0,12
ENSG00000198933,1.6972783,1.1026052,12
ENSG00000131469,1.5692528,3.7490132,12
ENSG00000186765,0.9816239,0.0,12
ENSG00000072210,1.2784072,1.3959551,12
ENSG00000197919,0.103572845,0.0,12
ENSG00000073536,1.6101853,2.4103367,12
ENSG00000272975_2,0.20167293,0.0,12
ENSG00000154265,1.6286641,1.6930231,12
ENSG00000236849,0.12127711,0.0,12
ENSG00000233670,0.16629127,0.982045,12
ENSG00000288989,1.5020703,1.5192109,12
ENSG00000287193,1.7866713,0.0,12
ENSG00000171843_1,1.354879,1.560612,12
ENSG00000188386,0.47382915,0.0,12
ENSG00000189375,0.16756567,0.0,12
ENSG00000179094_2,1.2040777,1.8106719,12
ENSG00000136895_3,0.10140395,0.0,12
ENSG00000175662,1.336684,1.3399917,12
ENSG00000173258,0.5457209,2.1139634,12
ENSG00000141522_1,2.1072416,2.7926717,12
ENSG00000136872,0.11044666,0.0,12
ENSG00000264808,2.0052304,1.8221353,12
ENSG00000122756_1,1.0230771,1.4578516,12
ENSG00000180329,1.3330317,2.531964,12
ENSG00000184434,0.08626355,0.0,12
ENSG00000108654_3,2.3911932,4.03569,12
ENSG00000169689,2.0110304,2.852744,12
ENSG00000005238,1.5933174,1.7803533,12
ENSG00000109016,1.5845584,2.0046651,12
ENSG00000238058,1.9810988,2.1672583,12
ENSG00000204148,0.10834372,0.0,12
ENSG00000138835_4,0.4249602,0.0,12
ENSG00000263766,1.9228355,1.4001752,12
ENSG00000166596,0.24011716,0.0,12
ENSG00000168913,1.510836,1.1616075,12
ENSG00000198000_1,2.2256014,2.8690498,12
ENSG00000165028,1.6222473,1.8634418,12
ENSG00000132507_1,2.2610707,3.8139963,12
ENSG00000196422,1.7396029,1.9077874,12
ENSG00000185379,1.4742132,1.8023837,12
ENSG00000290656,0.40220493,1.4812132,12
ENSG00000252542,0.16213772,0.0,12
ENSG00000157654,1.3017398,0.0,12
ENSG00000167419,0.119201094,0.0,12
ENSG00000108654_2,1.9356811,4.0385127,12
ENSG00000170832,2.1164777,1.5035183,12
ENSG00000172159,0.1569845,0.0,12
ENSG00000233101_1,0.47092602,0.0,12
ENSG00000083223,0.09910852,0.0,12
ENSG00000108604,2.0470216,1.218378,12
ENSG00000148331,2.0352964,0.0,12
ENSG00000137074_1,1.9019182,0.0,12
ENSG00000141756,0.31382257,1.2840741,12
ENSG00000176108,1.6570503,2.0766768,12
ENSG00000239697,1.0621263,1.6078944,12
ENSG00000185294,0.23280746,1.0116128,12
ENSG00000262814,2.1907942,3.1274483,12
ENSG00000106952,0.2336083,0.99033886,12
ENSG00000187024_1,0.5998509,0.0,12
ENSG00000135018,2.3142748,2.780094,12
ENSG00000196739_1,0.20870516,0.0,12
ENSG00000170777,0.17123538,0.0,12
ENSG00000158169,0.76263773,0.0,12
ENSG00000108244_2,0.17121974,0.0,12
ENSG00000065559_1,0.0879042,0.0,12
ENSG00000200997,0.7067298,0.0,12
ENSG00000006695,1.3319871,2.06849,12
ENSG00000007202,2.2653093,2.8562913,12
ENSG00000169925_2,1.3834685,1.2656667,12
ENSG00000136810,2.2471397,3.0997496,12
ENSG00000234494,1.2267506,0.0,12
ENSG00000108556_1,0.18170017,0.0,12
ENSG00000120235,0.107385784,0.0,12
ENSG00000235183,0.14297119,1.7156775,12
ENSG00000137055,1.9590076,2.3338199,12
ENSG00000181323,0.20337507,0.0,12
ENSG00000198853,2.103172,2.0636187,12
ENSG00000080503_5,0.093936294,0.0,12
ENSG00000129204,0.97605395,1.3361795,12
ENSG00000136942,2.3536417,4.161317,12
ENSG00000108788,2.0640252,2.5742779,12
ENSG00000126337,0.4160203,0.90639967,12
ENSG00000176809,2.4124444,2.320005,12
ENSG00000137038,0.8235755,2.8911023,12
ENSG00000236819,0.32128343,0.0,12
ENSG00000007312,0.44955978,0.82275635,12
ENSG00000187024,1.3068146,1.642603,12
ENSG00000278311_1,0.12050001,0.83848387,12
ENSG00000270647,2.2577555,3.4311578,12
ENSG00000286194,0.18903504,0.0,12
ENSG00000085265,0.12199357,0.0,12
ENSG00000106829,0.58926606,1.9876887,12
ENSG00000172156,0.13426852,0.0,12
ENSG00000265118,0.13913694,0.0,12
ENSG00000074370,1.709446,2.5638487,12
ENSG00000170703_1,0.6959517,1.0392555,12
ENSG00000169692,2.0032146,2.2064993,12
ENSG00000007237_6,1.5550789,1.6930494,12
ENSG00000198000,1.3902227,2.7940927,12
ENSG00000224505,2.199195,1.7763815,12
ENSG00000185862,0.2118491,0.0,12
ENSG00000238227,2.2433176,2.3624449,12
ENSG00000182446,0.24486914,0.0,12
ENSG00000258315_1,2.1196353,0.0,12
ENSG00000178971,1.133718,0.0,12
ENSG00000275385,0.111126736,0.0,12
ENSG00000142494,1.3047184,1.6234044,12
ENSG00000188647,0.06638701,0.0,12
ENSG00000108405,0.71654135,2.5277872,12
ENSG00000160271_2,0.29890984,0.0,12
ENSG00000161381,0.27031875,0.0,12
ENSG00000285634,0.14358929,0.0,12
ENSG00000274736,0.1917435,0.0,12
ENSG00000254876,2.0203035,2.3780706,12
ENSG00000073861,1.3941556,1.7042192,12
ENSG00000010438,0.98781574,0.0,12
ENSG00000137124,1.8467802,2.516214,12
ENSG00000131473,2.1915116,2.7481966,12
ENSG00000136487,0.28362533,0.9764784,12
ENSG00000198336_1,0.96490645,3.3755758,12
ENSG00000267280,1.2013525,1.4549515,12
ENSG00000182628,0.1439366,0.0,12
ENSG00000107105_1,1.3275236,1.9001923,12
ENSG00000136449,1.0809407,0.0,12
ENSG00000204669,0.17335673,0.0,12
ENSG00000235601,1.4059478,0.0,12
ENSG00000087111,0.21751659,0.0,12
ENSG00000215548,1.6921946,2.5564413,12
ENSG00000107263_1,1.6224695,2.2263162,12
ENSG00000156345,1.0116004,1.3635932,12
ENSG00000291110_1,0.22708929,0.0,12
ENSG00000185813_1,1.813892,2.749274,12
ENSG00000121073,2.353406,2.5880678,12
ENSG00000234705,0.19492213,0.0,12
ENSG00000184009,2.089071,4.4993143,12
ENSG00000278259,0.7133517,0.0,12
ENSG00000198242,2.102325,4.1183143,12
ENSG00000147862,0.08983056,0.0,12
ENSG00000159899,1.1812716,1.327604,12
ENSG00000132530_3,0.3526878,0.0,12
ENSG00000196422_1,1.737979,1.9474827,12
ENSG00000029725,1.8494903,2.7323253,12
ENSG00000233198,0.5309772,0.9984773,12
ENSG00000274755,0.100927085,0.0,12
ENSG00000196597,1.5511974,2.0135198,12
ENSG00000005961_1,1.4701344,1.3082656,12
ENSG00000167103_1,1.1753098,0.0,12
ENSG00000279561,1.0123752,0.0,12
ENSG00000198113,0.8904447,0.0,12
ENSG00000167699,1.7215644,0.0,12
ENSG00000159884,2.0109293,1.778144,12
ENSG00000073605,0.13039911,0.0,12
ENSG00000197170,1.7956394,2.9508219,12
ENSG00000188352_1,0.067990854,0.0,12
ENSG00000141026,1.3971007,2.2963514,12
ENSG00000170310,0.41527903,1.8710122,12
ENSG00000274808,0.27597588,0.0,12
ENSG00000095397,1.3631483,1.8343571,12
ENSG00000275832_1,1.1547545,1.250976,12
ENSG00000182446_1,0.27821112,0.0,12
ENSG00000108443,2.202543,3.0175633,12
ENSG00000130958,1.4073876,1.716162,12
ENSG00000131759_2,1.2870765,1.4463352,12
ENSG00000148400,1.8948866,2.3864276,12
ENSG00000263718,0.26100507,1.0168245,12
ENSG00000158169_1,2.0716388,2.416141,12
ENSG00000160408_2,0.27318874,0.0,12
ENSG00000262061,0.3553714,0.81050134,12
ENSG00000186868,1.8910362,1.6258472,12
ENSG00000167740_1,1.7921182,1.6875825,12
ENSG00000090054,1.488157,0.0,12
ENSG00000261879,1.2552353,0.0,12
ENSG00000141376,1.2798156,0.0,12
ENSG00000120094,0.4634212,1.0788192,12
ENSG00000107187_1,0.9085068,1.3363396,12
ENSG00000266677,1.3124443,0.0,12
ENSG00000108588,1.778767,0.0,12
ENSG00000197816,0.6065305,0.0,12
ENSG00000165684,1.7377216,2.0985227,12
ENSG00000256806,1.5221982,1.1883097,12
ENSG00000108669,0.12401661,0.0,12
ENSG00000231991,0.32291135,0.0,12
ENSG00000132471,1.0100776,3.2788725,12
ENSG00000156345_1,0.8032744,1.6359158,12
ENSG00000007237,0.18747857,0.0,12
ENSG00000184451,0.17993432,0.89292896,12
ENSG00000130956,1.8795048,2.2717254,12
ENSG00000161381_2,0.4692067,1.38616,12
ENSG00000119328,2.0285728,0.0,12
ENSG00000183153,0.21052602,1.0417085,12
ENSG00000136824_1,1.5336093,0.0,12
ENSG00000008294,0.27870825,1.4473907,12
ENSG00000280496,0.4196498,0.0,12
ENSG00000133026_1,1.924649,2.6247234,12
ENSG00000188986,2.0877736,2.3690116,12
ENSG00000148356,1.7407261,2.2526443,12
ENSG00000244649,1.5987006,1.8044666,12
ENSG00000122729,1.3872601,2.3457441,12
ENSG00000279602,0.31120655,0.97927517,12
ENSG00000091640,1.3472464,2.6941743,12
ENSG00000291075,2.174658,3.0871387,12
ENSG00000132507_3,1.3607746,1.5101293,12
ENSG00000178445_1,0.12567171,0.0,12
ENSG00000095383,1.63476,1.420863,12
ENSG00000132507,0.80069876,1.7405916,12
ENSG00000155621,1.0265634,2.155321,12
ENSG00000148229,2.2205272,2.732211,12
ENSG00000126883_4,0.20089284,0.0,12
ENSG00000161940,0.42537817,0.0,12
ENSG00000234506,0.18095636,0.0,12
ENSG00000165275,0.9794476,0.0,12
ENSG00000107175,1.414972,1.3784161,12
ENSG00000183978,0.9856814,0.0,12
ENSG00000148343,1.973219,2.1751492,12
ENSG00000033627_1,0.45604408,0.0,12
ENSG00000186074,0.19719711,0.0,12
ENSG00000131475,0.7510463,2.9082377,12
ENSG00000108592_1,1.9308769,3.2929003,12
ENSG00000214087,2.078805,2.1113937,12
ENSG00000092929_1,1.4172567,2.2664223,12
ENSG00000128422,0.33741045,1.2118678,12
ENSG00000165695,1.282198,1.232615,12
ENSG00000148335_1,1.7907642,2.6127446,12
ENSG00000226604,0.13695896,0.0,12
ENSG00000070731_1,1.2978388,1.6836863,12
ENSG00000187838,1.4811362,2.370465,12
ENSG00000169660,1.8221456,2.73033,12
ENSG00000002919,1.5342165,2.0337453,12
ENSG00000136819,2.374579,3.4057646,12
ENSG00000265688,1.994907,1.8229262,12
ENSG00000266446,1.011932,1.4633255,12
ENSG00000106780,2.156371,2.063971,12
ENSG00000153933,1.729169,1.8958036,12
ENSG00000141736_1,1.0311227,1.1109599,12
ENSG00000147853,2.014546,2.974988,12
ENSG00000161921_1,1.0744491,1.2714466,12
ENSG00000184544,0.22958225,0.8021852,12
ENSG00000136811_3,0.90126646,0.0,12
ENSG00000232104,2.2467935,1.979093,12
ENSG00000269929,2.5413768,2.386481,12
ENSG00000107338,2.1367934,1.9094704,12
ENSG00000159210,1.2977046,2.4484992,12
ENSG00000132386_1,1.0354074,0.0,12
ENSG00000136940,2.059287,2.5615962,12
ENSG00000148219,1.1596438,0.0,12
ENSG00000133026,1.3338948,2.5708766,12
ENSG00000108474,0.6857749,2.609602,12
ENSG00000180071,0.9956366,0.0,12
ENSG00000186638,1.6654317,1.9677678,12
ENSG00000270547,0.13395374,0.0,12
ENSG00000136881,0.100880966,0.0,12
ENSG00000141556_1,0.66504246,0.0,12
ENSG00000129214,0.6075599,0.0,12
ENSG00000237560,0.15926778,0.0,12
ENSG00000141279,0.094893396,0.0,12
ENSG00000107147_2,1.288477,1.4358284,12
ENSG00000137142,1.6084958,1.9768542,12
ENSG00000188833,0.57337075,0.0,12
ENSG00000129255_1,2.0708802,2.632358,12
ENSG00000178921_1,1.165037,0.0,12
ENSG00000128487,1.7574271,1.9958475,12
ENSG00000107317_2,0.37509575,0.0,12
ENSG00000148154,2.1742995,2.644074,12
ENSG00000167880,0.58106184,0.9503843,12
ENSG00000173826,1.2942837,0.0,12
ENSG00000044574,2.462125,3.817825,12
ENSG00000126351,1.8493952,2.0101643,12
ENSG00000147896,0.11454716,0.0,12
ENSG00000233098,0.79101825,2.849562,12
ENSG00000169738,0.26621243,1.4407202,12
ENSG00000278535,1.8123516,2.536034,12
ENSG00000132530,0.22246,0.0,12
ENSG00000137076,2.0728981,2.771262,12
ENSG00000274512,0.29760006,0.0,12
ENSG00000235106,1.2809696,1.9628521,12
ENSG00000171401_1,0.3375164,0.91939193,12
ENSG00000212721,0.55531675,1.4568365,12
ENSG00000196358,1.3339432,1.5918101,12
ENSG00000108384,1.6450428,2.7357147,12
ENSG00000237886,0.33557004,0.0,12
ENSG00000159111,1.1156693,0.0,12
ENSG00000244045,2.0427604,2.56215,12
ENSG00000293325,0.6264336,1.1795806,12
ENSG00000133195,0.61434346,1.9255987,12
ENSG00000173068_2,0.7057295,1.2388487,12
ENSG00000154217,1.1619713,0.0,12
ENSG00000141524_1,0.4939038,1.2757258,12
ENSG00000161405,0.15193546,0.0,12
ENSG00000108557,1.8238035,2.2030058,12
ENSG00000286799,1.8731382,1.3904405,12
ENSG00000185829,1.2685345,0.0,12
ENSG00000141252_1,0.20957737,0.0,12
ENSG00000160539_1,0.902684,1.3096727,12
ENSG00000265148_1,0.6725452,1.2356799,12
ENSG00000178789,0.17986397,0.0,12
ENSG00000228696,1.3862,0.0,12
ENSG00000291063,0.7507229,1.6480573,12
ENSG00000132478,2.4463038,2.225397,12
ENSG00000167721,0.9136276,3.0138268,12
ENSG00000232859,2.0091982,1.8699354,12
ENSG00000234323_2,0.11997874,0.0,12
ENSG00000172171,0.81642455,0.0,12
ENSG00000168517,0.9653641,1.2964238,12
ENSG00000141524,1.9862155,2.9634223,12
ENSG00000107187,1.4071091,1.8082178,12
ENSG00000006042,1.7833062,2.6414979,12
ENSG00000204237,2.1570952,2.2064857,12
ENSG00000170222,1.6443788,1.8756573,12
ENSG00000166484,0.8755051,1.6870292,12
ENSG00000182575,1.6492816,1.1830989,12
ENSG00000120211,0.16896881,0.0,12
ENSG00000266970,2.0503218,1.1689098,12
ENSG00000277027,2.114649,2.7647178,12
ENSG00000261156,0.10111426,1.3301499,12
ENSG00000167280,1.7277714,2.4528518,12
ENSG00000240445,1.1650146,0.0,12
ENSG00000204930,0.43819997,0.0,12
ENSG00000170037,1.8427006,0.0,12
ENSG00000161381_1,0.48906204,1.3070893,12
ENSG00000165699,2.1716483,2.210313,12
ENSG00000173805,1.1236855,1.3148359,12
ENSG00000175611,2.004777,0.0,12
ENSG00000148154_1,2.0446966,0.0,12
ENSG00000278619,2.0248811,2.1597025,12
ENSG00000172301_1,1.7392989,2.3022833,12
ENSG00000204278_1,1.0939869,1.564382,12
ENSG00000203364,0.100085184,0.0,12
ENSG00000122696,2.3156755,2.3215218,12
ENSG00000136895_2,1.7443491,0.0,12
ENSG00000235641,0.11487976,0.0,12
ENSG00000125457,0.81143093,0.8267225,12
ENSG00000167113_1,2.5639737,2.9025197,12
ENSG00000170190_1,1.6327385,1.3289094,12
ENSG00000287333,0.17030875,0.84229714,12
ENSG00000196092,0.7963197,1.1466241,12
ENSG00000120071_2,2.1015048,0.0,12
ENSG00000147854,1.512251,2.4818509,12
ENSG00000109113,1.0801349,0.86468905,12
ENSG00000137075_2,1.6022512,1.8623103,12
ENSG00000131899,1.8554603,1.7609725,12
ENSG00000185504,1.9568725,2.3046412,12
ENSG00000132510_1,0.28112867,0.0,12
ENSG00000073584,1.9077001,2.773603,12
ENSG00000167085,0.71286184,0.0,12
ENSG00000262768,0.2606603,0.0,12
ENSG00000129244,0.7002034,2.5590203,12
ENSG00000008838,0.86249614,0.0,12
ENSG00000108666_1,1.9025165,2.2631862,12
ENSG00000126883_2,0.2995423,1.3004433,12
ENSG00000129235,1.5721773,3.2151005,12
ENSG00000277108,1.526225,1.7696506,12
ENSG00000165140_1,0.22366208,1.346079,12
ENSG00000169738_1,1.9728011,2.2761445,12
ENSG00000290770,2.0966585,2.2967968,12
ENSG00000007168_2,1.3885778,1.9457048,12
ENSG00000213930,1.183982,1.75201,12
ENSG00000136444,1.5562772,2.2761376,12
ENSG00000136848_1,1.0737984,1.3338904,12
ENSG00000186185,1.7373211,2.1628003,12
ENSG00000187609,1.9816462,1.8656132,12
ENSG00000141293,0.9314717,0.0,12
ENSG00000287782,0.21334995,0.0,12
ENSG00000086061,2.0320246,3.2356648,12
ENSG00000108823,0.3235239,0.0,12
ENSG00000182612,0.29795703,0.0,12
ENSG00000005884,1.3657485,1.4105917,12
ENSG00000095203,1.3396777,1.9390198,12
ENSG00000196642,2.1439283,3.0980515,12
ENSG00000156017_1,2.0971277,2.494099,12
ENSG00000108518,1.9187995,4.1654224,12
ENSG00000227531,0.13343462,0.0,12
ENSG00000154945,1.8329436,1.7303381,12
ENSG00000277688,0.41377136,0.0,12
ENSG00000275143,0.649831,0.0,12
ENSG00000108984_1,0.15945883,0.0,12
ENSG00000048828,2.1111176,2.8337843,12
ENSG00000275465,0.14414075,0.0,12
ENSG00000122707,1.1691347,1.886891,12
ENSG00000148290,1.854354,1.6604347,12
ENSG00000153976,1.3953608,1.944142,12
ENSG00000188612_1,2.4588304,3.7502692,12
ENSG00000136936,1.9527539,2.6118538,12
ENSG00000171953,1.6803482,2.0960789,12
ENSG00000132470,1.582584,1.8424845,12
ENSG00000181374,0.19237027,0.0,12
ENSG00000173065_2,0.8518257,1.5598947,12
ENSG00000154920,1.0543258,1.8398236,12
ENSG00000137101_2,1.0892159,0.0,12
ENSG00000278505,0.1409689,0.0,12
ENSG00000230148,2.0253782,2.0017338,12
ENSG00000108963,1.2830156,0.0,12
ENSG00000146872_1,1.9405614,2.4214888,12
ENSG00000209582,0.22736976,0.0,12
ENSG00000204913,1.2962645,1.142796,12
ENSG00000107371,2.1684592,2.8545308,12
ENSG00000293440,1.9695498,1.6691215,12
ENSG00000076351,1.4123935,1.9325244,12
ENSG00000108439_1,0.20345336,1.3109438,12
ENSG00000176358,0.2359927,0.0,12
ENSG00000108946_3,0.09315997,0.0,12
ENSG00000186193,1.818081,2.403637,12
ENSG00000271605,0.45714298,0.0,12
ENSG00000293515,0.20251875,0.0,12
ENSG00000213416,0.50898516,0.0,12
ENSG00000160602_1,1.8439378,0.0,12
ENSG00000205108,0.10573281,0.0,12
ENSG00000007168,2.0327985,2.6720054,12
ENSG00000108821_1,0.22865812,0.0,12
ENSG00000106772_1,0.09703885,0.8499719,12
ENSG00000266469,2.0608366,0.0,12
ENSG00000119446,1.8453816,0.0,12
ENSG00000168517_1,2.11882,1.4367667,12
ENSG00000170004,1.5154738,2.3010952,12
ENSG00000200903,0.21057642,0.0,12
ENSG00000170296_1,1.8057376,3.0157578,12
ENSG00000109046,1.7036325,3.2112033,12
ENSG00000106799,2.2436001,2.3154876,12
ENSG00000141258,1.8390846,2.0229642,12
ENSG00000136448,1.4729699,3.6262817,12
ENSG00000262188,0.45302722,1.1634417,12
ENSG00000120093,0.19362558,0.0,12
ENSG00000131480,0.2777441,0.0,12
ENSG00000107186_1,0.09068851,0.0,12
ENSG00000172889,0.5707235,0.0,12
ENSG00000165688,2.118676,2.945166,12
ENSG00000035862_2,1.5191547,1.7968518,12
ENSG00000141741,1.5320292,2.653878,12
ENSG00000232283,0.16780709,0.0,12
ENSG00000262664,1.7820696,2.1284575,12
ENSG00000121057_3,0.20122172,1.5751417,12
ENSG00000136492,1.1310052,0.0,12
ENSG00000184925,0.31637612,1.0629954,12
ENSG00000119383_4,0.3148485,0.0,12
ENSG00000186665_1,0.19954953,0.0,12
ENSG00000264589,0.78914297,1.3199593,12
ENSG00000265749,0.14546128,0.0,12
ENSG00000165269_1,0.26776424,0.0,12
ENSG00000293499,1.7229811,1.9791385,12
ENSG00000131471,0.27999464,0.0,12
ENSG00000007237_4,0.25323138,0.0,12
ENSG00000129654,0.6569468,0.9764417,12
ENSG00000141252_2,1.567449,2.431272,12
ENSG00000229109,0.24880096,0.0,12
ENSG00000091542,1.2082031,1.7439767,12
ENSG00000221852,0.4555313,1.5849415,12
ENSG00000159640,1.6534529,1.9734927,12
ENSG00000275152,0.2404036,0.0,12
ENSG00000120210,0.3964708,0.0,12
ENSG00000109083,1.7931736,2.6310205,12
ENSG00000165724,2.0403612,2.5183613,12
ENSG00000261371_1,0.14943095,0.0,12
ENSG00000010438_1,0.15470895,1.354339,12
ENSG00000148358,1.8140532,2.45722,12
ENSG00000108576,1.1986209,1.0698531,12
ENSG00000172057_1,1.6461214,2.3577633,12
ENSG00000198909,1.8569592,2.1246085,12
ENSG00000108924,1.1356286,1.3806634,12
ENSG00000141543,2.2460415,3.0386918,12
ENSG00000171446,0.25512722,0.8460896,12
ENSG00000108509_2,1.8028117,2.2832108,12
ENSG00000230148_1,0.8194257,1.5532396,12
ENSG00000155158,1.2038347,1.9703469,12
ENSG00000229637,0.29433924,0.0,12
ENSG00000184060_2,0.14539501,0.0,12
ENSG00000120071_3,2.4459186,2.2013972,12
ENSG00000136861_1,1.9521297,2.6485279,12
ENSG00000148344,0.55926937,0.0,12
ENSG00000285634_1,0.15658861,0.0,12
ENSG00000165272,0.227039,0.0,12
ENSG00000130653,0.4975185,0.0,12
ENSG00000274180,1.7619835,1.8608768,12
ENSG00000106789,2.0202591,2.042284,12
ENSG00000108813,0.6502186,0.0,12
ENSG00000182557,0.31574476,0.0,12
ENSG00000108469_1,1.2509152,0.0,12
ENSG00000106701,1.8822339,1.6328216,12
ENSG00000261371,0.66477185,0.0,12
ENSG00000148180_1,1.3056448,2.0420396,12
ENSG00000005379,0.87745327,0.0,12
ENSG00000160325,1.7660412,1.4732826,12
ENSG00000278834,1.7727016,1.8300109,12
ENSG00000005381,1.0165128,1.4158077,12
ENSG00000167525_1,2.077788,1.9271702,12
ENSG00000172301,1.7716266,1.2786164,12
ENSG00000167863,2.3335736,3.491968,12
ENSG00000185158,1.8888572,1.7861052,12
ENSG00000136802,2.072131,2.2370734,12
ENSG00000023318,2.1609077,2.975605,12
ENSG00000276409,0.16201401,0.0,12
ENSG00000062716,1.5739719,0.0,12
ENSG00000136824,2.1301484,2.493179,12
ENSG00000267128,0.43062776,1.2713768,12
ENSG00000171475,1.7282709,2.3311458,12
ENSG00000108306,2.0497591,2.0970838,12
ENSG00000160602,1.9204675,2.2112808,12
ENSG00000141255,0.501906,0.0,12
ENSG00000155876,1.8684063,2.5420783,12
ENSG00000175061_1,1.5948933,2.8201292,12
ENSG00000204952,0.2953039,0.0,12
ENSG00000156049,0.73618114,0.81870085,12
ENSG00000141570,2.2340887,2.1330597,12
ENSG00000120071_1,0.14555633,0.0,12
ENSG00000175866_1,0.33502838,0.0,12
ENSG00000119508,1.5069631,1.7015939,12
ENSG00000172159_1,1.2525215,1.314857,12
ENSG00000171345,1.6177001,2.8525348,12
ENSG00000198785,0.7047396,1.3828093,12
ENSG00000277632,0.20856634,0.0,12
ENSG00000157657,1.7921007,0.0,12
ENSG00000072310_1,1.8967882,2.7723951,12
ENSG00000268996,2.1973388,1.9265431,12
ENSG00000291172,0.087961316,0.0,12
ENSG00000148386,0.45813614,0.0,12
ENSG00000136928,1.8135635,2.4570034,12
ENSG00000136487_1,0.2817423,1.1330916,12
ENSG00000106689,1.268595,1.2263678,12
ENSG00000167720,2.0437264,2.0130017,12
ENSG00000006740_1,0.13688114,0.0,12
ENSG00000159202,2.260805,2.570683,12
ENSG00000270332,0.15040243,0.0,12
ENSG00000129667,0.29611108,0.0,12
ENSG00000186395,0.34142938,2.9390898,12
ENSG00000293514,2.7256444,2.6061513,12
ENSG00000171401,0.39373407,0.0,12
ENSG00000266934,0.17661801,1.1504186,12
ENSG00000267166,0.4943649,1.0698531,12
ENSG00000260220,0.42168066,0.0,12
ENSG00000275718,0.16391547,0.0,12
ENSG00000181513,1.8193904,0.0,12
ENSG00000227036,0.28612703,0.0,12
ENSG00000137075_1,2.0373158,1.5890443,12
ENSG00000087157,1.7387497,0.0,12
ENSG00000175866_2,0.2834427,0.0,12
ENSG00000184060,1.0301018,1.1271696,12
ENSG00000224738,2.331661,1.4976069,12
ENSG00000141378,1.968553,2.7400143,12
ENSG00000119402,2.3486106,2.477564,12
ENSG00000148291,1.8691324,2.2607176,12
ENSG00000230013_1,1.1465789,0.0,12
ENSG00000121057,2.4038765,2.3678515,12
ENSG00000050555,1.4597412,1.6881528,12
ENSG00000185245,0.1946451,1.0984014,12
ENSG00000198740,2.2598135,2.2449965,12
ENSG00000056558_1,0.24779251,0.0,12
ENSG00000141503,2.0335972,2.4073381,12
ENSG00000281649,1.9132484,2.5456583,12
ENSG00000283329,0.1533462,0.0,12
ENSG00000107223,1.9167863,3.4268267,12
ENSG00000148156,0.30386612,1.2826447,12
ENSG00000227619,0.21545666,0.0,12
ENSG00000129245,2.1394398,2.2175102,12
ENSG00000130558,1.2371894,1.4785665,12
ENSG00000148180_3,0.653353,0.0,12
ENSG00000167716_1,1.6205945,1.8770833,12
ENSG00000288701,1.9513338,2.7002537,12
ENSG00000138835_3,0.28971925,1.4218342,12
ENSG00000182687,1.2581245,1.7130703,12
ENSG00000095370_1,0.23260832,0.0,12
ENSG00000119431,1.4027336,1.9794164,12
ENSG00000136816,2.0126026,2.4569473,12
ENSG00000167193,2.0396993,2.403661,12
ENSG00000278311,2.2275355,2.7551887,12
ENSG00000173838,0.09216827,0.0,12
ENSG00000237626,0.12607542,0.0,12
ENSG00000187824,1.0920473,1.0269008,12
ENSG00000141510_1,0.5401414,0.0,12
ENSG00000165118,1.5115602,2.408352,12
ENSG00000136828_1,1.1665274,1.1005222,12
ENSG00000107104_1,1.7546523,1.7714405,12
ENSG00000161682,1.5262169,0.0,12
ENSG00000173714,0.49548385,1.8094789,12
ENSG00000196092_2,0.8490207,0.0,12
ENSG00000087191_1,2.0974467,0.0,12
ENSG00000106852_2,1.1645793,1.6770409,12
ENSG00000138835_5,0.15769494,0.0,12
ENSG00000215126,1.2981495,2.7819715,12
ENSG00000198783,2.0044162,2.0674615,12
ENSG00000132535_3,0.7917218,0.0,12
ENSG00000169696_2,0.39521745,0.9533247,12
ENSG00000129657_3,0.11200318,0.0,12
ENSG00000108861,1.611238,2.3180404,12
ENSG00000197063_1,2.0435674,2.3580492,12
ENSG00000170412_1,1.2739153,1.4856646,12
ENSG00000108852_2,0.40814856,1.332499,12
ENSG00000120162,1.4427338,2.2516382,12
ENSG00000148123,1.2409037,1.604604,12
ENSG00000148303,1.992709,3.8118243,12
ENSG00000136932,1.9905461,2.2996576,12
ENSG00000074356_1,1.4877532,2.4852571,12
ENSG00000263293,2.1195877,1.4511322,12
ENSG00000165698,0.3973823,1.0787829,12
ENSG00000276023,2.0756314,2.4716144,12
ENSG00000167723,0.2533536,0.0,12
ENSG00000167850,0.22971687,1.2358565,12
ENSG00000233223_2,1.814251,2.720647,12
ENSG00000106686,0.26737472,0.0,12
ENSG00000120158,2.1999114,2.3980095,12
ENSG00000213213_1,1.2584068,0.95921314,12
ENSG00000131477_1,1.412361,1.392609,12
ENSG00000141052,0.8832438,0.0,12
ENSG00000160323,0.23374704,0.0,12
ENSG00000170315_1,1.0852208,0.0,12
ENSG00000180549,0.23506597,0.92577606,12
ENSG00000267432_1,0.19191411,0.0,12
ENSG00000173838_1,0.98768747,0.0,12
ENSG00000275832,1.2651763,1.4367826,12
ENSG00000169583,0.3551583,0.0,12
ENSG00000107282,1.4378884,1.7366992,12
ENSG00000184640_5,0.39135557,0.0,12
ENSG00000183691,1.520497,1.8851067,12
ENSG00000173253,0.6816219,1.148541,12
ENSG00000091592,0.31810078,1.0606601,12
ENSG00000141337,0.6260011,0.0,12
ENSG00000215183,0.24412018,1.0441084,12
ENSG00000049283,0.49091765,1.462398,12
ENSG00000106852,1.9243499,2.2835612,12
ENSG00000178607,2.0037327,2.1932359,12
ENSG00000159199,1.637401,0.0,12
ENSG00000147862_1,0.104397744,0.0,12
ENSG00000172421,0.1173428,0.0,12
ENSG00000212899,0.22466664,0.0,12
ENSG00000164989,1.2739662,0.0,12
ENSG00000108946_1,2.0248775,2.9504423,12
ENSG00000291140,2.2339513,1.8428962,12
ENSG00000204054,2.2165902,1.7900528,12
ENSG00000130560,2.2619905,3.2275345,12
ENSG00000167182,2.2738354,2.4309952,12
ENSG00000070366,2.148218,2.3370998,12
ENSG00000108379_1,0.21507482,0.0,12
ENSG00000249406,0.60550916,0.8790385,12
ENSG00000106785,1.4621694,2.2395747,12
ENSG00000070495,2.3313944,2.6189785,12
ENSG00000161958_1,0.61366665,1.667929,12
ENSG00000187272,0.26673105,0.0,12
ENSG00000196092_1,0.27871636,0.8423221,12
ENSG00000291074,0.93929094,2.0897532,12
ENSG00000170296,0.61175597,2.1101148,12
ENSG00000180901_1,2.0780761,2.1706724,12
ENSG00000161649,0.1573841,0.0,12
ENSG00000106991_1,0.8810135,1.2896558,12
ENSG00000183018,0.5172513,1.0488766,12
ENSG00000161509_1,1.3018863,1.457776,12
ENSG00000231806_1,0.49424896,0.0,12
ENSG00000198336,0.81958693,3.4707043,12
ENSG00000204001_1,0.4909663,0.0,12
ENSG00000040531_1,1.2989923,1.7773036,12
ENSG00000167862,1.8636265,3.0561004,12
ENSG00000225050,0.09957133,0.0,12
ENSG00000119414,2.196543,2.6223872,12
ENSG00000147955,1.7350507,0.0,12
ENSG00000080298_1,2.0691977,0.0,12
ENSG00000172809,1.5935661,3.9704165,12
ENSG00000107295,1.422611,1.6209061,12
ENSG00000006062,2.4294193,2.044916,12
ENSG00000171532,0.42521837,0.0,12
ENSG00000148110,2.1670861,2.4447145,12
ENSG00000184640_6,0.27384463,1.0560278,12
ENSG00000275302,0.14201866,0.0,12
ENSG00000188176,1.4723351,2.0322156,12
ENSG00000270806,0.1590456,0.0,12
ENSG00000147869,0.15571888,0.0,12
ENSG00000186832,0.7426751,0.0,12
ENSG00000070540,1.661436,1.9841356,12
ENSG00000004139,1.1874363,0.0,12
ENSG00000171855,0.11663857,0.0,12
ENSG00000056586,1.9792595,1.9058229,12
ENSG00000148225,0.9713739,1.1231785,12
ENSG00000181090,2.1587937,2.2858498,12
ENSG00000131471_1,0.14319596,1.0941216,12
ENSG00000130045,1.1231937,1.2357304,12
ENSG00000270379,0.15259513,0.0,12
ENSG00000160293,1.6490284,1.4520932,12
ENSG00000125434,1.8667792,2.081005,12
ENSG00000178307,2.112447,2.569231,12
ENSG00000198642,0.61737585,1.375133,12
ENSG00000106976,2.1763349,2.022717,12
ENSG00000070601,1.5111529,1.2167463,12
ENSG00000125450,2.211047,0.0,12
ENSG00000141526,0.66871274,0.0,12
ENSG00000205899,1.1790359,1.3682683,12
ENSG00000132475,1.9143032,3.446391,12
ENSG00000167840,1.8518426,1.7312874,12
ENSG00000108839,1.0637668,1.6725873,12
ENSG00000002919_1,1.4114838,1.662191,12
ENSG00000136840,1.6942195,2.2746496,12
ENSG00000148248,2.2779224,2.9684045,12
ENSG00000161955_1,0.2512859,0.0,12
ENSG00000181523,1.5552832,0.0,12
ENSG00000198121,0.12169421,0.0,12
ENSG00000170160,0.69296604,0.0,12
ENSG00000008283,1.9570087,1.9274731,12
ENSG00000108342,0.4560916,1.7812454,12
ENSG00000183011,1.7327029,0.0,12
ENSG00000198496,1.3472363,0.0,12
ENSG00000181885_1,0.48651972,1.5702043,12
ENSG00000236024,0.18623045,0.0,12
ENSG00000181409_1,1.5678028,1.5118299,12
ENSG00000119421,1.4390459,2.8919299,12
ENSG00000170703,1.1448172,1.0063976,12
ENSG00000266714,0.4564843,1.385034,12
ENSG00000107104_2,0.1267653,0.0,12
ENSG00000125319,1.9561764,2.3596249,12
ENSG00000177303,0.34243417,0.0,12
ENSG00000171448_1,1.4678181,0.0,12
ENSG00000154263,0.09721938,0.0,12
ENSG00000179477,0.9927014,0.7717344,12
ENSG00000185298,2.213918,2.6083827,12
ENSG00000137135,1.6155516,0.0,12
ENSG00000270765,0.38049182,1.1331235,12
ENSG00000082641_2,1.0598986,0.93514436,12
ENSG00000267532_1,0.28998038,1.0269008,12
ENSG00000181031_1,0.27774873,0.0,12
ENSG00000136870,1.9765263,0.0,12
ENSG00000233901_1,0.2280862,1.0559896,12
ENSG00000002834_1,2.216552,3.5259902,12
ENSG00000070214,1.7280698,2.1380594,12
ENSG00000108654_4,2.0343523,2.398218,12
ENSG00000157693,2.0892694,1.5828358,12
ENSG00000095303_2,0.7664887,0.0,12
ENSG00000213213,0.38430592,0.0,12
ENSG00000161905,0.56861,1.1211987,12
ENSG00000005238_2,0.595082,0.0,12
ENSG00000108561,1.9836005,3.5902765,12
ENSG00000147894,1.7331705,1.7586092,12
ENSG00000168610_1,1.2656692,2.904986,12
ENSG00000108854,1.8265806,1.8209236,12
ENSG00000130957,0.31271598,0.0,12
ENSG00000107021,1.8406461,0.0,12
ENSG00000226364,0.12585236,0.0,12
ENSG00000007237_2,0.22239807,0.0,12
ENSG00000011028,0.94184774,1.3817466,12
ENSG00000165059,0.6691989,0.0,12
ENSG00000108947,1.2379822,0.0,12
ENSG00000005961,0.21422397,0.0,12
ENSG00000221829_1,1.7425672,1.7016457,12
ENSG00000138835_6,0.29908484,0.0,12
ENSG00000136929_1,0.2990487,0.0,12
ENSG00000197969,2.020635,2.5555418,12
ENSG00000167543_2,0.8356911,2.1060004,12
ENSG00000167536,2.3240483,2.127267,12
ENSG00000108590,0.8870449,0.0,12
ENSG00000055483,2.1653001,2.3430538,12
ENSG00000161395,1.5329596,1.9268875,12
ENSG00000261924,0.29703766,0.0,12
ENSG00000108622,0.6490675,0.0,12
ENSG00000154945_1,1.5565408,2.38591,12
ENSG00000238804,0.16672486,0.0,12
ENSG00000279886,0.4485256,0.9129656,12
ENSG00000132383,1.7413511,2.6739807,12
ENSG00000273706,1.1598998,1.1951687,12
ENSG00000133030,1.8950967,2.330556,12
ENSG00000119487_2,1.7609211,2.7026484,12
ENSG00000065325_1,0.17274445,0.0,12
ENSG00000186130,0.95254767,2.1326375,12
ENSG00000184640_2,1.2152997,2.5647962,12
ENSG00000188229,2.2095861,3.9043596,12
ENSG00000124422,2.406324,2.9103544,12
ENSG00000179314,0.21581812,1.0559896,12
ENSG00000107020,1.2983714,1.7429999,12
ENSG00000184502,0.2383379,0.0,12
ENSG00000108523_1,0.91412467,1.8098761,12
ENSG00000131771_1,0.27583805,0.0,12
ENSG00000204889,0.22194123,0.0,12
ENSG00000196535,0.5180427,0.0,12
ENSG00000078687,2.1331131,2.326336,12
ENSG00000108551,1.2773926,1.4864446,12
ENSG00000132591,0.9298097,2.8602817,12
ENSG00000276085,0.23067553,0.0,12
ENSG00000097007,1.8465937,1.550314,12
ENSG00000238898,0.14624292,0.0,12
ENSG00000148335,0.36585954,0.8860957,12
ENSG00000177427,1.3783993,1.5736605,12
ENSG00000108846_1,0.3589789,0.0,12
ENSG00000188394,0.18288085,0.0,12
ENSG00000007237_1,0.21536085,0.78500223,12
ENSG00000184619,0.58482224,1.1813576,12
ENSG00000203987,0.20902234,0.0,12
ENSG00000147862_2,1.2472444,1.1580306,12
ENSG00000040531,1.8425798,2.0616786,12
ENSG00000185262,2.2326372,3.361367,12
ENSG00000157654_1,0.71997815,1.3727463,12
ENSG00000141738_1,0.34140986,0.0,12
ENSG00000095370_2,0.3058379,0.0,12
ENSG00000183077,1.427822,0.0,12
ENSG00000277511,0.6966882,0.0,12
ENSG00000108654,0.112982795,1.0810591,12
ENSG00000167106_1,2.2760522,1.8474431,12
ENSG00000141744,1.7660955,1.7673563,12
ENSG00000108592,1.5922813,2.1281536,12
ENSG00000125449,1.6686769,2.1995988,12
ENSG00000204136,1.3742886,1.5472454,12
ENSG00000266402,1.7940456,2.7178702,12
ENSG00000223510,0.20228015,0.0,12
ENSG00000174282,1.694212,1.7362052,12
ENSG00000041982,0.43545464,1.1311373,12
ENSG00000136930,1.2932671,0.0,12
ENSG00000040633_2,1.9974157,2.2757075,12
ENSG00000169925_1,1.9884514,2.1896868,12
ENSG00000226197,0.0983492,0.0,12
ENSG00000048828_1,2.1087797,1.9405165,12
ENSG00000170004_1,0.22396551,0.0,12
ENSG00000119335_1,2.103898,2.0307415,12
ENSG00000007216,0.21950316,0.8894698,12
ENSG00000234860,0.11138077,0.0,12
ENSG00000278540_1,2.1558568,1.0743409,12
ENSG00000273559,1.2313932,2.4675727,12
ENSG00000159182,0.2572545,0.83065283,12
ENSG00000183034,0.6569245,0.0,12
ENSG00000123700,1.0969557,1.599206,12
ENSG00000169683,1.6730949,1.5142688,12
ENSG00000164972,0.22399783,0.0,12
ENSG00000073670_1,1.5208102,1.7052563,12
ENSG00000267278_2,0.837862,1.2069337,12
ENSG00000179111,0.2301032,0.0,12
ENSG00000186919,0.39881337,0.87906146,12
ENSG00000148120,1.3803539,1.9124027,12
ENSG00000184640,1.5523213,2.2424893,12
ENSG00000086065,1.8175668,2.9069016,12
ENSG00000165060,1.5447453,2.728297,12
ENSG00000136783,1.5840994,2.688572,12
ENSG00000240498_1,0.0965773,0.0,12
ENSG00000136918,1.3357469,1.0116043,12
ENSG00000129255,2.214392,2.7242432,12
ENSG00000130707,1.3151585,0.0,12
ENSG00000153944,1.6166344,1.6426623,12
ENSG00000080503_3,0.092710674,0.0,12
ENSG00000106823,0.07740234,0.0,12
ENSG00000136827,1.7714422,2.731168,12
ENSG00000168259_3,0.41896597,2.537445,12
ENSG00000108465,2.214409,2.1638975,12
ENSG00000141756_1,0.2482759,1.2713071,12
ENSG00000137073,2.4060142,2.7849545,12
ENSG00000197291,1.4713227,0.0,12
ENSG00000176248,2.2178235,2.1018672,12
ENSG00000108587,1.3109918,2.5975504,12
ENSG00000177602,2.0223289,2.2798698,12
ENSG00000290924,1.6766716,1.0652809,12
ENSG00000186407,0.12714869,0.0,12
ENSG00000185168,0.8522659,0.0,12
ENSG00000165152,0.969318,1.7440269,12
ENSG00000215237,0.9994551,1.9972194,12
ENSG00000148143,0.46715826,0.8683505,12
ENSG00000091592_1,0.6444731,2.9254632,12
ENSG00000266088,0.38143972,0.9930657,12
ENSG00000225194,0.93444884,0.0,12
ENSG00000160345,0.897348,0.0,12
ENSG00000165282,1.7202055,1.9734834,12
ENSG00000167103,0.3076252,0.0,12
ENSG00000173818_1,1.8708931,1.4812391,12
ENSG00000233901_2,0.91585886,1.1251884,12
ENSG00000109084,1.9725105,3.0977187,12
ENSG00000167123_1,1.5802671,2.358074,12
ENSG00000067191_1,0.59856313,0.0,12
ENSG00000287431,2.2538617,1.4318621,12
ENSG00000126561,2.1147225,2.2326303,12
ENSG00000179604,1.7096968,1.9963715,12
ENSG00000108439,1.277259,2.2493966,12
ENSG00000035862,0.20006949,0.0,12
ENSG00000119522,1.9628916,2.2963603,12
ENSG00000148399,2.0887663,2.00937,12
ENSG00000006125_1,0.1419425,1.1670809,12
ENSG00000126653,1.1887692,2.7832832,12
ENSG00000176101,2.3208783,2.4261208,12
ENSG00000165304,1.4249107,2.6131692,12
ENSG00000179598,1.9619726,2.153144,12
ENSG00000233098_1,0.11394259,0.0,12
ENSG00000186532,1.6223819,0.0,12
ENSG00000204277,0.7812712,1.2450386,12
ENSG00000172782,1.2147273,1.3083723,12
ENSG00000108381,0.13700026,0.0,12
ENSG00000108825_1,0.7441599,0.0,12
ENSG00000275532,0.7514311,1.4540517,12
ENSG00000175787,0.6566965,0.0,12
ENSG00000006059,0.31137693,0.0,12
ENSG00000135045,2.1657436,2.5398536,12
ENSG00000106829_4,0.07520981,0.0,12
ENSG00000106993,1.9300026,2.434441,12
ENSG00000122705,2.078405,3.400985,12
ENSG00000223478,1.9196291,0.0,12
ENSG00000198920,0.10449542,0.0,12
ENSG00000167851_1,0.3581691,0.53857374,12
ENSG00000279668,0.14842165,0.0,12
ENSG00000148362,1.9306823,2.5104244,12
ENSG00000161513,0.5228131,0.0,12
ENSG00000183010,1.2096007,0.0,12
ENSG00000148296,1.8843902,2.9861114,12
ENSG00000159842_2,0.5258733,1.1150777,12
ENSG00000228395,1.8736778,1.2756798,12
ENSG00000302531,1.0463198,3.1492622,12
ENSG00000165181_2,0.11640908,0.0,12
ENSG00000230054,0.21861927,0.0,12
ENSG00000136490,0.9121572,1.2231843,12
ENSG00000230537_1,0.33450702,0.0,12
ENSG00000119408_1,1.7674787,1.2853998,12
ENSG00000165029,0.5598792,0.9793207,12
ENSG00000198443,0.5148065,0.0,12
ENSG00000136867,1.6565722,1.4348084,12
ENSG00000264985,0.14586772,0.0,12
ENSG00000132517,0.390884,0.0,12
ENSG00000154760,0.48230675,1.1370374,12
ENSG00000121068,1.3473177,1.3850518,12
ENSG00000141542,1.3009901,1.7120601,12
ENSG00000265206,1.5857443,3.3194911,12
ENSG00000136874,1.4719563,2.352584,12
ENSG00000006047,1.568018,1.3174156,12
ENSG00000239705,1.7707145,0.0,12
ENSG00000040633_1,1.4969527,1.9734973,12
ENSG00000107077_1,2.2468293,1.7912976,12
ENSG00000165716,1.6253539,1.749744,12
ENSG00000073598,0.14037552,0.0,12
ENSG00000148357,1.3639225,1.6748796,12
ENSG00000272636,1.3748318,1.6352625,12
ENSG00000157654_2,0.29782456,0.8461515,12
ENSG00000204323,0.6176188,0.0,12
ENSG00000141698,1.4444376,2.7659924,12
ENSG00000136888,2.1125622,3.3251173,12
ENSG00000167920,2.2754087,0.0,12
ENSG00000181222_2,0.24463543,0.86111605,12
ENSG00000108821,0.43188104,0.96510756,12
ENSG00000119335,2.5538929,4.218764,12
ENSG00000219200,0.9735167,3.3678124,12
ENSG00000136504,1.6088763,2.885529,12
ENSG00000224848,0.72155154,0.0,12
ENSG00000121053,0.26275408,0.0,12
ENSG00000179409,2.0047934,1.7764033,12
ENSG00000132481,1.4775866,1.6563857,12
ENSG00000276070_1,0.16782966,1.9993438,12
ENSG00000244537,0.5744443,1.8351387,12
ENSG00000109072,0.3554671,0.0,12
ENSG00000128422_2,0.55403227,1.5744133,12
ENSG00000188895_1,1.9143882,1.4856788,12
ENSG00000290585_1,1.5304154,0.0,12
ENSG00000204316_1,1.7833747,2.6451666,12
ENSG00000109047,0.40862128,0.0,12
ENSG00000083454,1.1642845,1.3186684,12
ENSG00000107104,1.0222628,0.0,12
ENSG00000175287,0.3482584,0.0,12
ENSG00000129673,0.20024548,0.0,12
ENSG00000173065,1.9572183,0.0,12
ENSG00000173894,2.0105577,2.0070133,12
ENSG00000177369,0.17977679,0.0,12
ENSG00000141552_1,1.9511305,1.8670619,12
ENSG00000161929,0.20881803,1.3544273,12
ENSG00000067596,1.5675949,2.482562,12
ENSG00000106868,2.1532812,2.49173,12
ENSG00000107036,2.1435463,2.3411317,12
ENSG00000161664,0.64130926,1.4549059,12
ENSG00000224877,2.0794938,2.9625068,12
ENSG00000136490_1,1.6272281,2.1575475,12
ENSG00000034152,1.3620914,0.0,12
ENSG00000184640_3,0.9001262,1.1211854,12
ENSG00000108528,2.0398943,0.0,12
ENSG00000214553,0.4266871,1.0368284,12
ENSG00000141027,0.09045659,0.0,12
ENSG00000120071_4,1.2505823,1.9120891,12
ENSG00000107185,1.8174443,2.280856,12
ENSG00000167740,1.9643296,0.0,12
ENSG00000136451,2.089751,2.553265,12
ENSG00000277258_1,0.8439275,2.5740962,12
ENSG00000161533,2.1168199,2.338319,12
ENSG00000119321,0.17401595,0.0,12
ENSG00000225376,0.13317806,0.0,12
ENSG00000178966,2.1317458,2.084283,12
ENSG00000131473_1,1.4749306,1.8689029,12
ENSG00000128422_1,0.4299418,0.99574924,12
ENSG00000235448,0.10587199,0.0,12
ENSG00000081377_1,1.4588716,2.079109,12
ENSG00000171302,1.8013953,2.552392,12
ENSG00000176155,1.9810414,2.2716465,12
ENSG00000181778,0.14340091,0.0,12
ENSG00000278845,1.7254341,0.0,12
ENSG00000172785,1.2547394,0.0,12
ENSG00000238423,1.1466777,1.864861,12
ENSG00000072849,1.1376159,2.116704,12
ENSG00000224383,0.98035675,1.0810231,12
ENSG00000290919,0.85253024,3.2418451,12
ENSG00000141562_1,2.1171489,3.3256984,12
ENSG00000175106,1.6825074,1.9855028,12
ENSG00000108509,0.5214477,0.0,12
ENSG00000278910,0.101648346,0.0,12
ENSG00000186075,0.8149909,0.0,12
ENSG00000167914_1,0.2245715,0.0,12
ENSG00000171298,1.8361783,1.6628333,12
ENSG00000172794_1,1.1900649,1.2342135,12
ENSG00000137145,2.117791,2.117798,12
ENSG00000141738,0.29755482,1.2019976,12
ENSG00000174282_1,1.4249595,1.5849415,12
ENSG00000166263,1.5431253,2.1293902,12
ENSG00000141200,0.3043877,1.0854332,12
ENSG00000005100,1.5415542,2.1344736,12
ENSG00000141232,2.191026,2.345001,12
ENSG00000184988_1,0.13372266,0.0,12
ENSG00000138835_2,0.17570929,0.0,12
ENSG00000187616,0.25638282,0.0,12
ENSG00000108298,2.0594714,3.9635947,12
ENSG00000136485,2.2832813,2.9889867,12
ENSG00000007168_1,1.9747504,2.1303594,12
ENSG00000074660,0.23334411,0.0,12
ENSG00000175283,1.993867,2.0014784,12
ENSG00000160408_1,1.7220732,1.9637218,12
ENSG00000267532,0.7139249,0.0,12
ENSG00000065559,1.5906432,1.9540977,12
ENSG00000277370,0.46593213,1.3109906,12
ENSG00000108309,1.0667256,1.4686869,12
ENSG00000122756,1.3460745,1.7146566,12
ENSG00000108826,0.9275071,0.0,12
ENSG00000187753,0.1641448,0.0,12
ENSG00000241322,0.13077652,0.0,12
ENSG00000119471,2.3459117,2.8231623,12
ENSG00000108821_2,0.30362222,0.96510756,12
ENSG00000121075,1.0832523,1.1968668,12
ENSG00000108797,0.60109556,1.2510052,12
ENSG00000167711,0.23050265,0.0,12
